Modulus (Segment 0.001 mm/mm - 0.008 mm/mm) : Modulus (Segment 0.001 mm/mm - 0.008 mm/mm),"7,421.38278",MPa
Poisson's ratio (Least squares fit) : Poisson's ratio (Least squares fit),"-0.65891"
Specimen properties : Gauge length,"15.76000",mm
Specimen properties : Gauge length transverse,"4.82500",mm
Specimen properties : Thickness,"1.58000",mm
Specimen properties : Width,"15.15000",mm

Time,Extension,Load,Video axial strain,Video transverse strain,Calculated Stress
(s),(mm),(N),(mm/mm),(mm/mm),(MPa)
"0.00000","0.00000","80.81532","-0.00001","-0.00008","3.37617"
"0.10000","0.00149","81.33790","0.00001","-0.00003","3.39800"
"0.20000","0.00575","80.98747","0.00000","-0.00005","3.38336"
"0.30000","0.00987","81.12453","-0.00005","-0.00004","3.38909"
"0.40000","0.01330","81.60756","-0.00002","-0.00002","3.40926"
"0.50000","0.01659","81.20632","0.00001","-0.00002","3.39250"
"0.60000","0.02010","81.72571","0.00001","-0.00003","3.41420"
"0.70000","0.02354","81.94201","-0.00001","0.00001","3.42324"
"0.80000","0.02668","81.32114","-0.00003","-0.00005","3.39730"
"0.90000","0.03012","81.12943","-0.00001","-0.00001","3.38929"
"1.00000","0.03348","81.53920","-0.00002","-0.00001","3.40641"
"1.10000","0.03662","81.40542","0.00001","-0.00001","3.40082"
"1.20000","0.04006","81.20823","0.00001","-0.00004","3.39258"
"1.30000","0.04342","81.66445","-0.00003","0.00003","3.41164"
"1.40000","0.04671","81.47167","0.00001","-0.00005","3.40359"
"1.50000","0.05007","81.18182","0.00000","-0.00005","3.39148"
"1.60000","0.05351","81.46864","-0.00001","-0.00006","3.40346"
"1.70000","0.05665","81.16795","0.00004","-0.00004","3.39090"
"1.80000","0.05994","81.07220","0.00001","-0.00005","3.38690"
"1.90000","0.06345","81.54430","0.00001","-0.00001","3.40662"
"2.00000","0.06681","81.38622","0.00002","-0.00006","3.40002"
"2.10000","0.07003","81.30340","0.00000","0.00001","3.39656"
"2.20000","0.07347","82.12435","-0.00001","-0.00004","3.43085"
"2.30000","0.07690","81.00899","0.00004","-0.00004","3.38426"
"2.40000","0.07997","81.05632","0.00001","0.00000","3.38624"
"2.50000","0.08333","82.06457","0.00005","-0.00001","3.42836"
"2.60000","0.08677","81.25381","-0.00002","-0.00001","3.39449"
"2.70000","0.08998","81.93946","-0.00002","-0.00004","3.42313"
"2.80000","0.09342","81.01340","0.00001","-0.00004","3.38444"
"2.90000","0.09686","81.72468","0.00004","-0.00005","3.41416"
"3.00000","0.10007","81.23798","0.00001","-0.00001","3.39382"
"3.10000","0.10336","81.39459","0.00001","-0.00004","3.40037"
"3.20000","0.10672","81.31982","-0.00002","-0.00003","3.39724"
"3.30000","0.11009","81.61520","-0.00001","-0.00004","3.40958"
"3.40000","0.11330","81.51323","0.00001","-0.00004","3.40532"
"3.50000","0.11674","81.34696","0.00003","-0.00006","3.39838"
"3.60000","0.12018","81.54842","0.00000","-0.00003","3.40679"
"3.70000","0.12339","81.45453","0.00000","-0.00002","3.40287"
"3.80000","0.12668","81.15325","0.00001","0.00001","3.39029"
"3.90000","0.13012","81.92799","0.00004","-0.00001","3.42265"
"4.00000","0.13326","81.19662","-0.00001","0.00001","3.39210"
"4.10000","0.13677","81.33329","0.00001","-0.00006","3.39781"
"4.20000","0.14013","81.25694","0.00000","-0.00007","3.39462"
"4.30000","0.14342","81.09068","0.00001","0.00000","3.38767"
"4.40000","0.14678","80.72604","0.00004","-0.00002","3.37244"
"4.50000","0.15000","81.17001","0.00001","-0.00004","3.39099"
"4.60000","0.15336","81.17467","0.00001","0.00000","3.39118"
"4.70000","0.15657","81.32742","0.00002","-0.00007","3.39756"
"4.80000","0.16001","81.28106","0.00004","-0.00006","3.39562"
"4.90000","0.16352","81.20338","0.00000","-0.00006","3.39238"
"5.00000","0.16666","81.80965","0.00005","-0.00007","3.41771"
"5.10000","0.17010","81.39528","-0.00001","-0.00009","3.40040"
"5.20000","0.17354","81.52308","0.00000","-0.00001","3.40574"
"5.30000","0.17660","80.37347","0.00001","-0.00005","3.35771"
"5.40000","0.18004","81.68303","0.00003","-0.00003","3.41242"
"5.50000","0.18340","80.74947","0.00002","-0.00001","3.37342"
"5.60000","0.18669","81.72678","0.00002","-0.00010","3.41425"
"5.70000","0.19013","81.48834","0.00003","-0.00003","3.40428"
"5.80000","0.19349","81.66602","0.00003","-0.00003","3.41171"
"5.90000","0.19678","81.87649","0.00002","0.00000","3.42050"
"6.00000","0.20000","81.22269","0.00001","-0.00002","3.39319"
"6.10000","0.20328","81.61163","0.00002","-0.00007","3.40943"
"6.20000","0.20680","81.51450","0.00001","-0.00002","3.40538"
"6.30000","0.20994","81.91995","-0.00002","-0.00006","3.42231"
"6.40000","0.21345","81.47211","0.00001","-0.00002","3.40361"
"6.50000","0.21689","81.69479","0.00000","0.00001","3.41291"
"6.60000","0.21995","80.88682","-0.00001","0.00003","3.37915"
"6.70000","0.22346","81.32932","0.00001","0.00002","3.39764"
"6.80000","0.22675","81.30305","0.00000","0.00004","3.39654"
"6.90000","0.22997","81.46325","-0.00003","0.00002","3.40324"
"7.00000","0.23340","81.24709","0.00001","-0.00002","3.39421"
"7.10000","0.23677","81.50054","0.00000","-0.00002","3.40479"
"7.20000","0.24013","81.01158","-0.00003","0.00006","3.38437"
"7.30000","0.24342","81.39106","-0.00001","0.00006","3.40022"
"7.40000","0.24671","81.49197","0.00000","0.00004","3.40444"
"7.50000","0.25014","81.40248","-0.00003","-0.00001","3.40070"
"7.60000","0.25328","81.52283","0.00001","-0.00001","3.40572"
"7.70000","0.25680","81.71272","-0.00001","0.00000","3.41366"
"7.80000","0.26023","81.11205","-0.00001","-0.00003","3.38856"
"7.90000","0.26330","82.02345","0.00000","-0.00008","3.42664"
"8.00000","0.26681","81.15551","-0.00001","0.00000","3.39038"
"8.10000","0.27017","81.78074","0.00002","-0.00001","3.41650"
"8.20000","0.27331","81.49505","0.00003","-0.00002","3.40456"
"8.30000","0.27675","81.15321","0.00001","-0.00002","3.39028"
"8.40000","0.28004","81.57081","0.00002","-0.00001","3.40773"
"8.50000","0.28340","81.54381","-0.00001","-0.00003","3.40660"
"8.60000","0.28677","81.26135","0.00002","0.00001","3.39480"
"8.70000","0.29013","81.59482","-0.00001","0.00001","3.40873"
"8.80000","0.29342","81.75677","0.00000","-0.00001","3.41550"
"8.90000","0.29656","80.68890","-0.00001","0.00006","3.37089"
"9.00000","0.30007","81.20284","0.00002","-0.00004","3.39236"
"9.10000","0.30351","81.56067","0.00000","0.00003","3.40731"
"9.20000","0.30665","81.03138","0.00001","0.00002","3.38519"
"9.30000","0.31016","81.23381","-0.00003","0.00002","3.39365"
"9.40000","0.31352","81.83646","-0.00002","0.00005","3.41883"
"9.50000","0.31666","81.00046","-0.00001","0.00002","3.38390"
"9.60000","0.32010","81.81533","-0.00003","0.00005","3.41794"
"9.70000","0.32339","81.80108","0.00000","0.00003","3.41735"
"9.80000","0.32667","81.64593","0.00001","-0.00002","3.41087"
"9.90000","0.33004","81.48245","-0.00004","0.00002","3.40404"
"10.00000","0.33348","81.71478","0.00000","-0.00001","3.41374"
"10.10000","0.33676","81.17717","-0.00001","0.00000","3.39128"
"10.20000","0.33998","81.01080","0.00000","0.00007","3.38433"
"10.30000","0.34342","81.24136","-0.00001","-0.00001","3.39397"
"10.40000","0.34678","81.55366","0.00002","-0.00001","3.40701"
"10.50000","0.34999","80.84595","0.00000","0.00000","3.37745"
"10.60000","0.35351","81.89844","0.00000","0.00001","3.42142"
"10.70000","0.35687","80.71198","0.00000","0.00000","3.37185"
"10.80000","0.36001","81.45399","0.00000","0.00000","3.40285"
"10.90000","0.36345","81.20334","0.00002","0.00001","3.39238"
"11.00000","0.36673","81.19912","0.00002","0.00000","3.39220"
"11.10000","0.36995","81.51788","0.00001","0.00002","3.40552"
"11.20000","0.37331","81.29336","0.00002","-0.00002","3.39614"
"11.30000","0.37682","81.39199","-0.00001","0.00001","3.40026"
"11.40000","0.38004","81.63873","0.00001","-0.00004","3.41057"
"11.50000","0.38340","81.82264","0.00002","0.00003","3.41825"
"11.60000","0.38684","81.56659","0.00000","0.00000","3.40755"
"11.70000","0.39005","81.74467","-0.00002","0.00003","3.41499"
"11.80000","0.39334","81.37730","0.00000","-0.00001","3.39964"
"11.90000","0.39670","80.73310","-0.00003","0.00004","3.37273"
"12.00000","0.40007","81.19652","0.00000","0.00000","3.39209"
"12.10000","0.40336","81.46236","0.00001","0.00005","3.40320"
"12.20000","0.40679","81.21544","-0.00001","0.00001","3.39288"
"12.30000","0.41023","81.26718","0.00000","0.00006","3.39504"
"12.40000","0.41337","81.54272","0.00000","0.00001","3.40656"
"12.50000","0.41673","81.59129","0.00002","0.00000","3.40858"
"12.60000","0.42010","81.79446","0.00000","0.00000","3.41707"
"12.70000","0.42331","81.68744","-0.00002","0.00004","3.41260"
"12.80000","0.42667","81.51495","0.00001","-0.00003","3.40540"
"12.90000","0.43011","81.23685","0.00002","-0.00002","3.39378"
"13.00000","0.43340","81.63485","0.00001","0.00004","3.41040"
"13.10000","0.43676","81.33025","-0.00001","0.00003","3.39768"
"13.20000","0.43998","81.56610","0.00001","0.00003","3.40753"
"13.30000","0.44341","81.25650","0.00001","-0.00001","3.39460"
"13.40000","0.44663","80.99085","0.00000","-0.00001","3.38350"
"13.50000","0.45007","81.16114","-0.00001","0.00001","3.39061"
"13.60000","0.45358","81.24832","-0.00001","0.00003","3.39426"
"13.70000","0.45664","81.41331","0.00002","0.00001","3.40115"
"13.80000","0.46008","81.29565","0.00002","0.00001","3.39623"
"13.90000","0.46344","81.43022","0.00003","0.00000","3.40186"
"14.00000","0.46666","81.16315","0.00000","0.00002","3.39070"
"14.10000","0.47010","81.25547","0.00000","0.00001","3.39456"
"14.20000","0.47346","81.81004","0.00000","0.00003","3.41772"
"14.30000","0.47675","81.94303","0.00003","-0.00001","3.42328"
"14.40000","0.48011","81.47270","0.00003","-0.00008","3.40363"
"14.50000","0.48340","81.68131","0.00004","-0.00004","3.41235"
"14.60000","0.48676","81.68631","-0.00002","0.00000","3.41255"
"14.70000","0.48998","81.31815","0.00001","0.00001","3.39717"
"14.80000","0.49334","81.13742","0.00003","0.00002","3.38962"
"14.90000","0.49685","81.67989","0.00004","-0.00006","3.41229"
"15.00000","0.49999","80.82836","0.00002","0.00003","3.37671"
"15.10000","0.50343","81.64260","0.00000","-0.00001","3.41073"
"15.20000","0.50687","81.42370","-0.00001","-0.00002","3.40158"
"15.30000","0.50993","81.92966","0.00002","-0.00002","3.42272"
"15.40000","0.51344","81.18344","0.00001","-0.00004","3.39155"
"15.50000","0.51673","82.05325","0.00002","-0.00001","3.42788"
"15.60000","0.52002","81.65196","0.00004","-0.00003","3.41112"
"15.70000","0.52338","81.72438","0.00001","-0.00003","3.41414"
"15.80000","0.52675","81.78074","0.00000","0.00001","3.41650"
"15.90000","0.53018","80.83194","-0.00001","0.00001","3.37686"
"16.00000","0.53332","81.55331","-0.00001","0.00002","3.40700"
"16.10000","0.53669","81.27071","0.00006","-0.00010","3.39519"
"16.20000","0.54012","81.09739","0.00004","-0.00005","3.38795"
"16.30000","0.54326","81.04001","-0.00003","0.00002","3.38555"
"16.40000","0.54685","82.16458","0.00001","-0.00001","3.43253"
"16.50000","0.55021","82.11415","0.00000","0.00000","3.43043"
"16.60000","0.55328","81.88894","0.00004","-0.00008","3.42102"
"16.70000","0.55679","81.94833","0.00005","-0.00004","3.42350"
"16.80000","0.56008","80.76029","0.00003","0.00003","3.37387"
"16.90000","0.56337","81.60310","-0.00001","-0.00002","3.40908"
"17.00000","0.56673","81.24038","0.00004","-0.00004","3.39392"
"17.10000","0.57009","81.65931","0.00004","0.00003","3.41143"
"17.20000","0.57346","81.66117","0.00003","-0.00001","3.41150"
"17.30000","0.57674","81.30673","0.00005","-0.00010","3.39670"
"17.40000","0.58003","81.01418","0.00003","-0.00006","3.38447"
"17.50000","0.58347","81.74565","0.00003","0.00002","3.41503"
"17.60000","0.58654","81.48344","0.00003","-0.00006","3.40408"
"17.70000","0.59012","82.01047","0.00002","-0.00007","3.42610"
"17.80000","0.59349","80.93044","0.00002","-0.00004","3.38098"
"17.90000","0.59662","81.26493","0.00001","-0.00009","3.39495"
"18.00000","0.60021","81.82773","0.00001","0.00002","3.41846"
"18.10000","0.60350","81.53077","-0.00001","0.00004","3.40606"
"18.20000","0.60664","80.86124","0.00003","-0.00001","3.37809"
"18.30000","0.61008","81.31580","0.00001","-0.00001","3.39708"
"18.40000","0.61337","81.30962","0.00005","-0.00001","3.39682"
"18.50000","0.61673","81.58952","0.00004","-0.00008","3.40851"
"18.60000","0.62009","81.76932","0.00001","-0.00004","3.41602"
"18.70000","0.62353","81.42017","0.00005","-0.00008","3.40144"
"18.80000","0.62682","81.56062","0.00003","-0.00002","3.40730"
"18.90000","0.62996","81.00246","0.00000","-0.00001","3.38399"
"19.00000","0.63340","81.64250","0.00005","-0.00005","3.41072"
"19.10000","0.63676","82.00993","0.00001","-0.00006","3.42607"
"19.20000","0.63990","81.02618","0.00003","-0.00009","3.38498"
"19.30000","0.64356","82.03947","0.00003","-0.00006","3.42731"
"19.40000","0.64685","81.27914","0.00004","-0.00006","3.39554"
"19.50000","0.64999","81.81768","0.00003","0.00000","3.41804"
"19.60000","0.65335","80.65263","0.00005","-0.00004","3.36937"
"19.70000","0.65664","81.19348","0.00000","-0.00002","3.39197"
"19.80000","0.66000","81.30075","0.00000","-0.00002","3.39645"
"19.90000","0.66336","80.49597","0.00003","0.00000","3.36283"
"20.00000","0.66680","81.29723","0.00000","-0.00002","3.39630"
"20.10000","0.67009","81.35926","0.00003","-0.00004","3.39889"
"20.20000","0.67330","81.26900","0.00001","-0.00001","3.39512"
"20.30000","0.67674","81.43684","0.00001","0.00002","3.40213"
"20.40000","0.68011","81.54258","0.00001","-0.00002","3.40655"
"20.50000","0.68332","81.54464","0.00002","-0.00001","3.40664"
"20.60000","0.68676","81.30967","0.00003","-0.00009","3.39682"
"20.70000","0.69020","81.80734","0.00000","-0.00004","3.41761"
"20.80000","0.69341","80.97953","0.00002","0.00002","3.38303"
"20.90000","0.69677","81.70586","-0.00001","-0.00005","3.41337"
"21.00000","0.70014","80.83821","0.00003","-0.00007","3.37712"
"21.10000","0.70335","80.81694","0.00001","-0.00004","3.37624"
"21.20000","0.70671","81.51402","0.00004","-0.00003","3.40536"
"21.30000","0.71015","81.76280","0.00004","-0.00004","3.41575"
"21.40000","0.71336","81.37617","0.00002","-0.00007","3.39960"
"21.50000","0.71673","81.93461","0.00000","-0.00004","3.42293"
"21.60000","0.72016","82.07486","0.00001","0.00001","3.42879"
"21.70000","0.72338","81.68410","0.00003","0.00006","3.41246"
"21.80000","0.72667","81.78040","0.00004","0.00000","3.41648"
"21.90000","0.72996","82.05187","0.00000","-0.00002","3.42783"
"22.00000","0.73339","81.62912","0.00002","-0.00007","3.41017"
"22.10000","0.73668","81.77084","0.00001","-0.00002","3.41609"
"22.20000","0.74004","81.18466","0.00002","0.00002","3.39160"
"22.30000","0.74356","81.60296","0.00003","-0.00001","3.40907"
"22.40000","0.74662","81.70203","0.00005","-0.00002","3.41321"
"22.50000","0.74998","81.34309","0.00002","-0.00006","3.39822"
"22.60000","0.75342","81.27448","0.00002","-0.00001","3.39535"
"22.70000","0.75664","81.01036","0.00004","-0.00002","3.38432"
"22.80000","0.76007","81.30987","0.00005","-0.00004","3.39683"
"22.90000","0.76351","80.86820","0.00002","-0.00003","3.37838"
"23.00000","0.76680","81.87772","0.00003","-0.00004","3.42055"
"23.10000","0.77009","81.54739","0.00003","-0.00002","3.40675"
"23.20000","0.77338","81.43512","0.00001","0.00001","3.40206"
"23.30000","0.77674","81.84792","0.00004","-0.00001","3.41931"
"23.40000","0.77995","81.23641","0.00002","-0.00007","3.39376"
"23.50000","0.78332","81.60873","0.00003","-0.00002","3.40931"
"23.60000","0.78690","81.43938","0.00003","0.00000","3.40224"
"23.70000","0.78997","80.64019","0.00000","-0.00007","3.36885"
"23.80000","0.79341","81.50343","0.00002","-0.00001","3.40491"
"23.90000","0.79684","81.72051","-0.00001","-0.00001","3.41398"
"24.00000","0.79998","81.31516","0.00004","-0.00001","3.39705"
"24.10000","0.80335","81.56233","-0.00002","0.00000","3.40737"
"24.20000","0.80678","81.48113","0.00005","-0.00001","3.40398"
"24.30000","0.81007","80.99400","0.00004","-0.00004","3.38363"
"24.40000","0.81344","82.03027","0.00002","-0.00002","3.42692"
"24.50000","0.81680","82.12175","0.00003","-0.00004","3.43075"
"24.60000","0.82009","81.32677","0.00004","0.00001","3.39753"
"24.70000","0.82330","81.39018","0.00000","-0.00003","3.40018"
"24.80000","0.82666","81.29296","0.00002","-0.00003","3.39612"
"24.90000","0.83018","82.02218","0.00002","-0.00006","3.42659"
"25.00000","0.83332","81.40694","0.00001","0.00003","3.40088"
"25.10000","0.83683","81.10117","0.00000","-0.00001","3.38811"
"25.20000","0.84027","81.34500","0.00000","0.00009","3.39830"
"25.30000","0.84326","82.24995","0.00003","-0.00002","3.43610"
"25.40000","0.84677","81.24944","0.00000","0.00003","3.39430"
"25.50000","0.85006","81.61187","0.00001","0.00002","3.40944"
"25.60000","0.85342","81.96871","-0.00003","-0.00006","3.42435"
"25.70000","0.85671","81.44036","-0.00002","0.00000","3.40228"
"25.80000","0.86007","80.72952","0.00002","-0.00005","3.37258"
"25.90000","0.86351","82.11950","-0.00004","0.00003","3.43065"
"26.00000","0.86665","81.74203","0.00002","0.00003","3.41488"
"26.10000","0.87001","81.79010","-0.00001","0.00004","3.41689"
"26.20000","0.87345","81.66191","0.00000","0.00004","3.41153"
"26.30000","0.87659","81.16712","-0.00003","0.00002","3.39086"
"26.40000","0.88010","81.73414","0.00001","0.00000","3.41455"
"26.50000","0.88354","81.28194","0.00005","-0.00004","3.39566"
"26.60000","0.88668","81.46187","0.00001","-0.00002","3.40318"
"26.70000","0.89019","81.50172","0.00001","0.00006","3.40484"
"26.80000","0.89340","82.00424","-0.00001","0.00001","3.42584"
"26.90000","0.89669","81.68219","0.00002","-0.00004","3.41238"
"27.00000","0.90006","81.54106","0.00002","-0.00003","3.40649"
"27.10000","0.90342","81.36044","0.00001","0.00004","3.39894"
"27.20000","0.90678","81.98136","0.00001","0.00002","3.42488"
"27.30000","0.91000","80.94063","0.00001","-0.00002","3.38140"
"27.40000","0.91351","80.96351","0.00001","0.00000","3.38236"
"27.50000","0.91680","81.98523","0.00000","-0.00002","3.42504"
"27.60000","0.91994","81.10954","0.00001","0.00002","3.38846"
"27.70000","0.92345","81.32800","0.00002","0.00001","3.39759"
"27.80000","0.92681","81.66157","0.00000","0.00002","3.41152"
"27.90000","0.92995","81.71851","-0.00001","-0.00002","3.41390"
"28.00000","0.93354","81.12498","0.00000","0.00005","3.38910"
"28.10000","0.93683","81.19809","0.00002","-0.00003","3.39216"
"28.20000","0.93997","81.70890","0.00002","-0.00004","3.41350"
"28.30000","0.94333","81.54381","-0.00003","0.00001","3.40660"
"28.40000","0.94669","82.22358","0.00001","0.00000","3.43500"
"28.50000","0.95006","81.49598","0.00000","0.00001","3.40460"
"28.60000","0.95334","82.13449","0.00003","0.00000","3.43128"
"28.70000","0.95678","81.38759","0.00001","-0.00006","3.40007"
"28.80000","0.96014","81.32648","0.00001","0.00000","3.39752"
"28.90000","0.96328","81.85939","-0.00002","-0.00001","3.41978"
"29.00000","0.96672","81.79765","-0.00001","0.00002","3.41721"
"29.10000","0.97008","81.76427","0.00002","-0.00012","3.41581"
"29.20000","0.97330","81.14517","0.00003","0.00002","3.38995"
"29.30000","0.97689","80.90197","-0.00001","0.00006","3.37979"
"29.40000","0.98017","81.21455","0.00002","-0.00002","3.39285"
"29.50000","0.98339","81.31143","-0.00001","-0.00001","3.39689"
"29.60000","0.98675","81.53067","0.00003","-0.00003","3.40605"
"29.70000","0.99004","80.96993","0.00000","0.00001","3.38263"
"29.80000","0.99333","81.07858","0.00000","-0.00003","3.38717"
"29.90000","0.99669","81.90457","-0.00001","0.00002","3.42167"
"30.00000","1.00013","81.39465","-0.00003","-0.00001","3.40037"
"30.10000","1.00349","82.02885","0.00003","-0.00004","3.42686"
"30.20000","1.00671","81.53783","0.00002","-0.00004","3.40635"
"30.30000","1.01014","81.51705","0.00004","-0.00001","3.40548"
"30.40000","1.01336","80.73447","0.00000","-0.00001","3.37279"
"30.50000","1.01657","81.62971","0.00001","-0.00001","3.41019"
"30.60000","1.02001","81.93289","-0.00001","0.00003","3.42286"
"30.70000","1.02345","81.49422","0.00002","-0.00002","3.40453"
"30.80000","1.02674","81.59771","0.00004","-0.00007","3.40885"
"30.90000","1.03010","81.26444","0.00003","-0.00005","3.39493"
"31.00000","1.03346","82.07667","0.00001","0.00003","3.42886"
"31.10000","1.03668","82.27126","0.00001","-0.00005","3.43699"
"31.20000","1.03996","81.76128","0.00003","0.00003","3.41569"
"31.30000","1.04340","81.52793","0.00002","-0.00002","3.40594"
"31.40000","1.04676","82.09465","0.00003","0.00000","3.42961"
"31.50000","1.04998","81.98753","-0.00001","0.00000","3.42514"
"31.60000","1.05349","81.14649","0.00002","0.00002","3.39000"
"31.70000","1.05685","81.09239","0.00005","-0.00011","3.38774"
"31.80000","1.05999","81.63245","0.00003","-0.00003","3.41030"
"31.90000","1.06343","81.18094","-0.00001","0.00009","3.39144"
"32.00000","1.06679","81.71880","0.00001","-0.00005","3.41391"
"32.10000","1.07001","81.69327","-0.00001","0.00003","3.41284"
"32.20000","1.07337","81.66396","0.00003","-0.00004","3.41162"
"32.30000","1.07688","81.53293","0.00003","-0.00004","3.40615"
"32.40000","1.08002","81.42268","0.00001","-0.00004","3.40154"
"32.50000","1.08331","81.59634","0.00001","-0.00001","3.40880"
"32.60000","1.08675","82.23367","0.00001","0.00003","3.43542"
"32.70000","1.08996","81.94784","0.00000","0.00002","3.42348"
"32.80000","1.09333","82.01134","0.00004","-0.00003","3.42613"
"32.90000","1.09676","81.16830","0.00003","-0.00003","3.39091"
"33.00000","1.10013","81.84018","-0.00001","0.00003","3.41898"
"33.10000","1.10334","81.49976","0.00004","-0.00010","3.40476"
"33.20000","1.10670","81.35691","-0.00001","0.00003","3.39879"
"33.30000","1.11007","82.57836","0.00001","0.00001","3.44982"
"33.40000","1.11328","81.87135","0.00000","0.00003","3.42028"
"33.50000","1.11672","81.21886","0.00002","0.00003","3.39303"
"33.60000","1.12023","81.10469","0.00001","0.00005","3.38826"
"33.70000","1.12337","81.51411","-0.00002","-0.00006","3.40536"
"33.80000","1.12681","81.98685","0.00002","0.00000","3.42511"
"33.90000","1.13025","82.06447","0.00000","-0.00004","3.42835"
"34.00000","1.13324","81.60159","0.00005","-0.00009","3.40901"
"34.10000","1.13667","81.38278","0.00003","0.00001","3.39987"
"34.20000","1.14011","81.32227","0.00001","-0.00005","3.39735"
"34.30000","1.14340","81.51857","0.00001","-0.00003","3.40555"
"34.40000","1.14676","81.34118","0.00003","-0.00001","3.39814"
"34.50000","1.15013","81.84523","0.00003","-0.00001","3.41919"
"34.60000","1.15356","81.68121","0.00004","-0.00002","3.41234"
"34.70000","1.15663","81.52998","0.00000","-0.00007","3.40602"
"34.80000","1.15999","81.33697","0.00000","-0.00004","3.39796"
"34.90000","1.16343","81.49289","0.00002","-0.00003","3.40447"
"35.00000","1.16657","81.13596","0.00004","-0.00008","3.38956"
"35.10000","1.17008","82.05300","0.00004","-0.00007","3.42787"
"35.20000","1.17352","81.56963","0.00003","-0.00004","3.40768"
"35.30000","1.17666","81.70184","0.00000","0.00002","3.41320"
"35.40000","1.18010","82.41768","0.00003","-0.00005","3.44311"
"35.50000","1.18338","81.54881","0.00001","-0.00006","3.40681"
"35.60000","1.18667","80.97542","0.00002","-0.00004","3.38286"
"35.70000","1.19004","81.38553","0.00005","-0.00007","3.39999"
"35.80000","1.19340","81.64020","0.00002","-0.00001","3.41063"
"35.90000","1.19684","81.57752","0.00005","-0.00002","3.40801"
"36.00000","1.20005","81.88506","0.00005","0.00000","3.42086"
"36.10000","1.20341","81.52818","0.00004","-0.00002","3.40595"
"36.20000","1.20678","81.60149","0.00002","-0.00006","3.40901"
"36.30000","1.20992","81.27840","0.00002","-0.00001","3.39551"
"36.40000","1.21343","81.39533","0.00001","0.00003","3.40040"
"36.50000","1.21687","81.96577","0.00002","0.00000","3.42423"
"36.60000","1.22001","81.30653","0.00004","-0.00002","3.39669"
"36.70000","1.22352","81.97092","0.00002","-0.00003","3.42444"
"36.80000","1.22673","81.60124","0.00000","-0.00004","3.40900"
"36.90000","1.22994","81.65867","-0.00002","-0.00005","3.41140"
"37.00000","1.23338","81.80147","0.00002","-0.00002","3.41737"
"37.10000","1.23675","81.48995","-0.00002","0.00000","3.40435"
"37.20000","1.24011","81.51127","0.00003","0.00003","3.40524"
"37.30000","1.24340","81.31452","0.00000","-0.00004","3.39702"
"37.40000","1.24676","81.88158","0.00003","0.00001","3.42071"
"37.50000","1.25012","81.30070","-0.00002","0.00002","3.39644"
"37.60000","1.25319","81.58556","0.00000","0.00000","3.40834"
"37.70000","1.25670","82.14223","0.00002","-0.00004","3.43160"
"37.80000","1.26014","82.09691","-0.00001","0.00002","3.42971"
"37.90000","1.26328","80.92279","0.00001","0.00000","3.38066"
"38.00000","1.26679","81.71743","0.00002","-0.00008","3.41385"
"38.10000","1.27015","81.49353","0.00001","0.00004","3.40450"
"38.20000","1.27337","81.72360","0.00001","-0.00001","3.41411"
"38.30000","1.27673","81.77197","0.00003","-0.00005","3.41613"
"38.40000","1.28002","81.03947","0.00002","0.00002","3.38553"
"38.50000","1.28338","81.49671","0.00003","-0.00004","3.40463"
"38.60000","1.28667","80.89265","0.00003","0.00002","3.37940"
"38.70000","1.29011","81.69988","0.00000","0.00008","3.41312"
"38.80000","1.29347","81.37524","0.00005","-0.00003","3.39956"
"38.90000","1.29661","81.97974","0.00003","0.00002","3.42481"
"39.00000","1.30005","81.09126","0.00000","-0.00004","3.38770"
"39.10000","1.30341","81.47506","-0.00001","-0.00003","3.40373"
"39.20000","1.30663","81.45605","0.00003","-0.00008","3.40293"
"39.30000","1.31006","81.74992","0.00002","0.00000","3.41521"
"39.40000","1.31350","82.26278","0.00002","0.00000","3.43664"
"39.50000","1.31671","80.97092","0.00003","-0.00007","3.38267"
"39.60000","1.32008","81.10557","-0.00001","0.00002","3.38829"
"39.70000","1.32344","81.69165","0.00000","0.00002","3.41278"
"39.80000","1.32673","82.58199","0.00002","0.00001","3.44997"
"39.90000","1.32994","81.88786","0.00003","-0.00001","3.42097"
"40.00000","1.33338","82.16066","0.00002","0.00002","3.43237"
"40.10000","1.33682","81.43253","0.00001","0.00004","3.40195"
"40.20000","1.34003","81.66901","0.00001","0.00000","3.41183"
"40.30000","1.34347","82.37970","0.00004","-0.00001","3.44152"
"40.40000","1.34683","82.51730","-0.00002","0.00002","3.44727"
"40.50000","1.34997","81.75780","0.00004","0.00000","3.41554"
"40.60000","1.35341","81.38298","-0.00002","0.00003","3.39988"
"40.70000","1.35677","82.00669","0.00002","-0.00001","3.42594"
"40.80000","1.36006","81.82465","0.00005","-0.00008","3.41833"
"40.90000","1.36343","81.72492","0.00004","0.00001","3.41417"
"41.00000","1.36686","81.78216","0.00003","-0.00002","3.41656"
"41.10000","1.37000","81.48770","0.00003","-0.00002","3.40426"
"41.20000","1.37329","82.07569","0.00002","-0.00007","3.42882"
"41.30000","1.37673","81.54155","0.00001","-0.00005","3.40651"
"41.40000","1.38002","81.38361","0.00003","0.00004","3.39991"
"41.50000","1.38331","82.08039","0.00002","-0.00005","3.42902"
"41.60000","1.38682","82.64104","0.00004","-0.00009","3.45244"
"41.70000","1.39018","81.82406","0.00005","-0.00007","3.41831"
"41.80000","1.39332","81.85508","0.00005","-0.00003","3.41960"
"41.90000","1.39676","81.59923","0.00006","-0.00008","3.40892"
"42.00000","1.40012","81.17570","0.00004","-0.00008","3.39122"
"42.10000","1.40326","81.97097","0.00003","0.00005","3.42445"
"42.20000","1.40677","82.19868","0.00005","0.00000","3.43396"
"42.30000","1.41021","81.62133","0.00004","-0.00004","3.40984"
"42.40000","1.41342","81.87032","0.00001","-0.00005","3.42024"
"42.50000","1.41671","81.78907","0.00002","-0.00006","3.41685"
"42.60000","1.42015","81.76044","0.00002","0.00002","3.41565"
"42.70000","1.42336","82.05604","0.00001","-0.00004","3.42800"
"42.80000","1.42665","81.59036","0.00001","0.00005","3.40855"
"42.90000","1.43009","82.15811","0.00001","-0.00001","3.43226"
"43.00000","1.43353","81.84430","0.00004","-0.00004","3.41915"
"43.10000","1.43674","81.52573","0.00001","0.00003","3.40585"
"43.20000","1.44011","82.22408","0.00004","-0.00004","3.43502"
"43.30000","1.44354","81.92314","0.00002","-0.00004","3.42245"
"43.40000","1.44661","81.41591","0.00005","-0.00007","3.40126"
"43.50000","1.44997","81.68307","0.00002","-0.00002","3.41242"
"43.60000","1.45348","81.86973","-0.00003","0.00004","3.42022"
"43.70000","1.45670","81.11851","0.00003","-0.00005","3.38883"
"43.80000","1.46013","81.60903","0.00002","0.00002","3.40933"
"43.90000","1.46350","81.92339","0.00006","-0.00001","3.42246"
"44.00000","1.46664","81.70243","0.00002","-0.00004","3.41323"
"44.10000","1.47007","81.48530","0.00000","-0.00005","3.40416"
"44.20000","1.47344","82.31115","0.00003","-0.00005","3.43866"
"44.30000","1.47673","81.96367","0.00003","-0.00001","3.42414"
"44.40000","1.48001","82.20975","0.00004","-0.00004","3.43442"
"44.50000","1.48345","81.25043","0.00003","0.00000","3.39434"
"44.60000","1.48689","81.64245","0.00000","0.00001","3.41072"
"44.70000","1.48995","82.37534","0.00003","-0.00006","3.44134"
"44.80000","1.49339","82.09441","0.00003","-0.00001","3.42960"
"44.90000","1.49683","81.17378","0.00006","0.00001","3.39114"
"45.00000","1.49997","81.63367","0.00005","0.00001","3.41036"
"45.10000","1.50348","80.65749","-0.00001","-0.00003","3.36957"
"45.20000","1.50685","81.95196","-0.00001","0.00004","3.42365"
"45.30000","1.50998","81.69788","0.00002","0.00001","3.41304"
"45.40000","1.51342","81.77354","0.00002","-0.00002","3.41620"
"45.50000","1.51671","81.41601","0.00001","-0.00004","3.40126"
"45.60000","1.52000","81.32256","0.00002","0.00000","3.39736"
"45.70000","1.52336","81.66445","0.00002","-0.00003","3.41164"
"45.80000","1.52673","81.89742","0.00002","-0.00005","3.42137"
"45.90000","1.53016","81.41836","0.00003","-0.00003","3.40136"
"46.00000","1.53338","81.52220","0.00004","-0.00008","3.40570"
"46.10000","1.53674","81.45448","0.00004","-0.00003","3.40287"
"46.20000","1.54010","81.70228","0.00002","-0.00004","3.41322"
"46.30000","1.54324","81.90765","0.00001","-0.00004","3.42180"
"46.40000","1.54675","81.78701","0.00003","-0.00005","3.41676"
"46.50000","1.55012","82.21246","0.00003","0.00005","3.43453"
"46.60000","1.55341","81.12949","0.00003","0.00002","3.38929"
"46.70000","1.55684","81.94519","0.00004","0.00005","3.42337"
"46.80000","1.56013","82.41087","0.00004","0.00001","3.44282"
"46.90000","1.56342","81.62853","0.00003","-0.00002","3.41014"
"47.00000","1.56671","81.80602","0.00001","0.00004","3.41756"
"47.10000","1.57000","81.49221","0.00000","-0.00005","3.40445"
"47.20000","1.57344","80.88163","0.00001","-0.00003","3.37894"
"47.30000","1.57665","82.36128","0.00002","0.00002","3.44075"
"47.40000","1.58009","82.06662","0.00001","0.00002","3.42844"
"47.50000","1.58353","81.34559","0.00002","-0.00002","3.39832"
"47.60000","1.58659","81.63985","0.00001","-0.00002","3.41061"
"47.70000","1.59003","81.42311","0.00001","-0.00006","3.40156"
"47.80000","1.59347","81.35133","0.00004","-0.00004","3.39856"
"47.90000","1.59660","82.38515","0.00000","0.00006","3.44175"
"48.00000","1.60012","82.01664","0.00004","-0.00005","3.42635"
"48.10000","1.60348","81.89330","0.00000","-0.00001","3.42120"
"48.20000","1.60677","81.89869","0.00000","-0.00004","3.42143"
"48.30000","1.61006","81.33275","0.00007","-0.00008","3.39778"
"48.40000","1.61335","81.40503","0.00003","0.00003","3.40080"
"48.50000","1.61671","82.31320","0.00001","0.00004","3.43874"
"48.60000","1.61992","81.57948","0.00004","0.00002","3.40809"
"48.70000","1.62343","82.32320","0.00003","-0.00006","3.43916"
"48.80000","1.62687","81.73394","0.00005","-0.00003","3.41454"
"48.90000","1.63001","81.32702","0.00005","0.00004","3.39754"
"49.00000","1.63345","81.97283","-0.00004","0.00007","3.42452"
"49.10000","1.63681","81.97068","0.00004","0.00006","3.42443"
"49.20000","1.63995","82.08264","0.00003","0.00004","3.42911"
"49.30000","1.64346","82.33805","0.00003","-0.00005","3.43978"
"49.40000","1.64683","81.73600","0.00000","-0.00003","3.41463"
"49.50000","1.65012","82.57650","0.00005","0.00002","3.44974"
"49.60000","1.65340","81.44350","0.00002","0.00004","3.40241"
"49.70000","1.65677","81.85561","-0.00001","-0.00001","3.41963"
"49.80000","1.66006","81.15418","0.00003","-0.00010","3.39032"
"49.90000","1.66327","81.77025","0.00004","-0.00003","3.41606"
"50.00000","1.66678","81.87301","0.00004","0.00000","3.42035"
"50.10000","1.67015","82.28782","0.00003","-0.00004","3.43768"
"50.20000","1.67328","81.87276","0.00000","-0.00002","3.42034"
"50.30000","1.67687","82.11768","0.00003","-0.00001","3.43058"
"50.40000","1.68016","82.03737","0.00003","0.00003","3.42722"
"50.50000","1.68330","81.88261","0.00003","-0.00005","3.42076"
"50.60000","1.68674","81.28909","0.00003","0.00001","3.39596"
"50.70000","1.69003","81.61908","0.00001","0.00001","3.40975"
"50.80000","1.69339","82.43185","-0.00001","-0.00001","3.44370"
"50.90000","1.69675","82.34045","0.00000","0.00000","3.43988"
"51.00000","1.70019","82.33889","0.00001","0.00002","3.43982"
"51.10000","1.70340","81.49069","-0.00001","-0.00002","3.40438"
"51.20000","1.70669","82.23524","0.00003","0.00000","3.43549"
"51.30000","1.71013","81.13918","0.00000","0.00004","3.38970"
"51.40000","1.71342","81.83621","0.00001","0.00001","3.41882"
"51.50000","1.71671","81.71600","0.00002","0.00003","3.41379"
"51.60000","1.72014","81.66303","-0.00001","-0.00004","3.41158"
"51.70000","1.72351","81.66048","0.00002","0.00001","3.41148"
"51.80000","1.72665","82.08348","-0.00001","0.00004","3.42915"
"51.90000","1.73001","81.80108","0.00000","-0.00005","3.41735"
"52.00000","1.73337","81.86674","0.00006","0.00004","3.42009"
"52.10000","1.73659","82.13674","0.00002","-0.00004","3.43137"
"52.20000","1.74002","82.15331","0.00002","-0.00004","3.43206"
"52.30000","1.74354","82.22442","0.00004","-0.00005","3.43503"
"52.40000","1.74668","82.41469","-0.00006","-0.00002","3.44298"
"52.50000","1.75004","81.92491","-0.00001","-0.00010","3.42252"
"52.60000","1.75348","81.35578","0.00003","-0.00001","3.39875"
"52.70000","1.75669","81.91010","0.00006","-0.00003","3.42190"
"52.80000","1.75998","81.78294","0.00004","0.00002","3.41659"
"52.90000","1.76342","81.99787","0.00000","-0.00008","3.42557"
"53.00000","1.76678","81.60065","0.00002","-0.00004","3.40898"
"53.10000","1.77007","81.24935","-0.00003","0.00004","3.39430"
"53.20000","1.77351","82.57062","0.00003","-0.00004","3.44950"
"53.30000","1.77679","82.25465","0.00006","-0.00009","3.43630"
"53.40000","1.77993","82.68568","0.00004","-0.00002","3.45430"
"53.50000","1.78337","81.32673","0.00003","-0.00004","3.39753"
"53.60000","1.78688","81.79172","0.00002","-0.00005","3.41696"
"53.70000","1.78995","82.03874","0.00003","-0.00002","3.42728"
"53.80000","1.79346","81.84631","0.00002","-0.00004","3.41924"
"53.90000","1.79690","81.82357","0.00003","-0.00005","3.41829"
"54.00000","1.79996","81.98508","0.00003","-0.00004","3.42504"
"54.10000","1.80340","81.66293","0.00002","-0.00001","3.41158"
"54.20000","1.80669","81.86742","0.00002","-0.00004","3.42012"
"54.30000","1.81005","81.68263","0.00002","0.00002","3.41240"
"54.40000","1.81334","82.25151","0.00003","0.00001","3.43617"
"54.50000","1.81678","81.60197","0.00004","0.00000","3.40903"
"54.60000","1.82022","81.91677","0.00005","-0.00005","3.42218"
"54.70000","1.82328","81.73105","0.00001","0.00002","3.41442"
"54.80000","1.82672","82.13621","0.00003","-0.00002","3.43135"
"54.90000","1.83008","81.55419","0.00002","-0.00003","3.40703"
"55.00000","1.83322","81.59982","0.00002","-0.00002","3.40894"
"55.10000","1.83681","82.34574","0.00003","-0.00001","3.44010"
"55.20000","1.84025","81.58580","0.00002","-0.00002","3.40836"
"55.30000","1.84339","81.37764","0.00002","-0.00006","3.39966"
"55.40000","1.84682","82.16757","0.00005","-0.00001","3.43266"
"55.50000","1.85004","82.00616","0.00003","-0.00002","3.42592"
"55.60000","1.85333","81.71287","0.00002","-0.00005","3.41366"
"55.70000","1.85669","82.22858","0.00003","-0.00001","3.43521"
"55.80000","1.86005","82.01870","0.00003","0.00001","3.42644"
"55.90000","1.86349","81.89193","0.00004","-0.00002","3.42114"
"56.00000","1.86670","81.49877","0.00004","-0.00004","3.40472"
"56.10000","1.87007","82.05883","0.00002","0.00000","3.42812"
"56.20000","1.87350","81.88403","0.00003","0.00000","3.42081"
"56.30000","1.87657","81.62839","-0.00007","-0.00004","3.41013"
"56.40000","1.88008","81.41243","0.00002","-0.00004","3.40111"
"56.50000","1.88344","81.56620","0.00004","0.00001","3.40754"
"56.60000","1.88673","82.46085","0.00006","-0.00007","3.44491"
"56.70000","1.89017","81.61790","0.00003","0.00003","3.40970"
"56.80000","1.89346","81.95455","0.00004","0.00003","3.42376"
"56.90000","1.89667","81.88565","-0.00006","-0.00008","3.42088"
"57.00000","1.90004","82.59140","-0.00002","0.00006","3.45037"
"57.10000","1.90332","81.56821","-0.00002","-0.00004","3.40762"
"57.20000","1.90676","81.32177","0.00002","-0.00008","3.39733"
"57.30000","1.90998","81.94617","0.00004","0.00000","3.42341"
"57.40000","1.91341","81.74227","-0.00004","0.00001","3.41489"
"57.50000","1.91693","82.02237","0.00001","-0.00005","3.42659"
"57.60000","1.91992","81.70787","0.00006","-0.00006","3.41346"
"57.70000","1.92335","81.91908","0.00002","0.00005","3.42228"
"57.80000","1.92679","82.22382","-0.00002","-0.00006","3.43501"
"57.90000","1.93001","81.81411","0.00004","-0.00002","3.41789"
"58.00000","1.93344","81.32653","0.00006","-0.00003","3.39752"
"58.10000","1.93681","82.00164","0.00005","-0.00002","3.42573"
"58.20000","1.94010","81.44036","0.00003","-0.00005","3.40228"
"58.30000","1.94338","81.24709","0.00001","0.00003","3.39421"
"58.40000","1.94667","81.85007","0.00005","-0.00001","3.41940"
"58.50000","1.95004","82.03281","0.00003","-0.00003","3.42703"
"58.60000","1.95325","81.89859","0.00005","0.00001","3.42142"
"58.70000","1.95676","81.93701","0.00004","-0.00004","3.42303"
"58.80000","1.96020","81.84126","0.00002","0.00000","3.41903"
"58.90000","1.96334","81.68288","0.00001","0.00002","3.41241"
"59.00000","1.96678","82.07010","0.00004","-0.00002","3.42859"
"59.10000","1.97014","82.12577","0.00002","-0.00002","3.43091"
"59.20000","1.97328","81.43198","0.00004","-0.00003","3.40193"
"59.30000","1.97672","81.98973","0.00002","-0.00004","3.42523"
"59.40000","1.98008","81.71954","0.00003","0.00000","3.41394"
"59.50000","1.98344","82.05819","0.00005","-0.00002","3.42809"
"59.60000","1.98673","81.90212","0.00002","0.00002","3.42157"
"59.70000","1.99017","81.86591","0.00003","-0.00004","3.42006"
"59.80000","1.99338","82.23333","0.00002","-0.00002","3.43541"
"59.90000","1.99660","82.52661","0.00004","0.00000","3.44766"
"60.00000","2.00003","82.00174","0.00002","-0.00007","3.42573"
"60.10000","2.00347","82.24205","0.00003","-0.00003","3.43577"
"60.20000","2.00669","82.53651","0.00003","0.00002","3.44807"
"60.30000","2.01020","81.98155","0.00002","-0.00001","3.42489"
"60.40000","2.01349","81.83842","0.00003","-0.00001","3.41891"
"60.50000","2.01663","82.13322","0.00000","-0.00003","3.43122"
"60.60000","2.02006","81.58752","0.00001","0.00002","3.40843"
"60.70000","2.02335","82.14012","0.00001","-0.00008","3.43151"
"60.80000","2.02664","81.80740","0.00003","-0.00002","3.41761"
"60.90000","2.03000","81.56488","0.00002","-0.00002","3.40748"
"61.00000","2.03352","82.38612","0.00004","-0.00001","3.44179"
"61.10000","2.03673","81.20162","0.00003","-0.00008","3.39231"
"61.20000","2.03994","82.20339","0.00003","-0.00001","3.43416"
"61.30000","2.04338","81.73056","0.00004","0.00003","3.41440"
"61.40000","2.04667","81.66994","0.00001","-0.00002","3.41187"
"61.50000","2.04996","81.42007","0.00003","-0.00002","3.40143"
"61.60000","2.05347","82.02467","0.00001","-0.00002","3.42669"
"61.70000","2.05683","82.19070","0.00001","0.00003","3.43363"
"61.80000","2.06005","81.52925","0.00004","-0.00011","3.40599"
"61.90000","2.06341","81.57600","0.00001","-0.00004","3.40795"
"62.00000","2.06677","82.72052","0.00002","-0.00006","3.45576"
"62.10000","2.06999","82.05398","0.00004","-0.00003","3.42791"
"62.20000","2.07335","81.58913","0.00004","0.00003","3.40849"
"62.30000","2.07686","81.91045","0.00003","-0.00003","3.42192"
"62.40000","2.08008","81.77108","0.00000","0.00000","3.41610"
"62.50000","2.08344","81.73066","0.00007","-0.00010","3.41441"
"62.60000","2.08688","81.53798","0.00003","0.00002","3.40636"
"62.70000","2.08994","82.53098","0.00002","-0.00004","3.44784"
"62.80000","2.09331","82.01836","0.00004","-0.00006","3.42643"
"62.90000","2.09674","82.15336","-0.00001","0.00004","3.43207"
"63.00000","2.10011","82.16595","0.00003","-0.00001","3.43259"
"63.10000","2.10339","81.72610","0.00000","-0.00003","3.41422"
"63.20000","2.10676","81.82494","0.00004","0.00000","3.41835"
"63.30000","2.11020","82.31841","0.00002","0.00002","3.43896"
"63.40000","2.11326","82.18252","-0.00003","0.00000","3.43328"
"63.50000","2.11670","82.18899","0.00005","-0.00001","3.43355"
"63.60000","2.12014","81.92074","0.00002","0.00006","3.42235"
"63.70000","2.12328","82.16281","-0.00007","-0.00001","3.43246"
"63.80000","2.12679","81.60286","-0.00002","-0.00005","3.40907"
"63.90000","2.13023","81.66965","-0.00007","0.00006","3.41186"
"64.00000","2.13336","82.34167","-0.00004","0.00004","3.43993"
"64.10000","2.13673","82.29042","-0.00007","0.00002","3.43779"
"64.20000","2.14009","81.94632","0.00000","-0.00007","3.42342"
"64.30000","2.14338","79.05812","-0.00001","0.00002","3.30276"
"64.40000","2.14667","70.76257","0.00008","-0.00022","2.95620"
"64.50000","2.15003","74.22377","0.00008","-0.00011","3.10080"
"64.60000","2.15354","75.91741","0.00012","-0.00013","3.17155"
"64.70000","2.15668","72.81708","0.00012","-0.00017","3.04203"
"64.80000","2.16005","74.14257","0.00010","-0.00010","3.09740"
"64.90000","2.16348","74.45433","0.00010","-0.00011","3.11043"
"65.00000","2.16662","74.84684","0.00012","-0.00018","3.12683"
"65.10000","2.17014","73.33838","0.00009","-0.00015","3.06381"
"65.20000","2.17350","74.71963","0.00013","-0.00014","3.12151"
"65.30000","2.17671","75.13713","0.00009","-0.00010","3.13895"
"65.40000","2.18007","74.15854","0.00010","-0.00013","3.09807"
"65.50000","2.18336","74.97890","0.00008","-0.00014","3.13234"
"65.60000","2.18673","73.65533","0.00004","-0.00007","3.07705"
"65.70000","2.19002","74.15649","0.00000","0.00001","3.09799"
"65.80000","2.19330","75.12797","-0.00005","0.00009","3.13857"
"65.90000","2.19682","74.84052","-0.00005","0.00012","3.12656"
"66.00000","2.20003","74.39851","-0.00005","0.00012","3.10810"
"66.10000","2.20347","75.51304","-0.00012","0.00017","3.15466"
"66.20000","2.20691","75.20074","-0.00011","0.00022","3.14161"
"66.30000","2.20990","74.73125","-0.00018","0.00025","3.12200"
"66.40000","2.21348","75.23117","-0.00021","0.00026","3.14288"
"66.50000","2.21685","75.76050","-0.00021","0.00033","3.16500"
"66.60000","2.22006","75.34138","-0.00023","0.00030","3.14749"
"66.70000","2.22350","75.62840","-0.00028","0.00039","3.15948"
"66.80000","2.22679","75.87541","-0.00030","0.00045","3.16980"
"66.90000","2.23007","75.27380","-0.00035","0.00051","3.14466"
"67.00000","2.23336","76.28896","-0.00038","0.00051","3.18707"
"67.10000","2.23665","76.23701","-0.00044","0.00060","3.18490"
"67.20000","2.24009","76.34041","-0.00055","0.00064","3.18922"
"67.30000","2.24330","76.38294","-0.00062","0.00068","3.19100"
"67.40000","2.24682","77.02248","-0.00078","0.00012","3.21772"
"67.50000","2.25018","77.51026","-0.00085","-0.00041","3.23809"
"67.60000","2.25324","77.48257","-0.00097","-0.00095","3.23694"
"67.70000","2.25676","76.81745","-0.00100","-0.00167","3.20915"
"67.80000","2.26012","77.83324","-0.00102","-0.00247","3.25159"
"67.90000","2.26326","77.44357","-0.00099","-0.00309","3.23531"
"68.00000","2.26677","77.90126","-0.00097","-0.00387","3.25443"
"68.10000","2.27013","77.68098","-0.00084","-0.00473","3.24523"
"68.20000","2.27342","77.93159","-0.00091","-0.00582","3.25570"
"68.30000","2.27671","77.81065","-0.00087","-0.00633","3.25064"
"68.40000","2.28015","78.24638","-0.00083","-0.00678","3.26885"
"68.50000","2.28344","78.99481","-0.00081","-0.00745","3.30011"
"68.60000","2.28658","78.89191","-0.00084","-0.00802","3.29581"
"68.70000","2.29016","79.23037","-0.00088","-0.00853","3.30995"
"68.80000","2.29353","79.44593","-0.00079","-0.00902","3.31896"
"68.90000","2.29666","79.21249","-0.00101","-0.00992","3.30921"
"69.00000","2.30018","77.55868","-0.00149","-0.00992","3.24012"
"69.10000","2.30347","74.99581","-0.00164","-0.01002","3.13305"
"69.20000","2.30668","76.30341","-0.00154","-0.00984","3.18768"
"69.30000","2.31004","80.71477","-0.00151","-0.00978","3.37197"
"69.40000","2.31341","78.37453","-0.00153","-0.01011","3.27420"
"69.50000","2.31677","79.53448","-0.00155","-0.00980","3.32266"
"69.60000","2.32006","81.28943","-0.00150","-0.00991","3.39597"
"69.70000","2.32350","85.09164","-0.00148","-0.00973","3.55482"
"69.80000","2.32671","87.46011","-0.00139","-0.00986","3.65376"
"69.90000","2.32992","90.77154","-0.00135","-0.00971","3.79210"
"70.00000","2.33344","93.59682","-0.00136","-0.00990","3.91013"
"70.10000","2.33672","96.86087","-0.00130","-0.00989","4.04649"
"70.20000","2.34001","100.06131","-0.00129","-0.00990","4.18019"
"70.30000","2.34352","102.34325","-0.00125","-0.00992","4.27553"
"70.40000","2.34681","104.93678","-0.00123","-0.00991","4.38387"
"70.50000","2.34995","108.62428","-0.00121","-0.00992","4.53792"
"70.60000","2.35339","111.83261","-0.00121","-0.00999","4.67196"
"70.70000","2.35675","115.13213","-0.00115","-0.00991","4.80980"
"70.80000","2.35997","117.61855","-0.00115","-0.00991","4.91367"
"70.90000","2.36340","120.93318","-0.00114","-0.00982","5.05214"
"71.00000","2.36692","124.54520","-0.00115","-0.00989","5.20304"
"71.10000","2.37006","126.99805","-0.00113","-0.00989","5.30551"
"71.20000","2.37334","129.86832","-0.00109","-0.00981","5.42542"
"71.30000","2.37678","132.93616","-0.00106","-0.00989","5.55358"
"71.40000","2.38000","136.00705","-0.00104","-0.00990","5.68188"
"71.50000","2.38328","138.51561","-0.00105","-0.00995","5.78667"
"71.60000","2.38680","141.85664","-0.00104","-0.00987","5.92625"
"71.70000","2.39016","145.35870","-0.00099","-0.00989","6.07255"
"71.80000","2.39337","147.93985","-0.00103","-0.00988","6.18038"
"71.90000","2.39674","151.60753","-0.00099","-0.00990","6.33361"
"72.00000","2.40018","154.90761","-0.00098","-0.00998","6.47147"
"72.10000","2.40331","158.67899","-0.00097","-0.00988","6.62903"
"72.20000","2.40675","161.97005","-0.00092","-0.00985","6.76651"
"72.30000","2.41019","165.62450","-0.00090","-0.00990","6.91918"
"72.40000","2.41333","169.89684","-0.00088","-0.00989","7.09767"
"72.50000","2.41669","173.92157","-0.00089","-0.00982","7.26580"
"72.60000","2.42013","177.90013","-0.00083","-0.00988","7.43201"
"72.70000","2.42342","181.96138","-0.00086","-0.00982","7.60168"
"72.80000","2.42671","186.46535","-0.00083","-0.00985","7.78984"
"72.90000","2.43007","190.65649","-0.00084","-0.00989","7.96493"
"73.00000","2.43343","195.14047","-0.00081","-0.01007","8.15225"
"73.10000","2.43672","199.02872","-0.00082","-0.01026","8.31469"
"73.20000","2.44008","203.44092","-0.00075","-0.01030","8.49901"
"73.30000","2.44352","208.53696","-0.00075","-0.01036","8.71191"
"73.40000","2.44659","212.54320","-0.00074","-0.01033","8.87927"
"73.50000","2.45002","216.43675","-0.00077","-0.01013","9.04193"
"73.60000","2.45339","220.37865","-0.00070","-0.01018","9.20661"
"73.70000","2.45660","225.52600","-0.00077","-0.01005","9.42165"
"73.80000","2.46011","229.69534","-0.00067","-0.01010","9.59583"
"73.90000","2.46348","233.63200","-0.00069","-0.01024","9.76029"
"74.00000","2.46669","237.47189","-0.00061","-0.01017","9.92070"
"74.10000","2.47005","241.40356","-0.00062","-0.01011","10.08496"
"74.20000","2.47327","246.13634","-0.00060","-0.01008","10.28267"
"74.30000","2.47671","250.31960","-0.00061","-0.01012","10.45743"
"74.40000","2.47999","254.12894","-0.00059","-0.01003","10.61657"
"74.50000","2.48343","258.97757","-0.00056","-0.00997","10.81913"
"74.60000","2.48694","263.53482","-0.00058","-0.01002","11.00952"
"74.70000","2.49001","267.16864","-0.00055","-0.01007","11.16133"
"74.80000","2.49345","270.41452","-0.00056","-0.01007","11.29693"
"74.90000","2.49688","275.73734","-0.00054","-0.01003","11.51929"
"75.00000","2.49987","278.90366","-0.00053","-0.01003","11.65157"
"75.10000","2.50346","283.75949","-0.00054","-0.01000","11.85443"
"75.20000","2.50682","287.13998","-0.00051","-0.00995","11.99566"
"75.30000","2.51004","291.85269","-0.00045","-0.00999","12.19253"
"75.40000","2.51348","295.47723","-0.00046","-0.00997","12.34395"
"75.50000","2.51676","299.75699","-0.00043","-0.01000","12.52275"
"75.60000","2.52013","303.57455","-0.00039","-0.00997","12.68223"
"75.70000","2.52334","307.88086","-0.00037","-0.00990","12.86213"
"75.80000","2.52663","311.37329","-0.00037","-0.00989","13.00803"
"75.90000","2.53014","315.83041","-0.00036","-0.00992","13.19424"
"76.00000","2.53328","319.68546","-0.00031","-0.00992","13.35528"
"76.10000","2.53679","322.98755","-0.00033","-0.01006","13.49323"
"76.20000","2.54023","326.67725","-0.00036","-0.01034","13.64738"
"76.30000","2.54322","330.62375","-0.00026","-0.01027","13.81225"
"76.40000","2.54673","334.81128","-0.00025","-0.01037","13.98719"
"76.50000","2.55010","338.82684","-0.00026","-0.01053","14.15494"
"76.60000","2.55331","342.28592","-0.00027","-0.01041","14.29945"
"76.70000","2.55682","346.18787","-0.00025","-0.01037","14.46246"
"76.80000","2.56011","349.75049","-0.00024","-0.01020","14.61129"
"76.90000","2.56348","354.32556","-0.00023","-0.01032","14.80242"
"77.00000","2.56669","357.17035","-0.00020","-0.01015","14.92127"
"77.10000","2.56998","360.98352","-0.00021","-0.01023","15.08057"
"77.20000","2.57349","364.38016","-0.00019","-0.01008","15.22247"
"77.30000","2.57663","368.54797","-0.00015","-0.01002","15.39658"
"77.40000","2.58014","372.44888","-0.00012","-0.00999","15.55955"
"77.50000","2.58358","376.35056","-0.00014","-0.01003","15.72254"
"77.60000","2.58664","378.50494","-0.00014","-0.01004","15.81255"
"77.70000","2.59016","383.07037","-0.00012","-0.01005","16.00327"
"77.80000","2.59344","386.95157","-0.00005","-0.00997","16.16542"
"77.90000","2.59666","389.80002","-0.00005","-0.01001","16.28441"
"78.00000","2.60002","393.15051","-0.00002","-0.00999","16.42439"
"78.10000","2.60346","397.30832","0.00000","-0.01000","16.59808"
"78.20000","2.60682","400.86765","0.00003","-0.00999","16.74678"
"78.30000","2.61004","403.89020","0.00007","-0.01001","16.87305"
"78.40000","2.61332","407.10233","0.00008","-0.00998","17.00724"
"78.50000","2.61669","411.40341","0.00008","-0.00999","17.18692"
"78.60000","2.61990","414.56619","0.00009","-0.00989","17.31905"
"78.70000","2.62341","417.83298","0.00015","-0.00995","17.45553"
"78.80000","2.62678","422.40787","0.00014","-0.00989","17.64665"
"78.90000","2.62992","424.47372","0.00015","-0.00980","17.73295"
"79.00000","2.63350","428.33011","0.00018","-0.00983","17.89406"
"79.10000","2.63679","432.23267","0.00017","-0.00985","18.05709"
"79.20000","2.64001","434.35333","0.00026","-0.00988","18.14569"
"79.30000","2.64337","438.22546","0.00024","-0.00984","18.30745"
"79.40000","2.64681","441.47125","0.00024","-0.00999","18.44305"
"79.50000","2.65010","445.31686","0.00023","-0.01003","18.60370"
"79.60000","2.65338","448.87857","0.00027","-0.01041","18.75250"
"79.70000","2.65682","452.55426","0.00028","-0.01050","18.90606"
"79.80000","2.66011","455.79761","0.00030","-0.01031","19.04155"
"79.90000","2.66325","458.33316","0.00031","-0.01025","19.14748"
"80.00000","2.66676","461.61148","0.00033","-0.01015","19.28443"
"80.10000","2.67012","465.63727","0.00034","-0.01015","19.45262"
"80.20000","2.67326","468.65744","0.00038","-0.01006","19.57879"
"80.30000","2.67685","472.32263","0.00037","-0.01001","19.73190"
"80.40000","2.68014","475.33865","0.00037","-0.01002","19.85790"
"80.50000","2.68335","479.12534","0.00041","-0.00995","20.01610"
"80.60000","2.68672","482.12042","0.00040","-0.00994","20.14122"
"80.70000","2.69000","485.14792","0.00044","-0.00997","20.26770"
"80.80000","2.69329","488.18439","0.00044","-0.00992","20.39455"
"80.90000","2.69673","491.68710","0.00046","-0.00996","20.54088"
"81.00000","2.70017","494.91986","0.00049","-0.00990","20.67594"
"81.10000","2.70338","498.55887","0.00052","-0.00994","20.82796"
"81.20000","2.70667","501.59534","0.00052","-0.00995","20.95481"
"81.30000","2.71011","505.44980","0.00055","-0.00997","21.11584"
"81.40000","2.71340","509.05478","0.00059","-0.01005","21.26644"
"81.50000","2.71661","511.93771","0.00058","-0.00988","21.38688"
"81.60000","2.72005","515.18567","0.00062","-0.00994","21.52257"
"81.70000","2.72349","518.93225","0.00059","-0.00995","21.67908"
"81.80000","2.72670","521.70300","0.00061","-0.00983","21.79484"
"81.90000","2.73014","525.78259","0.00064","-0.00985","21.96527"
"82.00000","2.73350","528.68872","0.00067","-0.00982","22.08667"
"82.10000","2.73664","531.82147","0.00071","-0.00982","22.21755"
"82.20000","2.74000","534.99023","0.00076","-0.00973","22.34993"
"82.30000","2.74344","538.03094","0.00075","-0.00975","22.47696"
"82.40000","2.74673","541.12488","0.00079","-0.00975","22.60621"
"82.50000","2.75009","544.40906","0.00075","-0.00985","22.74341"
"82.60000","2.75346","548.24823","0.00080","-0.00990","22.90380"
"82.70000","2.75675","551.01721","0.00085","-0.00982","23.01948"
"82.80000","2.76003","553.94580","0.00081","-0.01031","23.14182"
"82.90000","2.76340","557.46069","0.00086","-0.01038","23.28866"
"83.00000","2.76668","560.97961","0.00090","-0.01024","23.43567"
"83.10000","2.76997","563.84277","0.00089","-0.01013","23.55528"
"83.20000","2.77341","567.70691","0.00099","-0.01013","23.71671"
"83.30000","2.77685","570.38361","0.00099","-0.01006","23.82853"
"83.40000","2.77999","573.59467","0.00101","-0.00993","23.96268"
"83.50000","2.78335","576.97180","0.00094","-0.00992","24.10376"
"83.60000","2.78679","580.16803","0.00098","-0.00993","24.23729"
"83.70000","2.79000","583.62115","0.00098","-0.00988","24.38155"
"83.80000","2.79344","586.93903","0.00107","-0.00987","24.52016"
"83.90000","2.79680","590.43781","0.00109","-0.00989","24.66632"
"84.00000","2.80009","593.50171","0.00109","-0.00982","24.79432"
"84.10000","2.80338","596.96655","0.00108","-0.00987","24.93907"
"84.20000","2.80674","599.86395","0.00104","-0.00981","25.06011"
"84.30000","2.81011","603.79224","0.00114","-0.00984","25.22422"
"84.40000","2.81332","606.59503","0.00119","-0.00988","25.34131"
"84.50000","2.81668","609.38049","0.00115","-0.00984","25.45768"
"84.60000","2.82020","612.75092","0.00117","-0.00988","25.59848"
"84.70000","2.82334","615.97418","0.00117","-0.00990","25.73314"
"84.80000","2.82677","618.78821","0.00123","-0.00981","25.85070"
"84.90000","2.83014","623.02417","0.00130","-0.00983","26.02766"
"85.00000","2.83328","625.16583","0.00124","-0.00977","26.11713"
"85.10000","2.83671","628.10455","0.00130","-0.00973","26.23990"
"85.20000","2.84008","631.35706","0.00130","-0.00978","26.37578"
"85.30000","2.84337","635.25360","0.00138","-0.00973","26.53856"
"85.40000","2.84680","638.11157","0.00131","-0.00968","26.65796"
"85.50000","2.85009","641.33606","0.00138","-0.00976","26.79267"
"85.60000","2.85345","644.29156","0.00139","-0.00975","26.91614"
"85.70000","2.85659","646.81244","0.00142","-0.00975","27.02145"
"85.80000","2.86003","650.31299","0.00143","-0.00985","27.16769"
"85.90000","2.86354","654.14252","0.00146","-0.00991","27.32767"
"86.00000","2.86661","656.18347","0.00147","-0.01032","27.41294"
"86.10000","2.87012","660.38031","0.00150","-0.01010","27.58827"
"86.20000","2.87356","662.85895","0.00151","-0.01002","27.69181"
"86.30000","2.87662","665.39703","0.00152","-0.01008","27.79785"
"86.40000","2.88006","669.06976","0.00154","-0.01006","27.95128"
"86.50000","2.88342","671.87854","0.00153","-0.00995","28.06862"
"86.60000","2.88664","674.92749","0.00154","-0.00984","28.19599"
"86.70000","2.89008","678.26483","0.00161","-0.00983","28.33541"
"86.80000","2.89344","681.18701","0.00162","-0.00976","28.45749"
"86.90000","2.89680","684.58984","0.00163","-0.00985","28.59965"
"87.00000","2.89994","686.74072","0.00163","-0.00979","28.68951"
"87.10000","2.90338","690.37317","0.00164","-0.00980","28.84126"
"87.20000","2.90674","693.55286","0.00167","-0.00980","28.97409"
"87.30000","2.90988","696.29816","0.00169","-0.00981","29.08878"
"87.40000","2.91347","699.13135","0.00172","-0.00979","29.20714"
"87.50000","2.91683","702.27814","0.00171","-0.00986","29.33860"
"87.60000","2.91997","705.51624","0.00171","-0.00982","29.47388"
"87.70000","2.92348","708.52985","0.00176","-0.00980","29.59978"
"87.80000","2.92677","710.78741","0.00176","-0.00981","29.69409"
"87.90000","2.92999","714.29944","0.00172","-0.00981","29.84081"
"88.00000","2.93342","717.27960","0.00179","-0.00972","29.96531"
"88.10000","2.93679","719.61041","0.00180","-0.00977","30.06268"
"88.20000","2.94007","722.82391","0.00181","-0.00973","30.19693"
"88.30000","2.94336","726.53363","0.00182","-0.00970","30.35191"
"88.40000","2.94680","729.49823","0.00186","-0.00968","30.47576"
"88.50000","2.95009","732.92798","0.00187","-0.00966","30.61904"
"88.60000","2.95323","735.35815","0.00190","-0.00970","30.72056"
"88.70000","2.95674","738.38129","0.00189","-0.00961","30.84686"
"88.80000","2.96018","741.25122","0.00190","-0.00984","30.96675"
"88.90000","2.96332","743.68213","0.00195","-0.00979","31.06831"
"89.00000","2.96683","747.33270","0.00198","-0.00980","31.22082"
"89.10000","2.97019","749.74176","0.00199","-0.01026","31.32146"
"89.20000","2.97326","752.47449","0.00196","-0.01017","31.43562"
"89.30000","2.97670","755.80634","0.00200","-0.00992","31.57481"
"89.40000","2.98006","759.01331","0.00203","-0.01007","31.70879"
"89.50000","2.98335","762.36560","0.00208","-0.00996","31.84884"
"89.60000","2.98671","764.95721","0.00207","-0.00990","31.95710"
"89.70000","2.99015","767.41187","0.00208","-0.00993","32.05965"
"89.80000","2.99344","770.79309","0.00208","-0.00990","32.20090"
"89.90000","2.99658","773.30383","0.00205","-0.00990","32.30580"
"90.00000","3.00001","776.99286","0.00208","-0.00996","32.45991"
"90.10000","3.00338","779.44244","0.00212","-0.00973","32.56224"
"90.20000","3.00667","782.39850","0.00215","-0.00970","32.68574"
"90.30000","3.01010","785.45416","0.00214","-0.00968","32.81339"
"90.40000","3.01354","788.46991","0.00217","-0.00971","32.93938"
"90.50000","3.01668","791.85254","0.00215","-0.00969","33.08069"
"90.60000","3.02012","794.81873","0.00218","-0.00970","33.20461"
"90.70000","3.02348","797.04486","0.00224","-0.00980","33.29761"
"90.80000","3.02669","800.82184","0.00221","-0.00970","33.45540"
"90.90000","3.03006","803.08459","0.00223","-0.00977","33.54993"
"91.00000","3.03342","806.46149","0.00223","-0.00972","33.69100"
"91.10000","3.03678","809.78888","0.00223","-0.00969","33.83001"
"91.20000","3.04007","812.46661","0.00226","-0.00967","33.94187"
"91.30000","3.04344","815.59467","0.00226","-0.00964","34.07255"
"91.40000","3.04672","818.12457","0.00230","-0.00963","34.17824"
"91.50000","3.04994","821.11823","0.00229","-0.00957","34.30331"
"91.60000","3.05338","824.51562","0.00232","-0.00959","34.44524"
"91.70000","3.05681","827.55841","0.00228","-0.00965","34.57235"
"91.80000","3.06003","830.18225","0.00234","-0.00967","34.68197"
"91.90000","3.06339","833.24939","0.00236","-0.00998","34.81010"
"92.00000","3.06683","836.15063","0.00238","-0.01002","34.93130"
"92.10000","3.06997","838.42297","0.00238","-0.01010","35.02623"
"92.20000","3.07333","841.99506","0.00241","-0.01019","35.17546"
"92.30000","3.07677","844.54523","0.00242","-0.00994","35.28200"
"92.40000","3.08006","847.71094","0.00240","-0.00988","35.41425"
"92.50000","3.08342","850.63092","0.00243","-0.00981","35.53624"
"92.60000","3.08686","853.35626","0.00243","-0.00984","35.65009"
"92.70000","3.09007","856.04608","0.00249","-0.00979","35.76246"
"92.80000","3.09336","859.41620","0.00246","-0.00980","35.90326"
"92.90000","3.09665","862.45135","0.00248","-0.00990","36.03005"
"93.00000","3.10009","865.47845","0.00253","-0.00985","36.15651"
"93.10000","3.10330","867.63055","0.00252","-0.00974","36.24642"
"93.20000","3.10674","871.12018","0.00254","-0.00964","36.39220"
"93.30000","3.11025","873.45123","0.00254","-0.00970","36.48959"
"93.40000","3.11331","876.78174","0.00256","-0.00974","36.62872"
"93.50000","3.11668","878.99609","0.00259","-0.00971","36.72123"
"93.60000","3.12012","881.95941","0.00258","-0.00974","36.84503"
"93.70000","3.12325","884.67590","0.00259","-0.00967","36.95851"
"93.80000","3.12677","887.21478","0.00263","-0.00964","37.06458"
"93.90000","3.13013","890.60693","0.00262","-0.00968","37.20629"
"94.00000","3.13342","893.90839","0.00266","-0.00967","37.34421"
"94.10000","3.13678","896.20312","0.00268","-0.00959","37.44008"
"94.20000","3.14007","899.34265","0.00268","-0.00964","37.57124"
"94.30000","3.14343","902.02606","0.00270","-0.00959","37.68334"
"94.40000","3.14665","904.49744","0.00274","-0.00964","37.78658"
"94.50000","3.15001","908.02258","0.00274","-0.00960","37.93385"
"94.60000","3.15360","910.67896","0.00274","-0.00955","38.04482"
"94.70000","3.15666","913.44684","0.00279","-0.00962","38.16046"
"94.80000","3.16010","915.62427","0.00280","-0.00981","38.25142"
"94.90000","3.16354","919.13428","0.00280","-0.00984","38.39806"
"95.00000","3.16660","921.10907","0.00279","-0.00991","38.48056"
"95.10000","3.17011","923.71863","0.00281","-0.01003","38.58957"
"95.20000","3.17348","927.59320","0.00282","-0.01019","38.75144"
"95.30000","3.17677","930.54547","0.00282","-0.01000","38.87477"
"95.40000","3.18013","932.21582","0.00286","-0.00977","38.94456"
"95.50000","3.18349","935.36450","0.00288","-0.00973","39.07610"
"95.60000","3.18678","938.54785","0.00289","-0.00977","39.20908"
"95.70000","3.18992","940.61011","0.00292","-0.00976","39.29524"
"95.80000","3.19336","944.14569","0.00291","-0.00977","39.44294"
"95.90000","3.19680","946.59570","0.00294","-0.00977","39.54530"
"96.00000","3.19993","950.61969","0.00296","-0.00971","39.71340"
"96.10000","3.20352","952.42084","0.00297","-0.00959","39.78865"
"96.20000","3.20689","955.90100","0.00300","-0.00961","39.93404"
"96.30000","3.20995","957.69250","0.00301","-0.00961","40.00888"
"96.40000","3.21346","960.11639","0.00301","-0.00957","40.11014"
"96.50000","3.21675","963.06403","0.00304","-0.00966","40.23328"
"96.60000","3.21996","965.44476","0.00308","-0.00965","40.33274"
"96.70000","3.22340","968.29065","0.00308","-0.00969","40.45163"
"96.80000","3.22677","971.69189","0.00309","-0.00966","40.59372"
"96.90000","3.23013","974.49878","0.00311","-0.00963","40.71098"
"97.00000","3.23334","976.84564","0.00314","-0.00960","40.80902"
"97.10000","3.23678","980.20795","0.00316","-0.00963","40.94949"
"97.20000","3.24014","982.46680","0.00316","-0.00954","41.04386"
"97.30000","3.24321","984.84436","0.00317","-0.00949","41.14318"
"97.40000","3.24679","988.69202","0.00320","-0.00957","41.30392"
"97.50000","3.25016","990.74615","0.00321","-0.00948","41.38974"
"97.60000","3.25330","993.12115","0.00323","-0.00947","41.48896"
"97.70000","3.25681","995.88354","0.00325","-0.00950","41.60436"
"97.80000","3.26010","999.53003","0.00326","-0.00950","41.75669"
"97.90000","3.26331","1,001.83032","0.00326","-0.00971","41.85279"
"98.00000","3.26675","1,004.73517","0.00328","-0.00987","41.97415"
"98.10000","3.27004","1,006.86029","0.00331","-0.00996","42.06293"
"98.20000","3.27340","1,010.63245","0.00332","-0.01007","42.22051"
"98.30000","3.27669","1,012.63391","0.00333","-0.01012","42.30413"
"98.40000","3.28013","1,015.84595","0.00334","-0.00986","42.43832"
"98.50000","3.28342","1,018.32312","0.00336","-0.00981","42.54180"
"98.60000","3.28655","1,020.10553","0.00337","-0.00979","42.61626"
"98.70000","3.29007","1,023.77155","0.00340","-0.00988","42.76942"
"98.80000","3.29343","1,026.42871","0.00342","-0.00975","42.88042"
"98.90000","3.29672","1,028.75977","0.00345","-0.00966","42.97781"
"99.00000","3.30016","1,031.96509","0.00345","-0.00958","43.11171"
"99.10000","3.30352","1,034.78064","0.00348","-0.00958","43.22934"
"99.20000","3.30666","1,036.75562","0.00353","-0.00961","43.31184"
"99.30000","3.31002","1,040.43079","0.00356","-0.00957","43.46538"
"99.40000","3.31339","1,042.83191","0.00364","-0.00960","43.56569"
"99.50000","3.31667","1,044.97302","0.00362","-0.00961","43.65514"
"99.60000","3.32004","1,048.40588","0.00360","-0.00959","43.79855"
"99.70000","3.32347","1,050.72534","0.00363","-0.00958","43.89545"
"99.80000","3.32676","1,053.72253","0.00362","-0.00952","44.02066"
"99.90000","3.32998","1,056.14270","0.00366","-0.00959","44.12177"
"100.00000","3.33334","1,058.69592","0.00365","-0.00955","44.22843"
"100.10000","3.33670","1,061.80603","0.00369","-0.00949","44.35836"
"100.20000","3.33992","1,064.09167","0.00368","-0.00948","44.45385"
"100.30000","3.34343","1,066.66003","0.00369","-0.00950","44.56114"
"100.40000","3.34679","1,069.89380","0.00369","-0.00946","44.69624"
"100.50000","3.35008","1,072.88135","0.00372","-0.00939","44.82104"
"100.60000","3.35344","1,076.00244","0.00376","-0.00945","44.95143"
"100.70000","3.35681","1,077.27576","0.00379","-0.00939","45.00463"
"100.80000","3.35995","1,080.33679","0.00374","-0.00936","45.13251"
"100.90000","3.36331","1,083.53333","0.00377","-0.00942","45.26604"
"101.00000","3.36682","1,085.75659","0.00380","-0.00963","45.35892"
"101.10000","3.37011","1,088.30859","0.00383","-0.00969","45.46554"
"101.20000","3.37340","1,091.07043","0.00383","-0.00985","45.58092"
"101.30000","3.37684","1,094.04077","0.00386","-0.00990","45.70501"
"101.40000","3.38013","1,096.79211","0.00387","-0.01002","45.81995"
"101.50000","3.38334","1,099.16895","0.00389","-0.01001","45.91924"
"101.60000","3.38670","1,101.50293","0.00395","-0.00980","46.01675"
"101.70000","3.39014","1,104.41650","0.00391","-0.00977","46.13847"
"101.80000","3.39335","1,107.41174","0.00399","-0.00972","46.26360"
"101.90000","3.39672","1,109.66492","0.00396","-0.00967","46.35773"
"102.00000","3.40023","1,112.53882","0.00396","-0.00960","46.47779"
"102.10000","3.40329","1,114.63232","0.00406","-0.00953","46.56525"
"102.20000","3.40666","1,117.42334","0.00411","-0.00952","46.68185"
"102.30000","3.41009","1,120.88013","0.00407","-0.00947","46.82626"
"102.40000","3.41338","1,122.98730","0.00410","-0.00946","46.91429"
"102.50000","3.41675","1,125.52991","0.00414","-0.00946","47.02051"
"102.60000","3.42011","1,128.07556","0.00414","-0.00947","47.12686"
"102.70000","3.42347","1,130.74951","0.00414","-0.00942","47.23856"
"102.80000","3.42669","1,134.08875","0.00417","-0.00949","47.37807"
"102.90000","3.42997","1,136.41272","0.00417","-0.00948","47.47515"
"103.00000","3.43341","1,138.94739","0.00422","-0.00944","47.58104"
"103.10000","3.43663","1,141.48120","0.00422","-0.00947","47.68689"
"103.20000","3.44006","1,144.31128","0.00423","-0.00943","47.80513"
"103.30000","3.44365","1,147.11072","0.00422","-0.00946","47.92208"
"103.40000","3.44664","1,149.41052","0.00426","-0.00938","48.01815"
"103.50000","3.45008","1,152.29297","0.00424","-0.00940","48.13857"
"103.60000","3.45352","1,154.38257","0.00424","-0.00935","48.22587"
"103.70000","3.45666","1,157.69995","0.00425","-0.00938","48.36446"
"103.80000","3.46009","1,159.84143","0.00429","-0.00930","48.45392"
"103.90000","3.46346","1,162.78552","0.00428","-0.00928","48.57691"
"104.00000","3.46675","1,165.86438","0.00433","-0.00935","48.70554"
"104.10000","3.47011","1,167.52856","0.00434","-0.00938","48.77506"
"104.20000","3.47340","1,171.41968","0.00436","-0.00941","48.93761"
"104.30000","3.47683","1,173.11365","0.00433","-0.00978","49.00838"
"104.40000","3.47997","1,176.00598","0.00434","-0.01001","49.12922"
"104.50000","3.48334","1,179.01074","0.00441","-0.00990","49.25474"
"104.60000","3.48685","1,181.96936","0.00448","-0.00975","49.37834"
"104.70000","3.48991","1,184.47791","0.00446","-0.00968","49.48314"
"104.80000","3.49343","1,186.66296","0.00449","-0.00959","49.57442"
"104.90000","3.49686","1,189.00488","0.00450","-0.00954","49.67226"
"105.00000","3.49993","1,191.16492","0.00448","-0.00949","49.76250"
"105.10000","3.50344","1,194.97156","0.00455","-0.00943","49.92152"
"105.20000","3.50673","1,197.55481","0.00452","-0.00940","50.02945"
"105.30000","3.51002","1,199.17371","0.00455","-0.00940","50.09708"
"105.40000","3.51346","1,202.24744","0.00460","-0.00945","50.22549"
"105.50000","3.51682","1,205.09131","0.00460","-0.00943","50.34429"
"105.60000","3.52018","1,207.61938","0.00463","-0.00935","50.44991"
"105.70000","3.52332","1,209.64319","0.00464","-0.00941","50.53445"
"105.80000","3.52668","1,212.54114","0.00470","-0.00935","50.65552"
"105.90000","3.53012","1,215.68774","0.00467","-0.00936","50.78697"
"106.00000","3.53334","1,217.87378","0.00468","-0.00938","50.87830"
"106.10000","3.53677","1,220.30566","0.00472","-0.00938","50.97989"
"106.20000","3.54021","1,223.98291","0.00472","-0.00937","51.13351"
"106.30000","3.54328","1,225.68982","0.00474","-0.00940","51.20482"
"106.40000","3.54679","1,228.90161","0.00474","-0.00933","51.33900"
"106.50000","3.55008","1,230.81909","0.00476","-0.00935","51.41911"
"106.60000","3.55329","1,233.29480","0.00476","-0.00926","51.52253"
"106.70000","3.55673","1,235.97021","0.00484","-0.00925","51.63430"
"106.80000","3.56009","1,239.02307","0.00487","-0.00924","51.76184"
"106.90000","3.56345","1,241.93237","0.00485","-0.00921","51.88338"
"107.00000","3.56667","1,244.01978","0.00484","-0.00925","51.97058"
"107.10000","3.57011","1,246.24744","0.00483","-0.00921","52.06364"
"107.20000","3.57340","1,248.87012","0.00487","-0.00928","52.17321"
"107.30000","3.57653","1,251.75964","0.00489","-0.00925","52.29392"
"107.40000","3.58012","1,253.87598","0.00492","-0.00958","52.38234"
"107.50000","3.58348","1,256.41687","0.00494","-0.00961","52.48848"
"107.60000","3.58670","1,258.81726","0.00493","-0.00986","52.58876"
"107.70000","3.59014","1,261.45459","0.00495","-0.00960","52.69894"
"107.80000","3.59342","1,264.60327","0.00496","-0.00959","52.83048"
"107.90000","3.59671","1,267.00085","0.00497","-0.00955","52.93064"
"108.00000","3.60000","1,269.32007","0.00502","-0.00934","53.02753"
"108.10000","3.60336","1,271.50830","0.00500","-0.00941","53.11895"
"108.20000","3.60673","1,274.80945","0.00505","-0.00930","53.25686"
"108.30000","3.61002","1,277.02930","0.00510","-0.00939","53.34960"
"108.40000","3.61345","1,279.48499","0.00512","-0.00929","53.45219"
"108.50000","3.61682","1,282.56726","0.00511","-0.00932","53.58095"
"108.60000","3.61996","1,284.65112","0.00513","-0.00927","53.66801"
"108.70000","3.62339","1,287.44202","0.00514","-0.00926","53.78460"
"108.80000","3.62676","1,290.05603","0.00517","-0.00926","53.89381"
"108.90000","3.62997","1,292.22668","0.00518","-0.00934","53.98449"
"109.00000","3.63348","1,294.37476","0.00521","-0.00928","54.07423"
"109.10000","3.63677","1,298.22937","0.00522","-0.00931","54.23526"
"109.20000","3.64006","1,300.17432","0.00521","-0.00926","54.31651"
"109.30000","3.64335","1,302.14307","0.00533","-0.00929","54.39876"
"109.40000","3.64671","1,304.56921","0.00538","-0.00936","54.50011"
"109.50000","3.65000","1,307.74463","0.00530","-0.00924","54.63277"
"109.60000","3.65336","1,310.30908","0.00530","-0.00927","54.73990"
"109.70000","3.65680","1,312.60083","0.00530","-0.00918","54.83564"
"109.80000","3.66009","1,315.71216","0.00536","-0.00918","54.96563"
"109.90000","3.66338","1,317.03906","0.00543","-0.00914","55.02106"
"110.00000","3.66674","1,321.03137","0.00543","-0.00913","55.18784"
"110.10000","3.67010","1,322.98474","0.00545","-0.00917","55.26945"
"110.20000","3.67332","1,324.93372","0.00536","-0.00918","55.35087"
"110.30000","3.67676","1,327.60303","0.00542","-0.00924","55.46238"
"110.40000","3.68019","1,330.43726","0.00551","-0.00921","55.58078"
"110.50000","3.68341","1,332.21594","0.00552","-0.00930","55.65509"
"110.60000","3.68677","1,334.68127","0.00545","-0.00933","55.75808"
"110.70000","3.69013","1,337.31909","0.00556","-0.00954","55.86828"
"110.80000","3.69335","1,340.48853","0.00554","-0.00949","56.00069"
"110.90000","3.69664","1,342.53833","0.00557","-0.00951","56.08632"
"111.00000","3.70007","1,345.25989","0.00553","-0.00947","56.20002"
"111.10000","3.70336","1,347.97351","0.00554","-0.00938","56.31339"
"111.20000","3.70673","1,350.11340","0.00563","-0.00933","56.40278"
"111.30000","3.71016","1,352.52368","0.00567","-0.00925","56.50348"
"111.40000","3.71338","1,354.99915","0.00560","-0.00932","56.60689"
"111.50000","3.71667","1,357.53784","0.00561","-0.00922","56.71295"
"111.60000","3.72003","1,360.49683","0.00563","-0.00923","56.83656"
"111.70000","3.72339","1,362.27893","0.00572","-0.00924","56.91101"
"111.80000","3.72668","1,364.94189","0.00576","-0.00922","57.02226"
"111.90000","3.73012","1,368.19617","0.00576","-0.00923","57.15821"
"112.00000","3.73363","1,370.40735","0.00574","-0.00921","57.25059"
"112.10000","3.73670","1,372.82104","0.00572","-0.00923","57.35143"
"112.20000","3.74006","1,374.57117","0.00580","-0.00924","57.42454"
"112.30000","3.74350","1,377.91675","0.00585","-0.00923","57.56430"
"112.40000","3.74663","1,380.18591","0.00587","-0.00931","57.65910"
"112.50000","3.75007","1,383.37207","0.00586","-0.00921","57.79221"
"112.60000","3.75351","1,385.32275","0.00586","-0.00918","57.87370"
"112.70000","3.75680","1,388.21521","0.00590","-0.00915","57.99454"
"112.80000","3.76001","1,390.78186","0.00591","-0.00918","58.10176"
"112.90000","3.76338","1,392.60864","0.00593","-0.00912","58.17808"
"113.00000","3.76674","1,395.15430","0.00597","-0.00911","58.28442"
"113.10000","3.76995","1,397.43701","0.00596","-0.00904","58.37979"
"113.20000","3.77339","1,400.54602","0.00597","-0.00916","58.50967"
"113.30000","3.77690","1,403.48779","0.00599","-0.00907","58.63257"
"113.40000","3.77997","1,405.97192","0.00602","-0.00911","58.73635"
"113.50000","3.78341","1,407.60120","0.00603","-0.00917","58.80441"
"113.60000","3.78677","1,410.41943","0.00606","-0.00926","58.92215"
"113.70000","3.78998","1,412.59717","0.00605","-0.00936","59.01313"
"113.80000","3.79342","1,415.36230","0.00609","-0.00941","59.12864"
"113.90000","3.79678","1,418.03320","0.00611","-0.00939","59.24022"
"114.00000","3.80015","1,421.06250","0.00611","-0.00941","59.36678"
"114.10000","3.80344","1,423.05078","0.00614","-0.00938","59.44984"
"114.20000","3.80680","1,425.52075","0.00616","-0.00942","59.55302"
"114.30000","3.81016","1,428.39819","0.00618","-0.00931","59.67323"
"114.40000","3.81330","1,430.96619","0.00616","-0.00934","59.78051"
"114.50000","3.81674","1,433.43787","0.00617","-0.00929","59.88377"
"114.60000","3.82018","1,435.77161","0.00620","-0.00920","59.98127"
"114.70000","3.82332","1,437.58533","0.00622","-0.00912","60.05704"
"114.80000","3.82683","1,440.62402","0.00622","-0.00914","60.18398"
"114.90000","3.83019","1,443.25330","0.00625","-0.00918","60.29383"
"115.00000","3.83326","1,445.45715","0.00626","-0.00917","60.38589"
"115.10000","3.83669","1,448.37952","0.00631","-0.00916","60.50798"
"115.20000","3.83998","1,450.51794","0.00630","-0.00918","60.59732"
"115.30000","3.84327","1,453.27014","0.00631","-0.00923","60.71229"
"115.40000","3.84671","1,455.78589","0.00634","-0.00926","60.81739"
"115.50000","3.85007","1,458.44189","0.00631","-0.00921","60.92835"
"115.60000","3.85351","1,461.05908","0.00638","-0.00916","61.03769"
"115.70000","3.85665","1,463.65552","0.00639","-0.00916","61.14616"
"115.80000","3.86009","1,465.88159","0.00638","-0.00911","61.23915"
"115.90000","3.86345","1,467.82373","0.00638","-0.00909","61.32029"
"116.00000","3.86659","1,470.88464","0.00642","-0.00908","61.44816"
"116.10000","3.87010","1,473.10181","0.00643","-0.00901","61.54079"
"116.20000","3.87354","1,475.55823","0.00647","-0.00904","61.64341"
"116.30000","3.87668","1,477.81470","0.00642","-0.00908","61.73767"
"116.40000","3.88012","1,480.72815","0.00648","-0.00906","61.85939"
"116.50000","3.88340","1,483.07935","0.00646","-0.00921","61.95761"
"116.60000","3.88669","1,485.61731","0.00652","-0.00917","62.06364"
"116.70000","3.89006","1,488.57812","0.00648","-0.00963","62.18733"
"116.80000","3.89342","1,490.61755","0.00657","-0.00957","62.27253"
"116.90000","3.89686","1,493.13245","0.00653","-0.00938","62.37759"
"117.00000","3.90000","1,494.67896","0.00659","-0.00944","62.44220"
"117.10000","3.90343","1,497.78284","0.00660","-0.00935","62.57187"
"117.20000","3.90680","1,501.07471","0.00659","-0.00927","62.70939"
"117.30000","3.90986","1,502.20142","0.00663","-0.00936","62.75646"
"117.40000","3.91345","1,505.30798","0.00665","-0.00931","62.88624"
"117.50000","3.91681","1,507.33752","0.00666","-0.00921","62.97103"
"117.60000","3.92002","1,510.38989","0.00667","-0.00914","63.09855"
"117.70000","3.92346","1,513.29834","0.00664","-0.00916","63.22005"
"117.80000","3.92675","1,514.80054","0.00665","-0.00915","63.28281"
"117.90000","3.93004","1,517.46191","0.00669","-0.00914","63.39399"
"118.00000","3.93333","1,520.16089","0.00674","-0.00909","63.50674"
"118.10000","3.93669","1,522.12842","0.00677","-0.00911","63.58894"
"118.20000","3.94005","1,524.74976","0.00674","-0.00914","63.69845"
"118.30000","3.94334","1,526.31494","0.00677","-0.00918","63.76384"
"118.40000","3.94678","1,530.06775","0.00678","-0.00917","63.92062"
"118.50000","3.95022","1,531.85059","0.00682","-0.00913","63.99509"
"118.60000","3.95328","1,534.16650","0.00686","-0.00916","64.09184"
"118.70000","3.95672","1,536.33459","0.00685","-0.00910","64.18242"
"118.80000","3.96008","1,539.51379","0.00681","-0.00906","64.31524"
"118.90000","3.96330","1,541.34521","0.00687","-0.00902","64.39175"
"119.00000","3.96681","1,543.68958","0.00689","-0.00900","64.48969"
"119.10000","3.97017","1,546.61365","0.00691","-0.00897","64.61184"
"119.20000","3.97346","1,548.28955","0.00694","-0.00901","64.68185"
"119.30000","3.97675","1,551.52283","0.00690","-0.00901","64.81693"
"119.40000","3.98004","1,553.65173","0.00699","-0.00896","64.90587"
"119.50000","3.98333","1,555.71069","0.00692","-0.00925","64.99188"
"119.60000","3.98662","1,558.09521","0.00698","-0.00932","65.09150"
"119.70000","3.99013","1,560.45654","0.00699","-0.00945","65.19015"
"119.80000","3.99342","1,563.59863","0.00701","-0.00952","65.32141"
"119.90000","3.99663","1,565.25671","0.00698","-0.00934","65.39068"
"120.00000","4.00014","1,568.54895","0.00701","-0.00934","65.52822"
"120.10000","4.00343","1,570.52576","0.00700","-0.00923","65.61080"
"120.20000","4.00664","1,573.17346","0.00707","-0.00928","65.72141"
"120.30000","4.01008","1,575.16565","0.00703","-0.00931","65.80464"
"120.40000","4.01352","1,578.11450","0.00707","-0.00923","65.92783"
"120.50000","4.01673","1,579.92371","0.00712","-0.00928","66.00341"
"120.60000","4.02002","1,581.95532","0.00709","-0.00920","66.08829"
"120.70000","4.02346","1,584.32532","0.00709","-0.00907","66.18729"
"120.80000","4.02667","1,587.54407","0.00711","-0.00901","66.32176"
"120.90000","4.02996","1,589.25000","0.00710","-0.00900","66.39303"
"121.00000","4.03340","1,592.18066","0.00715","-0.00911","66.51546"
"121.10000","4.03676","1,593.90906","0.00717","-0.00905","66.58767"
"121.20000","4.04005","1,596.77197","0.00714","-0.00908","66.70728"
"121.30000","4.04349","1,599.02161","0.00721","-0.00903","66.80125"
"121.40000","4.04678","1,601.27637","0.00721","-0.00909","66.89545"
"121.50000","4.04992","1,604.04871","0.00720","-0.00908","67.01127"
"121.60000","4.05336","1,605.86108","0.00724","-0.00908","67.08698"
"121.70000","4.05679","1,608.99438","0.00731","-0.00906","67.21788"
"121.80000","4.06001","1,611.21045","0.00724","-0.00902","67.31046"
"121.90000","4.06337","1,612.36414","0.00730","-0.00900","67.35866"
"122.00000","4.06688","1,615.90149","0.00729","-0.00896","67.50643"
"122.10000","4.07002","1,617.29431","0.00732","-0.00896","67.56462"
"122.20000","4.07331","1,621.07422","0.00735","-0.00891","67.72253"
"122.30000","4.07675","1,622.15479","0.00740","-0.00894","67.76767"
"122.40000","4.07996","1,625.06592","0.00734","-0.00908","67.88929"
"122.50000","4.08340","1,627.90869","0.00740","-0.00911","68.00805"
"122.60000","4.08684","1,630.57202","0.00739","-0.00936","68.11932"
"122.70000","4.09013","1,632.04639","0.00741","-0.00943","68.18091"
"122.80000","4.09341","1,634.49792","0.00747","-0.00938","68.28333"
"122.90000","4.09678","1,637.36646","0.00743","-0.00936","68.40316"
"123.00000","4.10014","1,639.44812","0.00744","-0.00919","68.49013"
"123.10000","4.10328","1,642.02588","0.00745","-0.00915","68.59782"
"123.20000","4.10672","1,644.33252","0.00746","-0.00927","68.69418"
"123.30000","4.11016","1,647.35315","0.00749","-0.00918","68.82037"
"123.40000","4.11329","1,649.39722","0.00751","-0.00923","68.90576"
"123.50000","4.11673","1,651.11829","0.00751","-0.00908","68.97766"
"123.60000","4.12017","1,654.24072","0.00751","-0.00903","69.10811"
"123.70000","4.12331","1,656.22156","0.00755","-0.00900","69.19086"
"123.80000","4.12675","1,658.27197","0.00756","-0.00899","69.27652"
"123.90000","4.13011","1,661.89819","0.00757","-0.00899","69.42801"
"124.00000","4.13340","1,663.41516","0.00762","-0.00901","69.49138"
"124.10000","4.13669","1,666.30798","0.00762","-0.00908","69.61223"
"124.20000","4.14005","1,667.95825","0.00766","-0.00896","69.68118"
"124.30000","4.14349","1,671.11414","0.00766","-0.00901","69.81301"
"124.40000","4.14655","1,673.46204","0.00769","-0.00908","69.91110"
"124.50000","4.15006","1,674.82910","0.00769","-0.00902","69.96822"
"124.60000","4.15350","1,677.34973","0.00770","-0.00908","70.07352"
"124.70000","4.15664","1,680.17615","0.00772","-0.00906","70.19159"
"124.80000","4.16008","1,682.84326","0.00775","-0.00901","70.30302"
"124.90000","4.16352","1,684.52783","0.00777","-0.00906","70.37339"
"125.00000","4.16666","1,687.63293","0.00779","-0.00899","70.50311"
"125.10000","4.17009","1,689.63416","0.00777","-0.00888","70.58672"
"125.20000","4.17338","1,692.17773","0.00779","-0.00895","70.69298"
"125.30000","4.17667","1,694.77087","0.00780","-0.00889","70.80131"
"125.40000","4.18003","1,696.65222","0.00784","-0.00893","70.87991"
"125.50000","4.18340","1,699.11755","0.00786","-0.00912","70.98289"
"125.60000","4.18684","1,701.70178","0.00790","-0.00909","71.09085"
"125.70000","4.18997","1,703.90479","0.00785","-0.00939","71.18288"
"125.80000","4.19334","1,705.65503","0.00787","-0.00947","71.25600"
"125.90000","4.19677","1,707.64368","0.00787","-0.00938","71.33909"
"126.00000","4.19991","1,710.19104","0.00792","-0.00937","71.44550"
"126.10000","4.20343","1,713.11462","0.00794","-0.00930","71.56764"
"126.20000","4.20686","1,715.31958","0.00796","-0.00941","71.65976"
"126.30000","4.21000","1,717.62366","0.00795","-0.00936","71.75601"
"126.40000","4.21344","1,720.04590","0.00798","-0.00931","71.85720"
"126.50000","4.21673","1,722.33765","0.00800","-0.00927","71.95294"
"126.60000","4.22002","1,725.02393","0.00799","-0.00915","72.06517"
"126.70000","4.22331","1,727.07593","0.00803","-0.00910","72.15089"
"126.80000","4.22667","1,729.44495","0.00805","-0.00911","72.24986"
"126.90000","4.23011","1,731.65332","0.00808","-0.00913","72.34212"
"127.00000","4.23332","1,734.07312","0.00808","-0.00918","72.44321"
"127.10000","4.23683","1,736.37109","0.00809","-0.00914","72.53921"
"127.20000","4.24012","1,738.94446","0.00811","-0.00909","72.64671"
"127.30000","4.24326","1,741.11389","0.00811","-0.00905","72.73735"
"127.40000","4.24677","1,743.12109","0.00818","-0.00907","72.82120"
"127.50000","4.25014","1,746.24597","0.00817","-0.00911","72.95174"
"127.60000","4.25335","1,747.16260","0.00819","-0.00902","72.99004"
"127.70000","4.25679","1,750.82605","0.00819","-0.00905","73.14309"
"127.80000","4.26015","1,752.35156","0.00821","-0.00905","73.20682"
"127.90000","4.26344","1,755.03491","0.00821","-0.00901","73.31892"
"128.00000","4.26665","1,756.65845","0.00825","-0.00893","73.38674"
"128.10000","4.27002","1,758.99866","0.00825","-0.00899","73.48450"
"128.20000","4.27338","1,761.73145","0.00825","-0.00894","73.59867"
"128.30000","4.27667","1,762.94617","0.00825","-0.00891","73.64942"
"128.40000","4.28011","1,766.92993","0.00829","-0.00888","73.81585"
"128.50000","4.28355","1,768.90588","0.00831","-0.00889","73.89839"
"128.60000","4.28661","1,771.01953","0.00832","-0.00896","73.98669"
"128.70000","4.29005","1,772.51880","0.00834","-0.00919","74.04933"
"128.80000","4.29341","1,775.34814","0.00837","-0.00941","74.16753"
"128.90000","4.29662","1,778.17419","0.00839","-0.00934","74.28559"
"129.00000","4.30014","1,779.48328","0.00838","-0.00951","74.34028"
"129.10000","4.30343","1,782.29041","0.00838","-0.00943","74.45755"
"129.20000","4.30671","1,784.73315","0.00843","-0.00931","74.55960"
"129.30000","4.31008","1,787.00549","0.00844","-0.00945","74.65453"
"129.40000","4.31344","1,789.49084","0.00846","-0.00933","74.75836"
"129.50000","4.31673","1,791.55249","0.00847","-0.00924","74.84449"
"129.60000","4.31994","1,793.38562","0.00850","-0.00914","74.92107"
"129.70000","4.32345","1,796.55725","0.00850","-0.00904","75.05357"
"129.80000","4.32682","1,798.44519","0.00851","-0.00905","75.13244"
"129.90000","4.33003","1,800.54089","0.00854","-0.00911","75.21999"
"130.00000","4.33347","1,802.47571","0.00855","-0.00909","75.30082"
"130.10000","4.33683","1,805.40698","0.00860","-0.00902","75.42328"
"130.20000","4.33997","1,806.77905","0.00859","-0.00904","75.48060"
"130.30000","4.34341","1,808.91309","0.00859","-0.00909","75.56975"
"130.40000","4.34677","1,811.89978","0.00864","-0.00902","75.69452"
"130.50000","4.35006","1,814.09619","0.00864","-0.00906","75.78628"
"130.60000","4.35342","1,816.42139","0.00867","-0.00902","75.88342"
"130.70000","4.35686","1,817.90552","0.00869","-0.00901","75.94542"
"130.80000","4.36000","1,820.88708","0.00868","-0.00902","76.06998"
"130.90000","4.36329","1,822.55896","0.00869","-0.00901","76.13982"
"131.00000","4.36680","1,825.48389","0.00872","-0.00900","76.26202"
"131.10000","4.37009","1,827.65906","0.00874","-0.00891","76.35289"
"131.20000","4.37338","1,830.39661","0.00878","-0.00889","76.46725"
"131.30000","4.37682","1,832.43579","0.00877","-0.00883","76.55244"
"131.40000","4.38011","1,834.34546","0.00878","-0.00892","76.63222"
"131.50000","4.38332","1,836.86035","0.00880","-0.00886","76.73728"
"131.60000","4.38668","1,839.36975","0.00880","-0.00887","76.84212"
"131.70000","4.39012","1,841.08374","0.00884","-0.00889","76.91372"
"131.80000","4.39333","1,843.75647","0.00886","-0.00909","77.02538"
"131.90000","4.39677","1,845.55798","0.00885","-0.00938","77.10064"
"132.00000","4.40021","1,849.38831","0.00887","-0.00934","77.26066"
"132.10000","4.40342","1,849.98303","0.00899","-0.00945","77.28550"
"132.20000","4.40671","1,852.81433","0.00901","-0.00940","77.40379"
"132.30000","4.41015","1,855.39661","0.00903","-0.00937","77.51166"
"132.40000","4.41329","1,857.43457","0.00899","-0.00918","77.59680"
"132.50000","4.41673","1,859.41663","0.00899","-0.00925","77.67960"
"132.60000","4.42009","1,862.01685","0.00897","-0.00915","77.78823"
"132.70000","4.42345","1,864.09949","0.00904","-0.00906","77.87524"
"132.80000","4.42674","1,866.78955","0.00907","-0.00899","77.98762"
"132.90000","4.43003","1,869.03906","0.00903","-0.00900","78.08159"
"133.00000","4.43347","1,870.09180","0.00904","-0.00903","78.12557"
"133.10000","4.43661","1,873.61572","0.00908","-0.00902","78.27279"
"133.20000","4.44004","1,874.97217","0.00911","-0.00899","78.32945"
"133.30000","4.44356","1,877.55249","0.00915","-0.00891","78.43725"
"133.40000","4.44670","1,879.91260","0.00911","-0.00893","78.53585"
"133.50000","4.45013","1,881.87085","0.00914","-0.00897","78.61766"
"133.60000","4.45350","1,884.96436","0.00916","-0.00895","78.74689"
"133.70000","4.45664","1,886.50073","0.00918","-0.00894","78.81107"
"133.80000","4.46007","1,889.30237","0.00920","-0.00896","78.92812"
"133.90000","4.46336","1,891.29041","0.00917","-0.00893","79.01117"
"134.00000","4.46672","1,894.07971","0.00924","-0.00898","79.12770"
"134.10000","4.47009","1,895.51379","0.00924","-0.00892","79.18761"
"134.20000","4.47345","1,897.66162","0.00924","-0.00889","79.27734"
"134.30000","4.47689","1,899.95007","0.00930","-0.00889","79.37294"
"134.40000","4.47995","1,902.27625","0.00930","-0.00884","79.47012"
"134.50000","4.48339","1,904.60254","0.00930","-0.00878","79.56731"
"134.60000","4.48683","1,906.38867","0.00932","-0.00880","79.64192"
"134.70000","4.48997","1,908.77039","0.00941","-0.00883","79.74142"
"134.80000","4.49348","1,911.01880","0.00942","-0.00886","79.83535"
"134.90000","4.49684","1,912.99939","0.00943","-0.00888","79.91809"
"135.00000","4.50006","1,915.33118","0.00937","-0.00933","80.01550"
"135.10000","4.50342","1,918.32129","0.00943","-0.00942","80.14042"
"135.20000","4.50671","1,919.54968","0.00944","-0.00938","80.19174"
"135.30000","4.51000","1,922.22839","0.00950","-0.00933","80.30365"
"135.40000","4.51336","1,924.00854","0.00953","-0.00927","80.37801"
"135.50000","4.51672","1,926.41211","0.00958","-0.00905","80.47842"
"135.60000","4.52016","1,928.43579","0.00955","-0.00902","80.56297"
"135.70000","4.52330","1,930.61365","0.00960","-0.00905","80.65395"
"135.80000","4.52674","1,932.89050","0.00960","-0.00906","80.74907"
"135.90000","4.53018","1,935.44385","0.00961","-0.00901","80.85574"
"136.00000","4.53324","1,937.03174","0.00961","-0.00892","80.92207"
"136.10000","4.53683","1,938.89136","0.00958","-0.00895","80.99976"
"136.20000","4.54019","1,942.17993","0.00965","-0.00886","81.13715"
"136.30000","4.54341","1,944.33594","0.00958","-0.00892","81.22722"
"136.40000","4.54684","1,946.92590","0.00969","-0.00890","81.33542"
"136.50000","4.55006","1,948.62378","0.00966","-0.00894","81.40635"
"136.60000","4.55342","1,950.42395","0.00966","-0.00893","81.48155"
"136.70000","4.55663","1,952.93225","0.00974","-0.00889","81.58634"
"136.80000","4.56000","1,954.65063","0.00968","-0.00886","81.65813"
"136.90000","4.56351","1,956.82776","0.00968","-0.00889","81.74908"
"137.00000","4.56665","1,958.99377","0.00979","-0.00889","81.83957"
"137.10000","4.57009","1,961.84888","0.00981","-0.00886","81.95885"
"137.20000","4.57352","1,963.64722","0.00976","-0.00882","82.03397"
"137.30000","4.57659","1,965.70972","0.00973","-0.00875","82.12014"
"137.40000","4.58003","1,968.73865","0.00978","-0.00872","82.24667"
"137.50000","4.58346","1,970.49341","0.00979","-0.00873","82.31998"
"137.60000","4.58668","1,972.63708","0.00993","-0.00876","82.40954"
"137.70000","4.59012","1,974.50647","0.00986","-0.00876","82.48763"
"137.80000","4.59348","1,977.37439","0.00982","-0.00875","82.60744"
"137.90000","4.59677","1,979.43408","0.00984","-0.00875","82.69349"
"138.00000","4.59998","1,982.16760","0.00991","-0.00883","82.80769"
"138.10000","4.60334","1,984.16101","0.00996","-0.00903","82.89096"
"138.20000","4.60678","1,986.30408","0.00997","-0.00932","82.98049"
"138.30000","4.61000","1,988.13123","0.00995","-0.00938","83.05682"
"138.40000","4.61351","1,990.14038","0.01000","-0.00917","83.14076"
"138.50000","4.61687","1,992.61902","0.01000","-0.00909","83.24431"
"138.60000","4.62001","1,994.50183","0.01001","-0.00913","83.32297"
"138.70000","4.62345","1,996.84387","0.01003","-0.00891","83.42081"
"138.80000","4.62681","1,999.79211","0.01008","-0.00892","83.54398"
"138.90000","4.62995","2,001.14233","0.01005","-0.00889","83.60038"
"139.00000","4.63346","2,004.21106","0.01009","-0.00886","83.72858"
"139.10000","4.63683","2,005.83655","0.01011","-0.00888","83.79649"
"139.20000","4.64004","2,008.32019","0.01015","-0.00885","83.90025"
"139.30000","4.64340","2,010.72766","0.01020","-0.00878","84.00082"
"139.40000","4.64677","2,012.21448","0.01022","-0.00888","84.06293"
"139.50000","4.65005","2,015.55713","0.01019","-0.00884","84.20258"
"139.60000","4.65327","2,016.71008","0.01018","-0.00879","84.25075"
"139.70000","4.65678","2,019.74927","0.01025","-0.00879","84.37771"
"139.80000","4.66007","2,022.65564","0.01024","-0.00884","84.49913"
"139.90000","4.66336","2,023.89392","0.01028","-0.00881","84.55086"
"140.00000","4.66680","2,026.63647","0.01026","-0.00881","84.66544"
"140.10000","4.67008","2,028.36523","0.01030","-0.00880","84.73766"
"140.20000","4.67330","2,030.34021","0.01032","-0.00876","84.82016"
"140.30000","4.67674","2,032.79773","0.01032","-0.00876","84.92283"
"140.40000","4.68010","2,035.33228","0.01036","-0.00871","85.02871"
"140.50000","4.68331","2,038.03625","0.01034","-0.00871","85.14168"
"140.60000","4.68675","2,039.49292","0.01035","-0.00865","85.20253"
"140.70000","4.69019","2,042.31238","0.01039","-0.00867","85.32031"
"140.80000","4.69333","2,044.38245","0.01032","-0.00866","85.40679"
"140.90000","4.69669","2,046.28406","0.01043","-0.00860","85.48624"
"141.00000","4.70013","2,049.01733","0.01047","-0.00863","85.60043"
"141.10000","4.70342","2,050.98511","0.01049","-0.00869","85.68263"
"141.20000","4.70671","2,052.82739","0.01043","-0.00875","85.75959"
"141.30000","4.71014","2,055.77881","0.01046","-0.00914","85.88290"
"141.40000","4.71351","2,057.46533","0.01050","-0.00906","85.95335"
"141.50000","4.71672","2,060.05542","0.01055","-0.00917","86.06155"
"141.60000","4.72001","2,062.17383","0.01050","-0.00908","86.15005"
"141.70000","4.72337","2,064.37720","0.01052","-0.00902","86.24210"
"141.80000","4.72659","2,066.42896","0.01059","-0.00895","86.32782"
"141.90000","4.73010","2,069.82520","0.01062","-0.00888","86.46970"
"142.00000","4.73354","2,071.53076","0.01060","-0.00889","86.54095"
"142.10000","4.73667","2,073.16455","0.01060","-0.00880","86.60921"
"142.20000","4.74004","2,075.26123","0.01059","-0.00882","86.69680"
"142.30000","4.74348","2,078.05176","0.01067","-0.00884","86.81338"
"142.40000","4.74669","2,080.07861","0.01066","-0.00876","86.89805"
"142.50000","4.75005","2,082.26074","0.01068","-0.00879","86.98921"
"142.60000","4.75342","2,084.62036","0.01073","-0.00875","87.08778"
"142.70000","4.75678","2,086.86475","0.01073","-0.00877","87.18155"
"142.80000","4.76007","2,089.15942","0.01072","-0.00874","87.27741"
"142.90000","4.76343","2,091.68579","0.01076","-0.00874","87.38296"
"143.00000","4.76679","2,092.59814","0.01075","-0.00874","87.42107"
"143.10000","4.76993","2,095.09204","0.01078","-0.00878","87.52525"
"143.20000","4.77337","2,097.25854","0.01080","-0.00870","87.61576"
"143.30000","4.77681","2,100.04663","0.01079","-0.00871","87.73224"
"143.40000","4.77995","2,102.11670","0.01080","-0.00867","87.81872"
"143.50000","4.78346","2,104.23291","0.01081","-0.00867","87.90713"
"143.60000","4.78682","2,107.10010","0.01083","-0.00862","88.02691"
"143.70000","4.79004","2,108.27783","0.01085","-0.00867","88.07611"
"143.80000","4.79340","2,110.54150","0.01086","-0.00861","88.17068"
"143.90000","4.79661","2,112.81372","0.01090","-0.00859","88.26560"
"144.00000","4.80005","2,114.86963","0.01089","-0.00857","88.35149"
"144.10000","4.80334","2,117.74561","0.01092","-0.00862","88.47164"
"144.20000","4.80670","2,119.02588","0.01094","-0.00865","88.52512"
"144.30000","4.81022","2,121.79883","0.01096","-0.00864","88.64097"
"144.40000","4.81328","2,124.17554","0.01096","-0.00876","88.74026"
"144.50000","4.81672","2,126.02002","0.01100","-0.00897","88.81731"
"144.60000","4.82016","2,128.19531","0.01099","-0.00897","88.90819"
"144.70000","4.82330","2,129.93433","0.01100","-0.00893","88.98083"
"144.80000","4.82681","2,133.16333","0.01104","-0.00901","89.11574"
"144.90000","4.83017","2,135.84790","0.01105","-0.00893","89.22788"
"145.00000","4.83338","2,137.14697","0.01107","-0.00886","89.28216"
"145.10000","4.83682","2,139.35132","0.01109","-0.00871","89.37424"
"145.20000","4.84004","2,141.08521","0.01111","-0.00874","89.44668"
"145.30000","4.84340","2,143.34131","0.01111","-0.00872","89.54093"
"145.40000","4.84669","2,145.67212","0.01110","-0.00866","89.63831"
"145.50000","4.85005","2,147.88208","0.01112","-0.00864","89.73063"
"145.60000","4.85349","2,150.01904","0.01116","-0.00865","89.81990"
"145.70000","4.85663","2,151.39697","0.01118","-0.00863","89.87747"
"145.80000","4.86007","2,154.80786","0.01120","-0.00868","90.01997"
"145.90000","4.86350","2,156.73682","0.01116","-0.00866","90.10055"
"146.00000","4.86657","2,157.90308","0.01120","-0.00869","90.14927"
"146.10000","4.87008","2,160.40601","0.01122","-0.00868","90.25383"
"146.20000","4.87344","2,163.02173","0.01126","-0.00866","90.36311"
"146.30000","4.87673","2,164.97583","0.01127","-0.00866","90.44474"
"146.40000","4.88017","2,167.51147","0.01126","-0.00867","90.55067"
"146.50000","4.88346","2,169.18311","0.01125","-0.00865","90.62051"
"146.60000","4.88667","2,170.89087","0.01130","-0.00855","90.69185"
"146.70000","4.88996","2,173.62109","0.01135","-0.00858","90.80591"
"146.80000","4.89340","2,175.65063","0.01133","-0.00853","90.89070"
"146.90000","4.89684","2,178.45166","0.01138","-0.00854","91.00771"
"147.00000","4.89997","2,180.57788","0.01138","-0.00853","91.09654"
"147.10000","4.90349","2,182.73242","0.01143","-0.00862","91.18655"
"147.20000","4.90685","2,184.74609","0.01141","-0.00849","91.27068"
"147.30000","4.90991","2,186.75244","0.01144","-0.00853","91.35449"
"147.40000","4.91343","2,188.87524","0.01144","-0.00863","91.44318"
"147.50000","4.91679","2,190.54346","0.01145","-0.00876","91.51286"
"147.60000","4.92000","2,192.51929","0.01148","-0.00885","91.59541"
"147.70000","4.92344","2,195.36914","0.01151","-0.00884","91.71446"
"147.80000","4.92681","2,196.84985","0.01151","-0.00885","91.77632"
"147.90000","4.93009","2,199.59155","0.01156","-0.00885","91.89086"
"148.00000","4.93331","2,201.79736","0.01155","-0.00880","91.98301"
"148.10000","4.93667","2,204.29492","0.01157","-0.00873","92.08735"
"148.20000","4.94003","2,206.06445","0.01156","-0.00872","92.16128"
"148.30000","4.94325","2,208.65869","0.01156","-0.00863","92.26965"
"148.40000","4.94683","2,210.01758","0.01161","-0.00858","92.32642"
"148.50000","4.95012","2,212.77319","0.01159","-0.00851","92.44154"
"148.60000","4.95334","2,214.86572","0.01159","-0.00861","92.52896"
"148.70000","4.95677","2,217.17310","0.01160","-0.00854","92.62535"
"148.80000","4.96006","2,218.73047","0.01164","-0.00857","92.69041"
"148.90000","4.96328","2,220.91992","0.01163","-0.00854","92.78188"
"149.00000","4.96679","2,224.35693","0.01167","-0.00850","92.92547"
"149.10000","4.97015","2,225.71338","0.01170","-0.00857","92.98213"
"149.20000","4.97337","2,228.45386","0.01173","-0.00855","93.09663"
"149.30000","4.97673","2,229.99072","0.01172","-0.00856","93.16083"
"149.40000","4.98017","2,232.91504","0.01174","-0.00857","93.28300"
"149.50000","4.98338","2,234.75952","0.01178","-0.00855","93.36005"
"149.60000","4.98667","2,237.67480","0.01177","-0.00853","93.48184"
"149.70000","4.99011","2,239.76782","0.01181","-0.00846","93.56927"
"149.80000","4.99340","2,242.16333","0.01180","-0.00841","93.66936"
"149.90000","4.99668","2,243.92920","0.01183","-0.00847","93.74313"
"150.00000","5.00020","2,246.57544","0.01184","-0.00838","93.85368"
"150.10000","5.00348","2,248.38599","0.01185","-0.00834","93.92931"
"150.20000","5.00662","2,250.14453","0.01187","-0.00838","94.00278"
"150.30000","5.01006","2,252.58228","0.01193","-0.00839","94.10462"
"150.40000","5.01343","2,255.21997","0.01190","-0.00839","94.21481"
"150.50000","5.01664","2,256.96387","0.01193","-0.00836","94.28767"
"150.60000","5.02008","2,259.31372","0.01198","-0.00849","94.38583"
"150.70000","5.02351","2,261.68213","0.01198","-0.00859","94.48478"
"150.80000","5.02673","2,264.11011","0.01197","-0.00855","94.58621"
"150.90000","5.03002","2,265.41089","0.01198","-0.00869","94.64055"
"151.00000","5.03338","2,267.60059","0.01200","-0.00874","94.73203"
"151.10000","5.03667","2,270.56616","0.01201","-0.00867","94.85592"
"151.20000","5.04003","2,272.43896","0.01202","-0.00870","94.93416"
"151.30000","5.04347","2,275.24854","0.01205","-0.00856","95.05153"
"151.40000","5.04683","2,277.66748","0.01208","-0.00843","95.15259"
"151.50000","5.05005","2,278.71729","0.01210","-0.00844","95.19644"
"151.60000","5.05341","2,281.30518","0.01211","-0.00848","95.30456"
"151.70000","5.05677","2,283.53662","0.01211","-0.00846","95.39778"
"151.80000","5.05991","2,286.05151","0.01215","-0.00843","95.50284"
"151.90000","5.06335","2,288.53760","0.01216","-0.00850","95.60670"
"152.00000","5.06679","2,290.69897","0.01218","-0.00840","95.69700"
"152.10000","5.07008","2,292.33887","0.01219","-0.00842","95.76550"
"152.20000","5.07344","2,294.44531","0.01219","-0.00845","95.85350"
"152.30000","5.07680","2,297.29663","0.01222","-0.00847","95.97262"
"152.40000","5.08002","2,299.21338","0.01222","-0.00845","96.05270"
"152.50000","5.08338","2,301.34741","0.01226","-0.00844","96.14185"
"152.60000","5.08667","2,303.70020","0.01229","-0.00842","96.24014"
"152.70000","5.09011","2,305.90308","0.01226","-0.00844","96.33217"
"152.80000","5.09339","2,308.19849","0.01229","-0.00840","96.42806"
"152.90000","5.09676","2,310.84937","0.01233","-0.00835","96.53880"
"153.00000","5.10019","2,312.55713","0.01229","-0.00832","96.61015"
"153.10000","5.10326","2,314.16797","0.01235","-0.00826","96.67744"
"153.20000","5.10670","2,317.07349","0.01236","-0.00833","96.79883"
"153.30000","5.11013","2,318.96118","0.01235","-0.00827","96.87769"
"153.40000","5.11335","2,321.06250","0.01237","-0.00832","96.96547"
"153.50000","5.11679","2,323.83472","0.01237","-0.00830","97.08128"
"153.60000","5.12015","2,325.82715","0.01239","-0.00833","97.16452"
"153.70000","5.12336","2,327.90869","0.01244","-0.00828","97.25148"
"153.80000","5.12673","2,329.56104","0.01243","-0.00832","97.32051"
"153.90000","5.13001","2,332.11816","0.01244","-0.00840","97.42734"
"154.00000","5.13345","2,333.95215","0.01248","-0.00853","97.50395"
"154.10000","5.13674","2,336.93237","0.01250","-0.00858","97.62846"
"154.20000","5.14003","2,338.64551","0.01254","-0.00863","97.70003"
"154.30000","5.14362","2,340.67505","0.01247","-0.00864","97.78481"
"154.40000","5.14661","2,343.16577","0.01250","-0.00861","97.88886"
"154.50000","5.15004","2,345.66431","0.01257","-0.00835","97.99325"
"154.60000","5.15341","2,347.39526","0.01253","-0.00841","98.06556"
"154.70000","5.15655","2,349.64209","0.01259","-0.00835","98.15942"
"154.80000","5.16013","2,352.18457","0.01261","-0.00841","98.26564"
"154.90000","5.16350","2,354.14185","0.01258","-0.00834","98.34740"
"155.00000","5.16671","2,356.05908","0.01262","-0.00841","98.42750"
"155.10000","5.17007","2,357.91675","0.01264","-0.00835","98.50510"
"155.20000","5.17336","2,360.53882","0.01266","-0.00839","98.61465"
"155.30000","5.17673","2,362.80420","0.01268","-0.00841","98.70929"
"155.40000","5.18001","2,364.96509","0.01269","-0.00839","98.79956"
"155.50000","5.18338","2,366.57446","0.01274","-0.00833","98.86680"
"155.60000","5.18689","2,368.58643","0.01275","-0.00839","98.95084"
"155.70000","5.18995","2,370.53101","0.01271","-0.00841","99.03208"
"155.80000","5.19347","2,372.77856","0.01274","-0.00837","99.12598"
"155.90000","5.19683","2,375.71948","0.01279","-0.00837","99.24884"
"156.00000","5.19989","2,376.38110","0.01281","-0.00824","99.27648"
"156.10000","5.20341","2,379.26270","0.01282","-0.00826","99.39687"
"156.20000","5.20677","2,381.37842","0.01283","-0.00825","99.48525"
"156.30000","5.20998","2,383.64819","0.01283","-0.00827","99.58007"
"156.40000","5.21342","2,385.30200","0.01287","-0.00825","99.64916"
"156.50000","5.21678","2,387.97949","0.01287","-0.00832","99.76102"
"156.60000","5.22015","2,390.72388","0.01286","-0.00826","99.87567"
"156.70000","5.22336","2,391.87183","0.01289","-0.00827","99.92362"
"156.80000","5.22672","2,394.04004","0.01289","-0.00820","100.01421"
"156.90000","5.23009","2,396.63843","0.01293","-0.00822","100.12276"
"157.00000","5.23323","2,398.90039","0.01294","-0.00833","100.21725"
"157.10000","5.23681","2,400.74658","0.01295","-0.00842","100.29438"
"157.20000","5.24018","2,403.38550","0.01298","-0.00861","100.40462"
"157.30000","5.24324","2,404.64990","0.01300","-0.00853","100.45744"
"157.40000","5.24675","2,406.75391","0.01302","-0.00854","100.54534"
"157.50000","5.25012","2,408.91309","0.01299","-0.00851","100.63554"
"157.60000","5.25333","2,410.89844","0.01309","-0.00835","100.71849"
"157.70000","5.25677","2,413.65674","0.01307","-0.00829","100.83372"
"157.80000","5.26013","2,415.91895","0.01311","-0.00826","100.92822"
"157.90000","5.26342","2,417.81982","0.01310","-0.00830","101.00764"
"158.00000","5.26671","2,419.71606","0.01313","-0.00833","101.08685"
"158.10000","5.27007","2,422.03442","0.01316","-0.00835","101.18371"
"158.20000","5.27336","2,423.72290","0.01316","-0.00826","101.25425"
"158.30000","5.27665","2,426.45386","0.01318","-0.00827","101.36834"
"158.40000","5.28016","2,428.60181","0.01320","-0.00832","101.45807"
"158.50000","5.28345","2,431.26709","0.01321","-0.00829","101.56941"
"158.60000","5.28666","2,432.87939","0.01324","-0.00828","101.63677"
"158.70000","5.29010","2,434.65137","0.01328","-0.00826","101.71080"
"158.80000","5.29346","2,437.38452","0.01324","-0.00827","101.82498"
"158.90000","5.29660","2,439.82959","0.01328","-0.00830","101.92712"
"159.00000","5.30004","2,441.25659","0.01330","-0.00820","101.98674"
"159.10000","5.30340","2,442.86377","0.01330","-0.00823","102.05388"
"159.20000","5.30669","2,445.81128","0.01333","-0.00816","102.17702"
"159.30000","5.31006","2,447.94897","0.01331","-0.00813","102.26632"
"159.40000","5.31349","2,449.87622","0.01333","-0.00814","102.34684"
"159.50000","5.31671","2,452.38550","0.01335","-0.00815","102.45167"
"159.60000","5.31992","2,454.54883","0.01335","-0.00814","102.54204"
"159.70000","5.32343","2,456.38525","0.01340","-0.00813","102.61876"
"159.80000","5.32672","2,459.37329","0.01341","-0.00811","102.74359"
"159.90000","5.33001","2,460.96631","0.01344","-0.00818","102.81014"
"160.00000","5.33345","2,463.22144","0.01343","-0.00804","102.90435"
"160.10000","5.33689","2,465.82812","0.01342","-0.00807","103.01324"
"160.20000","5.34003","2,467.71826","0.01345","-0.00819","103.09221"
"160.30000","5.34339","2,469.38013","0.01350","-0.00836","103.16164"
"160.40000","5.34675","2,471.64771","0.01350","-0.00842","103.25637"
"160.50000","5.34997","2,473.87354","0.01351","-0.00845","103.34936"
"160.60000","5.35340","2,476.34741","0.01352","-0.00839","103.45271"
"160.70000","5.35677","2,478.65698","0.01354","-0.00833","103.54919"
"160.80000","5.36006","2,481.06226","0.01357","-0.00823","103.64967"
"160.90000","5.36327","2,482.69458","0.01359","-0.00815","103.71786"
"161.00000","5.36671","2,485.51587","0.01361","-0.00821","103.83573"
"161.10000","5.36999","2,486.95825","0.01356","-0.00819","103.89599"
"161.20000","5.37336","2,488.95776","0.01357","-0.00824","103.97952"
"161.30000","5.37680","2,492.19165","0.01363","-0.00819","104.11462"
"161.40000","5.38008","2,493.31299","0.01369","-0.00827","104.16147"
"161.50000","5.38337","2,495.67480","0.01368","-0.00821","104.26013"
"161.60000","5.38674","2,498.22559","0.01369","-0.00818","104.36669"
"161.70000","5.39017","2,500.69653","0.01368","-0.00820","104.46992"
"161.80000","5.39324","2,501.72290","0.01372","-0.00821","104.51280"
"161.90000","5.39668","2,504.54956","0.01376","-0.00819","104.63089"
"162.00000","5.40026","2,506.67456","0.01376","-0.00817","104.71967"
"162.10000","5.40340","2,509.58081","0.01374","-0.00817","104.84107"
"162.20000","5.40677","2,510.59863","0.01377","-0.00809","104.88360"
"162.30000","5.41013","2,513.57715","0.01381","-0.00809","105.00803"
"162.40000","5.41342","2,515.00000","0.01383","-0.00810","105.06747"
"162.50000","5.41671","2,517.38696","0.01384","-0.00806","105.16719"
"162.60000","5.42007","2,519.95679","0.01380","-0.00804","105.27454"
"162.70000","5.42343","2,522.19531","0.01384","-0.00806","105.36806"
"162.80000","5.42672","2,523.59204","0.01387","-0.00798","105.42641"
"162.90000","5.43016","2,526.08154","0.01390","-0.00821","105.53042"
"163.00000","5.43360","2,528.53418","0.01389","-0.00805","105.63287"
"163.10000","5.43659","2,530.67041","0.01388","-0.00797","105.72212"
"163.20000","5.44002","2,532.76929","0.01392","-0.00797","105.80981"
"163.30000","5.44346","2,534.17725","0.01398","-0.00799","105.86862"
"163.40000","5.44668","2,536.74268","0.01396","-0.00810","105.97580"
"163.50000","5.45011","2,539.08325","0.01398","-0.00829","106.07358"
"163.60000","5.45348","2,540.96826","0.01400","-0.00828","106.15233"
"163.70000","5.45676","2,543.05200","0.01400","-0.00829","106.23938"
"163.80000","5.46005","2,546.01367","0.01403","-0.00827","106.36311"
"163.90000","5.46334","2,548.08691","0.01405","-0.00811","106.44972"
"164.00000","5.46670","2,550.00098","0.01407","-0.00815","106.52968"
"164.10000","5.46992","2,552.26831","0.01409","-0.00814","106.62440"
"164.20000","5.47336","2,554.27148","0.01410","-0.00808","106.70808"
"164.30000","5.47687","2,556.49756","0.01413","-0.00806","106.80109"
"164.40000","5.48001","2,558.55127","0.01414","-0.00811","106.88688"
"164.50000","5.48337","2,560.07007","0.01415","-0.00811","106.95033"
"164.60000","5.48681","2,562.25586","0.01414","-0.00814","107.04165"
"164.70000","5.48995","2,565.48926","0.01418","-0.00814","107.17673"
"164.80000","5.49346","2,566.54932","0.01419","-0.00812","107.22101"
"164.90000","5.49682","2,569.14648","0.01422","-0.00814","107.32951"
"165.00000","5.50011","2,571.02026","0.01423","-0.00813","107.40779"
"165.10000","5.50340","2,573.40454","0.01423","-0.00810","107.50739"
"165.20000","5.50676","2,575.50024","0.01427","-0.00811","107.59495"
"165.30000","5.51005","2,577.49585","0.01425","-0.00811","107.67831"
"165.40000","5.51327","2,579.10718","0.01429","-0.00804","107.74563"
"165.50000","5.51670","2,581.57861","0.01428","-0.00800","107.84888"
"165.60000","5.52022","2,583.85571","0.01430","-0.00799","107.94401"
"165.70000","5.52328","2,585.93018","0.01435","-0.00792","108.03067"
"165.80000","5.52679","2,588.48535","0.01439","-0.00795","108.13742"
"165.90000","5.53016","2,590.92139","0.01438","-0.00796","108.23919"
"166.00000","5.53330","2,592.35400","0.01438","-0.00817","108.29903"
"166.10000","5.53673","2,595.18726","0.01438","-0.00818","108.41740"
"166.20000","5.54010","2,596.91504","0.01443","-0.00806","108.48958"
"166.30000","5.54331","2,599.36963","0.01444","-0.00787","108.59212"
"166.40000","5.54675","2,601.38501","0.01443","-0.00778","108.67632"
"166.50000","5.55019","2,603.43970","0.01445","-0.00796","108.76215"
"166.60000","5.55347","2,606.49902","0.01450","-0.00807","108.88996"
"166.70000","5.55661","2,608.16602","0.01448","-0.00809","108.95960"
"166.80000","5.56005","2,609.75708","0.01451","-0.00822","109.02607"
"166.90000","5.56349","2,612.57617","0.01449","-0.00825","109.14384"
"167.00000","5.56663","2,614.37671","0.01452","-0.00806","109.21906"
"167.10000","5.57014","2,616.92358","0.01455","-0.00805","109.32546"
"167.20000","5.57350","2,618.81201","0.01459","-0.00809","109.40435"
"167.30000","5.57664","2,620.91333","0.01458","-0.00804","109.49214"
"167.40000","5.58008","2,623.49902","0.01462","-0.00805","109.60016"
"167.50000","5.58344","2,625.57666","0.01463","-0.00802","109.68696"
"167.60000","5.58658","2,627.65601","0.01462","-0.00807","109.77383"
"167.70000","5.59002","2,629.91895","0.01461","-0.00802","109.86836"
"167.80000","5.59346","2,631.16406","0.01469","-0.00807","109.92038"
"167.90000","5.59675","2,633.23560","0.01469","-0.00806","110.00692"
"168.00000","5.60004","2,636.44263","0.01470","-0.00801","110.14090"
"168.10000","5.60340","2,637.88599","0.01470","-0.00802","110.20119"
"168.20000","5.60676","2,639.49634","0.01471","-0.00802","110.26847"
"168.30000","5.60990","2,642.21558","0.01474","-0.00805","110.38206"
"168.40000","5.61341","2,645.15479","0.01475","-0.00797","110.50486"
"168.50000","5.61678","2,646.72266","0.01478","-0.00797","110.57036"
"168.60000","5.61999","2,648.78076","0.01476","-0.00797","110.65634"
"168.70000","5.62350","2,650.96436","0.01483","-0.00788","110.74756"
"168.80000","5.62679","2,653.43921","0.01481","-0.00785","110.85095"
"168.90000","5.63001","2,656.33252","0.01480","-0.00790","110.97182"
"169.00000","5.63337","2,657.76392","0.01484","-0.00785","111.03162"
"169.10000","5.63673","2,660.22485","0.01484","-0.00786","111.13443"
"169.20000","5.64009","2,662.71240","0.01490","-0.00810","111.23835"
"169.30000","5.64338","2,663.78320","0.01489","-0.00796","111.28309"
"169.40000","5.64682","2,666.93896","0.01491","-0.00777","111.41492"
"169.50000","5.65011","2,669.36426","0.01493","-0.00769","111.51624"
"169.60000","5.65332","2,671.11426","0.01496","-0.00779","111.58935"
"169.70000","5.65676","2,672.82812","0.01493","-0.00779","111.66095"
"169.80000","5.66005","2,675.65356","0.01496","-0.00795","111.77898"
"169.90000","5.66334","2,677.19971","0.01501","-0.00803","111.84357"
"170.00000","5.66678","2,680.21338","0.01501","-0.00815","111.96947"
"170.10000","5.67014","2,682.52100","0.01500","-0.00816","112.06588"
"170.20000","5.67335","2,684.09863","0.01502","-0.00795","112.13179"
"170.30000","5.67664","2,685.10913","0.01500","-0.00795","112.17400"
"170.40000","5.68008","2,687.79565","0.01503","-0.00792","112.28624"
"170.50000","5.68337","2,690.47485","0.01510","-0.00795","112.39816"
"170.60000","5.68666","2,692.65771","0.01505","-0.00791","112.48936"
"170.70000","5.69017","2,695.00659","0.01503","-0.00797","112.58749"
"170.80000","5.69346","2,697.78418","0.01514","-0.00796","112.70352"
"170.90000","5.69667","2,699.47070","0.01514","-0.00795","112.77398"
"171.00000","5.70011","2,701.88965","0.01518","-0.00794","112.87503"
"171.10000","5.70340","2,703.97803","0.01518","-0.00786","112.96228"
"171.20000","5.70668","2,705.27197","0.01521","-0.00798","113.01633"
"171.30000","5.71005","2,707.74292","0.01520","-0.00788","113.11956"
"171.40000","5.71349","2,709.24390","0.01522","-0.00791","113.18227"
"171.50000","5.71670","2,711.73853","0.01526","-0.00792","113.28648"
"171.60000","5.72014","2,714.43579","0.01524","-0.00786","113.39916"
"171.70000","5.72350","2,716.43628","0.01528","-0.00784","113.48273"
"171.80000","5.72664","2,718.51929","0.01528","-0.00781","113.56976"
"171.90000","5.73000","2,721.21924","0.01531","-0.00782","113.68255"
"172.00000","5.73344","2,722.85693","0.01532","-0.00779","113.75097"
"172.10000","5.73665","2,724.68164","0.01532","-0.00777","113.82720"
"172.20000","5.74002","2,727.56055","0.01538","-0.00778","113.94747"
"172.30000","5.74345","2,729.79663","0.01536","-0.00785","114.04089"
"172.40000","5.74674","2,731.76514","0.01540","-0.00805","114.12312"
"172.50000","5.75003","2,733.48169","0.01539","-0.00790","114.19483"
"172.60000","5.75332","2,735.17334","0.01540","-0.00776","114.26550"
"172.70000","5.75676","2,738.27808","0.01544","-0.00763","114.39521"
"172.80000","5.75997","2,739.77881","0.01546","-0.00766","114.45790"
"172.90000","5.76341","2,741.85327","0.01548","-0.00773","114.54456"
"173.00000","5.76692","2,745.11475","0.01550","-0.00774","114.68082"
"173.10000","5.76999","2,746.92847","0.01544","-0.00798","114.75659"
"173.20000","5.77343","2,748.36182","0.01545","-0.00786","114.81647"
"173.30000","5.77679","2,750.58423","0.01549","-0.00788","114.90931"
"173.40000","5.78000","2,752.52246","0.01549","-0.00783","114.99029"
"173.50000","5.78344","2,754.68848","0.01548","-0.00788","115.08077"
"173.60000","5.78680","2,757.41455","0.01542","-0.00788","115.19466"
"173.70000","5.79009","2,759.46875","0.01548","-0.00785","115.28048"
"173.80000","5.79338","2,761.29907","0.01556","-0.00784","115.35694"
"173.90000","5.79667","2,762.82422","0.01561","-0.00780","115.42065"
"174.00000","5.80011","2,765.63525","0.01551","-0.00786","115.53809"
"174.10000","5.80325","2,767.20386","0.01550","-0.00782","115.60362"
"174.20000","5.80668","2,769.52808","0.01554","-0.00781","115.70071"
"174.30000","5.81027","2,771.58179","0.01559","-0.00785","115.78651"
"174.40000","5.81326","2,773.15479","0.01567","-0.00785","115.85223"
"174.50000","5.81677","2,775.26685","0.01561","-0.00782","115.94046"
"174.60000","5.82014","2,777.90894","0.01564","-0.00784","116.05084"
"174.70000","5.82327","2,779.68921","0.01572","-0.00780","116.12521"
"174.80000","5.82671","2,781.98877","0.01564","-0.00784","116.22128"
"174.90000","5.83015","2,784.47070","0.01569","-0.00782","116.32497"
"175.00000","5.83336","2,785.97412","0.01576","-0.00775","116.38777"
"175.10000","5.83680","2,787.26367","0.01577","-0.00766","116.44164"
"175.20000","5.84017","2,790.55371","0.01574","-0.00770","116.57909"
"175.30000","5.84345","2,792.52368","0.01570","-0.00769","116.66139"
"175.40000","5.84659","2,793.39746","0.01575","-0.00786","116.69789"
"175.50000","5.85003","2,796.02173","0.01573","-0.00784","116.80753"
"175.60000","5.85354","2,798.88721","0.01579","-0.00798","116.92723"
"175.70000","5.85661","2,799.91650","0.01577","-0.00791","116.97024"
"175.80000","5.86012","2,801.77466","0.01582","-0.00758","117.04786"
"175.90000","5.86356","2,804.20508","0.01580","-0.00757","117.14940"
"176.00000","5.86662","2,806.01978","0.01588","-0.00752","117.22520"
"176.10000","5.87013","2,807.37158","0.01585","-0.00761","117.28168"
"176.20000","5.87342","2,809.15112","0.01591","-0.00765","117.35603"
"176.30000","5.87671","2,811.32983","0.01586","-0.00766","117.44704"
"176.40000","5.88007","2,812.58813","0.01588","-0.00781","117.49961"
"176.50000","5.88344","2,813.78418","0.01583","-0.00780","117.54958"
"176.60000","5.88680","2,814.62524","0.01585","-0.00774","117.58471"
"176.70000","5.88994","2,814.78003","0.01587","-0.00772","117.59118"
"176.80000","5.89338","2,814.88477","0.01588","-0.00780","117.59555"
"176.84400","5.89495","2,503.74756","0.01605","-0.00767","104.59738"
"176.84800","5.89510","2,230.30859","0.01605","-0.00767","93.17411"
"176.85200","5.89525","1,923.49438","0.01605","-0.00767","80.35654"
"176.85600","5.89547","1,611.38440","0.01605","-0.00767","67.31773"
