Modulus (Segment 0.001 mm/mm - 0.008 mm/mm) : Modulus (Segment 0.001 mm/mm - 0.008 mm/mm),"6,361.88913",MPa
Poisson's ratio (Least squares fit) : Poisson's ratio (Least squares fit),"0.16667"
Specimen properties : Gauge length,"15.20000",mm
Specimen properties : Gauge length transverse,"4.90700",mm
Specimen properties : Thickness,"2.57000",mm
Specimen properties : Width,"15.08000",mm

Time,Extension,Load,Video axial strain,Video transverse strain,Calculated Stress
(s),(mm),(N),(mm/mm),(mm/mm),(MPa)
"0.00000","0.00000","78.36812","-0.00001","0.00000","2.02211"
"0.10000","0.00127","77.95390","-0.00001","0.00002","2.01142"
"0.20000","0.00568","84.09900","0.00005","0.00009","2.16998"
"0.30000","0.00994","91.63242","0.00011","0.00024","2.36437"
"0.40000","0.01345","97.59847","0.00013","0.00028","2.51831"
"0.50000","0.01659","103.03880","0.00017","0.00031","2.65868"
"0.60000","0.02003","109.24178","0.00020","0.00032","2.81874"
"0.70000","0.02347","113.94745","0.00020","0.00039","2.94015"
"0.80000","0.02676","119.14581","0.00025","0.00046","3.07429"
"0.90000","0.03012","125.01398","0.00027","0.00039","3.22570"
"1.00000","0.03356","130.69762","0.00028","0.00038","3.37235"
"1.10000","0.03670","136.07358","0.00030","0.00048","3.51107"
"1.20000","0.03991","141.75270","0.00033","0.00051","3.65761"
"1.30000","0.04342","147.66489","0.00032","0.00044","3.81016"
"1.40000","0.04671","152.84381","0.00032","0.00027","3.94379"
"1.50000","0.05000","157.50542","0.00034","0.00018","4.06407"
"1.60000","0.05344","162.92920","0.00035","0.00010","4.20402"
"1.70000","0.05680","170.06613","0.00037","0.00008","4.38817"
"1.80000","0.05994","174.62878","0.00039","0.00002","4.50590"
"1.90000","0.06338","180.08463","0.00040","0.00005","4.64667"
"2.00000","0.06681","185.48958","0.00042","-0.00002","4.78614"
"2.10000","0.06995","190.51207","0.00044","-0.00006","4.91573"
"2.20000","0.07339","196.16461","0.00045","-0.00009","5.06158"
"2.30000","0.07690","201.84496","0.00047","-0.00001","5.20815"
"2.40000","0.08004","207.42714","0.00050","-0.00005","5.35218"
"2.50000","0.08341","212.61009","0.00052","-0.00008","5.48592"
"2.60000","0.08677","217.85800","0.00056","-0.00011","5.62133"
"2.70000","0.09006","223.86620","0.00058","-0.00012","5.77636"
"2.80000","0.09335","228.40451","0.00062","-0.00019","5.89346"
"2.90000","0.09678","233.91423","0.00061","-0.00020","6.03562"
"3.00000","0.10015","239.19800","0.00065","-0.00021","6.17196"
"3.10000","0.10336","244.49937","0.00066","-0.00014","6.30875"
"3.20000","0.10672","249.56041","0.00070","-0.00011","6.43934"
"3.30000","0.11009","255.23058","0.00072","-0.00004","6.58564"
"3.40000","0.11323","260.05222","0.00074","-0.00002","6.71006"
"3.50000","0.11674","265.63058","0.00078","0.00015","6.85399"
"3.60000","0.12018","271.28043","0.00082","0.00020","6.99977"
"3.70000","0.12332","275.93936","0.00081","0.00031","7.11999"
"3.80000","0.12675","281.38287","0.00085","0.00031","7.26044"
"3.90000","0.13012","286.30957","0.00083","0.00039","7.38757"
"4.00000","0.13333","292.26154","0.00087","0.00042","7.54114"
"4.10000","0.13669","296.65134","0.00092","0.00044","7.65441"
"4.20000","0.14006","302.31580","0.00091","0.00043","7.80057"
"4.30000","0.14342","307.12836","0.00089","0.00050","7.92475"
"4.40000","0.14671","312.75751","0.00092","0.00048","8.06999"
"4.50000","0.15015","317.67093","0.00095","0.00049","8.19677"
"4.60000","0.15358","323.76627","0.00095","0.00056","8.35405"
"4.70000","0.15657","327.83075","0.00095","0.00041","8.45893"
"4.80000","0.16001","333.28143","0.00097","0.00025","8.59957"
"4.90000","0.16345","337.71527","0.00097","0.00011","8.71397"
"5.00000","0.16666","343.71161","0.00099","0.00008","8.86870"
"5.10000","0.17010","349.24371","0.00099","0.00010","9.01144"
"5.20000","0.17346","353.67188","0.00099","0.00003","9.12570"
"5.30000","0.17675","358.99390","0.00105","0.00000","9.26302"
"5.40000","0.18012","363.97687","0.00108","0.00000","9.39159"
"5.50000","0.18333","369.36490","0.00105","0.00002","9.53062"
"5.60000","0.18669","374.72079","0.00108","0.00001","9.66882"
"5.70000","0.18998","378.90067","0.00112","-0.00003","9.77667"
"5.80000","0.19342","383.73639","0.00114","0.00001","9.90144"
"5.90000","0.19686","389.61008","0.00114","0.00001","10.05300"
"6.00000","0.20000","393.51685","0.00118","-0.00013","10.15381"
"6.10000","0.20336","399.17767","0.00119","-0.00014","10.29987"
"6.20000","0.20680","404.48215","0.00121","-0.00013","10.43674"
"6.30000","0.20994","409.11264","0.00123","-0.00015","10.55622"
"6.40000","0.21345","414.33270","0.00127","-0.00008","10.69091"
"6.50000","0.21681","419.18558","0.00130","-0.00006","10.81613"
"6.60000","0.22003","424.25729","0.00129","0.00005","10.94699"
"6.70000","0.22346","428.74957","0.00133","0.00008","11.06291"
"6.80000","0.22675","433.87698","0.00133","0.00026","11.19521"
"6.90000","0.23004","438.84940","0.00133","0.00035","11.32351"
"7.00000","0.23333","443.51514","0.00137","0.00041","11.44390"
"7.10000","0.23662","448.97156","0.00138","0.00033","11.58469"
"7.20000","0.24020","453.30432","0.00139","0.00045","11.69649"
"7.30000","0.24327","458.61420","0.00141","0.00043","11.83350"
"7.40000","0.24678","462.72617","0.00143","0.00048","11.93960"
"7.50000","0.25014","467.55612","0.00145","0.00060","12.06422"
"7.60000","0.25321","472.48685","0.00147","0.00055","12.19145"
"7.70000","0.25672","477.23245","0.00150","0.00062","12.31390"
"7.80000","0.26008","481.99390","0.00150","0.00065","12.43676"
"7.90000","0.26330","486.07919","0.00149","0.00062","12.54217"
"8.00000","0.26681","491.46539","0.00153","0.00047","12.68115"
"8.10000","0.27017","495.75964","0.00150","0.00041","12.79195"
"8.20000","0.27346","500.37708","0.00153","0.00015","12.91109"
"8.30000","0.27668","505.40292","0.00158","0.00015","13.04077"
"8.40000","0.28004","509.16028","0.00155","0.00017","13.13772"
"8.50000","0.28348","514.60474","0.00158","0.00019","13.27820"
"8.60000","0.28662","519.19861","0.00161","0.00006","13.39674"
"8.70000","0.29013","524.41724","0.00162","0.00008","13.53139"
"8.80000","0.29349","529.20984","0.00164","0.00012","13.65506"
"8.90000","0.29663","533.58923","0.00164","0.00014","13.76805"
"9.00000","0.30014","537.99200","0.00166","0.00011","13.88166"
"9.10000","0.30351","542.98120","0.00169","0.00005","14.01039"
"9.20000","0.30665","546.94208","0.00172","0.00001","14.11259"
"9.30000","0.31008","551.56805","0.00172","-0.00002","14.23196"
"9.40000","0.31345","556.44598","0.00175","-0.00012","14.35782"
"9.50000","0.31673","562.11029","0.00177","-0.00007","14.50398"
"9.60000","0.32010","565.79309","0.00177","-0.00007","14.59900"
"9.70000","0.32339","570.13867","0.00181","0.00005","14.71113"
"9.80000","0.32675","574.42853","0.00183","-0.00001","14.82182"
"9.90000","0.32989","579.40112","0.00183","0.00011","14.95013"
"10.00000","0.33348","584.44092","0.00186","0.00018","15.08017"
"10.10000","0.33684","588.81458","0.00188","0.00031","15.19302"
"10.20000","0.33998","592.92212","0.00188","0.00030","15.29900"
"10.30000","0.34357","596.60071","0.00191","0.00032","15.39392"
"10.40000","0.34678","602.31476","0.00190","0.00043","15.54136"
"10.50000","0.34992","605.99762","0.00189","0.00044","15.63639"
"10.60000","0.35336","610.53455","0.00194","0.00052","15.75345"
"10.70000","0.35679","615.22052","0.00195","0.00059","15.87436"
"10.80000","0.36001","619.91095","0.00196","0.00061","15.99539"
"10.90000","0.36345","624.13116","0.00196","0.00066","16.10428"
"11.00000","0.36688","629.08813","0.00200","0.00069","16.23219"
"11.10000","0.37002","633.51660","0.00203","0.00065","16.34645"
"11.20000","0.37331","636.86121","0.00202","0.00068","16.43275"
"11.30000","0.37675","641.29980","0.00203","0.00068","16.54728"
"11.40000","0.38004","646.52130","0.00205","0.00062","16.68201"
"11.50000","0.38333","649.82355","0.00208","0.00060","16.76722"
"11.60000","0.38684","655.44098","0.00208","0.00019","16.91216"
"11.70000","0.39020","659.01166","0.00210","0.00027","17.00430"
"11.80000","0.39334","663.14307","0.00211","0.00017","17.11090"
"11.90000","0.39670","667.19342","0.00213","0.00016","17.21541"
"12.00000","0.40007","671.05164","0.00216","0.00020","17.31496"
"12.10000","0.40328","675.63794","0.00218","0.00019","17.43330"
"12.20000","0.40672","679.91840","0.00220","0.00010","17.54375"
"12.30000","0.41016","684.34631","0.00221","0.00015","17.65800"
"12.40000","0.41337","688.32257","0.00222","0.00018","17.76060"
"12.50000","0.41673","692.61047","0.00226","0.00013","17.87124"
"12.60000","0.42010","696.42944","0.00228","0.00001","17.96978"
"12.70000","0.42338","701.15283","0.00228","0.00001","18.09165"
"12.80000","0.42667","704.80920","0.00226","-0.00004","18.18600"
"12.90000","0.43011","708.82397","0.00231","-0.00001","18.28959"
"13.00000","0.43355","713.17004","0.00233","-0.00002","18.40173"
"13.10000","0.43669","717.73145","0.00234","0.00006","18.51943"
"13.20000","0.44013","722.08539","0.00237","0.00019","18.63177"
"13.30000","0.44349","726.31793","0.00238","0.00021","18.74098"
"13.40000","0.44663","729.56274","0.00237","0.00030","18.82471"
"13.50000","0.45007","733.23981","0.00238","0.00037","18.91958"
"13.60000","0.45350","737.54620","0.00241","0.00035","19.03070"
"13.70000","0.45672","742.39655","0.00240","0.00050","19.15585"
"13.80000","0.46008","746.45807","0.00241","0.00059","19.26065"
"13.90000","0.46344","750.66370","0.00245","0.00060","19.36917"
"14.00000","0.46666","755.22217","0.00244","0.00055","19.48679"
"14.10000","0.47002","758.46191","0.00244","0.00065","19.57038"
"14.20000","0.47331","762.63770","0.00248","0.00072","19.67813"
"14.30000","0.47675","766.83752","0.00249","0.00082","19.78650"
"14.40000","0.48004","770.81836","0.00253","0.00077","19.88921"
"14.50000","0.48340","774.89520","0.00255","0.00078","19.99441"
"14.60000","0.48691","779.41327","0.00256","0.00078","20.11098"
"14.70000","0.48990","783.54486","0.00258","0.00063","20.21759"
"14.80000","0.49334","787.38483","0.00260","0.00058","20.31667"
"14.90000","0.49685","791.41992","0.00262","0.00034","20.42079"
"15.00000","0.49992","795.20160","0.00265","0.00028","20.51837"
"15.10000","0.50343","798.92206","0.00265","0.00027","20.61436"
"15.20000","0.50687","803.65967","0.00268","0.00024","20.73661"
"15.30000","0.51008","807.52625","0.00270","0.00028","20.83638"
"15.40000","0.51344","811.38556","0.00272","0.00026","20.93596"
"15.50000","0.51673","815.49994","0.00273","0.00027","21.04212"
"15.60000","0.52009","820.07794","0.00275","0.00020","21.16024"
"15.70000","0.52331","823.08807","0.00276","0.00020","21.23791"
"15.80000","0.52667","827.77673","0.00278","0.00022","21.35889"
"15.90000","0.53026","831.35657","0.00279","0.00016","21.45126"
"16.00000","0.53332","835.03986","0.00279","0.00013","21.54630"
"16.10000","0.53676","839.03845","0.00281","0.00001","21.64948"
"16.20000","0.54012","843.11676","0.00283","0.00008","21.75471"
"16.30000","0.54326","846.44781","0.00286","0.00017","21.84066"
"16.40000","0.54670","850.69763","0.00287","0.00020","21.95032"
"16.50000","0.55014","854.67975","0.00287","0.00032","22.05306"
"16.60000","0.55343","859.35583","0.00287","0.00034","22.17372"
"16.70000","0.55679","861.86670","0.00288","0.00032","22.23851"
"16.80000","0.56008","866.02240","0.00290","0.00040","22.34574"
"16.90000","0.56344","869.98370","0.00291","0.00052","22.44795"
"17.00000","0.56666","873.68817","0.00293","0.00057","22.54353"
"17.10000","0.57002","877.96423","0.00292","0.00055","22.65387"
"17.20000","0.57353","882.59827","0.00294","0.00064","22.77344"
"17.30000","0.57660","885.32361","0.00294","0.00069","22.84376"
"17.40000","0.58018","889.46326","0.00297","0.00072","22.95057"
"17.50000","0.58362","894.15033","0.00299","0.00075","23.07151"
"17.60000","0.58661","897.20795","0.00301","0.00085","23.15041"
"17.70000","0.59012","901.38318","0.00303","0.00084","23.25814"
"17.80000","0.59341","905.14050","0.00306","0.00091","23.35509"
"17.90000","0.59670","908.47498","0.00307","0.00088","23.44113"
"18.00000","0.60006","912.35687","0.00309","0.00079","23.54129"
"18.10000","0.60350","915.89124","0.00309","0.00046","23.63249"
"18.20000","0.60679","920.14075","0.00314","0.00037","23.74214"
"18.30000","0.60993","924.50781","0.00315","0.00038","23.85482"
"18.40000","0.61337","926.80231","0.00318","0.00033","23.91402"
"18.50000","0.61680","931.37762","0.00319","0.00033","24.03208"
"18.60000","0.61994","934.75928","0.00322","0.00038","24.11934"
"18.70000","0.62346","938.46967","0.00324","0.00029","24.21507"
"18.80000","0.62689","942.45636","0.00324","0.00031","24.31794"
"18.90000","0.62996","946.28345","0.00328","0.00028","24.41669"
"19.00000","0.63347","950.01105","0.00327","0.00024","24.51287"
"19.10000","0.63676","954.24933","0.00331","0.00027","24.62223"
"19.20000","0.63997","957.78888","0.00331","0.00019","24.71356"
"19.30000","0.64341","961.70660","0.00331","0.00013","24.81465"
"19.40000","0.64677","964.79480","0.00335","0.00013","24.89433"
"19.50000","0.65006","969.63599","0.00333","0.00012","25.01925"
"19.60000","0.65342","972.82202","0.00336","0.00017","25.10146"
"19.70000","0.65679","976.81342","0.00336","0.00029","25.20444"
"19.80000","0.66008","980.43030","0.00337","0.00035","25.29777"
"19.90000","0.66329","983.30591","0.00337","0.00033","25.37197"
"20.00000","0.66673","987.28687","0.00340","0.00038","25.47469"
"20.10000","0.67009","991.56854","0.00342","0.00054","25.58517"
"20.20000","0.67330","994.96655","0.00340","0.00060","25.67285"
"20.30000","0.67682","999.24884","0.00343","0.00053","25.78334"
"20.40000","0.68018","1,002.69427","0.00346","0.00068","25.87224"
"20.50000","0.68332","1,005.45129","0.00346","0.00071","25.94338"
"20.60000","0.68668","1,008.67773","0.00346","0.00077","26.02663"
"20.70000","0.69005","1,013.47894","0.00349","0.00083","26.15052"
"20.80000","0.69333","1,016.52435","0.00350","0.00087","26.22910"
"20.90000","0.69670","1,020.45361","0.00351","0.00092","26.33048"
"21.00000","0.70014","1,024.46594","0.00355","0.00095","26.43401"
"21.10000","0.70342","1,027.77112","0.00356","0.00093","26.51929"
"21.20000","0.70664","1,030.96680","0.00357","0.00094","26.60175"
"21.30000","0.71008","1,035.44604","0.00359","0.00058","26.71733"
"21.40000","0.71344","1,038.58167","0.00362","0.00048","26.79823"
"21.50000","0.71665","1,042.52319","0.00363","0.00045","26.89994"
"21.60000","0.72016","1,046.67932","0.00368","0.00042","27.00718"
"21.70000","0.72353","1,050.11340","0.00369","0.00040","27.09579"
"21.80000","0.72667","1,052.96936","0.00373","0.00040","27.16948"
"21.90000","0.73010","1,056.60022","0.00373","0.00037","27.26316"
"22.00000","0.73339","1,060.38208","0.00375","0.00033","27.36074"
"22.10000","0.73668","1,063.87024","0.00376","0.00042","27.45075"
"22.20000","0.74004","1,066.79248","0.00379","0.00040","27.52615"
"22.30000","0.74348","1,071.28845","0.00379","0.00035","27.64216"
"22.40000","0.74677","1,074.51562","0.00383","0.00031","27.72543"
"22.50000","0.75006","1,078.37695","0.00384","0.00026","27.82506"
"22.60000","0.75342","1,081.60510","0.00383","0.00031","27.90836"
"22.70000","0.75671","1,086.32080","0.00385","0.00026","28.03004"
"22.80000","0.76000","1,089.02026","0.00386","0.00029","28.09969"
"22.90000","0.76336","1,092.81824","0.00388","0.00029","28.19769"
"23.00000","0.76673","1,095.97925","0.00388","0.00034","28.27925"
"23.10000","0.77001","1,099.53479","0.00390","0.00039","28.37099"
"23.20000","0.77338","1,102.87512","0.00390","0.00053","28.45718"
"23.30000","0.77682","1,107.00745","0.00390","0.00055","28.56381"
"23.40000","0.77995","1,110.68677","0.00393","0.00059","28.65874"
"23.50000","0.78332","1,113.20483","0.00393","0.00059","28.72371"
"23.60000","0.78676","1,117.43774","0.00394","0.00061","28.83294"
"23.70000","0.79004","1,120.42065","0.00397","0.00077","28.90990"
"23.80000","0.79341","1,123.78088","0.00397","0.00083","28.99661"
"23.90000","0.79684","1,126.99609","0.00401","0.00083","29.07957"
"24.00000","0.80006","1,130.62512","0.00402","0.00082","29.17321"
"24.10000","0.80335","1,134.47461","0.00402","0.00096","29.27253"
"24.20000","0.80671","1,137.40381","0.00406","0.00102","29.34812"
"24.30000","0.81007","1,140.96130","0.00408","0.00101","29.43991"
"24.40000","0.81336","1,144.78271","0.00408","0.00101","29.53851"
"24.50000","0.81672","1,148.77698","0.00410","0.00096","29.64157"
"24.60000","0.82024","1,152.51599","0.00412","0.00093","29.73805"
"24.70000","0.82338","1,155.76965","0.00415","0.00057","29.82200"
"24.80000","0.82666","1,159.20264","0.00416","0.00054","29.91058"
"24.90000","0.83010","1,162.32556","0.00420","0.00054","29.99116"
"25.00000","0.83324","1,166.12988","0.00419","0.00045","30.08933"
"25.10000","0.83668","1,169.41553","0.00420","0.00040","30.17410"
"25.20000","0.84012","1,173.44800","0.00425","0.00046","30.27815"
"25.30000","0.84341","1,177.45459","0.00427","0.00043","30.38153"
"25.40000","0.84669","1,179.68201","0.00429","0.00049","30.43901"
"25.50000","0.84998","1,184.12659","0.00429","0.00045","30.55369"
"25.60000","0.85335","1,186.64661","0.00431","0.00040","30.61871"
"25.70000","0.85656","1,190.27844","0.00431","0.00039","30.71243"
"25.80000","0.86000","1,193.07800","0.00436","0.00036","30.78466"
"25.90000","0.86358","1,197.54504","0.00435","0.00032","30.89992"
"26.00000","0.86672","1,200.83276","0.00434","0.00032","30.98475"
"26.10000","0.87016","1,204.06042","0.00437","0.00028","31.06804"
"26.20000","0.87352","1,207.69922","0.00437","0.00035","31.16193"
"26.30000","0.87659","1,210.39966","0.00439","0.00045","31.23161"
"26.40000","0.88003","1,214.20935","0.00440","0.00062","31.32991"
"26.50000","0.88346","1,217.37378","0.00442","0.00053","31.41156"
"26.60000","0.88675","1,220.53052","0.00443","0.00057","31.49301"
"26.70000","0.89012","1,224.99927","0.00445","0.00075","31.60832"
"26.80000","0.89348","1,227.06030","0.00449","0.00071","31.66150"
"26.90000","0.89684","1,231.63818","0.00447","0.00079","31.77962"
"27.00000","0.89991","1,234.29028","0.00449","0.00083","31.84805"
"27.10000","0.90334","1,237.56543","0.00453","0.00092","31.93256"
"27.20000","0.90678","1,242.03149","0.00454","0.00098","32.04779"
"27.30000","0.90992","1,243.90222","0.00454","0.00108","32.09607"
"27.40000","0.91351","1,248.19226","0.00458","0.00110","32.20676"
"27.50000","0.91687","1,251.26721","0.00458","0.00108","32.28610"
"27.60000","0.91994","1,254.68164","0.00459","0.00115","32.37420"
"27.70000","0.92345","1,257.55249","0.00461","0.00113","32.44828"
"27.80000","0.92674","1,262.07520","0.00462","0.00103","32.56498"
"27.90000","0.92995","1,264.34473","0.00464","0.00082","32.62354"
"28.00000","0.93339","1,268.03418","0.00468","0.00058","32.71873"
"28.10000","0.93675","1,271.18738","0.00470","0.00057","32.80009"
"28.20000","0.94012","1,274.49377","0.00471","0.00055","32.88541"
"28.30000","0.94340","1,277.11060","0.00473","0.00059","32.95293"
"28.40000","0.94677","1,280.51318","0.00476","0.00056","33.04073"
"28.50000","0.95013","1,284.35498","0.00476","0.00058","33.13985"
"28.60000","0.95327","1,287.03271","0.00477","0.00057","33.20895"
"28.70000","0.95678","1,290.22449","0.00478","0.00055","33.29131"
"28.80000","0.96022","1,293.56421","0.00480","0.00054","33.37748"
"28.90000","0.96328","1,296.49597","0.00481","0.00047","33.45312"
"29.00000","0.96687","1,300.00085","0.00483","0.00048","33.54356"
"29.10000","0.97008","1,303.10339","0.00483","0.00040","33.62362"
"29.20000","0.97330","1,306.36218","0.00486","0.00038","33.70770"
"29.30000","0.97674","1,309.73914","0.00486","0.00039","33.79483"
"29.40000","0.98010","1,312.88562","0.00488","0.00042","33.87602"
"29.50000","0.98346","1,315.54358","0.00491","0.00049","33.94461"
"29.60000","0.98675","1,319.18030","0.00492","0.00055","34.03844"
"29.70000","0.99011","1,321.90552","0.00492","0.00059","34.10876"
"29.80000","0.99340","1,325.71960","0.00495","0.00066","34.20718"
"29.90000","0.99654","1,328.22864","0.00496","0.00076","34.27192"
"30.00000","1.00005","1,331.50403","0.00499","0.00073","34.35643"
"30.10000","1.00342","1,334.84375","0.00498","0.00089","34.44260"
"30.20000","1.00663","1,337.44788","0.00500","0.00096","34.50980"
"30.30000","1.01014","1,341.61731","0.00501","0.00101","34.61738"
"30.40000","1.01351","1,343.92371","0.00504","0.00101","34.67689"
"30.50000","1.01672","1,347.19495","0.00506","0.00109","34.76130"
"30.60000","1.02008","1,350.60107","0.00508","0.00113","34.84919"
"30.70000","1.02337","1,353.62842","0.00510","0.00109","34.92730"
"30.80000","1.02666","1,356.32483","0.00510","0.00117","34.99687"
"30.90000","1.03002","1,360.19543","0.00513","0.00121","35.09674"
"31.00000","1.03346","1,363.12378","0.00516","0.00117","35.17231"
"31.10000","1.03682","1,366.51123","0.00516","0.00120","35.25971"
"31.20000","1.03996","1,368.32190","0.00517","0.00086","35.30643"
"31.30000","1.04340","1,371.77319","0.00520","0.00071","35.39548"
"31.40000","1.04676","1,375.36792","0.00519","0.00067","35.48824"
"31.50000","1.04998","1,378.05896","0.00521","0.00061","35.55767"
"31.60000","1.05342","1,380.86035","0.00523","0.00060","35.62996"
"31.70000","1.05678","1,385.06274","0.00525","0.00060","35.73839"
"31.80000","1.06007","1,387.13342","0.00524","0.00059","35.79182"
"31.90000","1.06343","1,390.83374","0.00527","0.00061","35.88730"
"32.00000","1.06679","1,393.60107","0.00527","0.00056","35.95870"
"32.10000","1.07001","1,396.65735","0.00529","0.00062","36.03756"
"32.20000","1.07330","1,399.82031","0.00530","0.00057","36.11917"
"32.30000","1.07681","1,403.60876","0.00534","0.00053","36.21693"
"32.40000","1.08010","1,406.41821","0.00533","0.00051","36.28942"
"32.50000","1.08339","1,409.15247","0.00535","0.00046","36.35997"
"32.60000","1.08682","1,411.46509","0.00536","0.00049","36.41964"
"32.70000","1.09011","1,415.77283","0.00538","0.00049","36.53079"
"32.80000","1.09333","1,418.19971","0.00541","0.00056","36.59341"
"32.90000","1.09669","1,421.71313","0.00542","0.00065","36.68407"
"33.00000","1.10005","1,424.07703","0.00545","0.00067","36.74506"
"33.10000","1.10334","1,427.58777","0.00547","0.00078","36.83565"
"33.20000","1.10678","1,430.86414","0.00548","0.00088","36.92019"
"33.30000","1.11022","1,434.36316","0.00550","0.00099","37.01048"
"33.40000","1.11336","1,436.44067","0.00552","0.00099","37.06408"
"33.50000","1.11664","1,439.85828","0.00553","0.00107","37.15226"
"33.60000","1.12008","1,443.52795","0.00555","0.00107","37.24695"
"33.70000","1.12330","1,446.06152","0.00557","0.00109","37.31232"
"33.80000","1.12666","1,449.32080","0.00557","0.00123","37.39642"
"33.90000","1.13010","1,452.65259","0.00560","0.00131","37.48239"
"34.00000","1.13346","1,456.06885","0.00561","0.00128","37.57054"
"34.10000","1.13667","1,457.90894","0.00562","0.00130","37.61802"
"34.20000","1.14004","1,461.76477","0.00563","0.00126","37.71751"
"34.30000","1.14340","1,464.39563","0.00565","0.00130","37.78539"
"34.40000","1.14661","1,467.18872","0.00567","0.00113","37.85746"
"34.50000","1.15005","1,470.58838","0.00568","0.00084","37.94518"
"34.60000","1.15356","1,473.86169","0.00571","0.00076","38.02964"
"34.70000","1.15670","1,476.24304","0.00570","0.00080","38.09109"
"34.80000","1.16007","1,479.48022","0.00572","0.00082","38.17462"
"34.90000","1.16350","1,482.04895","0.00574","0.00074","38.24090"
"35.00000","1.16664","1,485.50061","0.00574","0.00074","38.32996"
"35.10000","1.17001","1,487.86133","0.00576","0.00081","38.39087"
"35.20000","1.17344","1,491.48291","0.00576","0.00077","38.48432"
"35.30000","1.17681","1,493.66370","0.00576","0.00072","38.54059"
"35.40000","1.18010","1,497.20520","0.00579","0.00069","38.63197"
"35.50000","1.18346","1,499.68494","0.00578","0.00067","38.69595"
"35.60000","1.18682","1,503.14209","0.00580","0.00063","38.78516"
"35.70000","1.18996","1,505.86584","0.00584","0.00061","38.85544"
"35.80000","1.19332","1,509.12939","0.00584","0.00061","38.93965"
"35.90000","1.19684","1,511.40845","0.00586","0.00068","38.99845"
"36.00000","1.19998","1,514.64807","0.00588","0.00073","39.08204"
"36.10000","1.20341","1,517.46045","0.00590","0.00077","39.15461"
"36.20000","1.20685","1,520.75623","0.00595","0.00080","39.23965"
"36.30000","1.20992","1,522.03760","0.00594","0.00095","39.27271"
"36.40000","1.21343","1,525.95239","0.00596","0.00096","39.37373"
"36.50000","1.21679","1,529.45654","0.00600","0.00100","39.46414"
"36.60000","1.22008","1,531.18982","0.00600","0.00097","39.50887"
"36.70000","1.22344","1,533.69519","0.00602","0.00100","39.57351"
"36.80000","1.22681","1,537.49353","0.00604","0.00115","39.67152"
"36.90000","1.23017","1,540.10278","0.00606","0.00123","39.73885"
"37.00000","1.23323","1,543.32849","0.00608","0.00131","39.82208"
"37.10000","1.23667","1,545.68726","0.00610","0.00138","39.88294"
"37.20000","1.24011","1,548.22705","0.00612","0.00139","39.94847"
"37.30000","1.24325","1,550.41162","0.00611","0.00140","40.00484"
"37.40000","1.24684","1,554.33374","0.00613","0.00147","40.10604"
"37.50000","1.25020","1,557.83105","0.00616","0.00141","40.19628"
"37.60000","1.25326","1,559.62000","0.00617","0.00131","40.24244"
"37.70000","1.25678","1,563.08325","0.00618","0.00118","40.33180"
"37.80000","1.26006","1,565.81677","0.00619","0.00104","40.40234"
"37.90000","1.26328","1,568.14087","0.00620","0.00091","40.46230"
"38.00000","1.26672","1,570.78650","0.00620","0.00087","40.53057"
"38.10000","1.27008","1,574.50195","0.00624","0.00085","40.62644"
"38.20000","1.27344","1,577.17334","0.00626","0.00081","40.69537"
"38.30000","1.27673","1,579.45642","0.00623","0.00091","40.75428"
"38.40000","1.28002","1,583.14404","0.00626","0.00092","40.84943"
"38.50000","1.28346","1,585.67688","0.00627","0.00084","40.91478"
"38.60000","1.28652","1,587.53064","0.00627","0.00087","40.96261"
"38.70000","1.29011","1,591.37952","0.00628","0.00077","41.06192"
"38.80000","1.29347","1,593.88293","0.00630","0.00071","41.12652"
"38.90000","1.29669","1,596.33240","0.00631","0.00073","41.18972"
"39.00000","1.30020","1,599.60742","0.00635","0.00074","41.27423"
"39.10000","1.30349","1,602.68579","0.00635","0.00076","41.35366"
"39.20000","1.30670","1,605.23022","0.00637","0.00069","41.41931"
"39.30000","1.31006","1,607.58887","0.00639","0.00086","41.48017"
"39.40000","1.31335","1,610.38110","0.00640","0.00098","41.55222"
"39.50000","1.31679","1,613.53125","0.00645","0.00101","41.63350"
"39.60000","1.32008","1,615.81250","0.00646","0.00104","41.69236"
"39.70000","1.32344","1,619.32581","0.00649","0.00104","41.78302"
"39.80000","1.32680","1,621.50940","0.00651","0.00112","41.83936"
"39.90000","1.32994","1,623.92578","0.00653","0.00120","41.90171"
"40.00000","1.33338","1,626.54871","0.00655","0.00127","41.96939"
"40.10000","1.33674","1,629.64832","0.00655","0.00133","42.04936"
"40.20000","1.33996","1,632.23950","0.00657","0.00139","42.11622"
"40.30000","1.34347","1,634.43091","0.00660","0.00144","42.17277"
"40.40000","1.34683","1,637.90039","0.00659","0.00152","42.26229"
"40.50000","1.35005","1,640.21460","0.00662","0.00152","42.32200"
"40.60000","1.35341","1,643.26062","0.00663","0.00156","42.40060"
"40.70000","1.35670","1,645.56750","0.00664","0.00154","42.46012"
"40.80000","1.35999","1,648.56262","0.00666","0.00150","42.53740"
"40.90000","1.36335","1,650.26135","0.00666","0.00128","42.58124"
"41.00000","1.36679","1,654.78064","0.00668","0.00110","42.69785"
"41.10000","1.37015","1,657.07507","0.00669","0.00101","42.75705"
"41.20000","1.37329","1,659.38599","0.00670","0.00095","42.81668"
"41.30000","1.37680","1,662.88062","0.00673","0.00101","42.90685"
"41.40000","1.38009","1,665.86731","0.00671","0.00094","42.98391"
"41.50000","1.38331","1,667.07825","0.00675","0.00091","43.01516"
"41.60000","1.38674","1,670.78003","0.00675","0.00097","43.11067"
"41.70000","1.39018","1,674.43103","0.00678","0.00099","43.20488"
"41.80000","1.39339","1,675.59143","0.00676","0.00098","43.23482"
"41.90000","1.39676","1,678.28760","0.00678","0.00099","43.30439"
"42.00000","1.40012","1,681.59424","0.00679","0.00093","43.38971"
"42.10000","1.40333","1,683.72485","0.00682","0.00090","43.44469"
"42.20000","1.40662","1,686.00830","0.00684","0.00088","43.50360"
"42.30000","1.41006","1,689.54651","0.00686","0.00084","43.59490"
"42.40000","1.41342","1,691.94324","0.00685","0.00082","43.65674"
"42.50000","1.41664","1,694.01880","0.00688","0.00089","43.71030"
"42.60000","1.42015","1,697.24426","0.00690","0.00104","43.79352"
"42.70000","1.42344","1,699.47729","0.00692","0.00104","43.85114"
"42.80000","1.42665","1,701.79419","0.00696","0.00114","43.91092"
"42.90000","1.43002","1,704.23352","0.00698","0.00113","43.97387"
"43.00000","1.43345","1,707.01074","0.00697","0.00123","44.04552"
"43.10000","1.43667","1,710.00598","0.00700","0.00130","44.12281"
"43.20000","1.44011","1,712.95349","0.00703","0.00143","44.19886"
"43.30000","1.44354","1,715.39099","0.00704","0.00150","44.26176"
"43.40000","1.44668","1,717.74890","0.00705","0.00149","44.32260"
"43.50000","1.45005","1,720.73413","0.00708","0.00152","44.39962"
"43.60000","1.45348","1,723.24231","0.00709","0.00168","44.46434"
"43.70000","1.45670","1,726.16089","0.00711","0.00166","44.53965"
"43.80000","1.46006","1,728.24268","0.00714","0.00165","44.59336"
"43.90000","1.46350","1,731.12231","0.00714","0.00169","44.66767"
"44.00000","1.46679","1,733.32153","0.00717","0.00169","44.72441"
"44.10000","1.47000","1,735.44885","0.00716","0.00159","44.77930"
"44.20000","1.47336","1,738.40466","0.00716","0.00128","44.85557"
"44.30000","1.47673","1,741.32397","0.00719","0.00120","44.93090"
"44.40000","1.47994","1,743.45557","0.00718","0.00115","44.98590"
"44.50000","1.48338","1,745.54797","0.00720","0.00113","45.03989"
"44.60000","1.48689","1,749.13635","0.00722","0.00112","45.13248"
"44.70000","1.48995","1,750.82361","0.00722","0.00108","45.17602"
"44.80000","1.49339","1,753.94299","0.00725","0.00108","45.25650"
"44.90000","1.49683","1,756.12903","0.00726","0.00110","45.31291"
"45.00000","1.49997","1,758.41077","0.00727","0.00109","45.37178"
"45.10000","1.50333","1,761.35693","0.00730","0.00111","45.44780"
"45.20000","1.50677","1,764.50500","0.00729","0.00111","45.52903"
"45.30000","1.51006","1,767.05200","0.00731","0.00108","45.59475"
"45.40000","1.51342","1,769.25879","0.00734","0.00103","45.65170"
"45.50000","1.51679","1,771.86951","0.00736","0.00090","45.71906"
"45.60000","1.52015","1,774.37268","0.00737","0.00098","45.78365"
"45.70000","1.52329","1,777.43677","0.00741","0.00095","45.86271"
"45.80000","1.52673","1,779.61047","0.00742","0.00112","45.91880"
"45.90000","1.53016","1,782.17554","0.00744","0.00115","45.98498"
"46.00000","1.53330","1,783.95117","0.00746","0.00123","46.03080"
"46.10000","1.53681","1,787.49976","0.00747","0.00129","46.12236"
"46.20000","1.54018","1,790.52246","0.00748","0.00137","46.20036"
"46.30000","1.54324","1,792.60815","0.00750","0.00145","46.25417"
"46.40000","1.54675","1,795.03076","0.00753","0.00153","46.31668"
"46.50000","1.55004","1,797.42090","0.00755","0.00153","46.37835"
"46.60000","1.55333","1,799.84106","0.00755","0.00162","46.44080"
"46.70000","1.55669","1,801.44202","0.00758","0.00170","46.48211"
"46.80000","1.56006","1,805.41016","0.00760","0.00178","46.58450"
"46.90000","1.56350","1,807.49207","0.00761","0.00183","46.63822"
"47.00000","1.56663","1,809.58191","0.00764","0.00180","46.69214"
"47.10000","1.57000","1,811.95508","0.00765","0.00183","46.75338"
"47.20000","1.57344","1,815.03149","0.00766","0.00182","46.83276"
"47.30000","1.57657","1,816.83545","0.00767","0.00166","46.87930"
"47.40000","1.58009","1,819.36340","0.00769","0.00141","46.94453"
"47.50000","1.58353","1,821.67480","0.00768","0.00132","47.00417"
"47.60000","1.58674","1,824.06543","0.00770","0.00132","47.06585"
"47.70000","1.59018","1,826.79346","0.00772","0.00133","47.13625"
"47.80000","1.59347","1,829.18628","0.00774","0.00131","47.19799"
"47.90000","1.59668","1,831.77405","0.00775","0.00125","47.26476"
"48.00000","1.60004","1,834.28503","0.00777","0.00122","47.32955"
"48.10000","1.60341","1,836.31348","0.00780","0.00127","47.38189"
"48.20000","1.60684","1,838.87048","0.00781","0.00126","47.44786"
"48.30000","1.61006","1,841.63953","0.00783","0.00129","47.51931"
"48.40000","1.61342","1,843.05383","0.00785","0.00125","47.55581"
"48.50000","1.61678","1,846.38049","0.00785","0.00124","47.64164"
"48.60000","1.61992","1,848.45520","0.00788","0.00116","47.69518"
"48.70000","1.62336","1,850.72461","0.00790","0.00122","47.75373"
"48.80000","1.62680","1,853.18274","0.00789","0.00112","47.81716"
"48.90000","1.63001","1,856.40100","0.00795","0.00113","47.90020"
"49.00000","1.63352","1,858.76147","0.00794","0.00115","47.96111"
"49.10000","1.63674","1,860.75684","0.00795","0.00126","48.01259"
"49.20000","1.64003","1,862.79578","0.00796","0.00142","48.06520"
"49.30000","1.64339","1,865.14575","0.00798","0.00138","48.12584"
"49.40000","1.64668","1,867.75806","0.00800","0.00154","48.19324"
"49.50000","1.65004","1,870.06274","0.00804","0.00155","48.25271"
"49.60000","1.65333","1,872.18750","0.00805","0.00156","48.30753"
"49.70000","1.65684","1,874.93323","0.00804","0.00170","48.37838"
"49.80000","1.66013","1,878.37573","0.00806","0.00172","48.46721"
"49.90000","1.66327","1,880.03333","0.00809","0.00179","48.50998"
"50.00000","1.66671","1,881.63513","0.00810","0.00185","48.55131"
"50.10000","1.67015","1,883.90857","0.00810","0.00194","48.60997"
"50.20000","1.67328","1,886.12085","0.00814","0.00193","48.66705"
"50.30000","1.67680","1,889.57288","0.00816","0.00199","48.75613"
"50.40000","1.68016","1,891.18384","0.00816","0.00191","48.79769"
"50.50000","1.68345","1,893.55298","0.00818","0.00187","48.85882"
"50.60000","1.68674","1,895.54541","0.00819","0.00171","48.91023"
"50.70000","1.69003","1,897.98145","0.00819","0.00153","48.97309"
"50.80000","1.69331","1,900.25488","0.00820","0.00146","49.03175"
"50.90000","1.69668","1,902.11438","0.00823","0.00148","49.07973"
"51.00000","1.70011","1,904.59229","0.00826","0.00143","49.14367"
"51.10000","1.70348","1,907.37866","0.00828","0.00137","49.21556"
"51.20000","1.70669","1,909.69946","0.00827","0.00135","49.27544"
"51.30000","1.71005","1,912.62061","0.00831","0.00138","49.35082"
"51.40000","1.71342","1,913.83997","0.00832","0.00140","49.38228"
"51.50000","1.71663","1,915.61853","0.00835","0.00136","49.42817"
"51.60000","1.72007","1,918.66882","0.00838","0.00140","49.50688"
"51.70000","1.72343","1,921.21863","0.00839","0.00140","49.57267"
"51.80000","1.72672","1,923.17981","0.00841","0.00133","49.62328"
"51.90000","1.73008","1,925.51501","0.00842","0.00132","49.68353"
"52.00000","1.73352","1,927.77344","0.00844","0.00129","49.74180"
"52.10000","1.73666","1,929.86450","0.00845","0.00128","49.79576"
"52.20000","1.74002","1,932.41223","0.00844","0.00123","49.86150"
"52.30000","1.74339","1,934.34839","0.00849","0.00138","49.91145"
"52.40000","1.74668","1,936.47168","0.00850","0.00151","49.96624"
"52.50000","1.75011","1,939.31873","0.00851","0.00158","50.03970"
"52.60000","1.75355","1,941.66711","0.00851","0.00163","50.10030"
"52.70000","1.75684","1,943.56519","0.00853","0.00165","50.14927"
"52.80000","1.75998","1,946.12817","0.00854","0.00187","50.21540"
"52.90000","1.76334","1,947.84277","0.00854","0.00183","50.25965"
"53.00000","1.76671","1,950.52563","0.00856","0.00193","50.32887"
"53.10000","1.76992","1,952.24438","0.00858","0.00192","50.37322"
"53.20000","1.77343","1,955.42163","0.00860","0.00197","50.45520"
"53.30000","1.77687","1,957.68835","0.00859","0.00209","50.51369"
"53.40000","1.78001","1,958.84912","0.00862","0.00213","50.54364"
"53.50000","1.78337","1,961.56836","0.00862","0.00215","50.61380"
"53.60000","1.78673","1,963.79590","0.00865","0.00210","50.67128"
"53.70000","1.78995","1,966.20117","0.00865","0.00192","50.73335"
"53.80000","1.79339","1,968.50134","0.00869","0.00181","50.79269"
"53.90000","1.79682","1,971.35876","0.00868","0.00161","50.86642"
"54.00000","1.80011","1,972.90503","0.00871","0.00165","50.90632"
"54.10000","1.80340","1,975.57007","0.00874","0.00163","50.97509"
"54.20000","1.80676","1,977.49695","0.00875","0.00160","51.02481"
"54.30000","1.81013","1,980.35278","0.00877","0.00161","51.09850"
"54.40000","1.81327","1,982.37305","0.00881","0.00149","51.15062"
"54.50000","1.81670","1,983.92871","0.00882","0.00152","51.19076"
"54.60000","1.82022","1,986.32910","0.00884","0.00150","51.25270"
"54.70000","1.82336","1,988.02686","0.00884","0.00153","51.29650"
"54.80000","1.82679","1,990.65576","0.00886","0.00155","51.36434"
"54.90000","1.83016","1,993.97693","0.00888","0.00149","51.45004"
"55.00000","1.83330","1,994.95740","0.00890","0.00152","51.47533"
"55.10000","1.83673","1,998.35486","0.00893","0.00139","51.56300"
"55.20000","1.84010","2,000.32056","0.00892","0.00142","51.61372"
"55.30000","1.84339","2,002.96765","0.00894","0.00140","51.68202"
"55.40000","1.84675","2,004.28101","0.00896","0.00143","51.71591"
"55.50000","1.85011","2,007.32385","0.00899","0.00150","51.79442"
"55.60000","1.85347","2,009.35486","0.00899","0.00167","51.84682"
"55.70000","1.85661","2,011.37537","0.00900","0.00176","51.89896"
"55.80000","1.86005","2,013.54810","0.00901","0.00171","51.95502"
"55.90000","1.86349","2,015.66858","0.00903","0.00175","52.00974"
"56.00000","1.86663","2,017.97656","0.00905","0.00187","52.06929"
"56.10000","1.87014","2,019.77600","0.00907","0.00195","52.11572"
"56.20000","1.87358","2,022.76709","0.00907","0.00205","52.19290"
"56.30000","1.87664","2,024.64307","0.00909","0.00206","52.24130"
"56.40000","1.88008","2,026.25916","0.00908","0.00211","52.28300"
"56.50000","1.88337","2,028.88904","0.00911","0.00215","52.35086"
"56.60000","1.88673","2,031.45837","0.00913","0.00223","52.41716"
"56.70000","1.89002","2,032.96558","0.00913","0.00227","52.45605"
"56.80000","1.89338","2,035.20935","0.00914","0.00226","52.51394"
"56.90000","1.89690","2,037.98547","0.00916","0.00222","52.58558"
"57.00000","1.90004","2,040.29248","0.00920","0.00196","52.64510"
"57.10000","1.90340","2,042.66101","0.00919","0.00175","52.70621"
"57.20000","1.90676","2,044.39307","0.00923","0.00172","52.75091"
"57.30000","1.90990","2,046.94275","0.00922","0.00169","52.81670"
"57.40000","1.91341","2,049.08105","0.00928","0.00168","52.87187"
"57.50000","1.91685","2,051.58228","0.00929","0.00168","52.93641"
"57.60000","1.91999","2,053.50586","0.00928","0.00160","52.98604"
"57.70000","1.92343","2,056.28247","0.00932","0.00161","53.05769"
"57.80000","1.92672","2,057.74194","0.00935","0.00160","53.09534"
"57.90000","1.93001","2,059.50781","0.00935","0.00163","53.14091"
"58.00000","1.93337","2,062.27173","0.00937","0.00166","53.21223"
"58.10000","1.93666","2,064.13037","0.00939","0.00166","53.26019"
"58.20000","1.94017","2,066.85889","0.00941","0.00164","53.33059"
"58.30000","1.94331","2,069.00586","0.00943","0.00157","53.38599"
"58.40000","1.94682","2,070.73779","0.00945","0.00154","53.43067"
"58.50000","1.95018","2,073.19873","0.00947","0.00150","53.49417"
"58.60000","1.95325","2,074.69946","0.00948","0.00155","53.53289"
"58.70000","1.95676","2,077.86475","0.00950","0.00161","53.61457"
"58.80000","1.96012","2,079.26978","0.00954","0.00174","53.65082"
"58.90000","1.96334","2,081.65918","0.00952","0.00184","53.71247"
"59.00000","1.96685","2,083.86938","0.00952","0.00193","53.76950"
"59.10000","1.97014","2,085.80054","0.00953","0.00196","53.81933"
"59.20000","1.97343","2,088.29028","0.00954","0.00211","53.88358"
"59.30000","1.97672","2,089.75610","0.00958","0.00209","53.92140"
"59.40000","1.98000","2,091.47754","0.00957","0.00219","53.96582"
"59.50000","1.98337","2,094.02490","0.00963","0.00215","54.03154"
"59.60000","1.98666","2,095.94360","0.00957","0.00230","54.08105"
"59.70000","1.99017","2,098.44702","0.00960","0.00238","54.14565"
"59.80000","1.99353","2,100.46899","0.00965","0.00237","54.19782"
"59.90000","1.99660","2,101.50391","0.00962","0.00239","54.22452"
"60.00000","2.00003","2,104.37476","0.00962","0.00242","54.29860"
"60.10000","2.00340","2,106.91553","0.00967","0.00229","54.36416"
"60.20000","2.00661","2,108.65918","0.00968","0.00196","54.40915"
"60.30000","2.01005","2,111.24414","0.00971","0.00201","54.47585"
"60.40000","2.01349","2,112.10645","0.00971","0.00193","54.49810"
"60.50000","2.01678","2,114.52881","0.00975","0.00187","54.56060"
"60.60000","2.02006","2,117.05835","0.00975","0.00186","54.62587"
"60.70000","2.02343","2,118.57349","0.00979","0.00189","54.66496"
"60.80000","2.02672","2,121.18335","0.00979","0.00182","54.73231"
"60.90000","2.02993","2,123.27075","0.00983","0.00184","54.78617"
"61.00000","2.03352","2,125.58276","0.00984","0.00182","54.84582"
"61.10000","2.03680","2,127.26294","0.00987","0.00176","54.88918"
"61.20000","2.04002","2,129.03906","0.00985","0.00182","54.93501"
"61.30000","2.04346","2,131.38794","0.00989","0.00176","54.99561"
"61.40000","2.04682","2,133.15576","0.00990","0.00180","55.04123"
"61.50000","2.04996","2,134.98560","0.00995","0.00174","55.08844"
"61.60000","2.05340","2,136.30078","0.00995","0.00175","55.12238"
"61.70000","2.05676","2,139.80664","0.00995","0.00174","55.21284"
"61.80000","2.06005","2,141.75757","0.00998","0.00177","55.26318"
"61.90000","2.06341","2,143.43848","0.01000","0.00179","55.30655"
"62.00000","2.06685","2,145.27246","0.01001","0.00184","55.35387"
"62.10000","2.06999","2,146.85156","0.01001","0.00199","55.39462"
"62.20000","2.07328","2,148.65112","0.01002","0.00201","55.44105"
"62.30000","2.07679","2,151.21875","0.01003","0.00209","55.50730"
"62.40000","2.08008","2,153.27393","0.01005","0.00216","55.56033"
"62.50000","2.08337","2,154.78687","0.01006","0.00225","55.59937"
"62.60000","2.08680","2,157.35864","0.01006","0.00237","55.66573"
"62.70000","2.09017","2,159.56958","0.01009","0.00226","55.72277"
"62.80000","2.09331","2,160.90674","0.01010","0.00247","55.75728"
"62.90000","2.09667","2,163.60132","0.01011","0.00247","55.82681"
"63.00000","2.10011","2,165.86768","0.01012","0.00251","55.88528"
"63.10000","2.10325","2,166.62354","0.01014","0.00253","55.90479"
"63.20000","2.10676","2,169.80786","0.01015","0.00253","55.98695"
"63.30000","2.11027","2,171.76758","0.01017","0.00248","56.03752"
"63.40000","2.11334","2,173.78931","0.01018","0.00230","56.08968"
"63.50000","2.11670","2,174.84546","0.01022","0.00205","56.11694"
"63.60000","2.12006","2,177.77686","0.01024","0.00208","56.19257"
"63.70000","2.12328","2,179.37915","0.01023","0.00199","56.23392"
"63.80000","2.12664","2,181.21094","0.01028","0.00200","56.28118"
"63.90000","2.13008","2,183.41650","0.01029","0.00199","56.33809"
"64.00000","2.13344","2,185.65918","0.01031","0.00199","56.39596"
"64.10000","2.13673","2,187.61401","0.01031","0.00192","56.44640"
"64.20000","2.14009","2,189.42773","0.01035","0.00187","56.49320"
"64.30000","2.14353","2,191.89160","0.01037","0.00193","56.55677"
"64.40000","2.14659","2,193.27539","0.01037","0.00190","56.59248"
"64.50000","2.15003","2,195.64014","0.01039","0.00190","56.65349"
"64.60000","2.15354","2,198.56348","0.01041","0.00198","56.72892"
"64.70000","2.15668","2,200.21753","0.01042","0.00195","56.77160"
"64.80000","2.16012","2,202.19727","0.01045","0.00190","56.82269"
"64.90000","2.16348","2,203.52075","0.01045","0.00185","56.85683"
"65.00000","2.16670","2,205.70337","0.01047","0.00184","56.91315"
"65.10000","2.17006","2,207.30298","0.01048","0.00193","56.95443"
"65.20000","2.17342","2,209.54199","0.01049","0.00199","57.01220"
"65.30000","2.17679","2,212.52905","0.01052","0.00203","57.08928"
"65.40000","2.18007","2,213.44800","0.01053","0.00214","57.11298"
"65.50000","2.18344","2,216.12256","0.01053","0.00228","57.18200"
"65.60000","2.18688","2,218.12695","0.01054","0.00234","57.23372"
"65.70000","2.18994","2,219.61377","0.01057","0.00244","57.27208"
"65.80000","2.19338","2,221.04443","0.01058","0.00250","57.30899"
"65.90000","2.19674","2,223.40137","0.01058","0.00252","57.36981"
"66.00000","2.19988","2,224.68677","0.01061","0.00260","57.40298"
"66.10000","2.20347","2,227.85547","0.01062","0.00264","57.48474"
"66.20000","2.20683","2,229.40698","0.01064","0.00274","57.52477"
"66.30000","2.21004","2,231.26099","0.01066","0.00268","57.57261"
"66.40000","2.21341","2,233.57544","0.01068","0.00271","57.63233"
"66.50000","2.21662","2,234.82104","0.01067","0.00257","57.66447"
"66.60000","2.21998","2,237.10083","0.01070","0.00229","57.72329"
"66.70000","2.22335","2,239.02026","0.01072","0.00226","57.77282"
"66.80000","2.22679","2,241.38037","0.01074","0.00222","57.83372"
"66.90000","2.23030","2,243.64258","0.01074","0.00220","57.89209"
"67.00000","2.23336","2,245.26172","0.01078","0.00217","57.93386"
"67.10000","2.23673","2,247.62988","0.01079","0.00215","57.99497"
"67.20000","2.24016","2,249.62427","0.01081","0.00218","58.04643"
"67.30000","2.24323","2,250.89697","0.01082","0.00213","58.07927"
"67.40000","2.24682","2,252.89453","0.01085","0.00216","58.13081"
"67.50000","2.25018","2,255.77222","0.01084","0.00210","58.20507"
"67.60000","2.25339","2,257.21265","0.01088","0.00212","58.24223"
"67.70000","2.25683","2,259.02441","0.01089","0.00208","58.28898"
"67.80000","2.26012","2,261.46753","0.01091","0.00204","58.35202"
"67.90000","2.26341","2,263.63306","0.01093","0.00207","58.40790"
"68.00000","2.26670","2,265.64136","0.01093","0.00206","58.45972"
"68.10000","2.26998","2,267.49805","0.01095","0.00208","58.50762"
"68.20000","2.27350","2,269.88745","0.01097","0.00205","58.56927"
"68.30000","2.27664","2,271.23022","0.01098","0.00208","58.60392"
"68.40000","2.28015","2,273.34448","0.01097","0.00214","58.65848"
"68.50000","2.28351","2,275.74023","0.01099","0.00219","58.72029"
"68.60000","2.28658","2,277.24341","0.01101","0.00226","58.75908"
"68.70000","2.29009","2,279.05713","0.01103","0.00243","58.80588"
"68.80000","2.29345","2,281.13354","0.01104","0.00248","58.85946"
"68.90000","2.29666","2,283.80298","0.01107","0.00255","58.92833"
"69.00000","2.30018","2,285.15649","0.01110","0.00255","58.96326"
"69.10000","2.30347","2,287.04541","0.01109","0.00264","59.01200"
"69.20000","2.30675","2,288.46777","0.01113","0.00275","59.04870"
"69.30000","2.31004","2,290.42505","0.01115","0.00281","59.09920"
"69.40000","2.31341","2,292.27124","0.01117","0.00286","59.14684"
"69.50000","2.31677","2,294.79541","0.01118","0.00287","59.21197"
"69.60000","2.31998","2,295.94604","0.01119","0.00287","59.24166"
"69.70000","2.32350","2,298.53101","0.01120","0.00282","59.30836"
"69.80000","2.32686","2,301.57397","0.01122","0.00235","59.38688"
"69.90000","2.32992","2,302.31836","0.01124","0.00237","59.40608"
"70.00000","2.33344","2,304.72461","0.01126","0.00228","59.46817"
"70.10000","2.33680","2,306.58813","0.01127","0.00231","59.51625"
"70.20000","2.33994","2,307.74536","0.01128","0.00231","59.54611"
"70.30000","2.34345","2,310.84741","0.01131","0.00230","59.62616"
"70.40000","2.34689","2,312.28223","0.01130","0.00229","59.66318"
"70.50000","2.35010","2,314.38574","0.01134","0.00225","59.71745"
"70.60000","2.35339","2,315.35156","0.01134","0.00224","59.74237"
"70.70000","2.35668","2,317.27588","0.01137","0.00220","59.79203"
"70.80000","2.35997","2,319.94604","0.01138","0.00220","59.86092"
"70.90000","2.36326","2,321.85400","0.01140","0.00218","59.91016"
"71.00000","2.36677","2,323.65479","0.01144","0.00224","59.95662"
"71.10000","2.37013","2,324.90039","0.01143","0.00218","59.98876"
"71.20000","2.37334","2,326.97192","0.01143","0.00223","60.04221"
"71.30000","2.37678","2,329.68823","0.01148","0.00221","60.11230"
"71.40000","2.38015","2,331.79077","0.01146","0.00210","60.16655"
"71.50000","2.38328","2,333.52246","0.01148","0.00226","60.21123"
"71.60000","2.38672","2,334.80884","0.01148","0.00227","60.24443"
"71.70000","2.39016","2,336.69531","0.01153","0.00229","60.29310"
"71.80000","2.39337","2,339.04907","0.01153","0.00242","60.35384"
"71.90000","2.39674","2,340.07715","0.01154","0.00247","60.38036"
"72.00000","2.40018","2,342.92749","0.01155","0.00255","60.45391"
"72.10000","2.40339","2,344.05786","0.01157","0.00264","60.48307"
"72.20000","2.40668","2,345.95239","0.01159","0.00271","60.53196"
"72.30000","2.41004","2,347.93066","0.01162","0.00280","60.58300"
"72.40000","2.41340","2,350.02295","0.01164","0.00284","60.63699"
"72.50000","2.41662","2,351.45923","0.01166","0.00289","60.67405"
"72.60000","2.42013","2,353.94019","0.01168","0.00295","60.73807"
"72.70000","2.42349","2,355.37036","0.01170","0.00296","60.77497"
"72.80000","2.42663","2,357.06421","0.01172","0.00299","60.81868"
"72.90000","2.43000","2,359.63452","0.01172","0.00294","60.88499"
"73.00000","2.43343","2,361.35938","0.01175","0.00282","60.92950"
"73.10000","2.43665","2,363.07324","0.01176","0.00252","60.97372"
"73.20000","2.44008","2,364.14502","0.01175","0.00257","61.00138"
"73.30000","2.44352","2,366.48047","0.01181","0.00246","61.06164"
"73.40000","2.44666","2,368.43433","0.01179","0.00243","61.11205"
"73.50000","2.45002","2,370.65747","0.01181","0.00246","61.16942"
"73.60000","2.45346","2,372.25439","0.01185","0.00243","61.21062"
"73.70000","2.45668","2,374.24707","0.01184","0.00244","61.26204"
"73.80000","2.45996","2,375.66187","0.01185","0.00237","61.29855"
"73.90000","2.46340","2,378.12036","0.01187","0.00233","61.36198"
"74.00000","2.46684","2,379.43262","0.01189","0.00236","61.39584"
"74.10000","2.47005","2,381.39844","0.01190","0.00233","61.44656"
"74.20000","2.47349","2,384.00464","0.01190","0.00234","61.51381"
"74.30000","2.47686","2,385.53906","0.01194","0.00236","61.55340"
"74.40000","2.47999","2,386.45703","0.01193","0.00234","61.57709"
"74.50000","2.48336","2,388.92480","0.01195","0.00233","61.64077"
"74.60000","2.48680","2,390.94971","0.01196","0.00228","61.69301"
"74.70000","2.49001","2,393.01074","0.01198","0.00235","61.74619"
"74.80000","2.49345","2,394.86475","0.01199","0.00240","61.79403"
"74.90000","2.49681","2,396.41675","0.01199","0.00244","61.83408"
"75.00000","2.50002","2,398.36694","0.01204","0.00262","61.88440"
"75.10000","2.50339","2,400.43823","0.01206","0.00267","61.93784"
"75.20000","2.50668","2,402.65747","0.01207","0.00276","61.99511"
"75.30000","2.51004","2,404.22339","0.01209","0.00279","62.03551"
"75.40000","2.51333","2,406.19434","0.01211","0.00286","62.08636"
"75.50000","2.51676","2,407.84204","0.01214","0.00299","62.12888"
"75.60000","2.52020","2,410.20776","0.01215","0.00306","62.18992"
"75.70000","2.52327","2,411.57495","0.01216","0.00307","62.22520"
"75.80000","2.52671","2,413.72974","0.01220","0.00311","62.28080"
"75.90000","2.53014","2,415.63477","0.01220","0.00312","62.32995"
"76.00000","2.53328","2,417.26196","0.01222","0.00316","62.37194"
"76.10000","2.53679","2,419.32495","0.01224","0.00312","62.42517"
"76.20000","2.54016","2,421.52832","0.01225","0.00288","62.48203"
"76.30000","2.54337","2,423.03052","0.01226","0.00272","62.52079"
"76.40000","2.54681","2,425.72607","0.01228","0.00261","62.59034"
"76.50000","2.55002","2,427.02441","0.01231","0.00263","62.62384"
"76.60000","2.55339","2,429.32812","0.01232","0.00258","62.68328"
"76.70000","2.55667","2,430.57153","0.01233","0.00262","62.71536"
"76.80000","2.56004","2,432.65503","0.01235","0.00261","62.76912"
"76.90000","2.56355","2,434.56299","0.01237","0.00250","62.81836"
"77.00000","2.56661","2,434.91528","0.01236","0.00253","62.82744"
"77.10000","2.57005","2,438.66699","0.01238","0.00245","62.92425"
"77.20000","2.57349","2,439.69922","0.01240","0.00249","62.95088"
"77.30000","2.57655","2,441.51538","0.01241","0.00250","62.99775"
"77.40000","2.58007","2,443.38428","0.01239","0.00253","63.04597"
"77.50000","2.58350","2,445.76807","0.01242","0.00251","63.10748"
"77.60000","2.58672","2,446.69263","0.01242","0.00247","63.13133"
"77.70000","2.59016","2,448.01343","0.01247","0.00253","63.16541"
"77.80000","2.59344","2,450.54810","0.01246","0.00248","63.23081"
"77.90000","2.59673","2,452.47119","0.01248","0.00255","63.28043"
"78.00000","2.60002","2,454.27173","0.01251","0.00254","63.32689"
"78.10000","2.60338","2,455.40210","0.01250","0.00256","63.35606"
"78.20000","2.60682","2,457.92969","0.01253","0.00270","63.42128"
"78.30000","2.60996","2,459.25586","0.01253","0.00288","63.45550"
"78.40000","2.61347","2,461.70215","0.01258","0.00298","63.51862"
"78.50000","2.61684","2,463.69067","0.01261","0.00302","63.56993"
"78.60000","2.61990","2,464.54663","0.01261","0.00306","63.59201"
"78.70000","2.62341","2,467.51440","0.01264","0.00319","63.66859"
"78.80000","2.62678","2,469.73462","0.01266","0.00326","63.72588"
"78.90000","2.62999","2,470.64014","0.01269","0.00327","63.74924"
"79.00000","2.63343","2,472.97705","0.01268","0.00329","63.80954"
"79.10000","2.63679","2,475.21021","0.01271","0.00329","63.86716"
"79.20000","2.64008","2,476.27271","0.01272","0.00331","63.89458"
"79.30000","2.64337","2,477.92236","0.01275","0.00323","63.93715"
"79.40000","2.64666","2,479.90723","0.01277","0.00293","63.98836"
"79.50000","2.65002","2,482.32666","0.01278","0.00285","64.05079"
"79.60000","2.65323","2,483.04150","0.01282","0.00280","64.06923"
"79.70000","2.65675","2,485.55688","0.01281","0.00276","64.13413"
"79.80000","2.66018","2,487.34180","0.01281","0.00277","64.18019"
"79.90000","2.66332","2,489.66968","0.01283","0.00276","64.24026"
"80.00000","2.66676","2,491.34937","0.01284","0.00276","64.28360"
"80.10000","2.67012","2,492.75464","0.01286","0.00280","64.31985"
"80.20000","2.67334","2,494.11963","0.01288","0.00276","64.35508"
"80.30000","2.67678","2,496.33594","0.01289","0.00273","64.41226"
"80.40000","2.68014","2,498.29468","0.01288","0.00266","64.46281"
"80.50000","2.68343","2,499.99585","0.01291","0.00272","64.50670"
"80.60000","2.68672","2,500.93506","0.01292","0.00269","64.53094"
"80.70000","2.69015","2,502.96704","0.01296","0.00266","64.58337"
"80.80000","2.69337","2,505.16187","0.01294","0.00274","64.64000"
"80.90000","2.69666","2,506.54004","0.01296","0.00276","64.67556"
"81.00000","2.70009","2,508.51782","0.01296","0.00278","64.72659"
"81.10000","2.70346","2,509.78003","0.01298","0.00277","64.75916"
"81.20000","2.70667","2,512.19580","0.01301","0.00274","64.82150"
"81.30000","2.71018","2,514.93677","0.01303","0.00277","64.89222"
"81.40000","2.71347","2,516.01196","0.01306","0.00282","64.91996"
"81.50000","2.71661","2,517.57837","0.01306","0.00303","64.96037"
"81.60000","2.72005","2,519.35205","0.01308","0.00309","65.00614"
"81.70000","2.72341","2,522.10840","0.01313","0.00319","65.07726"
"81.80000","2.72663","2,523.66431","0.01313","0.00329","65.11741"
"81.90000","2.73006","2,524.88452","0.01315","0.00335","65.14890"
"82.00000","2.73350","2,526.40088","0.01315","0.00339","65.18802"
"82.10000","2.73672","2,528.65039","0.01318","0.00341","65.24606"
"82.20000","2.74000","2,529.62793","0.01318","0.00350","65.27129"
"82.30000","2.74337","2,531.92529","0.01322","0.00354","65.33057"
"82.40000","2.74666","2,533.50293","0.01323","0.00356","65.37128"
"82.50000","2.75002","2,535.62964","0.01326","0.00344","65.42615"
"82.60000","2.75346","2,537.71704","0.01328","0.00319","65.48001"
"82.70000","2.75682","2,539.27271","0.01328","0.00306","65.52015"
"82.80000","2.76003","2,540.62671","0.01331","0.00298","65.55508"
"82.90000","2.76340","2,542.90576","0.01333","0.00302","65.61389"
"83.00000","2.76676","2,544.70825","0.01335","0.00292","65.66040"
"83.10000","2.76997","2,546.05835","0.01337","0.00296","65.69524"
"83.20000","2.77341","2,548.22632","0.01337","0.00296","65.75117"
"83.30000","2.77685","2,549.59082","0.01338","0.00295","65.78638"
"83.40000","2.78006","2,551.84033","0.01338","0.00299","65.84443"
"83.50000","2.78343","2,553.04248","0.01342","0.00292","65.87545"
"83.60000","2.78679","2,555.48486","0.01341","0.00293","65.93847"
"83.70000","2.79000","2,556.78027","0.01340","0.00287","65.97189"
"83.80000","2.79329","2,557.55859","0.01343","0.00284","65.99197"
"83.90000","2.79673","2,560.29492","0.01344","0.00287","66.06258"
"84.00000","2.80009","2,562.21997","0.01345","0.00292","66.11225"
"84.10000","2.80331","2,564.13306","0.01345","0.00293","66.16161"
"84.20000","2.80674","2,565.39966","0.01348","0.00299","66.19430"
"84.30000","2.81018","2,567.18481","0.01351","0.00296","66.24036"
"84.40000","2.81325","2,569.18555","0.01352","0.00304","66.29198"
"84.50000","2.81676","2,570.38550","0.01354","0.00299","66.32294"
"84.60000","2.82020","2,573.14526","0.01354","0.00309","66.39416"
"84.70000","2.82334","2,574.66113","0.01357","0.00308","66.43327"
"84.80000","2.82685","2,575.91284","0.01361","0.00332","66.46557"
"84.90000","2.83021","2,577.95996","0.01360","0.00340","66.51839"
"85.00000","2.83335","2,580.17529","0.01364","0.00353","66.57555"
"85.10000","2.83679","2,580.81494","0.01363","0.00357","66.59205"
"85.20000","2.84000","2,582.41064","0.01366","0.00362","66.63322"
"85.30000","2.84337","2,585.45850","0.01368","0.00364","66.71187"
"85.40000","2.84665","2,586.58594","0.01370","0.00367","66.74096"
"85.50000","2.85002","2,588.12866","0.01372","0.00366","66.78077"
"85.60000","2.85360","2,591.26172","0.01374","0.00360","66.86161"
"85.70000","2.85659","2,592.56689","0.01375","0.00348","66.89529"
"85.80000","2.86003","2,594.08350","0.01375","0.00325","66.93442"
"85.90000","2.86339","2,596.34937","0.01379","0.00318","66.99288"
"86.00000","2.86653","2,597.19434","0.01381","0.00319","67.01469"
"86.10000","2.87012","2,599.97363","0.01381","0.00317","67.08640"
"86.20000","2.87348","2,602.01367","0.01383","0.00316","67.13904"
"86.30000","2.87677","2,603.95605","0.01383","0.00315","67.18916"
"86.40000","2.88014","2,605.05664","0.01388","0.00316","67.21755"
"86.50000","2.88342","2,606.82129","0.01388","0.00308","67.26308"
"86.60000","2.88671","2,609.02808","0.01388","0.00316","67.32003"
"86.70000","2.89000","2,611.43091","0.01391","0.00313","67.38203"
"86.80000","2.89336","2,612.20923","0.01391","0.00305","67.40211"
"86.90000","2.89688","2,614.63477","0.01393","0.00299","67.46470"
"87.00000","2.90002","2,615.96704","0.01395","0.00304","67.49907"
"87.10000","2.90345","2,617.50415","0.01395","0.00307","67.53873"
"87.20000","2.90682","2,619.82153","0.01398","0.00308","67.59853"
"87.30000","2.90988","2,620.22290","0.01398","0.00312","67.60889"
"87.40000","2.91347","2,623.37988","0.01400","0.00309","67.69035"
"87.50000","2.91683","2,624.30005","0.01403","0.00311","67.71409"
"87.60000","2.92005","2,627.06445","0.01402","0.00316","67.78542"
"87.70000","2.92348","2,628.06055","0.01406","0.00311","67.81112"
"87.80000","2.92685","2,629.74976","0.01405","0.00325","67.85471"
"87.90000","2.93006","2,631.89868","0.01410","0.00336","67.91015"
"88.00000","2.93327","2,633.01025","0.01408","0.00352","67.93884"
"88.10000","2.93671","2,634.66797","0.01412","0.00357","67.98161"
"88.20000","2.94015","2,636.99219","0.01413","0.00370","68.04158"
"88.30000","2.94329","2,638.56372","0.01414","0.00375","68.08213"
"88.40000","2.94680","2,641.14819","0.01416","0.00373","68.14881"
"88.50000","2.95016","2,642.89307","0.01417","0.00383","68.19384"
"88.60000","2.95330","2,644.40698","0.01419","0.00382","68.23290"
"88.70000","2.95674","2,645.71533","0.01422","0.00383","68.26666"
"88.80000","2.96010","2,648.06006","0.01421","0.00384","68.32716"
"88.90000","2.96332","2,649.31348","0.01424","0.00350","68.35950"
"89.00000","2.96676","2,650.93457","0.01425","0.00348","68.40133"
"89.10000","2.97012","2,653.15747","0.01428","0.00334","68.45869"
"89.20000","2.97341","2,655.05542","0.01428","0.00332","68.50766"
"89.30000","2.97670","2,656.54614","0.01432","0.00329","68.54612"
"89.40000","2.98006","2,658.53223","0.01431","0.00330","68.59737"
"89.50000","2.98342","2,659.81055","0.01435","0.00327","68.63036"
"89.60000","2.98664","2,660.86377","0.01436","0.00329","68.65753"
"89.70000","2.99015","2,663.12427","0.01438","0.00326","68.71586"
"89.80000","2.99351","2,666.46753","0.01440","0.00331","68.80212"
"89.90000","2.99665","2,666.87915","0.01439","0.00327","68.81274"
"90.00000","3.00016","2,668.94727","0.01442","0.00320","68.86610"
"90.10000","3.00345","2,669.94336","0.01444","0.00317","68.89181"
"90.20000","3.00659","2,671.90869","0.01446","0.00312","68.94252"
"90.30000","3.01003","2,674.16431","0.01447","0.00316","69.00072"
"90.40000","3.01339","2,675.30542","0.01449","0.00324","69.03017"
"90.50000","3.01675","2,677.63037","0.01451","0.00324","69.09016"
"90.60000","3.02004","2,679.08130","0.01451","0.00331","69.12759"
"90.70000","3.02348","2,680.50610","0.01454","0.00325","69.16435"
"90.80000","3.02669","2,682.73145","0.01457","0.00329","69.22178"
"90.90000","3.02991","2,683.67407","0.01455","0.00337","69.24610"
"91.00000","3.03342","2,685.92798","0.01457","0.00344","69.30425"
"91.10000","3.03678","2,688.10669","0.01460","0.00351","69.36047"
"91.20000","3.04007","2,690.22217","0.01460","0.00353","69.41505"
"91.30000","3.04351","2,691.77881","0.01461","0.00364","69.45522"
"91.40000","3.04687","2,693.61035","0.01464","0.00386","69.50248"
"91.50000","3.04994","2,694.35059","0.01463","0.00387","69.52158"
"91.60000","3.05338","2,696.87744","0.01465","0.00395","69.58678"
"91.70000","3.05674","2,698.80298","0.01466","0.00399","69.63647"
"91.80000","3.05995","2,700.25781","0.01468","0.00398","69.67400"
"91.90000","3.06339","2,702.04541","0.01469","0.00403","69.72013"
"92.00000","3.06683","2,704.01660","0.01473","0.00379","69.77099"
"92.10000","3.07012","2,705.21094","0.01473","0.00394","69.80181"
"92.20000","3.07333","2,707.76123","0.01475","0.00352","69.86761"
"92.30000","3.07669","2,708.92017","0.01475","0.00348","69.89751"
"92.40000","3.07998","2,710.79858","0.01478","0.00346","69.94598"
"92.50000","3.08327","2,712.47583","0.01480","0.00345","69.98927"
"92.60000","3.08671","2,714.65210","0.01481","0.00348","70.04542"
"92.70000","3.09015","2,715.95850","0.01482","0.00348","70.07912"
"92.80000","3.09336","2,718.50317","0.01484","0.00341","70.14478"
"92.90000","3.09672","2,719.39966","0.01487","0.00345","70.16792"
"93.00000","3.10016","2,721.34326","0.01487","0.00341","70.21806"
"93.10000","3.10330","2,722.58862","0.01492","0.00342","70.25020"
"93.20000","3.10674","2,723.67920","0.01493","0.00334","70.27834"
"93.30000","3.11018","2,726.34253","0.01497","0.00329","70.34706"
"93.40000","3.11339","2,727.53638","0.01498","0.00334","70.37786"
"93.50000","3.11675","2,729.25952","0.01499","0.00333","70.42233"
"93.60000","3.12019","2,731.18066","0.01502","0.00340","70.47190"
"93.70000","3.12340","2,733.77637","0.01506","0.00344","70.53887"
"93.80000","3.12669","2,734.61865","0.01506","0.00346","70.56061"
"93.90000","3.13006","2,736.35059","0.01505","0.00344","70.60529"
"94.00000","3.13342","2,737.96460","0.01507","0.00350","70.64694"
"94.10000","3.13671","2,739.90210","0.01509","0.00343","70.69694"
"94.20000","3.14007","2,741.79541","0.01510","0.00361","70.74579"
"94.30000","3.14358","2,743.23267","0.01512","0.00370","70.78288"
"94.40000","3.14657","2,745.62939","0.01512","0.00368","70.84471"
"94.50000","3.15001","2,746.76514","0.01514","0.00392","70.87402"
"94.60000","3.15345","2,748.49414","0.01515","0.00405","70.91863"
"94.70000","3.15666","2,750.34741","0.01514","0.00409","70.96645"
"94.80000","3.16010","2,752.21533","0.01514","0.00412","71.01465"
"94.90000","3.16346","2,753.59033","0.01516","0.00411","71.05013"
"95.00000","3.16675","2,755.55688","0.01519","0.00417","71.10087"
"95.10000","3.17004","2,756.69727","0.01518","0.00421","71.13029"
"95.20000","3.17333","2,758.99438","0.01520","0.00422","71.18957"
"95.30000","3.17669","2,760.85425","0.01521","0.00389","71.23756"
"95.40000","3.17998","2,762.14185","0.01523","0.00366","71.27078"
"95.50000","3.18342","2,763.28809","0.01525","0.00367","71.30035"
"95.60000","3.18693","2,765.40991","0.01527","0.00369","71.35510"
"95.70000","3.19000","2,767.20923","0.01529","0.00360","71.40154"
"95.80000","3.19343","2,769.20288","0.01530","0.00359","71.45297"
"95.90000","3.19680","2,770.92847","0.01533","0.00359","71.49750"
"96.00000","3.19993","2,771.65112","0.01533","0.00354","71.51614"
"96.10000","3.20345","2,773.41846","0.01536","0.00362","71.56174"
"96.20000","3.20681","2,775.71240","0.01537","0.00353","71.62094"
"96.30000","3.21010","2,777.21655","0.01541","0.00353","71.65975"
"96.40000","3.21346","2,778.95801","0.01543","0.00349","71.70468"
"96.50000","3.21675","2,780.19507","0.01544","0.00344","71.73660"
"96.60000","3.22011","2,782.40088","0.01546","0.00342","71.79352"
"96.70000","3.22325","2,783.22949","0.01546","0.00347","71.81490"
"96.80000","3.22669","2,785.36060","0.01549","0.00347","71.86989"
"96.90000","3.23020","2,787.86523","0.01552","0.00355","71.93452"
"97.00000","3.23327","2,788.23462","0.01553","0.00362","71.94405"
"97.10000","3.23678","2,790.91040","0.01553","0.00363","72.01308"
"97.20000","3.24014","2,792.46606","0.01555","0.00371","72.05323"
"97.30000","3.24321","2,794.21460","0.01557","0.00372","72.09834"
"97.40000","3.24672","2,795.42505","0.01558","0.00380","72.12958"
"97.50000","3.25008","2,797.95166","0.01557","0.00380","72.19477"
"97.60000","3.25337","2,799.33813","0.01558","0.00391","72.23055"
"97.70000","3.25681","2,800.57300","0.01560","0.00406","72.26241"
"97.80000","3.26017","2,802.30981","0.01562","0.00418","72.30722"
"97.90000","3.26346","2,804.72290","0.01563","0.00423","72.36948"
"98.00000","3.26667","2,806.05078","0.01563","0.00434","72.40375"
"98.10000","3.27004","2,808.54126","0.01562","0.00428","72.46801"
"98.20000","3.27348","2,810.20801","0.01566","0.00429","72.51102"
"98.30000","3.27661","2,811.29419","0.01569","0.00439","72.53905"
"98.40000","3.28013","2,813.33765","0.01568","0.00417","72.59177"
"98.50000","3.28349","2,814.77368","0.01568","0.00385","72.62882"
"98.60000","3.28663","2,817.05933","0.01570","0.00380","72.68780"
"98.70000","3.29007","2,818.67090","0.01571","0.00389","72.72939"
"98.80000","3.29343","2,820.50562","0.01572","0.00378","72.77673"
"98.90000","3.29657","2,822.20020","0.01577","0.00378","72.82045"
"99.00000","3.30008","2,823.62354","0.01579","0.00379","72.85718"
"99.10000","3.30345","2,825.41675","0.01579","0.00382","72.90344"
"99.20000","3.30673","2,826.41870","0.01580","0.00376","72.92930"
"99.30000","3.31002","2,828.53687","0.01583","0.00377","72.98396"
"99.40000","3.31346","2,829.53564","0.01587","0.00376","73.00972"
"99.50000","3.31675","2,832.56738","0.01588","0.00376","73.08795"
"99.60000","3.31989","2,833.26001","0.01590","0.00372","73.10582"
"99.70000","3.32347","2,835.73657","0.01593","0.00360","73.16972"
"99.80000","3.32684","2,837.73584","0.01594","0.00363","73.22131"
"99.90000","3.33005","2,838.68286","0.01594","0.00368","73.24575"
"100.00000","3.33349","2,840.71313","0.01597","0.00374","73.29813"
"100.10000","3.33678","2,842.05615","0.01599","0.00377","73.33279"
"100.20000","3.33999","2,843.26245","0.01602","0.00377","73.36391"
"100.30000","3.34335","2,846.12549","0.01603","0.00380","73.43779"
"100.40000","3.34672","2,847.28809","0.01604","0.00391","73.46779"
"100.50000","3.35001","2,849.46216","0.01607","0.00389","73.52388"
"100.60000","3.35337","2,850.55981","0.01607","0.00392","73.55221"
"100.70000","3.35681","2,852.36963","0.01609","0.00398","73.59890"
"100.80000","3.36010","2,854.54175","0.01612","0.00401","73.65495"
"100.90000","3.36331","2,855.87671","0.01613","0.00431","73.68939"
"101.00000","3.36667","2,856.97803","0.01613","0.00442","73.71781"
"101.10000","3.37011","2,858.90186","0.01611","0.00446","73.76745"
"101.20000","3.37332","2,860.80029","0.01616","0.00448","73.81644"
"101.30000","3.37676","2,863.34595","0.01618","0.00450","73.88212"
"101.40000","3.38013","2,864.28247","0.01618","0.00447","73.90629"
"101.50000","3.38334","2,866.30591","0.01617","0.00455","73.95850"
"101.60000","3.38670","2,867.30493","0.01620","0.00429","73.98428"
"101.70000","3.39007","2,869.50928","0.01622","0.00415","74.04115"
"101.80000","3.39328","2,871.97241","0.01623","0.00414","74.10471"
"101.90000","3.39672","2,873.68506","0.01624","0.00402","74.14890"
"102.00000","3.40016","2,875.53955","0.01625","0.00398","74.19675"
"102.10000","3.40337","2,877.01538","0.01627","0.00393","74.23483"
"102.20000","3.40673","2,878.41455","0.01629","0.00399","74.27094"
"102.30000","3.41009","2,881.04053","0.01631","0.00392","74.33869"
"102.40000","3.41338","2,881.65576","0.01631","0.00397","74.35456"
"102.50000","3.41667","2,883.29077","0.01635","0.00397","74.39675"
"102.60000","3.42004","2,885.25854","0.01639","0.00399","74.44753"
"102.70000","3.42355","2,887.29883","0.01637","0.00394","74.50017"
"102.80000","3.42676","2,888.74292","0.01639","0.00384","74.53743"
"102.90000","3.43005","2,890.91943","0.01644","0.00377","74.59359"
"103.00000","3.43349","2,892.14648","0.01648","0.00387","74.62525"
"103.10000","3.43663","2,894.05200","0.01648","0.00387","74.67442"
"103.20000","3.43999","2,895.64502","0.01649","0.00392","74.71552"
"103.30000","3.44350","2,897.33911","0.01653","0.00390","74.75924"
"103.40000","3.44664","2,899.20972","0.01653","0.00397","74.80750"
"103.50000","3.45008","2,901.04980","0.01655","0.00403","74.85498"
"103.60000","3.45352","2,902.51367","0.01655","0.00404","74.89275"
"103.70000","3.45673","2,903.96826","0.01657","0.00410","74.93029"
"103.80000","3.46002","2,905.90308","0.01660","0.00414","74.98021"
"103.90000","3.46331","2,907.36230","0.01660","0.00427","75.01786"
"104.00000","3.46675","2,909.00513","0.01662","0.00430","75.06025"
"104.10000","3.47003","2,910.68579","0.01663","0.00449","75.10361"
"104.20000","3.47347","2,912.38062","0.01669","0.00458","75.14735"
"104.30000","3.47698","2,914.59644","0.01666","0.00465","75.20452"
"104.40000","3.47997","2,915.81177","0.01668","0.00465","75.23589"
"104.50000","3.48341","2,917.10474","0.01667","0.00470","75.26924"
"104.60000","3.48685","2,919.19922","0.01668","0.00467","75.32329"
"104.70000","3.48999","2,921.18994","0.01670","0.00462","75.37466"
"104.80000","3.49343","2,922.91699","0.01668","0.00433","75.41922"
"104.90000","3.49686","2,924.06836","0.01669","0.00424","75.44893"
"105.00000","3.50008","2,926.23438","0.01672","0.00418","75.50481"
"105.10000","3.50337","2,927.09546","0.01673","0.00418","75.52703"
"105.20000","3.50666","2,928.79858","0.01676","0.00415","75.57098"
"105.30000","3.51009","2,931.09351","0.01676","0.00416","75.63020"
"105.40000","3.51323","2,932.80640","0.01677","0.00419","75.67439"
"105.50000","3.51674","2,934.21069","0.01681","0.00418","75.71062"
"105.60000","3.52018","2,936.51074","0.01682","0.00412","75.76997"
"105.70000","3.52325","2,937.66650","0.01682","0.00409","75.79980"
"105.80000","3.52676","2,938.93994","0.01686","0.00400","75.83265"
"105.90000","3.53012","2,940.88037","0.01690","0.00408","75.88272"
"106.00000","3.53326","2,942.20239","0.01687","0.00406","75.91683"
"106.10000","3.53677","2,943.35352","0.01692","0.00400","75.94653"
"106.20000","3.54014","2,946.03857","0.01692","0.00402","76.01582"
"106.30000","3.54343","2,947.39160","0.01699","0.00401","76.05073"
"106.40000","3.54679","2,949.39868","0.01696","0.00414","76.10252"
"106.50000","3.55008","2,950.83789","0.01701","0.00408","76.13965"
"106.60000","3.55344","2,952.64893","0.01700","0.00413","76.18638"
"106.70000","3.55665","2,953.60962","0.01701","0.00419","76.21117"
"106.80000","3.56002","2,955.61279","0.01705","0.00421","76.26286"
"106.90000","3.56353","2,957.84131","0.01708","0.00424","76.32036"
"107.00000","3.56667","2,958.56274","0.01706","0.00438","76.33897"
"107.10000","3.57011","2,960.82690","0.01711","0.00429","76.39739"
"107.20000","3.57354","2,962.78540","0.01711","0.00461","76.44793"
"107.30000","3.57653","2,963.07471","0.01712","0.00466","76.45540"
"107.40000","3.58012","2,965.42114","0.01713","0.00477","76.51594"
"107.50000","3.58333","2,967.22803","0.01717","0.00482","76.56256"
"107.60000","3.58662","2,968.39819","0.01716","0.00486","76.59276"
"107.70000","3.59006","2,971.10083","0.01717","0.00480","76.66249"
"107.80000","3.59350","2,972.06982","0.01718","0.00488","76.68749"
"107.90000","3.59686","2,974.16089","0.01719","0.00471","76.74145"
"108.00000","3.60000","2,975.16968","0.01720","0.00450","76.76748"
"108.10000","3.60336","2,977.53223","0.01724","0.00446","76.82844"
"108.20000","3.60673","2,978.67163","0.01726","0.00437","76.85784"
"108.30000","3.60987","2,980.26929","0.01724","0.00439","76.89906"
"108.40000","3.61345","2,983.05347","0.01727","0.00431","76.97090"
"108.50000","3.61682","2,984.18726","0.01728","0.00434","77.00015"
"108.60000","3.62003","2,985.80688","0.01729","0.00432","77.04195"
"108.70000","3.62347","2,987.73535","0.01728","0.00429","77.09171"
"108.80000","3.62676","2,988.77441","0.01731","0.00428","77.11852"
"108.90000","3.62997","2,990.48145","0.01733","0.00431","77.16257"
"109.00000","3.63341","2,992.47046","0.01733","0.00420","77.21388"
"109.10000","3.63677","2,994.21191","0.01736","0.00418","77.25882"
"109.20000","3.64006","2,995.49878","0.01737","0.00418","77.29202"
"109.30000","3.64335","2,997.14038","0.01740","0.00414","77.33438"
"109.40000","3.64679","2,998.18750","0.01741","0.00414","77.36140"
"109.50000","3.65008","3,000.27637","0.01743","0.00419","77.41530"
"109.60000","3.65321","3,002.48779","0.01745","0.00423","77.47236"
"109.70000","3.65673","3,003.33936","0.01748","0.00428","77.49433"
"109.80000","3.66009","3,006.12939","0.01748","0.00432","77.56632"
"109.90000","3.66330","3,007.09424","0.01751","0.00436","77.59122"
"110.00000","3.66682","3,008.98413","0.01753","0.00442","77.63998"
"110.10000","3.67010","3,010.47607","0.01755","0.00439","77.67848"
"110.20000","3.67332","3,012.01147","0.01756","0.00451","77.71809"
"110.30000","3.67668","3,013.72217","0.01759","0.00460","77.76224"
"110.40000","3.68012","3,015.10840","0.01761","0.00472","77.79800"
"110.50000","3.68341","3,016.58521","0.01764","0.00493","77.83611"
"110.60000","3.68670","3,017.84668","0.01764","0.00486","77.86866"
"110.70000","3.69013","3,020.95190","0.01764","0.00492","77.94878"
"110.80000","3.69342","3,022.76880","0.01767","0.00495","77.99567"
"110.90000","3.69664","3,023.77002","0.01768","0.00498","78.02150"
"111.00000","3.70000","3,025.88696","0.01770","0.00491","78.07612"
"111.10000","3.70344","3,026.62671","0.01770","0.00468","78.09521"
"111.20000","3.70665","3,029.70361","0.01772","0.00448","78.17460"
"111.30000","3.71009","3,030.06665","0.01773","0.00450","78.18397"
"111.40000","3.71360","3,032.33203","0.01776","0.00448","78.24242"
"111.50000","3.71674","3,033.57080","0.01778","0.00449","78.27438"
"111.60000","3.72010","3,035.94238","0.01778","0.00449","78.33558"
"111.70000","3.72339","3,036.73071","0.01780","0.00442","78.35592"
"111.80000","3.72661","3,039.14355","0.01780","0.00446","78.41817"
"111.90000","3.73004","3,039.88135","0.01780","0.00444","78.43722"
"112.00000","3.73348","3,041.45703","0.01781","0.00446","78.47787"
"112.10000","3.73670","3,043.41064","0.01782","0.00438","78.52828"
"112.20000","3.73998","3,044.86108","0.01784","0.00438","78.56570"
"112.30000","3.74342","3,047.45557","0.01786","0.00434","78.63265"
"112.40000","3.74671","3,048.74609","0.01790","0.00424","78.66595"
"112.50000","3.74992","3,050.01660","0.01790","0.00430","78.69873"
"112.60000","3.75344","3,052.15527","0.01790","0.00436","78.75391"
"112.70000","3.75687","3,053.71851","0.01794","0.00431","78.79425"
"112.80000","3.76001","3,055.27197","0.01794","0.00438","78.83434"
"112.90000","3.76338","3,056.10767","0.01796","0.00438","78.85590"
"113.00000","3.76689","3,058.93628","0.01798","0.00448","78.92889"
"113.10000","3.76995","3,060.16235","0.01799","0.00453","78.96052"
"113.20000","3.77339","3,061.76367","0.01801","0.00456","79.00184"
"113.30000","3.77683","3,063.56934","0.01803","0.00459","79.04843"
"113.40000","3.78004","3,064.36060","0.01806","0.00465","79.06885"
"113.50000","3.78341","3,065.68872","0.01807","0.00481","79.10312"
"113.60000","3.78684","3,068.02661","0.01811","0.00489","79.16344"
"113.70000","3.79013","3,070.24390","0.01811","0.00502","79.22065"
"113.80000","3.79327","3,071.75269","0.01812","0.00501","79.25958"
"113.90000","3.79671","3,072.90015","0.01816","0.00512","79.28919"
"114.00000","3.80015","3,074.49634","0.01817","0.00508","79.33038"
"114.10000","3.80329","3,076.21387","0.01819","0.00517","79.37469"
"114.20000","3.80672","3,077.40283","0.01820","0.00491","79.40537"
"114.30000","3.81024","3,080.46729","0.01822","0.00475","79.48444"
"114.40000","3.81330","3,081.70703","0.01824","0.00465","79.51643"
"114.50000","3.81674","3,083.25000","0.01824","0.00467","79.55624"
"114.60000","3.82010","3,084.51050","0.01828","0.00460","79.58877"
"114.70000","3.82332","3,085.44849","0.01830","0.00456","79.61297"
"114.80000","3.82675","3,087.70825","0.01829","0.00467","79.67128"
"114.90000","3.83019","3,089.95483","0.01829","0.00461","79.72925"
"115.00000","3.83341","3,091.11206","0.01831","0.00457","79.75911"
"115.10000","3.83677","3,092.74951","0.01831","0.00457","79.80136"
"115.20000","3.84006","3,094.80176","0.01832","0.00455","79.85431"
"115.30000","3.84349","3,096.00659","0.01830","0.00456","79.88540"
"115.40000","3.84663","3,097.73071","0.01832","0.00450","79.92989"
"115.50000","3.85007","3,100.10034","0.01834","0.00451","79.99103"
"115.60000","3.85358","3,102.07690","0.01841","0.00444","80.04203"
"115.70000","3.85665","3,102.57910","0.01837","0.00441","80.05499"
"115.80000","3.86009","3,104.59277","0.01840","0.00453","80.10695"
"115.90000","3.86352","3,106.28125","0.01839","0.00454","80.15051"
"116.00000","3.86659","3,107.52954","0.01843","0.00455","80.18272"
"116.10000","3.87010","3,109.86987","0.01844","0.00457","80.24311"
"116.20000","3.87339","3,111.15356","0.01847","0.00461","80.27623"
"116.30000","3.87675","3,112.95312","0.01849","0.00469","80.32267"
"116.40000","3.88004","3,114.32080","0.01848","0.00474","80.35796"
"116.50000","3.88340","3,115.96143","0.01852","0.00477","80.40029"
"116.60000","3.88677","3,117.47192","0.01854","0.00477","80.43926"
"116.70000","3.88998","3,118.54810","0.01857","0.00500","80.46703"
"116.80000","3.89334","3,120.85132","0.01859","0.00505","80.52646"
"116.90000","3.89678","3,122.80249","0.01860","0.00515","80.57681"
"117.00000","3.89992","3,123.88379","0.01866","0.00523","80.60471"
"117.10000","3.90343","3,125.91724","0.01867","0.00525","80.65717"
"117.20000","3.90687","3,127.70337","0.01868","0.00534","80.70326"
"117.30000","3.90994","3,129.01514","0.01869","0.00511","80.73711"
"117.40000","3.91345","3,130.77783","0.01872","0.00505","80.78259"
"117.50000","3.91674","3,132.26318","0.01872","0.00484","80.82092"
"117.60000","3.92002","3,134.10986","0.01875","0.00480","80.86857"
"117.70000","3.92346","3,135.80664","0.01877","0.00480","80.91235"
"117.80000","3.92675","3,137.38062","0.01881","0.00471","80.95296"
"117.90000","3.93011","3,139.22583","0.01878","0.00483","81.00057"
"118.00000","3.93333","3,140.31836","0.01880","0.00475","81.02876"
"118.10000","3.93669","3,142.26489","0.01882","0.00476","81.07899"
"118.20000","3.94005","3,143.91748","0.01881","0.00478","81.12163"
"118.30000","3.94327","3,144.91992","0.01882","0.00475","81.14750"
"118.40000","3.94678","3,146.91821","0.01882","0.00474","81.19906"
"118.50000","3.95022","3,149.56567","0.01884","0.00471","81.26737"
"118.60000","3.95336","3,150.27393","0.01884","0.00467","81.28564"
"118.70000","3.95680","3,152.46948","0.01887","0.00463","81.34229"
"118.80000","3.96008","3,153.57715","0.01886","0.00460","81.37088"
"118.90000","3.96330","3,155.00317","0.01888","0.00466","81.40767"
"119.00000","3.96666","3,156.56445","0.01891","0.00462","81.44796"
"119.10000","3.97002","3,158.47729","0.01892","0.00467","81.49731"
"119.20000","3.97346","3,160.41846","0.01893","0.00472","81.54740"
"119.30000","3.97668","3,162.11279","0.01891","0.00474","81.59112"
"119.40000","3.98011","3,163.86670","0.01894","0.00477","81.63638"
"119.50000","3.98348","3,164.85840","0.01897","0.00482","81.66196"
"119.60000","3.98654","3,166.44458","0.01898","0.00487","81.70289"
"119.70000","3.99013","3,168.39062","0.01900","0.00489","81.75311"
"119.80000","3.99349","3,170.54614","0.01902","0.00510","81.80872"
"119.90000","3.99670","3,171.55566","0.01904","0.00504","81.83477"
"120.00000","4.00014","3,172.90796","0.01908","0.00529","81.86967"
"120.10000","4.00351","3,175.00415","0.01912","0.00535","81.92375"
"120.20000","4.00672","3,176.32666","0.01914","0.00538","81.95788"
"120.30000","4.01008","3,177.57397","0.01918","0.00546","81.99006"
"120.40000","4.01345","3,179.78662","0.01917","0.00534","82.04715"
"120.50000","4.01673","3,180.98950","0.01918","0.00534","82.07819"
"120.60000","4.02002","3,182.34009","0.01918","0.00520","82.11304"
"120.70000","4.02346","3,184.33691","0.01921","0.00492","82.16457"
"120.80000","4.02682","3,186.37744","0.01925","0.00495","82.21722"
"120.90000","4.02996","3,187.27563","0.01924","0.00491","82.24039"
"121.00000","4.03340","3,189.77710","0.01926","0.00492","82.30493"
"121.10000","4.03676","3,190.72266","0.01927","0.00491","82.32933"
"121.20000","4.03998","3,192.13013","0.01929","0.00492","82.36565"
"121.30000","4.04342","3,193.67114","0.01929","0.00486","82.40541"
"121.40000","4.04678","3,195.51294","0.01930","0.00490","82.45293"
"121.50000","4.05007","3,197.20068","0.01931","0.00487","82.49648"
"121.60000","4.05343","3,198.93701","0.01932","0.00484","82.54128"
"121.70000","4.05679","3,200.70312","0.01934","0.00481","82.58685"
"121.80000","4.06001","3,202.15625","0.01936","0.00486","82.62435"
"121.90000","4.06337","3,202.79297","0.01935","0.00471","82.64078"
"122.00000","4.06681","3,206.12012","0.01938","0.00477","82.72663"
"122.10000","4.07010","3,206.94702","0.01939","0.00475","82.74796"
"122.20000","4.07338","3,207.96924","0.01941","0.00476","82.77434"
"122.30000","4.07682","3,209.92065","0.01938","0.00476","82.82469"
"122.40000","4.08011","3,211.32568","0.01942","0.00484","82.86095"
"122.50000","4.08332","3,213.60986","0.01942","0.00492","82.91988"
"122.60000","4.08669","3,214.74829","0.01943","0.00491","82.94926"
"122.70000","4.09013","3,216.75122","0.01946","0.00503","83.00094"
"122.80000","4.09334","3,218.76294","0.01948","0.00507","83.05285"
"122.90000","4.09678","3,220.34399","0.01949","0.00507","83.09364"
"123.00000","4.10021","3,221.88989","0.01951","0.00521","83.13353"
"123.10000","4.10328","3,223.20361","0.01953","0.00525","83.16743"
"123.20000","4.10672","3,224.64819","0.01955","0.00539","83.20470"
"123.30000","4.11016","3,226.40454","0.01958","0.00546","83.25002"
"123.40000","4.11337","3,228.15674","0.01959","0.00561","83.29523"
"123.50000","4.11673","3,229.37695","0.01961","0.00562","83.32672"
"123.60000","4.12017","3,231.82422","0.01966","0.00558","83.38986"
"123.70000","4.12346","3,233.16309","0.01969","0.00512","83.42441"
"123.80000","4.12667","3,234.56152","0.01970","0.00511","83.46049"
"123.90000","4.13004","3,236.14478","0.01972","0.00511","83.50134"
"124.00000","4.13347","3,237.79102","0.01971","0.00504","83.54382"
"124.10000","4.13661","3,239.96436","0.01974","0.00510","83.59990"
"124.20000","4.14005","3,241.39453","0.01976","0.00505","83.63680"
"124.30000","4.14356","3,242.98145","0.01977","0.00506","83.67775"
"124.40000","4.14663","3,244.27832","0.01979","0.00500","83.71121"
"124.50000","4.15006","3,246.07422","0.01980","0.00502","83.75755"
"124.60000","4.15343","3,247.97363","0.01980","0.00498","83.80656"
"124.70000","4.15657","3,249.71069","0.01981","0.00502","83.85139"
"124.80000","4.16008","3,250.92163","0.01983","0.00494","83.88263"
"124.90000","4.16344","3,252.23804","0.01983","0.00491","83.91660"
"125.00000","4.16681","3,253.86890","0.01986","0.00498","83.95868"
"125.10000","4.17002","3,255.73267","0.01989","0.00485","84.00677"
"125.20000","4.17338","3,257.02686","0.01988","0.00481","84.04016"
"125.30000","4.17675","3,258.91626","0.01988","0.00494","84.08891"
"125.40000","4.17988","3,260.35986","0.01991","0.00491","84.12616"
"125.50000","4.18340","3,262.79736","0.01992","0.00490","84.18906"
"125.60000","4.18684","3,263.59570","0.01992","0.00500","84.20966"
"125.70000","4.18997","3,265.18384","0.01993","0.00508","84.25063"
"125.80000","4.19349","3,266.81616","0.01992","0.00513","84.29276"
"125.90000","4.19685","3,268.52979","0.01996","0.00510","84.33697"
"126.00000","4.19999","3,270.39282","0.01995","0.00522","84.38504"
"126.10000","4.20343","3,271.85059","0.01997","0.00524","84.42265"
"126.20000","4.20679","3,273.92969","0.02000","0.00551","84.47630"
"126.30000","4.21008","3,275.60425","0.02001","0.00547","84.51951"
"126.40000","4.21344","3,276.01660","0.02003","0.00559","84.53015"
"126.50000","4.21680","3,277.67773","0.02005","0.00563","84.57301"
"126.60000","4.22017","3,279.72241","0.02009","0.00569","84.62577"
"126.70000","4.22331","3,281.76611","0.02008","0.00571","84.67850"
"126.80000","4.22667","3,282.90210","0.02013","0.00560","84.70781"
"126.90000","4.23011","3,284.88770","0.02014","0.00541","84.75905"
"127.00000","4.23325","3,285.32300","0.02017","0.00523","84.77028"
"127.10000","4.23683","3,287.46484","0.02018","0.00518","84.82555"
"127.20000","4.24012","3,289.17310","0.02021","0.00516","84.86962"
"127.30000","4.24334","3,290.66675","0.02022","0.00514","84.90816"
"127.40000","4.24677","3,292.45190","0.02024","0.00516","84.95422"
"127.50000","4.24999","3,294.72949","0.02028","0.00515","85.01299"
"127.60000","4.25328","3,295.63916","0.02028","0.00514","85.03646"
"127.70000","4.25671","3,297.59131","0.02030","0.00515","85.08684"
"127.80000","4.26008","3,299.85181","0.02030","0.00507","85.14516"
"127.90000","4.26344","3,300.68091","0.02031","0.00507","85.16656"
"128.00000","4.26665","3,301.97705","0.02033","0.00501","85.20000"
"128.10000","4.27002","3,303.74243","0.02034","0.00501","85.24555"
"128.20000","4.27346","3,305.20581","0.02036","0.00501","85.28331"
"128.30000","4.27659","3,307.61743","0.02039","0.00494","85.34554"
"128.40000","4.28018","3,309.55762","0.02037","0.00503","85.39560"
"128.50000","4.28355","3,310.21582","0.02040","0.00507","85.41258"
"128.60000","4.28668","3,312.06836","0.02042","0.00504","85.46038"
"128.70000","4.29012","3,313.61694","0.02043","0.00504","85.50034"
"128.80000","4.29341","3,315.10913","0.02043","0.00512","85.53884"
"128.90000","4.29670","3,316.82495","0.02045","0.00517","85.58311"
"129.00000","4.29999","3,318.16113","0.02045","0.00523","85.61759"
"129.10000","4.30335","3,319.63818","0.02046","0.00525","85.65570"
"129.20000","4.30679","3,321.95044","0.02048","0.00534","85.71536"
"129.30000","4.31000","3,323.11841","0.02047","0.00538","85.74551"
"129.40000","4.31344","3,324.12231","0.02051","0.00567","85.77141"
"129.50000","4.31680","3,326.19849","0.02051","0.00567","85.82497"
"129.60000","4.31994","3,327.26587","0.02052","0.00572","85.85252"
"129.70000","4.32338","3,329.07764","0.02054","0.00581","85.89927"
"129.80000","4.32682","3,331.71704","0.02056","0.00587","85.96737"
"129.90000","4.32996","3,332.67822","0.02058","0.00550","85.99217"
"130.00000","4.33347","3,334.34937","0.02061","0.00538","86.03529"
"130.10000","4.33683","3,336.39355","0.02061","0.00538","86.08804"
"130.20000","4.34005","3,337.20410","0.02067","0.00535","86.10896"
"130.30000","4.34333","3,338.78247","0.02067","0.00534","86.14968"
"130.40000","4.34670","3,340.18018","0.02071","0.00528","86.18575"
"130.50000","4.35006","3,342.40308","0.02072","0.00536","86.24310"
"130.60000","4.35335","3,343.81494","0.02075","0.00527","86.27953"
"130.70000","4.35686","3,345.21729","0.02075","0.00534","86.31571"
"130.80000","4.36015","3,346.62451","0.02077","0.00525","86.35203"
"130.90000","4.36336","3,348.40088","0.02078","0.00528","86.39786"
"131.00000","4.36680","3,349.80981","0.02082","0.00516","86.43421"
"131.10000","4.37009","3,351.89038","0.02084","0.00524","86.48790"
"131.20000","4.37330","3,353.26685","0.02082","0.00520","86.52341"
"131.30000","4.37674","3,354.68286","0.02088","0.00518","86.55995"
"131.40000","4.38018","3,357.36133","0.02087","0.00515","86.62907"
"131.50000","4.38339","3,358.29248","0.02087","0.00510","86.65309"
"131.60000","4.38668","3,359.87134","0.02090","0.00514","86.69382"
"131.70000","4.39012","3,361.01733","0.02091","0.00519","86.72340"
"131.80000","4.39326","3,362.83862","0.02093","0.00517","86.77039"
"131.90000","4.39670","3,364.51831","0.02094","0.00517","86.81374"
"132.00000","4.40013","3,366.29297","0.02095","0.00530","86.85953"
"132.10000","4.40342","3,368.24878","0.02098","0.00530","86.90999"
"132.20000","4.40671","3,368.67261","0.02099","0.00541","86.92093"
"132.30000","4.41015","3,371.25464","0.02098","0.00544","86.98755"
"132.40000","4.41344","3,372.84814","0.02101","0.00558","87.02866"
"132.50000","4.41665","3,373.65894","0.02100","0.00555","87.04958"
"132.60000","4.42001","3,376.33301","0.02102","0.00572","87.11858"
"132.70000","4.42345","3,377.26733","0.02102","0.00588","87.14269"
"132.80000","4.42667","3,378.63452","0.02104","0.00591","87.17797"
"132.90000","4.43010","3,381.03735","0.02105","0.00600","87.23997"
"133.00000","4.43354","3,382.25488","0.02107","0.00599","87.27139"
"133.10000","4.43668","3,383.53296","0.02108","0.00573","87.30436"
"133.20000","4.44004","3,385.46289","0.02107","0.00550","87.35416"
"133.30000","4.44348","3,387.02686","0.02110","0.00549","87.39452"
"133.40000","4.44662","3,387.67554","0.02111","0.00546","87.41125"
"133.50000","4.45006","3,389.14136","0.02115","0.00545","87.44907"
"133.60000","4.45350","3,391.37622","0.02114","0.00551","87.50674"
"133.70000","4.45679","3,392.79443","0.02121","0.00545","87.54333"
"133.80000","4.46000","3,394.48706","0.02120","0.00544","87.58701"
"133.90000","4.46329","3,396.43872","0.02124","0.00540","87.63737"
"134.00000","4.46680","3,397.20801","0.02126","0.00538","87.65722"
"134.10000","4.46994","3,399.04175","0.02127","0.00538","87.70453"
"134.20000","4.47338","3,400.79517","0.02130","0.00533","87.74977"
"134.30000","4.47689","3,402.61206","0.02130","0.00531","87.79665"
"134.40000","4.47995","3,403.12134","0.02135","0.00535","87.80980"
"134.50000","4.48347","3,404.65723","0.02135","0.00534","87.84943"
"134.60000","4.48683","3,406.55444","0.02137","0.00524","87.89838"
"134.70000","4.48997","3,407.88892","0.02140","0.00530","87.93282"
"134.80000","4.49341","3,409.32690","0.02141","0.00526","87.96992"
"134.90000","4.49677","3,412.16016","0.02140","0.00532","88.04302"
"135.00000","4.50013","3,414.00757","0.02144","0.00530","88.09069"
"135.10000","4.50342","3,415.38013","0.02144","0.00541","88.12611"
"135.20000","4.50671","3,415.88159","0.02145","0.00543","88.13905"
"135.30000","4.51015","3,418.30322","0.02148","0.00547","88.20153"
"135.40000","4.51329","3,419.49902","0.02148","0.00559","88.23238"
"135.50000","4.51672","3,420.82837","0.02148","0.00564","88.26669"
"135.60000","4.52016","3,422.47900","0.02152","0.00564","88.30928"
"135.70000","4.52330","3,423.61694","0.02150","0.00573","88.33864"
"135.80000","4.52681","3,425.92407","0.02153","0.00597","88.39817"
"135.90000","4.53018","3,428.39478","0.02155","0.00591","88.46192"
"136.00000","4.53332","3,429.34717","0.02154","0.00606","88.48650"
"136.10000","4.53675","3,430.07227","0.02152","0.00608","88.50520"
"136.20000","4.53997","3,432.45312","0.02153","0.00561","88.56664"
"136.30000","4.54333","3,433.89282","0.02158","0.00559","88.60378"
"136.40000","4.54669","3,435.54346","0.02161","0.00566","88.64638"
"136.50000","4.55013","3,437.74780","0.02160","0.00562","88.70325"
"136.60000","4.55349","3,438.65308","0.02161","0.00557","88.72661"
"136.70000","4.55663","3,439.92407","0.02164","0.00562","88.75941"
"136.80000","4.56007","3,441.53271","0.02165","0.00552","88.80091"
"136.90000","4.56351","3,444.03613","0.02168","0.00555","88.86551"
"137.00000","4.56657","3,444.61768","0.02170","0.00558","88.88052"
"137.10000","4.57016","3,446.41772","0.02173","0.00551","88.92696"
"137.20000","4.57352","3,448.42822","0.02175","0.00548","88.97884"
"137.30000","4.57674","3,448.96729","0.02178","0.00552","88.99274"
"137.40000","4.58010","3,451.41553","0.02179","0.00548","89.05592"
"137.50000","4.58339","3,452.72949","0.02180","0.00545","89.08982"
"137.60000","4.58668","3,454.01978","0.02183","0.00545","89.12312"
"137.70000","4.59004","3,455.76489","0.02185","0.00540","89.16814"
"137.80000","4.59340","3,457.64600","0.02189","0.00548","89.21668"
"137.90000","4.59684","3,459.45874","0.02189","0.00539","89.26346"
"138.00000","4.59998","3,460.42114","0.02190","0.00543","89.28828"
"138.10000","4.60342","3,462.85449","0.02192","0.00543","89.35107"
"138.20000","4.60678","3,464.61719","0.02195","0.00543","89.39655"
"138.30000","4.60992","3,464.95239","0.02196","0.00546","89.40520"
"138.40000","4.61343","3,466.66992","0.02196","0.00556","89.44952"
"138.50000","4.61680","3,468.06860","0.02197","0.00562","89.48561"
"138.60000","4.62001","3,470.03638","0.02199","0.00572","89.53638"
"138.70000","4.62352","3,471.60693","0.02201","0.00574","89.57691"
"138.80000","4.62681","3,472.30835","0.02200","0.00580","89.59501"
"138.90000","4.63002","3,474.31201","0.02201","0.00592","89.64671"
"139.00000","4.63331","3,476.13794","0.02202","0.00609","89.69382"
"139.10000","4.63675","3,477.49487","0.02204","0.00614","89.72884"
"139.20000","4.64011","3,479.42383","0.02203","0.00618","89.77861"
"139.30000","4.64333","3,480.36353","0.02204","0.00603","89.80286"
"139.40000","4.64692","3,482.27173","0.02206","0.00582","89.85209"
"139.50000","4.65013","3,484.08105","0.02207","0.00576","89.89878"
"139.60000","4.65327","3,485.61548","0.02209","0.00573","89.93837"
"139.70000","4.65678","3,487.02002","0.02209","0.00569","89.97461"
"139.80000","4.66007","3,488.59351","0.02213","0.00569","90.01521"
"139.90000","4.66336","3,490.31567","0.02213","0.00570","90.05965"
"140.00000","4.66680","3,491.62329","0.02215","0.00570","90.09338"
"140.10000","4.67023","3,493.33740","0.02217","0.00572","90.13762"
"140.20000","4.67337","3,494.94751","0.02217","0.00570","90.17916"
"140.30000","4.67666","3,496.19678","0.02218","0.00567","90.21140"
"140.40000","4.68010","3,498.81982","0.02226","0.00560","90.27908"
"140.50000","4.68339","3,500.07520","0.02226","0.00561","90.31147"
"140.60000","4.68668","3,500.57471","0.02227","0.00558","90.32436"
"140.70000","4.69011","3,502.78247","0.02232","0.00555","90.38132"
"140.80000","4.69348","3,504.88574","0.02234","0.00553","90.43559"
"140.90000","4.69669","3,505.68555","0.02235","0.00556","90.45623"
"141.00000","4.70013","3,507.46069","0.02237","0.00558","90.50204"
"141.10000","4.70342","3,508.82861","0.02241","0.00552","90.53733"
"141.20000","4.70663","3,510.17944","0.02243","0.00567","90.57219"
"141.30000","4.71007","3,512.10767","0.02243","0.00566","90.62194"
"141.40000","4.71351","3,514.10669","0.02246","0.00568","90.67352"
"141.50000","4.71672","3,515.79346","0.02247","0.00574","90.71704"
"141.60000","4.72008","3,517.08301","0.02247","0.00571","90.75032"
"141.70000","4.72352","3,518.25659","0.02250","0.00577","90.78060"
"141.80000","4.72666","3,520.69873","0.02251","0.00589","90.84361"
"141.90000","4.73002","3,522.13745","0.02252","0.00592","90.88074"
"142.00000","4.73346","3,523.68921","0.02253","0.00590","90.92078"
"142.10000","4.73667","3,524.74341","0.02253","0.00594","90.94798"
"142.20000","4.74004","3,526.53149","0.02255","0.00622","90.99412"
"142.30000","4.74348","3,528.11450","0.02255","0.00609","91.03496"
"142.40000","4.74676","3,528.57153","0.02254","0.00599","91.04675"
"142.50000","4.74990","3,531.17969","0.02259","0.00598","91.11405"
"142.60000","4.75334","3,531.96851","0.02256","0.00586","91.13441"
"142.70000","4.75678","3,533.80103","0.02260","0.00594","91.18169"
"142.80000","4.75999","3,535.01440","0.02259","0.00590","91.21300"
"142.90000","4.76343","3,536.46387","0.02261","0.00587","91.25040"
"143.00000","4.76694","3,538.98706","0.02266","0.00581","91.31550"
"143.10000","4.76993","3,540.75464","0.02265","0.00587","91.36111"
"143.20000","4.77337","3,542.02173","0.02268","0.00577","91.39381"
"143.30000","4.77673","3,542.95410","0.02266","0.00585","91.41786"
"143.40000","4.78002","3,544.92554","0.02268","0.00584","91.46873"
"143.50000","4.78339","3,546.88501","0.02272","0.00579","91.51929"
"143.60000","4.78682","3,547.94824","0.02273","0.00581","91.54672"
"143.70000","4.79011","3,549.49805","0.02276","0.00578","91.58672"
"143.80000","4.79340","3,550.99854","0.02276","0.00578","91.62543"
"143.90000","4.79669","3,552.78174","0.02280","0.00573","91.67144"
"144.00000","4.80013","3,554.48828","0.02281","0.00576","91.71548"
"144.10000","4.80327","3,555.31470","0.02285","0.00579","91.73680"
"144.20000","4.80670","3,557.12500","0.02289","0.00574","91.78351"
"144.30000","4.81014","3,557.94312","0.02292","0.00572","91.80462"
"144.40000","4.81335","3,559.71021","0.02290","0.00576","91.85021"
"144.50000","4.81679","3,562.07300","0.02292","0.00572","91.91118"
"144.60000","4.82016","3,563.04321","0.02296","0.00583","91.93622"
"144.70000","4.82330","3,564.26733","0.02298","0.00579","91.96780"
"144.80000","4.82666","3,566.34595","0.02298","0.00584","92.02144"
"144.90000","4.83002","3,567.95874","0.02298","0.00605","92.06305"
"145.00000","4.83338","3,569.16113","0.02300","0.00602","92.09408"
"145.10000","4.83667","3,570.69702","0.02300","0.00607","92.13371"
"145.20000","4.84004","3,572.43262","0.02302","0.00605","92.17849"
"145.30000","4.84355","3,574.36157","0.02306","0.00619","92.22826"
"145.40000","4.84661","3,575.41968","0.02305","0.00638","92.25556"
"145.50000","4.85005","3,577.33032","0.02305","0.00647","92.30486"
"145.60000","4.85349","3,578.28076","0.02307","0.00624","92.32938"
"145.70000","4.85663","3,579.78149","0.02309","0.00600","92.36811"
"145.80000","4.86014","3,582.08496","0.02310","0.00597","92.42754"
"145.90000","4.86350","3,584.02026","0.02312","0.00599","92.47748"
"146.00000","4.86664","3,584.68896","0.02313","0.00605","92.49474"
"146.10000","4.87008","3,585.37036","0.02316","0.00603","92.51231"
"146.20000","4.87337","3,587.62622","0.02312","0.00597","92.57053"
"146.30000","4.87673","3,589.37158","0.02313","0.00597","92.61556"
"146.40000","4.88002","3,590.93921","0.02316","0.00597","92.65601"
"146.50000","4.88338","3,593.09399","0.02321","0.00595","92.71161"
"146.60000","4.88690","3,594.14526","0.02322","0.00594","92.73873"
"146.70000","4.88996","3,595.70410","0.02320","0.00593","92.77895"
"146.80000","4.89332","3,597.84326","0.02323","0.00584","92.83415"
"146.90000","4.89676","3,598.68555","0.02325","0.00589","92.85589"
"147.00000","4.89990","3,600.09570","0.02329","0.00584","92.89227"
"147.10000","4.90349","3,601.24487","0.02329","0.00590","92.92192"
"147.20000","4.90685","3,603.06201","0.02332","0.00585","92.96881"
"147.30000","4.91006","3,604.61963","0.02333","0.00589","93.00900"
"147.40000","4.91343","3,606.09888","0.02336","0.00581","93.04717"
"147.50000","4.91672","3,607.90088","0.02339","0.00587","93.09367"
"147.60000","4.92000","3,609.61304","0.02340","0.00588","93.13785"
"147.70000","4.92337","3,610.56812","0.02344","0.00599","93.16249"
"147.80000","4.92673","3,612.88721","0.02347","0.00598","93.22233"
"147.90000","4.93017","3,614.46436","0.02346","0.00602","93.26302"
"148.00000","4.93331","3,615.60132","0.02348","0.00609","93.29236"
"148.10000","4.93682","3,617.14478","0.02351","0.00617","93.33218"
"148.20000","4.94018","3,619.48828","0.02350","0.00623","93.39265"
"148.30000","4.94317","3,619.90552","0.02351","0.00617","93.40342"
"148.40000","4.94676","3,622.27979","0.02354","0.00617","93.46468"
"148.50000","4.95005","3,623.83569","0.02355","0.00638","93.50483"
"148.60000","4.95334","3,624.64453","0.02358","0.00633","93.52570"
"148.70000","4.95677","3,626.80396","0.02357","0.00609","93.58141"
"148.80000","4.96021","3,627.81128","0.02358","0.00612","93.60741"
"148.90000","4.96343","3,629.85059","0.02358","0.00612","93.66003"
"149.00000","4.96664","3,630.67236","0.02360","0.00609","93.68123"
"149.10000","4.97008","3,632.73169","0.02362","0.00620","93.73437"
"149.20000","4.97344","3,634.04907","0.02363","0.00616","93.76836"
"149.30000","4.97666","3,635.32642","0.02365","0.00613","93.80132"
"149.40000","4.98017","3,638.01831","0.02363","0.00614","93.87078"
"149.50000","4.98346","3,639.50049","0.02366","0.00610","93.90902"
"149.60000","4.98659","3,640.60913","0.02368","0.00608","93.93763"
"149.70000","4.99011","3,642.54077","0.02371","0.00609","93.98747"
"149.80000","4.99347","3,644.20679","0.02371","0.00606","94.03046"
"149.90000","4.99668","3,645.37573","0.02372","0.00600","94.06062"
"150.00000","5.00012","3,646.71802","0.02371","0.00604","94.09525"
"150.10000","5.00356","3,648.44458","0.02374","0.00606","94.13980"
"150.20000","5.00670","3,649.94849","0.02377","0.00597","94.17861"
"150.30000","5.01006","3,650.90625","0.02378","0.00599","94.20332"
"150.40000","5.01343","3,652.89331","0.02379","0.00597","94.25459"
"150.50000","5.01664","3,654.10156","0.02384","0.00595","94.28577"
"150.60000","5.02000","3,655.86499","0.02382","0.00598","94.33127"
"150.70000","5.02344","3,657.59204","0.02385","0.00603","94.37583"
"150.80000","5.02680","3,659.16016","0.02386","0.00610","94.41630"
"150.90000","5.03002","3,660.01392","0.02387","0.00606","94.43832"
"151.00000","5.03345","3,661.80200","0.02389","0.00606","94.48446"
"151.10000","5.03682","3,664.06885","0.02394","0.00616","94.54295"
"151.20000","5.03996","3,664.92432","0.02396","0.00617","94.56503"
"151.30000","5.04340","3,666.39307","0.02399","0.00626","94.60292"
"151.40000","5.04676","3,668.06982","0.02398","0.00630","94.64619"
"151.50000","5.05005","3,669.70825","0.02402","0.00638","94.68846"
"151.60000","5.05341","3,671.08423","0.02404","0.00632","94.72397"
"151.70000","5.05685","3,672.03027","0.02405","0.00653","94.74838"
"151.80000","5.05999","3,674.36377","0.02407","0.00651","94.80859"
"151.90000","5.06335","3,675.00439","0.02408","0.00653","94.82512"
"152.00000","5.06679","3,676.21973","0.02409","0.00627","94.85648"
"152.10000","5.07008","3,678.36890","0.02411","0.00622","94.91193"
"152.20000","5.07336","3,679.77905","0.02412","0.00630","94.94832"
"152.30000","5.07680","3,681.75098","0.02414","0.00632","94.99920"
"152.40000","5.08024","3,683.09644","0.02415","0.00626","95.03391"
"152.50000","5.08338","3,684.94434","0.02416","0.00625","95.08160"
"152.60000","5.08674","3,685.81787","0.02420","0.00623","95.10413"
"152.70000","5.09011","3,687.30005","0.02418","0.00623","95.14238"
"152.80000","5.09324","3,689.11694","0.02418","0.00624","95.18926"
"152.90000","5.09676","3,690.60034","0.02418","0.00625","95.22754"
"153.00000","5.10019","3,692.35278","0.02421","0.00621","95.27276"
"153.10000","5.10333","3,694.08887","0.02422","0.00615","95.31755"
"153.20000","5.10670","3,695.14478","0.02421","0.00616","95.34480"
"153.30000","5.11006","3,696.07910","0.02421","0.00620","95.36890"
"153.40000","5.11335","3,698.64819","0.02422","0.00618","95.43520"
"153.50000","5.11671","3,699.30566","0.02424","0.00613","95.45216"
"153.60000","5.12007","3,700.89893","0.02425","0.00615","95.49327"
"153.70000","5.12344","3,703.05664","0.02427","0.00605","95.54894"
"153.80000","5.12673","3,704.88354","0.02429","0.00612","95.59608"
"153.90000","5.13001","3,704.98975","0.02432","0.00617","95.59882"
"154.00000","5.13345","3,708.20532","0.02435","0.00620","95.68179"
"154.10000","5.13659","3,708.80737","0.02436","0.00614","95.69733"
"154.20000","5.14010","3,710.17041","0.02437","0.00626","95.73250"
"154.30000","5.14354","3,711.38721","0.02441","0.00634","95.76389"
"154.40000","5.14668","3,713.84888","0.02443","0.00643","95.82742"
"154.50000","5.15012","3,714.50732","0.02445","0.00645","95.84441"
"154.60000","5.15348","3,716.46216","0.02449","0.00648","95.89484"
"154.70000","5.15670","3,717.65308","0.02450","0.00657","95.92557"
"154.80000","5.16006","3,720.21191","0.02452","0.00660","95.99160"
"154.90000","5.16335","3,720.62622","0.02455","0.00654","96.00229"
"155.00000","5.16679","3,722.27588","0.02456","0.00645","96.04485"
"155.10000","5.17007","3,723.90405","0.02458","0.00635","96.08686"
"155.20000","5.17344","3,725.08105","0.02457","0.00639","96.11723"
"155.30000","5.17695","3,727.22681","0.02460","0.00642","96.17260"
"155.40000","5.17994","3,728.54102","0.02462","0.00642","96.20651"
"155.50000","5.18338","3,730.05127","0.02464","0.00643","96.24548"
"155.60000","5.18682","3,731.57007","0.02467","0.00642","96.28467"
"155.70000","5.18995","3,733.13696","0.02465","0.00638","96.32510"
"155.80000","5.19347","3,735.21265","0.02467","0.00641","96.37865"
"155.90000","5.19683","3,736.07397","0.02469","0.00636","96.40088"
"156.00000","5.20004","3,737.48877","0.02471","0.00637","96.43739"
"156.10000","5.20341","3,738.60327","0.02472","0.00636","96.46614"
"156.20000","5.20669","3,740.19360","0.02472","0.00636","96.50718"
"156.30000","5.21006","3,741.91357","0.02470","0.00630","96.55156"
"156.40000","5.21327","3,742.71973","0.02470","0.00631","96.57236"
"156.50000","5.21671","3,745.44629","0.02472","0.00621","96.64272"
"156.60000","5.22022","3,746.88696","0.02471","0.00628","96.67989"
"156.70000","5.22329","3,747.42676","0.02476","0.00627","96.69382"
"156.80000","5.22672","3,748.40210","0.02476","0.00631","96.71898"
"156.90000","5.23016","3,750.42407","0.02474","0.00634","96.77115"
"157.00000","5.23323","3,751.69629","0.02475","0.00635","96.80398"
"157.10000","5.23681","3,752.60498","0.02480","0.00630","96.82742"
"157.20000","5.24018","3,754.86011","0.02483","0.00632","96.88561"
"157.30000","5.24339","3,756.10620","0.02484","0.00637","96.91777"
"157.40000","5.24675","3,758.19580","0.02487","0.00642","96.97169"
"157.50000","5.25012","3,759.08569","0.02491","0.00654","96.99464"
"157.60000","5.25341","3,759.79126","0.02492","0.00666","97.01285"
"157.70000","5.25662","3,761.33472","0.02496","0.00663","97.05267"
"157.80000","5.26006","3,763.57544","0.02498","0.00662","97.11050"
"157.90000","5.26350","3,764.96289","0.02501","0.00658","97.14629"
"158.00000","5.26663","3,766.06689","0.02505","0.00696","97.17478"
"158.10000","5.27015","3,767.32715","0.02504","0.00656","97.20730"
"158.20000","5.27351","3,769.01929","0.02506","0.00655","97.25096"
"158.30000","5.27657","3,770.74927","0.02509","0.00653","97.29560"
"158.40000","5.28009","3,771.40527","0.02513","0.00656","97.31252"
"158.50000","5.28345","3,773.86548","0.02513","0.00659","97.37601"
"158.60000","5.28666","3,774.81812","0.02515","0.00660","97.40058"
"158.70000","5.29010","3,776.38013","0.02517","0.00654","97.44089"
"158.80000","5.29354","3,778.70312","0.02517","0.00660","97.50083"
"158.90000","5.29668","3,779.15845","0.02519","0.00656","97.51258"
"159.00000","5.29997","3,780.36377","0.02519","0.00662","97.54368"
"159.10000","5.30340","3,782.30249","0.02520","0.00652","97.59370"
"159.20000","5.30677","3,783.71631","0.02521","0.00647","97.63018"
"159.30000","5.30998","3,784.91431","0.02523","0.00657","97.66109"
"159.40000","5.31349","3,786.65674","0.02523","0.00650","97.70605"
"159.50000","5.31686","3,788.19360","0.02524","0.00649","97.74571"
"159.60000","5.32000","3,788.76245","0.02527","0.00655","97.76038"
"159.70000","5.32343","3,790.12012","0.02527","0.00660","97.79542"
"159.80000","5.32680","3,791.54565","0.02527","0.00655","97.83220"
"159.90000","5.32994","3,792.25977","0.02527","0.00656","97.85062"
"160.00000","5.33337","3,793.61694","0.02527","0.00652","97.88564"
"160.10000","5.33681","3,795.36499","0.02529","0.00658","97.93075"
"160.20000","5.34010","3,797.76245","0.02535","0.00660","97.99261"
"160.30000","5.34339","3,798.33545","0.02533","0.00659","98.00739"
"160.40000","5.34675","3,799.93066","0.02534","0.00664","98.04855"
"160.50000","5.35004","3,801.04639","0.02536","0.00672","98.07735"
"160.60000","5.35333","3,802.58643","0.02542","0.00681","98.11708"
"160.70000","5.35677","3,803.77368","0.02544","0.00687","98.14772"
"160.80000","5.36013","3,805.10278","0.02546","0.00693","98.18201"
"160.90000","5.36334","3,805.93945","0.02546","0.00694","98.20360"
"161.00000","5.36678","3,808.49512","0.02550","0.00695","98.26955"
"161.10000","5.37014","3,809.08374","0.02552","0.00701","98.28473"
"161.20000","5.37336","3,810.31885","0.02558","0.00674","98.31660"
"161.30000","5.37672","3,812.03809","0.02560","0.00683","98.36096"
"161.40000","5.38008","3,813.15503","0.02563","0.00680","98.38978"
"161.50000","5.38337","3,814.47144","0.02563","0.00684","98.42375"
"161.60000","5.38674","3,816.07886","0.02563","0.00689","98.46523"
"161.70000","5.39017","3,816.93921","0.02565","0.00687","98.48743"
"161.80000","5.39339","3,818.53662","0.02569","0.00690","98.52864"
"161.90000","5.39660","3,818.81494","0.02569","0.00695","98.53582"
"162.00000","5.40004","3,820.86450","0.02572","0.00685","98.58871"
"162.10000","5.40340","3,822.06445","0.02573","0.00689","98.61967"
"162.20000","5.40669","3,823.83350","0.02575","0.00682","98.66531"
"162.30000","5.41013","3,825.41577","0.02574","0.00689","98.70614"
"162.40000","5.41349","3,826.30859","0.02576","0.00686","98.72918"
"162.50000","5.41671","3,827.81299","0.02576","0.00682","98.76800"
"162.60000","5.41999","3,828.86743","0.02578","0.00685","98.79520"
"162.70000","5.42343","3,829.56836","0.02578","0.00682","98.81329"
"162.80000","5.42665","3,831.16089","0.02579","0.00681","98.85439"
"162.90000","5.43008","3,832.41772","0.02579","0.00685","98.88681"
"163.00000","5.43352","3,833.88257","0.02580","0.00688","98.92461"
"163.10000","5.43674","3,835.27124","0.02582","0.00686","98.96044"
"163.20000","5.44010","3,836.38623","0.02585","0.00681","98.98921"
"163.30000","5.44346","3,838.09814","0.02586","0.00681","99.03338"
"163.40000","5.44675","3,838.62769","0.02586","0.00682","99.04704"
"163.50000","5.44996","3,840.48364","0.02589","0.00688","99.09493"
"163.60000","5.45340","3,841.18286","0.02589","0.00694","99.11298"
"163.70000","5.45684","3,843.04663","0.02593","0.00698","99.16106"
"163.80000","5.46005","3,844.84912","0.02593","0.00700","99.20757"
"163.90000","5.46342","3,845.42041","0.02594","0.00711","99.22231"
"164.00000","5.46693","3,847.06006","0.02600","0.00716","99.26463"
"164.10000","5.46992","3,848.50049","0.02599","0.00718","99.30179"
"164.20000","5.47336","3,849.76001","0.02601","0.00715","99.33429"
"164.30000","5.47679","3,850.79932","0.02606","0.00747","99.36111"
"164.40000","5.48001","3,852.64014","0.02610","0.00722","99.40861"
"164.50000","5.48345","3,853.52783","0.02612","0.00712","99.43151"
"164.60000","5.48681","3,854.83643","0.02614","0.00713","99.46528"
"164.70000","5.49002","3,856.27856","0.02614","0.00703","99.50249"
"164.80000","5.49331","3,857.22192","0.02617","0.00715","99.52682"
"164.90000","5.49667","3,859.57983","0.02619","0.00713","99.58767"
"165.00000","5.50011","3,859.85596","0.02623","0.00709","99.59480"
"165.10000","5.50333","3,860.87744","0.02624","0.00709","99.62115"
"165.20000","5.50676","3,862.16187","0.02626","0.00707","99.65429"
"165.30000","5.51028","3,863.61475","0.02626","0.00700","99.69178"
"165.40000","5.51327","3,862.78491","0.02627","0.00695","99.67036"
"165.50000","5.51670","3,864.06567","0.02627","0.00686","99.70341"
"165.60000","5.52014","3,866.49707","0.02631","0.00690","99.76615"
"165.70000","5.52328","3,866.52905","0.02631","0.00685","99.76698"
"165.80000","5.52679","3,868.72510","0.02632","0.00682","99.82364"
"165.90000","5.53016","3,868.76196","0.02635","0.00685","99.82459"
"166.00000","5.53344","3,869.67700","0.02636","0.00707","99.84821"
"166.10000","5.53673","3,869.19727","0.02640","0.00714","99.83582"
"166.20000","5.54002","3,866.13037","0.02651","0.00720","99.75669"
"166.30000","5.54338","3,861.46802","0.02665","0.00737","99.63639"
"166.32800","5.54436","3,519.08252","0.02665","0.00737","90.80191"
"166.33200","5.54451","3,162.86938","0.02665","0.00737","81.61064"
"166.33600","5.54465","2,750.08618","0.02665","0.00737","70.95971"
"166.34000","5.54481","2,320.74487","0.02665","0.00737","59.88153"
"166.34200","5.54488","2,108.71582","0.02665","0.00737","54.41061"
