Modulus (Segment 0.001 mm/mm - 0.008 mm/mm) : Modulus (Segment 0.001 mm/mm - 0.008 mm/mm),"6,374.51018",MPa
Poisson's ratio (Least squares fit) : Poisson's ratio (Least squares fit),"0.13655"
Specimen properties : Gauge length,"14.88000",mm
Specimen properties : Gauge length transverse,"5.11000",mm
Specimen properties : Thickness,"2.58000",mm
Specimen properties : Width,"15.03000",mm

Time,Extension,Load,Video axial strain,Video transverse strain,Calculated Stress
(s),(mm),(N),(mm/mm),(mm/mm),(MPa)
"0.00000","0.00000","77.48166","0.00000","-0.00004","1.99811"
"0.10000","0.00142","77.62507","0.00000","-0.00001","2.00181"
"0.20000","0.00575","84.70383","-0.00001","0.00001","2.18436"
"0.30000","0.00994","92.18756","0.00000","-0.00001","2.37735"
"0.40000","0.01338","97.81258","0.00003","-0.00001","2.52241"
"0.50000","0.01659","103.45259","0.00002","0.00001","2.66786"
"0.60000","0.02003","108.48860","0.00002","-0.00003","2.79773"
"0.70000","0.02347","113.61283","0.00004","-0.00014","2.92987"
"0.80000","0.02676","119.55205","0.00004","-0.00024","3.08303"
"0.90000","0.03012","125.65020","0.00006","-0.00029","3.24029"
"1.00000","0.03356","131.69081","0.00006","-0.00036","3.39607"
"1.10000","0.03662","136.17311","0.00007","-0.00032","3.51166"
"1.20000","0.03998","142.50172","0.00010","-0.00029","3.67487"
"1.30000","0.04342","147.43208","0.00012","-0.00016","3.80201"
"1.40000","0.04671","153.61018","0.00010","-0.00013","3.96133"
"1.50000","0.05007","158.93579","0.00012","-0.00006","4.09867"
"1.60000","0.05344","164.80504","0.00013","0.00002","4.25003"
"1.70000","0.05680","170.14883","0.00013","0.00013","4.38784"
"1.80000","0.06001","174.30029","0.00016","0.00019","4.49489"
"1.90000","0.06338","181.65465","0.00018","0.00027","4.68455"
"2.00000","0.06681","186.24388","0.00019","0.00030","4.80290"
"2.10000","0.06995","191.58160","0.00019","0.00037","4.94055"
"2.20000","0.07347","196.99074","0.00017","0.00044","5.08004"
"2.30000","0.07690","202.73828","0.00021","0.00048","5.22826"
"2.40000","0.07997","207.78226","0.00022","0.00023","5.35833"
"2.50000","0.08341","213.47589","0.00021","0.00034","5.50516"
"2.60000","0.08677","219.37045","0.00023","0.00051","5.65717"
"2.70000","0.08998","224.18210","0.00024","0.00035","5.78126"
"2.80000","0.09342","229.17250","0.00026","0.00040","5.90995"
"2.90000","0.09678","234.42648","0.00027","0.00046","6.04544"
"3.00000","0.10015","239.96593","0.00029","0.00044","6.18829"
"3.10000","0.10336","244.96144","0.00031","0.00036","6.31712"
"3.20000","0.10672","250.33339","0.00028","0.00032","6.45565"
"3.30000","0.11009","256.24454","0.00031","0.00033","6.60809"
"3.40000","0.11323","261.86871","0.00033","0.00031","6.75313"
"3.50000","0.11674","265.93152","0.00034","0.00029","6.85790"
"3.60000","0.12018","272.68097","0.00034","0.00028","7.03196"
"3.70000","0.12332","277.03351","0.00035","0.00023","7.14420"
"3.80000","0.12683","282.32681","0.00037","0.00021","7.28070"
"3.90000","0.13019","287.63382","0.00039","0.00000","7.41756"
"4.00000","0.13333","292.59048","0.00041","-0.00020","7.54539"
"4.10000","0.13669","298.50473","0.00043","-0.00017","7.69790"
"4.20000","0.14006","303.37686","0.00044","-0.00008","7.82355"
"4.30000","0.14342","308.37241","0.00046","-0.00009","7.95237"
"4.40000","0.14678","313.22467","0.00048","0.00002","8.07751"
"4.50000","0.15015","318.59308","0.00050","0.00010","8.21595"
"4.60000","0.15351","324.30902","0.00051","0.00013","8.36335"
"4.70000","0.15657","329.24417","0.00052","0.00019","8.49062"
"4.80000","0.16009","334.41391","0.00051","0.00027","8.62394"
"4.90000","0.16345","339.46277","0.00056","0.00037","8.75414"
"5.00000","0.16659","345.11765","0.00058","0.00039","8.89997"
"5.10000","0.17010","350.29517","0.00058","0.00051","9.03349"
"5.20000","0.17346","355.12497","0.00058","0.00053","9.15804"
"5.30000","0.17668","360.87289","0.00059","0.00056","9.30627"
"5.40000","0.18012","366.14505","0.00060","0.00065","9.44223"
"5.50000","0.18333","370.91705","0.00062","0.00068","9.56529"
"5.60000","0.18669","375.63733","0.00062","0.00064","9.68702"
"5.70000","0.18998","380.65787","0.00065","0.00062","9.81649"
"5.80000","0.19342","386.11707","0.00066","0.00047","9.95727"
"5.90000","0.19686","392.09811","0.00067","0.00051","10.11151"
"6.00000","0.20000","396.58542","0.00068","0.00058","10.22723"
"6.10000","0.20336","401.15179","0.00068","0.00056","10.34499"
"6.20000","0.20680","406.73059","0.00071","0.00049","10.48886"
"6.30000","0.20994","411.35461","0.00071","0.00051","10.60810"
"6.40000","0.21345","417.01416","0.00070","0.00046","10.75405"
"6.50000","0.21689","422.71548","0.00075","0.00048","10.90108"
"6.60000","0.22003","426.76959","0.00075","0.00043","11.00563"
"6.70000","0.22354","432.10626","0.00075","0.00042","11.14325"
"6.80000","0.22675","437.08047","0.00079","0.00041","11.27153"
"6.90000","0.23004","441.32568","0.00078","0.00031","11.38100"
"7.00000","0.23333","446.35059","0.00079","0.00023","11.51059"
"7.10000","0.23669","451.17950","0.00081","0.00006","11.63511"
"7.20000","0.24013","457.08539","0.00084","0.00005","11.78742"
"7.30000","0.24334","460.81631","0.00087","0.00003","11.88363"
"7.40000","0.24678","465.59210","0.00087","0.00001","12.00679"
"7.50000","0.25014","470.56754","0.00091","0.00014","12.13510"
"7.60000","0.25321","475.04526","0.00093","0.00016","12.25057"
"7.70000","0.25672","480.45288","0.00094","0.00027","12.39002"
"7.80000","0.26008","484.98163","0.00097","0.00028","12.50681"
"7.90000","0.26330","489.59116","0.00098","0.00039","12.62568"
"8.00000","0.26681","494.17783","0.00097","0.00041","12.74397"
"8.10000","0.27017","499.45120","0.00100","0.00052","12.87996"
"8.20000","0.27339","503.79825","0.00103","0.00054","12.99206"
"8.30000","0.27668","508.14966","0.00101","0.00056","13.10427"
"8.40000","0.28004","513.00000","0.00104","0.00070","13.22935"
"8.50000","0.28340","517.82953","0.00103","0.00073","13.35390"
"8.60000","0.28662","522.66382","0.00107","0.00083","13.47857"
"8.70000","0.29020","527.28693","0.00108","0.00087","13.59779"
"8.80000","0.29349","532.49390","0.00110","0.00088","13.73207"
"8.90000","0.29663","536.73022","0.00109","0.00054","13.84132"
"9.00000","0.30007","541.65662","0.00110","0.00062","13.96836"
"9.10000","0.30343","546.14502","0.00112","0.00072","14.08411"
"9.20000","0.30665","551.09052","0.00113","0.00068","14.21164"
"9.30000","0.31001","555.70367","0.00116","0.00070","14.33061"
"9.40000","0.31352","561.01392","0.00118","0.00064","14.46755"
"9.50000","0.31673","564.63977","0.00119","0.00062","14.56105"
"9.60000","0.32002","569.05981","0.00117","0.00059","14.67504"
"9.70000","0.32346","574.46783","0.00121","0.00058","14.81450"
"9.80000","0.32667","578.92456","0.00122","0.00049","14.92943"
"9.90000","0.32996","583.67542","0.00126","0.00059","15.05195"
"10.00000","0.33348","587.74127","0.00125","0.00050","15.15680"
"10.10000","0.33676","592.98065","0.00128","0.00040","15.29191"
"10.20000","0.34005","596.11023","0.00128","0.00037","15.37262"
"10.30000","0.34349","601.77655","0.00130","0.00021","15.51874"
"10.40000","0.34678","606.37811","0.00132","0.00007","15.63741"
"10.50000","0.34992","611.06024","0.00132","0.00011","15.75815"
"10.60000","0.35336","615.10486","0.00134","0.00018","15.86246"
"10.70000","0.35679","619.33258","0.00138","0.00031","15.97148"
"10.80000","0.36001","624.28082","0.00137","0.00033","16.09909"
"10.90000","0.36345","629.13892","0.00140","0.00037","16.22437"
"11.00000","0.36688","633.82867","0.00143","0.00044","16.34531"
"11.10000","0.37002","638.15222","0.00143","0.00046","16.45681"
"11.20000","0.37331","641.69885","0.00146","0.00057","16.54827"
"11.30000","0.37675","645.56354","0.00149","0.00066","16.64793"
"11.40000","0.38004","650.67523","0.00153","0.00069","16.77975"
"11.50000","0.38340","654.88257","0.00151","0.00069","16.88825"
"11.60000","0.38684","659.94360","0.00153","0.00080","17.01877"
"11.70000","0.39013","663.92926","0.00153","0.00087","17.12155"
"11.80000","0.39334","668.17847","0.00154","0.00087","17.23113"
"11.90000","0.39663","672.32416","0.00154","0.00083","17.33804"
"12.00000","0.40007","675.85791","0.00156","0.00070","17.42917"
"12.10000","0.40328","680.21960","0.00156","0.00071","17.54165"
"12.20000","0.40672","685.46021","0.00158","0.00075","17.67680"
"12.30000","0.41023","689.42255","0.00158","0.00079","17.77898"
"12.40000","0.41330","693.13922","0.00160","0.00077","17.87482"
"12.50000","0.41673","697.34283","0.00164","0.00082","17.98323"
"12.60000","0.42010","701.29401","0.00162","0.00071","18.08512"
"12.70000","0.42331","705.60114","0.00165","0.00074","18.19620"
"12.80000","0.42675","709.03040","0.00167","0.00068","18.28463"
"12.90000","0.43004","713.85962","0.00167","0.00070","18.40917"
"13.00000","0.43347","718.26086","0.00169","0.00061","18.52267"
"13.10000","0.43676","721.88788","0.00173","0.00067","18.61620"
"13.20000","0.44005","726.82410","0.00175","0.00061","18.74350"
"13.30000","0.44349","729.89410","0.00175","0.00049","18.82267"
"13.40000","0.44663","734.35706","0.00177","0.00054","18.93776"
"13.50000","0.45007","739.18066","0.00179","0.00028","19.06215"
"13.60000","0.45350","743.55957","0.00178","0.00020","19.17508"
"13.70000","0.45664","747.89996","0.00182","0.00020","19.28701"
"13.80000","0.46016","751.39142","0.00182","0.00030","19.37704"
"13.90000","0.46352","756.27209","0.00187","0.00037","19.50291"
"14.00000","0.46666","760.27222","0.00186","0.00044","19.60606"
"14.10000","0.47002","764.54547","0.00189","0.00049","19.71626"
"14.20000","0.47331","768.21606","0.00191","0.00058","19.81092"
"14.30000","0.47667","772.18726","0.00192","0.00059","19.91333"
"14.40000","0.48004","776.91937","0.00194","0.00065","20.03537"
"14.50000","0.48340","781.06268","0.00195","0.00071","20.14221"
"14.60000","0.48691","786.02155","0.00198","0.00078","20.27009"
"14.70000","0.48990","789.46667","0.00198","0.00081","20.35894"
"14.80000","0.49334","793.44043","0.00197","0.00088","20.46141"
"14.90000","0.49685","798.52448","0.00200","0.00090","20.59252"
"15.00000","0.49992","801.63013","0.00202","0.00102","20.67261"
"15.10000","0.50343","805.10211","0.00205","0.00093","20.76215"
"15.20000","0.50687","809.87561","0.00205","0.00071","20.88525"
"15.30000","0.51008","813.49939","0.00204","0.00079","20.97870"
"15.40000","0.51344","817.57306","0.00208","0.00082","21.08375"
"15.50000","0.51666","821.63513","0.00206","0.00088","21.18851"
"15.60000","0.52002","825.50159","0.00208","0.00095","21.28821"
"15.70000","0.52331","829.05450","0.00211","0.00090","21.37984"
"15.80000","0.52667","834.14679","0.00213","0.00091","21.51116"
"15.90000","0.53018","838.45685","0.00213","0.00084","21.62231"
"16.00000","0.53332","840.81805","0.00215","0.00087","21.68320"
"16.10000","0.53676","845.56372","0.00219","0.00079","21.80558"
"16.20000","0.54020","849.94550","0.00219","0.00077","21.91858"
"16.30000","0.54319","853.32208","0.00220","0.00073","22.00566"
"16.40000","0.54678","857.26678","0.00223","0.00072","22.10738"
"16.50000","0.55014","861.84088","0.00227","0.00066","22.22534"
"16.60000","0.55335","865.70990","0.00227","0.00064","22.32512"
"16.70000","0.55679","869.56079","0.00228","0.00058","22.42442"
"16.80000","0.56008","873.66010","0.00229","0.00034","22.53014"
"16.90000","0.56337","877.10785","0.00231","0.00039","22.61905"
"17.00000","0.56666","880.17157","0.00232","0.00046","22.69806"
"17.10000","0.57002","883.96387","0.00236","0.00045","22.79585"
"17.20000","0.57346","889.52490","0.00237","0.00053","22.93926"
"17.30000","0.57667","892.39136","0.00232","0.00054","23.01318"
"17.40000","0.58018","896.26770","0.00236","0.00061","23.11315"
"17.50000","0.58355","900.90662","0.00240","0.00070","23.23277"
"17.60000","0.58654","903.79974","0.00240","0.00073","23.30738"
"17.70000","0.59012","908.40302","0.00242","0.00084","23.42609"
"17.80000","0.59349","911.46484","0.00243","0.00090","23.50505"
"17.90000","0.59670","914.85669","0.00245","0.00088","23.59252"
"18.00000","0.60006","919.09552","0.00246","0.00100","23.70183"
"18.10000","0.60350","922.17255","0.00249","0.00104","23.78119"
"18.20000","0.60671","926.45801","0.00249","0.00087","23.89170"
"18.30000","0.61000","930.26404","0.00250","0.00093","23.98985"
"18.40000","0.61337","934.05292","0.00250","0.00078","24.08756"
"18.50000","0.61673","938.11072","0.00252","0.00086","24.19220"
"18.60000","0.61987","941.37036","0.00255","0.00089","24.27626"
"18.70000","0.62346","946.30670","0.00256","0.00093","24.40356"
"18.80000","0.62682","949.55212","0.00259","0.00100","24.48726"
"18.90000","0.63003","953.21014","0.00260","0.00097","24.58159"
"19.00000","0.63347","957.63580","0.00261","0.00093","24.69572"
"19.10000","0.63676","961.04498","0.00264","0.00095","24.78364"
"19.20000","0.63997","965.09802","0.00265","0.00088","24.88816"
"19.30000","0.64341","968.76154","0.00268","0.00088","24.98263"
"19.40000","0.64677","972.38629","0.00267","0.00087","25.07611"
"19.50000","0.65006","975.95544","0.00269","0.00085","25.16815"
"19.60000","0.65342","979.20892","0.00270","0.00073","25.25205"
"19.70000","0.65686","984.05786","0.00273","0.00073","25.37710"
"19.80000","0.66008","986.73291","0.00277","0.00074","25.44608"
"19.90000","0.66329","990.95740","0.00277","0.00065","25.55503"
"20.00000","0.66680","994.63452","0.00281","0.00055","25.64985"
"20.10000","0.67009","998.82605","0.00279","0.00043","25.75794"
"20.20000","0.67330","1,002.53522","0.00280","0.00046","25.85360"
"20.30000","0.67682","1,006.34943","0.00283","0.00056","25.95196"
"20.40000","0.68011","1,009.54028","0.00283","0.00059","26.03424"
"20.50000","0.68324","1,013.61920","0.00286","0.00067","26.13943"
"20.60000","0.68668","1,016.42596","0.00284","0.00075","26.21181"
"20.70000","0.69005","1,020.75415","0.00283","0.00079","26.32343"
"20.80000","0.69333","1,023.70325","0.00288","0.00085","26.39948"
"20.90000","0.69670","1,028.23792","0.00289","0.00088","26.51642"
"21.00000","0.70021","1,031.55591","0.00291","0.00095","26.60199"
"21.10000","0.70335","1,035.51404","0.00292","0.00103","26.70406"
"21.20000","0.70664","1,039.13123","0.00291","0.00103","26.79734"
"21.30000","0.71008","1,043.03943","0.00293","0.00107","26.89813"
"21.40000","0.71344","1,046.63367","0.00298","0.00103","26.99082"
"21.50000","0.71673","1,049.85010","0.00298","0.00098","27.07376"
"21.60000","0.72016","1,054.45044","0.00302","0.00100","27.19240"
"21.70000","0.72345","1,057.62683","0.00302","0.00096","27.27431"
"21.80000","0.72667","1,061.24036","0.00303","0.00099","27.36750"
"21.90000","0.73003","1,064.34155","0.00300","0.00102","27.44747"
"22.00000","0.73339","1,068.23132","0.00304","0.00103","27.54778"
"22.10000","0.73661","1,071.53650","0.00309","0.00111","27.63301"
"22.20000","0.74004","1,074.96619","0.00307","0.00112","27.72146"
"22.30000","0.74348","1,079.68665","0.00311","0.00102","27.84319"
"22.40000","0.74670","1,082.96594","0.00313","0.00104","27.92776"
"22.50000","0.75006","1,086.25867","0.00314","0.00100","28.01267"
"22.60000","0.75342","1,090.68787","0.00318","0.00098","28.12690"
"22.70000","0.75664","1,093.80554","0.00319","0.00098","28.20729"
"22.80000","0.76000","1,097.34412","0.00322","0.00082","28.29855"
"22.90000","0.76336","1,100.66492","0.00321","0.00082","28.38419"
"23.00000","0.76680","1,104.64014","0.00324","0.00085","28.48670"
"23.10000","0.77001","1,107.10754","0.00323","0.00083","28.55033"
"23.20000","0.77338","1,111.31262","0.00326","0.00051","28.65877"
"23.30000","0.77689","1,115.52527","0.00326","0.00064","28.76741"
"23.40000","0.77995","1,117.50195","0.00329","0.00063","28.81838"
"23.50000","0.78339","1,121.28699","0.00331","0.00069","28.91599"
"23.60000","0.78683","1,125.11475","0.00332","0.00070","29.01470"
"23.70000","0.78997","1,128.03564","0.00334","0.00078","29.09003"
"23.80000","0.79341","1,132.54736","0.00331","0.00079","29.20638"
"23.90000","0.79684","1,135.45923","0.00331","0.00083","29.28147"
"24.00000","0.80006","1,138.75513","0.00332","0.00092","29.36646"
"24.10000","0.80335","1,142.56946","0.00332","0.00096","29.46483"
"24.20000","0.80671","1,145.64648","0.00337","0.00100","29.54418"
"24.30000","0.81007","1,149.39160","0.00338","0.00113","29.64076"
"24.40000","0.81336","1,153.17029","0.00340","0.00114","29.73820"
"24.50000","0.81672","1,156.72876","0.00339","0.00097","29.82997"
"24.60000","0.82024","1,161.46045","0.00344","0.00087","29.95199"
"24.70000","0.82330","1,164.31128","0.00347","0.00095","30.02551"
"24.80000","0.82674","1,167.15515","0.00345","0.00106","30.09885"
"24.90000","0.83010","1,171.19128","0.00348","0.00110","30.20293"
"25.00000","0.83324","1,175.02161","0.00348","0.00109","30.30171"
"25.10000","0.83675","1,178.93713","0.00351","0.00114","30.40269"
"25.20000","0.84012","1,181.79163","0.00353","0.00114","30.47630"
"25.30000","0.84341","1,184.96130","0.00351","0.00122","30.55804"
"25.40000","0.84669","1,188.40295","0.00357","0.00113","30.64679"
"25.50000","0.84998","1,192.32861","0.00357","0.00108","30.74803"
"25.60000","0.85335","1,195.22302","0.00361","0.00112","30.82267"
"25.70000","0.85663","1,199.06531","0.00361","0.00104","30.92176"
"25.80000","0.86007","1,201.86755","0.00363","0.00102","30.99402"
"25.90000","0.86358","1,205.54236","0.00368","0.00106","31.08879"
"26.00000","0.86665","1,209.14880","0.00367","0.00089","31.18179"
"26.10000","0.87016","1,212.93738","0.00367","0.00100","31.27949"
"26.20000","0.87352","1,217.00220","0.00368","0.00092","31.38432"
"26.30000","0.87651","1,219.49915","0.00373","0.00091","31.44871"
"26.40000","0.88010","1,222.69116","0.00372","0.00078","31.53102"
"26.50000","0.88346","1,226.36267","0.00376","0.00060","31.62571"
"26.60000","0.88675","1,229.99133","0.00376","0.00071","31.71928"
"26.70000","0.89012","1,233.40063","0.00375","0.00071","31.80720"
"26.80000","0.89348","1,236.91089","0.00377","0.00079","31.89773"
"26.90000","0.89677","1,240.70435","0.00375","0.00081","31.99555"
"27.00000","0.89998","1,243.51367","0.00379","0.00085","32.06800"
"27.10000","0.90334","1,246.20801","0.00378","0.00093","32.13748"
"27.20000","0.90678","1,250.32751","0.00378","0.00102","32.24372"
"27.30000","0.90992","1,253.33374","0.00380","0.00105","32.32124"
"27.40000","0.91351","1,256.41968","0.00381","0.00111","32.40082"
"27.50000","0.91687","1,260.35364","0.00384","0.00116","32.50227"
"27.60000","0.91994","1,263.56897","0.00383","0.00106","32.58519"
"27.70000","0.92345","1,267.26929","0.00385","0.00087","32.68061"
"27.80000","0.92674","1,270.04724","0.00388","0.00095","32.75225"
"27.90000","0.92995","1,273.42078","0.00391","0.00105","32.83925"
"28.00000","0.93339","1,276.73926","0.00395","0.00102","32.92483"
"28.10000","0.93683","1,279.94592","0.00392","0.00112","33.00752"
"28.20000","0.94012","1,282.86731","0.00396","0.00115","33.08286"
"28.30000","0.94340","1,286.41443","0.00397","0.00122","33.17434"
"28.40000","0.94677","1,289.95093","0.00400","0.00121","33.26553"
"28.50000","0.95006","1,293.05396","0.00403","0.00132","33.34555"
"28.60000","0.95327","1,296.25159","0.00401","0.00123","33.42802"
"28.70000","0.95678","1,299.31384","0.00406","0.00119","33.50699"
"28.80000","0.96014","1,303.12195","0.00406","0.00121","33.60519"
"28.90000","0.96336","1,305.18103","0.00412","0.00120","33.65829"
"29.00000","0.96680","1,309.25085","0.00412","0.00108","33.76324"
"29.10000","0.97008","1,312.82581","0.00412","0.00106","33.85544"
"29.20000","0.97330","1,315.37427","0.00414","0.00099","33.92116"
"29.30000","0.97674","1,318.97864","0.00414","0.00101","34.01411"
"29.40000","0.98010","1,322.46033","0.00416","0.00102","34.10389"
"29.50000","0.98339","1,324.76746","0.00417","0.00102","34.16339"
"29.60000","0.98675","1,328.44250","0.00418","0.00082","34.25816"
"29.70000","0.99011","1,331.82458","0.00418","0.00070","34.34538"
"29.80000","0.99340","1,335.83411","0.00422","0.00077","34.44878"
"29.90000","0.99662","1,337.28674","0.00422","0.00082","34.48624"
"30.00000","1.00005","1,340.89075","0.00423","0.00085","34.57918"
"30.10000","1.00342","1,344.71753","0.00425","0.00094","34.67787"
"30.20000","1.00663","1,347.39380","0.00425","0.00099","34.74688"
"30.30000","1.01014","1,350.77856","0.00426","0.00107","34.83417"
"30.40000","1.01351","1,353.63330","0.00430","0.00104","34.90779"
"30.50000","1.01672","1,356.82739","0.00429","0.00113","34.99016"
"30.60000","1.02001","1,360.12280","0.00431","0.00119","35.07514"
"30.70000","1.02345","1,363.12769","0.00431","0.00126","35.15263"
"30.80000","1.02666","1,366.14575","0.00432","0.00087","35.23046"
"30.90000","1.03010","1,369.43848","0.00437","0.00102","35.31538"
"31.00000","1.03354","1,372.77222","0.00437","0.00106","35.40135"
"31.10000","1.03675","1,376.22351","0.00439","0.00111","35.49035"
"31.20000","1.03996","1,378.36206","0.00439","0.00115","35.54550"
"31.30000","1.04340","1,381.83105","0.00441","0.00123","35.63496"
"31.40000","1.04669","1,385.43103","0.00443","0.00124","35.72779"
"31.50000","1.04998","1,388.31860","0.00446","0.00130","35.80226"
"31.60000","1.05342","1,391.93079","0.00448","0.00135","35.89541"
"31.70000","1.05678","1,393.89502","0.00450","0.00138","35.94607"
"31.80000","1.06007","1,397.05273","0.00453","0.00127","36.02750"
"31.90000","1.06343","1,401.12024","0.00453","0.00129","36.13239"
"32.00000","1.06679","1,403.65222","0.00454","0.00122","36.19769"
"32.10000","1.06993","1,407.06860","0.00457","0.00123","36.28579"
"32.20000","1.07337","1,409.94592","0.00457","0.00110","36.35999"
"32.30000","1.07681","1,413.53052","0.00458","0.00108","36.45243"
"32.40000","1.08002","1,416.37915","0.00463","0.00108","36.52589"
"32.50000","1.08346","1,419.12476","0.00462","0.00107","36.59670"
"32.60000","1.08682","1,423.31360","0.00465","0.00109","36.70472"
"32.70000","1.09011","1,425.83557","0.00466","0.00108","36.76976"
"32.80000","1.09333","1,429.11548","0.00470","0.00080","36.85434"
"32.90000","1.09669","1,432.62537","0.00469","0.00079","36.94485"
"33.00000","1.10005","1,435.46887","0.00469","0.00086","37.01818"
"33.10000","1.10334","1,438.32141","0.00469","0.00090","37.09174"
"33.20000","1.10670","1,440.86780","0.00472","0.00093","37.15741"
"33.30000","1.11022","1,444.29114","0.00473","0.00099","37.24569"
"33.40000","1.11328","1,447.54810","0.00474","0.00099","37.32969"
"33.50000","1.11664","1,450.42798","0.00475","0.00109","37.40395"
"33.60000","1.12016","1,453.62927","0.00477","0.00115","37.48651"
"33.70000","1.12330","1,457.43262","0.00477","0.00120","37.58459"
"33.80000","1.12673","1,459.93469","0.00479","0.00127","37.64911"
"33.90000","1.13017","1,463.62451","0.00481","0.00099","37.74427"
"34.00000","1.13346","1,466.35522","0.00482","0.00104","37.81469"
"34.10000","1.13675","1,469.35327","0.00485","0.00106","37.89200"
"34.20000","1.14004","1,472.57471","0.00487","0.00115","37.97507"
"34.30000","1.14340","1,475.62256","0.00488","0.00120","38.05367"
"34.40000","1.14661","1,477.56641","0.00491","0.00123","38.10380"
"34.50000","1.15005","1,481.62744","0.00491","0.00129","38.20853"
"34.60000","1.15364","1,483.99744","0.00494","0.00133","38.26965"
"34.70000","1.15663","1,487.71790","0.00497","0.00135","38.36559"
"34.80000","1.16007","1,490.72437","0.00496","0.00141","38.44312"
"34.90000","1.16350","1,493.50549","0.00501","0.00146","38.51484"
"35.00000","1.16657","1,495.91443","0.00500","0.00143","38.57697"
"35.10000","1.17008","1,499.19202","0.00503","0.00139","38.66149"
"35.20000","1.17344","1,502.65356","0.00505","0.00129","38.75076"
"35.30000","1.17681","1,505.33472","0.00505","0.00133","38.81990"
"35.40000","1.18010","1,508.48792","0.00509","0.00123","38.90121"
"35.50000","1.18338","1,511.74353","0.00510","0.00120","38.98517"
"35.60000","1.18682","1,514.66309","0.00512","0.00116","39.06046"
"35.70000","1.18996","1,515.84485","0.00513","0.00124","39.09093"
"35.80000","1.19332","1,519.61035","0.00515","0.00115","39.18804"
"35.90000","1.19684","1,522.85449","0.00517","0.00107","39.27170"
"36.00000","1.19998","1,525.84473","0.00520","0.00105","39.34882"
"36.10000","1.20349","1,528.34045","0.00521","0.00088","39.41317"
"36.20000","1.20685","1,531.86743","0.00520","0.00092","39.50413"
"36.30000","1.20992","1,534.79089","0.00524","0.00097","39.57952"
"36.40000","1.21343","1,537.48999","0.00522","0.00101","39.64912"
"36.50000","1.21679","1,540.78259","0.00524","0.00108","39.73404"
"36.60000","1.22001","1,542.89563","0.00527","0.00111","39.78853"
"36.70000","1.22344","1,546.26831","0.00527","0.00114","39.87550"
"36.80000","1.22681","1,549.06628","0.00525","0.00126","39.94766"
"36.90000","1.23009","1,551.90125","0.00529","0.00126","40.02077"
"37.00000","1.23331","1,554.18835","0.00528","0.00119","40.07975"
"37.10000","1.23675","1,557.20886","0.00531","0.00104","40.15764"
"37.20000","1.24011","1,560.30273","0.00534","0.00109","40.23743"
"37.30000","1.24332","1,562.74719","0.00535","0.00117","40.30046"
"37.40000","1.24684","1,565.56909","0.00539","0.00118","40.37323"
"37.50000","1.25020","1,569.18408","0.00538","0.00126","40.46646"
"37.60000","1.25326","1,571.52539","0.00543","0.00128","40.52684"
"37.70000","1.25678","1,574.68213","0.00547","0.00132","40.60825"
"37.80000","1.26006","1,578.58167","0.00545","0.00134","40.70881"
"37.90000","1.26328","1,580.00122","0.00547","0.00142","40.74541"
"38.00000","1.26672","1,583.62720","0.00548","0.00144","40.83892"
"38.10000","1.27008","1,586.90271","0.00551","0.00151","40.92339"
"38.20000","1.27344","1,589.43591","0.00551","0.00146","40.98872"
"38.30000","1.27673","1,591.54883","0.00554","0.00141","41.04321"
"38.40000","1.28009","1,594.26794","0.00555","0.00123","41.11333"
"38.50000","1.28338","1,596.85217","0.00555","0.00128","41.17997"
"38.60000","1.28660","1,599.82727","0.00559","0.00118","41.25669"
"38.70000","1.29011","1,603.12036","0.00558","0.00122","41.34161"
"38.80000","1.29347","1,605.79956","0.00560","0.00122","41.41071"
"38.90000","1.29669","1,608.55078","0.00560","0.00118","41.48166"
"39.00000","1.30012","1,611.57288","0.00563","0.00113","41.55959"
"39.10000","1.30349","1,614.30859","0.00564","0.00107","41.63014"
"39.20000","1.30663","1,616.95850","0.00566","0.00098","41.69847"
"39.30000","1.31006","1,619.80835","0.00567","0.00100","41.77197"
"39.40000","1.31343","1,622.56006","0.00568","0.00100","41.84293"
"39.50000","1.31671","1,624.97351","0.00571","0.00100","41.90517"
"39.60000","1.32008","1,627.80884","0.00571","0.00108","41.97829"
"39.70000","1.32344","1,630.86096","0.00574","0.00114","42.05700"
"39.80000","1.32673","1,633.84058","0.00574","0.00117","42.13383"
"39.90000","1.32994","1,635.84778","0.00576","0.00123","42.18560"
"40.00000","1.33338","1,639.48755","0.00580","0.00131","42.27946"
"40.10000","1.33674","1,642.71204","0.00585","0.00137","42.36261"
"40.20000","1.34003","1,644.64893","0.00590","0.00111","42.41256"
"40.30000","1.34347","1,648.03503","0.00588","0.00101","42.49989"
"40.40000","1.34683","1,650.65320","0.00589","0.00109","42.56740"
"40.50000","1.35005","1,653.18774","0.00588","0.00120","42.63276"
"40.60000","1.35341","1,656.18115","0.00588","0.00123","42.70996"
"40.70000","1.35670","1,658.82898","0.00591","0.00136","42.77824"
"40.80000","1.35999","1,660.73718","0.00590","0.00136","42.82745"
"40.90000","1.36335","1,663.78223","0.00593","0.00135","42.90598"
"41.00000","1.36686","1,667.63269","0.00595","0.00148","43.00527"
"41.10000","1.37008","1,669.77734","0.00595","0.00152","43.06058"
"41.20000","1.37337","1,671.66089","0.00597","0.00152","43.10915"
"41.30000","1.37673","1,675.22437","0.00600","0.00154","43.20105"
"41.40000","1.38009","1,677.76978","0.00601","0.00154","43.26669"
"41.50000","1.38331","1,680.31934","0.00602","0.00144","43.33244"
"41.60000","1.38674","1,683.16028","0.00603","0.00142","43.40570"
"41.70000","1.39018","1,686.15002","0.00604","0.00138","43.48280"
"41.80000","1.39339","1,688.62158","0.00607","0.00129","43.54654"
"41.90000","1.39676","1,690.55164","0.00608","0.00127","43.59631"
"42.00000","1.40020","1,694.21997","0.00607","0.00126","43.69091"
"42.10000","1.40333","1,696.30811","0.00609","0.00117","43.74476"
"42.20000","1.40670","1,698.12390","0.00612","0.00115","43.79159"
"42.30000","1.41014","1,701.82117","0.00612","0.00107","43.88693"
"42.40000","1.41335","1,704.50989","0.00613","0.00093","43.95627"
"42.50000","1.41671","1,706.86780","0.00615","0.00097","44.01708"
"42.60000","1.42015","1,709.58472","0.00617","0.00106","44.08714"
"42.70000","1.42344","1,712.54578","0.00619","0.00110","44.16350"
"42.80000","1.42665","1,714.65503","0.00621","0.00117","44.21790"
"42.90000","1.43002","1,717.56799","0.00622","0.00117","44.29301"
"43.00000","1.43345","1,720.53687","0.00627","0.00125","44.36958"
"43.10000","1.43667","1,723.26636","0.00631","0.00130","44.43997"
"43.20000","1.44003","1,725.50562","0.00633","0.00136","44.49771"
"43.30000","1.44354","1,728.40466","0.00634","0.00129","44.57248"
"43.40000","1.44661","1,730.50122","0.00633","0.00131","44.62654"
"43.50000","1.45005","1,733.29956","0.00636","0.00121","44.69870"
"43.60000","1.45348","1,735.70813","0.00635","0.00118","44.76082"
"43.70000","1.45662","1,738.80054","0.00639","0.00121","44.84056"
"43.80000","1.46013","1,741.29993","0.00640","0.00132","44.90502"
"43.90000","1.46350","1,743.63464","0.00641","0.00135","44.96523"
"44.00000","1.46679","1,747.47778","0.00643","0.00142","45.06433"
"44.10000","1.47007","1,748.39050","0.00644","0.00148","45.08787"
"44.20000","1.47336","1,750.86914","0.00644","0.00153","45.15179"
"44.30000","1.47673","1,754.42114","0.00645","0.00154","45.24339"
"44.40000","1.47994","1,756.15125","0.00645","0.00161","45.28801"
"44.50000","1.48338","1,758.33179","0.00646","0.00154","45.34424"
"44.60000","1.48689","1,762.35999","0.00649","0.00146","45.44812"
"44.70000","1.48995","1,764.11853","0.00650","0.00140","45.49347"
"44.80000","1.49339","1,767.21069","0.00653","0.00141","45.57321"
"44.90000","1.49683","1,770.24731","0.00652","0.00130","45.65152"
"45.00000","1.49989","1,771.83191","0.00655","0.00132","45.69239"
"45.10000","1.50341","1,774.20544","0.00655","0.00132","45.75359"
"45.20000","1.50677","1,777.45898","0.00658","0.00124","45.83750"
"45.30000","1.51006","1,779.99097","0.00656","0.00121","45.90279"
"45.40000","1.51350","1,782.89575","0.00658","0.00124","45.97770"
"45.50000","1.51679","1,785.22668","0.00661","0.00105","46.03781"
"45.60000","1.52007","1,788.07288","0.00662","0.00097","46.11121"
"45.70000","1.52329","1,789.39160","0.00665","0.00112","46.14522"
"45.80000","1.52673","1,792.08875","0.00667","0.00105","46.21477"
"45.90000","1.53016","1,795.24475","0.00671","0.00113","46.29616"
"46.00000","1.53330","1,797.04089","0.00673","0.00123","46.34248"
"46.10000","1.53681","1,800.65186","0.00679","0.00123","46.43560"
"46.20000","1.54018","1,802.56848","0.00681","0.00133","46.48503"
"46.30000","1.54324","1,804.57288","0.00686","0.00141","46.53672"
"46.40000","1.54675","1,807.53882","0.00685","0.00140","46.61320"
"46.50000","1.55004","1,810.15784","0.00685","0.00147","46.68074"
"46.60000","1.55333","1,812.36011","0.00687","0.00132","46.73753"
"46.70000","1.55677","1,814.81360","0.00688","0.00118","46.80081"
"46.80000","1.56013","1,818.28845","0.00689","0.00124","46.89042"
"46.90000","1.56342","1,820.09558","0.00687","0.00141","46.93702"
"47.00000","1.56663","1,821.50879","0.00688","0.00136","46.97346"
"47.10000","1.57007","1,824.69958","0.00690","0.00146","47.05575"
"47.20000","1.57336","1,827.82275","0.00692","0.00147","47.13629"
"47.30000","1.57657","1,829.65344","0.00693","0.00156","47.18350"
"47.40000","1.58009","1,832.53052","0.00694","0.00162","47.25769"
"47.50000","1.58353","1,835.16724","0.00694","0.00168","47.32569"
"47.60000","1.58666","1,836.95532","0.00695","0.00166","47.37180"
"47.70000","1.59010","1,838.62854","0.00696","0.00157","47.41495"
"47.80000","1.59347","1,841.81348","0.00697","0.00154","47.49709"
"47.90000","1.59660","1,844.57019","0.00700","0.00145","47.56818"
"48.00000","1.60004","1,845.87000","0.00701","0.00149","47.60170"
"48.10000","1.60341","1,849.39575","0.00702","0.00142","47.69262"
"48.20000","1.60677","1,851.97949","0.00703","0.00139","47.75925"
"48.30000","1.61006","1,853.55615","0.00705","0.00137","47.79991"
"48.40000","1.61342","1,856.94971","0.00705","0.00134","47.88742"
"48.50000","1.61678","1,859.16370","0.00709","0.00134","47.94452"
"48.60000","1.61992","1,860.71716","0.00709","0.00128","47.98458"
"48.70000","1.62336","1,863.94543","0.00712","0.00112","48.06783"
"48.80000","1.62680","1,865.63501","0.00713","0.00111","48.11140"
"48.90000","1.63001","1,868.05981","0.00716","0.00116","48.17393"
"49.00000","1.63345","1,870.97693","0.00719","0.00116","48.24916"
"49.10000","1.63681","1,872.52905","0.00723","0.00122","48.28918"
"49.20000","1.63995","1,875.61304","0.00727","0.00124","48.36872"
"49.30000","1.64331","1,878.17664","0.00729","0.00138","48.43483"
"49.40000","1.64675","1,880.06519","0.00730","0.00139","48.48353"
"49.50000","1.65004","1,881.71899","0.00733","0.00140","48.52618"
"49.60000","1.65333","1,884.33105","0.00735","0.00136","48.59354"
"49.70000","1.65684","1,887.03943","0.00735","0.00137","48.66338"
"49.80000","1.66006","1,889.46338","0.00735","0.00123","48.72589"
"49.90000","1.66327","1,891.72583","0.00740","0.00125","48.78424"
"50.00000","1.66671","1,894.46716","0.00738","0.00128","48.85493"
"50.10000","1.67007","1,896.40466","0.00737","0.00138","48.90490"
"50.20000","1.67336","1,898.74512","0.00741","0.00142","48.96525"
"50.30000","1.67680","1,900.81116","0.00741","0.00151","49.01853"
"50.40000","1.68023","1,903.14819","0.00740","0.00158","49.07880"
"50.50000","1.68337","1,905.88501","0.00740","0.00161","49.14938"
"50.60000","1.68666","1,907.23633","0.00744","0.00167","49.18422"
"50.70000","1.69010","1,909.89258","0.00744","0.00172","49.25272"
"50.80000","1.69331","1,911.91956","0.00745","0.00167","49.30500"
"50.90000","1.69668","1,914.78284","0.00748","0.00167","49.37883"
"51.00000","1.70011","1,917.25916","0.00747","0.00171","49.44270"
"51.10000","1.70348","1,919.12720","0.00750","0.00144","49.49087"
"51.20000","1.70669","1,921.35181","0.00751","0.00145","49.54824"
"51.30000","1.71005","1,923.84827","0.00752","0.00142","49.61262"
"51.40000","1.71342","1,925.96545","0.00754","0.00141","49.66721"
"51.50000","1.71663","1,928.43542","0.00757","0.00136","49.73091"
"51.60000","1.72007","1,930.69788","0.00755","0.00139","49.78926"
"51.70000","1.72351","1,932.93872","0.00761","0.00134","49.84704"
"51.80000","1.72672","1,935.45618","0.00765","0.00105","49.91196"
"51.90000","1.73016","1,937.31689","0.00766","0.00119","49.95995"
"52.00000","1.73352","1,939.76147","0.00770","0.00115","50.02299"
"52.10000","1.73666","1,942.24341","0.00771","0.00119","50.08699"
"52.20000","1.74002","1,944.69714","0.00771","0.00124","50.15027"
"52.30000","1.74339","1,946.75049","0.00777","0.00131","50.20322"
"52.40000","1.74668","1,948.36072","0.00776","0.00137","50.24475"
"52.50000","1.75011","1,950.61938","0.00777","0.00144","50.30300"
"52.60000","1.75355","1,953.77539","0.00782","0.00145","50.38438"
"52.70000","1.75677","1,955.95544","0.00784","0.00148","50.44060"
"52.80000","1.75998","1,957.75122","0.00785","0.00139","50.48691"
"52.90000","1.76334","1,959.22681","0.00787","0.00130","50.52497"
"53.00000","1.76678","1,962.77551","0.00785","0.00131","50.61648"
"53.10000","1.76992","1,964.04456","0.00791","0.00140","50.64921"
"53.20000","1.77343","1,966.74304","0.00787","0.00143","50.71880"
"53.30000","1.77694","1,969.03333","0.00788","0.00156","50.77786"
"53.40000","1.77993","1,971.49890","0.00790","0.00158","50.84144"
"53.50000","1.78337","1,973.65283","0.00793","0.00164","50.89699"
"53.60000","1.78681","1,976.01697","0.00791","0.00163","50.95795"
"53.70000","1.78995","1,977.69812","0.00793","0.00169","51.00131"
"53.80000","1.79339","1,980.86707","0.00794","0.00176","51.08303"
"53.90000","1.79682","1,983.54846","0.00795","0.00176","51.15218"
"54.00000","1.80011","1,984.96362","0.00794","0.00178","51.18867"
"54.10000","1.80340","1,987.93994","0.00797","0.00164","51.26543"
"54.20000","1.80669","1,989.37878","0.00797","0.00170","51.30253"
"54.30000","1.81005","1,991.93921","0.00801","0.00163","51.36856"
"54.40000","1.81327","1,994.49585","0.00800","0.00153","51.43449"
"54.50000","1.81670","1,996.63489","0.00805","0.00153","51.48965"
"54.60000","1.82029","1,998.79504","0.00809","0.00150","51.54536"
"54.70000","1.82336","2,000.72083","0.00810","0.00148","51.59502"
"54.80000","1.82679","2,002.99585","0.00811","0.00152","51.65369"
"54.90000","1.83016","2,005.33997","0.00814","0.00143","51.71414"
"55.00000","1.83322","2,007.53552","0.00815","0.00136","51.77076"
"55.10000","1.83673","2,009.72424","0.00817","0.00125","51.82721"
"55.20000","1.84010","2,012.12671","0.00821","0.00125","51.88916"
"55.30000","1.84339","2,014.30188","0.00821","0.00131","51.94526"
"55.40000","1.84675","2,016.15894","0.00825","0.00137","51.99314"
"55.50000","1.85011","2,018.68396","0.00826","0.00140","52.05826"
"55.60000","1.85347","2,021.27783","0.00826","0.00149","52.12515"
"55.70000","1.85661","2,022.89014","0.00830","0.00148","52.16673"
"55.80000","1.86005","2,024.86230","0.00831","0.00156","52.21759"
"55.90000","1.86341","2,027.58374","0.00835","0.00157","52.28777"
"56.00000","1.86663","2,028.91528","0.00833","0.00140","52.32211"
"56.10000","1.87014","2,032.22144","0.00835","0.00137","52.40737"
"56.20000","1.87350","2,033.49719","0.00833","0.00143","52.44027"
"56.30000","1.87664","2,036.21216","0.00836","0.00141","52.51028"
"56.40000","1.88008","2,037.99756","0.00843","0.00160","52.55632"
"56.50000","1.88344","2,040.85168","0.00838","0.00162","52.62992"
"56.60000","1.88666","2,042.83020","0.00840","0.00166","52.68095"
"56.70000","1.89010","2,044.30615","0.00841","0.00168","52.71901"
"56.80000","1.89346","2,046.83081","0.00844","0.00175","52.78412"
"56.90000","1.89682","2,050.09692","0.00847","0.00181","52.86834"
"57.00000","1.89996","2,051.33862","0.00843","0.00181","52.90036"
"57.10000","1.90340","2,054.44922","0.00844","0.00182","52.98058"
"57.20000","1.90676","2,055.94800","0.00848","0.00179","53.01923"
"57.30000","1.90990","2,058.58008","0.00851","0.00181","53.08711"
"57.40000","1.91341","2,060.74561","0.00851","0.00169","53.14296"
"57.50000","1.91685","2,062.45337","0.00853","0.00158","53.18700"
"57.60000","1.91999","2,064.29297","0.00855","0.00157","53.23444"
"57.70000","1.92343","2,067.02954","0.00856","0.00156","53.30501"
"57.80000","1.92672","2,069.23145","0.00859","0.00155","53.36179"
"57.90000","1.93001","2,071.32373","0.00861","0.00157","53.41574"
"58.00000","1.93337","2,073.86792","0.00862","0.00147","53.48135"
"58.10000","1.93673","2,075.41528","0.00865","0.00141","53.52126"
"58.20000","1.94010","2,077.83984","0.00867","0.00134","53.58379"
"58.30000","1.94338","2,080.54907","0.00869","0.00134","53.65365"
"58.40000","1.94682","2,081.35962","0.00871","0.00135","53.67455"
"58.50000","1.95011","2,084.65283","0.00873","0.00138","53.75948"
"58.60000","1.95325","2,085.92627","0.00876","0.00146","53.79232"
"58.70000","1.95676","2,087.32739","0.00878","0.00150","53.82845"
"58.80000","1.96020","2,090.56787","0.00880","0.00159","53.91202"
"58.90000","1.96334","2,093.14038","0.00883","0.00163","53.97836"
"59.00000","1.96678","2,093.96606","0.00883","0.00172","53.99965"
"59.10000","1.97021","2,096.71240","0.00885","0.00153","54.07047"
"59.20000","1.97335","2,098.33472","0.00884","0.00146","54.11231"
"59.30000","1.97664","2,100.66089","0.00887","0.00147","54.17230"
"59.40000","1.98008","2,102.50562","0.00886","0.00151","54.21987"
"59.50000","1.98337","2,105.11792","0.00887","0.00164","54.28724"
"59.60000","1.98666","2,106.65625","0.00889","0.00171","54.32691"
"59.70000","1.99017","2,109.38647","0.00891","0.00170","54.39732"
"59.80000","1.99346","2,111.17090","0.00893","0.00178","54.44333"
"59.90000","1.99660","2,112.73120","0.00893","0.00187","54.48357"
"60.00000","2.00011","2,114.76294","0.00897","0.00182","54.53596"
"60.10000","2.00340","2,117.59741","0.00893","0.00190","54.60906"
"60.20000","2.00661","2,118.80737","0.00895","0.00197","54.64026"
"60.30000","2.01012","2,121.23218","0.00897","0.00193","54.70280"
"60.40000","2.01356","2,123.77808","0.00897","0.00189","54.76845"
"60.50000","2.01670","2,125.55908","0.00902","0.00180","54.81438"
"60.60000","2.02006","2,127.45654","0.00903","0.00181","54.86331"
"60.70000","2.02350","2,129.19751","0.00907","0.00179","54.90821"
"60.80000","2.02664","2,131.35229","0.00906","0.00171","54.96378"
"60.90000","2.03000","2,133.17993","0.00912","0.00173","55.01091"
"61.00000","2.03352","2,135.22290","0.00911","0.00169","55.06359"
"61.10000","2.03673","2,137.62915","0.00913","0.00171","55.12564"
"61.20000","2.04002","2,138.56909","0.00915","0.00158","55.14988"
"61.30000","2.04346","2,141.78833","0.00917","0.00143","55.23290"
"61.40000","2.04674","2,144.16187","0.00919","0.00148","55.29411"
"61.50000","2.04996","2,145.96875","0.00920","0.00141","55.34071"
"61.60000","2.05340","2,147.71753","0.00922","0.00153","55.38581"
"61.70000","2.05676","2,149.60400","0.00924","0.00151","55.43446"
"61.80000","2.06005","2,152.30762","0.00925","0.00155","55.50418"
"61.90000","2.06341","2,153.47534","0.00928","0.00167","55.53429"
"62.00000","2.06685","2,155.37939","0.00929","0.00168","55.58339"
"62.10000","2.06991","2,157.87036","0.00929","0.00179","55.64763"
"62.20000","2.07335","2,159.44678","0.00931","0.00183","55.68828"
"62.30000","2.07679","2,162.49609","0.00931","0.00171","55.76692"
"62.40000","2.08000","2,163.87817","0.00933","0.00188","55.80256"
"62.50000","2.08344","2,165.72192","0.00934","0.00160","55.85011"
"62.60000","2.08680","2,168.29395","0.00937","0.00166","55.91644"
"62.70000","2.09009","2,169.73828","0.00937","0.00173","55.95368"
"62.80000","2.09331","2,172.05103","0.00939","0.00178","56.01332"
"62.90000","2.09667","2,173.76025","0.00943","0.00186","56.05740"
"63.00000","2.10011","2,175.73633","0.00943","0.00187","56.10836"
"63.10000","2.10325","2,177.52905","0.00944","0.00192","56.15459"
"63.20000","2.10676","2,179.76978","0.00944","0.00194","56.21238"
"63.30000","2.11027","2,181.95703","0.00947","0.00195","56.26878"
"63.40000","2.11334","2,183.39062","0.00948","0.00198","56.30575"
"63.50000","2.11670","2,186.01978","0.00948","0.00195","56.37355"
"63.60000","2.12014","2,187.53735","0.00951","0.00196","56.41269"
"63.70000","2.12328","2,189.57349","0.00956","0.00192","56.46519"
"63.80000","2.12679","2,191.74268","0.00956","0.00182","56.52114"
"63.90000","2.13008","2,193.99658","0.00959","0.00181","56.57926"
"64.00000","2.13344","2,196.59668","0.00960","0.00171","56.64631"
"64.10000","2.13673","2,198.17163","0.00960","0.00178","56.68693"
"64.20000","2.14009","2,200.02026","0.00964","0.00172","56.73460"
"64.30000","2.14345","2,202.11084","0.00964","0.00165","56.78851"
"64.40000","2.14659","2,203.17065","0.00966","0.00151","56.81584"
"64.50000","2.15003","2,205.74780","0.00969","0.00139","56.88230"
"64.60000","2.15354","2,208.36523","0.00970","0.00140","56.94980"
"64.70000","2.15661","2,210.22412","0.00969","0.00158","56.99774"
"64.80000","2.16012","2,211.98193","0.00973","0.00162","57.04307"
"64.90000","2.16348","2,214.47729","0.00974","0.00162","57.10742"
"65.00000","2.16662","2,215.56714","0.00976","0.00165","57.13552"
"65.10000","2.17006","2,218.11890","0.00978","0.00170","57.20133"
"65.20000","2.17342","2,219.72363","0.00980","0.00178","57.24271"
"65.30000","2.17671","2,221.52441","0.00982","0.00184","57.28915"
"65.40000","2.18007","2,223.81250","0.00984","0.00189","57.34816"
"65.50000","2.18344","2,225.62646","0.00982","0.00160","57.39494"
"65.60000","2.18680","2,227.94775","0.00982","0.00161","57.45480"
"65.70000","2.18994","2,228.98755","0.00984","0.00160","57.48161"
"65.80000","2.19338","2,232.10669","0.00986","0.00179","57.56205"
"65.90000","2.19674","2,233.95776","0.00987","0.00182","57.60979"
"66.00000","2.19995","2,235.18042","0.00987","0.00187","57.64132"
"66.10000","2.20347","2,237.77148","0.00990","0.00188","57.70814"
"66.20000","2.20683","2,240.03247","0.00993","0.00193","57.76644"
"66.30000","2.20997","2,241.72314","0.00990","0.00210","57.81004"
"66.40000","2.21341","2,243.81641","0.00995","0.00210","57.86403"
"66.50000","2.21662","2,245.87573","0.00997","0.00210","57.91713"
"66.60000","2.21998","2,247.74561","0.00998","0.00211","57.96535"
"66.70000","2.22335","2,249.53320","0.01001","0.00201","58.01145"
"66.80000","2.22679","2,252.28613","0.01001","0.00207","58.08244"
"66.90000","2.23022","2,253.81714","0.01007","0.00203","58.12193"
"67.00000","2.23336","2,255.91406","0.01006","0.00197","58.17600"
"67.10000","2.23673","2,257.62695","0.01009","0.00193","58.22017"
"67.20000","2.24016","2,259.40649","0.01010","0.00187","58.26606"
"67.30000","2.24323","2,261.04321","0.01012","0.00178","58.30827"
"67.40000","2.24682","2,263.52026","0.01014","0.00178","58.37215"
"67.50000","2.25018","2,265.74121","0.01015","0.00178","58.42942"
"67.60000","2.25332","2,267.74878","0.01017","0.00163","58.48120"
"67.70000","2.25683","2,270.28589","0.01018","0.00158","58.54662"
"67.80000","2.26012","2,272.37915","0.01021","0.00165","58.60061"
"67.90000","2.26333","2,274.26147","0.01020","0.00167","58.64915"
"68.00000","2.26670","2,276.05005","0.01021","0.00177","58.69527"
"68.10000","2.27006","2,276.93506","0.01025","0.00175","58.71809"
"68.20000","2.27342","2,279.82959","0.01026","0.00179","58.79274"
"68.30000","2.27664","2,281.90576","0.01026","0.00184","58.84628"
"68.40000","2.28015","2,284.34448","0.01027","0.00192","58.90917"
"68.50000","2.28344","2,285.29468","0.01030","0.00192","58.93367"
"68.60000","2.28658","2,287.74414","0.01029","0.00185","58.99684"
"68.70000","2.29009","2,289.85205","0.01031","0.00175","59.05120"
"68.80000","2.29345","2,291.81567","0.01030","0.00194","59.10184"
"68.90000","2.29666","2,292.99585","0.01035","0.00180","59.13227"
"69.00000","2.30018","2,295.64380","0.01034","0.00194","59.20056"
"69.10000","2.30354","2,296.86963","0.01034","0.00192","59.23217"
"69.20000","2.30668","2,299.69458","0.01038","0.00196","59.30502"
"69.30000","2.30997","2,301.45898","0.01037","0.00205","59.35052"
"69.40000","2.31341","2,302.98901","0.01041","0.00207","59.38998"
"69.50000","2.31669","2,304.71606","0.01043","0.00212","59.43452"
"69.60000","2.31998","2,306.82031","0.01044","0.00210","59.48878"
"69.70000","2.32350","2,309.17676","0.01047","0.00219","59.54955"
"69.80000","2.32678","2,311.20337","0.01050","0.00217","59.60181"
"69.90000","2.33000","2,312.94482","0.01054","0.00213","59.64672"
"70.00000","2.33344","2,315.11377","0.01057","0.00202","59.70266"
"70.10000","2.33680","2,316.87354","0.01058","0.00204","59.74804"
"70.20000","2.33994","2,318.30371","0.01059","0.00187","59.78492"
"70.30000","2.34338","2,320.58228","0.01062","0.00201","59.84368"
"70.40000","2.34689","2,322.62012","0.01063","0.00192","59.89623"
"70.50000","2.35010","2,324.20605","0.01066","0.00185","59.93713"
"70.60000","2.35339","2,326.33960","0.01067","0.00173","59.99215"
"70.70000","2.35675","2,328.09741","0.01068","0.00169","60.03748"
"70.80000","2.35997","2,330.77734","0.01068","0.00165","60.10659"
"70.90000","2.36333","2,332.01904","0.01069","0.00171","60.13861"
"71.00000","2.36677","2,334.06055","0.01073","0.00174","60.19126"
"71.10000","2.37006","2,335.62988","0.01074","0.00182","60.23173"
"71.20000","2.37334","2,337.61304","0.01075","0.00186","60.28287"
"71.30000","2.37678","2,340.07861","0.01076","0.00188","60.34645"
"71.40000","2.38007","2,342.49170","0.01075","0.00188","60.40868"
"71.50000","2.38328","2,343.01270","0.01077","0.00195","60.42212"
"71.60000","2.38672","2,344.90112","0.01079","0.00197","60.47082"
"71.70000","2.39016","2,347.38574","0.01079","0.00193","60.53489"
"71.80000","2.39337","2,349.00220","0.01079","0.00198","60.57658"
"71.90000","2.39681","2,349.96313","0.01081","0.00204","60.60136"
"72.00000","2.40018","2,352.17749","0.01082","0.00210","60.65846"
"72.10000","2.40331","2,354.43115","0.01084","0.00223","60.71658"
"72.20000","2.40668","2,355.74316","0.01085","0.00202","60.75042"
"72.30000","2.41012","2,358.69727","0.01088","0.00203","60.82660"
"72.40000","2.41333","2,359.92993","0.01088","0.00211","60.85838"
"72.50000","2.41669","2,361.79468","0.01091","0.00211","60.90648"
"72.60000","2.42013","2,364.09912","0.01093","0.00219","60.96590"
"72.70000","2.42349","2,365.28882","0.01094","0.00222","60.99658"
"72.80000","2.42663","2,367.20288","0.01096","0.00224","61.04594"
"72.90000","2.43000","2,369.16528","0.01098","0.00228","61.09655"
"73.00000","2.43343","2,370.95215","0.01101","0.00217","61.14263"
"73.10000","2.43657","2,372.60620","0.01105","0.00223","61.18528"
"73.20000","2.44008","2,375.31128","0.01105","0.00220","61.25504"
"73.30000","2.44352","2,377.29443","0.01107","0.00220","61.30618"
"73.40000","2.44666","2,379.20850","0.01109","0.00204","61.35555"
"73.50000","2.45010","2,380.19214","0.01112","0.00204","61.38091"
"73.60000","2.45346","2,382.43872","0.01114","0.00202","61.43885"
"73.70000","2.45668","2,384.18042","0.01115","0.00195","61.48376"
"73.80000","2.46004","2,386.08374","0.01116","0.00193","61.53284"
"73.90000","2.46348","2,388.07251","0.01118","0.00175","61.58413"
"74.00000","2.46677","2,390.64136","0.01120","0.00179","61.65038"
"74.10000","2.47005","2,392.54028","0.01120","0.00181","61.69935"
"74.20000","2.47342","2,394.54834","0.01120","0.00189","61.75113"
"74.30000","2.47678","2,395.77173","0.01122","0.00189","61.78268"
"74.40000","2.47992","2,397.62744","0.01124","0.00196","61.83054"
"74.50000","2.48336","2,399.04492","0.01122","0.00206","61.86709"
"74.60000","2.48680","2,401.20117","0.01124","0.00203","61.92270"
"74.70000","2.48993","2,403.50415","0.01125","0.00209","61.98209"
"74.80000","2.49345","2,406.49365","0.01126","0.00215","62.05918"
"74.90000","2.49681","2,407.79810","0.01130","0.00223","62.09282"
"75.00000","2.50002","2,409.29321","0.01129","0.00209","62.13137"
"75.10000","2.50339","2,411.69922","0.01130","0.00192","62.19342"
"75.20000","2.50668","2,412.17456","0.01132","0.00198","62.20568"
"75.30000","2.51004","2,414.72095","0.01133","0.00211","62.27135"
"75.40000","2.51333","2,415.66309","0.01134","0.00209","62.29564"
"75.50000","2.51676","2,418.30566","0.01135","0.00216","62.36379"
"75.60000","2.52020","2,419.94409","0.01140","0.00219","62.40604"
"75.70000","2.52327","2,421.85327","0.01142","0.00222","62.45528"
"75.80000","2.52671","2,424.06372","0.01142","0.00226","62.51228"
"75.90000","2.53014","2,426.10815","0.01146","0.00227","62.56500"
"76.00000","2.53328","2,427.46558","0.01147","0.00231","62.60001"
"76.10000","2.53679","2,429.19189","0.01150","0.00229","62.64453"
"76.20000","2.54023","2,431.41699","0.01152","0.00227","62.70191"
"76.30000","2.54337","2,432.91772","0.01155","0.00223","62.74061"
"76.40000","2.54681","2,434.30151","0.01158","0.00225","62.77629"
"76.50000","2.55002","2,437.26147","0.01159","0.00225","62.85263"
"76.60000","2.55339","2,438.57397","0.01161","0.00220","62.88647"
"76.70000","2.55667","2,440.43481","0.01164","0.00204","62.93446"
"76.80000","2.56004","2,442.24292","0.01164","0.00192","62.98109"
"76.90000","2.56355","2,443.89551","0.01167","0.00182","63.02371"
"77.00000","2.56661","2,445.66870","0.01169","0.00182","63.06944"
"77.10000","2.57005","2,448.10327","0.01171","0.00180","63.13222"
"77.20000","2.57349","2,449.72900","0.01171","0.00181","63.17414"
"77.30000","2.57655","2,451.26099","0.01173","0.00195","63.21365"
"77.40000","2.58007","2,452.68652","0.01174","0.00199","63.25041"
"77.50000","2.58350","2,456.01416","0.01175","0.00203","63.33623"
"77.60000","2.58672","2,456.42163","0.01178","0.00204","63.34673"
"77.70000","2.59016","2,459.30981","0.01174","0.00209","63.42122"
"77.80000","2.59344","2,460.44019","0.01178","0.00215","63.45036"
"77.90000","2.59666","2,462.45239","0.01177","0.00197","63.50225"
"78.00000","2.60002","2,464.28149","0.01180","0.00222","63.54943"
"78.10000","2.60338","2,466.39355","0.01179","0.00229","63.60389"
"78.20000","2.60682","2,468.32471","0.01183","0.00195","63.65369"
"78.30000","2.61004","2,469.31665","0.01183","0.00213","63.67927"
"78.40000","2.61347","2,471.40942","0.01187","0.00231","63.73324"
"78.50000","2.61684","2,473.96313","0.01187","0.00212","63.79910"
"78.60000","2.61998","2,474.48853","0.01190","0.00217","63.81264"
"78.70000","2.62341","2,477.21289","0.01194","0.00222","63.88290"
"78.80000","2.62678","2,479.36865","0.01193","0.00230","63.93850"
"78.90000","2.62999","2,480.39990","0.01197","0.00233","63.96509"
"79.00000","2.63343","2,483.34473","0.01198","0.00235","64.04103"
"79.10000","2.63687","2,484.70801","0.01201","0.00244","64.07619"
"79.20000","2.64008","2,486.60229","0.01203","0.00239","64.12504"
"79.30000","2.64337","2,488.74658","0.01205","0.00234","64.18034"
"79.40000","2.64673","2,490.88989","0.01206","0.00238","64.23561"
"79.50000","2.65002","2,492.22388","0.01210","0.00234","64.27001"
"79.60000","2.65331","2,493.36938","0.01211","0.00236","64.29955"
"79.70000","2.65682","2,496.28882","0.01212","0.00232","64.37484"
"79.80000","2.66011","2,497.77686","0.01214","0.00227","64.41321"
"79.90000","2.66332","2,498.73364","0.01213","0.00217","64.43788"
"80.00000","2.66676","2,501.08643","0.01217","0.00203","64.49856"
"80.10000","2.67005","2,503.06665","0.01219","0.00204","64.54963"
"80.20000","2.67326","2,504.37305","0.01220","0.00197","64.58331"
"80.30000","2.67678","2,506.69946","0.01220","0.00193","64.64331"
"80.40000","2.68021","2,508.65820","0.01221","0.00196","64.69382"
"80.50000","2.68335","2,510.32471","0.01224","0.00197","64.73680"
"80.60000","2.68679","2,510.39478","0.01222","0.00206","64.73860"
"80.70000","2.69015","2,513.70776","0.01225","0.00212","64.82404"
"80.80000","2.69337","2,515.40479","0.01226","0.00210","64.86781"
"80.90000","2.69666","2,516.94385","0.01227","0.00218","64.90749"
"81.00000","2.70009","2,519.01807","0.01228","0.00226","64.96098"
"81.10000","2.70338","2,520.85376","0.01230","0.00229","65.00832"
"81.20000","2.70667","2,522.38135","0.01232","0.00234","65.04771"
"81.30000","2.71011","2,524.18237","0.01230","0.00235","65.09416"
"81.40000","2.71347","2,525.75537","0.01235","0.00224","65.13473"
"81.50000","2.71661","2,527.20337","0.01235","0.00216","65.17207"
"81.60000","2.71997","2,529.35205","0.01238","0.00218","65.22748"
"81.70000","2.72341","2,531.54907","0.01239","0.00221","65.28413"
"81.80000","2.72663","2,532.95874","0.01242","0.00231","65.32049"
"81.90000","2.73006","2,534.23682","0.01245","0.00232","65.35345"
"82.00000","2.73358","2,537.23853","0.01246","0.00236","65.43085"
"82.10000","2.73672","2,538.95630","0.01248","0.00248","65.47516"
"82.20000","2.74000","2,539.72510","0.01250","0.00243","65.49498"
"82.30000","2.74344","2,541.89233","0.01253","0.00246","65.55087"
"82.40000","2.74666","2,543.76709","0.01254","0.00239","65.59922"
"82.50000","2.75002","2,545.72510","0.01257","0.00237","65.64971"
"82.60000","2.75346","2,548.06152","0.01258","0.00236","65.70996"
"82.70000","2.75682","2,550.05859","0.01257","0.00236","65.76147"
"82.80000","2.76003","2,550.41748","0.01261","0.00236","65.77072"
"82.90000","2.76340","2,553.17505","0.01261","0.00235","65.84184"
"83.00000","2.76676","2,554.62476","0.01264","0.00226","65.87922"
"83.10000","2.76997","2,556.03540","0.01264","0.00228","65.91560"
"83.20000","2.77341","2,558.52393","0.01265","0.00210","65.97977"
"83.30000","2.77685","2,560.48657","0.01266","0.00191","66.03038"
"83.40000","2.78006","2,561.83862","0.01270","0.00200","66.06525"
"83.50000","2.78343","2,563.91504","0.01272","0.00200","66.11880"
"83.60000","2.78679","2,566.13696","0.01271","0.00206","66.17609"
"83.70000","2.78993","2,567.18335","0.01272","0.00213","66.20308"
"83.80000","2.79337","2,569.04932","0.01274","0.00220","66.25120"
"83.90000","2.79665","2,570.81348","0.01275","0.00218","66.29669"
"84.00000","2.80009","2,572.73975","0.01275","0.00223","66.34637"
"84.10000","2.80338","2,573.74097","0.01278","0.00229","66.37219"
"84.20000","2.80667","2,576.71240","0.01279","0.00234","66.44881"
"84.30000","2.81011","2,577.58057","0.01283","0.00236","66.47121"
"84.40000","2.81325","2,580.38135","0.01284","0.00246","66.54343"
"84.50000","2.81668","2,581.17285","0.01284","0.00240","66.56384"
"84.60000","2.82020","2,582.83203","0.01288","0.00235","66.60664"
"84.70000","2.82326","2,584.60742","0.01290","0.00220","66.65242"
"84.80000","2.82685","2,586.90796","0.01291","0.00223","66.71175"
"84.90000","2.83021","2,588.69971","0.01292","0.00239","66.75795"
"85.00000","2.83335","2,590.52832","0.01295","0.00238","66.80511"
"85.10000","2.83671","2,592.24121","0.01295","0.00247","66.84928"
"85.20000","2.84000","2,594.54761","0.01298","0.00253","66.90876"
"85.30000","2.84337","2,596.34546","0.01302","0.00264","66.95512"
"85.40000","2.84673","2,597.96973","0.01301","0.00258","66.99701"
"85.50000","2.85009","2,599.53149","0.01303","0.00254","67.03728"
"85.60000","2.85360","2,601.90820","0.01305","0.00256","67.09857"
"85.70000","2.85659","2,603.34204","0.01305","0.00249","67.13555"
"85.80000","2.86003","2,605.27686","0.01309","0.00249","67.18545"
"85.90000","2.86347","2,607.25098","0.01311","0.00248","67.23635"
"86.00000","2.86653","2,608.54785","0.01311","0.00242","67.26980"
"86.10000","2.87012","2,610.49414","0.01313","0.00245","67.31999"
"86.20000","2.87348","2,612.82471","0.01314","0.00251","67.38009"
"86.30000","2.87670","2,613.75464","0.01311","0.00241","67.40407"
"86.40000","2.88014","2,616.88623","0.01315","0.00205","67.48483"
"86.50000","2.88342","2,617.55688","0.01320","0.00206","67.50212"
"86.60000","2.88671","2,620.00366","0.01319","0.00214","67.56522"
"86.70000","2.89000","2,621.10254","0.01319","0.00212","67.59356"
"86.80000","2.89336","2,623.28149","0.01321","0.00218","67.64975"
"86.90000","2.89688","2,625.05054","0.01322","0.00224","67.69537"
"87.00000","2.90002","2,626.35010","0.01324","0.00232","67.72889"
"87.10000","2.90345","2,628.84912","0.01325","0.00228","67.79333"
"87.20000","2.90682","2,630.40039","0.01329","0.00239","67.83334"
"87.30000","2.90988","2,630.98657","0.01328","0.00241","67.84845"
"87.40000","2.91347","2,634.21826","0.01331","0.00247","67.93179"
"87.50000","2.91683","2,635.50732","0.01333","0.00249","67.96503"
"87.60000","2.92005","2,637.18677","0.01335","0.00253","68.00835"
"87.70000","2.92341","2,638.94775","0.01338","0.00239","68.05376"
"87.80000","2.92685","2,640.67603","0.01341","0.00233","68.09833"
"87.90000","2.93006","2,642.77441","0.01342","0.00233","68.15244"
"88.00000","2.93335","2,644.67383","0.01345","0.00236","68.20142"
"88.10000","2.93671","2,646.87939","0.01346","0.00248","68.25830"
"88.20000","2.94007","2,648.01050","0.01346","0.00254","68.28747"
"88.30000","2.94329","2,649.23950","0.01348","0.00257","68.31916"
"88.40000","2.94688","2,652.15723","0.01350","0.00265","68.39441"
"88.50000","2.95016","2,653.05908","0.01353","0.00267","68.41766"
"88.60000","2.95330","2,654.46069","0.01355","0.00266","68.45381"
"88.70000","2.95674","2,656.83984","0.01355","0.00263","68.51516"
"88.80000","2.96010","2,658.11743","0.01355","0.00255","68.54811"
"88.90000","2.96332","2,660.23315","0.01354","0.00261","68.60267"
"89.00000","2.96676","2,661.90015","0.01356","0.00258","68.64566"
"89.10000","2.97019","2,663.83911","0.01361","0.00260","68.69566"
"89.20000","2.97341","2,665.28833","0.01359","0.00257","68.73303"
"89.30000","2.97677","2,667.47192","0.01362","0.00256","68.78934"
"89.40000","2.98006","2,669.70020","0.01361","0.00252","68.84681"
"89.50000","2.98335","2,670.65430","0.01362","0.00238","68.87141"
"89.60000","2.98664","2,672.07397","0.01364","0.00232","68.90802"
"89.70000","2.99015","2,674.57446","0.01368","0.00214","68.97250"
"89.80000","2.99344","2,676.33447","0.01369","0.00216","69.01789"
"89.90000","2.99665","2,677.62817","0.01370","0.00224","69.05125"
"90.00000","3.00016","2,679.53931","0.01370","0.00228","69.10054"
"90.10000","3.00345","2,681.69019","0.01371","0.00233","69.15601"
"90.20000","3.00659","2,683.15796","0.01375","0.00235","69.19386"
"90.30000","3.01010","2,684.64966","0.01374","0.00247","69.23233"
"90.40000","3.01347","2,686.51636","0.01378","0.00247","69.28046"
"90.50000","3.01668","2,688.96362","0.01381","0.00256","69.34357"
"90.60000","3.02012","2,690.69458","0.01383","0.00253","69.38821"
"90.70000","3.02348","2,692.24097","0.01388","0.00259","69.42809"
"90.80000","3.02662","2,694.77686","0.01389","0.00271","69.49349"
"90.90000","3.02998","2,694.83130","0.01390","0.00234","69.49490"
"91.00000","3.03350","2,697.66309","0.01391","0.00241","69.56792"
"91.10000","3.03671","2,699.57666","0.01395","0.00248","69.61727"
"91.20000","3.04007","2,700.98975","0.01394","0.00247","69.65371"
"91.30000","3.04344","2,702.78296","0.01396","0.00258","69.69995"
"91.40000","3.04687","2,705.53784","0.01401","0.00266","69.77100"
"91.50000","3.05001","2,705.90845","0.01399","0.00273","69.78056"
"91.60000","3.05338","2,707.95972","0.01400","0.00276","69.83345"
"91.70000","3.05674","2,709.98633","0.01403","0.00284","69.88571"
"91.80000","3.05995","2,711.34058","0.01403","0.00274","69.92064"
"91.90000","3.06347","2,713.04370","0.01407","0.00271","69.96456"
"92.00000","3.06690","2,714.93115","0.01407","0.00266","70.01324"
"92.10000","3.07004","2,716.60767","0.01408","0.00269","70.05647"
"92.20000","3.07333","2,717.50464","0.01410","0.00265","70.07960"
"92.30000","3.07677","2,719.59155","0.01408","0.00272","70.13342"
"92.40000","3.07998","2,720.98682","0.01411","0.00265","70.16940"
"92.50000","3.08334","2,723.63892","0.01413","0.00260","70.23779"
"92.60000","3.08671","2,725.10181","0.01411","0.00256","70.27551"
"92.70000","3.09007","2,727.22949","0.01412","0.00240","70.33038"
"92.80000","3.09336","2,728.71387","0.01415","0.00239","70.36867"
"92.90000","3.09672","2,731.11230","0.01414","0.00228","70.43052"
"93.00000","3.10016","2,732.16699","0.01414","0.00227","70.45772"
"93.10000","3.10322","2,734.00366","0.01418","0.00239","70.50508"
"93.20000","3.10674","2,735.31201","0.01420","0.00238","70.53882"
"93.30000","3.11025","2,737.84595","0.01424","0.00247","70.60416"
"93.40000","3.11331","2,739.88184","0.01427","0.00255","70.65667"
"93.50000","3.11683","2,741.13818","0.01428","0.00251","70.68906"
"93.60000","3.12019","2,742.76831","0.01430","0.00261","70.73110"
"93.70000","3.12333","2,744.76880","0.01433","0.00259","70.78269"
"93.80000","3.12669","2,746.36401","0.01435","0.00260","70.82383"
"93.90000","3.13006","2,747.66333","0.01439","0.00278","70.85734"
"94.00000","3.13342","2,750.19165","0.01438","0.00249","70.92254"
"94.10000","3.13671","2,751.00146","0.01441","0.00245","70.94342"
"94.20000","3.14007","2,752.35767","0.01441","0.00255","70.97839"
"94.30000","3.14358","2,754.92676","0.01447","0.00255","71.04465"
"94.40000","3.14657","2,755.87695","0.01446","0.00257","71.06915"
"94.50000","3.15001","2,758.43359","0.01450","0.00272","71.13509"
"94.60000","3.15345","2,759.34888","0.01453","0.00272","71.15868"
"94.70000","3.15659","2,761.24170","0.01452","0.00275","71.20750"
"94.80000","3.16017","2,762.74316","0.01454","0.00287","71.24622"
"94.90000","3.16346","2,765.26782","0.01453","0.00285","71.31133"
"95.00000","3.16668","2,767.61865","0.01456","0.00279","71.37195"
"95.10000","3.17004","2,767.28784","0.01457","0.00279","71.36342"
"95.20000","3.17333","2,770.21509","0.01456","0.00278","71.43890"
"95.30000","3.17669","2,772.19971","0.01459","0.00272","71.49009"
"95.40000","3.17998","2,773.40405","0.01457","0.00274","71.52115"
"95.50000","3.18342","2,775.05640","0.01460","0.00273","71.56376"
"95.60000","3.18693","2,778.02319","0.01456","0.00271","71.64027"
"95.70000","3.19000","2,778.61597","0.01462","0.00271","71.65555"
"95.80000","3.19343","2,779.73950","0.01464","0.00264","71.68452"
"95.90000","3.19680","2,782.20215","0.01463","0.00241","71.74803"
"96.00000","3.19993","2,783.26318","0.01466","0.00231","71.77540"
"96.10000","3.20352","2,784.94775","0.01471","0.00238","71.81884"
"96.20000","3.20681","2,788.04272","0.01470","0.00244","71.89865"
"96.30000","3.21002","2,788.58960","0.01472","0.00247","71.91275"
"96.40000","3.21346","2,790.80566","0.01472","0.00251","71.96990"
"96.50000","3.21683","2,792.74048","0.01474","0.00256","72.01980"
"96.60000","3.22004","2,794.20874","0.01475","0.00258","72.05766"
"96.70000","3.22325","2,795.67065","0.01482","0.00263","72.09536"
"96.80000","3.22669","2,797.63892","0.01484","0.00263","72.14612"
"96.90000","3.23013","2,798.90918","0.01483","0.00272","72.17888"
"97.00000","3.23327","2,801.34424","0.01486","0.00274","72.24168"
"97.10000","3.23678","2,802.61792","0.01487","0.00268","72.27452"
"97.20000","3.24014","2,804.82202","0.01489","0.00250","72.33136"
"97.30000","3.24321","2,805.33398","0.01490","0.00252","72.34456"
"97.40000","3.24679","2,808.16357","0.01495","0.00263","72.41753"
"97.50000","3.25016","2,809.44751","0.01498","0.00267","72.45064"
"97.60000","3.25330","2,811.49512","0.01500","0.00271","72.50345"
"97.70000","3.25681","2,813.23413","0.01501","0.00281","72.54829"
"97.80000","3.26017","2,815.00220","0.01505","0.00286","72.59389"
"97.90000","3.26339","2,816.74268","0.01504","0.00291","72.63877"
"98.00000","3.26667","2,818.18140","0.01503","0.00297","72.67587"
"98.10000","3.27004","2,820.26270","0.01502","0.00293","72.72955"
"98.20000","3.27340","2,821.65479","0.01504","0.00293","72.76544"
"98.30000","3.27669","2,823.06128","0.01507","0.00284","72.80172"
"98.40000","3.28020","2,825.70972","0.01508","0.00289","72.87002"
"98.50000","3.28349","2,827.14526","0.01507","0.00286","72.90704"
"98.60000","3.28663","2,828.56104","0.01510","0.00282","72.94354"
"98.70000","3.29007","2,829.70361","0.01509","0.00289","72.97301"
"98.80000","3.29343","2,832.69653","0.01511","0.00284","73.05019"
"98.90000","3.29664","2,833.75952","0.01513","0.00287","73.07761"
"99.00000","3.30008","2,835.35522","0.01515","0.00274","73.11876"
"99.10000","3.30352","2,837.62354","0.01516","0.00241","73.17725"
"99.20000","3.30673","2,839.38574","0.01516","0.00244","73.22269"
"99.30000","3.31010","2,840.77808","0.01518","0.00249","73.25860"
"99.40000","3.31346","2,842.86255","0.01518","0.00253","73.31236"
"99.50000","3.31667","2,844.09106","0.01521","0.00256","73.34404"
"99.60000","3.31996","2,845.21265","0.01525","0.00258","73.37296"
"99.70000","3.32347","2,847.61304","0.01524","0.00266","73.43486"
"99.80000","3.32684","2,848.96094","0.01526","0.00265","73.46962"
"99.90000","3.33005","2,850.85986","0.01528","0.00272","73.51859"
"100.00000","3.33349","2,852.19287","0.01532","0.00275","73.55297"
"100.10000","3.33678","2,854.47168","0.01535","0.00282","73.61173"
"100.20000","3.33999","2,856.02100","0.01535","0.00273","73.65169"
"100.30000","3.34335","2,857.63696","0.01541","0.00269","73.69336"
"100.40000","3.34679","2,859.83203","0.01542","0.00259","73.74997"
"100.50000","3.35001","2,862.32349","0.01546","0.00264","73.81422"
"100.60000","3.35344","2,862.82251","0.01543","0.00271","73.82709"
"100.70000","3.35681","2,864.60303","0.01546","0.00269","73.87300"
"100.80000","3.36002","2,866.25171","0.01548","0.00280","73.91552"
"100.90000","3.36331","2,867.84424","0.01551","0.00284","73.95659"
"101.00000","3.36675","2,869.87622","0.01551","0.00299","74.00899"
"101.10000","3.37004","2,871.78125","0.01551","0.00302","74.05812"
"101.20000","3.37332","2,873.28198","0.01555","0.00311","74.09682"
"101.30000","3.37676","2,875.77759","0.01554","0.00301","74.16118"
"101.40000","3.38020","2,877.01440","0.01557","0.00303","74.19307"
"101.50000","3.38334","2,878.62915","0.01556","0.00299","74.23471"
"101.60000","3.38663","2,880.03247","0.01557","0.00293","74.27090"
"101.70000","3.39014","2,882.16992","0.01558","0.00288","74.32602"
"101.80000","3.39328","2,883.12109","0.01557","0.00287","74.35056"
"101.90000","3.39672","2,885.73657","0.01562","0.00290","74.41800"
"102.00000","3.40023","2,887.78564","0.01562","0.00290","74.47084"
"102.10000","3.40337","2,890.13281","0.01562","0.00286","74.53137"
"102.20000","3.40673","2,891.22656","0.01568","0.00260","74.55958"
"102.30000","3.41009","2,893.33154","0.01566","0.00249","74.61386"
"102.40000","3.41338","2,894.38086","0.01569","0.00253","74.64092"
"102.50000","3.41667","2,896.11035","0.01570","0.00256","74.68552"
"102.60000","3.42004","2,897.71753","0.01569","0.00259","74.72697"
"102.70000","3.42347","2,899.41553","0.01573","0.00260","74.77076"
"102.80000","3.42676","2,901.43188","0.01575","0.00270","74.82275"
"102.90000","3.43005","2,903.17065","0.01577","0.00276","74.86759"
"103.00000","3.43349","2,904.94727","0.01578","0.00274","74.91341"
"103.10000","3.43655","2,906.06982","0.01584","0.00280","74.94236"
"103.20000","3.44006","2,907.99414","0.01583","0.00278","74.99198"
"103.30000","3.44350","2,910.72021","0.01587","0.00267","75.06229"
"103.40000","3.44664","2,910.42847","0.01586","0.00263","75.05476"
"103.50000","3.45015","2,912.31055","0.01586","0.00262","75.10329"
"103.60000","3.45352","2,914.49512","0.01588","0.00270","75.15963"
"103.70000","3.45666","2,916.26196","0.01591","0.00280","75.20519"
"103.80000","3.46002","2,917.71338","0.01597","0.00281","75.24262"
"103.90000","3.46331","2,919.99438","0.01597","0.00289","75.30145"
"104.00000","3.46675","2,921.56079","0.01598","0.00294","75.34184"
"104.10000","3.47003","2,923.42798","0.01596","0.00299","75.38999"
"104.20000","3.47347","2,924.85400","0.01598","0.00302","75.42677"
"104.30000","3.47691","2,926.42407","0.01597","0.00309","75.46726"
"104.40000","3.47990","2,928.14282","0.01598","0.00310","75.51158"
"104.50000","3.48341","2,929.40869","0.01601","0.00313","75.54423"
"104.60000","3.48685","2,931.44751","0.01603","0.00303","75.59680"
"104.70000","3.48991","2,932.78296","0.01604","0.00303","75.63124"
"104.80000","3.49343","2,934.40381","0.01607","0.00300","75.67304"
"104.90000","3.49686","2,936.41089","0.01610","0.00305","75.72480"
"105.00000","3.50008","2,938.76465","0.01614","0.00294","75.78550"
"105.10000","3.50337","2,939.05444","0.01614","0.00290","75.79298"
"105.20000","3.50666","2,940.85474","0.01610","0.00293","75.83940"
"105.30000","3.51009","2,942.87085","0.01613","0.00265","75.89139"
"105.40000","3.51323","2,944.43335","0.01617","0.00265","75.93169"
"105.50000","3.51674","2,946.37964","0.01619","0.00261","75.98188"
"105.60000","3.52018","2,947.80420","0.01620","0.00262","76.01862"
"105.70000","3.52325","2,949.59912","0.01619","0.00268","76.06490"
"105.80000","3.52676","2,951.46899","0.01621","0.00266","76.11312"
"105.90000","3.53012","2,952.38599","0.01623","0.00277","76.13677"
"106.00000","3.53326","2,954.54590","0.01628","0.00279","76.19247"
"106.10000","3.53677","2,956.19897","0.01627","0.00285","76.23510"
"106.20000","3.54021","2,958.85791","0.01631","0.00286","76.30367"
"106.30000","3.54343","2,960.25586","0.01629","0.00294","76.33972"
"106.40000","3.54686","2,961.42188","0.01632","0.00277","76.36979"
"106.50000","3.55015","2,963.49243","0.01637","0.00266","76.42319"
"106.60000","3.55344","2,964.50854","0.01632","0.00267","76.44939"
"106.70000","3.55665","2,966.74463","0.01634","0.00272","76.50706"
"106.80000","3.56002","2,968.07300","0.01638","0.00283","76.54131"
"106.90000","3.56345","2,970.10571","0.01639","0.00285","76.59373"
"107.00000","3.56659","2,971.60278","0.01642","0.00295","76.63234"
"107.10000","3.57018","2,973.54248","0.01645","0.00300","76.68236"
"107.20000","3.57354","2,974.50732","0.01645","0.00311","76.70724"
"107.30000","3.57653","2,975.98267","0.01647","0.00315","76.74529"
"107.40000","3.58005","2,977.42065","0.01645","0.00317","76.78237"
"107.50000","3.58333","2,979.43530","0.01651","0.00321","76.83432"
"107.60000","3.58662","2,981.29980","0.01649","0.00315","76.88241"
"107.70000","3.59014","2,982.32837","0.01653","0.00314","76.90893"
"107.80000","3.59350","2,984.63184","0.01652","0.00307","76.96833"
"107.90000","3.59679","2,986.32812","0.01655","0.00309","77.01208"
"108.00000","3.60000","2,987.37305","0.01657","0.00311","77.03902"
"108.10000","3.60336","2,989.96216","0.01660","0.00305","77.10579"
"108.20000","3.60673","2,991.61328","0.01662","0.00303","77.14837"
"108.30000","3.60994","2,992.25610","0.01666","0.00301","77.16495"
"108.40000","3.61345","2,994.83594","0.01664","0.00283","77.23148"
"108.50000","3.61682","2,995.78027","0.01666","0.00268","77.25583"
"108.60000","3.62003","2,997.56909","0.01669","0.00266","77.30196"
"108.70000","3.62347","2,999.48730","0.01669","0.00268","77.35143"
"108.80000","3.62676","3,001.76733","0.01673","0.00274","77.41022"
"108.90000","3.62997","3,003.07764","0.01675","0.00278","77.44402"
"109.00000","3.63341","3,004.42480","0.01676","0.00283","77.47876"
"109.10000","3.63685","3,006.16089","0.01678","0.00290","77.52353"
"109.20000","3.64006","3,007.83081","0.01677","0.00294","77.56660"
"109.30000","3.64342","3,009.37695","0.01679","0.00296","77.60647"
"109.40000","3.64679","3,011.08032","0.01681","0.00297","77.65039"
"109.50000","3.65000","3,012.98901","0.01682","0.00277","77.69962"
"109.60000","3.65329","3,014.27710","0.01681","0.00274","77.73283"
"109.70000","3.65673","3,016.50659","0.01684","0.00284","77.79033"
"109.80000","3.66009","3,018.05396","0.01685","0.00282","77.83023"
"109.90000","3.66338","3,018.96509","0.01683","0.00292","77.85373"
"110.00000","3.66674","3,022.37451","0.01689","0.00298","77.94165"
"110.10000","3.67010","3,023.62598","0.01689","0.00301","77.97392"
"110.20000","3.67332","3,024.86035","0.01694","0.00305","78.00575"
"110.30000","3.67668","3,027.15942","0.01688","0.00315","78.06504"
"110.40000","3.68012","3,027.76685","0.01694","0.00318","78.08071"
"110.50000","3.68333","3,030.80908","0.01696","0.00325","78.15916"
"110.60000","3.68670","3,031.12500","0.01696","0.00324","78.16730"
"110.70000","3.69021","3,033.02734","0.01698","0.00328","78.21637"
"110.80000","3.69335","3,034.81836","0.01701","0.00325","78.26255"
"110.90000","3.69664","3,036.17261","0.01702","0.00325","78.29748"
"111.00000","3.70007","3,037.81152","0.01700","0.00315","78.33974"
"111.10000","3.70336","3,040.03003","0.01708","0.00320","78.39696"
"111.20000","3.70673","3,041.37793","0.01705","0.00321","78.43172"
"111.30000","3.71009","3,042.98022","0.01710","0.00322","78.47303"
"111.40000","3.71360","3,044.78638","0.01711","0.00316","78.51961"
"111.50000","3.71674","3,046.70459","0.01714","0.00319","78.56908"
"111.60000","3.72003","3,048.39844","0.01717","0.00294","78.61276"
"111.70000","3.72347","3,050.56689","0.01717","0.00291","78.66868"
"111.80000","3.72661","3,051.08325","0.01720","0.00279","78.68200"
"111.90000","3.73004","3,052.46924","0.01718","0.00284","78.71774"
"112.00000","3.73348","3,054.56958","0.01723","0.00289","78.77190"
"112.10000","3.73670","3,056.73462","0.01725","0.00289","78.82774"
"112.20000","3.74006","3,058.17480","0.01724","0.00294","78.86488"
"112.30000","3.74342","3,059.74976","0.01727","0.00299","78.90549"
"112.40000","3.74671","3,061.05713","0.01730","0.00305","78.93920"
"112.50000","3.75000","3,062.74097","0.01729","0.00302","78.98263"
"112.60000","3.75344","3,064.92627","0.01731","0.00272","79.03899"
"112.70000","3.75687","3,065.66553","0.01730","0.00273","79.05804"
"112.80000","3.76001","3,067.83496","0.01731","0.00279","79.11399"
"112.90000","3.76338","3,068.88867","0.01735","0.00290","79.14117"
"113.00000","3.76689","3,072.50537","0.01732","0.00293","79.23444"
"113.10000","3.76995","3,072.49512","0.01734","0.00298","79.23417"
"113.20000","3.77339","3,073.82300","0.01736","0.00306","79.26842"
"113.30000","3.77683","3,075.87427","0.01737","0.00313","79.32131"
"113.40000","3.78004","3,077.13086","0.01739","0.00319","79.35372"
"113.50000","3.78341","3,078.79785","0.01737","0.00324","79.39671"
"113.60000","3.78684","3,081.12476","0.01738","0.00330","79.45671"
"113.70000","3.79006","3,082.29224","0.01742","0.00336","79.48682"
"113.80000","3.79335","3,084.71851","0.01745","0.00337","79.54939"
"113.90000","3.79671","3,085.71021","0.01748","0.00339","79.57497"
"114.00000","3.80015","3,088.04785","0.01748","0.00331","79.63525"
"114.10000","3.80329","3,088.79590","0.01752","0.00323","79.65454"
"114.20000","3.80672","3,090.43970","0.01756","0.00323","79.69693"
"114.30000","3.81024","3,092.94165","0.01759","0.00324","79.76145"
"114.40000","3.81323","3,094.72876","0.01759","0.00326","79.80753"
"114.50000","3.81674","3,096.01221","0.01762","0.00321","79.84064"
"114.60000","3.82010","3,097.99878","0.01764","0.00329","79.89186"
"114.70000","3.82324","3,098.51880","0.01765","0.00304","79.90527"
"114.80000","3.82675","3,100.65771","0.01769","0.00295","79.96043"
"114.90000","3.83019","3,102.86743","0.01768","0.00283","80.01742"
"115.00000","3.83341","3,104.05615","0.01772","0.00287","80.04807"
"115.10000","3.83669","3,106.70947","0.01773","0.00291","80.11650"
"115.20000","3.84006","3,107.43701","0.01773","0.00298","80.13526"
"115.30000","3.84342","3,109.23486","0.01773","0.00306","80.18163"
"115.40000","3.84663","3,110.49438","0.01779","0.00307","80.21410"
"115.50000","3.85007","3,113.11792","0.01777","0.00307","80.28176"
"115.60000","3.85351","3,114.55176","0.01781","0.00314","80.31873"
"115.70000","3.85665","3,116.02197","0.01778","0.00286","80.35665"
"115.80000","3.86016","3,117.56812","0.01777","0.00280","80.39652"
"115.90000","3.86352","3,118.59277","0.01781","0.00285","80.42294"
"116.00000","3.86659","3,120.77954","0.01778","0.00296","80.47934"
"116.10000","3.87010","3,122.68408","0.01780","0.00304","80.52846"
"116.20000","3.87346","3,123.70630","0.01781","0.00306","80.55482"
"116.30000","3.87668","3,125.82080","0.01785","0.00313","80.60934"
"116.40000","3.88004","3,126.49536","0.01785","0.00317","80.62674"
"116.50000","3.88340","3,129.28882","0.01786","0.00325","80.69878"
"116.60000","3.88677","3,130.26904","0.01787","0.00335","80.72406"
"116.70000","3.88998","3,131.47534","0.01788","0.00335","80.75517"
"116.80000","3.89342","3,133.83228","0.01791","0.00339","80.81595"
"116.90000","3.89678","3,134.98975","0.01794","0.00351","80.84579"
"117.00000","3.90000","3,136.42920","0.01796","0.00353","80.88292"
"117.10000","3.90343","3,139.05859","0.01798","0.00342","80.95072"
"117.20000","3.90687","3,140.45166","0.01800","0.00342","80.98665"
"117.30000","3.90994","3,141.74707","0.01803","0.00344","81.02006"
"117.40000","3.91345","3,143.94458","0.01807","0.00345","81.07672"
"117.50000","3.91674","3,144.97192","0.01809","0.00347","81.10322"
"117.60000","3.92002","3,147.94263","0.01810","0.00339","81.17982"
"117.70000","3.92339","3,148.53442","0.01813","0.00332","81.19509"
"117.80000","3.92675","3,150.26538","0.01815","0.00337","81.23972"
"117.90000","3.93011","3,151.81396","0.01818","0.00325","81.27966"
"118.00000","3.93333","3,153.81763","0.01820","0.00301","81.33133"
"118.10000","3.93669","3,155.75562","0.01821","0.00303","81.38131"
"118.20000","3.94005","3,156.54492","0.01822","0.00297","81.40166"
"118.30000","3.94327","3,157.74707","0.01822","0.00304","81.43266"
"118.40000","3.94678","3,160.22192","0.01826","0.00307","81.49649"
"118.50000","3.95014","3,161.14087","0.01828","0.00315","81.52019"
"118.60000","3.95336","3,163.86597","0.01829","0.00317","81.59046"
"118.70000","3.95680","3,164.97681","0.01826","0.00325","81.61911"
"118.80000","3.96008","3,166.43164","0.01828","0.00303","81.65662"
"118.90000","3.96330","3,167.23706","0.01829","0.00286","81.67740"
"119.00000","3.96666","3,170.02417","0.01829","0.00291","81.74927"
"119.10000","3.97010","3,171.20557","0.01828","0.00302","81.77974"
"119.20000","3.97339","3,173.11548","0.01832","0.00305","81.82899"
"119.30000","3.97675","3,174.26538","0.01834","0.00310","81.85864"
"119.40000","3.98019","3,176.01685","0.01832","0.00321","81.90381"
"119.50000","3.98340","3,177.71655","0.01835","0.00323","81.94765"
"119.60000","3.98662","3,179.13257","0.01837","0.00329","81.98416"
"119.70000","3.99013","3,180.87744","0.01838","0.00337","82.02916"
"119.80000","3.99349","3,181.83887","0.01840","0.00344","82.05395"
"119.90000","3.99670","3,184.21436","0.01842","0.00350","82.11521"
"120.00000","4.00014","3,185.52393","0.01843","0.00357","82.14898"
"120.10000","4.00351","3,187.46094","0.01845","0.00357","82.19894"
"120.20000","4.00672","3,189.32617","0.01849","0.00357","82.24703"
"120.30000","4.01001","3,190.15576","0.01851","0.00356","82.26842"
"120.40000","4.01345","3,192.95898","0.01852","0.00348","82.34072"
"120.50000","4.01666","3,194.07983","0.01853","0.00355","82.36962"
"120.60000","4.02002","3,195.90259","0.01859","0.00348","82.41663"
"120.70000","4.02354","3,197.93896","0.01859","0.00343","82.46915"
"120.80000","4.02675","3,199.09668","0.01863","0.00348","82.49900"
"120.90000","4.02996","3,199.52002","0.01863","0.00345","82.50992"
"121.00000","4.03340","3,201.32935","0.01864","0.00340","82.55657"
"121.10000","4.03676","3,203.95752","0.01867","0.00322","82.62435"
"121.20000","4.03998","3,205.79028","0.01868","0.00295","82.67162"
"121.30000","4.04342","3,206.93652","0.01870","0.00305","82.70117"
"121.40000","4.04685","3,208.61450","0.01872","0.00308","82.74445"
"121.50000","4.05007","3,209.69482","0.01874","0.00319","82.77231"
"121.60000","4.05336","3,211.91016","0.01875","0.00318","82.82944"
"121.70000","4.05679","3,214.11230","0.01878","0.00319","82.88622"
"121.80000","4.05993","3,214.70972","0.01879","0.00327","82.90163"
"121.90000","4.06337","3,216.79785","0.01879","0.00323","82.95548"
"122.00000","4.06688","3,219.58276","0.01881","0.00309","83.02730"
"122.10000","4.07010","3,220.29077","0.01879","0.00302","83.04556"
"122.20000","4.07346","3,221.65674","0.01879","0.00300","83.08078"
"122.30000","4.07675","3,223.53345","0.01882","0.00313","83.12918"
"122.40000","4.08011","3,225.44214","0.01881","0.00319","83.17840"
"122.50000","4.08332","3,225.60889","0.01885","0.00322","83.18270"
"122.60000","4.08669","3,228.29272","0.01886","0.00329","83.25191"
"122.70000","4.09013","3,229.73462","0.01890","0.00341","83.28909"
"122.80000","4.09334","3,231.00415","0.01888","0.00343","83.32184"
"122.90000","4.09678","3,233.48389","0.01889","0.00349","83.38578"
"123.00000","4.10021","3,234.42749","0.01890","0.00356","83.41012"
"123.10000","4.10320","3,236.21143","0.01898","0.00360","83.45612"
"123.20000","4.10672","3,237.36963","0.01895","0.00367","83.48599"
"123.30000","4.11016","3,239.81860","0.01902","0.00363","83.54914"
"123.40000","4.11337","3,241.81323","0.01902","0.00363","83.60059"
"123.50000","4.11681","3,243.22729","0.01905","0.00359","83.63705"
"123.60000","4.12010","3,244.59717","0.01902","0.00359","83.67238"
"123.70000","4.12338","3,246.27173","0.01908","0.00350","83.71556"
"123.80000","4.12667","3,247.02759","0.01907","0.00354","83.73505"
"123.90000","4.13004","3,248.78467","0.01910","0.00357","83.78036"
"124.00000","4.13340","3,250.36157","0.01913","0.00357","83.82103"
"124.10000","4.13661","3,252.14600","0.01915","0.00344","83.86704"
"124.20000","4.14012","3,254.66309","0.01913","0.00350","83.93196"
"124.30000","4.14356","3,256.73218","0.01916","0.00341","83.98531"
"124.40000","4.14663","3,257.40088","0.01918","0.00307","84.00256"
"124.50000","4.15006","3,259.04712","0.01920","0.00318","84.04501"
"124.60000","4.15343","3,260.38452","0.01922","0.00321","84.07951"
"124.70000","4.15657","3,261.91064","0.01923","0.00326","84.11886"
"124.80000","4.16015","3,263.94092","0.01926","0.00330","84.17122"
"124.90000","4.16344","3,265.82007","0.01926","0.00332","84.21967"
"125.00000","4.16673","3,267.74951","0.01927","0.00316","84.26943"
"125.10000","4.17002","3,267.69678","0.01927","0.00296","84.26807"
"125.20000","4.17338","3,270.53320","0.01928","0.00304","84.34122"
"125.30000","4.17675","3,271.95239","0.01929","0.00309","84.37782"
"125.40000","4.17988","3,273.21558","0.01932","0.00316","84.41039"
"125.50000","4.18340","3,275.10010","0.01933","0.00323","84.45899"
"125.60000","4.18691","3,277.17065","0.01934","0.00327","84.51239"
"125.70000","4.18997","3,277.42090","0.01938","0.00334","84.51884"
"125.80000","4.19349","3,279.96021","0.01938","0.00340","84.58433"
"125.90000","4.19685","3,281.20923","0.01939","0.00346","84.61653"
"126.00000","4.19991","3,283.27417","0.01942","0.00353","84.66978"
"126.10000","4.20350","3,284.71509","0.01944","0.00356","84.70695"
"126.20000","4.20679","3,286.61426","0.01944","0.00372","84.75592"
"126.30000","4.21008","3,288.12476","0.01948","0.00367","84.79488"
"126.40000","4.21344","3,289.17090","0.01950","0.00376","84.82185"
"126.50000","4.21680","3,291.68506","0.01951","0.00373","84.88669"
"126.60000","4.22009","3,292.87866","0.01951","0.00367","84.91747"
"126.70000","4.22331","3,293.62500","0.01954","0.00364","84.93671"
"126.80000","4.22667","3,296.29639","0.01957","0.00367","85.00561"
"126.90000","4.23011","3,297.50586","0.01957","0.00361","85.03680"
"127.00000","4.23325","3,298.88062","0.01960","0.00365","85.07225"
"127.10000","4.23683","3,301.24878","0.01959","0.00357","85.13332"
"127.20000","4.24020","3,302.68188","0.01962","0.00353","85.17027"
"127.30000","4.24334","3,304.37915","0.01963","0.00349","85.21404"
"127.40000","4.24677","3,305.92651","0.01966","0.00362","85.25395"
"127.50000","4.25006","3,308.15869","0.01968","0.00333","85.31152"
"127.60000","4.25328","3,308.76001","0.01968","0.00318","85.32702"
"127.70000","4.25671","3,310.72363","0.01969","0.00319","85.37766"
"127.80000","4.26015","3,311.82544","0.01973","0.00326","85.40607"
"127.90000","4.26344","3,313.92188","0.01972","0.00328","85.46014"
"128.00000","4.26665","3,315.83960","0.01973","0.00336","85.50959"
"128.10000","4.27009","3,317.38135","0.01973","0.00317","85.54935"
"128.20000","4.27338","3,319.14941","0.01976","0.00303","85.59495"
"128.30000","4.27659","3,320.39746","0.01978","0.00303","85.62713"
"128.40000","4.28018","3,321.43652","0.01981","0.00311","85.65392"
"128.50000","4.28347","3,323.03906","0.01980","0.00320","85.69525"
"128.60000","4.28668","3,324.55518","0.01984","0.00322","85.73435"
"128.70000","4.29012","3,326.74194","0.01987","0.00329","85.79074"
"128.80000","4.29341","3,327.93066","0.01990","0.00337","85.82140"
"128.90000","4.29662","3,329.81787","0.01990","0.00342","85.87006"
"129.00000","4.30006","3,332.13477","0.01992","0.00348","85.92982"
"129.10000","4.30343","3,332.80347","0.01996","0.00355","85.94706"
"129.20000","4.30671","3,335.38721","0.01998","0.00362","86.01369"
"129.30000","4.31008","3,336.58643","0.01997","0.00366","86.04462"
"129.40000","4.31344","3,337.86304","0.01998","0.00376","86.07754"
"129.50000","4.31673","3,339.60962","0.01999","0.00380","86.12257"
"129.60000","4.31994","3,340.17065","0.02004","0.00379","86.13705"
"129.70000","4.32338","3,342.89526","0.02001","0.00378","86.20731"
"129.80000","4.32674","3,344.02246","0.02007","0.00377","86.23637"
"129.90000","4.32996","3,345.48291","0.02009","0.00372","86.27404"
"130.00000","4.33347","3,347.40649","0.02007","0.00367","86.32365"
"130.10000","4.33691","3,348.95020","0.02011","0.00370","86.36346"
"130.20000","4.33997","3,351.03247","0.02010","0.00364","86.41715"
"130.30000","4.34333","3,351.34155","0.02013","0.00364","86.42513"
"130.40000","4.34677","3,353.24512","0.02015","0.00362","86.47421"
"130.50000","4.34999","3,355.22144","0.02016","0.00367","86.52518"
"130.60000","4.35342","3,356.51489","0.02014","0.00347","86.55853"
"130.70000","4.35686","3,358.71289","0.02017","0.00329","86.61522"
"130.80000","4.36008","3,359.74805","0.02017","0.00336","86.64191"
"130.90000","4.36336","3,361.87524","0.02021","0.00336","86.69677"
"131.00000","4.36673","3,363.99341","0.02019","0.00321","86.75139"
"131.10000","4.37009","3,364.95850","0.02021","0.00343","86.77628"
"131.20000","4.37330","3,366.34521","0.02023","0.00319","86.81204"
"131.30000","4.37674","3,367.88330","0.02022","0.00331","86.85171"
"131.40000","4.38018","3,370.23633","0.02027","0.00313","86.91238"
"131.50000","4.38332","3,371.08716","0.02027","0.00319","86.93433"
"131.60000","4.38668","3,372.46289","0.02031","0.00319","86.96980"
"131.70000","4.39012","3,374.28052","0.02033","0.00332","87.01668"
"131.80000","4.39326","3,375.75635","0.02034","0.00334","87.05473"
"131.90000","4.39670","3,376.78125","0.02038","0.00342","87.08117"
"132.00000","4.40013","3,378.97827","0.02040","0.00345","87.13783"
"132.10000","4.40335","3,380.56616","0.02039","0.00355","87.17877"
"132.20000","4.40679","3,381.96973","0.02044","0.00362","87.21497"
"132.30000","4.41015","3,384.26709","0.02047","0.00366","87.27422"
"132.40000","4.41336","3,384.96045","0.02046","0.00375","87.29209"
"132.50000","4.41665","3,386.82568","0.02050","0.00378","87.34019"
"132.60000","4.42009","3,388.06738","0.02051","0.00382","87.37222"
"132.70000","4.42353","3,390.08618","0.02056","0.00385","87.42428"
"132.80000","4.42667","3,391.81152","0.02054","0.00387","87.46877"
"132.90000","4.43010","3,393.32959","0.02058","0.00377","87.50792"
"133.00000","4.43354","3,395.22021","0.02057","0.00381","87.55668"
"133.10000","4.43661","3,396.22656","0.02057","0.00382","87.58263"
"133.20000","4.44004","3,397.78003","0.02058","0.00385","87.62269"
"133.30000","4.44348","3,399.45850","0.02061","0.00380","87.66597"
"133.40000","4.44662","3,400.56274","0.02059","0.00381","87.69445"
"133.50000","4.45013","3,402.87231","0.02060","0.00370","87.75401"
"133.60000","4.45350","3,404.34131","0.02060","0.00356","87.79189"
"133.70000","4.45671","3,406.11572","0.02066","0.00362","87.83765"
"133.80000","4.46000","3,407.40381","0.02066","0.00354","87.87086"
"133.90000","4.46329","3,409.11548","0.02064","0.00344","87.91501"
"134.00000","4.46672","3,410.61792","0.02065","0.00336","87.95376"
"134.10000","4.46994","3,411.41968","0.02065","0.00330","87.97443"
"134.20000","4.47345","3,415.02124","0.02068","0.00346","88.06731"
"134.30000","4.47689","3,415.44067","0.02069","0.00334","88.07812"
"134.40000","4.47995","3,416.51709","0.02072","0.00319","88.10588"
"134.50000","4.48347","3,417.96729","0.02075","0.00339","88.14328"
"134.60000","4.48675","3,420.41333","0.02076","0.00320","88.20636"
"134.70000","4.48997","3,422.18433","0.02077","0.00320","88.25203"
"134.80000","4.49341","3,423.19312","0.02081","0.00331","88.27805"
"134.90000","4.49677","3,425.76123","0.02083","0.00338","88.34428"
"135.00000","4.50006","3,426.34619","0.02084","0.00345","88.35936"
"135.10000","4.50342","3,428.58032","0.02090","0.00351","88.41697"
"135.20000","4.50671","3,430.17310","0.02093","0.00358","88.45805"
"135.30000","4.51007","3,430.78589","0.02093","0.00366","88.47385"
"135.40000","4.51329","3,432.72192","0.02095","0.00378","88.52378"
"135.50000","4.51672","3,435.24023","0.02099","0.00377","88.58872"
"135.60000","4.52016","3,436.79224","0.02100","0.00387","88.62875"
"135.70000","4.52330","3,437.10400","0.02103","0.00380","88.63678"
"135.80000","4.52681","3,439.46851","0.02107","0.00387","88.69776"
"135.90000","4.53018","3,441.29883","0.02107","0.00393","88.74496"
"136.00000","4.53332","3,442.08472","0.02106","0.00400","88.76523"
"136.10000","4.53675","3,444.28613","0.02108","0.00397","88.82200"
"136.20000","4.54004","3,445.53027","0.02108","0.00395","88.85408"
"136.30000","4.54333","3,447.38965","0.02106","0.00394","88.90203"
"136.40000","4.54677","3,448.79370","0.02107","0.00397","88.93824"
"136.50000","4.55013","3,450.26147","0.02107","0.00394","88.97609"
"136.60000","4.55342","3,451.77344","0.02108","0.00391","89.01508"
"136.70000","4.55663","3,452.58423","0.02109","0.00385","89.03599"
"136.80000","4.56007","3,455.29810","0.02111","0.00391","89.10598"
"136.90000","4.56343","3,456.17651","0.02109","0.00383","89.12863"
"137.00000","4.56657","3,457.79590","0.02111","0.00362","89.17039"
"137.10000","4.57016","3,459.32056","0.02112","0.00363","89.20971"
"137.20000","4.57352","3,461.68164","0.02114","0.00353","89.27060"
"137.30000","4.57674","3,462.85767","0.02115","0.00347","89.30093"
"137.40000","4.58010","3,464.99390","0.02118","0.00355","89.35601"
"137.50000","4.58339","3,466.12622","0.02119","0.00355","89.38522"
"137.60000","4.58668","3,467.38550","0.02122","0.00341","89.41769"
"137.70000","4.59004","3,468.87109","0.02124","0.00322","89.45600"
"137.80000","4.59348","3,470.70630","0.02125","0.00331","89.50333"
"137.90000","4.59677","3,472.38403","0.02130","0.00329","89.54659"
"138.00000","4.59998","3,473.52002","0.02134","0.00337","89.57589"
"138.10000","4.60342","3,474.88892","0.02136","0.00342","89.61119"
"138.20000","4.60678","3,476.70459","0.02139","0.00355","89.65801"
"138.30000","4.60992","3,477.59058","0.02139","0.00366","89.68086"
"138.40000","4.61343","3,480.01318","0.02143","0.00367","89.74333"
"138.50000","4.61680","3,482.17944","0.02148","0.00370","89.79920"
"138.60000","4.62009","3,482.81641","0.02150","0.00380","89.81563"
"138.70000","4.62345","3,484.73901","0.02148","0.00385","89.86520"
"138.80000","4.62681","3,486.26514","0.02152","0.00392","89.90456"
"138.90000","4.62995","3,488.07080","0.02150","0.00392","89.95113"
"139.00000","4.63339","3,489.61548","0.02151","0.00396","89.99096"
"139.10000","4.63683","3,490.62134","0.02152","0.00405","90.01690"
"139.20000","4.64011","3,492.73950","0.02155","0.00411","90.07153"
"139.30000","4.64340","3,493.45850","0.02154","0.00401","90.09007"
"139.40000","4.64684","3,495.86084","0.02157","0.00394","90.15202"
"139.50000","4.65005","3,497.81055","0.02159","0.00392","90.20229"
"139.60000","4.65327","3,498.53223","0.02159","0.00391","90.22091"
"139.70000","4.65678","3,500.09985","0.02157","0.00399","90.26134"
"139.80000","4.66014","3,502.23657","0.02160","0.00398","90.31644"
"139.90000","4.66336","3,503.18286","0.02159","0.00398","90.34084"
"140.00000","4.66680","3,505.20972","0.02163","0.00385","90.39310"
"140.10000","4.67023","3,506.84741","0.02163","0.00372","90.43534"
"140.20000","4.67330","3,508.25537","0.02160","0.00360","90.47165"
"140.30000","4.67666","3,509.71899","0.02163","0.00357","90.50939"
"140.40000","4.68010","3,511.18823","0.02164","0.00363","90.54729"
"140.50000","4.68331","3,513.17871","0.02167","0.00358","90.59862"
"140.60000","4.68675","3,514.88452","0.02169","0.00359","90.64260"
"140.70000","4.69019","3,516.17700","0.02172","0.00351","90.67593"
"140.80000","4.69340","3,517.81250","0.02173","0.00333","90.71811"
"140.90000","4.69677","3,519.47217","0.02174","0.00333","90.76091"
"141.00000","4.70005","3,521.43457","0.02182","0.00341","90.81152"
"141.10000","4.70342","3,522.30176","0.02179","0.00338","90.83389"
"141.20000","4.70663","3,523.70825","0.02185","0.00351","90.87016"
"141.30000","4.71007","3,525.59497","0.02195","0.00359","90.91881"
"141.40000","4.71351","3,527.76099","0.02191","0.00367","90.97466"
"141.50000","4.71665","3,527.77319","0.02192","0.00372","90.97498"
"141.60000","4.72008","3,530.14575","0.02197","0.00378","91.03616"
"141.70000","4.72352","3,531.06177","0.02194","0.00385","91.05978"
"141.80000","4.72659","3,534.07520","0.02198","0.00392","91.13750"
"141.90000","4.73010","3,534.52368","0.02197","0.00397","91.14906"
"142.00000","4.73346","3,536.33423","0.02197","0.00405","91.19576"
"142.10000","4.73667","3,538.12305","0.02199","0.00407","91.24188"
"142.20000","4.74011","3,539.44556","0.02201","0.00411","91.27599"
"142.30000","4.74348","3,540.09863","0.02202","0.00423","91.29283"
"142.40000","4.74669","3,541.76807","0.02203","0.00418","91.33588"
"142.50000","4.74998","3,543.52100","0.02205","0.00408","91.38109"
"142.60000","4.75334","3,545.33350","0.02206","0.00413","91.42783"
"142.70000","4.75678","3,547.36743","0.02205","0.00409","91.48028"
"142.80000","4.75992","3,547.66992","0.02207","0.00410","91.48808"
"142.90000","4.76343","3,550.18237","0.02207","0.00406","91.55287"
"143.00000","4.76687","3,552.04565","0.02208","0.00401","91.60092"
"143.10000","4.76993","3,553.43408","0.02207","0.00391","91.63673"
"143.20000","4.77337","3,554.59302","0.02209","0.00399","91.66662"
"143.30000","4.77673","3,556.31030","0.02209","0.00396","91.71090"
"143.40000","4.77995","3,557.76880","0.02212","0.00379","91.74851"
"143.50000","4.78346","3,559.56592","0.02216","0.00365","91.79486"
"143.60000","4.78682","3,562.00708","0.02216","0.00368","91.85781"
"143.70000","4.79011","3,562.38965","0.02220","0.00350","91.86768"
"143.80000","4.79340","3,564.48022","0.02224","0.00356","91.92159"
"143.90000","4.79669","3,565.23022","0.02226","0.00338","91.94093"
"144.00000","4.80005","3,566.90698","0.02230","0.00336","91.98417"
"144.10000","4.80327","3,567.84058","0.02230","0.00342","92.00825"
"144.20000","4.80670","3,570.13574","0.02234","0.00343","92.06744"
"144.30000","4.81022","3,571.70850","0.02236","0.00350","92.10799"
"144.40000","4.81335","3,573.14209","0.02233","0.00347","92.14497"
"144.50000","4.81679","3,575.09375","0.02234","0.00362","92.19529"
"144.60000","4.82008","3,576.16626","0.02238","0.00368","92.22295"
"144.70000","4.82330","3,576.91528","0.02240","0.00377","92.24226"
"144.80000","4.82673","3,579.58643","0.02242","0.00387","92.31115"
"144.90000","4.83002","3,581.00635","0.02245","0.00389","92.34777"
"145.00000","4.83338","3,582.66187","0.02247","0.00397","92.39046"
"145.10000","4.83675","3,583.53296","0.02245","0.00399","92.41293"
"145.20000","4.84011","3,585.54126","0.02251","0.00406","92.46471"
"145.30000","4.84347","3,587.48926","0.02251","0.00413","92.51495"
"145.40000","4.84661","3,588.28418","0.02252","0.00418","92.53545"
"145.50000","4.85005","3,589.60596","0.02250","0.00412","92.56953"
"145.60000","4.85349","3,591.39404","0.02252","0.00411","92.61565"
"145.70000","4.85663","3,593.04443","0.02253","0.00411","92.65821"
"145.80000","4.86014","3,594.78296","0.02254","0.00407","92.70304"
"145.90000","4.86350","3,596.09131","0.02256","0.00414","92.73679"
"146.00000","4.86664","3,597.83765","0.02258","0.00410","92.78181"
"146.10000","4.87008","3,598.91309","0.02257","0.00410","92.80955"
"146.20000","4.87337","3,601.15918","0.02258","0.00412","92.86748"
"146.30000","4.87673","3,602.46045","0.02259","0.00403","92.90103"
"146.40000","4.88002","3,603.22192","0.02263","0.00395","92.92067"
"146.50000","4.88338","3,605.91870","0.02266","0.00379","92.99021"
"146.60000","4.88682","3,606.92139","0.02269","0.00373","93.01607"
"146.70000","4.88996","3,608.06738","0.02267","0.00364","93.04562"
"146.80000","4.89340","3,610.04297","0.02273","0.00365","93.09657"
"146.90000","4.89676","3,611.83984","0.02271","0.00375","93.14291"
"147.00000","4.89990","3,612.73657","0.02275","0.00362","93.16603"
"147.10000","4.90349","3,614.68384","0.02280","0.00368","93.21625"
"147.20000","4.90685","3,616.80176","0.02286","0.00346","93.27087"
"147.30000","4.91006","3,617.68384","0.02284","0.00348","93.29362"
"147.40000","4.91343","3,619.24219","0.02288","0.00357","93.33380"
"147.50000","4.91679","3,620.91431","0.02285","0.00369","93.37692"
"147.60000","4.92000","3,622.61426","0.02284","0.00377","93.42076"
"147.70000","4.92337","3,623.23755","0.02286","0.00381","93.43684"
"147.80000","4.92673","3,625.59668","0.02290","0.00384","93.49767"
"147.90000","4.93009","3,627.11279","0.02291","0.00393","93.53677"
"148.00000","4.93338","3,628.04907","0.02294","0.00394","93.56091"
"148.10000","4.93682","3,630.34497","0.02295","0.00402","93.62012"
"148.20000","4.94011","3,632.12500","0.02296","0.00411","93.66603"
"148.30000","4.94325","3,633.09692","0.02297","0.00416","93.69109"
"148.40000","4.94676","3,634.63721","0.02297","0.00429","93.73081"
"148.50000","4.95012","3,635.70752","0.02301","0.00433","93.75842"
"148.60000","4.95326","3,638.06885","0.02299","0.00431","93.81931"
"148.70000","4.95677","3,638.71484","0.02303","0.00431","93.83597"
"148.80000","4.96021","3,640.78174","0.02303","0.00424","93.88927"
"148.90000","4.96343","3,642.34082","0.02305","0.00423","93.92947"
"149.00000","4.96664","3,643.78589","0.02306","0.00421","93.96674"
"149.10000","4.97008","3,645.12061","0.02306","0.00423","94.00116"
"149.20000","4.97337","3,646.31738","0.02308","0.00425","94.03202"
"149.30000","4.97666","3,647.67578","0.02309","0.00421","94.06705"
"149.40000","4.98017","3,649.97314","0.02310","0.00426","94.12630"
"149.50000","4.98338","3,650.91943","0.02313","0.00414","94.15070"
"149.60000","4.98659","3,652.63159","0.02318","0.00412","94.19485"
"149.70000","4.99003","3,654.62231","0.02318","0.00396","94.24619"
"149.80000","4.99347","3,656.03125","0.02322","0.00377","94.28252"
"149.90000","4.99668","3,658.25903","0.02324","0.00379","94.33997"
"150.00000","5.00012","3,659.27954","0.02326","0.00375","94.36629"
"150.10000","5.00356","3,660.07471","0.02330","0.00354","94.38680"
"150.20000","5.00670","3,662.54102","0.02327","0.00353","94.45040"
"150.30000","5.01006","3,663.90576","0.02336","0.00359","94.48560"
"150.40000","5.01350","3,665.38354","0.02331","0.00358","94.52370"
"150.50000","5.01664","3,666.31299","0.02335","0.00360","94.54768"
"150.60000","5.02008","3,668.26196","0.02334","0.00366","94.59794"
"150.70000","5.02351","3,669.52539","0.02333","0.00375","94.63052"
"150.80000","5.02673","3,671.26099","0.02337","0.00382","94.67528"
"150.90000","5.03002","3,671.98096","0.02338","0.00392","94.69384"
"151.00000","5.03338","3,674.18262","0.02336","0.00395","94.75062"
"151.10000","5.03674","3,675.55054","0.02340","0.00403","94.78590"
"151.20000","5.03996","3,676.60889","0.02340","0.00407","94.81319"
"151.30000","5.04340","3,678.31958","0.02340","0.00408","94.85730"
"151.40000","5.04676","3,679.84204","0.02341","0.00417","94.89657"
"151.50000","5.04997","3,681.78271","0.02341","0.00423","94.94661"
"151.60000","5.05348","3,683.08203","0.02343","0.00430","94.98012"
"151.70000","5.05685","3,684.63281","0.02346","0.00442","95.02011"
"151.80000","5.05991","3,685.91846","0.02349","0.00434","95.05326"
"151.90000","5.06342","3,687.15088","0.02350","0.00440","95.08504"
"152.00000","5.06679","3,689.55542","0.02350","0.00430","95.14706"
"152.10000","5.07008","3,690.10571","0.02352","0.00435","95.16125"
"152.20000","5.07344","3,691.90015","0.02354","0.00430","95.20752"
"152.30000","5.07680","3,693.84741","0.02354","0.00426","95.25774"
"152.40000","5.08016","3,695.16992","0.02360","0.00424","95.29184"
"152.50000","5.08338","3,695.81055","0.02363","0.00415","95.30836"
"152.60000","5.08674","3,697.63184","0.02365","0.00420","95.35533"
"152.70000","5.09011","3,698.94775","0.02367","0.00409","95.38927"
"152.80000","5.09324","3,700.67578","0.02365","0.00401","95.43383"
"152.90000","5.09676","3,702.63574","0.02373","0.00395","95.48438"
"153.00000","5.10019","3,704.50049","0.02372","0.00387","95.53246"
"153.10000","5.10333","3,705.02734","0.02377","0.00371","95.54605"
"153.20000","5.10670","3,706.84497","0.02379","0.00379","95.59292"
"153.30000","5.11006","3,707.78027","0.02381","0.00372","95.61704"
"153.40000","5.11327","3,709.53613","0.02382","0.00361","95.66232"
"153.50000","5.11679","3,711.67627","0.02382","0.00356","95.71751"
"153.60000","5.12007","3,713.07495","0.02381","0.00366","95.75359"
"153.70000","5.12344","3,714.43848","0.02384","0.00369","95.78874"
"153.80000","5.12673","3,715.38916","0.02383","0.00375","95.81326"
"153.90000","5.13001","3,717.92236","0.02384","0.00383","95.87859"
"154.00000","5.13345","3,719.26392","0.02386","0.00391","95.91319"
"154.10000","5.13652","3,720.37036","0.02386","0.00395","95.94172"
"154.20000","5.14010","3,721.67407","0.02386","0.00405","95.97534"
"154.30000","5.14354","3,724.01172","0.02389","0.00411","96.03562"
"154.40000","5.14668","3,725.23999","0.02388","0.00412","96.06730"
"154.50000","5.15012","3,726.38110","0.02389","0.00418","96.09673"
"154.60000","5.15348","3,727.41309","0.02392","0.00427","96.12334"
"154.70000","5.15670","3,729.09766","0.02391","0.00433","96.16678"
"154.80000","5.16006","3,730.88110","0.02394","0.00437","96.21277"
"154.90000","5.16342","3,732.26807","0.02395","0.00440","96.24854"
"155.00000","5.16679","3,734.04468","0.02395","0.00445","96.29436"
"155.10000","5.17007","3,734.92065","0.02398","0.00435","96.31694"
"155.20000","5.17344","3,736.39795","0.02401","0.00439","96.35504"
"155.30000","5.17688","3,738.39990","0.02404","0.00440","96.40667"
"155.40000","5.17994","3,739.46216","0.02407","0.00433","96.43406"
"155.50000","5.18338","3,740.09644","0.02408","0.00434","96.45042"
"155.60000","5.18682","3,742.56152","0.02409","0.00430","96.51398"
"155.70000","5.18995","3,743.60596","0.02416","0.00424","96.54092"
"155.80000","5.19347","3,744.97656","0.02418","0.00425","96.57627"
"155.90000","5.19683","3,746.74316","0.02421","0.00407","96.62183"
"156.00000","5.20004","3,748.41943","0.02425","0.00403","96.66505"
"156.10000","5.20341","3,748.99512","0.02427","0.00400","96.67990"
"156.20000","5.20669","3,750.66187","0.02430","0.00395","96.72289"
"156.30000","5.21006","3,752.85400","0.02433","0.00377","96.77941"
"156.40000","5.21335","3,753.88892","0.02431","0.00390","96.80610"
"156.50000","5.21678","3,755.59546","0.02434","0.00365","96.85011"
"156.60000","5.22022","3,757.24805","0.02436","0.00367","96.89273"
"156.70000","5.22329","3,758.13867","0.02433","0.00368","96.91570"
"156.80000","5.22672","3,759.80737","0.02434","0.00370","96.95872"
"156.90000","5.23009","3,760.79712","0.02436","0.00380","96.98425"
"157.00000","5.23323","3,762.88306","0.02435","0.00381","97.03805"
"157.10000","5.23689","3,763.96582","0.02434","0.00399","97.06596"
"157.20000","5.24018","3,765.02466","0.02435","0.00401","97.09327"
"157.30000","5.24339","3,766.03223","0.02435","0.00407","97.11926"
"157.40000","5.24683","3,767.81812","0.02437","0.00414","97.16531"
"157.50000","5.25012","3,770.00098","0.02435","0.00419","97.22160"
"157.60000","5.25333","3,771.02075","0.02437","0.00426","97.24790"
"157.70000","5.25662","3,772.45386","0.02441","0.00430","97.28486"
"157.80000","5.26013","3,773.53833","0.02439","0.00430","97.31283"
"157.90000","5.26342","3,775.84131","0.02440","0.00446","97.37222"
"158.00000","5.26671","3,776.24438","0.02442","0.00450","97.38261"
"158.10000","5.27015","3,777.75732","0.02444","0.00449","97.42162"
"158.20000","5.27344","3,779.42358","0.02444","0.00445","97.46459"
"158.30000","5.27657","3,780.27344","0.02448","0.00442","97.48651"
"158.40000","5.28016","3,782.76562","0.02451","0.00440","97.55078"
"158.50000","5.28345","3,784.15063","0.02456","0.00441","97.58649"
"158.60000","5.28666","3,785.26489","0.02457","0.00443","97.61523"
"158.70000","5.29018","3,786.31421","0.02462","0.00436","97.64229"
"158.80000","5.29354","3,787.95410","0.02464","0.00432","97.68459"
"158.90000","5.29668","3,790.47388","0.02471","0.00437","97.74957"
"159.00000","5.30004","3,789.72705","0.02469","0.00434","97.73030"
"159.10000","5.30340","3,792.07812","0.02473","0.00422","97.79093"
"159.20000","5.30669","3,793.70898","0.02474","0.00429","97.83299"
"159.30000","5.31006","3,794.68091","0.02477","0.00403","97.85806"
"159.40000","5.31349","3,796.46021","0.02477","0.00394","97.90394"
"159.50000","5.31678","3,797.73926","0.02478","0.00408","97.93692"
"159.60000","5.32000","3,798.29102","0.02482","0.00377","97.95115"
"159.70000","5.32343","3,800.09521","0.02478","0.00374","97.99768"
"159.80000","5.32672","3,801.52832","0.02480","0.00374","98.03464"
"159.90000","5.32994","3,803.34546","0.02483","0.00379","98.08150"
"160.00000","5.33345","3,804.78491","0.02479","0.00383","98.11862"
"160.10000","5.33689","3,805.65234","0.02482","0.00393","98.14099"
"160.20000","5.34003","3,807.35425","0.02483","0.00403","98.18488"
"160.30000","5.34339","3,807.86914","0.02483","0.00407","98.19816"
"160.40000","5.34683","3,809.89575","0.02485","0.00415","98.25042"
"160.50000","5.35004","3,811.91406","0.02484","0.00422","98.30247"
"160.60000","5.35333","3,812.52588","0.02484","0.00424","98.31824"
"160.70000","5.35677","3,813.92920","0.02489","0.00427","98.35443"
"160.80000","5.36006","3,815.67480","0.02487","0.00433","98.39945"
"160.90000","5.36334","3,816.94922","0.02489","0.00437","98.43231"
"161.00000","5.36678","3,819.04272","0.02488","0.00448","98.48631"
"161.10000","5.37014","3,819.90967","0.02492","0.00456","98.50866"
"161.20000","5.37328","3,820.76953","0.02492","0.00458","98.53083"
"161.30000","5.37672","3,822.69702","0.02495","0.00462","98.58054"
"161.40000","5.38016","3,823.76392","0.02497","0.00460","98.60806"
"161.50000","5.38330","3,825.26562","0.02501","0.00454","98.64678"
"161.60000","5.38674","3,826.44897","0.02508","0.00448","98.67730"
"161.70000","5.39017","3,827.86353","0.02508","0.00449","98.71378"
"161.80000","5.39331","3,829.80591","0.02508","0.00446","98.76386"
"161.90000","5.39668","3,830.45044","0.02513","0.00443","98.78049"
"162.00000","5.40004","3,831.33032","0.02518","0.00446","98.80318"
"162.10000","5.40333","3,833.39600","0.02521","0.00449","98.85645"
"162.20000","5.40677","3,834.18530","0.02521","0.00436","98.87680"
"162.30000","5.41013","3,836.37891","0.02525","0.00429","98.93337"
"162.40000","5.41349","3,837.82007","0.02524","0.00433","98.97054"
"162.50000","5.41671","3,839.73608","0.02527","0.00411","99.01994"
"162.60000","5.41992","3,840.14258","0.02525","0.00409","99.03043"
"162.70000","5.42343","3,840.46021","0.02525","0.00378","99.03862"
"162.80000","5.42657","3,842.08521","0.02526","0.00384","99.08053"
"162.90000","5.43008","3,842.94214","0.02528","0.00388","99.10262"
"163.00000","5.43360","3,642.60107","0.02528","0.00381","93.93619"
"163.00400","5.43382","3,328.71753","0.02528","0.00381","85.84169"
"163.00800","5.43397","2,940.21484","0.02528","0.00381","75.82290"
"163.01200","5.43412","2,516.11353","0.02528","0.00381","64.88608"
"163.01400","5.43419","2,302.31787","0.02528","0.00381","59.37267"
