Modulus (Segment 0.001 mm/mm - 0.008 mm/mm) : Modulus (Segment 0.001 mm/mm - 0.008 mm/mm),"5,930.69421",MPa
Poisson's ratio (Least squares fit) : Poisson's ratio (Least squares fit),"0.13983"
Specimen properties : Gauge length,"15.20000",mm
Specimen properties : Gauge length transverse,"4.78600",mm
Specimen properties : Thickness,"2.58000",mm
Specimen properties : Width,"15.06000",mm

Time,Extension,Load,Video axial strain,Video transverse strain,Calculated Stress
(s),(mm),(N),(mm/mm),(mm/mm),(MPa)
"0.00000","0.04036","18.88318","0.00000","-0.00001","0.48599"
"0.10000","0.04125","19.59797","0.00000","0.00002","0.50439"
"0.20000","0.04544","24.59326","0.00003","-0.00004","0.63295"
"0.30000","0.05007","32.53931","0.00006","0.00000","0.83746"
"0.40000","0.05351","40.30005","0.00008","0.00001","1.03720"
"0.50000","0.05702","45.71563","0.00011","0.00003","1.17658"
"0.60000","0.06054","52.03443","0.00014","0.00000","1.33920"
"0.70000","0.06368","57.12742","0.00015","0.00014","1.47028"
"0.80000","0.06711","63.12531","0.00019","0.00024","1.62465"
"0.90000","0.07048","68.31123","0.00020","0.00032","1.75812"
"1.00000","0.07362","73.74763","0.00020","0.00027","1.89803"
"1.10000","0.07705","80.14292","0.00022","0.00005","2.06263"
"1.20000","0.08042","85.40499","0.00025","0.00005","2.19806"
"1.30000","0.08378","90.31503","0.00028","0.00000","2.32442"
"1.40000","0.08707","97.02556","0.00031","0.00002","2.49713"
"1.50000","0.09043","102.38498","0.00032","0.00000","2.63507"
"1.60000","0.09387","107.87556","0.00036","0.00000","2.77638"
"1.70000","0.09693","112.80981","0.00036","-0.00003","2.90337"
"1.80000","0.10037","119.15038","0.00039","-0.00001","3.06655"
"1.90000","0.10373","124.76967","0.00041","-0.00006","3.21118"
"2.00000","0.10695","130.18338","0.00045","-0.00003","3.35051"
"2.10000","0.11046","135.86617","0.00046","-0.00004","3.49677"
"2.20000","0.11375","141.07185","0.00049","-0.00009","3.63074"
"2.30000","0.11704","145.85004","0.00050","-0.00011","3.75372"
"2.40000","0.12040","152.28918","0.00056","-0.00002","3.91944"
"2.50000","0.12369","158.09163","0.00056","-0.00003","4.06878"
"2.60000","0.12705","163.27541","0.00059","0.00008","4.20219"
"2.70000","0.13034","168.00302","0.00061","0.00001","4.32387"
"2.80000","0.13370","174.93950","0.00062","0.00000","4.50239"
"2.90000","0.13714","179.78893","0.00066","-0.00013","4.62720"
"3.00000","0.14028","184.47160","0.00067","-0.00013","4.74772"
"3.10000","0.14372","190.39732","0.00068","-0.00015","4.90023"
"3.20000","0.14716","195.63443","0.00071","-0.00017","5.03501"
"3.30000","0.15022","201.56186","0.00072","-0.00020","5.18757"
"3.40000","0.15381","206.61053","0.00073","-0.00012","5.31750"
"3.50000","0.15717","211.95189","0.00076","-0.00016","5.45497"
"3.60000","0.16039","217.56871","0.00076","-0.00013","5.59953"
"3.70000","0.16382","223.02878","0.00078","-0.00002","5.74006"
"3.80000","0.16711","228.41399","0.00080","0.00010","5.87866"
"3.90000","0.17040","233.78728","0.00081","0.00016","6.01695"
"4.00000","0.17361","238.92424","0.00082","0.00018","6.14916"
"4.10000","0.17698","244.50258","0.00085","0.00012","6.29273"
"4.20000","0.18049","249.87541","0.00086","-0.00001","6.43101"
"4.30000","0.18363","254.92888","0.00088","-0.00005","6.56107"
"4.40000","0.18707","260.27399","0.00089","-0.00007","6.69863"
"4.50000","0.19050","265.55453","0.00090","-0.00011","6.83454"
"4.60000","0.19357","270.28925","0.00092","-0.00008","6.95639"
"4.70000","0.19708","275.98212","0.00095","-0.00015","7.10291"
"4.80000","0.20044","281.48032","0.00097","-0.00016","7.24442"
"4.90000","0.20366","286.50687","0.00100","-0.00009","7.37378"
"5.00000","0.20710","291.27493","0.00102","-0.00010","7.49650"
"5.10000","0.21046","296.53894","0.00104","-0.00007","7.63198"
"5.20000","0.21375","302.59039","0.00107","-0.00011","7.78772"
"5.30000","0.21704","307.56506","0.00108","-0.00009","7.91575"
"5.40000","0.22032","312.09723","0.00110","-0.00015","8.03240"
"5.50000","0.22376","317.89853","0.00113","-0.00011","8.18171"
"5.60000","0.22698","323.16473","0.00117","-0.00001","8.31724"
"5.70000","0.23049","328.55685","0.00117","0.00008","8.45602"
"5.80000","0.23385","333.22485","0.00120","0.00003","8.57616"
"5.90000","0.23692","338.15488","0.00122","-0.00005","8.70304"
"6.00000","0.24043","342.94086","0.00122","-0.00004","8.82622"
"6.10000","0.24379","348.23553","0.00127","-0.00015","8.96248"
"6.20000","0.24693","353.27841","0.00128","-0.00020","9.09227"
"6.30000","0.25037","358.92328","0.00130","-0.00015","9.23755"
"6.40000","0.25381","363.84436","0.00131","-0.00016","9.36421"
"6.50000","0.25709","368.03268","0.00134","-0.00023","9.47200"
"6.60000","0.26038","373.32101","0.00135","-0.00022","9.60811"
"6.70000","0.26375","378.78262","0.00136","-0.00014","9.74867"
"6.80000","0.26703","384.01208","0.00137","-0.00005","9.88326"
"6.90000","0.27025","388.12473","0.00138","0.00001","9.98911"
"7.00000","0.27384","393.26950","0.00140","0.00012","10.12152"
"7.10000","0.27712","398.19656","0.00143","0.00021","10.24832"
"7.20000","0.28034","403.21954","0.00143","0.00027","10.37760"
"7.30000","0.28385","408.37085","0.00145","0.00022","10.51018"
"7.40000","0.28714","413.51105","0.00144","0.00011","10.64247"
"7.50000","0.29028","417.94876","0.00149","-0.00003","10.75668"
"7.60000","0.29372","423.05933","0.00148","-0.00005","10.88821"
"7.70000","0.29708","428.43515","0.00150","-0.00006","11.02657"
"7.80000","0.30037","434.11740","0.00152","-0.00009","11.17281"
"7.90000","0.30373","438.33194","0.00155","-0.00007","11.28128"
"8.00000","0.30717","443.61505","0.00157","-0.00007","11.41725"
"8.10000","0.31038","448.30609","0.00155","-0.00007","11.53798"
"8.20000","0.31360","453.18390","0.00162","-0.00008","11.66352"
"8.30000","0.31711","458.60080","0.00163","-0.00006","11.80294"
"8.40000","0.32040","463.13339","0.00165","-0.00009","11.91959"
"8.50000","0.32361","467.10059","0.00166","-0.00010","12.02170"
"8.60000","0.32720","473.05914","0.00170","-0.00008","12.17505"
"8.70000","0.33049","477.48694","0.00173","-0.00009","12.28901"
"8.80000","0.33363","482.15649","0.00176","0.00014","12.40919"
"8.90000","0.33699","486.11603","0.00177","0.00014","12.51109"
"9.00000","0.34035","491.78833","0.00180","0.00006","12.65708"
"9.10000","0.34364","496.77390","0.00181","0.00012","12.78539"
"9.20000","0.34708","501.65607","0.00183","-0.00001","12.91105"
"9.30000","0.35052","506.06918","0.00187","-0.00017","13.02462"
"9.40000","0.35365","510.82968","0.00187","-0.00015","13.14714"
"9.50000","0.35709","515.36505","0.00189","-0.00015","13.26387"
"9.60000","0.36046","520.42542","0.00192","-0.00013","13.39411"
"9.70000","0.36367","525.61475","0.00191","-0.00014","13.52767"
"9.80000","0.36703","529.55042","0.00197","-0.00013","13.62896"
"9.90000","0.37040","534.05536","0.00196","-0.00009","13.74490"
"10.00000","0.37383","539.10724","0.00198","-0.00007","13.87492"
"10.10000","0.37705","542.89691","0.00202","0.00009","13.97245"
"10.20000","0.38041","547.40540","0.00200","0.00025","14.08849"
"10.30000","0.38377","552.04407","0.00204","0.00025","14.20787"
"10.40000","0.38699","556.60785","0.00202","0.00028","14.32533"
"10.50000","0.39043","561.33636","0.00204","0.00024","14.44703"
"10.60000","0.39386","566.32086","0.00206","0.00022","14.57531"
"10.70000","0.39700","570.05591","0.00205","0.00003","14.67144"
"10.80000","0.40044","574.54382","0.00209","-0.00001","14.78695"
"10.90000","0.40380","579.29291","0.00207","-0.00004","14.90917"
"11.00000","0.40702","583.59747","0.00211","-0.00005","15.01996"
"11.10000","0.41031","588.56836","0.00213","-0.00004","15.14789"
"11.20000","0.41367","592.82233","0.00214","-0.00002","15.25738"
"11.30000","0.41703","597.29340","0.00212","-0.00003","15.37245"
"11.40000","0.42032","601.20789","0.00220","-0.00002","15.47320"
"11.50000","0.42376","606.08832","0.00218","-0.00005","15.59880"
"11.60000","0.42720","610.92334","0.00217","0.00003","15.72324"
"11.70000","0.43026","614.31445","0.00226","-0.00008","15.81052"
"11.80000","0.43370","618.47430","0.00228","-0.00006","15.91758"
"11.90000","0.43714","623.16541","0.00235","-0.00002","16.03831"
"12.00000","0.44028","627.51196","0.00239","0.00015","16.15018"
"12.10000","0.44379","632.44727","0.00235","0.00023","16.27720"
"12.20000","0.44715","637.49609","0.00242","0.00019","16.40714"
"12.30000","0.45036","641.10693","0.00248","0.00018","16.50007"
"12.40000","0.45373","645.83685","0.00253","0.00001","16.62180"
"12.50000","0.45702","650.34711","0.00253","0.00002","16.73788"
"12.60000","0.46038","654.34320","0.00254","-0.00008","16.84073"
"12.70000","0.46359","658.87305","0.00250","-0.00011","16.95731"
"12.80000","0.46703","663.62195","0.00256","-0.00010","17.07954"
"12.90000","0.47054","667.86285","0.00260","-0.00011","17.18868"
"13.00000","0.47361","672.44031","0.00259","-0.00015","17.30649"
"13.10000","0.47705","676.25189","0.00262","-0.00002","17.40459"
"13.20000","0.48048","680.39862","0.00263","0.00006","17.51131"
"13.30000","0.48355","685.55219","0.00265","0.00014","17.64395"
"13.40000","0.48706","689.80670","0.00267","0.00034","17.75345"
"13.50000","0.49050","693.88232","0.00266","0.00036","17.85834"
"13.60000","0.49371","698.58197","0.00267","0.00034","17.97930"
"13.70000","0.49715","703.11639","0.00263","0.00032","18.09600"
"13.80000","0.50044","707.17267","0.00264","0.00020","18.20039"
"13.90000","0.50373","711.88342","0.00273","0.00015","18.32163"
"14.00000","0.50694","715.68555","0.00269","0.00015","18.41949"
"14.10000","0.51038","720.45020","0.00268","0.00010","18.54212"
"14.20000","0.51382","724.96643","0.00265","0.00002","18.65835"
"14.30000","0.51696","729.23987","0.00270","0.00006","18.76833"
"14.40000","0.52047","733.27686","0.00276","0.00008","18.87223"
"14.50000","0.52391","737.53119","0.00278","0.00010","18.98173"
"14.60000","0.52690","741.87207","0.00278","0.00009","19.09345"
"14.70000","0.53041","746.00305","0.00279","0.00002","19.19977"
"14.80000","0.53377","749.98572","0.00281","0.00006","19.30227"
"14.90000","0.53706","753.96149","0.00282","0.00005","19.40459"
"15.00000","0.54042","758.01642","0.00287","0.00007","19.50895"
"15.10000","0.54379","762.20044","0.00287","0.00002","19.61663"
"15.20000","0.54707","766.72040","0.00290","0.00016","19.73297"
"15.30000","0.55029","769.53894","0.00293","0.00027","19.80551"
"15.40000","0.55365","774.62500","0.00296","0.00030","19.93641"
"15.50000","0.55709","779.92523","0.00296","0.00030","20.07281"
"15.60000","0.56023","783.16162","0.00299","0.00019","20.15611"
"15.70000","0.56382","787.98730","0.00307","0.00005","20.28031"
"15.80000","0.56725","791.85590","0.00310","-0.00004","20.37987"
"15.90000","0.57032","795.38385","0.00310","0.00003","20.47067"
"16.00000","0.57383","799.61438","0.00311","-0.00003","20.57955"
"16.10000","0.57704","804.49536","0.00315","-0.00002","20.70517"
"16.20000","0.58026","808.18402","0.00312","0.00001","20.80011"
"16.30000","0.58370","811.77197","0.00317","-0.00001","20.89245"
"16.40000","0.58713","816.46436","0.00321","0.00014","21.01322"
"16.50000","0.59042","820.30023","0.00318","0.00036","21.11194"
"16.60000","0.59371","823.82159","0.00319","0.00037","21.20257"
"16.70000","0.59715","827.85681","0.00325","0.00039","21.30642"
"16.80000","0.60044","832.47974","0.00325","0.00047","21.42540"
"16.90000","0.60358","835.64606","0.00326","0.00042","21.50689"
"17.00000","0.60709","840.43414","0.00323","0.00036","21.63012"
"17.10000","0.61045","844.46564","0.00328","0.00028","21.73388"
"17.20000","0.61359","849.02905","0.00328","0.00021","21.85133"
"17.30000","0.61718","852.68420","0.00330","0.00019","21.94540"
"17.40000","0.62047","857.02081","0.00330","0.00016","22.05701"
"17.50000","0.62360","860.57318","0.00330","0.00017","22.14844"
"17.60000","0.62704","864.37708","0.00332","0.00013","22.24634"
"17.70000","0.63033","868.37158","0.00334","0.00014","22.34915"
"17.80000","0.63369","873.06079","0.00336","0.00015","22.46983"
"17.90000","0.63706","876.17853","0.00336","0.00011","22.55007"
"18.00000","0.64050","880.59045","0.00339","0.00009","22.66362"
"18.10000","0.64378","884.97076","0.00343","0.00012","22.77636"
"18.20000","0.64692","888.74408","0.00342","0.00011","22.87347"
"18.30000","0.65036","892.11621","0.00346","0.00011","22.96026"
"18.40000","0.65372","896.26575","0.00349","0.00034","23.06705"
"18.50000","0.65701","900.19611","0.00347","0.00033","23.16821"
"18.60000","0.66045","904.53693","0.00349","0.00040","23.27993"
"18.70000","0.66381","908.25641","0.00352","0.00025","23.37566"
"18.80000","0.66703","912.19202","0.00356","0.00003","23.47695"
"18.90000","0.67039","914.88287","0.00357","0.00010","23.54620"
"19.00000","0.67375","919.96259","0.00362","0.00012","23.67694"
"19.10000","0.67697","924.02472","0.00362","0.00013","23.78148"
"19.20000","0.68033","927.50769","0.00364","0.00009","23.87112"
"19.30000","0.68384","932.26685","0.00366","0.00009","23.99361"
"19.40000","0.68706","935.36285","0.00370","0.00010","24.07329"
"19.50000","0.69042","939.51465","0.00372","0.00019","24.18014"
"19.60000","0.69378","943.65503","0.00372","0.00040","24.28671"
"19.70000","0.69700","947.58356","0.00373","0.00042","24.38781"
"19.80000","0.70028","950.93390","0.00378","0.00049","24.47404"
"19.90000","0.70372","954.92548","0.00378","0.00061","24.57677"
"20.00000","0.70709","958.91364","0.00379","0.00051","24.67941"
"20.10000","0.71037","962.67194","0.00381","0.00051","24.77614"
"20.20000","0.71374","966.29651","0.00384","0.00044","24.86942"
"20.30000","0.71718","970.64581","0.00382","0.00028","24.98136"
"20.40000","0.72031","974.02222","0.00384","0.00038","25.06826"
"20.50000","0.72368","977.00891","0.00386","0.00029","25.14513"
"20.60000","0.72712","982.13507","0.00388","0.00027","25.27706"
"20.70000","0.73033","985.08539","0.00389","0.00021","25.35299"
"20.80000","0.73377","988.88928","0.00391","0.00023","25.45089"
"20.90000","0.73713","993.17517","0.00393","0.00024","25.56120"
"21.00000","0.74042","996.94611","0.00393","0.00022","25.65825"
"21.10000","0.74363","1,000.35693","0.00394","0.00022","25.74603"
"21.20000","0.74707","1,004.77191","0.00395","0.00021","25.85966"
"21.30000","0.75043","1,008.48785","0.00399","0.00023","25.95530"
"21.40000","0.75372","1,011.82477","0.00399","0.00029","26.04118"
"21.50000","0.75701","1,015.85986","0.00399","0.00036","26.14503"
"21.60000","0.76052","1,019.47925","0.00403","0.00042","26.23818"
"21.70000","0.76366","1,023.33447","0.00405","0.00038","26.33740"
"21.80000","0.76702","1,026.93201","0.00407","0.00028","26.42999"
"21.90000","0.77039","1,030.28271","0.00407","0.00030","26.51623"
"22.00000","0.77353","1,034.04749","0.00409","0.00023","26.61312"
"22.10000","0.77696","1,037.96301","0.00414","0.00017","26.71389"
"22.20000","0.78040","1,042.00024","0.00416","0.00021","26.81780"
"22.30000","0.78369","1,045.65698","0.00416","0.00014","26.91191"
"22.40000","0.78698","1,048.81567","0.00419","0.00014","26.99321"
"22.50000","0.79034","1,052.93176","0.00421","0.00013","27.09914"
"22.60000","0.79371","1,056.93713","0.00424","0.00020","27.20223"
"22.70000","0.79692","1,060.84900","0.00425","0.00035","27.30291"
"22.80000","0.80036","1,064.51489","0.00427","0.00052","27.39725"
"22.90000","0.80394","1,067.71021","0.00431","0.00056","27.47949"
"23.00000","0.80701","1,071.75610","0.00431","0.00058","27.58362"
"23.10000","0.81045","1,075.97290","0.00432","0.00059","27.69215"
"23.20000","0.81388","1,079.80566","0.00433","0.00062","27.79079"
"23.30000","0.81687","1,082.99353","0.00437","0.00066","27.87284"
"23.40000","0.82039","1,086.46387","0.00439","0.00053","27.96215"
"23.50000","0.82375","1,089.92517","0.00440","0.00044","28.05124"
"23.60000","0.82704","1,094.09949","0.00441","0.00033","28.15867"
"23.70000","0.83040","1,097.07703","0.00443","0.00033","28.23530"
"23.80000","0.83376","1,100.69275","0.00444","0.00034","28.32836"
"23.90000","0.83720","1,104.46838","0.00448","0.00027","28.42553"
"24.00000","0.84027","1,108.24048","0.00446","0.00031","28.52261"
"24.10000","0.84370","1,111.77600","0.00450","0.00028","28.61361"
"24.20000","0.84714","1,115.42078","0.00450","0.00025","28.70741"
"24.30000","0.85021","1,118.18494","0.00452","0.00024","28.77855"
"24.40000","0.85379","1,122.48999","0.00454","0.00025","28.88935"
"24.50000","0.85723","1,126.93457","0.00457","0.00024","29.00374"
"24.60000","0.86030","1,129.51721","0.00454","0.00030","29.07021"
"24.70000","0.86373","1,133.74573","0.00457","0.00042","29.17904"
"24.80000","0.86710","1,136.93604","0.00458","0.00042","29.26115"
"24.90000","0.87031","1,140.57837","0.00460","0.00046","29.35489"
"25.00000","0.87375","1,144.52502","0.00461","0.00037","29.45646"
"25.10000","0.87711","1,147.32141","0.00464","0.00023","29.52843"
"25.20000","0.88048","1,151.28333","0.00466","0.00025","29.63040"
"25.30000","0.88369","1,154.67480","0.00464","0.00024","29.71769"
"25.40000","0.88705","1,158.42871","0.00468","0.00026","29.81430"
"25.50000","0.89042","1,161.53027","0.00470","0.00027","29.89412"
"25.60000","0.89355","1,164.68506","0.00473","0.00025","29.97532"
"25.70000","0.89714","1,168.46143","0.00475","0.00028","30.07251"
"25.80000","0.90050","1,172.24170","0.00478","0.00030","30.16980"
"25.90000","0.90364","1,175.10608","0.00476","0.00049","30.24352"
"26.00000","0.90716","1,179.04895","0.00473","0.00069","30.34500"
"26.10000","0.91044","1,181.91565","0.00487","0.00074","30.41878"
"26.20000","0.91358","1,185.66699","0.00487","0.00071","30.51533"
"26.30000","0.91702","1,189.06165","0.00490","0.00073","30.60270"
"26.40000","0.92046","1,192.96912","0.00486","0.00072","30.70326"
"26.50000","0.92375","1,195.84070","0.00491","0.00070","30.77717"
"26.60000","0.92704","1,198.73926","0.00494","0.00059","30.85177"
"26.70000","0.93047","1,202.55542","0.00494","0.00053","30.94998"
"26.80000","0.93376","1,205.84021","0.00499","0.00036","31.03452"
"26.90000","0.93690","1,209.25769","0.00499","0.00035","31.12248"
"27.00000","0.94041","1,212.91052","0.00500","0.00043","31.21649"
"27.10000","0.94378","1,216.65686","0.00503","0.00038","31.31291"
"27.20000","0.94692","1,219.31604","0.00505","0.00030","31.38135"
"27.30000","0.95043","1,223.05334","0.00506","0.00034","31.47754"
"27.40000","0.95387","1,225.38440","0.00505","0.00034","31.53753"
"27.50000","0.95701","1,229.83630","0.00506","0.00035","31.65211"
"27.60000","0.96037","1,233.15381","0.00508","0.00036","31.73749"
"27.70000","0.96373","1,236.55286","0.00511","0.00035","31.82497"
"27.80000","0.96702","1,238.39038","0.00512","0.00053","31.87226"
"27.90000","0.97038","1,242.75403","0.00511","0.00046","31.98457"
"28.00000","0.97382","1,247.04016","0.00515","0.00051","32.09488"
"28.10000","0.97711","1,249.61523","0.00514","0.00037","32.16116"
"28.20000","0.98032","1,252.60315","0.00515","0.00035","32.23805"
"28.30000","0.98369","1,255.52551","0.00517","0.00029","32.31327"
"28.40000","0.98705","1,259.37012","0.00518","0.00027","32.41222"
"28.50000","0.99026","1,261.67944","0.00522","0.00037","32.47165"
"28.60000","0.99378","1,264.95654","0.00524","0.00032","32.55599"
"28.70000","0.99714","1,268.02234","0.00522","0.00032","32.63490"
"28.80000","1.00043","1,271.88977","0.00518","0.00034","32.73443"
"28.90000","1.00372","1,274.82666","0.00526","0.00037","32.81002"
"29.00000","1.00715","1,277.68237","0.00526","0.00066","32.88351"
"29.10000","1.01029","1,281.12463","0.00536","0.00072","32.97211"
"29.20000","1.01366","1,284.59644","0.00530","0.00081","33.06146"
"29.30000","1.01709","1,288.07104","0.00530","0.00080","33.15089"
"29.40000","1.02046","1,291.57068","0.00529","0.00088","33.24096"
"29.50000","1.02375","1,293.76514","0.00535","0.00084","33.29744"
"29.60000","1.02711","1,297.95251","0.00542","0.00077","33.40520"
"29.70000","1.03040","1,300.61572","0.00541","0.00083","33.47375"
"29.80000","1.03361","1,304.80420","0.00547","0.00072","33.58154"
"29.90000","1.03705","1,307.40686","0.00548","0.00057","33.64853"
"30.00000","1.04041","1,310.52588","0.00551","0.00043","33.72880"
"30.10000","1.04370","1,314.18945","0.00556","0.00045","33.82309"
"30.20000","1.04706","1,316.45996","0.00557","0.00043","33.88153"
"30.30000","1.05058","1,320.59106","0.00560","0.00039","33.98785"
"30.40000","1.05364","1,323.76611","0.00559","0.00048","34.06956"
"30.50000","1.05693","1,326.31445","0.00560","0.00042","34.13515"
"30.60000","1.06037","1,330.15625","0.00561","0.00039","34.23403"
"30.70000","1.06366","1,333.03687","0.00562","0.00040","34.30816"
"30.80000","1.06709","1,336.66187","0.00563","0.00043","34.40146"
"30.90000","1.07046","1,339.92041","0.00564","0.00059","34.48532"
"31.00000","1.07382","1,342.95911","0.00568","0.00069","34.56353"
"31.10000","1.07703","1,345.94434","0.00568","0.00057","34.64036"
"31.20000","1.08040","1,349.20288","0.00566","0.00048","34.72423"
"31.30000","1.08376","1,352.24463","0.00571","0.00040","34.80251"
"31.40000","1.08697","1,355.76904","0.00571","0.00041","34.89322"
"31.50000","1.09041","1,358.68018","0.00568","0.00041","34.96814"
"31.60000","1.09392","1,361.45459","0.00574","0.00040","35.03955"
"31.70000","1.09699","1,364.03699","0.00577","0.00041","35.10601"
"31.80000","1.10043","1,366.94202","0.00568","0.00038","35.18077"
"31.90000","1.10386","1,370.23621","0.00571","0.00048","35.26556"
"32.00000","1.10700","1,373.52954","0.00579","0.00060","35.35032"
"32.10000","1.11037","1,376.90283","0.00575","0.00079","35.43714"
"32.20000","1.11380","1,380.13208","0.00577","0.00088","35.52025"
"32.30000","1.11717","1,382.71484","0.00579","0.00087","35.58672"
"32.40000","1.12038","1,385.29187","0.00582","0.00091","35.65304"
"32.50000","1.12374","1,388.46191","0.00585","0.00093","35.73463"
"32.60000","1.12718","1,392.70349","0.00590","0.00091","35.84380"
"32.70000","1.13025","1,394.28735","0.00589","0.00099","35.88456"
"32.80000","1.13368","1,397.63806","0.00591","0.00087","35.97079"
"32.90000","1.13720","1,401.66577","0.00599","0.00084","36.07446"
"33.00000","1.14034","1,404.54187","0.00597","0.00067","36.14848"
"33.10000","1.14377","1,407.68237","0.00600","0.00058","36.22931"
"33.20000","1.14721","1,410.16748","0.00603","0.00058","36.29326"
"33.30000","1.15028","1,413.53528","0.00600","0.00054","36.37994"
"33.40000","1.15371","1,415.89636","0.00611","0.00053","36.44071"
"33.50000","1.15708","1,419.02039","0.00610","0.00054","36.52111"
"33.60000","1.16036","1,422.84497","0.00611","0.00054","36.61954"
"33.70000","1.16373","1,424.72925","0.00615","0.00050","36.66804"
"33.80000","1.16709","1,429.07666","0.00616","0.00051","36.77993"
"33.90000","1.17053","1,431.49353","0.00620","0.00048","36.84213"
"34.00000","1.17359","1,433.74927","0.00621","0.00054","36.90018"
"34.10000","1.17703","1,436.31274","0.00622","0.00074","36.96616"
"34.20000","1.18047","1,439.39990","0.00623","0.00072","37.04561"
"34.30000","1.18361","1,442.24634","0.00624","0.00052","37.11887"
"34.40000","1.18720","1,445.62671","0.00625","0.00044","37.20587"
"34.50000","1.19056","1,448.77502","0.00618","0.00043","37.28690"
"34.60000","1.19362","1,451.46387","0.00620","0.00045","37.35610"
"34.70000","1.19714","1,455.41003","0.00621","0.00045","37.45766"
"34.80000","1.20042","1,458.02979","0.00626","0.00044","37.52509"
"34.90000","1.20356","1,459.86597","0.00631","0.00044","37.57235"
"35.00000","1.20700","1,463.24939","0.00628","0.00058","37.65942"
"35.10000","1.21036","1,466.47546","0.00627","0.00069","37.74245"
"35.20000","1.21380","1,468.77051","0.00630","0.00083","37.80152"
"35.30000","1.21702","1,471.94641","0.00630","0.00088","37.88326"
"35.40000","1.22038","1,474.84277","0.00635","0.00093","37.95780"
"35.50000","1.22374","1,478.47632","0.00636","0.00094","38.05132"
"35.60000","1.22688","1,480.39673","0.00638","0.00099","38.10074"
"35.70000","1.23039","1,484.05493","0.00642","0.00103","38.19489"
"35.80000","1.23383","1,486.20728","0.00646","0.00098","38.25029"
"35.90000","1.23705","1,489.03503","0.00647","0.00095","38.32307"
"36.00000","1.24048","1,492.13220","0.00647","0.00085","38.40277"
"36.10000","1.24377","1,494.49219","0.00650","0.00082","38.46352"
"36.20000","1.24699","1,497.95520","0.00650","0.00065","38.55264"
"36.30000","1.25035","1,500.44629","0.00653","0.00055","38.61676"
"36.40000","1.25371","1,504.00024","0.00652","0.00059","38.70822"
"36.50000","1.25707","1,506.98755","0.00656","0.00051","38.78511"
"36.60000","1.26036","1,509.24695","0.00660","0.00055","38.84326"
"36.70000","1.26373","1,511.36658","0.00661","0.00057","38.89781"
"36.80000","1.26709","1,514.51514","0.00661","0.00053","38.97884"
"36.90000","1.27023","1,517.49927","0.00669","0.00050","39.05564"
"37.00000","1.27367","1,520.62415","0.00667","0.00053","39.13607"
"37.10000","1.27710","1,524.13599","0.00673","0.00056","39.22645"
"37.20000","1.28032","1,525.76172","0.00676","0.00072","39.26830"
"37.30000","1.28383","1,529.36597","0.00676","0.00061","39.36106"
"37.40000","1.28712","1,531.63989","0.00678","0.00056","39.41958"
"37.50000","1.29041","1,535.08228","0.00673","0.00046","39.50817"
"37.60000","1.29370","1,537.15735","0.00678","0.00047","39.56158"
"37.70000","1.29698","1,540.09619","0.00675","0.00046","39.63722"
"37.80000","1.30035","1,542.95020","0.00684","0.00046","39.71067"
"37.90000","1.30364","1,545.45374","0.00677","0.00051","39.77510"
"38.00000","1.30715","1,547.52417","0.00679","0.00052","39.82839"
"38.10000","1.31044","1,552.07141","0.00679","0.00058","39.94542"
"38.20000","1.31365","1,554.38489","0.00684","0.00071","40.00496"
"38.30000","1.31709","1,557.03271","0.00684","0.00088","40.07311"
"38.40000","1.32045","1,559.72083","0.00683","0.00087","40.14230"
"38.50000","1.32359","1,562.32898","0.00687","0.00095","40.20942"
"38.60000","1.32710","1,564.65491","0.00691","0.00103","40.26928"
"38.70000","1.33047","1,567.90039","0.00690","0.00100","40.35281"
"38.80000","1.33375","1,570.61475","0.00692","0.00105","40.42267"
"38.90000","1.33712","1,573.49487","0.00695","0.00109","40.49680"
"39.00000","1.34048","1,576.41113","0.00698","0.00098","40.57185"
"39.10000","1.34369","1,578.83630","0.00698","0.00082","40.63427"
"39.20000","1.34698","1,581.49841","0.00701","0.00086","40.70278"
"39.30000","1.35042","1,584.25403","0.00702","0.00066","40.77370"
"39.40000","1.35378","1,586.61694","0.00705","0.00060","40.83451"
"39.50000","1.35700","1,588.94922","0.00706","0.00065","40.89454"
"39.60000","1.36051","1,591.88745","0.00709","0.00059","40.97016"
"39.70000","1.36372","1,595.45862","0.00711","0.00058","41.06207"
"39.80000","1.36694","1,597.86304","0.00713","0.00053","41.12395"
"39.90000","1.37038","1,600.46143","0.00716","0.00050","41.19083"
"40.00000","1.37374","1,602.83240","0.00716","0.00047","41.25185"
"40.10000","1.37695","1,604.96118","0.00716","0.00049","41.30664"
"40.20000","1.38039","1,607.74866","0.00718","0.00064","41.37838"
"40.30000","1.38390","1,610.66187","0.00720","0.00064","41.45336"
"40.40000","1.38697","1,613.87366","0.00723","0.00062","41.53602"
"40.50000","1.39033","1,616.32092","0.00725","0.00057","41.59900"
"40.60000","1.39377","1,618.82214","0.00725","0.00051","41.66338"
"40.70000","1.39698","1,621.94775","0.00726","0.00048","41.74382"
"40.80000","1.40042","1,624.53113","0.00729","0.00049","41.81031"
"40.90000","1.40386","1,626.14319","0.00732","0.00051","41.85180"
"41.00000","1.40715","1,629.55969","0.00732","0.00054","41.93973"
"41.10000","1.41036","1,631.67249","0.00734","0.00049","41.99410"
"41.20000","1.41365","1,634.95154","0.00733","0.00059","42.07850"
"41.30000","1.41709","1,637.35034","0.00738","0.00073","42.14023"
"41.40000","1.42030","1,639.49451","0.00738","0.00077","42.19542"
"41.50000","1.42366","1,642.44214","0.00739","0.00089","42.27128"
"41.60000","1.42718","1,644.90552","0.00741","0.00092","42.33468"
"41.70000","1.43031","1,647.14160","0.00742","0.00098","42.39223"
"41.80000","1.43375","1,650.01355","0.00744","0.00100","42.46614"
"41.90000","1.43712","1,652.87891","0.00746","0.00101","42.53989"
"42.00000","1.44033","1,655.52185","0.00748","0.00101","42.60791"
"42.10000","1.44369","1,657.42358","0.00749","0.00097","42.65686"
"42.20000","1.44713","1,660.58801","0.00752","0.00092","42.73830"
"42.30000","1.45042","1,662.81140","0.00754","0.00085","42.79552"
"42.40000","1.45378","1,666.40356","0.00755","0.00065","42.88797"
"42.50000","1.45715","1,668.39441","0.00758","0.00056","42.93921"
"42.60000","1.46051","1,670.82922","0.00760","0.00060","43.00187"
"42.70000","1.46357","1,673.41602","0.00764","0.00061","43.06845"
"42.80000","1.46709","1,675.97900","0.00764","0.00056","43.13441"
"42.90000","1.47052","1,679.60168","0.00767","0.00059","43.22765"
"43.00000","1.47359","1,680.93176","0.00771","0.00048","43.26188"
"43.10000","1.47710","1,683.68237","0.00772","0.00051","43.33267"
"43.20000","1.48054","1,686.94519","0.00774","0.00051","43.41665"
"43.30000","1.48360","1,689.24390","0.00778","0.00055","43.47581"
"43.40000","1.48704","1,691.75269","0.00779","0.00062","43.54038"
"43.50000","1.49040","1,694.33435","0.00778","0.00059","43.60682"
"43.60000","1.49369","1,696.16003","0.00781","0.00049","43.65381"
"43.70000","1.49705","1,699.25134","0.00783","0.00052","43.73337"
"43.80000","1.50042","1,702.38037","0.00785","0.00048","43.81390"
"43.90000","1.50378","1,704.75659","0.00787","0.00046","43.87506"
"44.00000","1.50692","1,707.18579","0.00786","0.00048","43.93758"
"44.10000","1.51036","1,709.22095","0.00789","0.00046","43.98996"
"44.20000","1.51380","1,712.19373","0.00790","0.00047","44.06647"
"44.30000","1.51686","1,714.16174","0.00791","0.00058","44.11712"
"44.40000","1.52045","1,716.90002","0.00793","0.00070","44.18759"
"44.50000","1.52389","1,720.06213","0.00797","0.00085","44.26897"
"44.60000","1.52702","1,721.96826","0.00796","0.00092","44.31803"
"44.70000","1.53046","1,724.37354","0.00798","0.00093","44.37994"
"44.80000","1.53375","1,727.21204","0.00799","0.00098","44.45299"
"44.90000","1.53696","1,729.31482","0.00798","0.00094","44.50711"
"45.00000","1.54040","1,731.54492","0.00801","0.00096","44.56451"
"45.10000","1.54377","1,734.25281","0.00803","0.00101","44.63420"
"45.20000","1.54713","1,736.80127","0.00804","0.00102","44.69979"
"45.30000","1.55034","1,739.28333","0.00807","0.00095","44.76367"
"45.40000","1.55378","1,742.10168","0.00808","0.00082","44.83620"
"45.50000","1.55714","1,743.96228","0.00811","0.00054","44.88409"
"45.60000","1.56028","1,746.30811","0.00813","0.00063","44.94446"
"45.70000","1.56372","1,749.02393","0.00815","0.00058","45.01436"
"45.80000","1.56708","1,751.45679","0.00819","0.00061","45.07697"
"45.90000","1.57037","1,754.18652","0.00820","0.00054","45.14723"
"46.00000","1.57381","1,756.59656","0.00822","0.00053","45.20926"
"46.10000","1.57710","1,759.52441","0.00824","0.00049","45.28461"
"46.20000","1.58031","1,761.86658","0.00828","0.00056","45.34489"
"46.30000","1.58367","1,763.65955","0.00830","0.00053","45.39103"
"46.40000","1.58704","1,766.02783","0.00832","0.00054","45.45198"
"46.50000","1.59040","1,769.32751","0.00832","0.00057","45.53691"
"46.60000","1.59369","1,770.45935","0.00836","0.00050","45.56604"
"46.70000","1.59713","1,773.13647","0.00838","0.00051","45.63494"
"46.80000","1.60049","1,775.59180","0.00839","0.00045","45.69813"
"46.90000","1.60355","1,778.08875","0.00841","0.00043","45.76240"
"47.00000","1.60707","1,780.39014","0.00842","0.00044","45.82162"
"47.10000","1.61043","1,782.73315","0.00844","0.00040","45.88193"
"47.20000","1.61364","1,785.27515","0.00845","0.00040","45.94735"
"47.30000","1.61716","1,787.21753","0.00849","0.00044","45.99734"
"47.40000","1.62052","1,790.21838","0.00849","0.00047","46.07457"
"47.50000","1.62373","1,792.09473","0.00849","0.00062","46.12287"
"47.60000","1.62702","1,794.46167","0.00853","0.00065","46.18378"
"47.70000","1.63039","1,796.91357","0.00851","0.00085","46.24689"
"47.80000","1.63367","1,799.40393","0.00852","0.00092","46.31098"
"47.90000","1.63696","1,801.64868","0.00857","0.00092","46.36876"
"48.00000","1.64047","1,803.71826","0.00858","0.00091","46.42202"
"48.10000","1.64376","1,806.19763","0.00854","0.00100","46.48583"
"48.20000","1.64698","1,808.47791","0.00858","0.00099","46.54452"
"48.30000","1.65049","1,810.87549","0.00860","0.00096","46.60622"
"48.40000","1.65370","1,813.97461","0.00861","0.00093","46.68599"
"48.50000","1.65692","1,815.44629","0.00862","0.00085","46.72386"
"48.60000","1.66035","1,818.06482","0.00864","0.00065","46.79126"
"48.70000","1.66379","1,820.93274","0.00866","0.00063","46.86507"
"48.80000","1.66708","1,823.16272","0.00870","0.00060","46.92246"
"48.90000","1.67044","1,825.84668","0.00871","0.00057","46.99154"
"49.00000","1.67388","1,827.74402","0.00874","0.00052","47.04037"
"49.10000","1.67702","1,830.67224","0.00876","0.00051","47.11573"
"49.20000","1.68031","1,832.65417","0.00878","0.00044","47.16674"
"49.30000","1.68375","1,835.16895","0.00880","0.00045","47.23146"
"49.40000","1.68704","1,836.71436","0.00882","0.00047","47.27123"
"49.50000","1.69040","1,839.44482","0.00886","0.00049","47.34151"
"49.60000","1.69384","1,842.32275","0.00888","0.00061","47.41558"
"49.70000","1.69713","1,843.49158","0.00890","0.00038","47.44566"
"49.80000","1.70026","1,845.89551","0.00894","0.00036","47.50753"
"49.90000","1.70370","1,849.18701","0.00895","0.00035","47.59224"
"50.00000","1.70707","1,850.85120","0.00896","0.00034","47.63507"
"50.10000","1.71028","1,853.96863","0.00897","0.00036","47.71531"
"50.20000","1.71372","1,856.17139","0.00899","0.00036","47.77200"
"50.30000","1.71723","1,858.62915","0.00902","0.00031","47.83525"
"50.40000","1.72029","1,860.58472","0.00902","0.00034","47.88558"
"50.50000","1.72373","1,862.93652","0.00902","0.00037","47.94611"
"50.60000","1.72709","1,865.22534","0.00905","0.00065","48.00502"
"50.70000","1.73031","1,867.76367","0.00908","0.00071","48.07035"
"50.80000","1.73375","1,870.31775","0.00907","0.00070","48.13608"
"50.90000","1.73718","1,873.39246","0.00909","0.00077","48.21521"
"51.00000","1.74047","1,875.28455","0.00911","0.00083","48.26391"
"51.10000","1.74369","1,877.21777","0.00910","0.00082","48.31366"
"51.20000","1.74705","1,879.77979","0.00911","0.00086","48.37960"
"51.30000","1.75049","1,882.74084","0.00915","0.00088","48.45581"
"51.40000","1.75363","1,884.70776","0.00914","0.00089","48.50643"
"51.50000","1.75706","1,886.19177","0.00917","0.00085","48.54463"
"51.60000","1.76058","1,888.88757","0.00919","0.00073","48.61401"
"51.70000","1.76364","1,891.13306","0.00918","0.00047","48.67180"
"51.80000","1.76715","1,893.64124","0.00920","0.00047","48.73635"
"51.90000","1.77052","1,896.35791","0.00924","0.00045","48.80627"
"52.00000","1.77358","1,898.07080","0.00926","0.00045","48.85036"
"52.10000","1.77709","1,900.83496","0.00927","0.00048","48.92150"
"52.20000","1.78038","1,902.96826","0.00929","0.00044","48.97640"
"52.30000","1.78375","1,905.71606","0.00932","0.00040","49.04712"
"52.40000","1.78703","1,907.26477","0.00934","0.00049","49.08698"
"52.50000","1.79040","1,909.32532","0.00936","0.00041","49.14001"
"52.60000","1.79383","1,911.64575","0.00938","0.00048","49.19973"
"52.70000","1.79690","1,914.35559","0.00941","0.00056","49.26947"
"52.80000","1.80034","1,915.92944","0.00946","0.00027","49.30998"
"52.90000","1.80377","1,918.18042","0.00947","0.00026","49.36791"
"53.00000","1.80691","1,921.54309","0.00947","0.00026","49.45446"
"53.10000","1.81050","1,922.98157","0.00951","0.00033","49.49148"
"53.20000","1.81386","1,925.73645","0.00953","0.00030","49.56238"
"53.30000","1.81700","1,926.78967","0.00953","0.00027","49.58949"
"53.40000","1.82044","1,930.15637","0.00958","0.00027","49.67614"
"53.50000","1.82373","1,932.09326","0.00957","0.00028","49.72599"
"53.60000","1.82702","1,934.38416","0.00960","0.00031","49.78495"
"53.70000","1.83038","1,936.87207","0.00961","0.00050","49.84898"
"53.80000","1.83374","1,939.43530","0.00963","0.00061","49.91495"
"53.90000","1.83718","1,941.21631","0.00963","0.00068","49.96078"
"54.00000","1.84032","1,943.38782","0.00964","0.00071","50.01667"
"54.10000","1.84368","1,945.78064","0.00965","0.00080","50.07825"
"54.20000","1.84705","1,947.46350","0.00966","0.00078","50.12157"
"54.30000","1.85026","1,950.26233","0.00968","0.00079","50.19360"
"54.40000","1.85377","1,953.01013","0.00969","0.00077","50.26432"
"54.50000","1.85714","1,955.02380","0.00972","0.00082","50.31615"
"54.60000","1.86035","1,957.10547","0.00972","0.00084","50.36972"
"54.70000","1.86379","1,958.71411","0.00974","0.00073","50.41112"
"54.80000","1.86708","1,961.92151","0.00976","0.00059","50.49367"
"54.90000","1.87037","1,963.93115","0.00976","0.00042","50.54539"
"55.00000","1.87365","1,966.25110","0.00977","0.00043","50.60510"
"55.10000","1.87702","1,968.40356","0.00981","0.00045","50.66050"
"55.20000","1.88045","1,970.57385","0.00982","0.00040","50.71635"
"55.30000","1.88367","1,972.57361","0.00984","0.00040","50.76782"
"55.40000","1.88711","1,975.01501","0.00986","0.00039","50.83066"
"55.50000","1.89047","1,977.30115","0.00988","0.00036","50.88950"
"55.60000","1.89353","1,978.43091","0.00992","0.00039","50.91857"
"55.70000","1.89712","1,981.41821","0.00992","0.00038","50.99546"
"55.80000","1.90048","1,983.27954","0.00994","0.00036","51.04336"
"55.90000","1.90370","1,985.52026","0.00999","0.00028","51.10103"
"56.00000","1.90714","1,988.38147","0.01001","0.00023","51.17467"
"56.10000","1.91042","1,989.28699","0.01003","0.00020","51.19797"
"56.20000","1.91371","1,992.18445","0.01011","0.00018","51.27254"
"56.30000","1.91700","1,994.39636","0.01012","0.00019","51.32947"
"56.40000","1.92029","1,996.15417","0.01015","0.00022","51.37471"
"56.50000","1.92373","1,998.62463","0.01011","0.00022","51.43829"
"56.60000","1.92694","2,001.00879","0.01011","0.00020","51.49966"
"56.70000","1.93045","2,003.54163","0.01014","0.00035","51.56484"
"56.80000","1.93382","2,005.48840","0.01016","0.00053","51.61494"
"56.90000","1.93688","2,007.09961","0.01016","0.00057","51.65641"
"57.00000","1.94039","2,010.36218","0.01019","0.00068","51.74038"
"57.10000","1.94376","2,012.86414","0.01021","0.00067","51.80478"
"57.20000","1.94690","2,014.24365","0.01020","0.00079","51.84028"
"57.30000","1.95041","2,016.26172","0.01023","0.00075","51.89222"
"57.40000","1.95377","2,019.06787","0.01025","0.00077","51.96444"
"57.50000","1.95706","2,020.59106","0.01025","0.00077","52.00364"
"57.60000","1.96035","2,023.06885","0.01026","0.00081","52.06741"
"57.70000","1.96379","2,024.66248","0.01029","0.00079","52.10843"
"57.80000","1.96700","2,027.15698","0.01028","0.00076","52.17263"
"57.90000","1.97029","2,029.24780","0.01029","0.00058","52.22644"
"58.00000","1.97380","2,031.56140","0.01030","0.00051","52.28598"
"58.10000","1.97709","2,033.83545","0.01032","0.00042","52.34451"
"58.20000","1.98030","2,035.59851","0.01033","0.00040","52.38988"
"58.30000","1.98382","2,038.11841","0.01036","0.00045","52.45474"
"58.40000","1.98710","2,039.83228","0.01040","0.00037","52.49885"
"58.50000","1.99032","2,042.55859","0.01045","0.00034","52.56902"
"58.60000","1.99368","2,044.03247","0.01044","0.00041","52.60695"
"58.70000","1.99712","2,045.24512","0.01045","0.00036","52.63816"
"58.80000","2.00033","2,048.31030","0.01046","0.00039","52.71704"
"58.90000","2.00370","2,049.36157","0.01050","0.00046","52.74410"
"59.00000","2.00713","2,052.55737","0.01053","0.00037","52.82635"
"59.10000","2.01035","2,054.98413","0.01056","0.00016","52.88881"
"59.20000","2.01356","2,056.57251","0.01061","0.00018","52.92969"
"59.30000","2.01707","2,058.46924","0.01063","0.00025","52.97850"
"59.40000","2.02036","2,060.52881","0.01062","0.00022","53.03151"
"59.50000","2.02373","2,063.42407","0.01070","0.00017","53.10603"
"59.60000","2.02716","2,065.85571","0.01063","0.00024","53.16861"
"59.70000","2.03045","2,067.00049","0.01068","0.00026","53.19807"
"59.80000","2.03359","2,070.11572","0.01069","0.00025","53.27825"
"59.90000","2.03703","2,071.64502","0.01069","0.00047","53.31761"
"60.00000","2.04039","2,073.51465","0.01075","0.00054","53.36573"
"60.10000","2.04361","2,075.20972","0.01071","0.00060","53.40935"
"60.20000","2.04712","2,078.09033","0.01073","0.00061","53.48349"
"60.30000","2.05056","2,079.87793","0.01077","0.00073","53.52950"
"60.40000","2.05369","2,082.22632","0.01077","0.00068","53.58994"
"60.50000","2.05706","2,084.09448","0.01078","0.00073","53.63802"
"60.60000","2.06042","2,087.12769","0.01080","0.00070","53.71608"
"60.70000","2.06364","2,088.60083","0.01082","0.00074","53.75400"
"60.80000","2.06707","2,091.01611","0.01085","0.00079","53.81616"
"60.90000","2.07044","2,093.23560","0.01087","0.00067","53.87328"
"61.00000","2.07372","2,094.41382","0.01088","0.00071","53.90361"
"61.10000","2.07701","2,097.20459","0.01085","0.00040","53.97543"
"61.20000","2.08038","2,099.05396","0.01089","0.00036","54.02303"
"61.30000","2.08381","2,101.18628","0.01092","0.00039","54.07791"
"61.40000","2.08695","2,104.26636","0.01097","0.00040","54.15718"
"61.50000","2.09039","2,105.78174","0.01097","0.00045","54.19618"
"61.60000","2.09383","2,107.44507","0.01098","0.00037","54.23899"
"61.70000","2.09697","2,108.69678","0.01098","0.00036","54.27121"
"61.80000","2.10041","2,112.32422","0.01102","0.00039","54.36456"
"61.90000","2.10377","2,114.41870","0.01104","0.00038","54.41847"
"62.00000","2.10698","2,116.57251","0.01105","0.00041","54.47390"
"62.10000","2.11042","2,118.09546","0.01109","0.00043","54.51310"
"62.20000","2.11371","2,120.31274","0.01110","0.00019","54.57016"
"62.30000","2.11707","2,122.42725","0.01111","0.00021","54.62458"
"62.40000","2.12036","2,124.76733","0.01114","0.00021","54.68481"
"62.50000","2.12380","2,126.96094","0.01114","0.00015","54.74126"
"62.60000","2.12716","2,128.79590","0.01117","0.00024","54.78849"
"62.70000","2.13030","2,130.29370","0.01121","0.00023","54.82704"
"62.80000","2.13366","2,132.58081","0.01123","0.00024","54.88590"
"62.90000","2.13710","2,134.36401","0.01119","0.00034","54.93180"
"63.00000","2.14032","2,136.99658","0.01126","0.00049","54.99955"
"63.10000","2.14375","2,139.42725","0.01122","0.00058","55.06211"
"63.20000","2.14712","2,141.39990","0.01128","0.00065","55.11288"
"63.30000","2.15033","2,143.24121","0.01130","0.00067","55.16027"
"63.40000","2.15369","2,145.49902","0.01133","0.00069","55.21838"
"63.50000","2.15698","2,147.28833","0.01135","0.00082","55.26443"
"63.60000","2.16034","2,148.95557","0.01138","0.00079","55.30734"
"63.70000","2.16363","2,151.82837","0.01139","0.00078","55.38128"
"63.80000","2.16707","2,154.06372","0.01141","0.00074","55.43880"
"63.90000","2.17058","2,156.71777","0.01144","0.00078","55.50711"
"64.00000","2.17365","2,158.19507","0.01143","0.00077","55.54514"
"64.10000","2.17709","2,159.71362","0.01146","0.00066","55.58422"
"64.20000","2.18052","2,162.15503","0.01148","0.00049","55.64705"
"64.30000","2.18359","2,164.25146","0.01147","0.00048","55.70101"
"64.40000","2.18710","2,166.77441","0.01147","0.00048","55.76594"
"64.50000","2.19054","2,168.78516","0.01148","0.00043","55.81769"
"64.60000","2.19368","2,170.41016","0.01152","0.00037","55.85951"
"64.70000","2.19719","2,172.58960","0.01155","0.00044","55.91560"
"64.80000","2.20040","2,175.01270","0.01155","0.00045","55.97797"
"64.90000","2.20377","2,176.70801","0.01157","0.00042","56.02160"
"65.00000","2.20698","2,178.38013","0.01158","0.00042","56.06463"
"65.10000","2.21034","2,180.57642","0.01160","0.00042","56.12116"
"65.20000","2.21386","2,183.43115","0.01161","0.00043","56.19463"
"65.30000","2.21700","2,185.04126","0.01162","0.00044","56.23607"
"65.40000","2.22043","2,188.05347","0.01163","0.00015","56.31359"
"65.50000","2.22387","2,189.23975","0.01164","0.00015","56.34413"
"65.60000","2.22686","2,192.10083","0.01168","0.00024","56.41776"
"65.70000","2.23045","2,193.29565","0.01171","0.00019","56.44851"
"65.80000","2.23381","2,195.71216","0.01171","0.00022","56.51070"
"65.90000","2.23702","2,197.48218","0.01174","0.00027","56.55626"
"66.00000","2.24046","2,199.64453","0.01174","0.00032","56.61191"
"66.10000","2.24383","2,201.59766","0.01176","0.00053","56.66218"
"66.20000","2.24704","2,204.26099","0.01182","0.00055","56.73072"
"66.30000","2.25033","2,205.24268","0.01184","0.00062","56.75599"
"66.40000","2.25369","2,207.55103","0.01187","0.00068","56.81540"
"66.50000","2.25705","2,209.40698","0.01188","0.00068","56.86317"
"66.60000","2.26027","2,211.17261","0.01187","0.00073","56.90861"
"66.70000","2.26386","2,213.86499","0.01192","0.00076","56.97790"
"66.80000","2.26714","2,215.88232","0.01194","0.00075","57.02982"
"66.90000","2.27028","2,217.28076","0.01197","0.00076","57.06581"
"67.00000","2.27380","2,219.85522","0.01198","0.00075","57.13207"
"67.10000","2.27716","2,221.99634","0.01200","0.00073","57.18718"
"67.20000","2.28030","2,224.21924","0.01201","0.00071","57.24439"
"67.30000","2.28374","2,225.64941","0.01202","0.00052","57.28120"
"67.40000","2.28717","2,227.80469","0.01206","0.00044","57.33667"
"67.50000","2.29046","2,229.37158","0.01205","0.00040","57.37699"
"67.60000","2.29375","2,232.78564","0.01207","0.00041","57.46486"
"67.70000","2.29704","2,234.10400","0.01209","0.00043","57.49879"
"67.80000","2.30033","2,235.93872","0.01209","0.00041","57.54601"
"67.90000","2.30354","2,237.90308","0.01211","0.00037","57.59657"
"68.00000","2.30713","2,239.47900","0.01210","0.00038","57.63713"
"68.10000","2.31042","2,241.89722","0.01212","0.00035","57.69936"
"68.20000","2.31363","2,243.60498","0.01214","0.00039","57.74332"
"68.30000","2.31714","2,245.87476","0.01214","0.00028","57.80173"
"68.40000","2.32043","2,248.01782","0.01216","0.00031","57.85689"
"68.50000","2.32364","2,249.67578","0.01218","0.00030","57.89956"
"68.60000","2.32701","2,251.50781","0.01220","0.00017","57.94671"
"68.70000","2.33045","2,253.48706","0.01221","0.00017","57.99765"
"68.80000","2.33373","2,255.76099","0.01225","0.00018","58.05617"
"68.90000","2.33710","2,257.64990","0.01222","0.00021","58.10479"
"69.00000","2.34054","2,259.30347","0.01226","0.00025","58.14735"
"69.10000","2.34367","2,260.86646","0.01228","0.00039","58.18757"
"69.20000","2.34696","2,263.65601","0.01231","0.00051","58.25937"
"69.30000","2.35048","2,265.84033","0.01235","0.00059","58.31558"
"69.40000","2.35376","2,267.38306","0.01236","0.00063","58.35529"
"69.50000","2.35698","2,269.06958","0.01237","0.00065","58.39869"
"69.60000","2.36049","2,272.14941","0.01240","0.00065","58.47796"
"69.70000","2.36378","2,274.13892","0.01244","0.00064","58.52916"
"69.80000","2.36699","2,275.74243","0.01246","0.00069","58.57043"
"69.90000","2.37036","2,277.08472","0.01247","0.00072","58.60498"
"70.00000","2.37372","2,279.46240","0.01249","0.00076","58.66617"
"70.10000","2.37693","2,281.32764","0.01252","0.00072","58.71418"
"70.20000","2.38037","2,283.75464","0.01254","0.00071","58.77664"
"70.30000","2.38381","2,285.66016","0.01255","0.00069","58.82568"
"70.40000","2.38702","2,288.21729","0.01257","0.00054","58.89149"
"70.50000","2.39038","2,289.21631","0.01260","0.00050","58.91721"
"70.60000","2.39375","2,291.91992","0.01260","0.00038","58.98679"
"70.70000","2.39696","2,294.70703","0.01261","0.00033","59.05852"
"70.80000","2.40032","2,295.64966","0.01263","0.00038","59.08278"
"70.90000","2.40376","2,297.52686","0.01263","0.00043","59.13110"
"71.00000","2.40713","2,299.69141","0.01264","0.00039","59.18680"
"71.10000","2.41041","2,302.43311","0.01265","0.00044","59.25737"
"71.20000","2.41378","2,304.04614","0.01266","0.00044","59.29888"
"71.30000","2.41714","2,305.26636","0.01267","0.00045","59.33028"
"71.40000","2.42028","2,307.19775","0.01268","0.00037","59.37999"
"71.50000","2.42372","2,309.38721","0.01270","0.00035","59.43634"
"71.60000","2.42716","2,311.82031","0.01272","0.00027","59.49896"
"71.70000","2.43029","2,313.18091","0.01273","0.00028","59.53398"
"71.80000","2.43373","2,314.90967","0.01274","0.00018","59.57847"
"71.90000","2.43717","2,317.38770","0.01278","0.00018","59.64225"
"72.00000","2.44031","2,319.47656","0.01278","0.00022","59.69601"
"72.10000","2.44375","2,320.96582","0.01283","0.00021","59.73434"
"72.20000","2.44704","2,323.44800","0.01283","0.00040","59.79822"
"72.30000","2.45040","2,325.16309","0.01286","0.00051","59.84237"
"72.40000","2.45361","2,327.11377","0.01288","0.00055","59.89257"
"72.50000","2.45705","2,329.45166","0.01288","0.00068","59.95274"
"72.60000","2.46049","2,330.96973","0.01291","0.00066","59.99181"
"72.70000","2.46363","2,333.40308","0.01295","0.00068","60.05444"
"72.80000","2.46706","2,334.70776","0.01297","0.00066","60.08801"
"72.90000","2.47050","2,336.87695","0.01298","0.00071","60.14384"
"73.00000","2.47364","2,338.27295","0.01302","0.00069","60.17977"
"73.10000","2.47708","2,340.16895","0.01303","0.00078","60.22857"
"73.20000","2.48052","2,342.87036","0.01306","0.00073","60.29809"
"73.30000","2.48373","2,345.10742","0.01308","0.00071","60.35567"
"73.40000","2.48709","2,346.37280","0.01309","0.00069","60.38824"
"73.50000","2.49038","2,348.24463","0.01311","0.00058","60.43641"
"73.60000","2.49375","2,350.98975","0.01310","0.00038","60.50706"
"73.70000","2.49696","2,353.34326","0.01314","0.00046","60.56763"
"73.80000","2.50032","2,354.53687","0.01316","0.00040","60.59835"
"73.90000","2.50384","2,356.77466","0.01317","0.00038","60.65594"
"74.00000","2.50697","2,359.05688","0.01318","0.00037","60.71468"
"74.10000","2.51041","2,360.55835","0.01320","0.00048","60.75333"
"74.20000","2.51378","2,362.06714","0.01321","0.00042","60.79216"
"74.30000","2.51684","2,364.59229","0.01324","0.00041","60.85715"
"74.40000","2.52043","2,365.97095","0.01323","0.00040","60.89263"
"74.50000","2.52379","2,368.50317","0.01325","0.00045","60.95780"
"74.60000","2.52700","2,370.90308","0.01328","0.00036","61.01957"
"74.70000","2.53044","2,372.53760","0.01328","0.00039","61.06163"
"74.80000","2.53373","2,373.66699","0.01329","0.00032","61.09070"
"74.90000","2.53702","2,376.45068","0.01329","0.00027","61.16235"
"75.00000","2.54031","2,377.68726","0.01331","0.00022","61.19417"
"75.10000","2.54367","2,379.80151","0.01333","0.00025","61.24858"
"75.20000","2.54718","2,382.45825","0.01336","0.00024","61.31696"
"75.30000","2.55032","2,384.09985","0.01337","0.00033","61.35921"
"75.40000","2.55383","2,386.40796","0.01338","0.00057","61.41861"
"75.50000","2.55720","2,387.77783","0.01342","0.00069","61.45387"
"75.60000","2.56026","2,389.50635","0.01342","0.00069","61.49836"
"75.70000","2.56377","2,391.70703","0.01344","0.00069","61.55500"
"75.80000","2.56706","2,393.39478","0.01345","0.00075","61.59843"
"75.90000","2.57035","2,395.14038","0.01349","0.00073","61.64336"
"76.00000","2.57371","2,397.75562","0.01351","0.00075","61.71067"
"76.10000","2.57715","2,399.61255","0.01352","0.00079","61.75846"
"76.20000","2.58044","2,401.46265","0.01357","0.00082","61.80607"
"76.30000","2.58365","2,402.58936","0.01359","0.00080","61.83507"
"76.40000","2.58702","2,404.28564","0.01359","0.00084","61.87873"
"76.50000","2.59038","2,407.51782","0.01362","0.00080","61.96191"
"76.60000","2.59359","2,408.63574","0.01363","0.00077","61.99069"
"76.70000","2.59711","2,410.72339","0.01367","0.00065","62.04441"
"76.80000","2.60047","2,412.58179","0.01370","0.00061","62.09225"
"76.90000","2.60368","2,413.65234","0.01377","0.00052","62.11980"
"77.00000","2.60712","2,416.40381","0.01371","0.00045","62.19061"
"77.10000","2.61041","2,418.07275","0.01376","0.00046","62.23357"
"77.20000","2.61362","2,419.29150","0.01383","0.00053","62.26493"
"77.30000","2.61706","2,421.98511","0.01383","0.00056","62.33426"
"77.40000","2.62050","2,423.59497","0.01376","0.00051","62.37569"
"77.50000","2.62371","2,426.46045","0.01378","0.00047","62.44944"
"77.60000","2.62708","2,427.64966","0.01382","0.00055","62.48005"
"77.70000","2.63044","2,429.23315","0.01381","0.00046","62.52080"
"77.80000","2.63373","2,431.64697","0.01384","0.00047","62.58292"
"77.90000","2.63694","2,432.77417","0.01384","0.00039","62.61193"
"78.00000","2.64045","2,434.30981","0.01384","0.00038","62.65145"
"78.10000","2.64374","2,436.97827","0.01386","0.00030","62.72013"
"78.20000","2.64696","2,438.93872","0.01388","0.00028","62.77059"
"78.30000","2.65047","2,441.30103","0.01389","0.00031","62.83139"
"78.40000","2.65376","2,442.48315","0.01393","0.00046","62.86181"
"78.50000","2.65690","2,444.12378","0.01393","0.00058","62.90404"
"78.60000","2.66033","2,446.48828","0.01395","0.00068","62.96489"
"78.70000","2.66370","2,448.02881","0.01395","0.00069","63.00454"
"78.80000","2.66699","2,450.55640","0.01397","0.00071","63.06959"
"78.90000","2.67035","2,451.59790","0.01399","0.00076","63.09640"
"79.00000","2.67386","2,454.18555","0.01408","0.00082","63.16299"
"79.10000","2.67708","2,456.01318","0.01401","0.00080","63.21003"
"79.20000","2.68029","2,457.67017","0.01406","0.00083","63.25268"
"79.30000","2.68373","2,460.04175","0.01410","0.00082","63.31372"
"79.40000","2.68702","2,460.89111","0.01412","0.00081","63.33558"
"79.50000","2.69038","2,463.84155","0.01414","0.00085","63.41151"
"79.60000","2.69382","2,465.10498","0.01416","0.00080","63.44403"
"79.70000","2.69718","2,466.84766","0.01420","0.00073","63.48888"
"79.80000","2.70039","2,468.54565","0.01421","0.00075","63.53258"
"79.90000","2.70376","2,470.73633","0.01422","0.00059","63.58896"
"80.00000","2.70712","2,473.31860","0.01423","0.00050","63.65542"
"80.10000","2.71026","2,474.42920","0.01433","0.00048","63.68400"
"80.20000","2.71370","2,476.18750","0.01428","0.00042","63.72926"
"80.30000","2.71713","2,478.33398","0.01430","0.00047","63.78450"
"80.40000","2.72042","2,480.15479","0.01438","0.00058","63.83136"
"80.50000","2.72371","2,482.75171","0.01437","0.00051","63.89820"
"80.60000","2.72707","2,483.78125","0.01438","0.00053","63.92469"
"80.70000","2.73029","2,485.52466","0.01438","0.00054","63.96957"
"80.80000","2.73365","2,488.19507","0.01435","0.00054","64.03829"
"80.90000","2.73701","2,489.95093","0.01441","0.00049","64.08348"
"81.00000","2.74045","2,492.52051","0.01445","0.00042","64.14961"
"81.10000","2.74367","2,493.97729","0.01444","0.00043","64.18711"
"81.20000","2.74703","2,495.74194","0.01448","0.00034","64.23253"
"81.30000","2.75047","2,497.83325","0.01445","0.00035","64.28635"
"81.40000","2.75361","2,499.50635","0.01444","0.00032","64.32941"
"81.50000","2.75704","2,500.72070","0.01445","0.00043","64.36066"
"81.60000","2.76048","2,503.69141","0.01450","0.00059","64.43712"
"81.70000","2.76370","2,505.16870","0.01456","0.00076","64.47514"
"81.80000","2.76713","2,507.86499","0.01452","0.00076","64.54453"
"81.90000","2.77050","2,509.26831","0.01452","0.00081","64.58065"
"82.00000","2.77371","2,510.70630","0.01455","0.00077","64.61766"
"82.10000","2.77700","2,512.93188","0.01457","0.00079","64.67494"
"82.20000","2.78036","2,514.93408","0.01461","0.00088","64.72647"
"82.30000","2.78373","2,517.23999","0.01459","0.00081","64.78582"
"82.40000","2.78701","2,518.28760","0.01463","0.00090","64.81278"
"82.50000","2.79038","2,520.62646","0.01463","0.00081","64.87298"
"82.60000","2.79389","2,522.69287","0.01466","0.00092","64.92616"
"82.70000","2.79695","2,524.67725","0.01472","0.00091","64.97723"
"82.80000","2.80039","2,526.40186","0.01480","0.00084","65.02161"
"82.90000","2.80375","2,527.93799","0.01478","0.00078","65.06115"
"83.00000","2.80689","2,529.32935","0.01483","0.00072","65.09696"
"83.10000","2.81041","2,531.58130","0.01480","0.00056","65.15491"
"83.20000","2.81384","2,532.95874","0.01482","0.00054","65.19037"
"83.30000","2.81706","2,535.52881","0.01490","0.00054","65.25652"
"83.40000","2.82042","2,537.69531","0.01492","0.00055","65.31227"
"83.50000","2.82371","2,539.20972","0.01495","0.00059","65.35125"
"83.60000","2.82707","2,540.61523","0.01492","0.00060","65.38742"
"83.70000","2.83029","2,542.62451","0.01494","0.00064","65.43913"
"83.80000","2.83372","2,544.74316","0.01496","0.00058","65.49366"
"83.90000","2.83724","2,546.37134","0.01493","0.00056","65.53557"
"84.00000","2.84030","2,548.95728","0.01498","0.00050","65.60212"
"84.10000","2.84381","2,550.63647","0.01498","0.00047","65.64534"
"84.20000","2.84718","2,552.28979","0.01496","0.00040","65.68789"
"84.30000","2.85024","2,553.90625","0.01502","0.00036","65.72949"
"84.40000","2.85375","2,555.80469","0.01505","0.00042","65.77835"
"84.50000","2.85719","2,558.05713","0.01505","0.00044","65.83632"
"84.60000","2.86040","2,559.64062","0.01505","0.00048","65.87708"
"84.70000","2.86377","2,561.52197","0.01502","0.00064","65.92550"
"84.80000","2.86713","2,563.88330","0.01508","0.00071","65.98627"
"84.90000","2.87042","2,565.21973","0.01510","0.00079","66.02067"
"85.00000","2.87363","2,566.72168","0.01513","0.00082","66.05932"
"85.10000","2.87707","2,568.89575","0.01509","0.00079","66.11527"
"85.20000","2.88043","2,571.08740","0.01509","0.00084","66.17168"
"85.30000","2.88357","2,573.05127","0.01516","0.00089","66.22222"
"85.40000","2.88716","2,574.24976","0.01521","0.00090","66.25307"
"85.50000","2.89052","2,577.42480","0.01524","0.00091","66.33479"
"85.60000","2.89359","2,579.02295","0.01525","0.00090","66.37592"
"85.70000","2.89710","2,580.08472","0.01522","0.00094","66.40324"
"85.80000","2.90039","2,581.87695","0.01527","0.00099","66.44937"
"85.90000","2.90360","2,583.57788","0.01532","0.00090","66.49315"
"86.00000","2.90712","2,586.13574","0.01530","0.00082","66.55898"
"86.10000","2.91048","2,587.91064","0.01535","0.00077","66.60466"
"86.20000","2.91377","2,589.75732","0.01538","0.00073","66.65218"
"86.30000","2.91706","2,590.80469","0.01538","0.00051","66.67914"
"86.40000","2.92042","2,593.17822","0.01541","0.00061","66.74023"
"86.50000","2.92371","2,595.56128","0.01543","0.00056","66.80156"
"86.60000","2.92692","2,596.95801","0.01543","0.00058","66.83751"
"86.70000","2.93051","2,598.90698","0.01547","0.00065","66.88766"
"86.80000","2.93380","2,600.87646","0.01550","0.00060","66.93835"
"86.90000","2.93694","2,602.06519","0.01550","0.00064","66.96895"
"87.00000","2.94045","2,604.68164","0.01554","0.00061","67.03629"
"87.10000","2.94374","2,606.42749","0.01554","0.00048","67.08122"
"87.20000","2.94688","2,607.80518","0.01556","0.00051","67.11668"
"87.30000","2.95039","2,608.83521","0.01556","0.00048","67.14319"
"87.40000","2.95375","2,611.69312","0.01557","0.00041","67.21674"
"87.50000","2.95704","2,613.06958","0.01559","0.00044","67.25217"
"87.60000","2.96040","2,615.48169","0.01564","0.00038","67.31425"
"87.70000","2.96377","2,617.54150","0.01562","0.00042","67.36726"
"87.80000","2.96705","2,619.81421","0.01562","0.00062","67.42576"
"87.90000","2.97019","2,620.40234","0.01558","0.00079","67.44090"
"88.00000","2.97378","2,622.90845","0.01560","0.00074","67.50539"
"88.10000","2.97714","2,624.91309","0.01566","0.00083","67.55698"
"88.20000","2.98036","2,626.64355","0.01565","0.00083","67.60152"
"88.30000","2.98380","2,628.49829","0.01569","0.00095","67.64925"
"88.40000","2.98716","2,630.57568","0.01572","0.00083","67.70272"
"88.50000","2.99030","2,632.11475","0.01573","0.00095","67.74233"
"88.60000","2.99366","2,634.36279","0.01572","0.00092","67.80019"
"88.70000","2.99702","2,635.64185","0.01577","0.00100","67.83311"
"88.80000","3.00031","2,637.55737","0.01579","0.00099","67.88241"
"88.90000","3.00375","2,640.34351","0.01579","0.00094","67.95412"
"89.00000","3.00719","2,641.26172","0.01580","0.00096","67.97775"
"89.10000","3.01040","2,642.97437","0.01587","0.00089","68.02183"
"89.20000","3.01369","2,645.13574","0.01589","0.00085","68.07745"
"89.30000","3.01705","2,647.61377","0.01590","0.00069","68.14123"
"89.40000","3.02034","2,648.25952","0.01592","0.00070","68.15784"
"89.50000","3.02363","2,650.38892","0.01593","0.00056","68.21265"
"89.60000","3.02707","2,651.72485","0.01596","0.00061","68.24703"
"89.70000","3.03043","2,654.38940","0.01601","0.00062","68.31561"
"89.80000","3.03372","2,656.16040","0.01600","0.00070","68.36119"
"89.90000","3.03701","2,658.00098","0.01605","0.00065","68.40856"
"90.00000","3.04045","2,659.72363","0.01603","0.00069","68.45290"
"90.10000","3.04359","2,661.48169","0.01604","0.00065","68.49815"
"90.20000","3.04702","2,663.27515","0.01607","0.00054","68.54430"
"90.30000","3.05046","2,664.99976","0.01607","0.00051","68.58869"
"90.40000","3.05367","2,667.28223","0.01611","0.00045","68.64743"
"90.50000","3.05711","2,668.85522","0.01614","0.00045","68.68791"
"90.60000","3.06048","2,670.54321","0.01612","0.00044","68.73136"
"90.70000","3.06369","2,672.42969","0.01613","0.00045","68.77991"
"90.80000","3.06705","2,674.14526","0.01618","0.00046","68.82407"
"90.90000","3.07034","2,676.54272","0.01616","0.00060","68.88577"
"91.00000","3.07378","2,677.66724","0.01620","0.00064","68.91471"
"91.10000","3.07707","2,679.42676","0.01619","0.00081","68.95999"
"91.20000","3.08036","2,681.86792","0.01625","0.00081","69.02282"
"91.30000","3.08387","2,683.41846","0.01626","0.00090","69.06273"
"91.40000","3.08693","2,685.09229","0.01625","0.00087","69.10580"
"91.50000","3.09037","2,687.31079","0.01629","0.00090","69.16290"
"91.60000","3.09381","2,688.45801","0.01625","0.00095","69.19243"
"91.70000","3.09695","2,690.30347","0.01632","0.00090","69.23993"
"91.80000","3.10046","2,692.55542","0.01628","0.00095","69.29788"
"91.90000","3.10382","2,694.46533","0.01624","0.00093","69.34704"
"92.00000","3.10704","2,696.90112","0.01632","0.00099","69.40973"
"92.10000","3.11040","2,698.10840","0.01633","0.00096","69.44080"
"92.20000","3.11369","2,700.07202","0.01634","0.00088","69.49134"
"92.30000","3.11705","2,701.57300","0.01636","0.00089","69.52997"
"92.40000","3.12027","2,703.81934","0.01640","0.00080","69.58778"
"92.50000","3.12378","2,705.37085","0.01640","0.00068","69.62772"
"92.60000","3.12722","2,707.60107","0.01646","0.00063","69.68511"
"92.70000","3.13035","2,709.07690","0.01646","0.00061","69.72309"
"92.80000","3.13372","2,710.81860","0.01648","0.00062","69.76792"
"92.90000","3.13716","2,712.57446","0.01654","0.00067","69.81311"
"93.00000","3.14030","2,714.14697","0.01654","0.00067","69.85358"
"93.10000","3.14381","2,715.86108","0.01657","0.00071","69.89770"
"93.20000","3.14717","2,718.60449","0.01657","0.00071","69.96831"
"93.30000","3.15038","2,719.77612","0.01660","0.00065","69.99846"
"93.40000","3.15375","2,722.06982","0.01663","0.00060","70.05750"
"93.50000","3.15711","2,724.06348","0.01666","0.00038","70.10880"
"93.60000","3.16040","2,725.00977","0.01669","0.00046","70.13316"
"93.70000","3.16361","2,727.63550","0.01668","0.00050","70.20074"
"93.80000","3.16705","2,728.92529","0.01667","0.00044","70.23393"
"93.90000","3.17049","2,731.69287","0.01672","0.00052","70.30516"
"94.00000","3.17363","2,732.82837","0.01674","0.00048","70.33438"
"94.10000","3.17714","2,733.88892","0.01675","0.00070","70.36168"
"94.20000","3.18050","2,736.05029","0.01674","0.00087","70.41730"
"94.30000","3.18357","2,737.68799","0.01677","0.00089","70.45946"
"94.40000","3.18708","2,739.63574","0.01679","0.00098","70.50958"
"94.50000","3.19044","2,741.40479","0.01678","0.00095","70.55511"
"94.60000","3.19366","2,744.18994","0.01678","0.00097","70.62679"
"94.70000","3.19709","2,744.99780","0.01683","0.00099","70.64758"
"94.80000","3.20046","2,746.48877","0.01680","0.00101","70.68596"
"94.90000","3.20375","2,748.68726","0.01680","0.00100","70.74254"
"95.00000","3.20696","2,749.79272","0.01681","0.00097","70.77099"
"95.10000","3.21040","2,752.09180","0.01682","0.00106","70.83016"
"95.20000","3.21376","2,754.24976","0.01684","0.00104","70.88570"
"95.30000","3.21697","2,755.64355","0.01685","0.00101","70.92157"
"95.40000","3.22049","2,758.21362","0.01688","0.00097","70.98772"
"95.50000","3.22378","2,759.18945","0.01689","0.00088","71.01283"
"95.60000","3.22691","2,760.93359","0.01690","0.00083","71.05772"
"95.70000","3.23043","2,763.53784","0.01693","0.00076","71.12475"
"95.80000","3.23372","2,765.10889","0.01695","0.00065","71.16518"
"95.90000","3.23693","2,765.91797","0.01700","0.00068","71.18600"
"96.00000","3.24037","2,767.83154","0.01704","0.00065","71.23525"
"96.10000","3.24381","2,771.14746","0.01706","0.00073","71.32059"
"96.20000","3.24709","2,772.30005","0.01707","0.00073","71.35026"
"96.30000","3.25038","2,773.71313","0.01706","0.00077","71.38663"
"96.40000","3.25375","2,775.19727","0.01714","0.00070","71.42483"
"96.50000","3.25703","2,777.50024","0.01714","0.00065","71.48409"
"96.60000","3.26025","2,779.67407","0.01717","0.00061","71.54005"
"96.70000","3.26376","2,780.83618","0.01717","0.00056","71.56995"
"96.80000","3.26712","2,782.84595","0.01722","0.00055","71.62167"
"96.90000","3.27034","2,783.72119","0.01725","0.00051","71.64420"
"97.00000","3.27377","2,786.55615","0.01725","0.00053","71.71716"
"97.10000","3.27714","2,788.89551","0.01725","0.00054","71.77737"
"97.20000","3.28028","2,789.86646","0.01727","0.00074","71.80236"
"97.30000","3.28364","2,792.53271","0.01729","0.00081","71.87099"
"97.40000","3.28708","2,794.26196","0.01732","0.00092","71.91549"
"97.50000","3.29037","2,795.57642","0.01731","0.00092","71.94932"
"97.60000","3.29373","2,797.07495","0.01731","0.00097","71.98788"
"97.70000","3.29709","2,798.61206","0.01735","0.00102","72.02745"
"97.80000","3.30038","2,800.57593","0.01734","0.00102","72.07799"
"97.90000","3.30367","2,802.26294","0.01734","0.00101","72.12141"
"98.00000","3.30703","2,803.92480","0.01739","0.00102","72.16418"
"98.10000","3.31040","2,806.14941","0.01738","0.00106","72.22144"
"98.20000","3.31361","2,807.93359","0.01737","0.00104","72.26736"
"98.30000","3.31712","2,809.43042","0.01739","0.00108","72.30588"
"98.40000","3.32049","2,811.74341","0.01736","0.00105","72.36541"
"98.50000","3.32370","2,813.46045","0.01738","0.00101","72.40960"
"98.60000","3.32699","2,815.06812","0.01741","0.00100","72.45097"
"98.70000","3.33043","2,816.24072","0.01741","0.00089","72.48116"
"98.80000","3.33364","2,818.71216","0.01744","0.00083","72.54476"
"98.90000","3.33708","2,820.05176","0.01743","0.00076","72.57924"
"99.00000","3.34051","2,822.17603","0.01748","0.00070","72.63391"
"99.10000","3.34373","2,824.05566","0.01748","0.00068","72.68229"
"99.20000","3.34702","2,825.56812","0.01756","0.00072","72.72121"
"99.30000","3.35038","2,827.14526","0.01758","0.00073","72.76180"
"99.40000","3.35374","2,829.48804","0.01762","0.00075","72.82210"
"99.50000","3.35703","2,830.94824","0.01761","0.00082","72.85968"
"99.60000","3.36039","2,832.99097","0.01762","0.00063","72.91225"
"99.70000","3.36383","2,834.25269","0.01767","0.00046","72.94473"
"99.80000","3.36705","2,835.12891","0.01770","0.00063","72.96728"
"99.90000","3.37041","2,838.25635","0.01768","0.00066","73.04777"
"100.00000","3.37385","2,839.66260","0.01779","0.00058","73.08396"
"100.10000","3.37691","2,841.43994","0.01780","0.00054","73.12970"
"100.20000","3.38035","2,842.20947","0.01779","0.00055","73.14951"
"100.30000","3.38379","2,844.80176","0.01782","0.00079","73.21622"
"100.40000","3.38700","2,846.47388","0.01781","0.00088","73.25926"
"100.50000","3.39036","2,848.43359","0.01782","0.00095","73.30970"
"100.60000","3.39380","2,850.18359","0.01785","0.00098","73.35474"
"100.70000","3.39702","2,852.43481","0.01787","0.00102","73.41267"
"100.80000","3.40030","2,853.79736","0.01788","0.00108","73.44775"
"100.90000","3.40367","2,855.16821","0.01785","0.00112","73.48302"
"101.00000","3.40711","2,857.36768","0.01790","0.00103","73.53963"
"101.10000","3.41032","2,858.43750","0.01792","0.00107","73.56717"
"101.20000","3.41376","2,861.03198","0.01790","0.00106","73.63394"
"101.30000","3.41727","2,862.41406","0.01791","0.00105","73.66951"
"101.40000","3.42033","2,863.23999","0.01792","0.00110","73.69077"
"101.50000","3.42370","2,865.74683","0.01790","0.00111","73.75529"
"101.60000","3.42713","2,866.97827","0.01795","0.00106","73.78698"
"101.70000","3.43027","2,868.14453","0.01797","0.00104","73.81699"
"101.80000","3.43371","2,870.85425","0.01795","0.00096","73.88673"
"101.90000","3.43715","2,872.66382","0.01797","0.00096","73.93330"
"102.00000","3.44044","2,874.47925","0.01795","0.00071","73.98003"
"102.10000","3.44373","2,875.65894","0.01801","0.00073","74.01039"
"102.20000","3.44701","2,877.52368","0.01801","0.00071","74.05838"
"102.30000","3.45038","2,879.32446","0.01803","0.00075","74.10473"
"102.40000","3.45359","2,881.16650","0.01808","0.00085","74.15214"
"102.50000","3.45703","2,883.20850","0.01812","0.00083","74.20469"
"102.60000","3.46054","2,885.19092","0.01813","0.00082","74.25571"
"102.70000","3.46361","2,886.94458","0.01815","0.00080","74.30085"
"102.80000","3.46704","2,888.74878","0.01821","0.00073","74.34728"
"102.90000","3.47041","2,890.56348","0.01819","0.00053","74.39399"
"103.00000","3.47362","2,892.29688","0.01825","0.00059","74.43860"
"103.10000","3.47706","2,893.02710","0.01829","0.00057","74.45739"
"103.20000","3.48050","2,895.50928","0.01830","0.00056","74.52128"
"103.30000","3.48379","2,897.49097","0.01832","0.00056","74.57228"
"103.40000","3.48707","2,898.93237","0.01835","0.00063","74.60938"
"103.50000","3.49044","2,900.35278","0.01829","0.00087","74.64594"
"103.60000","3.49380","2,901.61426","0.01833","0.00095","74.67840"
"103.70000","3.49694","2,904.55103","0.01840","0.00098","74.75398"
"103.80000","3.50038","2,905.50146","0.01841","0.00102","74.77844"
"103.90000","3.50381","2,908.19287","0.01837","0.00110","74.84771"
"104.00000","3.50695","2,909.04443","0.01840","0.00111","74.86963"
"104.10000","3.51047","2,911.37817","0.01843","0.00109","74.92970"
"104.20000","3.51383","2,913.33521","0.01842","0.00110","74.98006"
"104.30000","3.51689","2,914.36304","0.01843","0.00111","75.00652"
"104.40000","3.52041","2,916.63403","0.01844","0.00109","75.06496"
"104.50000","3.52369","2,918.17456","0.01850","0.00110","75.10461"
"104.60000","3.52698","2,920.66553","0.01847","0.00113","75.16872"
"104.70000","3.53042","2,922.48120","0.01848","0.00107","75.21545"
"104.80000","3.53378","2,923.77686","0.01847","0.00109","75.24879"
"104.90000","3.53715","2,926.17188","0.01849","0.00104","75.31043"
"105.00000","3.54029","2,927.37036","0.01851","0.00098","75.34128"
"105.10000","3.54372","2,929.46997","0.01851","0.00102","75.39532"
"105.20000","3.54709","2,930.93652","0.01852","0.00071","75.43306"
"105.30000","3.55023","2,932.58887","0.01857","0.00081","75.47559"
"105.40000","3.55381","2,934.38745","0.01857","0.00079","75.52188"
"105.50000","3.55718","2,936.84497","0.01859","0.00074","75.58513"
"105.60000","3.56032","2,937.89355","0.01859","0.00080","75.61211"
"105.70000","3.56383","2,939.65039","0.01862","0.00080","75.65733"
"105.80000","3.56712","2,941.18701","0.01864","0.00079","75.69688"
"105.90000","3.57033","2,942.61768","0.01865","0.00060","75.73370"
"106.00000","3.57377","2,944.46826","0.01868","0.00051","75.78133"
"106.10000","3.57713","2,946.65527","0.01874","0.00056","75.83762"
"106.20000","3.58042","2,948.67798","0.01873","0.00054","75.88967"
"106.30000","3.58371","2,950.24023","0.01878","0.00064","75.92988"
"106.40000","3.58715","2,952.09473","0.01880","0.00064","75.97761"
"106.50000","3.59036","2,953.91943","0.01882","0.00067","76.02457"
"106.60000","3.59357","2,955.31348","0.01888","0.00086","76.06045"
"106.70000","3.59709","2,956.74878","0.01892","0.00094","76.09739"
"106.80000","3.60045","2,958.62061","0.01891","0.00103","76.14556"
"106.90000","3.60366","2,960.08301","0.01896","0.00103","76.18320"
"107.00000","3.60710","2,962.00073","0.01888","0.00108","76.23256"
"107.10000","3.61046","2,964.34766","0.01893","0.00109","76.29296"
"107.20000","3.61368","2,965.38257","0.01896","0.00113","76.31960"
"107.30000","3.61697","2,968.20459","0.01898","0.00114","76.39223"
"107.40000","3.62040","2,969.35693","0.01898","0.00116","76.42188"
"107.50000","3.62369","2,970.66992","0.01902","0.00113","76.45567"
"107.60000","3.62698","2,972.95630","0.01901","0.00115","76.51452"
"107.70000","3.63049","2,973.94727","0.01901","0.00112","76.54002"
"107.80000","3.63378","2,976.57202","0.01902","0.00113","76.60757"
"107.90000","3.63700","2,977.38428","0.01903","0.00114","76.62848"
"108.00000","3.64043","2,979.37793","0.01905","0.00115","76.67979"
"108.10000","3.64372","2,980.69653","0.01906","0.00109","76.71373"
"108.20000","3.64701","2,982.61255","0.01907","0.00104","76.76304"
"108.30000","3.65045","2,985.57593","0.01909","0.00102","76.83931"
"108.40000","3.65389","2,986.94678","0.01909","0.00084","76.87459"
"108.50000","3.65710","2,988.49976","0.01913","0.00084","76.91456"
"108.60000","3.66039","2,989.99536","0.01917","0.00083","76.95305"
"108.70000","3.66375","2,991.87939","0.01915","0.00093","77.00154"
"108.80000","3.66697","2,993.70068","0.01917","0.00095","77.04842"
"108.90000","3.67033","2,995.90405","0.01917","0.00092","77.10512"
"109.00000","3.67377","2,996.33618","0.01918","0.00091","77.11624"
"109.10000","3.67706","2,999.02832","0.01921","0.00070","77.18553"
"109.20000","3.68034","3,000.34619","0.01922","0.00062","77.21944"
"109.30000","3.68378","3,002.38794","0.01923","0.00076","77.27200"
"109.40000","3.68707","3,003.86670","0.01925","0.00071","77.31005"
"109.50000","3.69028","3,005.24561","0.01926","0.00066","77.34554"
"109.60000","3.69372","3,007.66162","0.01934","0.00075","77.40772"
"109.70000","3.69723","3,008.89478","0.01932","0.00080","77.43946"
"109.80000","3.70037","3,010.07300","0.01933","0.00098","77.46979"
"109.90000","3.70374","3,012.36523","0.01941","0.00103","77.52878"
"110.00000","3.70717","3,014.55957","0.01941","0.00103","77.58526"
"110.10000","3.71031","3,015.36548","0.01942","0.00111","77.60600"
"110.20000","3.71368","3,017.55322","0.01944","0.00108","77.66230"
"110.30000","3.71711","3,019.14966","0.01947","0.00114","77.70339"
"110.40000","3.72040","3,020.70776","0.01953","0.00119","77.74349"
"110.50000","3.72369","3,022.28931","0.01952","0.00123","77.78419"
"110.60000","3.72713","3,024.27515","0.01957","0.00121","77.83530"
"110.70000","3.73042","3,026.39014","0.01957","0.00118","77.88974"
"110.80000","3.73356","3,027.64258","0.01953","0.00119","77.92197"
"110.90000","3.73699","3,029.78076","0.01953","0.00119","77.97700"
"111.00000","3.74043","3,031.15039","0.01954","0.00118","78.01225"
"111.10000","3.74365","3,032.92432","0.01961","0.00120","78.05791"
"111.20000","3.74701","3,034.12036","0.01960","0.00121","78.08869"
"111.30000","3.75052","3,036.44629","0.01960","0.00112","78.14855"
"111.40000","3.75359","3,038.56006","0.01962","0.00105","78.20295"
"111.50000","3.75702","3,039.67578","0.01963","0.00100","78.23167"
"111.60000","3.76046","3,041.62158","0.01965","0.00091","78.28175"
"111.70000","3.76368","3,043.59058","0.01965","0.00084","78.33242"
"111.80000","3.76704","3,045.06787","0.01968","0.00086","78.37045"
"111.90000","3.77048","3,046.92163","0.01969","0.00094","78.41815"
"112.00000","3.77376","3,049.29492","0.01968","0.00083","78.47923"
"112.10000","3.77705","3,049.97974","0.01971","0.00082","78.49686"
"112.20000","3.78042","3,051.39966","0.01973","0.00074","78.53340"
"112.30000","3.78378","3,053.58276","0.01972","0.00066","78.58959"
"112.40000","3.78692","3,055.72461","0.01975","0.00073","78.64471"
"112.50000","3.79036","3,057.44507","0.01976","0.00070","78.68900"
"112.60000","3.79387","3,059.29248","0.01979","0.00071","78.73654"
"112.70000","3.79693","3,060.14355","0.01981","0.00068","78.75845"
"112.80000","3.80045","3,062.46631","0.01982","0.00068","78.81822"
"112.90000","3.80381","3,064.37036","0.01982","0.00093","78.86723"
"113.00000","3.80687","3,065.57764","0.01986","0.00093","78.89830"
"113.10000","3.81039","3,066.86938","0.01989","0.00105","78.93154"
"113.20000","3.81382","3,069.47681","0.01993","0.00112","78.99865"
"113.30000","3.81704","3,070.41528","0.02000","0.00123","79.02280"
"113.40000","3.82033","3,072.75903","0.01998","0.00121","79.08312"
"113.50000","3.82369","3,073.70972","0.02001","0.00118","79.10759"
"113.60000","3.82713","3,076.11987","0.02003","0.00120","79.16962"
"113.70000","3.83027","3,077.48145","0.02007","0.00116","79.20467"
"113.80000","3.83370","3,078.65283","0.02009","0.00121","79.23481"
"113.90000","3.83714","3,080.78687","0.02009","0.00121","79.28973"
"114.00000","3.84028","3,082.41260","0.02010","0.00120","79.33158"
"114.10000","3.84379","3,084.44434","0.02009","0.00125","79.38387"
"114.20000","3.84716","3,085.93018","0.02013","0.00119","79.42211"
"114.30000","3.85030","3,087.44897","0.02016","0.00124","79.46120"
"114.40000","3.85373","3,088.65747","0.02015","0.00118","79.49230"
"114.50000","3.85702","3,090.88525","0.02017","0.00109","79.54964"
"114.60000","3.86038","3,092.78540","0.02016","0.00108","79.59854"
"114.70000","3.86375","3,094.49512","0.02018","0.00096","79.64255"
"114.80000","3.86711","3,096.30957","0.02025","0.00089","79.68924"
"114.90000","3.87047","3,098.40112","0.02022","0.00094","79.74307"
"115.00000","3.87361","3,099.82471","0.02022","0.00100","79.77971"
"115.10000","3.87705","3,101.58765","0.02025","0.00093","79.82508"
"115.20000","3.88041","3,103.53296","0.02027","0.00089","79.87515"
"115.30000","3.88355","3,105.15894","0.02026","0.00070","79.91700"
"115.40000","3.88707","3,106.68530","0.02027","0.00072","79.95628"
"115.50000","3.89050","3,108.74219","0.02029","0.00081","80.00922"
"115.60000","3.89364","3,110.51685","0.02027","0.00073","80.05489"
"115.70000","3.89708","3,112.27441","0.02031","0.00073","80.10013"
"115.80000","3.90037","3,113.34326","0.02031","0.00074","80.12763"
"115.90000","3.90366","3,114.96265","0.02032","0.00078","80.16931"
"116.00000","3.90702","3,117.64209","0.02037","0.00083","80.23827"
"116.10000","3.91038","3,118.86035","0.02037","0.00103","80.26963"
"116.20000","3.91375","3,120.57422","0.02039","0.00107","80.31374"
"116.30000","3.91704","3,121.75488","0.02043","0.00111","80.34412"
"116.40000","3.92047","3,124.84766","0.02046","0.00120","80.42372"
"116.50000","3.92376","3,125.79834","0.02049","0.00118","80.44819"
"116.60000","3.92690","3,126.65894","0.02049","0.00115","80.47034"
"116.70000","3.93041","3,129.07202","0.02053","0.00121","80.53245"
"116.80000","3.93385","3,131.41235","0.02062","0.00118","80.59267"
"116.90000","3.93699","3,132.69385","0.02059","0.00124","80.62566"
"117.00000","3.94043","3,134.31445","0.02062","0.00121","80.66737"
"117.10000","3.94387","3,135.72510","0.02065","0.00126","80.70367"
"117.20000","3.94700","3,137.45850","0.02068","0.00122","80.74828"
"117.30000","3.95037","3,138.33472","0.02062","0.00118","80.77084"
"117.40000","3.95373","3,140.28857","0.02073","0.00127","80.82112"
"117.50000","3.95702","3,142.29907","0.02073","0.00117","80.87286"
"117.60000","3.96031","3,143.89648","0.02072","0.00124","80.91398"
"117.70000","3.96375","3,145.77808","0.02069","0.00107","80.96240"
"117.80000","3.96711","3,147.59717","0.02074","0.00104","81.00922"
"117.90000","3.97025","3,148.62695","0.02074","0.00089","81.03573"
"118.00000","3.97376","3,150.47168","0.02076","0.00089","81.08321"
"118.10000","3.97705","3,152.04736","0.02076","0.00091","81.12376"
"118.20000","3.98034","3,154.32837","0.02077","0.00095","81.18246"
"118.30000","3.98378","3,156.60547","0.02078","0.00095","81.24107"
"118.40000","3.98714","3,157.00659","0.02079","0.00091","81.25139"
"118.50000","3.99035","3,158.68066","0.02078","0.00067","81.29448"
"118.60000","3.99372","3,160.46973","0.02081","0.00080","81.34052"
"118.70000","3.99708","3,162.00854","0.02082","0.00072","81.38013"
"118.80000","4.00029","3,163.95190","0.02084","0.00071","81.43015"
"118.90000","4.00365","3,166.50317","0.02085","0.00069","81.49580"
"119.00000","4.00717","3,167.60205","0.02088","0.00071","81.52409"
"119.10000","4.01038","3,169.30273","0.02088","0.00078","81.56786"
"119.20000","4.01367","3,170.18774","0.02091","0.00093","81.59064"
"119.30000","4.01711","3,172.26904","0.02093","0.00108","81.64420"
"119.40000","4.02040","3,174.45654","0.02094","0.00107","81.70050"
"119.50000","4.02361","3,176.06592","0.02095","0.00116","81.74192"
"119.60000","4.02705","3,177.34595","0.02099","0.00122","81.77486"
"119.70000","4.03049","3,178.66943","0.02100","0.00123","81.80892"
"119.80000","4.03370","3,180.81519","0.02104","0.00124","81.86415"
"119.90000","4.03706","3,181.75098","0.02104","0.00121","81.88824"
"120.00000","4.04050","3,185.44507","0.02112","0.00124","81.98331"
"120.10000","4.04364","3,186.30298","0.02110","0.00128","82.00539"
"120.20000","4.04700","3,187.77148","0.02116","0.00127","82.04318"
"120.30000","4.05044","3,189.93750","0.02113","0.00126","82.09893"
"120.40000","4.05373","3,191.33813","0.02119","0.00123","82.13498"
"120.50000","4.05702","3,193.07104","0.02120","0.00127","82.17958"
"120.60000","4.06046","3,194.53003","0.02121","0.00125","82.21712"
"120.70000","4.06374","3,196.83765","0.02121","0.00119","82.27652"
"120.80000","4.06696","3,198.00757","0.02120","0.00117","82.30663"
"120.90000","4.07039","3,200.05640","0.02127","0.00124","82.35936"
"121.00000","4.07376","3,200.53394","0.02132","0.00105","82.37165"
"121.10000","4.07697","3,202.90186","0.02128","0.00105","82.43259"
"121.20000","4.08041","3,205.07446","0.02131","0.00096","82.48851"
"121.30000","4.08392","3,206.92407","0.02131","0.00101","82.53611"
"121.40000","4.08699","3,207.70068","0.02132","0.00106","82.55610"
"121.50000","4.09035","3,209.60474","0.02134","0.00096","82.60510"
"121.60000","4.09379","3,211.60059","0.02135","0.00095","82.65647"
"121.70000","4.09693","3,213.33008","0.02134","0.00075","82.70098"
"121.80000","4.10036","3,214.58838","0.02136","0.00073","82.73337"
"121.90000","4.10380","3,216.44019","0.02139","0.00077","82.78103"
"122.00000","4.10709","3,217.63672","0.02139","0.00087","82.81182"
"122.10000","4.11038","3,219.18311","0.02142","0.00078","82.85162"
"122.20000","4.11367","3,221.77856","0.02144","0.00079","82.91842"
"122.30000","4.11711","3,224.20630","0.02145","0.00084","82.98090"
"122.40000","4.12024","3,224.53638","0.02146","0.00103","82.98940"
"122.50000","4.12368","3,226.23633","0.02148","0.00112","83.03315"
"122.60000","4.12719","3,229.23633","0.02149","0.00119","83.11036"
"122.70000","4.13033","3,230.21826","0.02152","0.00125","83.13563"
"122.80000","4.13377","3,232.10767","0.02154","0.00127","83.18426"
"122.90000","4.13714","3,233.23047","0.02154","0.00122","83.21316"
"123.00000","4.14027","3,234.80542","0.02157","0.00124","83.25368"
"123.10000","4.14371","3,236.69287","0.02160","0.00134","83.30227"
"123.20000","4.14708","3,238.38062","0.02159","0.00128","83.34570"
"123.30000","4.15036","3,240.33276","0.02165","0.00130","83.39594"
"123.40000","4.15373","3,242.14062","0.02169","0.00126","83.44247"
"123.50000","4.15709","3,243.31299","0.02167","0.00124","83.47265"
"123.60000","4.16045","3,244.97119","0.02171","0.00123","83.51532"
"123.70000","4.16359","3,246.38452","0.02176","0.00127","83.55170"
"123.80000","4.16703","3,248.10449","0.02172","0.00124","83.59596"
"123.90000","4.17047","3,249.90381","0.02177","0.00120","83.64227"
"124.00000","4.17361","3,251.59131","0.02175","0.00122","83.68571"
"124.10000","4.17712","3,253.75342","0.02182","0.00112","83.74135"
"124.20000","4.18048","3,255.22803","0.02184","0.00102","83.77930"
"124.30000","4.18362","3,256.30005","0.02181","0.00090","83.80689"
"124.40000","4.18706","3,258.12354","0.02183","0.00094","83.85382"
"124.50000","4.19035","3,260.07910","0.02185","0.00094","83.90415"
"124.60000","4.19364","3,261.30493","0.02185","0.00086","83.93570"
"124.70000","4.19700","3,263.45947","0.02189","0.00081","83.99115"
"124.80000","4.20044","3,265.00342","0.02191","0.00073","84.03089"
"124.90000","4.20380","3,266.66284","0.02192","0.00077","84.07360"
"125.00000","4.20694","3,268.55176","0.02194","0.00080","84.12222"
"125.10000","4.21038","3,270.22705","0.02195","0.00073","84.16533"
"125.20000","4.21382","3,271.19263","0.02198","0.00073","84.19018"
"125.30000","4.21688","3,272.91724","0.02196","0.00077","84.23457"
"125.40000","4.22047","3,275.33472","0.02200","0.00084","84.29678"
"125.50000","4.22383","3,277.27783","0.02201","0.00102","84.34679"
"125.60000","4.22704","3,278.47852","0.02203","0.00108","84.37769"
"125.70000","4.23048","3,280.91870","0.02204","0.00122","84.44050"
"125.80000","4.23377","3,281.56250","0.02204","0.00117","84.45707"
"125.90000","4.23706","3,283.54761","0.02208","0.00121","84.50816"
"126.00000","4.24035","3,284.84326","0.02208","0.00132","84.54150"
"126.10000","4.24371","3,286.64819","0.02211","0.00130","84.58796"
"126.20000","4.24715","3,288.72534","0.02212","0.00131","84.64142"
"126.30000","4.25036","3,289.86987","0.02216","0.00136","84.67088"
"126.40000","4.25380","3,291.41699","0.02219","0.00135","84.71069"
"126.50000","4.25716","3,293.53467","0.02220","0.00129","84.76520"
"126.60000","4.26023","3,294.62671","0.02221","0.00133","84.79330"
"126.70000","4.26374","3,297.02271","0.02222","0.00135","84.85497"
"126.80000","4.26710","3,298.39893","0.02233","0.00136","84.89039"
"126.90000","4.27032","3,300.23828","0.02225","0.00129","84.93772"
"127.00000","4.27375","3,302.11108","0.02228","0.00130","84.98592"
"127.10000","4.27719","3,303.17139","0.02231","0.00125","85.01321"
"127.20000","4.28033","3,305.24414","0.02235","0.00120","85.06656"
"127.30000","4.28362","3,306.39258","0.02237","0.00113","85.09612"
"127.40000","4.28706","3,307.57568","0.02237","0.00105","85.12656"
"127.50000","4.29042","3,310.16748","0.02236","0.00101","85.19327"
"127.60000","4.29371","3,311.57788","0.02236","0.00098","85.22957"
"127.70000","4.29715","3,313.33716","0.02240","0.00102","85.27485"
"127.80000","4.30044","3,314.95264","0.02241","0.00093","85.31642"
"127.90000","4.30365","3,316.76978","0.02244","0.00082","85.36319"
"128.00000","4.30709","3,317.93140","0.02245","0.00082","85.39309"
"128.10000","4.31045","3,321.01733","0.02247","0.00081","85.47251"
"128.20000","4.31359","3,321.16260","0.02249","0.00074","85.47625"
"128.30000","4.31710","3,323.97754","0.02253","0.00082","85.54870"
"128.40000","4.32054","3,325.22510","0.02253","0.00084","85.58080"
"128.50000","4.32368","3,326.96948","0.02254","0.00079","85.62570"
"128.60000","4.32704","3,327.76343","0.02255","0.00104","85.64613"
"128.70000","4.33041","3,329.40967","0.02257","0.00109","85.68851"
"128.80000","4.33362","3,331.60693","0.02259","0.00109","85.74506"
"128.90000","4.33698","3,333.30640","0.02259","0.00121","85.78880"
"129.00000","4.34049","3,335.34619","0.02261","0.00125","85.84129"
"129.10000","4.34371","3,336.67871","0.02263","0.00126","85.87559"
"129.20000","4.34700","3,338.04077","0.02265","0.00127","85.91064"
"129.30000","4.35051","3,339.58496","0.02265","0.00129","85.95039"
"129.40000","4.35372","3,341.19751","0.02267","0.00135","85.99188"
"129.50000","4.35694","3,342.89331","0.02270","0.00134","86.03553"
"129.60000","4.36037","3,345.09424","0.02271","0.00136","86.09218"
"129.70000","4.36381","3,346.84180","0.02273","0.00135","86.13715"
"129.80000","4.36703","3,348.40747","0.02274","0.00129","86.17744"
"129.90000","4.37046","3,349.67163","0.02275","0.00136","86.20998"
"130.00000","4.37390","3,351.49365","0.02278","0.00131","86.25687"
"130.10000","4.37697","3,353.39746","0.02279","0.00130","86.30587"
"130.20000","4.38040","3,354.68750","0.02280","0.00130","86.33907"
"130.30000","4.38377","3,356.30029","0.02285","0.00121","86.38058"
"130.40000","4.38698","3,358.23267","0.02284","0.00120","86.43031"
"130.50000","4.39034","3,359.80396","0.02289","0.00115","86.47076"
"130.60000","4.39378","3,362.11890","0.02291","0.00099","86.53033"
"130.70000","4.39707","3,362.99536","0.02294","0.00102","86.55289"
"130.80000","4.40036","3,364.76489","0.02292","0.00110","86.59843"
"130.90000","4.40365","3,365.98901","0.02295","0.00093","86.62994"
"131.00000","4.40708","3,368.03198","0.02301","0.00093","86.68252"
"131.10000","4.41022","3,368.64966","0.02303","0.00076","86.69842"
"131.20000","4.41374","3,371.04321","0.02304","0.00086","86.76002"
"131.30000","4.41717","3,372.74561","0.02304","0.00091","86.80383"
"131.40000","4.42031","3,374.52808","0.02304","0.00086","86.84971"
"131.50000","4.42375","3,375.26099","0.02307","0.00079","86.86857"
"131.60000","4.42711","3,377.88379","0.02309","0.00086","86.93607"
"131.70000","4.43033","3,378.87134","0.02310","0.00079","86.96149"
"131.80000","4.43377","3,380.79248","0.02311","0.00102","87.01093"
"131.90000","4.43713","3,382.15234","0.02311","0.00116","87.04594"
"132.00000","4.44042","3,383.56372","0.02314","0.00123","87.08226"
"132.10000","4.44371","3,385.69922","0.02316","0.00129","87.13722"
"132.20000","4.44707","3,387.38818","0.02317","0.00127","87.18069"
"132.30000","4.45043","3,388.74561","0.02318","0.00132","87.21562"
"132.40000","4.45357","3,390.44629","0.02322","0.00135","87.25939"
"132.50000","4.45708","3,392.68359","0.02321","0.00131","87.31698"
"132.60000","4.46045","3,394.13110","0.02323","0.00140","87.35423"
"132.70000","4.46366","3,395.38867","0.02324","0.00142","87.38660"
"132.80000","4.46717","3,396.86011","0.02324","0.00141","87.42446"
"132.90000","4.47046","3,399.75171","0.02326","0.00139","87.49889"
"133.00000","4.47368","3,400.31299","0.02328","0.00136","87.51333"
"133.10000","4.47711","3,401.47656","0.02329","0.00134","87.54328"
"133.20000","4.48033","3,403.68335","0.02330","0.00137","87.60007"
"133.30000","4.48369","3,405.71997","0.02334","0.00142","87.65249"
"133.40000","4.48698","3,407.16992","0.02337","0.00131","87.68980"
"133.50000","4.49042","3,408.43677","0.02340","0.00133","87.72241"
"133.60000","4.49378","3,411.21729","0.02342","0.00116","87.79398"
"133.70000","4.49692","3,412.13647","0.02340","0.00111","87.81763"
"133.80000","4.50036","3,413.74731","0.02346","0.00103","87.85909"
"133.90000","4.50379","3,415.30249","0.02345","0.00113","87.89912"
"134.00000","4.50693","3,416.85107","0.02349","0.00109","87.93897"
"134.10000","4.51045","3,418.40942","0.02349","0.00106","87.97908"
"134.20000","4.51388","3,421.35425","0.02354","0.00086","88.05487"
"134.30000","4.51702","3,421.44678","0.02356","0.00089","88.05725"
"134.40000","4.52046","3,422.88989","0.02356","0.00088","88.09439"
"134.50000","4.52367","3,424.65039","0.02356","0.00083","88.13970"
"134.60000","4.52704","3,426.11816","0.02360","0.00084","88.17747"
"134.70000","4.53033","3,428.06543","0.02359","0.00091","88.22759"
"134.80000","4.53369","3,429.91528","0.02362","0.00087","88.27520"
"134.90000","4.53713","3,431.18384","0.02363","0.00096","88.30785"
"135.00000","4.54027","3,432.72241","0.02365","0.00112","88.34745"
"135.10000","4.54370","3,434.43555","0.02367","0.00122","88.39154"
"135.20000","4.54707","3,435.80469","0.02369","0.00123","88.42677"
"135.30000","4.55021","3,437.05444","0.02372","0.00130","88.45894"
"135.40000","4.55379","3,438.98047","0.02371","0.00134","88.50851"
"135.50000","4.55716","3,441.47803","0.02371","0.00135","88.57279"
"135.60000","4.56037","3,441.70557","0.02373","0.00136","88.57864"
"135.70000","4.56381","3,444.19897","0.02377","0.00138","88.64281"
"135.80000","4.56710","3,445.51050","0.02375","0.00141","88.67657"
"135.90000","4.57031","3,447.28003","0.02380","0.00141","88.72211"
"136.00000","4.57367","3,449.56812","0.02379","0.00142","88.78101"
"136.10000","4.57704","3,451.15576","0.02380","0.00136","88.82186"
"136.20000","4.58040","3,452.34497","0.02381","0.00136","88.85247"
"136.30000","4.58361","3,453.41333","0.02383","0.00137","88.87997"
"136.40000","4.58720","3,455.23999","0.02387","0.00140","88.92698"
"136.50000","4.59049","3,456.65625","0.02388","0.00136","88.96343"
"136.60000","4.59363","3,458.83032","0.02389","0.00137","89.01939"
"136.70000","4.59707","3,460.38086","0.02391","0.00131","89.05929"
"136.80000","4.60043","3,461.94922","0.02395","0.00122","89.09966"
"136.90000","4.60364","3,462.84985","0.02395","0.00116","89.12283"
"137.00000","4.60708","3,464.90137","0.02398","0.00107","89.17564"
"137.10000","4.61052","3,467.29053","0.02400","0.00112","89.23712"
"137.20000","4.61366","3,468.16138","0.02400","0.00103","89.25954"
"137.30000","4.61695","3,469.27832","0.02402","0.00095","89.28828"
"137.40000","4.62038","3,470.97021","0.02407","0.00084","89.33183"
"137.50000","4.62367","3,473.38208","0.02408","0.00082","89.39390"
"137.60000","4.62696","3,474.76855","0.02408","0.00084","89.42958"
"137.70000","4.63047","3,476.24609","0.02410","0.00087","89.46761"
"137.80000","4.63376","3,478.03271","0.02413","0.00090","89.51360"
"137.90000","4.63698","3,479.70898","0.02416","0.00089","89.55673"
"138.00000","4.64041","3,480.64038","0.02414","0.00095","89.58070"
"138.10000","4.64370","3,482.95679","0.02421","0.00110","89.64032"
"138.20000","4.64692","3,484.46118","0.02419","0.00116","89.67904"
"138.30000","4.65043","3,485.92651","0.02418","0.00125","89.71675"
"138.40000","4.65387","3,487.99146","0.02422","0.00124","89.76990"
"138.50000","4.65701","3,489.19751","0.02423","0.00136","89.80094"
"138.60000","4.66044","3,490.72070","0.02426","0.00130","89.84014"
"138.70000","4.66388","3,492.57666","0.02427","0.00136","89.88791"
"138.80000","4.66702","3,493.75684","0.02427","0.00138","89.91828"
"138.90000","4.67031","3,495.06934","0.02430","0.00142","89.95206"
"139.00000","4.67375","3,497.88892","0.02432","0.00138","90.02463"
"139.10000","4.67703","3,498.56104","0.02432","0.00144","90.04192"
"139.20000","4.68040","3,499.82983","0.02434","0.00139","90.07458"
"139.30000","4.68384","3,501.64551","0.02434","0.00140","90.12131"
"139.40000","4.68705","3,503.16064","0.02438","0.00140","90.16031"
"139.50000","4.69026","3,503.96826","0.02437","0.00138","90.18109"
"139.60000","4.69370","3,506.13184","0.02440","0.00141","90.23678"
"139.70000","4.69706","3,507.66406","0.02443","0.00143","90.27621"
"139.80000","4.70028","3,509.23975","0.02443","0.00142","90.31676"
"139.90000","4.70372","3,511.14087","0.02445","0.00139","90.36569"
"140.00000","4.70723","3,513.18164","0.02449","0.00123","90.41821"
"140.10000","4.71029","3,514.02417","0.02450","0.00113","90.43990"
"140.20000","4.71366","3,515.50806","0.02455","0.00108","90.47809"
"140.30000","4.71702","3,517.42383","0.02454","0.00104","90.52740"
"140.40000","4.72031","3,518.99072","0.02456","0.00090","90.56772"
"140.50000","4.72375","3,521.63428","0.02459","0.00100","90.63576"
"140.60000","4.72711","3,522.46362","0.02461","0.00101","90.65710"
"140.70000","4.73047","3,524.20215","0.02461","0.00097","90.70185"
"140.80000","4.73369","3,525.08936","0.02466","0.00098","90.72468"
"140.90000","4.73705","3,526.66675","0.02463","0.00086","90.76528"
"141.00000","4.74041","3,528.61035","0.02465","0.00088","90.81530"
"141.10000","4.74363","3,529.76318","0.02469","0.00088","90.84497"
"141.20000","4.74706","3,531.34497","0.02468","0.00097","90.88568"
"141.30000","4.75050","3,533.35815","0.02466","0.00109","90.93749"
"141.40000","4.75372","3,535.12329","0.02473","0.00119","90.98293"
"141.50000","4.75715","3,535.85522","0.02474","0.00128","91.00176"
"141.60000","4.76044","3,538.12500","0.02477","0.00133","91.06018"
"141.70000","4.76365","3,539.31592","0.02479","0.00130","91.09083"
"141.80000","4.76702","3,541.33545","0.02481","0.00131","91.14281"
"141.90000","4.77031","3,542.20044","0.02482","0.00136","91.16507"
"142.00000","4.77374","3,544.62720","0.02484","0.00137","91.22752"
"142.10000","4.77703","3,545.88965","0.02487","0.00134","91.26002"
"142.20000","4.78040","3,547.32349","0.02487","0.00143","91.29692"
"142.30000","4.78383","3,549.24023","0.02488","0.00139","91.34625"
"142.40000","4.78690","3,550.22412","0.02488","0.00133","91.37157"
"142.50000","4.79034","3,552.33398","0.02493","0.00136","91.42587"
"142.60000","4.79385","3,553.00781","0.02491","0.00134","91.44321"
"142.70000","4.79699","3,554.95776","0.02497","0.00135","91.49340"
"142.80000","4.80050","3,557.06738","0.02497","0.00141","91.54769"
"142.90000","4.80386","3,558.35596","0.02499","0.00137","91.58086"
"143.00000","4.80700","3,559.50781","0.02499","0.00136","91.61050"
"143.10000","4.81037","3,561.55225","0.02503","0.00133","91.66312"
"143.20000","4.81365","3,562.40723","0.02506","0.00109","91.68513"
"143.30000","4.81709","3,564.58423","0.02505","0.00114","91.74116"
"143.40000","4.82038","3,565.68237","0.02506","0.00109","91.76942"
"143.50000","4.82367","3,567.45605","0.02508","0.00089","91.81506"
"143.60000","4.82726","3,569.29663","0.02512","0.00081","91.86243"
"143.70000","4.83025","3,570.27417","0.02516","0.00097","91.88760"
"143.80000","4.83368","3,571.90771","0.02519","0.00097","91.92964"
"143.90000","4.83712","3,573.27271","0.02521","0.00101","91.96477"
"144.00000","4.84026","3,575.23120","0.02518","0.00091","92.01517"
"144.10000","4.84385","3,576.34082","0.02522","0.00088","92.04373"
"144.20000","4.84721","3,578.09766","0.02521","0.00089","92.08895"
"144.30000","4.85035","3,579.65796","0.02524","0.00100","92.12910"
"144.40000","4.85379","3,581.18335","0.02526","0.00102","92.16837"
"144.50000","4.85708","3,582.53833","0.02527","0.00115","92.20324"
"144.60000","4.86036","3,584.66089","0.02524","0.00124","92.25787"
"144.70000","4.86365","3,585.50000","0.02527","0.00126","92.27946"
"144.80000","4.86709","3,586.65430","0.02527","0.00132","92.30917"
"144.90000","4.87045","3,589.05713","0.02534","0.00135","92.37101"
"145.00000","4.87367","3,590.35889","0.02533","0.00135","92.40451"
"145.10000","4.87711","3,591.78418","0.02541","0.00137","92.44119"
"145.20000","4.88047","3,593.04297","0.02542","0.00134","92.47359"
"145.30000","4.88353","3,594.25537","0.02539","0.00142","92.50480"
"145.40000","4.88705","3,595.59326","0.02544","0.00147","92.53923"
"145.50000","4.89041","3,598.38184","0.02546","0.00142","92.61100"
"145.60000","4.89362","3,599.51709","0.02548","0.00142","92.64021"
"145.70000","4.89706","3,600.59302","0.02548","0.00140","92.66791"
"145.80000","4.90050","3,601.81396","0.02549","0.00143","92.69933"
"145.90000","4.90379","3,604.42627","0.02552","0.00147","92.76656"
"146.00000","4.90700","3,604.79688","0.02556","0.00149","92.77610"
"146.10000","4.91036","3,607.48218","0.02556","0.00143","92.84521"
"146.20000","4.91373","3,608.11792","0.02560","0.00145","92.86157"
"146.30000","4.91694","3,609.41284","0.02558","0.00133","92.89491"
"146.40000","4.92053","3,611.95728","0.02563","0.00131","92.96039"
"146.50000","4.92382","3,612.82568","0.02566","0.00114","92.98273"
"146.60000","4.92695","3,613.88623","0.02563","0.00106","93.01003"
"146.70000","4.93047","3,616.28418","0.02566","0.00105","93.07175"
"146.80000","4.93376","3,617.78003","0.02574","0.00106","93.11024"
"146.90000","4.93697","3,618.97021","0.02569","0.00112","93.14088"
"147.00000","4.94048","3,620.51025","0.02570","0.00110","93.18051"
"147.10000","4.94384","3,622.00366","0.02578","0.00107","93.21895"
"147.20000","4.94706","3,623.32056","0.02578","0.00101","93.25285"
"147.30000","4.95042","3,624.52539","0.02579","0.00092","93.28385"
"147.40000","4.95378","3,626.10034","0.02581","0.00099","93.32439"
"147.50000","4.95700","3,627.62402","0.02583","0.00099","93.36360"
"147.60000","4.96029","3,629.24414","0.02582","0.00116","93.40530"
"147.70000","4.96380","3,630.51660","0.02583","0.00120","93.43805"
"147.80000","4.96701","3,631.98438","0.02588","0.00123","93.47582"
"147.90000","4.97030","3,633.13379","0.02588","0.00128","93.50540"
"148.00000","4.97381","3,634.39990","0.02582","0.00140","93.53799"
"148.10000","4.97710","3,636.42944","0.02585","0.00140","93.59023"
"148.20000","4.98024","3,638.01709","0.02586","0.00137","93.63109"
"148.30000","4.98368","3,639.01099","0.02593","0.00141","93.65666"
"148.40000","4.98712","3,640.23828","0.02595","0.00148","93.68826"
"148.50000","4.99033","3,642.05029","0.02601","0.00144","93.73489"
"148.60000","4.99377","3,643.21729","0.02598","0.00143","93.76492"
"148.70000","4.99721","3,644.93945","0.02606","0.00144","93.80924"
"148.80000","5.00027","3,646.20825","0.02606","0.00141","93.84190"
"148.90000","5.00363","3,647.66333","0.02605","0.00143","93.87935"
"149.00000","5.00707","3,649.29395","0.02610","0.00143","93.92132"
"149.10000","5.01044","3,650.37549","0.02610","0.00146","93.94915"
"149.20000","5.01372","3,651.79663","0.02609","0.00147","93.98573"
"149.30000","5.01709","3,653.59644","0.02613","0.00142","94.03205"
"149.40000","5.02053","3,655.19824","0.02617","0.00142","94.07327"
"149.50000","5.02374","3,656.11475","0.02620","0.00141","94.09686"
"149.60000","5.02710","3,657.98291","0.02620","0.00125","94.14494"
"149.70000","5.03039","3,659.05347","0.02620","0.00111","94.17249"
"149.80000","5.03360","3,660.35205","0.02623","0.00095","94.20592"
"149.90000","5.03712","3,661.95410","0.02624","0.00089","94.24715"
"150.00000","5.04048","3,663.95142","0.02627","0.00101","94.29855"
"150.10000","5.04369","3,665.51953","0.02627","0.00100","94.33891"
"150.20000","5.04698","3,665.89697","0.02628","0.00107","94.34863"
"150.30000","5.05035","3,666.39429","0.02628","0.00109","94.36143"
"150.40000","5.05363","3,668.36646","0.02633","0.00093","94.41219"
"150.50000","5.05700","3,669.74243","0.02637","0.00093","94.44759"
"150.60000","5.06043","3,671.04907","0.02637","0.00094","94.48122"
"150.70000","5.06380","3,672.40308","0.02637","0.00091","94.51608"
"150.80000","5.06701","3,673.81396","0.02640","0.00110","94.55238"
"150.90000","5.07037","3,675.67529","0.02645","0.00120","94.60029"
"151.00000","5.07374","3,676.47900","0.02649","0.00130","94.62097"
"151.10000","5.07688","3,677.67578","0.02641","0.00136","94.65177"
"151.20000","5.08039","3,679.55347","0.02644","0.00131","94.70010"
"151.30000","5.08390","3,681.36279","0.02644","0.00135","94.74667"
"151.40000","5.08697","3,681.67505","0.02649","0.00137","94.75470"
"151.50000","5.09040","3,683.46240","0.02651","0.00137","94.80070"
"151.60000","5.09377","3,684.44092","0.02649","0.00140","94.82589"
"151.70000","5.09706","3,686.08911","0.02650","0.00140","94.86831"
"151.80000","5.10034","3,686.83667","0.02652","0.00147","94.88755"
"151.90000","5.10371","3,688.72998","0.02657","0.00145","94.93627"
"152.00000","5.10715","3,690.05981","0.02661","0.00145","94.97050"
"152.10000","5.11036","3,690.56885","0.02663","0.00148","94.98360"
"152.20000","5.11372","3,692.12256","0.02666","0.00148","95.02359"
"152.30000","5.11724","3,693.57617","0.02667","0.00150","95.06100"
"152.40000","5.12022","3,694.14429","0.02670","0.00151","95.07562"
"152.50000","5.12366","3,694.36670","0.02674","0.00151","95.08134"
"152.60000","5.12718","3,695.15527","0.02673","0.00152","95.10164"
"152.70000","5.13024","3,695.19287","0.02675","0.00145","95.10261"
"152.80000","5.13383","3,693.48267","0.02684","0.00141","95.05859"
"152.90000","5.13719","3,669.33496","0.02682","0.00126","94.43711"
"152.90600","5.13741","3,375.71289","0.02682","0.00126","86.88020"
"152.91000","5.13756","3,028.80420","0.02682","0.00126","77.95187"
"152.91400","5.13771","2,625.05786","0.02682","0.00126","67.56071"
"152.91800","5.13794","2,203.23486","0.02682","0.00126","56.70432"
