Modulus (Segment 0.001 mm/mm - 0.008 mm/mm) : Modulus (Segment 0.001 mm/mm - 0.008 mm/mm),"6,200.84452",MPa
Poisson's ratio (Least squares fit) : Poisson's ratio (Least squares fit),"0.28850"
Specimen properties : Gauge length,"15.31000",mm
Specimen properties : Gauge length transverse,"5.13000",mm
Specimen properties : Thickness,"2.58000",mm
Specimen properties : Width,"15.08000",mm

Time,Extension,Load,Video axial strain,Video transverse strain,Calculated Stress
(s),(mm),(N),(mm/mm),(mm/mm),(MPa)
"0.00000","-0.00007","81.63498","0.00002","-0.00007","2.09824"
"0.10000","0.00142","83.02721","0.00002","-0.00005","2.13402"
"0.20000","0.00575","89.52132","0.00002","-0.00003","2.30094"
"0.30000","0.00987","96.35811","0.00006","-0.00008","2.47666"
"0.40000","0.01338","102.55531","0.00007","-0.00008","2.63595"
"0.50000","0.01652","107.13773","0.00011","-0.00020","2.75373"
"0.60000","0.01995","113.81544","0.00011","-0.00025","2.92537"
"0.70000","0.02339","118.51817","0.00016","-0.00026","3.04624"
"0.80000","0.02668","124.17522","0.00016","-0.00028","3.19164"
"0.90000","0.03004","129.23659","0.00021","-0.00032","3.32173"
"1.00000","0.03348","135.51668","0.00021","-0.00030","3.48315"
"1.10000","0.03662","140.83324","0.00024","-0.00033","3.61980"
"1.20000","0.03983","145.52451","0.00026","-0.00032","3.74037"
"1.30000","0.04335","150.87582","0.00027","-0.00038","3.87792"
"1.40000","0.04664","156.43739","0.00030","-0.00024","4.02087"
"1.50000","0.05000","161.73726","0.00031","-0.00023","4.15709"
"1.60000","0.05344","167.69934","0.00034","-0.00020","4.31033"
"1.70000","0.05673","173.19742","0.00034","-0.00029","4.45164"
"1.80000","0.05986","177.97313","0.00035","-0.00026","4.57439"
"1.90000","0.06330","183.38087","0.00038","-0.00016","4.71339"
"2.00000","0.06674","188.35127","0.00039","-0.00023","4.84114"
"2.10000","0.06988","193.70421","0.00043","0.00007","4.97872"
"2.20000","0.07332","199.38226","0.00043","-0.00012","5.12466"
"2.30000","0.07675","205.01767","0.00046","-0.00013","5.26951"
"2.40000","0.07997","210.10445","0.00046","0.00007","5.40025"
"2.50000","0.08333","215.77119","0.00046","0.00016","5.54591"
"2.60000","0.08677","220.70555","0.00045","0.00022","5.67273"
"2.70000","0.08991","225.50414","0.00048","0.00024","5.79607"
"2.80000","0.09335","229.91579","0.00049","0.00018","5.90946"
"2.90000","0.09671","236.41670","0.00052","0.00023","6.07655"
"3.00000","0.10007","241.78207","0.00052","0.00009","6.21446"
"3.10000","0.10329","246.92644","0.00056","0.00013","6.34668"
"3.20000","0.10665","251.43582","0.00054","0.00015","6.46258"
"3.30000","0.11001","257.01794","0.00057","0.00016","6.60606"
"3.40000","0.11315","262.40359","0.00058","0.00005","6.74448"
"3.50000","0.11666","267.16693","0.00063","0.00001","6.86691"
"3.60000","0.12010","272.77319","0.00064","0.00001","7.01101"
"3.70000","0.12324","278.59662","0.00063","-0.00014","7.16069"
"3.80000","0.12668","282.50922","0.00064","-0.00023","7.26125"
"3.90000","0.13004","288.25357","0.00068","-0.00016","7.40890"
"4.00000","0.13326","292.45773","0.00071","-0.00019","7.51696"
"4.10000","0.13662","298.23373","0.00072","-0.00021","7.66542"
"4.20000","0.13998","303.37045","0.00076","-0.00025","7.79744"
"4.30000","0.14335","308.02481","0.00076","-0.00022","7.91707"
"4.40000","0.14671","312.77036","0.00080","-0.00024","8.03905"
"4.50000","0.15007","318.03226","0.00081","-0.00026","8.17429"
"4.60000","0.15343","323.68848","0.00082","-0.00030","8.31967"
"4.70000","0.15657","327.99078","0.00086","-0.00009","8.43025"
"4.80000","0.15994","333.58295","0.00084","-0.00015","8.57399"
"4.90000","0.16337","338.36282","0.00091","-0.00017","8.69684"
"5.00000","0.16651","343.87106","0.00091","-0.00009","8.83842"
"5.10000","0.17003","348.95245","0.00094","0.00000","8.96902"
"5.20000","0.17339","354.49454","0.00096","-0.00009","9.11147"
"5.30000","0.17668","358.83896","0.00092","-0.00009","9.22313"
"5.40000","0.18004","363.86563","0.00095","-0.00004","9.35233"
"5.50000","0.18325","369.10736","0.00097","-0.00007","9.48706"
"5.60000","0.18662","374.23663","0.00099","0.00005","9.61890"
"5.70000","0.18991","379.10825","0.00102","0.00011","9.74411"
"5.80000","0.19334","384.48718","0.00102","0.00032","9.88236"
"5.90000","0.19678","390.40689","0.00102","0.00026","10.03452"
"6.00000","0.19992","394.16937","0.00103","0.00030","10.13122"
"6.10000","0.20328","398.27679","0.00103","0.00026","10.23679"
"6.20000","0.20672","403.69662","0.00103","0.00026","10.37610"
"6.30000","0.20986","408.55655","0.00105","0.00030","10.50101"
"6.40000","0.21337","414.44241","0.00105","0.00021","10.65229"
"6.50000","0.21674","418.83252","0.00107","0.00013","10.76513"
"6.60000","0.21995","424.34506","0.00108","0.00017","10.90682"
"6.70000","0.22339","428.67419","0.00111","0.00022","11.01809"
"6.80000","0.22668","433.68390","0.00112","0.00013","11.14685"
"6.90000","0.22997","438.63297","0.00112","0.00013","11.27406"
"7.00000","0.23325","442.31424","0.00115","-0.00002","11.36868"
"7.10000","0.23654","447.82233","0.00120","-0.00005","11.51025"
"7.20000","0.24013","452.72726","0.00120","-0.00007","11.63632"
"7.30000","0.24327","457.34229","0.00124","-0.00007","11.75494"
"7.40000","0.24671","461.68155","0.00125","-0.00008","11.86647"
"7.50000","0.25007","466.51321","0.00127","-0.00016","11.99065"
"7.60000","0.25321","470.59647","0.00132","-0.00015","12.09561"
"7.70000","0.25665","475.90536","0.00132","-0.00014","12.23206"
"7.80000","0.26001","481.28915","0.00133","-0.00022","12.37044"
"7.90000","0.26322","484.89639","0.00139","-0.00022","12.46315"
"8.00000","0.26674","489.56024","0.00138","-0.00004","12.58303"
"8.10000","0.27002","494.56210","0.00140","-0.00002","12.71159"
"8.20000","0.27339","499.85126","0.00140","-0.00009","12.84753"
"8.30000","0.27660","503.40924","0.00143","0.00002","12.93898"
"8.40000","0.27989","507.29071","0.00143","0.00009","13.03875"
"8.50000","0.28333","512.27612","0.00149","-0.00002","13.16689"
"8.60000","0.28654","517.52130","0.00148","0.00008","13.30170"
"8.70000","0.29005","522.53094","0.00148","-0.00001","13.43046"
"8.80000","0.29342","527.00952","0.00151","0.00014","13.54557"
"8.90000","0.29656","531.07825","0.00149","0.00019","13.65015"
"9.00000","0.30007","536.29224","0.00155","0.00029","13.78417"
"9.10000","0.30336","541.58575","0.00153","0.00040","13.92022"
"9.20000","0.30657","545.37885","0.00155","0.00039","14.01772"
"9.30000","0.30993","549.64850","0.00155","0.00042","14.12746"
"9.40000","0.31337","555.11810","0.00156","0.00036","14.26804"
"9.50000","0.31666","558.57367","0.00156","0.00031","14.35686"
"9.60000","0.31995","563.50311","0.00159","0.00031","14.48356"
"9.70000","0.32331","567.98120","0.00162","0.00033","14.59866"
"9.80000","0.32667","572.20599","0.00161","0.00024","14.70725"
"9.90000","0.32981","576.35352","0.00164","0.00028","14.81385"
"10.00000","0.33333","581.02094","0.00166","0.00022","14.93381"
"10.10000","0.33669","585.74072","0.00166","0.00023","15.05513"
"10.20000","0.33990","591.06433","0.00168","0.00027","15.19196"
"10.30000","0.34342","594.86786","0.00169","0.00019","15.28972"
"10.40000","0.34670","599.27563","0.00173","-0.00001","15.40301"
"10.50000","0.34984","603.50128","0.00173","-0.00002","15.51162"
"10.60000","0.35328","607.98743","0.00172","0.00003","15.62693"
"10.70000","0.35672","612.42371","0.00177","0.00002","15.74095"
"10.80000","0.36001","617.40454","0.00177","-0.00007","15.86897"
"10.90000","0.36337","621.21521","0.00181","-0.00007","15.96692"
"11.00000","0.36681","626.43591","0.00182","-0.00010","16.10110"
"11.10000","0.37002","630.11389","0.00184","-0.00017","16.19564"
"11.20000","0.37324","633.60852","0.00187","-0.00005","16.28546"
"11.30000","0.37667","638.37567","0.00190","-0.00002","16.40799"
"11.40000","0.37996","643.25549","0.00190","0.00006","16.53341"
"11.50000","0.38318","647.37433","0.00193","0.00002","16.63928"
"11.60000","0.38676","651.51526","0.00193","0.00019","16.74571"
"11.70000","0.39013","655.69543","0.00198","0.00010","16.85315"
"11.80000","0.39327","659.64087","0.00200","0.00019","16.95456"
"11.90000","0.39663","663.45575","0.00201","0.00011","17.05261"
"12.00000","0.39999","667.62280","0.00202","0.00017","17.15972"
"12.10000","0.40321","672.47211","0.00204","0.00042","17.28436"
"12.20000","0.40664","676.21973","0.00203","0.00029","17.38068"
"12.30000","0.41008","680.61975","0.00207","0.00048","17.49377"
"12.40000","0.41330","684.44080","0.00206","0.00047","17.59199"
"12.50000","0.41666","688.82306","0.00207","0.00053","17.70462"
"12.60000","0.42002","693.60352","0.00208","0.00049","17.82749"
"12.70000","0.42331","696.75732","0.00209","0.00046","17.90855"
"12.80000","0.42660","700.53778","0.00212","0.00035","18.00572"
"12.90000","0.43004","704.52222","0.00214","0.00042","18.10813"
"13.00000","0.43340","708.48169","0.00216","0.00035","18.20990"
"13.10000","0.43669","713.35376","0.00214","0.00042","18.33513"
"13.20000","0.43998","716.86035","0.00217","0.00037","18.42525"
"13.30000","0.44341","721.18585","0.00217","0.00035","18.53643"
"13.40000","0.44655","724.99530","0.00219","0.00033","18.63435"
"13.50000","0.44999","728.29840","0.00221","0.00027","18.71924"
"13.60000","0.45343","732.76019","0.00221","0.00016","18.83393"
"13.70000","0.45664","736.62720","0.00221","0.00015","18.93332"
"13.80000","0.46001","741.18750","0.00224","0.00009","19.05053"
"13.90000","0.46344","745.24182","0.00227","0.00010","19.15474"
"14.00000","0.46658","750.09869","0.00228","0.00010","19.27957"
"14.10000","0.46995","753.99469","0.00230","0.00001","19.37971"
"14.20000","0.47323","757.24103","0.00231","0.00004","19.46315"
"14.30000","0.47667","761.19385","0.00233","0.00016","19.56475"
"14.40000","0.47996","765.62726","0.00236","0.00004","19.67870"
"14.50000","0.48332","770.24054","0.00236","0.00022","19.79727"
"14.60000","0.48684","773.96545","0.00241","0.00013","19.89301"
"14.70000","0.48990","776.95648","0.00240","0.00013","19.96989"
"14.80000","0.49326","781.94073","0.00243","0.00031","20.09800"
"14.90000","0.49678","785.26373","0.00244","0.00024","20.18341"
"15.00000","0.49984","789.93079","0.00245","0.00019","20.30336"
"15.10000","0.50335","793.51160","0.00248","0.00027","20.39540"
"15.20000","0.50679","798.13245","0.00249","0.00027","20.51417"
"15.30000","0.51000","801.52136","0.00254","0.00040","20.60127"
"15.40000","0.51337","805.25903","0.00256","0.00051","20.69734"
"15.50000","0.51658","809.15082","0.00254","0.00036","20.79737"
"15.60000","0.52002","813.62866","0.00258","0.00057","20.91246"
"15.70000","0.52323","817.04419","0.00257","0.00057","21.00025"
"15.80000","0.52660","820.47821","0.00261","0.00055","21.08851"
"15.90000","0.53011","825.37744","0.00261","0.00051","21.21444"
"16.00000","0.53325","828.78247","0.00263","0.00049","21.30196"
"16.10000","0.53669","832.41443","0.00266","0.00044","21.39531"
"16.20000","0.54012","837.55878","0.00265","0.00040","21.52753"
"16.30000","0.54319","840.41663","0.00268","0.00052","21.60099"
"16.40000","0.54670","843.74042","0.00269","0.00043","21.68642"
"16.50000","0.55006","848.04456","0.00269","0.00047","21.79704"
"16.60000","0.55328","852.39374","0.00272","0.00048","21.90883"
"16.70000","0.55672","856.08270","0.00271","0.00041","22.00365"
"16.80000","0.56000","860.25104","0.00272","0.00033","22.11078"
"16.90000","0.56337","863.92432","0.00273","0.00027","22.20520"
"17.00000","0.56658","867.22540","0.00274","0.00019","22.29004"
"17.10000","0.56994","871.09741","0.00277","0.00015","22.38957"
"17.20000","0.57346","875.19653","0.00276","0.00017","22.49492"
"17.30000","0.57660","878.04541","0.00278","0.00013","22.56815"
"17.40000","0.58011","882.80750","0.00280","0.00011","22.69055"
"17.50000","0.58347","887.13348","0.00283","0.00005","22.80174"
"17.60000","0.58654","890.30042","0.00285","0.00005","22.88313"
"17.70000","0.59005","894.14624","0.00284","0.00023","22.98198"
"17.80000","0.59334","897.17041","0.00285","0.00024","23.05971"
"17.90000","0.59662","901.50433","0.00290","0.00023","23.17111"
"18.00000","0.59999","904.84973","0.00292","0.00034","23.25709"
"18.10000","0.60335","908.86420","0.00293","0.00042","23.36028"
"18.20000","0.60671","912.23950","0.00293","0.00034","23.44703"
"18.30000","0.60993","917.13342","0.00296","0.00038","23.57282"
"18.40000","0.61329","919.62701","0.00298","0.00038","23.63691"
"18.50000","0.61665","923.40063","0.00301","0.00050","23.73390"
"18.60000","0.61979","927.37262","0.00303","0.00049","23.83599"
"18.70000","0.62338","930.68878","0.00304","0.00043","23.92123"
"18.80000","0.62682","935.49432","0.00310","0.00066","24.04474"
"18.90000","0.62988","938.59753","0.00309","0.00070","24.12450"
"19.00000","0.63340","942.42810","0.00308","0.00071","24.22296"
"19.10000","0.63668","945.61365","0.00313","0.00075","24.30484"
"19.20000","0.63990","949.18805","0.00313","0.00061","24.39671"
"19.30000","0.64334","953.66846","0.00319","0.00069","24.51187"
"19.40000","0.64670","955.86206","0.00316","0.00054","24.56825"
"19.50000","0.64999","960.56555","0.00319","0.00055","24.68914"
"19.60000","0.65335","964.31842","0.00320","0.00054","24.78560"
"19.70000","0.65671","968.32837","0.00325","0.00061","24.88867"
"19.80000","0.66000","972.26007","0.00325","0.00055","24.98972"
"19.90000","0.66314","974.52783","0.00323","0.00054","25.04801"
"20.00000","0.66673","978.88831","0.00325","0.00049","25.16008"
"20.10000","0.67002","983.31433","0.00327","0.00049","25.27385"
"20.20000","0.67323","985.92798","0.00326","0.00030","25.34102"
"20.30000","0.67674","990.41797","0.00328","0.00030","25.45643"
"20.40000","0.68003","993.63287","0.00329","0.00030","25.53906"
"20.50000","0.68324","996.97186","0.00330","0.00026","25.62488"
"20.60000","0.68661","1,001.08282","0.00331","0.00018","25.73054"
"20.70000","0.68997","1,004.50928","0.00330","0.00017","25.81861"
"20.80000","0.69326","1,008.08069","0.00333","0.00024","25.91041"
"20.90000","0.69662","1,011.37915","0.00335","0.00043","25.99519"
"21.00000","0.70006","1,015.37549","0.00336","0.00032","26.09790"
"21.10000","0.70335","1,019.44611","0.00338","0.00031","26.20253"
"21.20000","0.70656","1,022.42419","0.00337","0.00051","26.27908"
"21.30000","0.71000","1,026.30750","0.00341","0.00051","26.37889"
"21.40000","0.71336","1,029.76892","0.00344","0.00040","26.46785"
"21.50000","0.71658","1,033.50952","0.00342","0.00047","26.56400"
"21.60000","0.72009","1,037.46045","0.00347","0.00053","26.66555"
"21.70000","0.72345","1,041.03735","0.00348","0.00057","26.75748"
"21.80000","0.72659","1,043.50476","0.00350","0.00048","26.82090"
"21.90000","0.72996","1,047.60144","0.00354","0.00088","26.92620"
"22.00000","0.73332","1,050.44250","0.00355","0.00076","26.99922"
"22.10000","0.73653","1,054.85254","0.00355","0.00077","27.11257"
"22.20000","0.73997","1,058.06116","0.00359","0.00079","27.19504"
"22.30000","0.74341","1,062.02759","0.00361","0.00085","27.29699"
"22.40000","0.74670","1,065.37329","0.00364","0.00085","27.38298"
"22.50000","0.74998","1,068.62817","0.00364","0.00077","27.46664"
"22.60000","0.75335","1,071.88440","0.00367","0.00069","27.55034"
"22.70000","0.75664","1,075.97314","0.00370","0.00068","27.65543"
"22.80000","0.75992","1,079.31982","0.00369","0.00064","27.74145"
"22.90000","0.76329","1,082.93762","0.00371","0.00067","27.83443"
"23.00000","0.76673","1,087.06836","0.00373","0.00065","27.94061"
"23.10000","0.76994","1,090.03381","0.00374","0.00068","28.01682"
"23.20000","0.77330","1,092.58923","0.00378","0.00060","28.08251"
"23.30000","0.77682","1,096.77637","0.00380","0.00063","28.19013"
"23.40000","0.77988","1,100.11279","0.00378","0.00048","28.27588"
"23.50000","0.78332","1,103.14075","0.00380","0.00040","28.35371"
"23.60000","0.78668","1,106.89783","0.00381","0.00035","28.45028"
"23.70000","0.78997","1,110.63123","0.00381","0.00033","28.54623"
"23.80000","0.79333","1,113.65710","0.00381","0.00031","28.62401"
"23.90000","0.79677","1,117.19006","0.00384","0.00033","28.71482"
"24.00000","0.79998","1,121.15820","0.00385","0.00035","28.81681"
"24.10000","0.80327","1,124.09753","0.00386","0.00037","28.89235"
"24.20000","0.80664","1,127.30688","0.00387","0.00050","28.97484"
"24.30000","0.81007","1,131.37341","0.00387","0.00043","29.07936"
"24.40000","0.81329","1,134.28040","0.00390","0.00042","29.15408"
"24.50000","0.81665","1,137.62622","0.00390","0.00058","29.24008"
"24.60000","0.82016","1,141.23389","0.00390","0.00048","29.33281"
"24.70000","0.82323","1,144.22241","0.00392","0.00059","29.40962"
"24.80000","0.82666","1,148.13574","0.00395","0.00060","29.51020"
"24.90000","0.83003","1,151.89404","0.00398","0.00060","29.60680"
"25.00000","0.83317","1,155.00452","0.00401","0.00082","29.68675"
"25.10000","0.83668","1,158.45898","0.00403","0.00084","29.77554"
"25.20000","0.84004","1,162.55261","0.00404","0.00091","29.88075"
"25.30000","0.84333","1,165.81726","0.00408","0.00087","29.96467"
"25.40000","0.84662","1,168.69434","0.00407","0.00089","30.03861"
"25.50000","0.84991","1,172.54187","0.00409","0.00083","30.13751"
"25.60000","0.85327","1,176.55054","0.00415","0.00075","30.24054"
"25.70000","0.85656","1,178.74194","0.00416","0.00077","30.29687"
"25.80000","0.86000","1,183.37732","0.00419","0.00065","30.41601"
"25.90000","0.86351","1,186.81458","0.00419","0.00062","30.50435"
"26.00000","0.86657","1,189.55737","0.00420","0.00066","30.57485"
"26.10000","0.87009","1,192.73975","0.00422","0.00083","30.65665"
"26.20000","0.87345","1,196.22095","0.00424","0.00077","30.74612"
"26.30000","0.87651","1,199.03174","0.00425","0.00083","30.81837"
"26.40000","0.88003","1,202.50757","0.00428","0.00076","30.90771"
"26.50000","0.88332","1,206.27185","0.00429","0.00081","31.00446"
"26.60000","0.88668","1,209.72302","0.00429","0.00083","31.09316"
"26.70000","0.89004","1,212.36755","0.00432","0.00063","31.16113"
"26.80000","0.89340","1,217.07520","0.00434","0.00062","31.28213"
"26.90000","0.89677","1,220.44519","0.00433","0.00052","31.36875"
"27.00000","0.89991","1,222.34229","0.00434","0.00053","31.41751"
"27.10000","0.90327","1,226.18164","0.00435","0.00053","31.51619"
"27.20000","0.90671","1,229.71313","0.00437","0.00042","31.60696"
"27.30000","0.90985","1,233.15686","0.00439","0.00050","31.69548"
"27.40000","0.91343","1,236.00452","0.00437","0.00057","31.76867"
"27.50000","0.91680","1,239.79932","0.00437","0.00056","31.86621"
"27.60000","0.91986","1,243.06750","0.00439","0.00059","31.95021"
"27.70000","0.92337","1,246.14795","0.00443","0.00074","32.02938"
"27.80000","0.92666","1,249.19556","0.00441","0.00071","32.10772"
"27.90000","0.92988","1,253.15540","0.00444","0.00069","32.20949"
"28.00000","0.93331","1,255.95129","0.00449","0.00096","32.28135"
"28.10000","0.93668","1,259.28357","0.00450","0.00076","32.36700"
"28.20000","0.94012","1,263.16980","0.00451","0.00092","32.46689"
"28.30000","0.94325","1,265.56274","0.00454","0.00102","32.52840"
"28.40000","0.94669","1,268.84436","0.00451","0.00099","32.61274"
"28.50000","0.95006","1,272.35034","0.00454","0.00095","32.70285"
"28.60000","0.95312","1,274.68823","0.00459","0.00102","32.76294"
"28.70000","0.95671","1,278.69995","0.00460","0.00108","32.86606"
"28.80000","0.96014","1,281.91406","0.00461","0.00087","32.94867"
"28.90000","0.96321","1,284.33374","0.00464","0.00087","33.01086"
"29.00000","0.96672","1,287.52930","0.00466","0.00075","33.09299"
"29.10000","0.97001","1,291.16992","0.00470","0.00073","33.18657"
"29.20000","0.97322","1,293.92285","0.00471","0.00081","33.25733"
"29.30000","0.97666","1,296.91150","0.00469","0.00074","33.33414"
"29.40000","0.98002","1,300.74780","0.00474","0.00065","33.43275"
"29.50000","0.98339","1,303.70630","0.00474","0.00072","33.50879"
"29.60000","0.98668","1,307.02502","0.00477","0.00090","33.59409"
"29.70000","0.99004","1,309.16394","0.00479","0.00073","33.64906"
"29.80000","0.99333","1,313.53760","0.00481","0.00079","33.76148"
"29.90000","0.99647","1,315.96472","0.00481","0.00076","33.82386"
"30.00000","0.99998","1,319.27222","0.00483","0.00074","33.90887"
"30.10000","1.00334","1,322.88599","0.00482","0.00076","34.00176"
"30.20000","1.00656","1,325.56335","0.00485","0.00070","34.07057"
"30.30000","1.01007","1,328.23132","0.00487","0.00051","34.13915"
"30.40000","1.01343","1,331.03589","0.00488","0.00066","34.21123"
"30.50000","1.01665","1,334.05591","0.00490","0.00061","34.28886"
"30.60000","1.02001","1,338.09912","0.00491","0.00061","34.39278"
"30.70000","1.02330","1,340.42444","0.00492","0.00067","34.45255"
"30.80000","1.02659","1,344.05652","0.00492","0.00071","34.54590"
"30.90000","1.02995","1,346.39148","0.00494","0.00089","34.60591"
"31.00000","1.03339","1,350.29895","0.00498","0.00079","34.70634"
"31.10000","1.03668","1,353.24133","0.00494","0.00084","34.78197"
"31.20000","1.03989","1,356.30103","0.00500","0.00080","34.86061"
"31.30000","1.04333","1,358.80396","0.00500","0.00110","34.92495"
"31.40000","1.04669","1,362.66272","0.00501","0.00116","35.02413"
"31.50000","1.04990","1,365.24548","0.00501","0.00106","35.09051"
"31.60000","1.05334","1,368.08594","0.00504","0.00107","35.16352"
"31.70000","1.05670","1,371.42554","0.00506","0.00105","35.24936"
"31.80000","1.05999","1,374.73132","0.00510","0.00107","35.33432"
"31.90000","1.06336","1,376.90894","0.00510","0.00105","35.39029"
"32.00000","1.06672","1,379.49097","0.00512","0.00105","35.45666"
"32.10000","1.06993","1,383.54175","0.00512","0.00106","35.56078"
"32.20000","1.07330","1,386.08325","0.00516","0.00107","35.62610"
"32.30000","1.07673","1,389.38757","0.00517","0.00096","35.71103"
"32.40000","1.08002","1,393.04785","0.00519","0.00082","35.80511"
"32.50000","1.08331","1,395.21704","0.00523","0.00083","35.86086"
"32.60000","1.08675","1,399.02869","0.00523","0.00087","35.95883"
"32.70000","1.09004","1,401.61389","0.00525","0.00088","36.02528"
"32.80000","1.09325","1,404.75916","0.00526","0.00091","36.10612"
"32.90000","1.09661","1,407.42603","0.00529","0.00091","36.17467"
"33.00000","1.09998","1,410.40417","0.00529","0.00093","36.25121"
"33.10000","1.10327","1,414.07654","0.00532","0.00100","36.34560"
"33.20000","1.10670","1,417.06458","0.00533","0.00101","36.42240"
"33.30000","1.11022","1,420.30945","0.00535","0.00090","36.50581"
"33.40000","1.11328","1,422.49585","0.00533","0.00087","36.56200"
"33.50000","1.11657","1,425.74780","0.00536","0.00085","36.64558"
"33.60000","1.12001","1,429.03455","0.00539","0.00068","36.73006"
"33.70000","1.12330","1,432.62097","0.00541","0.00066","36.82224"
"33.80000","1.12666","1,435.06482","0.00544","0.00075","36.88506"
"33.90000","1.13010","1,438.68103","0.00543","0.00078","36.97800"
"34.00000","1.13338","1,441.71338","0.00549","0.00080","37.05594"
"34.10000","1.13660","1,443.97229","0.00547","0.00090","37.11400"
"34.20000","1.13996","1,447.19263","0.00544","0.00094","37.19678"
"34.30000","1.14332","1,450.75818","0.00548","0.00084","37.28842"
"34.40000","1.14654","1,452.95544","0.00549","0.00114","37.34489"
"34.50000","1.14998","1,455.97656","0.00551","0.00134","37.42255"
"34.60000","1.15349","1,460.03162","0.00553","0.00130","37.52677"
"34.70000","1.15663","1,462.96838","0.00553","0.00127","37.60226"
"34.80000","1.15999","1,465.22192","0.00553","0.00126","37.66018"
"34.90000","1.16343","1,468.67676","0.00557","0.00124","37.74898"
"35.00000","1.16657","1,471.26892","0.00556","0.00124","37.81560"
"35.10000","1.17001","1,473.51489","0.00560","0.00122","37.87333"
"35.20000","1.17337","1,476.70398","0.00560","0.00120","37.95530"
"35.30000","1.17673","1,479.88940","0.00560","0.00115","38.03717"
"35.40000","1.18002","1,482.90735","0.00564","0.00117","38.11474"
"35.50000","1.18331","1,485.68152","0.00565","0.00129","38.18604"
"35.60000","1.18675","1,488.19849","0.00568","0.00108","38.25074"
"35.70000","1.18989","1,491.51050","0.00569","0.00099","38.33587"
"35.80000","1.19332","1,494.63245","0.00570","0.00101","38.41611"
"35.90000","1.19676","1,497.33521","0.00574","0.00106","38.48558"
"36.00000","1.19990","1,499.64685","0.00575","0.00105","38.54499"
"36.10000","1.20334","1,502.43567","0.00576","0.00110","38.61667"
"36.20000","1.20678","1,506.12329","0.00576","0.00102","38.71145"
"36.30000","1.20992","1,508.75525","0.00578","0.00115","38.77910"
"36.40000","1.21335","1,511.51013","0.00582","0.00113","38.84991"
"36.50000","1.21664","1,514.49829","0.00582","0.00109","38.92671"
"36.60000","1.21993","1,517.32642","0.00583","0.00111","38.99940"
"36.70000","1.22337","1,519.54956","0.00586","0.00105","39.05655"
"36.80000","1.22673","1,522.88586","0.00587","0.00096","39.14230"
"36.90000","1.23009","1,525.59692","0.00588","0.00080","39.21198"
"37.00000","1.23323","1,527.83105","0.00591","0.00084","39.26940"
"37.10000","1.23667","1,530.92920","0.00593","0.00092","39.34903"
"37.20000","1.24003","1,534.28027","0.00594","0.00107","39.43517"
"37.30000","1.24317","1,536.80664","0.00598","0.00118","39.50010"
"37.40000","1.24676","1,539.13208","0.00599","0.00107","39.55987"
"37.50000","1.25012","1,542.54517","0.00599","0.00111","39.64759"
"37.60000","1.25319","1,544.51575","0.00601","0.00113","39.69824"
"37.70000","1.25670","1,547.51562","0.00602","0.00134","39.77535"
"37.80000","1.25999","1,550.33484","0.00602","0.00153","39.84781"
"37.90000","1.26320","1,552.84692","0.00602","0.00156","39.91238"
"38.00000","1.26664","1,556.68933","0.00606","0.00146","40.01114"
"38.10000","1.27000","1,558.79663","0.00606","0.00143","40.06530"
"38.20000","1.27337","1,562.08313","0.00611","0.00140","40.14977"
"38.30000","1.27658","1,564.18396","0.00607","0.00139","40.20377"
"38.40000","1.27994","1,567.85608","0.00609","0.00146","40.29815"
"38.50000","1.28331","1,570.26477","0.00613","0.00140","40.36006"
"38.60000","1.28645","1,573.01892","0.00612","0.00143","40.43085"
"38.70000","1.29003","1,575.57935","0.00613","0.00146","40.49666"
"38.80000","1.29340","1,578.55396","0.00614","0.00145","40.57312"
"38.90000","1.29661","1,581.21289","0.00617","0.00121","40.64146"
"39.00000","1.30005","1,584.74316","0.00618","0.00137","40.73220"
"39.10000","1.30341","1,587.49963","0.00620","0.00130","40.80305"
"39.20000","1.30663","1,589.42578","0.00622","0.00125","40.85255"
"39.30000","1.30999","1,592.11060","0.00623","0.00120","40.92156"
"39.40000","1.31335","1,594.33899","0.00624","0.00125","40.97884"
"39.50000","1.31664","1,596.91931","0.00627","0.00127","41.04516"
"39.60000","1.32000","1,600.71045","0.00625","0.00130","41.14260"
"39.70000","1.32337","1,602.83557","0.00630","0.00137","41.19722"
"39.80000","1.32673","1,606.14160","0.00632","0.00125","41.28220"
"39.90000","1.32987","1,608.05994","0.00632","0.00129","41.33150"
"40.00000","1.33331","1,611.26111","0.00637","0.00126","41.41378"
"40.10000","1.33674","1,613.66724","0.00635","0.00107","41.47562"
"40.20000","1.33988","1,616.84583","0.00638","0.00088","41.55732"
"40.30000","1.34340","1,619.22241","0.00640","0.00105","41.61841"
"40.40000","1.34676","1,621.68884","0.00642","0.00116","41.68180"
"40.50000","1.34997","1,624.98657","0.00643","0.00131","41.76656"
"40.60000","1.35326","1,626.50696","0.00647","0.00140","41.80564"
"40.70000","1.35662","1,629.21497","0.00650","0.00139","41.87524"
"40.80000","1.35991","1,633.57202","0.00651","0.00132","41.98723"
"40.90000","1.36328","1,634.82654","0.00655","0.00147","42.01947"
"41.00000","1.36671","1,638.36426","0.00653","0.00160","42.11040"
"41.10000","1.37000","1,641.09436","0.00655","0.00181","42.18058"
"41.20000","1.37322","1,642.67920","0.00656","0.00167","42.22131"
"41.30000","1.37673","1,646.69031","0.00658","0.00168","42.32441"
"41.40000","1.38002","1,648.64343","0.00660","0.00163","42.37461"
"41.50000","1.38323","1,652.20032","0.00659","0.00169","42.46603"
"41.60000","1.38667","1,654.13281","0.00660","0.00160","42.51570"
"41.70000","1.39011","1,657.22925","0.00662","0.00166","42.59529"
"41.80000","1.39332","1,660.51501","0.00663","0.00158","42.67974"
"41.90000","1.39668","1,662.01941","0.00664","0.00158","42.71841"
"42.00000","1.40005","1,665.66333","0.00666","0.00165","42.81207"
"42.10000","1.40326","1,667.92346","0.00667","0.00166","42.87016"
"42.20000","1.40662","1,670.34290","0.00668","0.00145","42.93234"
"42.30000","1.41006","1,673.56995","0.00668","0.00153","43.01529"
"42.40000","1.41335","1,675.64246","0.00667","0.00142","43.06855"
"42.50000","1.41664","1,677.74854","0.00669","0.00145","43.12269"
"42.60000","1.42008","1,680.75537","0.00672","0.00150","43.19997"
"42.70000","1.42336","1,683.30042","0.00673","0.00145","43.26538"
"42.80000","1.42658","1,686.04053","0.00673","0.00148","43.33582"
"42.90000","1.42994","1,688.18237","0.00675","0.00148","43.39087"
"43.00000","1.43338","1,691.56787","0.00680","0.00149","43.47788"
"43.10000","1.43659","1,692.89807","0.00679","0.00151","43.51207"
"43.20000","1.44003","1,696.78540","0.00682","0.00149","43.61199"
"43.30000","1.44347","1,698.80359","0.00684","0.00144","43.66386"
"43.40000","1.44653","1,701.91541","0.00686","0.00137","43.74384"
"43.50000","1.44997","1,703.79785","0.00690","0.00116","43.79222"
"43.60000","1.45341","1,706.89648","0.00693","0.00132","43.87187"
"43.70000","1.45662","1,708.86926","0.00691","0.00137","43.92257"
"43.80000","1.45999","1,711.90649","0.00695","0.00155","44.00064"
"43.90000","1.46342","1,714.23474","0.00698","0.00153","44.06048"
"44.00000","1.46671","1,717.42529","0.00702","0.00148","44.14249"
"44.10000","1.46993","1,718.74255","0.00702","0.00152","44.17635"
"44.20000","1.47329","1,722.21790","0.00703","0.00173","44.26567"
"44.30000","1.47665","1,724.97498","0.00706","0.00171","44.33654"
"44.40000","1.47987","1,727.07178","0.00707","0.00169","44.39043"
"44.50000","1.48330","1,730.46912","0.00706","0.00193","44.47775"
"44.60000","1.48682","1,732.88342","0.00710","0.00187","44.53980"
"44.70000","1.48988","1,734.45532","0.00711","0.00191","44.58020"
"44.80000","1.49332","1,736.94189","0.00711","0.00184","44.64412"
"44.90000","1.49676","1,740.34631","0.00710","0.00185","44.73162"
"45.00000","1.49989","1,742.27649","0.00713","0.00188","44.78123"
"45.10000","1.50333","1,745.22327","0.00713","0.00170","44.85697"
"45.20000","1.50670","1,747.06653","0.00718","0.00181","44.90435"
"45.30000","1.50998","1,749.52100","0.00716","0.00178","44.96743"
"45.40000","1.51335","1,752.33350","0.00719","0.00183","45.03972"
"45.50000","1.51671","1,754.97546","0.00718","0.00172","45.10763"
"45.60000","1.52007","1,758.40588","0.00721","0.00166","45.19580"
"45.70000","1.52321","1,760.83911","0.00720","0.00164","45.25834"
"45.80000","1.52665","1,762.43835","0.00721","0.00163","45.29945"
"45.90000","1.53009","1,765.31226","0.00724","0.00167","45.37331"
"46.00000","1.53323","1,767.48035","0.00726","0.00181","45.42904"
"46.10000","1.53674","1,770.64673","0.00730","0.00167","45.51042"
"46.20000","1.54010","1,773.63330","0.00730","0.00173","45.58718"
"46.30000","1.54317","1,775.32068","0.00731","0.00162","45.63056"
"46.40000","1.54668","1,777.69678","0.00734","0.00167","45.69163"
"46.50000","1.54997","1,779.73328","0.00734","0.00170","45.74397"
"46.60000","1.55326","1,781.99695","0.00738","0.00152","45.80215"
"46.70000","1.55662","1,785.37219","0.00740","0.00143","45.88891"
"46.80000","1.56006","1,788.34204","0.00742","0.00140","45.96524"
"46.90000","1.56342","1,790.61707","0.00746","0.00166","46.02372"
"47.00000","1.56656","1,792.25073","0.00747","0.00178","46.06570"
"47.10000","1.56992","1,795.44556","0.00747","0.00182","46.14782"
"47.20000","1.57336","1,797.54370","0.00752","0.00176","46.20175"
"47.30000","1.57650","1,799.44373","0.00756","0.00179","46.25058"
"47.40000","1.58001","1,802.06543","0.00753","0.00188","46.31797"
"47.50000","1.58345","1,804.75342","0.00756","0.00205","46.38706"
"47.60000","1.58666","1,807.69409","0.00759","0.00183","46.46264"
"47.70000","1.59010","1,809.44983","0.00761","0.00210","46.50777"
"47.80000","1.59332","1,812.37036","0.00763","0.00205","46.58283"
"47.90000","1.59660","1,814.64197","0.00765","0.00197","46.64122"
"48.00000","1.59997","1,817.09253","0.00764","0.00207","46.70420"
"48.10000","1.60333","1,819.17200","0.00763","0.00200","46.75766"
"48.20000","1.60669","1,821.30933","0.00766","0.00201","46.81259"
"48.30000","1.60998","1,823.38599","0.00770","0.00194","46.86597"
"48.40000","1.61335","1,826.63721","0.00766","0.00197","46.94953"
"48.50000","1.61671","1,829.54834","0.00768","0.00197","47.02435"
"48.60000","1.61985","1,830.84106","0.00768","0.00191","47.05758"
"48.70000","1.62329","1,833.67822","0.00773","0.00190","47.13050"
"48.80000","1.62672","1,836.70374","0.00772","0.00175","47.20827"
"48.90000","1.62994","1,838.67566","0.00775","0.00178","47.25895"
"49.00000","1.63345","1,841.24060","0.00775","0.00183","47.32488"
"49.10000","1.63666","1,842.17920","0.00775","0.00181","47.34900"
"49.20000","1.63988","1,845.43115","0.00775","0.00185","47.43259"
"49.30000","1.64324","1,847.45325","0.00779","0.00188","47.48456"
"49.40000","1.64660","1,849.96741","0.00781","0.00179","47.54918"
"49.50000","1.64997","1,852.61072","0.00786","0.00193","47.61712"
"49.60000","1.65325","1,855.15381","0.00782","0.00185","47.68248"
"49.70000","1.65677","1,856.79016","0.00800","0.00179","47.72454"
"49.80000","1.66006","1,859.82581","0.00785","0.00159","47.80257"
"49.90000","1.66319","1,861.99670","0.00789","0.00153","47.85836"
"50.00000","1.66671","1,864.44031","0.00793","0.00160","47.92117"
"50.10000","1.67007","1,866.79199","0.00794","0.00152","47.98162"
"50.20000","1.67321","1,869.48608","0.00797","0.00182","48.05086"
"50.30000","1.67672","1,871.67371","0.00798","0.00195","48.10709"
"50.40000","1.68009","1,873.83911","0.00801","0.00192","48.16275"
"50.50000","1.68330","1,876.17188","0.00803","0.00193","48.22271"
"50.60000","1.68666","1,877.41724","0.00802","0.00195","48.25471"
"50.70000","1.69003","1,880.68921","0.00806","0.00185","48.33881"
"50.80000","1.69331","1,883.17297","0.00808","0.00209","48.40265"
"50.90000","1.69660","1,885.07812","0.00810","0.00224","48.45162"
"51.00000","1.70004","1,887.84875","0.00813","0.00219","48.52283"
"51.10000","1.70340","1,889.37634","0.00812","0.00226","48.56210"
"51.20000","1.70662","1,892.01233","0.00814","0.00220","48.62985"
"51.30000","1.71005","1,894.18665","0.00816","0.00214","48.68573"
"51.40000","1.71334","1,896.79150","0.00819","0.00208","48.75269"
"51.50000","1.71656","1,898.90283","0.00818","0.00214","48.80695"
"51.60000","1.71992","1,900.70911","0.00821","0.00225","48.85338"
"51.70000","1.72336","1,903.74585","0.00819","0.00223","48.93143"
"51.80000","1.72665","1,904.85083","0.00820","0.00215","48.95983"
"51.90000","1.73001","1,907.87915","0.00824","0.00210","49.03767"
"52.00000","1.73345","1,910.94592","0.00826","0.00199","49.11649"
"52.10000","1.73659","1,912.45129","0.00824","0.00203","49.15519"
"52.20000","1.73995","1,914.09998","0.00827","0.00198","49.19756"
"52.30000","1.74339","1,917.16565","0.00833","0.00204","49.27636"
"52.40000","1.74668","1,919.38257","0.00831","0.00205","49.33334"
"52.50000","1.74996","1,920.61621","0.00829","0.00202","49.36505"
"52.60000","1.75348","1,924.10559","0.00834","0.00204","49.45473"
"52.70000","1.75669","1,926.20032","0.00834","0.00202","49.50857"
"52.80000","1.75990","1,927.63391","0.00833","0.00200","49.54542"
"52.90000","1.76327","1,930.02563","0.00834","0.00196","49.60689"
"53.00000","1.76671","1,932.82642","0.00847","0.00193","49.67888"
"53.10000","1.76984","1,934.02258","0.00839","0.00185","49.70963"
"53.20000","1.77328","1,936.30212","0.00845","0.00176","49.76822"
"53.30000","1.77687","1,939.54443","0.00850","0.00162","49.85155"
"53.40000","1.77986","1,941.11218","0.00852","0.00186","49.89185"
"53.50000","1.78330","1,943.22205","0.00848","0.00209","49.94608"
"53.60000","1.78673","1,945.30249","0.00851","0.00211","49.99955"
"53.70000","1.78995","1,947.62964","0.00851","0.00209","50.05936"
"53.80000","1.79331","1,949.93787","0.00850","0.00213","50.11869"
"53.90000","1.79675","1,952.94897","0.00854","0.00207","50.19609"
"54.00000","1.80004","1,953.95203","0.00855","0.00217","50.22187"
"54.10000","1.80333","1,956.14038","0.00857","0.00218","50.27811"
"54.20000","1.80669","1,957.86353","0.00860","0.00233","50.32240"
"54.30000","1.81005","1,961.26025","0.00861","0.00234","50.40971"
"54.40000","1.81319","1,963.15906","0.00863","0.00232","50.45851"
"54.50000","1.81663","1,965.24182","0.00864","0.00236","50.51204"
"54.60000","1.82014","1,968.14832","0.00867","0.00232","50.58675"
"54.70000","1.82328","1,970.69067","0.00868","0.00231","50.65210"
"54.80000","1.82672","1,971.98926","0.00869","0.00235","50.68547"
"54.90000","1.83008","1,974.52417","0.00872","0.00230","50.75063"
"55.00000","1.83322","1,975.95215","0.00874","0.00230","50.78733"
"55.10000","1.83666","1,978.22363","0.00873","0.00231","50.84571"
"55.20000","1.84002","1,980.98499","0.00875","0.00219","50.91669"
"55.30000","1.84331","1,982.66895","0.00872","0.00220","50.95997"
"55.40000","1.84667","1,984.95093","0.00878","0.00214","51.01862"
"55.50000","1.85004","1,987.08826","0.00879","0.00220","51.07356"
"55.60000","1.85340","1,990.28979","0.00879","0.00218","51.15585"
"55.70000","1.85654","1,991.73022","0.00879","0.00221","51.19287"
"55.80000","1.85998","1,994.58508","0.00884","0.00217","51.26625"
"55.90000","1.86341","1,996.13892","0.00885","0.00214","51.30618"
"56.00000","1.86655","1,998.46155","0.00886","0.00213","51.36588"
"56.10000","1.87007","2,001.15259","0.00889","0.00215","51.43505"
"56.20000","1.87350","2,002.80432","0.00891","0.00213","51.47750"
"56.30000","1.87657","2,004.75232","0.00888","0.00198","51.52757"
"56.40000","1.88001","2,007.08484","0.00899","0.00199","51.58752"
"56.50000","1.88329","2,009.27441","0.00895","0.00184","51.64380"
"56.60000","1.88658","2,011.89905","0.00915","0.00193","51.71126"
"56.70000","1.88995","2,013.51514","0.00907","0.00200","51.75280"
"56.80000","1.89331","2,016.81055","0.00900","0.00229","51.83750"
"56.90000","1.89675","2,018.24719","0.00900","0.00221","51.87443"
"57.00000","1.89989","2,019.75903","0.00901","0.00227","51.91328"
"57.10000","1.90332","2,023.40247","0.00904","0.00223","52.00693"
"57.20000","1.90669","2,024.66736","0.00901","0.00223","52.03944"
"57.30000","1.90983","2,026.82593","0.00906","0.00230","52.09492"
"57.40000","1.91334","2,029.36194","0.00908","0.00254","52.16011"
"57.50000","1.91678","2,030.89380","0.00910","0.00247","52.19948"
"57.60000","1.91999","2,033.72314","0.00910","0.00255","52.27220"
"57.70000","1.92335","2,035.76501","0.00913","0.00254","52.32468"
"57.80000","1.92664","2,037.28772","0.00917","0.00249","52.36382"
"57.90000","1.92993","2,038.79639","0.00916","0.00244","52.40260"
"58.00000","1.93322","2,042.51428","0.00920","0.00252","52.49816"
"58.10000","1.93658","2,043.86975","0.00920","0.00248","52.53300"
"58.20000","1.94010","2,046.50073","0.00921","0.00252","52.60062"
"58.30000","1.94323","2,047.87366","0.00925","0.00254","52.63591"
"58.40000","1.94675","2,050.59937","0.00926","0.00238","52.70597"
"58.50000","1.95011","2,052.67749","0.00926","0.00237","52.75938"
"58.60000","1.95317","2,053.81567","0.00931","0.00235","52.78863"
"58.70000","1.95669","2,056.80249","0.00933","0.00227","52.86540"
"58.80000","1.96012","2,059.57837","0.00933","0.00233","52.93675"
"58.90000","1.96326","2,060.70020","0.00934","0.00230","52.96558"
"59.00000","1.96670","2,062.26270","0.00936","0.00226","53.00574"
"59.10000","1.97006","2,065.29834","0.00937","0.00230","53.08377"
"59.20000","1.97335","2,067.55054","0.00938","0.00236","53.14165"
"59.30000","1.97664","2,069.20288","0.00939","0.00229","53.18413"
"59.40000","1.97993","2,071.81226","0.00940","0.00242","53.25119"
"59.50000","1.98329","2,073.81445","0.00939","0.00237","53.30265"
"59.60000","1.98658","2,075.17944","0.00956","0.00210","53.33774"
"59.70000","1.99002","2,077.76245","0.00957","0.00217","53.40413"
"59.80000","1.99346","2,080.31323","0.00954","0.00197","53.46969"
"59.90000","1.99652","2,081.83228","0.00946","0.00224","53.50874"
"60.00000","2.00003","2,084.35107","0.00949","0.00238","53.57347"
"60.10000","2.00332","2,086.34375","0.00961","0.00242","53.62469"
"60.20000","2.00654","2,088.03784","0.00952","0.00231","53.66824"
"60.30000","2.01005","2,090.16284","0.00962","0.00238","53.72285"
"60.40000","2.01341","2,092.12964","0.00963","0.00240","53.77341"
"60.50000","2.01663","2,094.29053","0.00967","0.00243","53.82895"
"60.60000","2.01999","2,096.71582","0.00964","0.00247","53.89128"
"60.70000","2.02343","2,098.16040","0.00965","0.00250","53.92841"
"60.80000","2.02664","2,100.24829","0.00960","0.00267","53.98208"
"60.90000","2.02993","2,102.03223","0.00962","0.00265","54.02793"
"61.00000","2.03344","2,104.52295","0.00964","0.00271","54.09195"
"61.10000","2.03666","2,106.37866","0.00966","0.00269","54.13964"
"61.20000","2.03994","2,108.45630","0.00967","0.00265","54.19305"
"61.30000","2.04338","2,109.92236","0.00969","0.00269","54.23073"
"61.40000","2.04674","2,112.69531","0.00971","0.00263","54.30200"
"61.50000","2.04988","2,114.31372","0.00973","0.00262","54.34360"
"61.60000","2.05332","2,116.01343","0.00975","0.00272","54.38728"
"61.70000","2.05676","2,117.90625","0.00975","0.00249","54.43594"
"61.80000","2.05997","2,119.92432","0.00982","0.00243","54.48780"
"61.90000","2.06326","2,122.50659","0.00982","0.00243","54.55418"
"62.00000","2.06677","2,123.92993","0.00982","0.00247","54.59076"
"62.10000","2.06991","2,126.19580","0.00987","0.00238","54.64900"
"62.20000","2.07320","2,127.35205","0.00984","0.00247","54.67872"
"62.30000","2.07671","2,130.36377","0.00986","0.00242","54.75613"
"62.40000","2.08000","2,132.53198","0.00989","0.00244","54.81186"
"62.50000","2.08329","2,134.17456","0.00990","0.00243","54.85407"
"62.60000","2.08673","2,136.19946","0.00989","0.00247","54.90612"
"62.70000","2.09002","2,138.41650","0.00992","0.00247","54.96310"
"62.80000","2.09323","2,139.83569","0.00990","0.00241","54.99958"
"62.90000","2.09659","2,142.25586","0.00990","0.00233","55.06179"
"63.00000","2.10003","2,143.85962","0.00991","0.00223","55.10301"
"63.10000","2.10317","2,145.48730","0.01011","0.00217","55.14484"
"63.20000","2.10668","2,148.11328","0.00994","0.00248","55.21234"
"63.30000","2.11020","2,150.02100","0.00996","0.00255","55.26137"
"63.40000","2.11326","2,151.82202","0.01002","0.00259","55.30766"
"63.50000","2.11662","2,153.28394","0.01011","0.00259","55.34524"
"63.60000","2.12006","2,155.73169","0.01019","0.00261","55.40815"
"63.70000","2.12320","2,157.86597","0.01015","0.00262","55.46301"
"63.80000","2.12664","2,159.41284","0.01020","0.00260","55.50277"
"63.90000","2.13000","2,160.95361","0.01011","0.00264","55.54237"
"64.00000","2.13336","2,163.35938","0.01005","0.00286","55.60420"
"64.10000","2.13665","2,165.05444","0.01007","0.00286","55.64777"
"64.20000","2.14002","2,166.70679","0.01009","0.00292","55.69024"
"64.30000","2.14338","2,169.41479","0.01012","0.00284","55.75985"
"64.40000","2.14652","2,170.92920","0.01014","0.00282","55.79877"
"64.50000","2.14996","2,172.67017","0.01015","0.00288","55.84352"
"64.60000","2.15347","2,175.47192","0.01019","0.00288","55.91553"
"64.70000","2.15653","2,176.96753","0.01020","0.00281","55.95397"
"64.80000","2.15997","2,178.34424","0.01024","0.00293","55.98935"
"64.90000","2.16341","2,180.63208","0.01026","0.00290","56.04816"
"65.00000","2.16655","2,182.86133","0.01025","0.00265","56.10546"
"65.10000","2.16999","2,185.11938","0.01029","0.00273","56.16349"
"65.20000","2.17335","2,186.34619","0.01028","0.00276","56.19503"
"65.30000","2.17671","2,188.30737","0.01034","0.00269","56.24543"
"65.40000","2.18000","2,189.63306","0.01035","0.00271","56.27951"
"65.50000","2.18336","2,192.08423","0.01036","0.00274","56.34251"
"65.60000","2.18673","2,195.10913","0.01039","0.00271","56.42026"
"65.70000","2.18987","2,196.50562","0.01039","0.00269","56.45615"
"65.80000","2.19330","2,198.02197","0.01038","0.00269","56.49512"
"65.90000","2.19674","2,200.89331","0.01040","0.00267","56.56893"
"66.00000","2.19988","2,201.94312","0.01041","0.00268","56.59591"
"66.10000","2.20339","2,204.66333","0.01043","0.00258","56.66583"
"66.20000","2.20676","2,206.58984","0.01044","0.00252","56.71534"
"66.30000","2.20997","2,208.31738","0.01044","0.00240","56.75975"
"66.40000","2.21333","2,209.74243","0.01052","0.00242","56.79638"
"66.50000","2.21655","2,212.10669","0.01057","0.00255","56.85714"
"66.60000","2.21991","2,213.79712","0.01046","0.00279","56.90059"
"66.70000","2.22327","2,215.76611","0.01045","0.00279","56.95120"
"66.80000","2.22664","2,218.17114","0.01062","0.00284","57.01302"
"66.90000","2.23022","2,220.51416","0.01068","0.00282","57.07323"
"67.00000","2.23329","2,221.67847","0.01068","0.00281","57.10316"
"67.10000","2.23665","2,223.63110","0.01070","0.00279","57.15335"
"67.20000","2.24009","2,225.16309","0.01072","0.00299","57.19273"
"67.30000","2.24315","2,227.08472","0.01074","0.00304","57.24212"
"67.40000","2.24674","2,229.25098","0.01066","0.00313","57.29779"
"67.50000","2.25010","2,231.42773","0.01060","0.00301","57.35374"
"67.60000","2.25332","2,233.43115","0.01076","0.00305","57.40524"
"67.70000","2.25676","2,235.22754","0.01072","0.00310","57.45141"
"67.80000","2.26004","2,236.69727","0.01079","0.00309","57.48919"
"67.90000","2.26333","2,238.37036","0.01072","0.00306","57.53219"
"68.00000","2.26655","2,240.63672","0.01070","0.00308","57.59044"
"68.10000","2.26991","2,242.12695","0.01076","0.00300","57.62874"
"68.20000","2.27342","2,244.92334","0.01080","0.00298","57.70062"
"68.30000","2.27656","2,246.61670","0.01078","0.00292","57.74414"
"68.40000","2.28000","2,248.90723","0.01083","0.00288","57.80302"
"68.50000","2.28344","2,250.63721","0.01081","0.00282","57.84748"
"68.60000","2.28650","2,252.29907","0.01084","0.00285","57.89019"
"68.70000","2.29001","2,253.91992","0.01086","0.00282","57.93185"
"68.80000","2.29338","2,256.44165","0.01088","0.00283","57.99667"
"68.90000","2.29659","2,258.44653","0.01090","0.00288","58.04820"
"69.00000","2.30003","2,259.36523","0.01091","0.00278","58.07182"
"69.10000","2.30347","2,262.21558","0.01091","0.00280","58.14508"
"69.20000","2.30668","2,264.26831","0.01091","0.00278","58.19784"
"69.30000","2.30989","2,266.00928","0.01092","0.00281","58.24258"
"69.40000","2.31333","2,267.59741","0.01093","0.00272","58.28341"
"69.50000","2.31662","2,270.12988","0.01097","0.00273","58.34850"
"69.60000","2.31991","2,271.57788","0.01102","0.00266","58.38571"
"69.70000","2.32342","2,273.86572","0.01094","0.00269","58.44452"
"69.80000","2.32678","2,276.04248","0.01108","0.00281","58.50047"
"69.90000","2.32992","2,277.33960","0.01109","0.00299","58.53381"
"70.00000","2.33336","2,279.84497","0.01100","0.00293","58.59820"
"70.10000","2.33672","2,281.33398","0.01108","0.00292","58.63647"
"70.20000","2.33986","2,283.62305","0.01117","0.00300","58.69530"
"70.30000","2.34338","2,285.01709","0.01107","0.00299","58.73114"
"70.40000","2.34681","2,287.16138","0.01105","0.00324","58.78625"
"70.50000","2.35003","2,289.24048","0.01121","0.00315","58.83969"
"70.60000","2.35332","2,290.76660","0.01122","0.00326","58.87891"
"70.70000","2.35660","2,292.85352","0.01121","0.00325","58.93255"
"70.80000","2.35997","2,294.76343","0.01133","0.00321","58.98164"
"70.90000","2.36318","2,296.74805","0.01115","0.00317","59.03265"
"71.00000","2.36669","2,297.99438","0.01129","0.00320","59.06469"
"71.10000","2.36998","2,301.13965","0.01125","0.00321","59.14553"
"71.20000","2.37327","2,301.35352","0.01122","0.00323","59.15103"
"71.30000","2.37671","2,304.09766","0.01124","0.00309","59.22156"
"71.40000","2.38007","2,306.48999","0.01125","0.00316","59.28305"
"71.50000","2.38321","2,307.59912","0.01127","0.00310","59.31156"
"71.60000","2.38665","2,309.16504","0.01130","0.00304","59.35180"
"71.70000","2.39009","2,311.05005","0.01129","0.00305","59.40025"
"71.80000","2.39330","2,312.69775","0.01134","0.00311","59.44260"
"71.90000","2.39674","2,315.17578","0.01137","0.00296","59.50630"
"72.00000","2.40010","2,316.63208","0.01135","0.00302","59.54373"
"72.10000","2.40331","2,318.56274","0.01134","0.00303","59.59335"
"72.20000","2.40660","2,320.67212","0.01138","0.00306","59.64757"
"72.30000","2.41004","2,322.45972","0.01141","0.00297","59.69351"
"72.40000","2.41333","2,323.69946","0.01141","0.00292","59.72538"
"72.50000","2.41654","2,325.73560","0.01143","0.00287","59.77771"
"72.60000","2.42013","2,328.35889","0.01145","0.00290","59.84514"
"72.70000","2.42342","2,329.77783","0.01144","0.00284","59.88161"
"72.80000","2.42656","2,331.18774","0.01144","0.00279","59.91785"
"72.90000","2.42992","2,333.22144","0.01154","0.00290","59.97012"
"73.00000","2.43336","2,334.43652","0.01164","0.00292","60.00135"
"73.10000","2.43650","2,337.14087","0.01162","0.00298","60.07086"
"73.20000","2.44001","2,338.77832","0.01160","0.00313","60.11295"
"73.30000","2.44345","2,340.93359","0.01153","0.00303","60.16834"
"73.40000","2.44659","2,342.63525","0.01164","0.00311","60.21208"
"73.50000","2.44995","2,344.11426","0.01167","0.00309","60.25010"
"73.60000","2.45339","2,346.61841","0.01175","0.00310","60.31446"
"73.70000","2.45660","2,348.29443","0.01176","0.00316","60.35754"
"73.80000","2.45996","2,349.37671","0.01162","0.00332","60.38535"
"73.90000","2.46333","2,351.99487","0.01175","0.00331","60.45265"
"74.00000","2.46677","2,353.79004","0.01180","0.00346","60.49879"
"74.10000","2.46998","2,354.94702","0.01184","0.00335","60.52853"
"74.20000","2.47342","2,356.27417","0.01186","0.00340","60.56264"
"74.30000","2.47671","2,359.21606","0.01188","0.00339","60.63825"
"74.40000","2.47984","2,359.77075","0.01181","0.00333","60.65251"
"74.50000","2.48328","2,362.15332","0.01183","0.00335","60.71375"
"74.60000","2.48672","2,363.84058","0.01193","0.00330","60.75711"
"74.70000","2.48993","2,365.60596","0.01177","0.00330","60.80249"
"74.80000","2.49337","2,367.90723","0.01178","0.00317","60.86164"
"74.90000","2.49674","2,368.60962","0.01180","0.00319","60.87969"
"75.00000","2.49995","2,371.12036","0.01184","0.00314","60.94423"
"75.10000","2.50331","2,373.04370","0.01183","0.00315","60.99366"
"75.20000","2.50660","2,374.44946","0.01185","0.00318","61.02979"
"75.30000","2.50996","2,376.69824","0.01186","0.00311","61.08759"
"75.40000","2.51325","2,377.48560","0.01190","0.00316","61.10783"
"75.50000","2.51669","2,380.60840","0.01190","0.00309","61.18809"
"75.60000","2.52013","2,382.66162","0.01190","0.00317","61.24087"
"75.70000","2.52319","2,384.64819","0.01192","0.00311","61.29193"
"75.80000","2.52663","2,385.66357","0.01196","0.00309","61.31802"
"75.90000","2.53007","2,387.81372","0.01200","0.00299","61.37329"
"76.00000","2.53321","2,389.28735","0.01199","0.00296","61.41116"
"76.10000","2.53672","2,391.80029","0.01202","0.00310","61.47575"
"76.20000","2.54008","2,393.57788","0.01202","0.00306","61.52144"
"76.30000","2.54330","2,395.14380","0.01213","0.00328","61.56169"
"76.40000","2.54666","2,397.25024","0.01216","0.00315","61.61583"
"76.50000","2.54995","2,398.30591","0.01221","0.00322","61.64297"
"76.60000","2.55331","2,400.56860","0.01214","0.00332","61.70112"
"76.70000","2.55660","2,401.71851","0.01209","0.00325","61.73068"
"76.80000","2.55996","2,404.34766","0.01224","0.00326","61.79826"
"76.90000","2.56348","2,406.09473","0.01231","0.00333","61.84316"
"77.00000","2.56654","2,408.24414","0.01225","0.00330","61.89841"
"77.10000","2.56998","2,409.37573","0.01227","0.00349","61.92749"
"77.20000","2.57342","2,411.93726","0.01221","0.00349","61.99333"
"77.30000","2.57648","2,413.46875","0.01235","0.00354","62.03269"
"77.40000","2.57999","2,414.78418","0.01236","0.00353","62.06650"
"77.50000","2.58343","2,416.59326","0.01238","0.00349","62.11300"
"77.60000","2.58664","2,418.09619","0.01230","0.00346","62.15163"
"77.70000","2.59008","2,420.75928","0.01241","0.00346","62.22008"
"77.80000","2.59337","2,421.56445","0.01232","0.00344","62.24077"
"77.90000","2.59666","2,424.11841","0.01241","0.00345","62.30642"
"78.00000","2.59987","2,425.14087","0.01233","0.00342","62.33270"
"78.10000","2.60331","2,427.01050","0.01241","0.00339","62.38075"
"78.20000","2.60675","2,429.58789","0.01230","0.00341","62.44700"
"78.30000","2.60989","2,430.78833","0.01229","0.00330","62.47785"
"78.40000","2.61340","2,432.71680","0.01233","0.00333","62.52742"
"78.50000","2.61676","2,434.90674","0.01239","0.00332","62.58371"
"78.60000","2.61983","2,435.91040","0.01245","0.00342","62.60950"
"78.70000","2.62334","2,437.26660","0.01238","0.00335","62.64436"
"78.80000","2.62670","2,440.11475","0.01238","0.00330","62.71757"
"78.90000","2.62992","2,441.46313","0.01240","0.00328","62.75222"
"79.00000","2.63335","2,443.37500","0.01242","0.00328","62.80136"
"79.10000","2.63679","2,445.51880","0.01243","0.00323","62.85646"
"79.20000","2.64001","2,446.96558","0.01246","0.00315","62.89365"
"79.30000","2.64322","2,447.84033","0.01249","0.00320","62.91613"
"79.40000","2.64666","2,450.04028","0.01251","0.00324","62.97268"
"79.50000","2.64995","2,452.36060","0.01254","0.00317","63.03232"
"79.60000","2.65316","2,453.77393","0.01255","0.00337","63.06865"
"79.70000","2.65675","2,455.59570","0.01272","0.00338","63.11547"
"79.80000","2.66011","2,457.71606","0.01260","0.00342","63.16997"
"79.90000","2.66325","2,458.68042","0.01258","0.00342","63.19476"
"80.00000","2.66669","2,461.53589","0.01268","0.00341","63.26815"
"80.10000","2.67005","2,462.40430","0.01277","0.00356","63.29047"
"80.20000","2.67319","2,464.09985","0.01264","0.00341","63.33405"
"80.30000","2.67670","2,466.13379","0.01270","0.00363","63.38633"
"80.40000","2.68006","2,467.73169","0.01269","0.00375","63.42740"
"80.50000","2.68328","2,469.23877","0.01284","0.00368","63.46613"
"80.60000","2.68664","2,470.12183","0.01287","0.00377","63.48883"
"80.70000","2.69008","2,473.68140","0.01284","0.00375","63.58032"
"80.80000","2.69329","2,474.95435","0.01289","0.00361","63.61304"
"80.90000","2.69658","2,477.14429","0.01292","0.00370","63.66933"
"81.00000","2.70002","2,478.73340","0.01287","0.00372","63.71017"
"81.10000","2.70338","2,480.22925","0.01294","0.00368","63.74862"
"81.20000","2.70660","2,482.53589","0.01295","0.00357","63.80791"
"81.30000","2.71011","2,484.53662","0.01296","0.00352","63.85933"
"81.40000","2.71340","2,485.42676","0.01281","0.00348","63.88221"
"81.50000","2.71654","2,487.14868","0.01293","0.00346","63.92647"
"81.60000","2.71997","2,488.76001","0.01292","0.00352","63.96788"
"81.70000","2.72334","2,490.92529","0.01288","0.00349","64.02354"
"81.80000","2.72655","2,492.68164","0.01286","0.00352","64.06868"
"81.90000","2.72999","2,494.55664","0.01287","0.00347","64.11687"
"82.00000","2.73350","2,496.15601","0.01290","0.00344","64.15798"
"82.10000","2.73664","2,497.71045","0.01298","0.00345","64.19793"
"82.20000","2.73993","2,499.15161","0.01293","0.00341","64.23498"
"82.30000","2.74337","2,501.19214","0.01295","0.00342","64.28742"
"82.40000","2.74666","2,503.51440","0.01296","0.00330","64.34711"
"82.50000","2.74994","2,504.81079","0.01303","0.00322","64.38043"
"82.60000","2.75338","2,506.47388","0.01301","0.00327","64.42318"
"82.70000","2.75682","2,508.39478","0.01307","0.00343","64.47255"
"82.80000","2.75996","2,510.21558","0.01314","0.00343","64.51935"
"82.90000","2.76332","2,512.42920","0.01314","0.00356","64.57625"
"83.00000","2.76668","2,513.78467","0.01319","0.00364","64.61108"
"83.10000","2.76990","2,514.75146","0.01325","0.00360","64.63593"
"83.20000","2.77334","2,515.96484","0.01323","0.00359","64.66712"
"83.30000","2.77670","2,518.30176","0.01323","0.00360","64.72719"
"83.40000","2.77999","2,520.07446","0.01326","0.00378","64.77275"
"83.50000","2.78335","2,522.17212","0.01320","0.00391","64.82667"
"83.60000","2.78671","2,523.20654","0.01327","0.00377","64.85325"
"83.70000","2.78993","2,525.39673","0.01329","0.00387","64.90955"
"83.80000","2.79329","2,527.00244","0.01337","0.00388","64.95081"
"83.90000","2.79658","2,529.30029","0.01336","0.00387","65.00988"
"84.00000","2.80002","2,530.76221","0.01335","0.00391","65.04745"
"84.10000","2.80331","2,532.40234","0.01341","0.00386","65.08961"
"84.20000","2.80659","2,534.73975","0.01342","0.00384","65.14969"
"84.30000","2.81003","2,535.26489","0.01345","0.00380","65.16319"
"84.40000","2.81317","2,537.44189","0.01337","0.00374","65.21914"
"84.50000","2.81661","2,539.14453","0.01344","0.00366","65.26290"
"84.60000","2.82005","2,541.15137","0.01346","0.00368","65.31448"
"84.70000","2.82326","2,542.65454","0.01345","0.00365","65.35312"
"84.80000","2.82677","2,544.56641","0.01343","0.00365","65.40226"
"84.90000","2.83014","2,546.60083","0.01345","0.00368","65.45455"
"85.00000","2.83328","2,548.06421","0.01344","0.00364","65.49216"
"85.10000","2.83664","2,548.67383","0.01351","0.00361","65.50783"
"85.20000","2.83993","2,551.17651","0.01350","0.00372","65.57216"
"85.30000","2.84329","2,553.71997","0.01340","0.00366","65.63753"
"85.40000","2.84658","2,554.15820","0.01342","0.00361","65.64880"
"85.50000","2.84994","2,556.35303","0.01342","0.00350","65.70521"
"85.60000","2.85353","2,558.53979","0.01349","0.00360","65.76141"
"85.70000","2.85652","2,559.94531","0.01357","0.00356","65.79754"
"85.80000","2.85996","2,562.02686","0.01350","0.00352","65.85104"
"85.90000","2.86339","2,562.69189","0.01354","0.00349","65.86813"
"86.00000","2.86646","2,565.11426","0.01354","0.00368","65.93040"
"86.10000","2.87005","2,566.55493","0.01356","0.00359","65.96742"
"86.20000","2.87341","2,568.49097","0.01362","0.00372","66.01718"
"86.30000","2.87670","2,569.49170","0.01367","0.00378","66.04291"
"86.40000","2.88006","2,571.64185","0.01364","0.00375","66.09817"
"86.50000","2.88335","2,573.60889","0.01371","0.00381","66.14873"
"86.60000","2.88664","2,575.25342","0.01385","0.00379","66.19099"
"86.70000","2.88993","2,577.44922","0.01383","0.00377","66.24744"
"86.80000","2.89329","2,578.67041","0.01376","0.00380","66.27882"
"86.90000","2.89680","2,581.07397","0.01386","0.00405","66.34060"
"87.00000","2.89994","2,582.69507","0.01384","0.00394","66.38227"
"87.10000","2.90345","2,584.22388","0.01389","0.00405","66.42156"
"87.20000","2.90674","2,585.53955","0.01391","0.00403","66.45538"
"87.30000","2.90981","2,587.47217","0.01375","0.00390","66.50505"
"87.40000","2.91339","2,588.99170","0.01384","0.00400","66.54411"
"87.50000","2.91676","2,590.92188","0.01390","0.00403","66.59372"
"87.60000","2.91997","2,593.03271","0.01393","0.00397","66.64797"
"87.70000","2.92333","2,594.35181","0.01391","0.00389","66.68188"
"87.80000","2.92677","2,596.17432","0.01399","0.00386","66.72872"
"87.90000","2.92999","2,598.26270","0.01397","0.00381","66.78239"
"88.00000","2.93320","2,598.87256","0.01397","0.00384","66.79807"
"88.10000","2.93664","2,601.09009","0.01398","0.00381","66.85507"
"88.20000","2.94000","2,603.53125","0.01400","0.00382","66.91782"
"88.30000","2.94321","2,604.80859","0.01404","0.00377","66.95065"
"88.40000","2.94673","2,606.86670","0.01409","0.00381","67.00355"
"88.50000","2.95009","2,608.87695","0.01391","0.00371","67.05521"
"88.60000","2.95323","2,610.31372","0.01411","0.00375","67.09214"
"88.70000","2.95667","2,612.09497","0.01403","0.00365","67.13792"
"88.80000","2.96003","2,613.89893","0.01406","0.00366","67.18429"
"88.90000","2.96324","2,616.05859","0.01406","0.00367","67.23980"
"89.00000","2.96668","2,616.52856","0.01402","0.00358","67.25188"
"89.10000","2.97012","2,618.74146","0.01407","0.00376","67.30876"
"89.20000","2.97333","2,620.31665","0.01414","0.00378","67.34924"
"89.30000","2.97662","2,621.81592","0.01407","0.00377","67.38778"
"89.40000","2.97998","2,623.67432","0.01411","0.00378","67.43555"
"89.50000","2.98327","2,626.03955","0.01413","0.00395","67.49634"
"89.60000","2.98656","2,627.51465","0.01414","0.00391","67.53426"
"89.70000","2.99007","2,628.79907","0.01413","0.00395","67.56727"
"89.80000","2.99344","2,631.37695","0.01428","0.00394","67.63352"
"89.90000","2.99658","2,632.61597","0.01427","0.00390","67.66537"
"90.00000","3.00001","2,634.94263","0.01422","0.00398","67.72517"
"90.10000","3.00338","2,635.63794","0.01432","0.00409","67.74304"
"90.20000","3.00652","2,637.65576","0.01430","0.00404","67.79491"
"90.30000","3.01003","2,638.76123","0.01430","0.00420","67.82332"
"90.40000","3.01332","2,641.28296","0.01438","0.00424","67.88814"
"90.50000","3.01668","2,643.24194","0.01440","0.00419","67.93848"
"90.60000","3.02004","2,644.38892","0.01438","0.00420","67.96796"
"90.70000","3.02341","2,646.14233","0.01444","0.00423","68.01303"
"90.80000","3.02662","2,648.15137","0.01446","0.00420","68.06467"
"90.90000","3.02991","2,648.95947","0.01438","0.00415","68.08544"
"91.00000","3.03335","2,651.15186","0.01447","0.00410","68.14179"
"91.10000","3.03671","2,653.15479","0.01448","0.00399","68.19328"
"91.20000","3.03992","2,654.32715","0.01450","0.00404","68.22340"
"91.30000","3.04336","2,656.65381","0.01448","0.00401","68.28321"
"91.40000","3.04680","2,657.70459","0.01452","0.00400","68.31022"
"91.50000","3.04994","2,659.35425","0.01454","0.00397","68.35262"
"91.60000","3.05330","2,661.82104","0.01458","0.00394","68.41602"
"91.70000","3.05666","2,662.60962","0.01458","0.00399","68.43629"
"91.80000","3.05988","2,664.29102","0.01458","0.00398","68.47951"
"91.90000","3.06339","2,666.91235","0.01459","0.00399","68.54688"
"92.00000","3.06675","2,667.75342","0.01451","0.00392","68.56850"
"92.10000","3.06997","2,669.83643","0.01458","0.00389","68.62204"
"92.20000","3.07326","2,671.13867","0.01459","0.00391","68.65551"
"92.30000","3.07662","2,673.42871","0.01454","0.00389","68.71437"
"92.40000","3.07991","2,674.99365","0.01456","0.00387","68.75459"
"92.50000","3.08327","2,676.13647","0.01458","0.00390","68.78397"
"92.60000","3.08671","2,678.63257","0.01457","0.00391","68.84812"
"92.70000","3.09007","2,680.30664","0.01460","0.00406","68.89115"
"92.80000","3.09329","2,682.05029","0.01463","0.00418","68.93597"
"92.90000","3.09665","2,684.04614","0.01462","0.00414","68.98727"
"93.00000","3.10001","2,686.16895","0.01467","0.00411","69.04182"
"93.10000","3.10322","2,687.02515","0.01466","0.00411","69.06384"
"93.20000","3.10666","2,689.02319","0.01473","0.00420","69.11519"
"93.30000","3.11010","2,690.33228","0.01478","0.00413","69.14883"
"93.40000","3.11331","2,692.13403","0.01473","0.00423","69.19514"
"93.50000","3.11668","2,693.40210","0.01475","0.00435","69.22774"
"93.60000","3.12012","2,695.26562","0.01477","0.00431","69.27563"
"93.70000","3.12333","2,697.39136","0.01480","0.00429","69.33028"
"93.80000","3.12662","2,698.56592","0.01486","0.00432","69.36047"
"93.90000","3.12998","2,700.69946","0.01487","0.00437","69.41530"
"94.00000","3.13334","2,702.33301","0.01491","0.00436","69.45729"
"94.10000","3.13663","2,703.54053","0.01492","0.00431","69.48833"
"94.20000","3.14000","2,705.23169","0.01496","0.00431","69.53179"
"94.30000","3.14351","2,707.20947","0.01493","0.00424","69.58263"
"94.40000","3.14650","2,708.42041","0.01486","0.00413","69.61375"
"94.50000","3.14994","2,710.20337","0.01501","0.00418","69.65958"
"94.60000","3.15345","2,712.64307","0.01503","0.00414","69.72228"
"94.70000","3.15659","2,713.80347","0.01503","0.00418","69.75211"
"94.80000","3.16003","2,715.18481","0.01505","0.00420","69.78761"
"94.90000","3.16339","2,717.36719","0.01505","0.00415","69.84370"
"95.00000","3.16668","2,718.50879","0.01509","0.00413","69.87305"
"95.10000","3.16997","2,719.92944","0.01510","0.00415","69.90956"
"95.20000","3.17325","2,721.96899","0.01516","0.00406","69.96198"
"95.30000","3.17662","2,722.84717","0.01517","0.00400","69.98456"
"95.40000","3.17983","2,724.79419","0.01512","0.00409","70.03460"
"95.50000","3.18334","2,726.84814","0.01520","0.00394","70.08739"
"95.60000","3.18686","2,729.07104","0.01520","0.00399","70.14453"
"95.70000","3.18992","2,729.30591","0.01506","0.00395","70.15057"
"95.80000","3.19336","2,731.48999","0.01506","0.00405","70.20670"
"95.90000","3.19672","2,733.54150","0.01524","0.00399","70.25943"
"96.00000","3.19986","2,734.18213","0.01509","0.00413","70.27589"
"96.10000","3.20337","2,736.05591","0.01513","0.00428","70.32406"
"96.20000","3.20674","2,738.55640","0.01514","0.00425","70.38833"
"96.30000","3.21002","2,739.21948","0.01516","0.00422","70.40537"
"96.40000","3.21339","2,741.58374","0.01517","0.00416","70.46614"
"96.50000","3.21668","2,743.10352","0.01517","0.00437","70.50520"
"96.60000","3.21996","2,744.64111","0.01516","0.00441","70.54472"
"96.70000","3.22318","2,746.29785","0.01523","0.00437","70.58730"
"96.80000","3.22662","2,747.66602","0.01529","0.00442","70.62247"
"96.90000","3.23013","2,749.96338","0.01533","0.00453","70.68152"
"97.00000","3.23319","2,750.68066","0.01534","0.00452","70.69995"
"97.10000","3.23671","2,752.87061","0.01529","0.00447","70.75624"
"97.20000","3.24007","2,755.15161","0.01545","0.00452","70.81487"
"97.30000","3.24321","2,756.38501","0.01540","0.00447","70.84657"
"97.40000","3.24665","2,758.34326","0.01532","0.00450","70.89690"
"97.50000","3.25001","2,759.60986","0.01546","0.00447","70.92946"
"97.60000","3.25330","2,761.08691","0.01550","0.00434","70.96742"
"97.70000","3.25673","2,762.48926","0.01550","0.00436","71.00346"
"97.80000","3.26010","2,764.70508","0.01549","0.00435","71.06042"
"97.90000","3.26339","2,766.36401","0.01555","0.00429","71.10306"
"98.00000","3.26660","2,767.64136","0.01544","0.00429","71.13589"
"98.10000","3.26996","2,769.70142","0.01560","0.00429","71.18884"
"98.20000","3.27340","2,771.22705","0.01557","0.00431","71.22805"
"98.30000","3.27654","2,772.61108","0.01557","0.00423","71.26363"
"98.40000","3.28005","2,775.04932","0.01556","0.00422","71.32629"
"98.50000","3.28342","2,776.09741","0.01567","0.00421","71.35323"
"98.60000","3.28655","2,777.01172","0.01569","0.00420","71.37673"
"98.70000","3.28999","2,779.05396","0.01561","0.00425","71.42922"
"98.80000","3.29336","2,780.40405","0.01568","0.00432","71.46393"
"98.90000","3.29649","2,782.42725","0.01572","0.00424","71.51593"
"99.00000","3.30001","2,783.47412","0.01559","0.00407","71.54283"
"99.10000","3.30337","2,786.74878","0.01563","0.00426","71.62700"
"99.20000","3.30666","2,787.70264","0.01574","0.00416","71.65152"
"99.30000","3.31002","2,788.44824","0.01574","0.00416","71.67068"
"99.40000","3.31331","2,790.24390","0.01559","0.00437","71.71684"
"99.50000","3.31667","2,791.96411","0.01561","0.00439","71.76105"
"99.60000","3.31981","2,793.04468","0.01563","0.00441","71.78883"
"99.70000","3.32340","2,794.95166","0.01565","0.00440","71.83784"
"99.80000","3.32676","2,797.21606","0.01574","0.00447","71.89604"
"99.90000","3.32998","2,798.23218","0.01568","0.00444","71.92216"
"100.00000","3.33341","2,800.15576","0.01573","0.00463","71.97160"
"100.10000","3.33678","2,802.68506","0.01570","0.00456","72.03661"
"100.20000","3.33992","2,803.35889","0.01572","0.00465","72.05392"
"100.30000","3.34328","2,805.49121","0.01577","0.00461","72.10873"
"100.40000","3.34664","2,806.78711","0.01585","0.00466","72.14204"
"100.50000","3.34993","2,808.89331","0.01589","0.00458","72.19617"
"100.60000","3.35329","2,811.41553","0.01584","0.00457","72.26100"
"100.70000","3.35673","2,812.51099","0.01597","0.00458","72.28916"
"100.80000","3.36002","2,814.30371","0.01600","0.00457","72.33524"
"100.90000","3.36323","2,815.86182","0.01606","0.00452","72.37528"
"101.00000","3.36667","2,816.75366","0.01603","0.00449","72.39821"
"101.10000","3.36996","2,818.46021","0.01607","0.00449","72.44207"
"101.20000","3.37325","2,819.99316","0.01603","0.00438","72.48148"
"101.30000","3.37669","2,822.82788","0.01600","0.00444","72.55433"
"101.40000","3.38013","2,824.21875","0.01611","0.00437","72.59008"
"101.50000","3.38334","2,825.66479","0.01611","0.00439","72.62725"
"101.60000","3.38663","2,827.13379","0.01616","0.00435","72.66501"
"101.70000","3.38999","2,828.61841","0.01613","0.00433","72.70316"
"101.80000","3.39320","2,830.51050","0.01618","0.00435","72.75179"
"101.90000","3.39664","2,831.67822","0.01620","0.00429","72.78181"
"102.00000","3.40016","2,833.67896","0.01616","0.00442","72.83324"
"102.10000","3.40329","2,834.94971","0.01620","0.00431","72.86590"
"102.20000","3.40666","2,837.65405","0.01621","0.00431","72.93540"
"102.30000","3.41002","2,838.65356","0.01625","0.00425","72.96110"
"102.40000","3.41331","2,840.42480","0.01613","0.00428","73.00662"
"102.50000","3.41660","2,842.33521","0.01615","0.00440","73.05573"
"102.60000","3.41996","2,843.94531","0.01621","0.00448","73.09711"
"102.70000","3.42347","2,845.70239","0.01613","0.00442","73.14227"
"102.80000","3.42661","2,846.92969","0.01613","0.00445","73.17381"
"102.90000","3.42997","2,848.31299","0.01624","0.00453","73.20937"
"103.00000","3.43341","2,849.43481","0.01626","0.00454","73.23820"
"103.10000","3.43655","2,851.67822","0.01619","0.00458","73.29587"
"103.20000","3.43991","2,852.89429","0.01629","0.00462","73.32712"
"103.30000","3.44343","2,854.83887","0.01632","0.00452","73.37710"
"103.40000","3.44657","2,856.86304","0.01623","0.00473","73.42913"
"103.50000","3.45008","2,858.71777","0.01627","0.00473","73.47680"
"103.60000","3.45337","2,860.20825","0.01628","0.00464","73.51511"
"103.70000","3.45658","2,862.16113","0.01629","0.00473","73.56530"
"103.80000","3.45994","2,863.16162","0.01630","0.00471","73.59102"
"103.90000","3.46323","2,865.09302","0.01633","0.00478","73.64066"
"104.00000","3.46667","2,867.02075","0.01647","0.00463","73.69021"
"104.10000","3.46988","2,868.15674","0.01651","0.00454","73.71941"
"104.20000","3.47340","2,869.89673","0.01657","0.00461","73.76413"
"104.30000","3.47683","2,872.41919","0.01659","0.00462","73.82896"
"104.40000","3.47990","2,873.02490","0.01658","0.00455","73.84454"
"104.50000","3.48334","2,874.42920","0.01665","0.00456","73.88062"
"104.60000","3.48678","2,876.41431","0.01662","0.00453","73.93165"
"104.70000","3.48991","2,878.49829","0.01667","0.00454","73.98521"
"104.80000","3.49335","2,879.73706","0.01666","0.00451","74.01705"
"104.90000","3.49671","2,881.85376","0.01661","0.00440","74.07146"
"105.00000","3.50000","2,883.24536","0.01668","0.00448","74.10722"
"105.10000","3.50329","2,885.47241","0.01667","0.00457","74.16447"
"105.20000","3.50658","2,886.08008","0.01670","0.00448","74.18008"
"105.30000","3.51002","2,888.26050","0.01670","0.00465","74.23613"
"105.40000","3.51316","2,889.97754","0.01671","0.00461","74.28026"
"105.50000","3.51667","2,891.76978","0.01673","0.00432","74.32632"
"105.60000","3.52011","2,893.21167","0.01675","0.00445","74.36339"
"105.70000","3.52317","2,894.83008","0.01673","0.00455","74.40498"
"105.80000","3.52668","2,895.53174","0.01676","0.00461","74.42302"
"105.90000","3.53005","2,898.63135","0.01677","0.00455","74.50269"
"106.00000","3.53319","2,899.14038","0.01671","0.00463","74.51577"
"106.10000","3.53670","2,900.53296","0.01682","0.00466","74.55157"
"106.20000","3.54006","2,903.01270","0.01680","0.00471","74.61530"
"106.30000","3.54335","2,905.14600","0.01676","0.00477","74.67013"
"106.40000","3.54671","2,905.96143","0.01676","0.00473","74.69109"
"106.50000","3.55008","2,907.86108","0.01668","0.00490","74.73991"
"106.60000","3.55337","2,909.62305","0.01674","0.00484","74.78520"
"106.70000","3.55658","2,910.82422","0.01675","0.00498","74.81608"
"106.80000","3.56002","2,912.75879","0.01675","0.00495","74.86580"
"106.90000","3.56345","2,914.50366","0.01679","0.00495","74.91065"
"107.00000","3.56659","2,915.10156","0.01682","0.00496","74.92602"
"107.10000","3.57011","2,917.49585","0.01683","0.00497","74.98756"
"107.20000","3.57347","2,919.36450","0.01686","0.00483","75.03558"
"107.30000","3.57653","2,920.45801","0.01693","0.00488","75.06369"
"107.40000","3.57997","2,921.69507","0.01692","0.00488","75.09549"
"107.50000","3.58326","2,923.38574","0.01702","0.00482","75.13894"
"107.60000","3.58655","2,925.69385","0.01699","0.00482","75.19827"
"107.70000","3.58999","2,926.21680","0.01701","0.00476","75.21171"
"107.80000","3.59342","2,928.07715","0.01702","0.00464","75.25952"
"107.90000","3.59671","2,930.48364","0.01705","0.00470","75.32138"
"108.00000","3.59993","2,931.58618","0.01720","0.00476","75.34972"
"108.10000","3.60329","2,933.21191","0.01708","0.00467","75.39150"
"108.20000","3.60665","2,935.08398","0.01716","0.00468","75.43962"
"108.30000","3.60979","2,935.68384","0.01720","0.00458","75.45504"
"108.40000","3.61345","2,938.65674","0.01712","0.00458","75.53145"
"108.50000","3.61674","2,939.73193","0.01714","0.00477","75.55908"
"108.60000","3.61996","2,941.52759","0.01722","0.00465","75.60524"
"108.70000","3.62339","2,943.15405","0.01723","0.00460","75.64704"
"108.80000","3.62668","2,944.07373","0.01725","0.00452","75.67068"
"108.90000","3.62990","2,946.11035","0.01722","0.00464","75.72303"
"109.00000","3.63333","2,948.14160","0.01728","0.00458","75.77524"
"109.10000","3.63662","2,949.00757","0.01728","0.00471","75.79749"
"109.20000","3.63999","2,951.18701","0.01727","0.00473","75.85351"
"109.30000","3.64327","2,952.50488","0.01726","0.00479","75.88738"
"109.40000","3.64671","2,953.99658","0.01727","0.00484","75.92572"
"109.50000","3.65000","2,956.15430","0.01734","0.00477","75.98119"
"109.60000","3.65321","2,956.72485","0.01725","0.00478","75.99585"
"109.70000","3.65665","2,958.88770","0.01727","0.00487","76.05144"
"109.80000","3.66009","2,960.73926","0.01725","0.00495","76.09903"
"109.90000","3.66323","2,961.90918","0.01728","0.00499","76.12910"
"110.00000","3.66667","2,963.74536","0.01729","0.00497","76.17629"
"110.10000","3.67003","2,966.00610","0.01727","0.00496","76.23440"
"110.20000","3.67324","2,966.85498","0.01731","0.00498","76.25622"
"110.30000","3.67661","2,968.14795","0.01732","0.00506","76.28945"
"110.40000","3.67997","2,970.30835","0.01736","0.00499","76.34498"
"110.50000","3.68333","2,971.52490","0.01738","0.00503","76.37625"
"110.60000","3.68662","2,973.01270","0.01739","0.00493","76.41449"
"110.70000","3.69013","2,975.51270","0.01742","0.00482","76.47874"
"110.80000","3.69335","2,976.79224","0.01743","0.00481","76.51163"
"110.90000","3.69656","2,977.81641","0.01744","0.00480","76.53796"
"111.00000","3.70000","2,979.51001","0.01745","0.00482","76.58149"
"111.10000","3.70336","2,981.08960","0.01752","0.00477","76.62209"
"111.20000","3.70658","2,982.82764","0.01758","0.00479","76.66676"
"111.30000","3.71001","2,984.63135","0.01759","0.00475","76.71312"
"111.40000","3.71353","2,985.59399","0.01770","0.00482","76.73786"
"111.50000","3.71667","2,987.42773","0.01769","0.00477","76.78500"
"111.60000","3.71995","2,987.96997","0.01763","0.00462","76.79893"
"111.70000","3.72332","2,990.76611","0.01772","0.00479","76.87080"
"111.80000","3.72653","2,992.55933","0.01776","0.00486","76.91689"
"111.90000","3.72997","2,993.71509","0.01763","0.00485","76.94659"
"112.00000","3.73341","2,994.90137","0.01776","0.00469","76.97709"
"112.10000","3.73670","2,997.17847","0.01763","0.00475","77.03561"
"112.20000","3.73991","2,997.80469","0.01759","0.00464","77.05171"
"112.30000","3.74335","3,000.07520","0.01766","0.00477","77.11007"
"112.40000","3.74663","3,001.15039","0.01779","0.00486","77.13770"
"112.50000","3.74992","3,002.71899","0.01778","0.00488","77.17802"
"112.60000","3.75336","3,004.42090","0.01779","0.00489","77.22176"
"112.70000","3.75680","3,006.68115","0.01781","0.00485","77.27986"
"112.80000","3.75994","3,007.52979","0.01779","0.00486","77.30167"
"112.90000","3.76330","3,009.02466","0.01785","0.00481","77.34010"
"113.00000","3.76674","3,010.92139","0.01789","0.00513","77.38885"
"113.10000","3.76988","3,013.04761","0.01781","0.00510","77.44350"
"113.20000","3.77324","3,013.58789","0.01774","0.00516","77.45738"
"113.30000","3.77675","3,015.46582","0.01777","0.00507","77.50565"
"113.40000","3.77997","3,017.31201","0.01779","0.00503","77.55310"
"113.50000","3.78333","3,019.21191","0.01783","0.00506","77.60194"
"113.60000","3.78677","3,020.90356","0.01784","0.00504","77.64542"
"113.70000","3.78998","3,022.83740","0.01783","0.00503","77.69512"
"113.80000","3.79327","3,022.60742","0.01787","0.00501","77.68921"
"113.90000","3.79663","3,025.46997","0.01788","0.00496","77.76279"
"114.00000","3.80007","3,027.16553","0.01792","0.00490","77.80637"
"114.10000","3.80329","3,029.14233","0.01793","0.00486","77.85717"
"114.20000","3.80665","3,030.75464","0.01792","0.00486","77.89861"
"114.30000","3.81016","3,031.96899","0.01794","0.00485","77.92982"
"114.40000","3.81323","3,033.73999","0.01800","0.00484","77.97535"
"114.50000","3.81666","3,035.02246","0.01800","0.00484","78.00831"
"114.60000","3.82003","3,036.44116","0.01800","0.00481","78.04478"
"114.70000","3.82324","3,038.24219","0.01810","0.00485","78.09106"
"114.80000","3.82668","3,039.62280","0.01819","0.00475","78.12655"
"114.90000","3.83012","3,042.38208","0.01816","0.00476","78.19747"
"115.00000","3.83333","3,043.00195","0.01817","0.00493","78.21340"
"115.10000","3.83662","3,044.05566","0.01820","0.00493","78.24049"
"115.20000","3.83998","3,046.33472","0.01817","0.00479","78.29906"
"115.30000","3.84334","3,047.92773","0.01815","0.00471","78.34001"
"115.40000","3.84656","3,049.45239","0.01831","0.00462","78.37920"
"115.50000","3.85000","3,051.10596","0.01829","0.00478","78.42170"
"115.60000","3.85343","3,052.57300","0.01828","0.00492","78.45940"
"115.70000","3.85657","3,054.20850","0.01832","0.00493","78.50144"
"115.80000","3.86009","3,055.58350","0.01831","0.00493","78.53678"
"115.90000","3.86345","3,057.77759","0.01832","0.00497","78.59318"
"116.00000","3.86651","3,058.75977","0.01831","0.00500","78.61842"
"116.10000","3.87003","3,060.35156","0.01838","0.00490","78.65933"
"116.20000","3.87339","3,062.17969","0.01841","0.00512","78.70632"
"116.30000","3.87668","3,063.48291","0.01834","0.00504","78.73982"
"116.40000","3.87997","3,065.04126","0.01839","0.00526","78.77988"
"116.50000","3.88333","3,066.74121","0.01839","0.00520","78.82357"
"116.60000","3.88669","3,068.56470","0.01836","0.00517","78.87044"
"116.70000","3.88983","3,070.07837","0.01831","0.00520","78.90934"
"116.80000","3.89334","3,071.57227","0.01844","0.00514","78.94774"
"116.90000","3.89671","3,073.37305","0.01835","0.00516","78.99403"
"117.00000","3.89985","3,073.75830","0.01836","0.00506","79.00392"
"117.10000","3.90336","3,076.65259","0.01844","0.00513","79.07832"
"117.20000","3.90680","3,078.41968","0.01838","0.00497","79.12373"
"117.30000","3.90986","3,079.26221","0.01840","0.00498","79.14539"
"117.40000","3.91330","3,080.16870","0.01844","0.00502","79.16869"
"117.50000","3.91666","3,083.09448","0.01845","0.00498","79.24389"
"117.60000","3.91995","3,083.78613","0.01847","0.00493","79.26167"
"117.70000","3.92331","3,085.52881","0.01848","0.00494","79.30646"
"117.80000","3.92668","3,086.57617","0.01849","0.00489","79.33338"
"117.90000","3.93004","3,088.76416","0.01851","0.00492","79.38962"
"118.00000","3.93325","3,090.21704","0.01859","0.00495","79.42696"
"118.10000","3.93662","3,092.29443","0.01861","0.00487","79.48035"
"118.20000","3.93998","3,094.61157","0.01865","0.00498","79.53991"
"118.30000","3.94319","3,095.00391","0.01861","0.00501","79.55000"
"118.40000","3.94663","3,097.43799","0.01871","0.00504","79.61256"
"118.50000","3.95007","3,098.78564","0.01863","0.00498","79.64719"
"118.60000","3.95328","3,100.07227","0.01879","0.00480","79.68027"
"118.70000","3.95672","3,101.19922","0.01875","0.00487","79.70923"
"118.80000","3.95993","3,103.09204","0.01879","0.00479","79.75788"
"118.90000","3.96322","3,104.76807","0.01878","0.00495","79.80096"
"119.00000","3.96666","3,106.00293","0.01881","0.00517","79.83270"
"119.10000","3.96995","3,107.77417","0.01882","0.00511","79.87823"
"119.20000","3.97339","3,109.67236","0.01890","0.00508","79.92702"
"119.30000","3.97660","3,111.05371","0.01888","0.00503","79.96252"
"119.40000","3.98004","3,113.61182","0.01890","0.00513","80.02827"
"119.50000","3.98333","3,114.58130","0.01891","0.00534","80.05318"
"119.60000","3.98647","3,114.82715","0.01894","0.00532","80.05951"
"119.70000","3.99005","3,117.89893","0.01895","0.00538","80.13846"
"119.80000","3.99342","3,118.71313","0.01890","0.00531","80.15939"
"119.90000","3.99663","3,120.35498","0.01895","0.00524","80.20158"
"120.00000","4.00007","3,121.50635","0.01899","0.00533","80.23118"
"120.10000","4.00343","3,123.38672","0.01891","0.00527","80.27951"
"120.20000","4.00664","3,125.01343","0.01892","0.00530","80.32132"
"120.30000","4.01001","3,126.17041","0.01888","0.00517","80.35106"
"120.40000","4.01330","3,128.76001","0.01885","0.00513","80.41762"
"120.50000","4.01666","3,130.15942","0.01890","0.00511","80.45359"
"120.60000","4.01995","3,130.35767","0.01894","0.00517","80.45868"
"120.70000","4.02346","3,132.70581","0.01891","0.00506","80.51904"
"120.80000","4.02667","3,134.56958","0.01897","0.00510","80.56694"
"120.90000","4.02989","3,135.10718","0.01893","0.00504","80.58076"
"121.00000","4.03333","3,136.94336","0.01898","0.00500","80.62795"
"121.10000","4.03669","3,139.42163","0.01898","0.00505","80.69165"
"121.20000","4.03990","3,140.16406","0.01897","0.00502","80.71073"
"121.30000","4.04334","3,142.30591","0.01902","0.00502","80.76579"
"121.40000","4.04678","3,144.02515","0.01902","0.00499","80.80997"
"121.50000","4.04999","3,145.51099","0.01903","0.00510","80.84816"
"121.60000","4.05336","3,146.89771","0.01910","0.00510","80.88380"
"121.70000","4.05672","3,148.03320","0.01911","0.00520","80.91299"
"121.80000","4.05993","3,149.74707","0.01925","0.00507","80.95704"
"121.90000","4.06330","3,151.40186","0.01921","0.00493","80.99957"
"122.00000","4.06673","3,153.52490","0.01919","0.00509","81.05415"
"122.10000","4.07002","3,155.39233","0.01925","0.00512","81.10214"
"122.20000","4.07331","3,156.49585","0.01934","0.00517","81.13050"
"122.30000","4.07675","3,157.44995","0.01935","0.00514","81.15503"
"122.40000","4.08004","3,159.66650","0.01934","0.00511","81.21200"
"122.50000","4.08325","3,160.77051","0.01939","0.00514","81.24037"
"122.60000","4.08661","3,163.01074","0.01936","0.00529","81.29796"
"122.70000","4.09005","3,163.72803","0.01936","0.00523","81.31639"
"122.80000","4.09326","3,165.26440","0.01938","0.00544","81.35588"
"122.90000","4.09670","3,167.27563","0.01943","0.00546","81.40758"
"123.00000","4.10014","3,168.07690","0.01946","0.00537","81.42817"
"123.10000","4.10320","3,170.13306","0.01937","0.00544","81.48102"
"123.20000","4.10657","3,170.82935","0.01947","0.00543","81.49892"
"123.30000","4.11008","3,172.66577","0.01951","0.00539","81.54611"
"123.40000","4.11329","3,174.54639","0.01949","0.00539","81.59445"
"123.50000","4.11666","3,175.98291","0.01946","0.00539","81.63138"
"123.60000","4.12002","3,177.18384","0.01943","0.00525","81.66224"
"123.70000","4.12338","3,179.23462","0.01946","0.00533","81.71495"
"123.80000","4.12660","3,180.79004","0.01948","0.00529","81.75493"
"123.90000","4.12996","3,182.51147","0.01942","0.00527","81.79918"
"124.00000","4.13340","3,183.46924","0.01939","0.00516","81.82379"
"124.10000","4.13654","3,184.98340","0.01941","0.00523","81.86271"
"124.20000","4.14005","3,187.02905","0.01945","0.00516","81.91529"
"124.30000","4.14349","3,188.18945","0.01947","0.00523","81.94511"
"124.40000","4.14663","3,189.15576","0.01947","0.00516","81.96996"
"124.50000","4.14999","3,190.92822","0.01948","0.00510","82.01551"
"124.60000","4.15335","3,192.74634","0.01952","0.00516","82.06224"
"124.70000","4.15649","3,193.82373","0.01952","0.00514","82.08994"
"124.80000","4.16008","3,195.68115","0.01957","0.00533","82.13767"
"124.90000","4.16337","3,197.77026","0.01958","0.00526","82.19137"
"125.00000","4.16673","3,199.07031","0.01959","0.00520","82.22478"
"125.10000","4.16994","3,201.21411","0.01966","0.00520","82.27988"
"125.20000","4.17331","3,202.15942","0.01964","0.00506","82.30418"
"125.30000","4.17667","3,203.48340","0.01970","0.00505","82.33821"
"125.40000","4.17981","3,204.75952","0.01975","0.00532","82.37101"
"125.50000","4.18332","3,207.04907","0.01978","0.00533","82.42986"
"125.60000","4.18676","3,208.49829","0.01976","0.00528","82.46711"
"125.70000","4.18990","3,210.17529","0.01980","0.00520","82.51021"
"125.80000","4.19341","3,211.22217","0.01983","0.00529","82.53712"
"125.90000","4.19670","3,212.39429","0.01992","0.00528","82.56725"
"126.00000","4.19984","3,214.61182","0.01991","0.00539","82.62424"
"126.10000","4.20335","3,215.74878","0.01996","0.00548","82.65347"
"126.20000","4.20664","3,217.30273","0.01987","0.00555","82.69341"
"126.30000","4.21000","3,218.79712","0.02000","0.00550","82.73182"
"126.40000","4.21337","3,220.67188","0.01994","0.00552","82.78000"
"126.50000","4.21673","3,222.44165","0.01993","0.00551","82.82549"
"126.60000","4.22009","3,224.30127","0.01996","0.00542","82.87329"
"126.70000","4.22316","3,225.05933","0.01997","0.00553","82.89277"
"126.80000","4.22659","3,227.07080","0.01990","0.00550","82.94447"
"126.90000","4.23003","3,228.89429","0.01987","0.00535","82.99134"
"127.00000","4.23317","3,229.54541","0.01984","0.00539","83.00808"
"127.10000","4.23668","3,231.26514","0.01987","0.00533","83.05228"
"127.20000","4.24012","3,233.27661","0.01987","0.00527","83.10398"
"127.30000","4.24326","3,234.57520","0.01994","0.00539","83.13735"
"127.40000","4.24670","3,236.44312","0.01992","0.00529","83.18536"
"127.50000","4.24999","3,237.66992","0.01991","0.00527","83.21690"
"127.60000","4.25320","3,239.92212","0.01997","0.00528","83.27479"
"127.70000","4.25664","3,241.20288","0.01998","0.00525","83.30770"
"127.80000","4.26000","3,242.73975","0.01999","0.00521","83.34721"
"127.90000","4.26344","3,243.74951","0.02003","0.00524","83.37316"
"128.00000","4.26658","3,244.78198","0.02006","0.00530","83.39970"
"128.10000","4.26994","3,247.12842","0.02003","0.00536","83.46001"
"128.20000","4.27338","3,248.58081","0.02009","0.00539","83.49734"
"128.30000","4.27652","3,249.98389","0.02010","0.00529","83.53340"
"128.40000","4.28011","3,251.54541","0.02013","0.00521","83.57353"
"128.50000","4.28340","3,253.65332","0.02016","0.00527","83.62772"
"128.60000","4.28661","3,254.56226","0.02020","0.00524","83.65108"
"128.70000","4.29012","3,256.24048","0.02024","0.00530","83.69421"
"128.80000","4.29334","3,257.41284","0.02024","0.00536","83.72434"
"128.90000","4.29662","3,259.42871","0.02032","0.00538","83.77616"
"129.00000","4.29991","3,260.61328","0.02027","0.00534","83.80660"
"129.10000","4.30328","3,262.13623","0.02039","0.00538","83.84575"
"129.20000","4.30671","3,263.98193","0.02033","0.00559","83.89319"
"129.30000","4.30993","3,264.88477","0.02034","0.00559","83.91640"
"129.40000","4.31336","3,265.73145","0.02034","0.00562","83.93816"
"129.50000","4.31673","3,268.70825","0.02038","0.00569","84.01466"
"129.60000","4.31987","3,269.71899","0.02045","0.00563","84.04065"
"129.70000","4.32331","3,270.92896","0.02050","0.00562","84.07175"
"129.80000","4.32667","3,272.98340","0.02039","0.00558","84.12455"
"129.90000","4.32988","3,274.29248","0.02047","0.00561","84.15820"
"130.00000","4.33339","3,275.80493","0.02051","0.00557","84.19707"
"130.10000","4.33676","3,277.15869","0.02059","0.00549","84.23186"
"130.20000","4.33997","3,278.76245","0.02057","0.00553","84.27309"
"130.30000","4.34326","3,281.30835","0.02058","0.00553","84.33852"
"130.40000","4.34662","3,280.63916","0.02059","0.00541","84.32133"
"130.50000","4.34999","3,284.22119","0.02052","0.00543","84.41339"
"130.60000","4.35327","3,284.66699","0.02043","0.00542","84.42485"
"130.70000","4.35679","3,287.31909","0.02052","0.00540","84.49302"
"130.80000","4.36008","3,288.26196","0.02046","0.00538","84.51725"
"130.90000","4.36321","3,289.47485","0.02057","0.00534","84.54842"
"131.00000","4.36665","3,290.93945","0.02047","0.00538","84.58607"
"131.10000","4.37009","3,292.56763","0.02051","0.00534","84.62791"
"131.20000","4.37323","3,293.25098","0.02060","0.00538","84.64548"
"131.30000","4.37667","3,295.55835","0.02062","0.00544","84.70479"
"131.40000","4.38011","3,297.22827","0.02062","0.00535","84.74771"
"131.50000","4.38324","3,298.94092","0.02064","0.00548","84.79173"
"131.60000","4.38668","3,299.70459","0.02063","0.00539","84.81136"
"131.70000","4.38997","3,301.50342","0.02068","0.00538","84.85759"
"131.80000","4.39318","3,303.12549","0.02072","0.00540","84.89928"
"131.90000","4.39655","3,304.06250","0.02073","0.00553","84.92337"
"132.00000","4.40006","3,306.60986","0.02074","0.00545","84.98884"
"132.10000","4.40335","3,307.69189","0.02075","0.00555","85.01665"
"132.20000","4.40664","3,309.21265","0.02079","0.00546","85.05574"
"132.30000","4.41007","3,311.75293","0.02079","0.00546","85.12103"
"132.40000","4.41336","3,313.27100","0.02080","0.00556","85.16005"
"132.50000","4.41658","3,313.86548","0.02079","0.00581","85.17533"
"132.60000","4.42001","3,315.67383","0.02087","0.00575","85.22181"
"132.70000","4.42345","3,317.53906","0.02084","0.00570","85.26975"
"132.80000","4.42659","3,318.25391","0.02091","0.00582","85.28812"
"132.90000","4.43003","3,320.52588","0.02096","0.00579","85.34652"
"133.00000","4.43347","3,322.03589","0.02093","0.00572","85.38533"
"133.10000","4.43661","3,323.61987","0.02096","0.00575","85.42605"
"133.20000","4.43997","3,324.72925","0.02097","0.00571","85.45456"
"133.30000","4.44341","3,326.30054","0.02100","0.00571","85.49494"
"133.40000","4.44662","3,328.20166","0.02096","0.00573","85.54381"
"133.50000","4.45006","3,329.83276","0.02087","0.00550","85.58573"
"133.60000","4.45335","3,330.91577","0.02092","0.00557","85.61357"
"133.70000","4.45671","3,332.73608","0.02105","0.00557","85.66035"
"133.80000","4.45992","3,334.47949","0.02106","0.00553","85.70517"
"133.90000","4.46321","3,334.85278","0.02103","0.00549","85.71476"
"134.00000","4.46665","3,337.03345","0.02104","0.00545","85.77081"
"134.10000","4.46986","3,338.30420","0.02105","0.00551","85.80347"
"134.20000","4.47338","3,339.61182","0.02101","0.00543","85.83708"
"134.30000","4.47681","3,341.98633","0.02104","0.00543","85.89811"
"134.40000","4.47988","3,342.94556","0.02107","0.00544","85.92277"
"134.50000","4.48339","3,345.09766","0.02105","0.00549","85.97808"
"134.60000","4.48675","3,346.24878","0.02107","0.00559","86.00767"
"134.70000","4.48997","3,347.73926","0.02108","0.00554","86.04597"
"134.80000","4.49333","3,348.91309","0.02111","0.00558","86.07615"
"134.90000","4.49669","3,350.13647","0.02116","0.00553","86.10759"
"135.00000","4.50006","3,352.24902","0.02115","0.00554","86.16189"
"135.10000","4.50335","3,354.00854","0.02117","0.00552","86.20712"
"135.20000","4.50671","3,355.43384","0.02119","0.00551","86.24375"
"135.30000","4.51007","3,357.03125","0.02120","0.00560","86.28481"
"135.40000","4.51321","3,358.99927","0.02123","0.00546","86.33539"
"135.50000","4.51665","3,359.64160","0.02128","0.00550","86.35190"
"135.60000","4.52009","3,362.05151","0.02126","0.00557","86.41384"
"135.70000","4.52323","3,362.34570","0.02128","0.00574","86.42140"
"135.80000","4.52674","3,364.35767","0.02132","0.00579","86.47311"
"135.90000","4.53010","3,365.10156","0.02140","0.00577","86.49223"
"136.00000","4.53324","3,366.55835","0.02132","0.00593","86.52968"
"136.10000","4.53668","3,368.55493","0.02133","0.00587","86.58100"
"136.20000","4.53989","3,369.64844","0.02133","0.00586","86.60910"
"136.30000","4.54326","3,371.44653","0.02147","0.00591","86.65532"
"136.40000","4.54662","3,373.18408","0.02144","0.00587","86.69998"
"136.50000","4.55006","3,374.14331","0.02138","0.00583","86.72463"
"136.60000","4.55342","3,375.97217","0.02139","0.00584","86.77164"
"136.70000","4.55648","3,376.94067","0.02143","0.00571","86.79653"
"136.80000","4.55992","3,378.66943","0.02154","0.00574","86.84097"
"136.90000","4.56336","3,380.50464","0.02148","0.00565","86.88814"
"137.00000","4.56650","3,382.12988","0.02150","0.00564","86.92991"
"137.10000","4.57009","3,383.69238","0.02153","0.00564","86.97007"
"137.20000","4.57345","3,384.99316","0.02146","0.00570","87.00350"
"137.30000","4.57659","3,386.73486","0.02159","0.00560","87.04827"
"137.40000","4.58003","3,387.52002","0.02151","0.00565","87.06845"
"137.50000","4.58331","3,388.52954","0.02154","0.00556","87.09440"
"137.60000","4.58660","3,390.95508","0.02149","0.00562","87.15675"
"137.70000","4.58997","3,391.88159","0.02158","0.00556","87.18056"
"137.80000","4.59333","3,393.95264","0.02160","0.00563","87.23379"
"137.90000","4.59677","3,395.18311","0.02171","0.00568","87.26541"
"138.00000","4.59991","3,396.85034","0.02159","0.00577","87.30827"
"138.10000","4.60334","3,398.16479","0.02161","0.00583","87.34205"
"138.20000","4.60671","3,399.97192","0.02163","0.00589","87.38850"
"138.30000","4.60985","3,400.67847","0.02169","0.00574","87.40666"
"138.40000","4.61336","3,402.30103","0.02171","0.00568","87.44836"
"138.50000","4.61672","3,404.24585","0.02170","0.00568","87.49835"
"138.60000","4.62001","3,405.23315","0.02172","0.00560","87.52373"
"138.70000","4.62345","3,407.86426","0.02170","0.00566","87.59135"
"138.80000","4.62674","3,408.71729","0.02176","0.00570","87.61328"
"138.90000","4.62995","3,409.42065","0.02176","0.00580","87.63136"
"139.00000","4.63324","3,411.31958","0.02179","0.00591","87.68017"
"139.10000","4.63668","3,412.76758","0.02181","0.00594","87.71738"
"139.20000","4.64004","3,414.79639","0.02179","0.00602","87.76953"
"139.30000","4.64325","3,415.27173","0.02183","0.00602","87.78175"
"139.40000","4.64677","3,417.81494","0.02183","0.00597","87.84711"
"139.50000","4.65005","3,419.57275","0.02186","0.00599","87.89230"
"139.60000","4.65319","3,420.39722","0.02191","0.00593","87.91348"
"139.70000","4.65671","3,422.66064","0.02186","0.00593","87.97166"
"139.80000","4.66007","3,423.88940","0.02196","0.00594","88.00324"
"139.90000","4.66328","3,424.34985","0.02194","0.00589","88.01508"
"140.00000","4.66665","3,427.29028","0.02209","0.00582","88.09065"
"140.10000","4.67016","3,428.24121","0.02198","0.00576","88.11510"
"140.20000","4.67330","3,430.37744","0.02193","0.00585","88.17001"
"140.30000","4.67659","3,431.39355","0.02195","0.00580","88.19612"
"140.40000","4.68002","3,433.05396","0.02199","0.00572","88.23880"
"140.50000","4.68324","3,434.57397","0.02194","0.00576","88.27786"
"140.60000","4.68653","3,435.67505","0.02204","0.00569","88.30617"
"140.70000","4.69011","3,437.44653","0.02206","0.00579","88.35170"
"140.80000","4.69340","3,439.26318","0.02216","0.00572","88.39839"
"140.90000","4.69662","3,440.14380","0.02215","0.00574","88.42103"
"141.00000","4.69998","3,442.24390","0.02209","0.00570","88.47501"
"141.10000","4.70334","3,443.31714","0.02214","0.00579","88.50259"
"141.20000","4.70656","3,445.10254","0.02207","0.00573","88.54848"
"141.30000","4.70999","3,446.24634","0.02212","0.00585","88.57788"
"141.40000","4.71343","3,447.83960","0.02211","0.00585","88.61883"
"141.50000","4.71665","3,449.39868","0.02211","0.00584","88.65891"
"141.60000","4.72001","3,450.86206","0.02215","0.00601","88.69652"
"141.70000","4.72345","3,452.55273","0.02214","0.00592","88.73997"
"141.80000","4.72659","3,453.42896","0.02217","0.00588","88.76249"
"141.90000","4.72995","3,455.41309","0.02218","0.00578","88.81348"
"142.00000","4.73339","3,456.65479","0.02220","0.00576","88.84541"
"142.10000","4.73660","3,458.33301","0.02222","0.00580","88.88853"
"142.20000","4.74004","3,459.62134","0.02223","0.00592","88.92165"
"142.30000","4.74340","3,460.91870","0.02226","0.00602","88.95499"
"142.40000","4.74669","3,463.27393","0.02228","0.00620","89.01553"
"142.50000","4.74990","3,463.90894","0.02226","0.00617","89.03185"
"142.60000","4.75327","3,465.80713","0.02229","0.00618","89.08064"
"142.70000","4.75670","3,467.31323","0.02231","0.00614","89.11935"
"142.80000","4.75992","3,468.26270","0.02235","0.00616","89.14376"
"142.90000","4.76336","3,469.66797","0.02239","0.00616","89.17988"
"143.00000","4.76679","3,472.56665","0.02237","0.00607","89.25438"
"143.10000","4.76993","3,473.54224","0.02237","0.00609","89.27946"
"143.20000","4.77330","3,474.07861","0.02244","0.00599","89.29324"
"143.30000","4.77666","3,476.11597","0.02243","0.00591","89.34561"
"143.40000","4.77995","3,477.42139","0.02243","0.00597","89.37916"
"143.50000","4.78339","3,478.48315","0.02248","0.00591","89.40645"
"143.60000","4.78667","3,480.63672","0.02247","0.00597","89.46181"
"143.70000","4.79011","3,481.80005","0.02246","0.00590","89.49171"
"143.80000","4.79333","3,483.83423","0.02248","0.00589","89.54399"
"143.90000","4.79661","3,484.60596","0.02245","0.00600","89.56383"
"144.00000","4.79998","3,486.16235","0.02257","0.00591","89.60383"
"144.10000","4.80319","3,487.24268","0.02265","0.00587","89.63159"
"144.20000","4.80663","3,489.64624","0.02267","0.00589","89.69337"
"144.30000","4.81014","3,490.07251","0.02261","0.00586","89.70433"
"144.40000","4.81328","3,491.91797","0.02271","0.00590","89.75176"
"144.50000","4.81672","3,493.24463","0.02269","0.00601","89.78586"
"144.60000","4.82008","3,495.12427","0.02262","0.00611","89.83418"
"144.70000","4.82322","3,496.23486","0.02262","0.00619","89.86272"
"144.80000","4.82666","3,497.34009","0.02262","0.00624","89.89113"
"144.90000","4.82995","3,500.00757","0.02259","0.00611","89.95969"
"145.00000","4.83331","3,500.73608","0.02263","0.00605","89.97841"
"145.10000","4.83660","3,502.42773","0.02264","0.00606","90.02189"
"145.20000","4.83996","3,504.53247","0.02268","0.00600","90.07599"
"145.30000","4.84340","3,505.70337","0.02271","0.00598","90.10609"
"145.40000","4.84654","3,506.28760","0.02269","0.00589","90.12110"
"145.50000","4.84998","3,508.68896","0.02274","0.00612","90.18282"
"145.60000","4.85341","3,509.79834","0.02275","0.00630","90.21133"
"145.70000","4.85655","3,511.20312","0.02274","0.00624","90.24744"
"145.80000","4.86007","3,513.29248","0.02279","0.00624","90.30115"
"145.90000","4.86343","3,514.12085","0.02279","0.00625","90.32243"
"146.00000","4.86657","3,514.95703","0.02280","0.00622","90.34393"
"146.10000","4.87001","3,516.86279","0.02283","0.00623","90.39291"
"146.20000","4.87329","3,518.82544","0.02284","0.00630","90.44336"
"146.30000","4.87666","3,519.18896","0.02285","0.00620","90.45270"
"146.40000","4.87995","3,521.67065","0.02290","0.00619","90.51649"
"146.50000","4.88331","3,522.31104","0.02291","0.00605","90.53294"
"146.60000","4.88682","3,524.65210","0.02293","0.00608","90.59312"
"146.70000","4.88989","3,525.60107","0.02304","0.00599","90.61751"
"146.80000","4.89325","3,527.47070","0.02296","0.00596","90.66557"
"146.90000","4.89669","3,528.68628","0.02294","0.00594","90.69681"
"147.00000","4.89983","3,529.95703","0.02299","0.00595","90.72947"
"147.10000","4.90341","3,531.69653","0.02301","0.00598","90.77418"
"147.20000","4.90678","3,533.00830","0.02302","0.00596","90.80789"
"147.30000","4.90999","3,534.90942","0.02301","0.00590","90.85676"
"147.40000","4.91343","3,535.93311","0.02301","0.00594","90.88307"
"147.50000","4.91664","3,537.49951","0.02304","0.00595","90.92333"
"147.60000","4.92000","3,539.00269","0.02301","0.00597","90.96197"
"147.70000","4.92329","3,539.70239","0.02304","0.00601","90.97995"
"147.80000","4.92666","3,541.92896","0.02306","0.00612","91.03718"
"147.90000","4.93009","3,543.27832","0.02312","0.00611","91.07186"
"148.00000","4.93323","3,544.39136","0.02313","0.00610","91.10047"
"148.10000","4.93675","3,545.96973","0.02318","0.00614","91.14104"
"148.20000","4.94003","3,547.04785","0.02310","0.00626","91.16875"
"148.30000","4.94317","3,548.11597","0.02318","0.00617","91.19621"
"148.40000","4.94669","3,550.29810","0.02315","0.00610","91.25229"
"148.50000","4.95005","3,551.92603","0.02315","0.00597","91.29413"
"148.60000","4.95326","3,552.61450","0.02314","0.00591","91.31183"
"148.70000","4.95670","3,554.79004","0.02316","0.00596","91.36774"
"148.80000","4.96006","3,556.24292","0.02324","0.00610","91.40509"
"148.90000","4.96335","3,557.12988","0.02324","0.00619","91.42789"
"149.00000","4.96664","3,558.53540","0.02324","0.00639","91.46401"
"149.10000","4.96993","3,559.58496","0.02327","0.00637","91.49099"
"149.20000","4.97337","3,561.23145","0.02328","0.00636","91.53331"
"149.30000","4.97651","3,562.63916","0.02329","0.00630","91.56949"
"149.40000","4.98009","3,564.36255","0.02333","0.00631","91.61378"
"149.50000","4.98338","3,565.82178","0.02334","0.00633","91.65129"
"149.60000","4.98652","3,566.60791","0.02334","0.00621","91.67149"
"149.70000","4.99003","3,568.71558","0.02338","0.00624","91.72567"
"149.80000","4.99332","3,569.78149","0.02343","0.00627","91.75307"
"149.90000","4.99653","3,571.48657","0.02348","0.00617","91.79689"
"150.00000","5.00005","3,572.89282","0.02351","0.00619","91.83304"
"150.10000","5.00341","3,574.74683","0.02348","0.00619","91.88069"
"150.20000","5.00662","3,575.69653","0.02354","0.00614","91.90510"
"150.30000","5.00999","3,577.30249","0.02352","0.00617","91.94637"
"150.40000","5.01335","3,578.67505","0.02353","0.00615","91.98165"
"150.50000","5.01656","3,579.44360","0.02353","0.00613","92.00141"
"150.60000","5.01993","3,581.71948","0.02355","0.00615","92.05991"
"150.70000","5.02344","3,582.69629","0.02357","0.00606","92.08501"
"150.80000","5.02665","3,584.87842","0.02357","0.00614","92.14110"
"150.90000","5.02994","3,585.22388","0.02357","0.00610","92.14998"
"151.00000","5.03338","3,587.14355","0.02355","0.00622","92.19932"
"151.10000","5.03674","3,588.84375","0.02357","0.00630","92.24302"
"151.20000","5.03988","3,590.73315","0.02364","0.00651","92.29158"
"151.30000","5.04332","3,591.78003","0.02361","0.00648","92.31849"
"151.40000","5.04668","3,592.89502","0.02360","0.00648","92.34715"
"151.50000","5.04997","3,593.95630","0.02360","0.00637","92.37443"
"151.60000","5.05333","3,596.01855","0.02363","0.00641","92.42743"
"151.70000","5.05677","3,598.11035","0.02363","0.00632","92.48119"
"151.80000","5.05991","3,599.45850","0.02363","0.00622","92.51585"
"151.90000","5.06327","3,599.64844","0.02364","0.00613","92.52073"
"152.00000","5.06671","3,602.05664","0.02367","0.00616","92.58263"
"152.10000","5.07000","3,603.54590","0.02370","0.00617","92.62090"
"152.20000","5.07329","3,604.64868","0.02375","0.00616","92.64925"
"152.30000","5.07673","3,605.21338","0.02376","0.00629","92.66376"
"152.40000","5.08009","3,607.58936","0.02376","0.00631","92.72483"
"152.50000","5.08330","3,608.58740","0.02379","0.00649","92.75048"
"152.60000","5.08667","3,610.73804","0.02380","0.00650","92.80576"
"152.70000","5.09003","3,611.83423","0.02384","0.00653","92.83394"
"152.80000","5.09317","3,612.32861","0.02387","0.00647","92.84664"
"152.90000","5.09668","3,614.04419","0.02386","0.00647","92.89074"
"153.00000","5.10012","3,616.30029","0.02392","0.00632","92.94872"
"153.10000","5.10326","3,617.01611","0.02392","0.00636","92.96712"
"153.20000","5.10662","3,618.45654","0.02394","0.00640","93.00415"
"153.30000","5.10999","3,620.56274","0.02394","0.00638","93.05828"
"153.40000","5.11327","3,621.67236","0.02400","0.00633","93.08680"
"153.50000","5.11671","3,622.99707","0.02399","0.00635","93.12085"
"153.60000","5.12000","3,624.38110","0.02402","0.00627","93.15643"
"153.70000","5.12344","3,626.10254","0.02404","0.00623","93.20067"
"153.80000","5.12665","3,627.39331","0.02406","0.00628","93.23385"
"153.90000","5.12994","3,628.47754","0.02407","0.00625","93.26171"
"154.00000","5.13338","3,630.12256","0.02409","0.00628","93.30399"
"154.10000","5.13652","3,630.95093","0.02409","0.00622","93.32529"
"154.20000","5.14003","3,633.04956","0.02409","0.00633","93.37923"
"154.30000","5.14347","3,634.57983","0.02407","0.00642","93.41856"
"154.40000","5.14661","3,636.06812","0.02410","0.00653","93.45681"
"154.50000","5.15004","3,637.16895","0.02410","0.00667","93.48511"
"154.60000","5.15341","3,638.44141","0.02409","0.00666","93.51781"
"154.70000","5.15662","3,640.34961","0.02411","0.00658","93.56686"
"154.80000","5.15998","3,641.11523","0.02408","0.00645","93.58654"
"154.90000","5.16335","3,642.95728","0.02414","0.00653","93.63388"
"155.00000","5.16671","3,644.80200","0.02413","0.00641","93.68130"
"155.10000","5.17000","3,645.19922","0.02412","0.00627","93.69151"
"155.20000","5.17336","3,646.88623","0.02415","0.00625","93.73486"
"155.30000","5.17688","3,649.21216","0.02419","0.00621","93.79465"
"155.40000","5.17986","3,649.60986","0.02420","0.00629","93.80487"
"155.50000","5.18330","3,651.22485","0.02421","0.00625","93.84638"
"155.60000","5.18674","3,653.08887","0.02425","0.00646","93.89429"
"155.70000","5.18988","3,654.32178","0.02426","0.00640","93.92598"
"155.80000","5.19339","3,654.99561","0.02428","0.00642","93.94330"
"155.90000","5.19675","3,657.35059","0.02430","0.00651","94.00383"
"156.00000","5.19997","3,659.52856","0.02433","0.00658","94.05981"
"156.10000","5.20333","3,659.56128","0.02435","0.00661","94.06065"
"156.20000","5.20662","3,660.77881","0.02437","0.00654","94.09194"
"156.30000","5.20998","3,662.67700","0.02439","0.00653","94.14073"
"156.40000","5.21327","3,663.48242","0.02438","0.00651","94.16143"
"156.50000","5.21664","3,665.88843","0.02444","0.00647","94.22327"
"156.60000","5.22015","3,666.90723","0.02444","0.00645","94.24946"
"156.70000","5.22321","3,668.06006","0.02447","0.00642","94.27909"
"156.80000","5.22665","3,669.33496","0.02448","0.00644","94.31186"
"156.90000","5.23009","3,670.54419","0.02448","0.00636","94.34294"
"157.00000","5.23315","3,671.10815","0.02453","0.00636","94.35744"
"157.10000","5.23674","3,673.45654","0.02452","0.00635","94.41779"
"157.20000","5.24010","3,674.51465","0.02456","0.00637","94.44499"
"157.30000","5.24332","3,676.23560","0.02457","0.00637","94.48923"
"157.40000","5.24668","3,677.69336","0.02457","0.00641","94.52670"
"157.50000","5.25004","3,679.38086","0.02459","0.00635","94.57007"
"157.60000","5.25333","3,680.87891","0.02460","0.00655","94.60857"
"157.70000","5.25654","3,680.94775","0.02459","0.00667","94.61034"
"157.80000","5.25998","3,682.56934","0.02458","0.00671","94.65202"
"157.90000","5.26342","3,684.40552","0.02462","0.00670","94.69921"
"158.00000","5.26656","3,685.12769","0.02461","0.00666","94.71777"
"158.10000","5.27007","3,687.16797","0.02463","0.00665","94.77022"
"158.20000","5.27344","3,688.12451","0.02464","0.00659","94.79480"
"158.30000","5.27650","3,688.91553","0.02464","0.00647","94.81513"
"158.40000","5.28001","3,690.64111","0.02466","0.00640","94.85949"
"158.50000","5.28337","3,692.58716","0.02466","0.00640","94.90951"
"158.60000","5.28659","3,694.27808","0.02469","0.00638","94.95296"
"158.70000","5.29010","3,695.26196","0.02470","0.00636","94.97826"
"158.80000","5.29346","3,696.47363","0.02472","0.00641","95.00940"
"158.90000","5.29668","3,697.92480","0.02476","0.00638","95.04670"
"159.00000","5.29989","3,699.27026","0.02476","0.00642","95.08128"
"159.10000","5.30326","3,700.34546","0.02478","0.00642","95.10892"
"159.20000","5.30669","3,701.50098","0.02482","0.00668","95.13861"
"159.30000","5.30991","3,702.93286","0.02482","0.00653","95.17542"
"159.40000","5.31342","3,704.55298","0.02486","0.00659","95.21706"
"159.50000","5.31671","3,705.57349","0.02488","0.00676","95.24329"
"159.60000","5.31985","3,707.53638","0.02490","0.00666","95.29374"
"159.70000","5.32336","3,709.07520","0.02492","0.00673","95.33329"
"159.80000","5.32665","3,710.60083","0.02494","0.00657","95.37251"
"159.90000","5.32986","3,710.34668","0.02498","0.00655","95.36597"
"160.00000","5.33330","3,712.67578","0.02501","0.00654","95.42583"
"160.10000","5.33674","3,713.90088","0.02499","0.00649","95.45733"
"160.20000","5.34003","3,715.33716","0.02501","0.00652","95.49424"
"160.30000","5.34331","3,716.23755","0.02501","0.00648","95.51739"
"160.40000","5.34668","3,718.09448","0.02503","0.00653","95.56511"
"160.50000","5.34997","3,719.59497","0.02506","0.00646","95.60368"
"160.60000","5.35318","3,720.80542","0.02510","0.00648","95.63479"
"160.70000","5.35669","3,722.70532","0.02512","0.00654","95.68362"
"160.80000","5.36006","3,724.21655","0.02509","0.00661","95.72247"
"160.90000","5.36327","3,723.63208","0.02513","0.00671","95.70744"
"161.00000","5.36671","3,725.84766","0.02514","0.00687","95.76439"
"161.10000","5.37007","3,727.18091","0.02515","0.00688","95.79866"
"161.20000","5.37321","3,728.00269","0.02514","0.00681","95.81978"
"161.30000","5.37665","3,729.21143","0.02517","0.00685","95.85085"
"161.40000","5.38001","3,731.08545","0.02518","0.00683","95.89902"
"161.50000","5.38330","3,732.13696","0.02517","0.00676","95.92604"
"161.60000","5.38666","3,732.76514","0.02518","0.00673","95.94218"
"161.70000","5.39010","3,734.96118","0.02520","0.00672","95.99863"
"161.80000","5.39331","3,736.10229","0.02521","0.00653","96.02796"
"161.90000","5.39653","3,737.04517","0.02522","0.00651","96.05219"
"162.00000","5.39996","3,738.34009","0.02521","0.00648","96.08548"
"162.10000","5.40333","3,740.41870","0.02525","0.00651","96.13891"
"162.20000","5.40669","3,741.04688","0.02529","0.00651","96.15505"
"162.30000","5.41005","3,741.81567","0.02530","0.00652","96.17481"
"162.40000","5.41342","3,743.50464","0.02529","0.00647","96.21822"
"162.50000","5.41663","3,744.70166","0.02529","0.00660","96.24899"
"162.59200","5.41977","3,458.76367","0.02532","0.00658","88.89960"
"162.59600","5.41992","3,124.71606","0.02532","0.00658","80.31367"
"162.60000","5.42007","2,730.43359","0.02532","0.00658","70.17955"
"162.60400","5.42022","2,314.56030","0.02532","0.00658","59.49048"
"162.60600","5.42029","2,107.95020","0.02532","0.00658","54.18004"
