Modulus (Segment 0.001 mm/mm - 0.008 mm/mm) : Modulus (Segment 0.001 mm/mm - 0.008 mm/mm),"5,413.64861",MPa
Poisson's ratio (Least squares fit) : Poisson's ratio (Least squares fit),"0.17748"
Specimen properties : Gauge length,"14.91000",mm
Specimen properties : Gauge length transverse,"4.44500",mm
Specimen properties : Thickness,"2.60000",mm
Specimen properties : Width,"15.08000",mm

Time,Extension,Load,Video axial strain,Video transverse strain,Calculated Stress
(s),(mm),(N),(mm/mm),(mm/mm),(MPa)
"0.00000","4.97464","18.65206","0.00000","0.00008","0.47572"
"0.10000","4.97546","19.62673","0.00002","-0.00001","0.50058"
"0.20000","4.97927","23.18763","0.00002","0.00011","0.59140"
"0.30000","4.98420","32.16890","0.00003","0.00003","0.82047"
"0.40000","4.98809","39.14503","0.00004","0.00012","0.99839"
"0.50000","4.99130","45.24606","0.00005","-0.00008","1.15400"
"0.60000","4.99482","50.25550","0.00005","0.00000","1.28177"
"0.70000","4.99818","55.90341","0.00007","0.00002","1.42582"
"0.80000","5.00124","60.85716","0.00007","0.00000","1.55216"
"0.90000","5.00476","66.09189","0.00006","-0.00005","1.68567"
"1.00000","5.00819","71.21633","0.00010","-0.00014","1.81637"
"1.10000","5.01141","77.28531","0.00011","-0.00014","1.97116"
"1.20000","5.01485","81.49784","0.00009","-0.00013","2.07860"
"1.30000","5.01813","87.80660","0.00012","-0.00013","2.23951"
"1.40000","5.02150","92.81077","0.00012","-0.00019","2.36714"
"1.50000","5.02471","99.02084","0.00014","-0.00012","2.52553"
"1.60000","5.02807","103.83270","0.00016","-0.00011","2.64825"
"1.70000","5.03144","109.25630","0.00016","-0.00014","2.78658"
"1.80000","5.03465","114.14317","0.00008","-0.00009","2.91122"
"1.90000","5.03809","119.80975","0.00009","-0.00014","3.05575"
"2.00000","5.04153","125.28098","0.00016","0.00000","3.19529"
"2.10000","5.04467","130.14227","0.00011","0.00012","3.31928"
"2.20000","5.04803","134.60042","0.00008","0.00014","3.43298"
"2.30000","5.05139","140.93182","0.00020","0.00022","3.59447"
"2.40000","5.05461","145.89938","0.00020","0.00047","3.72116"
"2.50000","5.05812","151.72357","0.00026","0.00073","3.86971"
"2.60000","5.06141","156.25435","0.00026","0.00045","3.98527"
"2.70000","5.06477","161.63351","0.00026","0.00027","4.12246"
"2.80000","5.06813","166.98099","0.00023","-0.00003","4.25885"
"2.90000","5.07142","172.25104","0.00029","0.00006","4.39326"
"3.00000","5.07478","177.55150","0.00028","0.00005","4.52845"
"3.10000","5.07785","182.07820","0.00032","0.00004","4.64390"
"3.20000","5.08144","187.53073","0.00037","0.00010","4.78297"
"3.30000","5.08487","193.03343","0.00034","0.00019","4.92332"
"3.40000","5.08794","197.49338","0.00035","0.00028","5.03707"
"3.50000","5.09145","202.70064","0.00037","0.00025","5.16988"
"3.60000","5.09481","208.16360","0.00039","0.00026","5.30921"
"3.70000","5.09795","213.04207","0.00040","0.00026","5.43364"
"3.80000","5.10139","219.57356","0.00040","0.00032","5.60022"
"3.90000","5.10475","223.60957","0.00042","0.00024","5.70316"
"4.00000","5.10812","228.44308","0.00043","0.00018","5.82644"
"4.10000","5.11141","234.38101","0.00048","0.00018","5.97789"
"4.20000","5.11484","240.16969","0.00050","0.00005","6.12553"
"4.30000","5.11813","244.95071","0.00051","0.00015","6.24747"
"4.40000","5.12127","249.38181","0.00047","0.00001","6.36048"
"4.50000","5.12471","255.14658","0.00041","0.00008","6.50751"
"4.60000","5.12815","259.91568","0.00044","-0.00001","6.62915"
"4.70000","5.13129","265.19333","0.00053","0.00011","6.76376"
"4.80000","5.13480","270.11829","0.00046","0.00002","6.88937"
"4.90000","5.13816","275.03616","0.00045","0.00001","7.01480"
"5.00000","5.14130","279.76361","0.00047","0.00000","7.13537"
"5.10000","5.14474","284.77957","0.00051","0.00004","7.26330"
"5.20000","5.14803","290.14383","0.00051","0.00002","7.40012"
"5.30000","5.15132","295.59695","0.00052","0.00016","7.53920"
"5.40000","5.15468","300.84875","0.00053","0.00022","7.67315"
"5.50000","5.15812","305.44806","0.00054","0.00023","7.79045"
"5.60000","5.16148","311.02319","0.00067","0.00035","7.93265"
"5.70000","5.16462","315.31052","0.00067","0.00043","8.04199"
"5.80000","5.16806","320.78946","0.00060","0.00042","8.18174"
"5.90000","5.17142","325.20883","0.00060","0.00022","8.29445"
"6.00000","5.17463","329.92804","0.00072","0.00022","8.41481"
"6.10000","5.17814","334.58044","0.00073","0.00017","8.53347"
"6.20000","5.18151","341.05756","0.00076","0.00022","8.69867"
"6.30000","5.18465","344.86798","0.00069","0.00021","8.79586"
"6.40000","5.18809","350.14175","0.00070","0.00020","8.93036"
"6.50000","5.19145","354.11856","0.00072","0.00054","9.03179"
"6.60000","5.19466","359.72961","0.00081","0.00043","9.17490"
"6.70000","5.19795","364.30627","0.00084","0.00041","9.29163"
"6.80000","5.20146","369.09964","0.00083","0.00050","9.41389"
"6.90000","5.20475","374.40549","0.00077","0.00044","9.54921"
"7.00000","5.20804","379.05145","0.00079","0.00043","9.66771"
"7.10000","5.21148","383.47711","0.00088","0.00046","9.78058"
"7.20000","5.21469","389.04028","0.00091","0.00031","9.92247"
"7.30000","5.21798","393.16492","0.00086","0.00037","10.02767"
"7.40000","5.22142","398.30505","0.00085","0.00036","10.15877"
"7.50000","5.22478","402.72302","0.00088","0.00021","10.27145"
"7.60000","5.22799","407.61960","0.00098","0.00031","10.39634"
"7.70000","5.23143","411.86575","0.00092","0.00036","10.50464"
"7.80000","5.23487","417.45114","0.00091","0.00021","10.64709"
"7.90000","5.23801","422.13300","0.00094","0.00019","10.76650"
"8.00000","5.24137","426.85730","0.00096","0.00017","10.88700"
"8.10000","5.24481","431.85065","0.00096","0.00023","11.01435"
"8.20000","5.24802","436.78647","0.00102","0.00013","11.14024"
"8.30000","5.25146","441.74045","0.00103","0.00025","11.26659"
"8.40000","5.25483","446.83307","0.00103","0.00017","11.39648"
"8.50000","5.25804","451.35083","0.00108","0.00026","11.51170"
"8.60000","5.26133","454.78613","0.00108","0.00029","11.59932"
"8.70000","5.26477","460.94614","0.00111","0.00040","11.75643"
"8.80000","5.26805","464.96744","0.00109","0.00038","11.85899"
"8.90000","5.27127","469.38239","0.00111","0.00022","11.97160"
"9.00000","5.27471","474.67230","0.00114","0.00019","12.10652"
"9.10000","5.27822","478.51410","0.00113","0.00013","12.20450"
"9.20000","5.28136","483.46832","0.00115","0.00042","12.33086"
"9.30000","5.28472","487.94467","0.00119","0.00033","12.44503"
"9.40000","5.28816","492.37506","0.00119","0.00047","12.55803"
"9.50000","5.29130","497.47369","0.00119","0.00035","12.68807"
"9.60000","5.29466","502.01843","0.00117","0.00040","12.80398"
"9.70000","5.29817","506.25369","0.00128","0.00044","12.91200"
"9.80000","5.30139","511.21051","0.00131","0.00055","13.03842"
"9.90000","5.30475","515.31171","0.00126","0.00070","13.14302"
"10.00000","5.30811","520.20123","0.00123","0.00063","13.26773"
"10.10000","5.31140","524.37073","0.00127","0.00057","13.37407"
"10.20000","5.31462","527.91296","0.00130","0.00059","13.46442"
"10.30000","5.31798","532.95233","0.00128","0.00066","13.59295"
"10.40000","5.32149","537.75592","0.00131","0.00064","13.71546"
"10.50000","5.32470","541.97839","0.00133","0.00065","13.82316"
"10.60000","5.32814","545.48706","0.00136","0.00051","13.91265"
"10.70000","5.33151","550.73657","0.00135","0.00045","14.04654"
"10.80000","5.33464","554.62054","0.00138","0.00047","14.14560"
"10.90000","5.33808","558.46979","0.00141","0.00045","14.24377"
"11.00000","5.34144","563.54395","0.00141","0.00032","14.37319"
"11.10000","5.34466","567.61517","0.00145","0.00030","14.47702"
"11.20000","5.34810","571.22693","0.00148","0.00036","14.56914"
"11.30000","5.35146","576.75836","0.00148","0.00028","14.71022"
"11.40000","5.35475","580.62238","0.00154","0.00028","14.80877"
"11.50000","5.35804","584.55872","0.00153","0.00014","14.90917"
"11.60000","5.36133","589.21216","0.00155","0.00025","15.02786"
"11.70000","5.36476","593.20892","0.00156","-0.00002","15.12979"
"11.80000","5.36790","596.78119","0.00158","0.00024","15.22090"
"11.90000","5.37142","601.87567","0.00161","0.00026","15.35084"
"12.00000","5.37493","606.14215","0.00162","0.00029","15.45965"
"12.10000","5.37799","609.40448","0.00163","0.00018","15.54286"
"12.20000","5.38150","613.94336","0.00162","0.00020","15.65862"
"12.30000","5.38479","618.23322","0.00165","0.00024","15.76804"
"12.40000","5.38801","621.71307","0.00166","0.00045","15.85679"
"12.50000","5.39144","626.32642","0.00167","0.00044","15.97445"
"12.60000","5.39481","630.30206","0.00170","0.00058","16.07585"
"12.70000","5.39810","635.00964","0.00171","0.00058","16.19592"
"12.80000","5.40146","638.95471","0.00169","0.00060","16.29654"
"12.90000","5.40475","643.59216","0.00170","0.00061","16.41482"
"13.00000","5.40819","647.06439","0.00172","0.00072","16.50338"
"13.10000","5.41125","651.65027","0.00174","0.00079","16.62034"
"13.20000","5.41469","656.68140","0.00176","0.00082","16.74866"
"13.30000","5.41813","659.72064","0.00177","0.00082","16.82617"
"13.40000","5.42126","663.89667","0.00177","0.00080","16.93268"
"13.50000","5.42485","668.47180","0.00181","0.00081","17.04937"
"13.60000","5.42814","672.98804","0.00183","0.00076","17.16456"
"13.70000","5.43128","677.11957","0.00184","0.00077","17.26993"
"13.80000","5.43472","680.87909","0.00185","0.00076","17.36582"
"13.90000","5.43808","684.32648","0.00187","0.00068","17.45375"
"14.00000","5.44144","689.14636","0.00188","0.00063","17.57668"
"14.10000","5.44473","693.61713","0.00190","0.00053","17.69070"
"14.20000","5.44817","696.80188","0.00192","0.00051","17.77193"
"14.30000","5.45153","702.29559","0.00196","0.00044","17.91205"
"14.40000","5.45460","705.71106","0.00197","0.00043","17.99916"
"14.50000","5.45811","710.02509","0.00198","0.00040","18.10919"
"14.60000","5.46147","714.10004","0.00202","0.00048","18.21312"
"14.70000","5.46461","717.74457","0.00204","0.00027","18.30607"
"14.80000","5.46820","721.50531","0.00206","0.00036","18.40199"
"14.90000","5.47149","726.18213","0.00209","0.00014","18.52127"
"15.00000","5.47470","729.88733","0.00210","0.00016","18.61578"
"15.10000","5.47807","733.84460","0.00210","0.00015","18.71671"
"15.20000","5.48135","738.30664","0.00213","0.00032","18.83051"
"15.30000","5.48464","741.64716","0.00215","0.00026","18.91571"
"15.40000","5.48801","746.07117","0.00216","0.00030","19.02854"
"15.50000","5.49152","750.45862","0.00217","0.00040","19.14045"
"15.60000","5.49481","753.34583","0.00218","0.00037","19.21408"
"15.70000","5.49802","757.95441","0.00220","0.00045","19.33163"
"15.80000","5.50146","762.36298","0.00221","0.00056","19.44407"
"15.90000","5.50475","764.91125","0.00224","0.00065","19.50906"
"16.00000","5.50796","769.85413","0.00225","0.00066","19.63513"
"16.10000","5.51140","773.32666","0.00223","0.00070","19.72370"
"16.20000","5.51476","776.73450","0.00225","0.00079","19.81061"
"16.30000","5.51797","781.15326","0.00224","0.00085","19.92331"
"16.40000","5.52141","785.19623","0.00230","0.00090","20.02643"
"16.50000","5.52485","789.25641","0.00229","0.00093","20.12998"
"16.60000","5.52799","792.94714","0.00233","0.00090","20.22412"
"16.70000","5.53135","796.81390","0.00231","0.00081","20.32274"
"16.80000","5.53486","800.56854","0.00236","0.00092","20.41850"
"16.90000","5.53808","804.89337","0.00237","0.00085","20.52880"
"17.00000","5.54137","807.58466","0.00238","0.00083","20.59745"
"17.10000","5.54488","811.42920","0.00241","0.00075","20.69550"
"17.20000","5.54802","815.24652","0.00241","0.00074","20.79286"
"17.30000","5.55131","818.84106","0.00246","0.00067","20.88454"
"17.40000","5.55475","823.42944","0.00242","0.00059","21.00157"
"17.50000","5.55811","826.15436","0.00244","0.00054","21.07107"
"17.60000","5.56132","830.54828","0.00247","0.00054","21.18313"
"17.70000","5.56476","833.94910","0.00247","0.00049","21.26987"
"17.80000","5.56820","837.44611","0.00250","0.00042","21.35906"
"17.90000","5.57134","842.23663","0.00254","0.00022","21.48125"
"18.00000","5.57470","846.13416","0.00257","0.00015","21.58065"
"18.10000","5.57806","849.36072","0.00256","0.00021","21.66294"
"18.20000","5.58128","853.96832","0.00263","0.00017","21.78046"
"18.30000","5.58464","857.23511","0.00260","0.00023","21.86378"
"18.40000","5.58815","860.31433","0.00262","0.00023","21.94232"
"18.50000","5.59137","864.95129","0.00269","0.00029","22.06058"
"18.60000","5.59473","869.05127","0.00276","0.00034","22.16515"
"18.70000","5.59809","872.67236","0.00274","0.00040","22.25751"
"18.80000","5.60138","876.10229","0.00271","0.00040","22.34499"
"18.90000","5.60459","878.95038","0.00271","0.00045","22.41763"
"19.00000","5.60803","883.20642","0.00274","0.00044","22.52618"
"19.10000","5.61147","886.37286","0.00275","0.00042","22.60694"
"19.20000","5.61468","889.77460","0.00274","0.00068","22.69370"
"19.30000","5.61812","893.64526","0.00275","0.00080","22.79242"
"19.40000","5.62148","898.46466","0.00282","0.00077","22.91534"
"19.50000","5.62462","901.91492","0.00280","0.00089","23.00334"
"19.60000","5.62806","904.76300","0.00281","0.00091","23.07598"
"19.70000","5.63142","909.38507","0.00283","0.00103","23.19386"
"19.80000","5.63471","912.63110","0.00282","0.00107","23.27666"
"19.90000","5.63808","915.54083","0.00285","0.00110","23.35087"
"20.00000","5.64144","919.00763","0.00291","0.00107","23.43929"
"20.10000","5.64473","922.56415","0.00292","0.00102","23.53000"
"20.20000","5.64794","927.38147","0.00288","0.00096","23.65286"
"20.30000","5.65138","930.62219","0.00303","0.00092","23.73552"
"20.40000","5.65482","934.75208","0.00299","0.00092","23.84085"
"20.50000","5.65796","938.13947","0.00294","0.00087","23.92725"
"20.60000","5.66147","941.37836","0.00309","0.00080","24.00985"
"20.70000","5.66491","945.20667","0.00310","0.00062","24.10749"
"20.80000","5.66797","948.14514","0.00316","0.00057","24.18244"
"20.90000","5.67141","952.08154","0.00302","0.00049","24.28284"
"21.00000","5.67477","956.19269","0.00305","0.00032","24.38769"
"21.10000","5.67806","959.23816","0.00307","0.00030","24.46537"
"21.20000","5.68142","963.10156","0.00320","0.00033","24.56390"
"21.30000","5.68479","966.42291","0.00318","0.00029","24.64861"
"21.40000","5.68815","970.18573","0.00312","0.00029","24.74459"
"21.50000","5.69136","973.44562","0.00311","0.00026","24.82773"
"21.60000","5.69465","977.06702","0.00320","0.00031","24.92009"
"21.70000","5.69809","980.47675","0.00324","0.00030","25.00706"
"21.80000","5.70123","984.98853","0.00322","0.00041","25.12213"
"21.90000","5.70474","988.17499","0.00326","0.00046","25.20340"
"22.00000","5.70818","992.09937","0.00327","0.00049","25.30349"
"22.10000","5.71124","994.97260","0.00330","0.00050","25.37678"
"22.20000","5.71483","998.71399","0.00331","0.00057","25.47220"
"22.30000","5.71812","1,002.42859","0.00335","0.00063","25.56694"
"22.40000","5.72133","1,005.33740","0.00336","0.00062","25.64113"
"22.50000","5.72477","1,009.21179","0.00339","0.00071","25.73995"
"22.60000","5.72806","1,013.01642","0.00338","0.00087","25.83698"
"22.70000","5.73142","1,016.05475","0.00338","0.00088","25.91447"
"22.80000","5.73471","1,019.73761","0.00339","0.00097","26.00841"
"22.90000","5.73815","1,023.27124","0.00339","0.00102","26.09853"
"23.00000","5.74151","1,027.50049","0.00339","0.00118","26.20640"
"23.10000","5.74458","1,030.22302","0.00342","0.00116","26.27584"
"23.20000","5.74809","1,033.72351","0.00339","0.00110","26.36512"
"23.30000","5.75153","1,036.43347","0.00350","0.00109","26.43423"
"23.40000","5.75459","1,040.29407","0.00354","0.00095","26.53270"
"23.50000","5.75818","1,044.38196","0.00355","0.00103","26.63696"
"23.60000","5.76154","1,047.78320","0.00349","0.00100","26.72371"
"23.70000","5.76468","1,051.15820","0.00356","0.00093","26.80979"
"23.80000","5.76804","1,055.11511","0.00360","0.00073","26.91071"
"23.90000","5.77141","1,058.12341","0.00363","0.00068","26.98744"
"24.00000","5.77470","1,062.14551","0.00365","0.00077","27.09002"
"24.10000","5.77798","1,064.88928","0.00360","0.00056","27.16000"
"24.20000","5.78142","1,068.86743","0.00359","0.00050","27.26146"
"24.30000","5.78478","1,072.32996","0.00370","0.00035","27.34978"
"24.40000","5.78792","1,075.48572","0.00368","0.00043","27.43026"
"24.50000","5.79144","1,078.78137","0.00372","0.00035","27.51432"
"24.60000","5.79480","1,082.58936","0.00372","0.00041","27.61144"
"24.70000","5.79794","1,085.80591","0.00370","0.00041","27.69348"
"24.80000","5.80153","1,088.96729","0.00376","0.00014","27.77411"
"24.90000","5.80481","1,092.69275","0.00382","0.00029","27.86913"
"25.00000","5.80803","1,096.48047","0.00382","0.00035","27.96573"
"25.10000","5.81139","1,099.83765","0.00380","0.00038","28.05136"
"25.20000","5.81475","1,102.40723","0.00385","0.00044","28.11690"
"25.30000","5.81797","1,106.53381","0.00377","0.00051","28.22214"
"25.40000","5.82133","1,109.76965","0.00381","0.00044","28.30467"
"25.50000","5.82484","1,113.23193","0.00378","0.00046","28.39298"
"25.60000","5.82813","1,115.75037","0.00382","0.00047","28.45721"
"25.70000","5.83135","1,120.12732","0.00384","0.00057","28.56885"
"25.80000","5.83486","1,123.32910","0.00388","0.00064","28.65051"
"25.90000","5.83807","1,125.80811","0.00389","0.00073","28.71373"
"26.00000","5.84121","1,129.62292","0.00395","0.00086","28.81103"
"26.10000","5.84480","1,132.84192","0.00394","0.00101","28.89313"
"26.20000","5.84816","1,136.48340","0.00393","0.00122","28.98601"
"26.30000","5.85130","1,139.74854","0.00393","0.00115","29.06928"
"26.40000","5.85474","1,142.82983","0.00400","0.00109","29.14787"
"26.50000","5.85818","1,146.00977","0.00401","0.00106","29.22898"
"26.60000","5.86132","1,149.52795","0.00402","0.00099","29.31871"
"26.70000","5.86468","1,152.51758","0.00403","0.00097","29.39496"
"26.80000","5.86804","1,155.07910","0.00404","0.00097","29.46029"
"26.90000","5.87133","1,158.59912","0.00413","0.00093","29.55007"
"27.00000","5.87469","1,162.37500","0.00408","0.00082","29.64637"
"27.10000","5.87813","1,165.15015","0.00409","0.00081","29.71715"
"27.20000","5.88142","1,168.94531","0.00417","0.00074","29.81395"
"27.30000","5.88463","1,171.57214","0.00418","0.00090","29.88095"
"27.40000","5.88807","1,175.06091","0.00419","0.00080","29.96993"
"27.50000","5.89143","1,178.33704","0.00419","0.00061","30.05348"
"27.60000","5.89465","1,181.19788","0.00423","0.00065","30.12645"
"27.70000","5.89809","1,184.69958","0.00420","0.00057","30.21576"
"27.80000","5.90152","1,187.94189","0.00423","0.00033","30.29846"
"27.90000","5.90466","1,190.91882","0.00428","0.00032","30.37438"
"28.00000","5.90803","1,194.03223","0.00428","0.00035","30.45379"
"28.10000","5.91139","1,197.16711","0.00430","0.00031","30.53375"
"28.20000","5.91460","1,200.00537","0.00431","0.00041","30.60614"
"28.30000","5.91804","1,203.72546","0.00433","0.00040","30.70102"
"28.40000","5.92148","1,206.17627","0.00436","0.00040","30.76353"
"28.50000","5.92477","1,209.74658","0.00434","0.00048","30.85459"
"28.60000","5.92806","1,212.03137","0.00435","0.00041","30.91286"
"28.70000","5.93142","1,216.23254","0.00441","0.00049","31.02001"
"28.80000","5.93478","1,219.24451","0.00435","0.00051","31.09683"
"28.90000","5.93792","1,221.94006","0.00439","0.00054","31.16558"
"29.00000","5.94136","1,225.46741","0.00434","0.00057","31.25554"
"29.10000","5.94487","1,229.15417","0.00435","0.00061","31.34958"
"29.20000","5.94801","1,231.89722","0.00438","0.00080","31.41954"
"29.30000","5.95145","1,234.39075","0.00442","0.00092","31.48314"
"29.40000","5.95489","1,238.39282","0.00440","0.00110","31.58521"
"29.50000","5.95795","1,241.17810","0.00448","0.00120","31.65625"
"29.60000","5.96139","1,244.23022","0.00446","0.00123","31.73409"
"29.70000","5.96483","1,246.57043","0.00447","0.00115","31.79378"
"29.80000","5.96804","1,250.30005","0.00452","0.00116","31.88890"
"29.90000","5.97140","1,253.37146","0.00451","0.00107","31.96724"
"30.00000","5.97477","1,256.43359","0.00454","0.00115","32.04534"
"30.10000","5.97813","1,259.61755","0.00462","0.00109","32.12654"
"30.20000","5.98134","1,262.51868","0.00464","0.00103","32.20054"
"30.30000","5.98463","1,265.75085","0.00461","0.00102","32.28297"
"30.40000","5.98822","1,269.10645","0.00464","0.00096","32.36856"
"30.50000","5.99136","1,271.55920","0.00470","0.00096","32.43112"
"30.60000","5.99472","1,274.44141","0.00466","0.00093","32.50463"
"30.70000","5.99823","1,278.39636","0.00470","0.00091","32.60550"
"30.80000","6.00130","1,281.37463","0.00472","0.00078","32.68146"
"30.90000","6.00474","1,283.92456","0.00472","0.00068","32.74649"
"31.00000","6.00810","1,286.90149","0.00471","0.00076","32.82242"
"31.10000","6.01131","1,290.81714","0.00478","0.00058","32.92229"
"31.20000","6.01475","1,292.67566","0.00474","0.00043","32.96969"
"31.30000","6.01811","1,296.91113","0.00478","0.00042","33.07772"
"31.40000","6.02148","1,299.83044","0.00484","0.00040","33.15218"
"31.50000","6.02469","1,301.69751","0.00482","0.00054","33.19979"
"31.60000","6.02805","1,305.21204","0.00486","0.00050","33.28943"
"31.70000","6.03149","1,307.83594","0.00486","0.00056","33.35635"
"31.80000","6.03456","1,311.02527","0.00489","0.00052","33.43770"
"31.90000","6.03814","1,314.38220","0.00491","0.00052","33.52332"
"32.00000","6.04158","1,317.80457","0.00490","0.00061","33.61060"
"32.10000","6.04464","1,320.06067","0.00495","0.00058","33.66814"
"32.20000","6.04816","1,323.99255","0.00497","0.00066","33.76843"
"32.30000","6.05145","1,327.41077","0.00498","0.00063","33.85561"
"32.40000","6.05466","1,330.15479","0.00493","0.00069","33.92560"
"32.50000","6.05802","1,333.04724","0.00493","0.00085","33.99937"
"32.60000","6.06139","1,335.72607","0.00495","0.00108","34.06769"
"32.70000","6.06482","1,339.56506","0.00498","0.00124","34.16561"
"32.80000","6.06804","1,342.24597","0.00502","0.00132","34.23398"
"32.90000","6.07148","1,344.70630","0.00497","0.00139","34.29673"
"33.00000","6.07484","1,348.03735","0.00501","0.00120","34.38169"
"33.10000","6.07790","1,351.11877","0.00502","0.00117","34.46028"
"33.20000","6.08142","1,354.74585","0.00511","0.00137","34.55279"
"33.30000","6.08478","1,356.42798","0.00509","0.00134","34.59570"
"33.40000","6.08799","1,360.16040","0.00507","0.00113","34.69089"
"33.50000","6.09151","1,362.62000","0.00510","0.00122","34.75362"
"33.60000","6.09487","1,364.94116","0.00516","0.00120","34.81282"
"33.70000","6.09801","1,368.18518","0.00520","0.00123","34.89556"
"33.80000","6.10145","1,371.70593","0.00517","0.00110","34.98536"
"33.90000","6.10473","1,373.45935","0.00519","0.00098","35.03008"
"34.00000","6.10810","1,376.69690","0.00523","0.00105","35.11265"
"34.10000","6.11139","1,379.94373","0.00520","0.00109","35.19547"
"34.20000","6.11482","1,382.74194","0.00525","0.00096","35.26683"
"34.30000","6.11811","1,386.23364","0.00529","0.00066","35.35589"
"34.40000","6.12133","1,388.74292","0.00531","0.00066","35.41989"
"34.50000","6.12476","1,391.25244","0.00532","0.00074","35.48389"
"34.60000","6.12813","1,394.98145","0.00530","0.00088","35.57900"
"34.70000","6.13126","1,396.97974","0.00532","0.00094","35.62997"
"34.80000","6.13485","1,400.37366","0.00538","0.00054","35.71653"
"34.90000","6.13814","1,402.30298","0.00537","0.00065","35.76574"
"35.00000","6.14135","1,405.85083","0.00539","0.00057","35.85622"
"35.10000","6.14472","1,409.09070","0.00540","0.00065","35.93886"
"35.20000","6.14808","1,411.73303","0.00540","0.00078","36.00625"
"35.30000","6.15137","1,414.64587","0.00541","0.00072","36.08054"
"35.40000","6.15466","1,417.84583","0.00544","0.00070","36.16216"
"35.50000","6.15817","1,419.96423","0.00546","0.00072","36.21619"
"35.60000","6.16146","1,422.51099","0.00547","0.00084","36.28114"
"35.70000","6.16467","1,425.96863","0.00547","0.00086","36.36933"
"35.80000","6.16811","1,428.30164","0.00550","0.00090","36.42883"
"35.90000","6.17140","1,431.37793","0.00553","0.00110","36.50729"
"36.00000","6.17461","1,434.31726","0.00553","0.00132","36.58226"
"36.10000","6.17812","1,436.38269","0.00555","0.00153","36.63494"
"36.20000","6.18149","1,439.10962","0.00556","0.00151","36.70449"
"36.30000","6.18470","1,442.18298","0.00558","0.00141","36.78288"
"36.40000","6.18814","1,445.00208","0.00559","0.00133","36.85478"
"36.50000","6.19150","1,447.86414","0.00554","0.00133","36.92777"
"36.60000","6.19472","1,451.18982","0.00565","0.00133","37.01260"
"36.70000","6.19793","1,453.35706","0.00565","0.00134","37.06787"
"36.80000","6.20137","1,456.15674","0.00566","0.00130","37.13927"
"36.90000","6.20466","1,458.49072","0.00566","0.00126","37.19880"
"37.00000","6.20809","1,461.41028","0.00569","0.00114","37.27327"
"37.10000","6.21146","1,464.85217","0.00572","0.00117","37.36105"
"37.20000","6.21482","1,467.91760","0.00572","0.00121","37.43924"
"37.30000","6.21803","1,470.25183","0.00574","0.00119","37.49877"
"37.40000","6.22140","1,472.59485","0.00577","0.00104","37.55853"
"37.50000","6.22469","1,475.89990","0.00578","0.00102","37.64283"
"37.60000","6.22790","1,477.63281","0.00579","0.00097","37.68702"
"37.70000","6.23141","1,481.68359","0.00579","0.00102","37.79034"
"37.80000","6.23485","1,483.74768","0.00581","0.00108","37.84298"
"37.90000","6.23799","1,486.39832","0.00583","0.00089","37.91059"
"38.00000","6.24135","1,489.17188","0.00582","0.00087","37.98133"
"38.10000","6.24472","1,491.63855","0.00589","0.00067","38.04424"
"38.20000","6.24793","1,494.62646","0.00589","0.00088","38.12045"
"38.30000","6.25129","1,497.60779","0.00589","0.00095","38.19648"
"38.40000","6.25480","1,500.99121","0.00589","0.00078","38.28278"
"38.50000","6.25802","1,502.86194","0.00591","0.00077","38.33049"
"38.60000","6.26138","1,505.54248","0.00595","0.00072","38.39886"
"38.70000","6.26475","1,508.57422","0.00595","0.00077","38.47618"
"38.80000","6.26818","1,512.15759","0.00595","0.00087","38.56758"
"38.90000","6.27132","1,514.50024","0.00599","0.00098","38.62733"
"39.00000","6.27469","1,516.02026","0.00598","0.00096","38.66610"
"39.10000","6.27820","1,519.80957","0.00601","0.00108","38.76274"
"39.20000","6.28134","1,522.62695","0.00602","0.00124","38.83460"
"39.30000","6.28470","1,524.85571","0.00605","0.00139","38.89145"
"39.40000","6.28814","1,527.56384","0.00607","0.00149","38.96051"
"39.50000","6.29128","1,530.07178","0.00607","0.00150","39.02448"
"39.60000","6.29464","1,533.11169","0.00612","0.00140","39.10201"
"39.70000","6.29808","1,535.02332","0.00612","0.00147","39.15077"
"39.80000","6.30137","1,538.03870","0.00615","0.00145","39.22768"
"39.90000","6.30473","1,541.12244","0.00615","0.00148","39.30633"
"40.00000","6.30809","1,543.41504","0.00616","0.00152","39.36480"
"40.10000","6.31153","1,546.56299","0.00619","0.00149","39.44509"
"40.20000","6.31459","1,549.33374","0.00619","0.00134","39.51575"
"40.30000","6.31803","1,551.17151","0.00623","0.00137","39.56263"
"40.40000","6.32147","1,554.80701","0.00624","0.00133","39.65535"
"40.50000","6.32461","1,556.99854","0.00626","0.00136","39.71125"
"40.60000","6.32820","1,560.11816","0.00626","0.00121","39.79081"
"40.70000","6.33156","1,562.44873","0.00625","0.00122","39.85025"
"40.80000","6.33462","1,564.88489","0.00631","0.00115","39.91239"
"40.90000","6.33814","1,568.46680","0.00634","0.00104","40.00374"
"41.00000","6.34143","1,569.85730","0.00632","0.00113","40.03921"
"41.10000","6.34471","1,572.66895","0.00633","0.00117","40.11092"
"41.20000","6.34800","1,575.62024","0.00636","0.00102","40.18619"
"41.30000","6.35144","1,578.07043","0.00638","0.00109","40.24868"
"41.40000","6.35488","1,580.66809","0.00641","0.00085","40.31494"
"41.50000","6.35802","1,583.43518","0.00640","0.00083","40.38551"
"41.60000","6.36138","1,585.57385","0.00641","0.00090","40.44006"
"41.70000","6.36482","1,587.74426","0.00642","0.00128","40.49541"
"41.80000","6.36788","1,591.03271","0.00644","0.00098","40.57929"
"41.90000","6.37147","1,593.17407","0.00646","0.00086","40.63390"
"42.00000","6.37483","1,596.61340","0.00647","0.00099","40.72162"
"42.10000","6.37797","1,598.20837","0.00648","0.00096","40.76230"
"42.20000","6.38148","1,601.17871","0.00649","0.00100","40.83806"
"42.30000","6.38477","1,604.69934","0.00651","0.00105","40.92786"
"42.40000","6.38806","1,607.07568","0.00655","0.00108","40.98846"
"42.50000","6.39135","1,608.09290","0.00655","0.00135","41.01441"
"42.60000","6.39471","1,611.45923","0.00656","0.00138","41.10027"
"42.70000","6.39808","1,613.78491","0.00658","0.00158","41.15958"
"42.80000","6.40136","1,616.28870","0.00661","0.00154","41.22344"
"42.90000","6.40480","1,619.43225","0.00663","0.00157","41.30362"
"43.00000","6.40816","1,621.82471","0.00663","0.00160","41.36464"
"43.10000","6.41123","1,624.47876","0.00661","0.00157","41.43233"
"43.20000","6.41474","1,627.04700","0.00667","0.00157","41.49783"
"43.30000","6.41811","1,628.93018","0.00667","0.00157","41.54586"
"43.40000","6.42124","1,631.90662","0.00671","0.00157","41.62178"
"43.50000","6.42483","1,634.80310","0.00673","0.00156","41.69565"
"43.60000","6.42819","1,637.43677","0.00670","0.00150","41.76282"
"43.70000","6.43133","1,639.44177","0.00674","0.00137","41.81396"
"43.80000","6.43470","1,641.67749","0.00681","0.00130","41.87098"
"43.90000","6.43799","1,643.68079","0.00678","0.00142","41.92208"
"44.00000","6.44135","1,646.89551","0.00680","0.00142","42.00407"
"44.10000","6.44464","1,649.98303","0.00680","0.00135","42.08282"
"44.20000","6.44815","1,651.43530","0.00683","0.00127","42.11985"
"44.30000","6.45151","1,653.94116","0.00684","0.00133","42.18377"
"44.40000","6.45465","1,657.04138","0.00685","0.00123","42.26284"
"44.50000","6.45809","1,658.48877","0.00687","0.00123","42.29976"
"44.60000","6.46145","1,661.56628","0.00689","0.00133","42.37825"
"44.70000","6.46459","1,664.43396","0.00689","0.00129","42.45139"
"44.80000","6.46810","1,666.44080","0.00689","0.00127","42.50257"
"44.90000","6.47147","1,669.35645","0.00695","0.00093","42.57693"
"45.00000","6.47468","1,671.74780","0.00695","0.00135","42.63792"
"45.10000","6.47819","1,674.31238","0.00696","0.00134","42.70333"
"45.20000","6.48141","1,676.54272","0.00698","0.00095","42.76022"
"45.30000","6.48470","1,678.82202","0.00698","0.00107","42.81836"
"45.40000","6.48798","1,681.84583","0.00700","0.00104","42.89548"
"45.50000","6.49135","1,684.26221","0.00701","0.00117","42.95711"
"45.60000","6.49479","1,686.84607","0.00704","0.00108","43.02301"
"45.70000","6.49800","1,689.22339","0.00706","0.00127","43.08364"
"45.80000","6.50151","1,691.05151","0.00707","0.00138","43.13027"
"45.90000","6.50480","1,694.74072","0.00709","0.00157","43.22436"
"46.00000","6.50794","1,696.40295","0.00710","0.00164","43.26675"
"46.10000","6.51138","1,698.68372","0.00710","0.00170","43.32493"
"46.20000","6.51474","1,701.69226","0.00713","0.00186","43.40166"
"46.30000","6.51795","1,703.83252","0.00713","0.00171","43.45625"
"46.40000","6.52139","1,706.14844","0.00716","0.00177","43.51532"
"46.50000","6.52483","1,708.32666","0.00717","0.00168","43.57087"
"46.60000","6.52804","1,710.92212","0.00718","0.00162","43.63707"
"46.70000","6.53133","1,713.83655","0.00720","0.00167","43.71140"
"46.80000","6.53477","1,715.87097","0.00721","0.00172","43.76329"
"46.90000","6.53806","1,718.93384","0.00724","0.00164","43.84140"
"47.00000","6.54135","1,721.20129","0.00725","0.00159","43.89924"
"47.10000","6.54486","1,723.59045","0.00728","0.00155","43.96017"
"47.20000","6.54815","1,725.64905","0.00728","0.00145","44.01268"
"47.30000","6.55136","1,727.65552","0.00732","0.00143","44.06385"
"47.40000","6.55472","1,730.14966","0.00733","0.00140","44.12746"
"47.50000","6.55809","1,732.85181","0.00734","0.00142","44.19638"
"47.60000","6.56130","1,734.94458","0.00736","0.00142","44.24976"
"47.70000","6.56474","1,737.06360","0.00736","0.00136","44.30381"
"47.80000","6.56818","1,740.01941","0.00736","0.00131","44.37919"
"47.90000","6.57132","1,742.31641","0.00740","0.00129","44.43778"
"48.00000","6.57475","1,744.34302","0.00739","0.00147","44.48947"
"48.10000","6.57812","1,747.08130","0.00743","0.00147","44.55931"
"48.20000","6.58133","1,749.36035","0.00747","0.00133","44.61744"
"48.30000","6.58462","1,751.88757","0.00747","0.00130","44.68189"
"48.40000","6.58813","1,754.79431","0.00747","0.00148","44.75603"
"48.50000","6.59150","1,756.76758","0.00750","0.00123","44.80635"
"48.60000","6.59471","1,759.28271","0.00750","0.00119","44.87050"
"48.70000","6.59815","1,761.41174","0.00752","0.00128","44.92480"
"48.80000","6.60151","1,763.45874","0.00752","0.00124","44.97701"
"48.90000","6.60457","1,765.51208","0.00754","0.00128","45.02938"
"49.00000","6.60801","1,767.88794","0.00755","0.00151","45.08998"
"49.10000","6.61152","1,770.38086","0.00759","0.00162","45.15356"
"49.20000","6.61466","1,773.19324","0.00759","0.00168","45.22529"
"49.30000","6.61810","1,775.12854","0.00760","0.00178","45.27465"
"49.40000","6.62154","1,777.43677","0.00763","0.00196","45.33352"
"49.50000","6.62468","1,780.42761","0.00761","0.00189","45.40981"
"49.60000","6.62804","1,781.68250","0.00767","0.00179","45.44181"
"49.70000","6.63140","1,784.23621","0.00765","0.00186","45.50694"
"49.80000","6.63477","1,786.74036","0.00767","0.00178","45.57081"
"49.90000","6.63806","1,789.09790","0.00771","0.00179","45.63094"
"50.00000","6.64142","1,790.60156","0.00773","0.00168","45.66929"
"50.10000","6.64486","1,793.54810","0.00772","0.00174","45.74444"
"50.20000","6.64800","1,795.79443","0.00775","0.00172","45.80173"
"50.30000","6.65136","1,797.54236","0.00778","0.00173","45.84632"
"50.40000","6.65480","1,799.87549","0.00782","0.00174","45.90582"
"50.50000","6.65794","1,801.68896","0.00781","0.00167","45.95208"
"50.60000","6.66145","1,804.09827","0.00783","0.00158","46.01352"
"50.70000","6.66489","1,807.18140","0.00783","0.00156","46.09216"
"50.80000","6.66803","1,809.26379","0.00785","0.00159","46.14527"
"50.90000","6.67146","1,811.14954","0.00788","0.00156","46.19337"
"51.00000","6.67475","1,813.59204","0.00790","0.00147","46.25566"
"51.10000","6.67804","1,816.56946","0.00788","0.00153","46.33160"
"51.20000","6.68140","1,818.34509","0.00782","0.00157","46.37689"
"51.30000","6.68477","1,820.07349","0.00794","0.00153","46.42097"
"51.40000","6.68820","1,822.67664","0.00797","0.00157","46.48737"
"51.50000","6.69134","1,824.96399","0.00797","0.00160","46.54570"
"51.60000","6.69478","1,826.84302","0.00800","0.00156","46.59363"
"51.70000","6.69814","1,829.39429","0.00802","0.00159","46.65870"
"51.80000","6.70121","1,831.46265","0.00801","0.00163","46.71145"
"51.90000","6.70480","1,834.03992","0.00803","0.00139","46.77719"
"52.00000","6.70823","1,836.42432","0.00804","0.00140","46.83800"
"52.10000","6.71130","1,838.20093","0.00806","0.00144","46.88331"
"52.20000","6.71481","1,840.75195","0.00807","0.00141","46.94838"
"52.30000","6.71817","1,842.52673","0.00808","0.00169","46.99364"
"52.40000","6.72131","1,844.58228","0.00810","0.00170","47.04607"
"52.50000","6.72468","1,847.44983","0.00812","0.00173","47.11921"
"52.60000","6.72796","1,849.94226","0.00816","0.00199","47.18277"
"52.70000","6.73140","1,852.53210","0.00815","0.00204","47.24883"
"52.80000","6.73462","1,853.85498","0.00816","0.00204","47.28257"
"52.90000","6.73813","1,856.26782","0.00818","0.00195","47.34411"
"53.00000","6.74157","1,859.21863","0.00819","0.00188","47.41937"
"53.10000","6.74463","1,860.09998","0.00822","0.00190","47.44185"
"53.20000","6.74807","1,862.84607","0.00824","0.00190","47.51189"
"53.30000","6.75143","1,864.62219","0.00825","0.00191","47.55719"
"53.40000","6.75465","1,867.72681","0.00825","0.00194","47.63637"
"53.50000","6.75816","1,869.61353","0.00828","0.00184","47.68449"
"53.60000","6.76152","1,872.15601","0.00829","0.00182","47.74934"
"53.70000","6.76474","1,874.78308","0.00830","0.00187","47.81634"
"53.80000","6.76810","1,875.86804","0.00835","0.00172","47.84401"
"53.90000","6.77139","1,879.41675","0.00830","0.00173","47.93452"
"54.00000","6.77475","1,881.28833","0.00832","0.00173","47.98226"
"54.10000","6.77796","1,883.27246","0.00837","0.00171","48.03286"
"54.20000","6.78148","1,885.66858","0.00843","0.00164","48.09398"
"54.30000","6.78484","1,888.06580","0.00841","0.00161","48.15512"
"54.40000","6.78798","1,890.13074","0.00845","0.00173","48.20778"
"54.50000","6.79142","1,892.09900","0.00846","0.00162","48.25798"
"54.60000","6.79478","1,894.94177","0.00847","0.00179","48.33049"
"54.70000","6.79792","1,896.72095","0.00849","0.00168","48.37587"
"54.80000","6.80143","1,899.41101","0.00853","0.00168","48.44448"
"54.90000","6.80479","1,902.02405","0.00851","0.00168","48.51112"
"55.00000","6.80808","1,904.56995","0.00853","0.00159","48.57605"
"55.10000","6.81145","1,906.00244","0.00856","0.00155","48.61259"
"55.20000","6.81481","1,907.93201","0.00856","0.00141","48.66180"
"55.30000","6.81810","1,910.35327","0.00857","0.00145","48.72356"
"55.40000","6.82131","1,912.74194","0.00858","0.00143","48.78448"
"55.50000","6.82475","1,914.53345","0.00860","0.00164","48.83017"
"55.60000","6.82811","1,917.13574","0.00859","0.00180","48.89655"
"55.70000","6.83133","1,918.71191","0.00862","0.00178","48.93674"
"55.80000","6.83484","1,921.33118","0.00863","0.00181","49.00355"
"55.90000","6.83820","1,923.07471","0.00866","0.00197","49.04802"
"56.00000","6.84127","1,925.46326","0.00867","0.00211","49.10894"
"56.10000","6.84470","1,927.76636","0.00868","0.00203","49.16768"
"56.20000","6.84807","1,930.08057","0.00871","0.00200","49.22670"
"56.30000","6.85128","1,932.69141","0.00872","0.00197","49.29329"
"56.40000","6.85472","1,934.54309","0.00874","0.00197","49.34052"
"56.50000","6.85816","1,936.44458","0.00874","0.00200","49.38902"
"56.60000","6.86137","1,938.55481","0.00875","0.00192","49.44284"
"56.70000","6.86466","1,940.81848","0.00881","0.00201","49.50057"
"56.80000","6.86810","1,942.78186","0.00882","0.00186","49.55065"
"56.90000","6.87138","1,945.39111","0.00880","0.00184","49.61720"
"57.00000","6.87460","1,946.94031","0.00877","0.00189","49.65671"
"57.10000","6.87811","1,949.61987","0.00889","0.00185","49.72505"
"57.20000","6.88147","1,952.98083","0.00886","0.00181","49.81078"
"57.30000","6.88469","1,954.46680","0.00886","0.00176","49.84867"
"57.40000","6.88805","1,955.76062","0.00893","0.00173","49.88167"
"57.50000","6.89141","1,958.21155","0.00893","0.00178","49.94418"
"57.60000","6.89463","1,959.71765","0.00894","0.00174","49.98260"
"57.70000","6.89807","1,962.15625","0.00898","0.00174","50.04479"
"57.80000","6.90150","1,964.62512","0.00897","0.00177","50.10776"
"57.90000","6.90472","1,967.25952","0.00899","0.00178","50.17495"
"58.00000","6.90808","1,968.79297","0.00903","0.00180","50.21406"
"58.10000","6.91152","1,970.79309","0.00904","0.00180","50.26508"
"58.20000","6.91466","1,972.62842","0.00906","0.00174","50.31189"
"58.30000","6.91795","1,974.37598","0.00908","0.00177","50.35646"
"58.40000","6.92146","1,976.65320","0.00908","0.00138","50.41454"
"58.50000","6.92482","1,979.63367","0.00910","0.00157","50.49055"
"58.60000","6.92804","1,979.58105","0.00909","0.00152","50.48921"
"58.70000","6.93140","1,982.13379","0.00913","0.00155","50.55432"
"58.80000","6.93484","1,984.02502","0.00914","0.00175","50.60255"
"58.90000","6.93798","1,985.43481","0.00917","0.00183","50.63851"
"59.00000","6.94134","1,987.29822","0.00915","0.00196","50.68604"
"59.10000","6.94478","1,989.30054","0.00918","0.00202","50.73711"
"59.20000","6.94799","1,991.66980","0.00918","0.00204","50.79753"
"59.30000","6.95143","1,994.26282","0.00922","0.00215","50.86367"
"59.40000","6.95487","1,996.07214","0.00922","0.00204","50.90982"
"59.50000","6.95800","1,997.14307","0.00923","0.00207","50.93713"
"59.60000","6.96137","1,999.04663","0.00925","0.00204","50.98568"
"59.70000","6.96473","2,002.47070","0.00922","0.00209","51.07301"
"59.80000","6.96802","2,004.01746","0.00927","0.00209","51.11246"
"59.90000","6.97131","2,006.65942","0.00925","0.00207","51.17985"
"60.00000","6.97475","2,008.20410","0.00920","0.00197","51.21924"
"60.10000","6.97818","2,010.68652","0.00928","0.00197","51.28256"
"60.20000","6.98132","2,011.71228","0.00923","0.00204","51.30872"
"60.30000","6.98476","2,011.84595","0.00930","0.00191","51.31213"
"60.40000","6.98820","2,014.96350","0.00933","0.00189","51.39164"
"60.50000","6.99126","2,017.10181","0.00937","0.00193","51.44618"
"60.60000","6.99477","2,018.55176","0.00943","0.00186","51.48316"
"60.70000","6.99821","2,020.60645","0.00942","0.00184","51.53556"
"60.80000","7.00128","2,022.98877","0.00949","0.00187","51.59632"
"60.90000","7.00479","2,024.58923","0.00950","0.00189","51.63715"
"61.00000","7.00808","2,027.18567","0.00953","0.00178","51.70337"
"61.10000","7.01137","2,028.87878","0.00953","0.00185","51.74655"
"61.20000","7.01466","2,030.80310","0.00955","0.00186","51.79563"
"61.30000","7.01802","2,032.48022","0.00956","0.00180","51.83841"
"61.40000","7.02146","2,034.64270","0.00957","0.00183","51.89356"
"61.50000","7.02467","2,035.26465","0.00957","0.00179","51.90942"
"61.60000","7.02811","2,037.15735","0.00960","0.00184","51.95770"
"61.70000","7.03155","2,039.38892","0.00962","0.00154","52.01461"
"61.80000","7.03454","2,040.91724","0.00963","0.00155","52.05359"
"61.90000","7.03805","2,042.34595","0.00964","0.00161","52.09003"
"62.00000","7.04141","2,045.19519","0.00964","0.00176","52.16270"
"62.10000","7.04470","2,046.11218","0.00967","0.00186","52.18609"
"62.20000","7.04814","2,048.93726","0.00968","0.00197","52.25814"
"62.30000","7.05143","2,050.68726","0.00965","0.00207","52.30278"
"62.40000","7.05471","2,052.92114","0.00970","0.00217","52.35975"
"62.50000","7.05800","2,055.49512","0.00972","0.00207","52.42540"
"62.60000","7.06137","2,058.07031","0.00975","0.00224","52.49108"
"62.70000","7.06473","2,058.89722","0.00975","0.00207","52.51217"
"62.80000","7.06794","2,061.32690","0.00971","0.00207","52.57414"
"62.90000","7.07146","2,063.11597","0.00966","0.00212","52.61977"
"63.00000","7.07482","2,065.51318","0.00976","0.00206","52.68091"
"63.10000","7.07796","2,067.20044","0.00976","0.00213","52.72395"
"63.20000","7.08140","2,069.54346","0.00974","0.00207","52.78370"
"63.30000","7.08476","2,072.01270","0.00973","0.00202","52.84668"
"63.40000","7.08790","2,073.30762","0.00976","0.00213","52.87971"
"63.50000","7.09149","2,076.76001","0.00980","0.00201","52.96776"
"63.60000","7.09477","2,077.32227","0.00987","0.00188","52.98210"
"63.70000","7.09806","2,080.09155","0.00986","0.00198","53.05273"
"63.80000","7.10143","2,081.55859","0.00994","0.00192","53.09015"
"63.90000","7.10471","2,083.70605","0.00995","0.00185","53.14492"
"64.00000","7.10808","2,086.16284","0.00992","0.00189","53.20758"
"64.10000","7.11129","2,087.57080","0.01001","0.00190","53.24349"
"64.20000","7.11473","2,090.48364","0.01003","0.00184","53.31778"
"64.30000","7.11817","2,091.86792","0.01002","0.00191","53.35309"
"64.40000","7.12130","2,093.83301","0.01003","0.00188","53.40321"
"64.50000","7.12482","2,096.00635","0.01006","0.00187","53.45864"
"64.60000","7.12811","2,098.10474","0.01009","0.00184","53.51216"
"64.70000","7.13132","2,099.88672","0.01011","0.00184","53.55761"
"64.80000","7.13476","2,102.43213","0.01011","0.00175","53.62253"
"64.90000","7.13805","2,103.87231","0.01013","0.00164","53.65926"
"65.00000","7.14141","2,106.48364","0.01015","0.00160","53.72586"
"65.10000","7.14477","2,108.41626","0.01017","0.00159","53.77515"
"65.20000","7.14814","2,110.26807","0.01017","0.00163","53.82238"
"65.30000","7.15142","2,112.75806","0.01018","0.00177","53.88589"
"65.40000","7.15464","2,114.45630","0.01020","0.00186","53.92921"
"65.50000","7.15808","2,116.07080","0.01022","0.00203","53.97038"
"65.60000","7.16144","2,117.86719","0.01024","0.00208","54.01620"
"65.70000","7.16465","2,119.78345","0.01025","0.00215","54.06507"
"65.80000","7.16816","2,121.17139","0.01025","0.00230","54.10048"
"65.90000","7.17145","2,123.77881","0.01027","0.00221","54.16698"
"66.00000","7.17459","2,125.14673","0.01015","0.00226","54.20187"
"66.10000","7.17803","2,127.45117","0.01018","0.00222","54.26064"
"66.20000","7.18139","2,129.24341","0.01017","0.00221","54.30635"
"66.30000","7.18461","2,130.99023","0.01022","0.00226","54.35090"
"66.40000","7.18805","2,132.43921","0.01022","0.00217","54.38786"
"66.50000","7.19148","2,135.36255","0.01027","0.00226","54.46242"
"66.60000","7.19477","2,137.58472","0.01028","0.00220","54.51910"
"66.70000","7.19806","2,138.99658","0.01028","0.00216","54.55511"
"66.80000","7.20150","2,141.50781","0.01037","0.00216","54.61916"
"66.90000","7.20471","2,142.73828","0.01033","0.00208","54.65054"
"67.00000","7.20800","2,146.07275","0.01046","0.00207","54.73558"
"67.10000","7.21144","2,147.00317","0.01037","0.00190","54.75932"
"67.20000","7.21480","2,148.92822","0.01042","0.00194","54.80841"
"67.30000","7.21801","2,151.79053","0.01044","0.00206","54.88142"
"67.40000","7.22145","2,152.92212","0.01047","0.00199","54.91028"
"67.50000","7.22482","2,154.30493","0.01048","0.00199","54.94555"
"67.60000","7.22795","2,156.03540","0.01056","0.00202","54.98968"
"67.70000","7.23132","2,159.46484","0.01057","0.00194","55.07715"
"67.80000","7.23483","2,160.17090","0.01058","0.00186","55.09516"
"67.90000","7.23797","2,161.76367","0.01059","0.00182","55.13578"
"68.00000","7.24141","2,164.62769","0.01063","0.00192","55.20883"
"68.10000","7.24484","2,166.37842","0.01062","0.00201","55.25348"
"68.20000","7.24798","2,168.21802","0.01063","0.00171","55.30040"
"68.30000","7.25135","2,170.04810","0.01067","0.00171","55.34707"
"68.40000","7.25479","2,172.31494","0.01070","0.00172","55.40489"
"68.50000","7.25807","2,173.83716","0.01072","0.00178","55.44371"
"68.60000","7.26136","2,175.38159","0.01073","0.00198","55.48310"
"68.70000","7.26480","2,177.78955","0.01075","0.00206","55.54452"
"68.80000","7.26824","2,180.64185","0.01070","0.00216","55.61727"
"68.90000","7.27130","2,182.56250","0.01069","0.00223","55.66626"
"69.00000","7.27467","2,183.40601","0.01067","0.00222","55.68777"
"69.10000","7.27818","2,186.46558","0.01069","0.00237","55.76580"
"69.20000","7.28132","2,187.77563","0.01069","0.00238","55.79922"
"69.30000","7.28475","2,189.13159","0.01069","0.00231","55.83380"
"69.40000","7.28819","2,191.89331","0.01071","0.00227","55.90424"
"69.50000","7.29133","2,194.12378","0.01073","0.00232","55.96112"
"69.60000","7.29477","2,195.99146","0.01076","0.00229","56.00876"
"69.70000","7.29806","2,197.70557","0.01075","0.00230","56.05248"
"69.80000","7.30135","2,199.23218","0.01081","0.00223","56.09142"
"69.90000","7.30464","2,200.95752","0.01091","0.00219","56.13542"
"70.00000","7.30807","2,202.86670","0.01088","0.00208","56.18411"
"70.10000","7.31151","2,205.35596","0.01083","0.00218","56.24760"
"70.20000","7.31465","2,205.91675","0.01085","0.00210","56.26191"
"70.30000","7.31809","2,207.71777","0.01092","0.00209","56.30784"
"70.40000","7.32153","2,210.77271","0.01099","0.00202","56.38576"
"70.50000","7.32451","2,212.46680","0.01095","0.00190","56.42896"
"70.60000","7.32810","2,213.83057","0.01102","0.00207","56.46375"
"70.70000","7.33146","2,215.91162","0.01103","0.00210","56.51682"
"70.80000","7.33468","2,217.55273","0.01096","0.00202","56.55868"
"70.90000","7.33812","2,219.74976","0.01106","0.00201","56.61472"
"71.00000","7.34141","2,222.21191","0.01109","0.00208","56.67751"
"71.10000","7.34469","2,223.48389","0.01110","0.00213","56.70995"
"71.20000","7.34798","2,225.35571","0.01108","0.00184","56.75769"
"71.30000","7.35135","2,227.72144","0.01114","0.00195","56.81803"
"71.40000","7.35478","2,229.40527","0.01115","0.00187","56.86098"
"71.50000","7.35800","2,231.46997","0.01116","0.00181","56.91364"
"71.60000","7.36143","2,232.85059","0.01118","0.00171","56.94885"
"71.70000","7.36480","2,235.23267","0.01121","0.00180","57.00961"
"71.80000","7.36794","2,236.55713","0.01111","0.00200","57.04339"
"71.90000","7.37145","2,239.15088","0.01115","0.00203","57.10954"
"72.00000","7.37474","2,240.60913","0.01116","0.00219","57.14673"
"72.10000","7.37795","2,242.22241","0.01116","0.00219","57.18788"
"72.20000","7.38146","2,243.93433","0.01118","0.00228","57.23154"
"72.30000","7.38475","2,246.25024","0.01119","0.00226","57.29061"
"72.40000","7.38804","2,248.18188","0.01122","0.00223","57.33988"
"72.50000","7.39140","2,250.47803","0.01122","0.00246","57.39844"
"72.60000","7.39462","2,251.55493","0.01122","0.00241","57.42591"
"72.70000","7.39806","2,253.59619","0.01127","0.00241","57.47797"
"72.80000","7.40127","2,255.66821","0.01125","0.00238","57.53082"
"72.90000","7.40478","2,257.14429","0.01134","0.00231","57.56846"
"73.00000","7.40822","2,258.92773","0.01130","0.00241","57.61395"
"73.10000","7.41128","2,260.51660","0.01135","0.00233","57.65447"
"73.20000","7.41480","2,262.15771","0.01134","0.00222","57.69633"
"73.30000","7.41816","2,264.77246","0.01135","0.00231","57.76302"
"73.40000","7.42130","2,266.25977","0.01146","0.00227","57.80095"
"73.50000","7.42481","2,267.57349","0.01147","0.00228","57.83446"
"73.60000","7.42817","2,270.44385","0.01146","0.00206","57.90767"
"73.70000","7.43146","2,272.39746","0.01144","0.00212","57.95750"
"73.80000","7.43483","2,274.09814","0.01146","0.00217","58.00087"
"73.90000","7.43811","2,276.26807","0.01148","0.00221","58.05621"
"74.00000","7.44148","2,278.50757","0.01156","0.00196","58.11333"
"74.10000","7.44462","2,280.22461","0.01159","0.00220","58.15713"
"74.20000","7.44805","2,281.84058","0.01157","0.00214","58.19834"
"74.30000","7.45149","2,284.06445","0.01152","0.00201","58.25506"
"74.40000","7.45463","2,285.39893","0.01162","0.00212","58.28910"
"74.50000","7.45814","2,288.25757","0.01165","0.00210","58.36201"
"74.60000","7.46151","2,289.17188","0.01165","0.00183","58.38533"
"74.70000","7.46465","2,290.78589","0.01162","0.00161","58.42649"
"74.80000","7.46808","2,292.86304","0.01160","0.00187","58.47947"
"74.90000","7.47145","2,294.70483","0.01161","0.00192","58.52644"
"75.00000","7.47466","2,297.23999","0.01161","0.00201","58.59110"
"75.10000","7.47802","2,298.99756","0.01163","0.00199","58.63593"
"75.20000","7.48146","2,301.07007","0.01167","0.00223","58.68879"
"75.30000","7.48475","2,302.97192","0.01169","0.00233","58.73730"
"75.40000","7.48796","2,304.10742","0.01170","0.00234","58.76626"
"75.50000","7.49148","2,306.51514","0.01171","0.00235","58.82767"
"75.60000","7.49476","2,308.17725","0.01174","0.00238","58.87006"
"75.70000","7.49798","2,308.87524","0.01175","0.00242","58.88786"
"75.80000","7.50149","2,311.43628","0.01178","0.00242","58.95318"
"75.90000","7.50485","2,313.48584","0.01178","0.00248","59.00546"
"76.00000","7.50799","2,315.03516","0.01181","0.00239","59.04497"
"76.10000","7.51136","2,316.71753","0.01184","0.00223","59.08788"
"76.20000","7.51472","2,318.27686","0.01184","0.00240","59.12765"
"76.30000","7.51793","2,320.86475","0.01186","0.00238","59.19365"
"76.40000","7.52137","2,322.51929","0.01185","0.00240","59.23585"
"76.50000","7.52481","2,324.26270","0.01188","0.00235","59.28032"
"76.60000","7.52802","2,325.66040","0.01194","0.00236","59.31597"
"76.70000","7.53139","2,328.05859","0.01197","0.00229","59.37713"
"76.80000","7.53482","2,329.88257","0.01196","0.00215","59.42365"
"76.90000","7.53804","2,331.88818","0.01202","0.00217","59.47480"
"77.00000","7.54133","2,333.29102","0.01206","0.00217","59.51059"
"77.10000","7.54476","2,335.79492","0.01202","0.00199","59.57445"
"77.20000","7.54813","2,336.61670","0.01201","0.00211","59.59541"
"77.30000","7.55142","2,339.10742","0.01205","0.00223","59.65893"
"77.40000","7.55478","2,341.18823","0.01210","0.00221","59.71200"
"77.50000","7.55814","2,342.72803","0.01213","0.00203","59.75127"
"77.60000","7.56128","2,344.89526","0.01208","0.00194","59.80655"
"77.70000","7.56472","2,346.96704","0.01207","0.00186","59.85939"
"77.80000","7.56816","2,348.39575","0.01212","0.00213","59.89583"
"77.90000","7.57130","2,350.65552","0.01216","0.00208","59.95347"
"78.00000","7.57473","2,351.56152","0.01211","0.00158","59.97657"
"78.10000","7.57817","2,353.47754","0.01214","0.00161","60.02544"
"78.20000","7.58131","2,355.30054","0.01215","0.00205","60.07194"
"78.30000","7.58475","2,357.26782","0.01217","0.00213","60.12211"
"78.40000","7.58804","2,359.49780","0.01218","0.00205","60.17899"
"78.50000","7.59140","2,362.06177","0.01220","0.00229","60.24438"
"78.60000","7.59461","2,362.94019","0.01219","0.00226","60.26679"
"78.70000","7.59805","2,365.46948","0.01228","0.00215","60.33130"
"78.80000","7.60156","2,366.95410","0.01229","0.00221","60.36916"
"78.90000","7.60463","2,369.46582","0.01230","0.00225","60.43322"
"79.00000","7.60807","2,371.18457","0.01229","0.00242","60.47706"
"79.10000","7.61143","2,373.28467","0.01231","0.00255","60.53062"
"79.20000","7.61464","2,374.57324","0.01236","0.00248","60.56349"
"79.30000","7.61801","2,375.72754","0.01233","0.00229","60.59293"
"79.40000","7.62152","2,378.64209","0.01237","0.00242","60.66726"
"79.50000","7.62466","2,379.79346","0.01237","0.00253","60.69663"
"79.60000","7.62810","2,382.25854","0.01245","0.00243","60.75950"
"79.70000","7.63138","2,382.88867","0.01247","0.00241","60.77557"
"79.80000","7.63475","2,385.32153","0.01244","0.00214","60.83762"
"79.90000","7.63804","2,386.56323","0.01242","0.00225","60.86929"
"80.00000","7.64140","2,388.78418","0.01242","0.00225","60.92594"
"80.10000","7.64484","2,390.72656","0.01250","0.00237","60.97548"
"80.20000","7.64798","2,392.62061","0.01256","0.00237","61.02378"
"80.30000","7.65141","2,393.99512","0.01256","0.00213","61.05884"
"80.40000","7.65478","2,396.41943","0.01256","0.00210","61.12067"
"80.50000","7.65792","2,398.20728","0.01251","0.00219","61.16628"
"80.60000","7.66143","2,400.13916","0.01255","0.00221","61.21555"
"80.70000","7.66472","2,401.35742","0.01261","0.00221","61.24662"
"80.80000","7.66801","2,402.85181","0.01256","0.00201","61.28473"
"80.90000","7.67152","2,404.83398","0.01257","0.00206","61.33529"
"81.00000","7.67473","2,406.49121","0.01260","0.00202","61.37756"
"81.10000","7.67802","2,408.28027","0.01261","0.00189","61.42319"
"81.20000","7.68131","2,410.66309","0.01264","0.00182","61.48396"
"81.30000","7.68467","2,411.51538","0.01262","0.00172","61.50570"
"81.40000","7.68818","2,413.55054","0.01265","0.00172","61.55761"
"81.50000","7.69125","2,415.74170","0.01270","0.00191","61.61349"
"81.60000","7.69484","2,417.23828","0.01271","0.00197","61.65166"
"81.70000","7.69820","2,419.92383","0.01269","0.00213","61.72015"
"81.80000","7.70126","2,421.38232","0.01272","0.00221","61.75735"
"81.90000","7.70478","2,423.42554","0.01276","0.00218","61.80947"
"82.00000","7.70814","2,424.99902","0.01279","0.00206","61.84960"
"82.10000","7.71135","2,426.86108","0.01279","0.00243","61.89709"
"82.20000","7.71479","2,428.02734","0.01279","0.00226","61.92683"
"82.30000","7.71815","2,429.93115","0.01284","0.00221","61.97539"
"82.40000","7.72144","2,432.06104","0.01287","0.00234","62.02971"
"82.50000","7.72473","2,433.85352","0.01287","0.00260","62.07543"
"82.60000","7.72802","2,434.61621","0.01289","0.00245","62.09488"
"82.70000","7.73146","2,437.51025","0.01295","0.00237","62.16870"
"82.80000","7.73460","2,438.89941","0.01294","0.00238","62.20413"
"82.90000","7.73803","2,440.05444","0.01297","0.00238","62.23359"
"83.00000","7.74155","2,442.88989","0.01295","0.00228","62.30590"
"83.10000","7.74461","2,444.05737","0.01297","0.00222","62.33568"
"83.20000","7.74812","2,446.52417","0.01298","0.00233","62.39860"
"83.30000","7.75141","2,447.55054","0.01301","0.00226","62.42477"
"83.40000","7.75463","2,449.04004","0.01299","0.00216","62.46276"
"83.50000","7.75814","2,450.88086","0.01304","0.00208","62.50971"
"83.60000","7.76143","2,453.26978","0.01305","0.00237","62.57064"
"83.70000","7.76472","2,454.45850","0.01304","0.00202","62.60096"
"83.80000","7.76800","2,456.26147","0.01307","0.00204","62.64695"
"83.90000","7.77144","2,458.56958","0.01310","0.00200","62.70581"
"84.00000","7.77473","2,460.24170","0.01310","0.00201","62.74846"
"84.10000","7.77794","2,462.31860","0.01311","0.00199","62.80143"
"84.20000","7.78138","2,464.03979","0.01311","0.00198","62.84533"
"84.30000","7.78482","2,464.67188","0.01313","0.00194","62.86145"
"84.40000","7.78803","2,467.08960","0.01316","0.00176","62.92312"
"84.50000","7.79155","2,469.39844","0.01317","0.00169","62.98201"
"84.60000","7.79491","2,471.24194","0.01320","0.00175","63.02902"
"84.70000","7.79797","2,471.83838","0.01321","0.00180","63.04424"
"84.80000","7.80141","2,474.39233","0.01323","0.00192","63.10938"
"84.90000","7.80477","2,475.35645","0.01326","0.00225","63.13396"
"85.00000","7.80806","2,477.28833","0.01326","0.00227","63.18324"
"85.10000","7.81135","2,479.74683","0.01329","0.00208","63.24594"
"85.20000","7.81479","2,481.69385","0.01331","0.00217","63.29560"
"85.30000","7.81808","2,482.73096","0.01334","0.00217","63.32205"
"85.40000","7.82129","2,485.96655","0.01336","0.00219","63.40458"
"85.50000","7.82480","2,487.15796","0.01335","0.00231","63.43496"
"85.60000","7.82809","2,488.25806","0.01335","0.00230","63.46302"
"85.70000","7.83131","2,490.21924","0.01339","0.00236","63.51304"
"85.80000","7.83482","2,492.46948","0.01343","0.00243","63.57043"
"85.90000","7.83818","2,493.57007","0.01343","0.00246","63.59850"
"86.00000","7.84139","2,496.07422","0.01341","0.00243","63.66237"
"86.10000","7.84476","2,497.98706","0.01352","0.00241","63.71116"
"86.20000","7.84812","2,499.00684","0.01355","0.00235","63.73717"
"86.30000","7.85126","2,500.96069","0.01348","0.00221","63.78700"
"86.40000","7.85470","2,502.60303","0.01355","0.00248","63.82889"
"86.50000","7.85814","2,504.78320","0.01358","0.00240","63.88449"
"86.60000","7.86142","2,506.61475","0.01358","0.00231","63.93121"
"86.70000","7.86471","2,508.23828","0.01354","0.00218","63.97261"
"86.80000","7.86815","2,509.82935","0.01360","0.00217","64.01319"
"86.90000","7.87136","2,512.48486","0.01358","0.00224","64.08092"
"87.00000","7.87458","2,513.15747","0.01357","0.00229","64.09808"
"87.10000","7.87809","2,515.52319","0.01361","0.00214","64.15842"
"87.20000","7.88145","2,517.69336","0.01363","0.00206","64.21377"
"87.30000","7.88467","2,518.40649","0.01363","0.00209","64.23196"
"87.40000","7.88803","2,520.47998","0.01365","0.00200","64.28484"
"87.50000","7.89147","2,522.22314","0.01368","0.00210","64.32930"
"87.60000","7.89461","2,524.09985","0.01368","0.00200","64.37717"
"87.70000","7.89804","2,525.64819","0.01369","0.00198","64.41666"
"87.80000","7.90148","2,527.41138","0.01370","0.00171","64.46162"
"87.90000","7.90470","2,529.38916","0.01375","0.00177","64.51207"
"88.00000","7.90806","2,530.83179","0.01379","0.00193","64.54886"
"88.10000","7.91150","2,533.26660","0.01379","0.00193","64.61096"
"88.20000","7.91471","2,534.48438","0.01378","0.00223","64.64202"
"88.30000","7.91800","2,536.51392","0.01380","0.00215","64.69379"
"88.40000","7.92136","2,537.98828","0.01385","0.00216","64.73139"
"88.50000","7.92473","2,540.58716","0.01386","0.00242","64.79768"
"88.60000","7.92801","2,541.67847","0.01385","0.00243","64.82551"
"88.70000","7.93138","2,543.20044","0.01389","0.00225","64.86433"
"88.80000","7.93489","2,544.81177","0.01391","0.00234","64.90542"
"88.90000","7.93795","2,546.32812","0.01393","0.00238","64.94410"
"89.00000","7.94139","2,549.30127","0.01397","0.00244","65.01993"
"89.10000","7.94476","2,550.47949","0.01396","0.00249","65.04998"
"89.20000","7.94797","2,551.69946","0.01396","0.00251","65.08109"
"89.30000","7.95141","2,554.03247","0.01401","0.00249","65.14059"
"89.40000","7.95477","2,555.79614","0.01407","0.00246","65.18558"
"89.50000","7.95806","2,557.40698","0.01411","0.00244","65.22666"
"89.60000","7.96142","2,558.77124","0.01407","0.00223","65.26146"
"89.70000","7.96471","2,561.13770","0.01405","0.00228","65.32182"
"89.80000","7.96807","2,562.38770","0.01407","0.00218","65.35370"
"89.90000","7.97129","2,564.84253","0.01413","0.00228","65.41631"
"90.00000","7.97473","2,566.14551","0.01411","0.00225","65.44954"
"90.10000","7.97816","2,568.14062","0.01411","0.00219","65.50043"
"90.20000","7.98130","2,569.90698","0.01413","0.00211","65.54547"
"90.30000","7.98474","2,571.05469","0.01413","0.00219","65.57475"
"90.40000","7.98818","2,574.19360","0.01418","0.00229","65.65481"
"90.50000","7.99124","2,574.53760","0.01416","0.00213","65.66358"
"90.60000","7.99475","2,576.49023","0.01418","0.00210","65.71338"
"90.70000","7.99812","2,578.36914","0.01420","0.00202","65.76130"
"90.80000","8.00141","2,580.66309","0.01425","0.00177","65.81981"
"90.90000","8.00477","2,581.36011","0.01424","0.00167","65.83759"
"91.00000","8.00806","2,583.90527","0.01425","0.00184","65.90250"
"91.10000","8.01150","2,586.14966","0.01428","0.00171","65.95975"
"91.20000","8.01463","2,587.13843","0.01429","0.00182","65.98496"
"91.30000","8.01800","2,588.59277","0.01431","0.00206","66.02206"
"91.40000","8.02151","2,590.82690","0.01431","0.00226","66.07904"
"91.50000","8.02465","2,593.16187","0.01431","0.00228","66.13859"
"91.60000","8.02809","2,594.38184","0.01436","0.00208","66.16971"
"91.70000","8.03152","2,596.63330","0.01438","0.00229","66.22713"
"91.80000","8.03459","2,596.98364","0.01440","0.00244","66.23607"
"91.90000","8.03810","2,599.24536","0.01442","0.00245","66.29375"
"92.00000","8.04146","2,600.65698","0.01444","0.00227","66.32975"
"92.10000","8.04468","2,602.28711","0.01443","0.00224","66.37133"
"92.20000","8.04812","2,604.14160","0.01445","0.00245","66.41863"
"92.30000","8.05140","2,605.66260","0.01447","0.00258","66.45742"
"92.40000","8.05484","2,608.63257","0.01452","0.00254","66.53317"
"92.50000","8.05806","2,609.50391","0.01453","0.00246","66.55540"
"92.60000","8.06142","2,611.20752","0.01457","0.00239","66.59885"
"92.70000","8.06478","2,612.88110","0.01457","0.00237","66.64153"
"92.80000","8.06792","2,614.94629","0.01457","0.00250","66.69421"
"92.90000","8.07151","2,616.04688","0.01460","0.00252","66.72227"
"93.00000","8.07487","2,618.17065","0.01465","0.00258","66.77644"
"93.10000","8.07801","2,619.15552","0.01461","0.00246","66.80156"
"93.20000","8.08145","2,621.46704","0.01465","0.00234","66.86051"
"93.30000","8.08481","2,624.05200","0.01464","0.00230","66.92645"
"93.40000","8.08795","2,624.83887","0.01465","0.00249","66.94651"
"93.50000","8.09139","2,626.99731","0.01466","0.00221","67.00156"
"93.60000","8.09475","2,628.70703","0.01468","0.00230","67.04517"
"93.70000","8.09804","2,630.06885","0.01472","0.00219","67.07990"
"93.80000","8.10133","2,632.16895","0.01474","0.00218","67.13347"
"93.90000","8.10477","2,633.49341","0.01477","0.00203","67.16724"
"94.00000","8.10813","2,635.86182","0.01477","0.00222","67.22765"
"94.10000","8.11119","2,637.98169","0.01477","0.00198","67.28172"
"94.20000","8.11478","2,639.35986","0.01481","0.00190","67.31687"
"94.30000","8.11814","2,641.18018","0.01480","0.00185","67.36330"
"94.40000","8.12136","2,642.85376","0.01483","0.00200","67.40598"
"94.50000","8.12480","2,644.19507","0.01484","0.00199","67.44019"
"94.60000","8.12816","2,646.81494","0.01485","0.00239","67.50701"
"94.70000","8.13130","2,647.88281","0.01483","0.00242","67.53425"
"94.80000","8.13474","2,649.90527","0.01488","0.00231","67.58583"
"94.90000","8.13810","2,652.02661","0.01490","0.00238","67.63994"
"95.00000","8.14139","2,653.28857","0.01491","0.00237","67.67212"
"95.10000","8.14475","2,655.10352","0.01494","0.00236","67.71841"
"95.20000","8.14819","2,657.21948","0.01497","0.00225","67.77238"
"95.30000","8.15140","2,659.34058","0.01496","0.00236","67.82648"
"95.40000","8.15469","2,660.42993","0.01499","0.00241","67.85426"
"95.50000","8.15813","2,662.86353","0.01500","0.00255","67.91633"
"95.60000","8.16142","2,664.20581","0.01504","0.00250","67.95057"
"95.70000","8.16456","2,665.37012","0.01506","0.00263","67.98026"
"95.80000","8.16814","2,667.33105","0.01506","0.00247","68.03027"
"95.90000","8.17143","2,668.80273","0.01508","0.00250","68.06781"
"96.00000","8.17465","2,670.35254","0.01509","0.00253","68.10734"
"96.10000","8.17808","2,672.50342","0.01511","0.00247","68.16219"
"96.20000","8.18145","2,674.44214","0.01514","0.00244","68.21165"
"96.30000","8.18459","2,675.47900","0.01512","0.00246","68.23809"
"96.40000","8.18802","2,677.56323","0.01517","0.00229","68.29124"
"96.50000","8.19146","2,679.32520","0.01518","0.00241","68.33619"
"96.60000","8.19468","2,680.90039","0.01520","0.00229","68.37636"
"96.70000","8.19804","2,682.58716","0.01522","0.00236","68.41938"
"96.80000","8.20148","2,684.13110","0.01523","0.00230","68.45876"
"96.90000","8.20469","2,686.54492","0.01525","0.00227","68.52032"
"97.00000","8.20798","2,688.06714","0.01527","0.00230","68.55915"
"97.10000","8.21142","2,689.55786","0.01526","0.00221","68.59717"
"97.20000","8.21478","2,691.75366","0.01528","0.00224","68.65318"
"97.30000","8.21799","2,693.45776","0.01531","0.00204","68.69664"
"97.40000","8.22143","2,695.07959","0.01532","0.00193","68.73800"
"97.50000","8.22487","2,697.20020","0.01532","0.00186","68.79209"
"97.60000","8.22801","2,698.55908","0.01534","0.00199","68.82674"
"97.70000","8.23137","2,700.27344","0.01536","0.00214","68.87047"
"97.80000","8.23481","2,702.68042","0.01538","0.00217","68.93186"
"97.90000","8.23802","2,704.52954","0.01538","0.00232","68.97903"
"98.00000","8.24139","2,705.77734","0.01540","0.00238","69.01085"
"98.10000","8.24482","2,706.49561","0.01544","0.00236","69.02917"
"98.20000","8.24804","2,709.07959","0.01545","0.00241","69.09507"
"98.30000","8.25140","2,711.31665","0.01545","0.00241","69.15213"
"98.40000","8.25469","2,711.73364","0.01547","0.00247","69.16277"
"98.50000","8.25805","2,713.55371","0.01550","0.00238","69.20918"
"98.60000","8.26127","2,715.81958","0.01552","0.00240","69.26698"
"98.70000","8.26470","2,717.40454","0.01553","0.00258","69.30740"
"98.80000","8.26822","2,718.70972","0.01555","0.00269","69.34069"
"98.90000","8.27136","2,720.51660","0.01557","0.00268","69.38677"
"99.00000","8.27472","2,721.99902","0.01558","0.00254","69.42458"
"99.10000","8.27808","2,724.47559","0.01559","0.00259","69.48775"
"99.20000","8.28130","2,725.77148","0.01563","0.00260","69.52080"
"99.30000","8.28473","2,727.27173","0.01565","0.00255","69.55906"
"99.40000","8.28817","2,729.54395","0.01564","0.00252","69.61701"
"99.50000","8.29138","2,731.05249","0.01569","0.00252","69.65549"
"99.60000","8.29475","2,732.43945","0.01570","0.00249","69.69086"
"99.70000","8.29811","2,734.56616","0.01571","0.00246","69.74511"
"99.80000","8.30148","2,736.76953","0.01576","0.00248","69.80131"
"99.90000","8.30461","2,737.93359","0.01576","0.00245","69.83099"
"100.00000","8.30798","2,739.33008","0.01579","0.00247","69.86661"
"100.10000","8.31156","2,740.85474","0.01579","0.00240","69.90549"
"100.20000","8.31463","2,742.77002","0.01581","0.00242","69.95435"
"100.30000","8.31807","2,744.67847","0.01582","0.00236","70.00302"
"100.40000","8.32150","2,745.66431","0.01584","0.00239","70.02817"
"100.50000","8.32464","2,747.52905","0.01583","0.00223","70.07573"
"100.60000","8.32808","2,749.23242","0.01587","0.00209","70.11917"
"100.70000","8.33144","2,750.64648","0.01588","0.00203","70.15524"
"100.80000","8.33473","2,752.74146","0.01589","0.00207","70.20867"
"100.90000","8.33810","2,753.48779","0.01591","0.00210","70.22771"
"101.00000","8.34146","2,755.79077","0.01591","0.00221","70.28644"
"101.10000","8.34482","2,757.41821","0.01594","0.00237","70.32795"
"101.20000","8.34796","2,758.41260","0.01594","0.00239","70.35331"
"101.30000","8.35132","2,760.97339","0.01595","0.00242","70.41862"
"101.40000","8.35484","2,762.34839","0.01600","0.00253","70.45369"
"101.50000","8.35798","2,763.64282","0.01601","0.00242","70.48671"
"101.60000","8.36149","2,765.12158","0.01602","0.00251","70.52442"
"101.70000","8.36485","2,767.50317","0.01603","0.00252","70.58517"
"101.80000","8.36799","2,768.46655","0.01604","0.00256","70.60973"
"101.90000","8.37143","2,770.18506","0.01607","0.00265","70.65356"
"102.00000","8.37472","2,772.19067","0.01609","0.00267","70.70472"
"102.10000","8.37801","2,773.79980","0.01611","0.00271","70.74576"
"102.20000","8.38144","2,775.93994","0.01612","0.00268","70.80035"
"102.30000","8.38481","2,777.56958","0.01615","0.00275","70.84191"
"102.40000","8.38817","2,779.08154","0.01616","0.00265","70.88047"
"102.50000","8.39131","2,780.07642","0.01617","0.00263","70.90585"
"102.60000","8.39467","2,781.23315","0.01621","0.00262","70.93535"
"102.70000","8.39811","2,784.19531","0.01620","0.00255","71.01090"
"102.80000","8.40117","2,784.36572","0.01624","0.00252","71.01524"
"102.90000","8.40476","2,786.35986","0.01626","0.00255","71.06611"
"103.00000","8.40820","2,788.04419","0.01626","0.00252","71.10906"
"103.10000","8.41134","2,789.37720","0.01627","0.00250","71.14306"
"103.20000","8.41478","2,791.71826","0.01630","0.00254","71.20277"
"103.30000","8.41814","2,792.75293","0.01632","0.00258","71.22916"
"103.40000","8.42128","2,795.04053","0.01634","0.00239","71.28751"
"103.50000","8.42472","2,795.98877","0.01635","0.00254","71.31169"
"103.60000","8.42808","2,797.15234","0.01637","0.00247","71.34137"
"103.70000","8.43137","2,799.95728","0.01638","0.00240","71.41291"
"103.80000","8.43473","2,800.84546","0.01641","0.00209","71.43556"
"103.90000","8.43817","2,802.74487","0.01643","0.00209","71.48401"
"104.00000","8.44146","2,804.18848","0.01643","0.00211","71.52082"
"104.10000","8.44460","2,805.63281","0.01644","0.00219","71.55766"
"104.20000","8.44811","2,807.13550","0.01646","0.00234","71.59599"
"104.30000","8.45140","2,809.05615","0.01647","0.00231","71.64497"
"104.40000","8.45461","2,810.72632","0.01645","0.00269","71.68757"
"104.50000","8.45820","2,812.62451","0.01651","0.00244","71.73598"
"104.60000","8.46149","2,814.24731","0.01650","0.00256","71.77737"
"104.70000","8.46463","2,816.29053","0.01649","0.00261","71.82949"
"104.80000","8.46806","2,817.66064","0.01653","0.00259","71.86443"
"104.90000","8.47135","2,819.70850","0.01656","0.00261","71.91666"
"105.00000","8.47464","2,820.98364","0.01659","0.00258","71.94919"
"105.10000","8.47800","2,822.10571","0.01661","0.00257","71.97781"
"105.20000","8.48152","2,825.14673","0.01661","0.00268","72.05537"
"105.30000","8.48473","2,825.58154","0.01663","0.00282","72.06645"
"105.40000","8.48802","2,827.34985","0.01665","0.00281","72.11156"
"105.50000","8.49146","2,828.74512","0.01666","0.00279","72.14714"
"105.60000","8.49474","2,830.49707","0.01668","0.00270","72.19183"
"105.70000","8.49796","2,832.08276","0.01669","0.00268","72.23227"
"105.80000","8.50147","2,833.35962","0.01671","0.00278","72.26483"
"105.90000","8.50483","2,835.64429","0.01674","0.00275","72.32310"
"106.00000","8.50805","2,838.05176","0.01676","0.00271","72.38451"
"106.10000","8.51141","2,838.66870","0.01679","0.00268","72.40025"
"106.20000","8.51477","2,839.97314","0.01680","0.00269","72.43351"
"106.30000","8.51799","2,841.76880","0.01680","0.00265","72.47931"
"106.40000","8.52135","2,844.09448","0.01683","0.00264","72.53863"
"106.50000","8.52479","2,845.46606","0.01684","0.00264","72.57361"
"106.60000","8.52808","2,847.26782","0.01687","0.00257","72.61956"
"106.70000","8.53137","2,848.96411","0.01688","0.00263","72.66283"
"106.80000","8.53480","2,849.63892","0.01692","0.00249","72.68004"
"106.90000","8.53802","2,851.94727","0.01691","0.00251","72.73891"
"107.00000","8.54131","2,853.51733","0.01692","0.00248","72.77895"
"107.10000","8.54467","2,854.68018","0.01694","0.00230","72.80862"
"107.20000","8.54803","2,856.76538","0.01698","0.00222","72.86180"
"107.30000","8.55132","2,858.18726","0.01697","0.00225","72.89806"
"107.40000","8.55476","2,860.40015","0.01698","0.00239","72.95451"
"107.50000","8.55820","2,861.49194","0.01700","0.00248","72.98235"
"107.60000","8.56134","2,863.54468","0.01700","0.00257","73.03471"
"107.70000","8.56470","2,865.12354","0.01703","0.00259","73.07497"
"107.80000","8.56814","2,866.83887","0.01704","0.00265","73.11872"
"107.90000","8.57135","2,868.35010","0.01703","0.00262","73.15726"
"108.00000","8.57471","2,869.97778","0.01707","0.00265","73.19878"
"108.10000","8.57815","2,871.50586","0.01708","0.00272","73.23775"
"108.20000","8.58144","2,872.60571","0.01709","0.00271","73.26581"
"108.30000","8.58473","2,874.52441","0.01710","0.00267","73.31474"
"108.40000","8.58802","2,875.72607","0.01713","0.00271","73.34539"
"108.50000","8.59145","2,877.59180","0.01712","0.00271","73.39297"
"108.60000","8.59467","2,879.50757","0.01717","0.00287","73.44184"
"108.70000","8.59803","2,880.98828","0.01717","0.00284","73.47961"
"108.80000","8.60154","2,883.48975","0.01719","0.00289","73.54340"
"108.90000","8.60461","2,884.19629","0.01724","0.00278","73.56142"
"109.00000","8.60805","2,886.13037","0.01723","0.00283","73.61076"
"109.10000","8.61148","2,888.20728","0.01726","0.00279","73.66373"
"109.20000","8.61462","2,889.37744","0.01725","0.00281","73.69357"
"109.30000","8.61806","2,890.72876","0.01729","0.00279","73.72803"
"109.40000","8.62150","2,893.22729","0.01730","0.00269","73.79176"
"109.50000","8.62479","2,894.16772","0.01734","0.00272","73.81574"
"109.60000","8.62807","2,896.76733","0.01735","0.00267","73.88205"
"109.70000","8.63144","2,898.74731","0.01735","0.00276","73.93255"
"109.80000","8.63480","2,899.92773","0.01736","0.00264","73.96265"
"109.90000","8.63794","2,900.32812","0.01739","0.00261","73.97286"
"110.00000","8.64138","2,902.47900","0.01742","0.00261","74.02773"
"110.10000","8.64482","2,903.78589","0.01743","0.00262","74.06106"
"110.20000","8.64795","2,906.43726","0.01745","0.00254","74.12868"
"110.30000","8.65147","2,908.07983","0.01743","0.00220","74.17057"
"110.40000","8.65491","2,909.68945","0.01747","0.00230","74.21162"
"110.50000","8.65797","2,910.78369","0.01749","0.00226","74.23953"
"110.60000","8.66141","2,912.58276","0.01750","0.00234","74.28542"
"110.70000","8.66477","2,914.37036","0.01753","0.00251","74.33102"
"110.80000","8.66806","2,915.85669","0.01754","0.00255","74.36892"
"110.90000","8.67142","2,917.14624","0.01756","0.00258","74.40181"
"111.00000","8.67479","2,919.10742","0.01758","0.00266","74.45183"
"111.10000","8.67815","2,921.22046","0.01759","0.00269","74.50572"
"111.20000","8.68129","2,922.59082","0.01760","0.00274","74.54067"
"111.30000","8.68465","2,924.39526","0.01762","0.00280","74.58670"
"111.40000","8.68816","2,925.62573","0.01764","0.00277","74.61808"
"111.50000","8.69123","2,927.46973","0.01764","0.00281","74.66512"
"111.60000","8.69474","2,928.68701","0.01766","0.00272","74.69616"
"111.70000","8.69818","2,931.11621","0.01768","0.00271","74.75812"
"111.80000","8.70132","2,931.76196","0.01769","0.00283","74.77459"
"111.90000","8.70483","2,934.07104","0.01773","0.00296","74.83348"
"112.00000","8.70812","2,935.92432","0.01773","0.00296","74.88074"
"112.10000","8.71133","2,937.13257","0.01776","0.00296","74.91156"
"112.20000","8.71470","2,939.56177","0.01776","0.00291","74.97352"
"112.30000","8.71813","2,940.59985","0.01776","0.00292","75.00000"
"112.40000","8.72150","2,942.86841","0.01780","0.00284","75.05785"
"112.50000","8.72471","2,943.68408","0.01780","0.00290","75.07866"
"112.60000","8.72815","2,945.21558","0.01784","0.00293","75.11772"
"112.70000","8.73144","2,947.75708","0.01784","0.00281","75.18254"
"112.80000","8.73458","2,948.30493","0.01788","0.00282","75.19652"
"112.90000","8.73809","2,950.16235","0.01787","0.00287","75.24389"
"113.00000","8.74153","2,952.75391","0.01791","0.00271","75.30998"
"113.10000","8.74459","2,954.13721","0.01791","0.00286","75.34527"
"113.20000","8.74825","2,956.07617","0.01792","0.00276","75.39472"
"113.30000","8.75147","2,957.00024","0.01795","0.00274","75.41829"
"113.40000","8.75460","2,958.43042","0.01796","0.00269","75.45477"
"113.50000","8.75804","2,959.99121","0.01798","0.00235","75.49458"
"113.60000","8.76141","2,962.18384","0.01805","0.00257","75.55050"
"113.70000","8.76469","2,963.28125","0.01805","0.00251","75.57848"
"113.80000","8.76806","2,964.31177","0.01804","0.00250","75.60477"
"113.90000","8.77149","2,966.89844","0.01807","0.00256","75.67074"
"114.00000","8.77478","2,968.97900","0.01806","0.00268","75.72381"
"114.10000","8.77792","2,970.31982","0.01810","0.00278","75.75800"
"114.20000","8.78144","2,971.90894","0.01810","0.00276","75.79853"
"114.30000","8.78472","2,973.49854","0.01809","0.00277","75.83908"
"114.40000","8.78801","2,974.46143","0.01814","0.00287","75.86363"
"114.50000","8.79145","2,976.64160","0.01815","0.00287","75.91924"
"114.60000","8.79481","2,977.64258","0.01814","0.00287","75.94477"
"114.70000","8.79803","2,978.67090","0.01817","0.00283","75.97100"
"114.80000","8.80139","2,982.16187","0.01820","0.00282","76.06004"
"114.90000","8.80475","2,982.91699","0.01819","0.00278","76.07929"
"115.00000","8.80804","2,984.46216","0.01822","0.00287","76.11871"
"115.10000","8.81133","2,986.60181","0.01824","0.00295","76.17328"
"115.20000","8.81477","2,988.00732","0.01827","0.00315","76.20912"
"115.30000","8.81813","2,989.38062","0.01826","0.00307","76.24415"
"115.40000","8.82135","2,991.36816","0.01828","0.00298","76.29485"
"115.50000","8.82478","2,992.37476","0.01827","0.00286","76.32052"
"115.60000","8.82807","2,994.33032","0.01829","0.00292","76.37039"
"115.70000","8.83128","2,995.65137","0.01832","0.00297","76.40408"
"115.80000","8.83472","2,998.74097","0.01834","0.00291","76.48289"
"115.90000","8.83809","2,999.08472","0.01835","0.00293","76.49165"
"116.00000","8.84137","3,000.72314","0.01838","0.00293","76.53344"
"116.10000","8.84474","3,002.08765","0.01839","0.00282","76.56824"
"116.20000","8.84818","3,004.06079","0.01841","0.00280","76.61857"
"116.30000","8.85131","3,006.41797","0.01843","0.00286","76.67869"
"116.40000","8.85468","3,007.30078","0.01843","0.00282","76.70120"
"116.50000","8.85812","3,008.65625","0.01846","0.00280","76.73577"
"116.60000","8.86140","3,011.32861","0.01846","0.00280","76.80393"
"116.70000","8.86469","3,012.26172","0.01851","0.00263","76.82773"
"116.80000","8.86820","3,013.19727","0.01852","0.00248","76.85159"
"116.90000","8.87142","3,014.54932","0.01855","0.00240","76.88608"
"117.00000","8.87463","3,016.90527","0.01855","0.00250","76.94617"
"117.10000","8.87807","3,018.40112","0.01858","0.00264","76.98431"
"117.20000","8.88143","3,019.92407","0.01860","0.00275","77.02316"
"117.30000","8.88472","3,021.56177","0.01860","0.00281","77.06493"
"117.40000","8.88808","3,022.91211","0.01862","0.00284","77.09937"
"117.50000","8.89152","3,024.45605","0.01864","0.00283","77.13875"
"117.60000","8.89474","3,026.23657","0.01866","0.00290","77.18416"
"117.70000","8.89802","3,028.02319","0.01866","0.00295","77.22973"
"117.80000","8.90139","3,030.03198","0.01869","0.00286","77.28096"
"117.90000","8.90460","3,031.47461","0.01874","0.00291","77.31776"
"118.00000","8.90804","3,032.33984","0.01872","0.00287","77.33982"
"118.10000","8.91148","3,034.21777","0.01873","0.00282","77.38772"
"118.20000","8.91477","3,036.11987","0.01874","0.00284","77.43623"
"118.30000","8.91805","3,037.79858","0.01876","0.00288","77.47905"
"118.40000","8.92142","3,039.36572","0.01878","0.00314","77.51902"
"118.50000","8.92478","3,041.61035","0.01879","0.00310","77.57627"
"118.60000","8.92792","3,042.41064","0.01880","0.00315","77.59668"
"118.70000","8.93136","3,044.02563","0.01880","0.00297","77.63787"
"118.80000","8.93487","3,045.94897","0.01882","0.00300","77.68693"
"118.90000","8.93801","3,047.16650","0.01885","0.00303","77.71798"
"119.00000","8.94145","3,048.63257","0.01886","0.00297","77.75537"
"119.10000","8.94489","3,050.89795","0.01886","0.00304","77.81315"
"119.20000","8.94795","3,052.37451","0.01890","0.00302","77.85081"
"119.30000","8.95139","3,053.21240","0.01892","0.00295","77.87218"
"119.40000","8.95482","3,055.38281","0.01893","0.00300","77.92754"
"119.50000","8.95811","3,056.25366","0.01893","0.00294","77.94975"
"119.60000","8.96140","3,058.12671","0.01901","0.00295","77.99752"
"119.70000","8.96476","3,060.02026","0.01896","0.00294","78.04581"
"119.80000","8.96813","3,061.40552","0.01900","0.00293","78.08115"
"119.90000","8.97127","3,062.95850","0.01900","0.00288","78.12075"
"120.00000","8.97463","3,064.41431","0.01902","0.00277","78.15788"
"120.10000","8.97814","3,066.80396","0.01906","0.00264","78.21883"
"120.20000","8.98121","3,067.62939","0.01908","0.00254","78.23988"
"120.30000","8.98479","3,069.68994","0.01908","0.00269","78.29244"
"120.40000","8.98816","3,070.98730","0.01911","0.00267","78.32553"
"120.50000","8.99130","3,072.75098","0.01913","0.00284","78.37051"
"120.60000","8.99473","3,073.90283","0.01915","0.00289","78.39989"
"120.70000","8.99810","3,075.47461","0.01916","0.00296","78.43998"
"120.80000","9.00139","3,078.10889","0.01919","0.00297","78.50716"
"120.90000","9.00475","3,078.73584","0.01918","0.00302","78.52316"
"121.00000","9.00811","3,080.57959","0.01921","0.00312","78.57018"
"121.10000","9.01148","3,081.93579","0.01925","0.00305","78.60477"
"121.20000","9.01469","3,082.61865","0.01925","0.00308","78.62218"
"121.30000","9.01805","3,085.08423","0.01925","0.00300","78.68507"
"121.40000","9.02142","3,086.75684","0.01926","0.00302","78.72773"
"121.50000","9.02455","3,087.80249","0.01927","0.00301","78.75440"
"121.60000","9.02807","3,089.19629","0.01929","0.00314","78.78995"
"121.70000","9.03151","3,092.04541","0.01929","0.00322","78.86262"
"121.80000","9.03464","3,093.15210","0.01930","0.00319","78.89084"
"121.90000","9.03816","3,093.67090","0.01931","0.00312","78.90408"
"122.00000","9.04145","3,096.20605","0.01935","0.00305","78.96873"
"122.10000","9.04466","3,096.90625","0.01937","0.00307","78.98659"
"122.20000","9.04802","3,099.60815","0.01938","0.00313","79.05550"
"122.30000","9.05138","3,100.95020","0.01939","0.00306","79.08973"
"122.40000","9.05475","3,102.12085","0.01939","0.00304","79.11959"
"122.50000","9.05804","3,103.52075","0.01944","0.00316","79.15530"
"122.60000","9.06147","3,105.90747","0.01943","0.00304","79.21616"
"122.70000","9.06484","3,106.82642","0.01946","0.00305","79.23960"
"122.80000","9.06783","3,108.08228","0.01948","0.00309","79.27164"
"122.90000","9.07141","3,110.75830","0.01946","0.00306","79.33989"
"123.00000","9.07478","3,111.59253","0.01950","0.00298","79.36117"
"123.10000","9.07799","3,113.26831","0.01952","0.00293","79.40391"
"123.20000","9.08150","3,114.96826","0.01954","0.00298","79.44727"
"123.30000","9.08479","3,116.24023","0.01956","0.00274","79.47971"
"123.40000","9.08801","3,118.06519","0.01958","0.00273","79.52625"
"123.50000","9.09137","3,120.19702","0.01959","0.00274","79.58062"
"123.60000","9.09473","3,120.56738","0.01964","0.00295","79.59007"
"123.70000","9.09802","3,121.68848","0.01963","0.00292","79.61866"
"123.80000","9.10131","3,124.87280","0.01966","0.00300","79.69987"
"123.90000","9.10482","3,126.37695","0.01967","0.00302","79.73824"
"124.00000","9.10818","3,127.75122","0.01971","0.00305","79.77329"
"124.10000","9.11132","3,129.11523","0.01973","0.00312","79.80808"
"124.20000","9.11476","3,130.35034","0.01972","0.00305","79.83958"
"124.30000","9.11805","3,131.40186","0.01975","0.00314","79.86640"
"124.40000","9.12134","3,133.70459","0.01983","0.00313","79.92513"
"124.50000","9.12478","3,135.00342","0.01978","0.00319","79.95826"
"124.60000","9.12814","3,136.75854","0.01978","0.00306","80.00302"
"124.70000","9.13135","3,138.13281","0.01981","0.00307","80.03807"
"124.80000","9.13472","3,139.96289","0.01988","0.00313","80.08475"
"124.90000","9.13808","3,141.13916","0.01984","0.00309","80.11475"
"125.00000","9.14137","3,143.56274","0.01990","0.00330","80.17657"
"125.10000","9.14466","3,144.07910","0.01986","0.00323","80.18974"
"125.20000","9.14810","3,145.94434","0.01990","0.00321","80.23730"
"125.30000","9.15138","3,148.11768","0.01988","0.00325","80.29274"
"125.40000","9.15467","3,149.55713","0.01998","0.00320","80.32945"
"125.50000","9.15811","3,151.07104","0.01995","0.00326","80.36806"
"125.60000","9.16147","3,152.64868","0.01994","0.00316","80.40830"
"125.70000","9.16469","3,153.44556","0.01995","0.00323","80.42863"
"125.80000","9.16805","3,155.68750","0.01997","0.00325","80.48581"
"125.90000","9.17141","3,157.44507","0.01999","0.00319","80.53063"
"126.00000","9.17470","3,158.50269","0.02000","0.00316","80.55761"
"126.10000","9.17806","3,159.94873","0.02000","0.00312","80.59449"
"126.20000","9.18150","3,162.50806","0.02004","0.00309","80.65977"
"126.30000","9.18472","3,162.96826","0.02005","0.00301","80.67150"
"126.40000","9.18800","3,164.68921","0.02008","0.00305","80.71539"
"126.50000","9.19137","3,166.72144","0.02008","0.00306","80.76723"
"126.60000","9.19473","3,168.23950","0.02009","0.00273","80.80595"
"126.70000","9.19802","3,169.66626","0.02010","0.00276","80.84233"
"126.80000","9.20146","3,171.29541","0.02013","0.00293","80.88389"
"126.90000","9.20475","3,172.82642","0.02014","0.00309","80.92294"
"127.00000","9.20803","3,174.80859","0.02017","0.00307","80.97349"
"127.10000","9.21140","3,176.11182","0.02019","0.00313","81.00673"
"127.20000","9.21476","3,177.81641","0.02018","0.00315","81.05020"
"127.30000","9.21797","3,178.97192","0.02019","0.00319","81.07967"
"127.40000","9.22141","3,180.31714","0.02024","0.00323","81.11398"
"127.50000","9.22492","3,182.86792","0.02025","0.00326","81.17905"
"127.60000","9.22806","3,184.15210","0.02027","0.00329","81.21180"
"127.70000","9.23143","3,186.09448","0.02032","0.00325","81.26134"
"127.80000","9.23479","3,186.84839","0.02030","0.00323","81.28056"
"127.90000","9.23800","3,188.67896","0.02032","0.00322","81.32726"
"128.00000","9.24137","3,190.89038","0.02038","0.00315","81.38366"
"128.10000","9.24480","3,192.66626","0.02034","0.00332","81.42895"
"128.20000","9.24809","3,193.52734","0.02036","0.00332","81.45091"
"128.30000","9.25138","3,194.67969","0.02041","0.00339","81.48030"
"128.40000","9.25474","3,197.42773","0.02043","0.00335","81.55039"
"128.50000","9.25818","3,198.62109","0.02044","0.00332","81.58083"
"128.60000","9.26125","3,200.34131","0.02045","0.00326","81.62470"
"128.70000","9.26468","3,202.20850","0.02044","0.00333","81.67233"
"128.80000","9.26820","3,203.30664","0.02047","0.00323","81.70033"
"128.90000","9.27134","3,205.25684","0.02049","0.00330","81.75007"
"129.00000","9.27477","3,206.31738","0.02053","0.00335","81.77712"
"129.10000","9.27814","3,207.76514","0.02052","0.00329","81.81405"
"129.20000","9.28128","3,208.99756","0.02052","0.00329","81.84548"
"129.30000","9.28471","3,211.29565","0.02055","0.00324","81.90409"
"129.40000","9.28808","3,212.79956","0.02056","0.00316","81.94245"
"129.50000","9.29136","3,214.27319","0.02058","0.00317","81.98003"
"129.60000","9.29473","3,215.45630","0.02058","0.00321","82.01021"
"129.70000","9.29817","3,217.62817","0.02061","0.00300","82.06561"
"129.80000","9.30153","3,219.06348","0.02065","0.00283","82.10221"
"129.90000","9.30459","3,221.02271","0.02066","0.00297","82.15218"
"130.00000","9.30803","3,221.72754","0.02067","0.00300","82.17016"
"130.10000","9.31147","3,223.30518","0.02068","0.00312","82.21040"
"130.20000","9.31461","3,225.06812","0.02069","0.00311","82.25536"
"130.30000","9.31812","3,226.39111","0.02071","0.00315","82.28910"
"130.40000","9.32156","3,227.76538","0.02072","0.00328","82.32415"
"130.50000","9.32462","3,229.39966","0.02073","0.00330","82.36584"
"130.60000","9.32814","3,230.53296","0.02079","0.00323","82.39474"
"130.70000","9.33142","3,233.39673","0.02076","0.00335","82.46778"
"130.80000","9.33464","3,234.14307","0.02079","0.00333","82.48682"
"130.90000","9.33800","3,234.90210","0.02079","0.00332","82.50617"
"131.00000","9.34144","3,237.51001","0.02082","0.00327","82.57269"
"131.10000","9.34480","3,239.26538","0.02087","0.00320","82.61746"
"131.20000","9.34801","3,240.27197","0.02086","0.00325","82.64314"
"131.30000","9.35138","3,241.75317","0.02088","0.00326","82.68091"
"131.40000","9.35482","3,243.53906","0.02089","0.00332","82.72646"
"131.50000","9.35788","3,244.84546","0.02096","0.00336","82.75978"
"131.60000","9.36147","3,247.66309","0.02100","0.00347","82.83164"
"131.70000","9.36483","3,248.29590","0.02099","0.00346","82.84779"
"131.80000","9.36797","3,249.20166","0.02099","0.00334","82.87089"
"131.90000","9.37148","3,251.24634","0.02098","0.00342","82.92303"
"132.00000","9.37477","3,253.41943","0.02100","0.00341","82.97846"
"132.10000","9.37806","3,254.20459","0.02103","0.00344","82.99848"
"132.20000","9.38135","3,255.09985","0.02106","0.00345","83.02132"
"132.30000","9.38471","3,256.99512","0.02107","0.00341","83.06966"
"132.40000","9.38807","3,259.27954","0.02111","0.00342","83.12792"
"132.50000","9.39136","3,260.38257","0.02116","0.00339","83.15605"
"132.60000","9.39480","3,261.85938","0.02108","0.00331","83.19372"
"132.70000","9.39816","3,263.27319","0.02109","0.00328","83.22978"
"132.80000","9.40123","3,264.78369","0.02112","0.00322","83.26830"
"132.90000","9.40474","3,266.19531","0.02114","0.00331","83.30431"
"133.00000","9.40810","3,268.20825","0.02118","0.00319","83.35565"
"133.10000","9.41132","3,269.44214","0.02118","0.00305","83.38712"
"133.20000","9.41483","3,271.15552","0.02117","0.00304","83.43082"
"133.30000","9.41819","3,273.10425","0.02118","0.00318","83.48052"
"133.40000","9.42133","3,274.46680","0.02121","0.00334","83.51527"
"133.50000","9.42470","3,275.42358","0.02123","0.00326","83.53967"
"133.60000","9.42806","3,276.20776","0.02124","0.00330","83.55968"
"133.70000","9.43135","3,279.13159","0.02125","0.00343","83.63425"
"133.80000","9.43464","3,280.33228","0.02127","0.00348","83.66487"
"133.90000","9.43815","3,282.32275","0.02129","0.00343","83.71564"
"134.00000","9.44151","3,283.02417","0.02133","0.00341","83.73353"
"134.10000","9.44465","3,284.56787","0.02133","0.00347","83.77290"
"134.20000","9.44809","3,286.66382","0.02134","0.00336","83.82635"
"134.30000","9.45145","3,288.31445","0.02138","0.00334","83.86845"
"134.40000","9.45459","3,289.14185","0.02136","0.00338","83.88956"
"134.50000","9.45810","3,290.68896","0.02140","0.00328","83.92902"
"134.60000","9.46147","3,293.11230","0.02144","0.00338","83.99083"
"134.70000","9.46476","3,293.17163","0.02144","0.00351","83.99234"
"134.80000","9.46812","3,295.60522","0.02148","0.00358","84.05441"
"134.90000","9.47141","3,296.82935","0.02147","0.00348","84.08563"
"135.00000","9.47470","3,298.69434","0.02150","0.00354","84.13319"
"135.10000","9.47798","3,299.47583","0.02156","0.00346","84.15313"
"135.20000","9.48142","3,301.69165","0.02155","0.00338","84.20964"
"135.30000","9.48478","3,303.04541","0.02155","0.00346","84.24417"
"135.40000","9.48800","3,305.31372","0.02159","0.00339","84.30202"
"135.50000","9.49151","3,306.25098","0.02157","0.00351","84.32593"
"135.60000","9.49480","3,307.34888","0.02157","0.00345","84.35393"
"135.70000","9.49794","3,309.55078","0.02160","0.00340","84.41009"
"135.80000","9.50138","3,311.25366","0.02169","0.00337","84.45352"
"135.90000","9.50481","3,312.13843","0.02160","0.00339","84.47609"
"136.00000","9.50803","3,314.45923","0.02168","0.00335","84.53528"
"136.10000","9.51139","3,315.63843","0.02166","0.00321","84.56535"
"136.20000","9.51483","3,317.36426","0.02165","0.00320","84.60938"
"136.30000","9.51804","3,318.13330","0.02167","0.00317","84.62899"
"136.40000","9.52133","3,320.05444","0.02172","0.00308","84.67799"
"136.50000","9.52477","3,321.13770","0.02173","0.00327","84.70561"
"136.60000","9.52806","3,323.72900","0.02172","0.00325","84.77171"
"136.70000","9.53135","3,324.89062","0.02174","0.00330","84.80133"
"136.80000","9.53486","3,326.78174","0.02176","0.00344","84.84956"
"136.90000","9.53815","3,328.38062","0.02178","0.00336","84.89034"
"137.00000","9.54136","3,329.64551","0.02179","0.00341","84.92261"
"137.10000","9.54472","3,330.30884","0.02180","0.00346","84.93952"
"137.20000","9.54809","3,332.32349","0.02184","0.00345","84.99091"
"137.30000","9.55130","3,334.22729","0.02184","0.00341","85.03947"
"137.40000","9.55466","3,335.37354","0.02191","0.00346","85.06870"
"137.50000","9.55818","3,337.00879","0.02189","0.00342","85.11040"
"137.60000","9.56132","3,338.43896","0.02191","0.00338","85.14688"
"137.70000","9.56475","3,339.67090","0.02193","0.00340","85.17831"
"137.80000","9.56812","3,341.36230","0.02193","0.00341","85.22144"
"137.90000","9.57133","3,343.39062","0.02197","0.00334","85.27318"
"138.00000","9.57469","3,344.56274","0.02199","0.00348","85.30307"
"138.10000","9.57813","3,345.37695","0.02202","0.00341","85.32384"
"138.20000","9.58142","3,347.63452","0.02204","0.00358","85.38142"
"138.30000","9.58471","3,349.02173","0.02205","0.00363","85.41679"
"138.40000","9.58815","3,350.28442","0.02211","0.00352","85.44900"
"138.50000","9.59151","3,352.26685","0.02214","0.00344","85.49957"
"138.60000","9.59465","3,353.58496","0.02209","0.00349","85.53318"
"138.70000","9.59809","3,354.61011","0.02220","0.00354","85.55933"
"138.80000","9.60160","3,357.11279","0.02219","0.00345","85.62316"
"138.90000","9.60466","3,357.09814","0.02216","0.00353","85.62279"
"139.00000","9.60810","3,359.13184","0.02223","0.00345","85.67465"
"139.10000","9.61154","3,361.52954","0.02213","0.00350","85.73581"
"139.20000","9.61460","3,361.88867","0.02222","0.00342","85.74496"
"139.30000","9.61804","3,363.76538","0.02225","0.00340","85.79283"
"139.40000","9.62140","3,365.72461","0.02219","0.00339","85.84280"
"139.50000","9.62469","3,366.53711","0.02220","0.00318","85.86353"
"139.60000","9.62798","3,367.25146","0.02225","0.00318","85.88174"
"139.70000","9.63142","3,369.68628","0.02220","0.00336","85.94385"
"139.80000","9.63486","3,371.60229","0.02227","0.00331","85.99271"
"139.90000","9.63792","3,372.33350","0.02232","0.00338","86.01136"
"140.00000","9.64136","3,374.10913","0.02231","0.00346","86.05665"
"140.10000","9.64480","3,376.02002","0.02235","0.00353","86.10538"
"140.20000","9.64793","3,376.20703","0.02230","0.00348","86.11015"
"140.30000","9.65145","3,379.46704","0.02231","0.00355","86.19331"
"140.40000","9.65489","3,380.78320","0.02234","0.00351","86.22688"
"140.50000","9.65802","3,381.67261","0.02237","0.00356","86.24956"
"140.60000","9.66146","3,383.50122","0.02238","0.00355","86.29620"
"140.70000","9.66468","3,384.42505","0.02239","0.00350","86.31976"
"140.80000","9.66804","3,385.78369","0.02248","0.00350","86.35441"
"140.90000","9.67133","3,387.88843","0.02247","0.00351","86.40809"
"141.00000","9.67469","3,388.91260","0.02252","0.00355","86.43421"
"141.10000","9.67813","3,391.14380","0.02246","0.00350","86.49112"
"141.20000","9.68134","3,392.30591","0.02245","0.00347","86.52076"
"141.30000","9.68478","3,393.78296","0.02251","0.00352","86.55843"
"141.40000","9.68814","3,395.19409","0.02256","0.00363","86.59442"
"141.50000","9.69128","3,397.01025","0.02261","0.00363","86.64074"
"141.60000","9.69472","3,398.11108","0.02260","0.00359","86.66882"
"141.70000","9.69816","3,399.78931","0.02259","0.00355","86.71162"
"141.80000","9.70130","3,401.71338","0.02261","0.00351","86.76070"
"141.90000","9.70481","3,403.77124","0.02264","0.00363","86.81318"
"142.00000","9.70810","3,404.45312","0.02265","0.00366","86.83057"
"142.10000","9.71139","3,405.97339","0.02268","0.00365","86.86935"
"142.20000","9.71467","3,407.37256","0.02271","0.00361","86.90504"
"142.30000","9.71804","3,409.23999","0.02269","0.00351","86.95266"
"142.40000","9.72148","3,411.41064","0.02269","0.00370","87.00803"
"142.50000","9.72462","3,412.04785","0.02271","0.00357","87.02428"
"142.60000","9.72813","3,413.61353","0.02277","0.00339","87.06421"
"142.70000","9.73149","3,415.24707","0.02277","0.00319","87.10587"
"142.80000","9.73463","3,415.67700","0.02276","0.00325","87.11684"
"142.90000","9.73807","3,417.35547","0.02277","0.00327","87.15965"
"143.00000","9.74143","3,419.83130","0.02278","0.00343","87.22279"
"143.10000","9.74464","3,420.47729","0.02279","0.00349","87.23927"
"143.20000","9.74816","3,422.39404","0.02279","0.00347","87.28815"
"143.30000","9.75152","3,423.16479","0.02283","0.00350","87.30782"
"143.40000","9.75473","3,424.84741","0.02282","0.00361","87.35073"
"143.50000","9.75802","3,426.14624","0.02285","0.00365","87.38386"
"143.60000","9.76131","3,428.31421","0.02285","0.00357","87.43915"
"143.70000","9.76475","3,429.78906","0.02293","0.00363","87.47677"
"143.80000","9.76796","3,430.70801","0.02289","0.00367","87.50021"
"143.90000","9.77140","3,432.26782","0.02293","0.00362","87.53999"
"144.00000","9.77484","3,434.45093","0.02294","0.00357","87.59566"
"144.10000","9.77798","3,434.81006","0.02295","0.00356","87.60483"
"144.20000","9.78149","3,437.26611","0.02298","0.00361","87.66747"
"144.30000","9.78470","3,438.07031","0.02302","0.00358","87.68798"
"144.40000","9.78792","3,439.25952","0.02303","0.00356","87.71831"
"144.50000","9.79143","3,441.86987","0.02302","0.00371","87.78489"
"144.60000","9.79479","3,442.04297","0.02303","0.00367","87.78930"
"144.70000","9.79801","3,444.61157","0.02307","0.00371","87.85481"
"144.80000","9.80137","3,445.80786","0.02312","0.00368","87.88532"
"144.90000","9.80481","3,447.63062","0.02314","0.00374","87.93182"
"145.00000","9.80802","3,448.77515","0.02315","0.00372","87.96101"
"145.10000","9.81131","3,450.27856","0.02311","0.00378","87.99935"
"145.20000","9.81475","3,451.49219","0.02316","0.00376","88.03030"
"145.30000","9.81811","3,452.53271","0.02323","0.00374","88.05685"
"145.40000","9.82132","3,454.28687","0.02317","0.00375","88.10159"
"145.50000","9.82484","3,456.27393","0.02326","0.00369","88.15226"
"145.60000","9.82820","3,456.75244","0.02320","0.00368","88.16447"
"145.70000","9.83126","3,458.81323","0.02320","0.00365","88.21703"
"145.80000","9.83470","3,459.98828","0.02323","0.00367","88.24699"
"145.90000","9.83814","3,462.29858","0.02331","0.00355","88.30592"
"146.00000","9.84135","3,462.99512","0.02330","0.00338","88.32368"
"146.10000","9.84472","3,464.26416","0.02334","0.00360","88.35606"
"146.20000","9.84816","3,465.48413","0.02335","0.00358","88.38717"
"146.30000","9.85137","3,467.99243","0.02330","0.00367","88.45114"
"146.40000","9.85466","3,469.41455","0.02335","0.00363","88.48741"
"146.50000","9.85810","3,470.16895","0.02335","0.00370","88.50665"
"146.60000","9.86131","3,471.22559","0.02335","0.00377","88.53361"
"146.70000","9.86467","3,473.58032","0.02337","0.00378","88.59367"
"146.80000","9.86811","3,474.79883","0.02339","0.00375","88.62474"
"146.90000","9.87147","3,476.68188","0.02339","0.00379","88.67277"
"147.00000","9.87469","3,477.99219","0.02341","0.00380","88.70618"
"147.10000","9.87805","3,479.13550","0.02345","0.00370","88.73534"
"147.20000","9.88149","3,480.54761","0.02346","0.00372","88.77136"
"147.30000","9.88463","3,482.88086","0.02347","0.00371","88.83087"
"147.40000","9.88806","3,483.14990","0.02349","0.00372","88.83774"
"147.50000","9.89150","3,485.33472","0.02351","0.00372","88.89346"
"147.60000","9.89472","3,487.22754","0.02352","0.00368","88.94173"
"147.70000","9.89808","3,487.44653","0.02354","0.00376","88.94732"
"147.80000","9.90152","3,489.95093","0.02356","0.00384","89.01119"
"147.90000","9.90466","3,490.77026","0.02360","0.00387","89.03209"
"148.00000","9.90802","3,491.76978","0.02359","0.00386","89.05759"
"148.10000","9.91146","3,493.79004","0.02363","0.00388","89.10911"
"148.20000","9.91474","3,495.59595","0.02362","0.00388","89.15517"
"148.30000","9.91803","3,496.45605","0.02365","0.00387","89.17711"
"148.40000","9.92140","3,497.82568","0.02374","0.00386","89.21204"
"148.50000","9.92484","3,499.61035","0.02366","0.00389","89.25756"
"148.60000","9.92790","3,500.37109","0.02371","0.00383","89.27696"
"148.70000","9.93141","3,502.29517","0.02373","0.00381","89.32603"
"148.80000","9.93485","3,503.65747","0.02381","0.00376","89.36078"
"148.90000","9.93799","3,504.60474","0.02380","0.00373","89.38494"
"149.00000","9.94143","3,506.94556","0.02384","0.00375","89.44464"
"149.10000","9.94486","3,508.99219","0.02379","0.00390","89.49684"
"149.20000","9.94800","3,508.93896","0.02378","0.00377","89.49548"
"149.30000","9.95137","3,510.82495","0.02382","0.00350","89.54359"
"149.40000","9.95473","3,512.47607","0.02389","0.00361","89.58570"
"149.50000","9.95809","3,514.85693","0.02391","0.00402","89.64642"
"149.60000","9.96138","3,514.92920","0.02389","0.00399","89.64826"
"149.70000","9.96474","3,515.92798","0.02389","0.00380","89.67374"
"149.80000","9.96826","3,518.50342","0.02388","0.00386","89.73943"
"149.90000","9.97132","3,519.76270","0.02401","0.00388","89.77155"
"150.00000","9.97468","3,522.42700","0.02394","0.00405","89.83950"
"150.10000","9.97805","3,522.91382","0.02397","0.00386","89.85191"
"150.20000","9.98126","3,524.29419","0.02395","0.00396","89.88712"
"150.30000","9.98477","3,525.37085","0.02399","0.00391","89.91458"
"150.40000","9.98814","3,527.63281","0.02404","0.00388","89.97227"
"150.50000","9.99135","3,529.14307","0.02407","0.00395","90.01079"
"150.60000","9.99479","3,529.43994","0.02402","0.00381","90.01836"
"150.70000","9.99800","3,530.96167","0.02406","0.00378","90.05717"
"150.80000","10.00137","3,533.16064","0.02404","0.00399","90.11326"
"150.90000","10.00465","3,534.72974","0.02413","0.00380","90.15327"
"151.00000","10.00802","3,535.50806","0.02410","0.00382","90.17313"
"151.10000","10.01145","3,537.42700","0.02412","0.00391","90.22207"
"151.20000","10.01467","3,538.35010","0.02411","0.00399","90.24561"
"151.30000","10.01811","3,539.94897","0.02412","0.00407","90.28639"
"151.40000","10.02147","3,541.70117","0.02416","0.00412","90.33109"
"151.50000","10.02453","3,541.71948","0.02416","0.00399","90.33155"
"151.60000","10.02812","3,543.97925","0.02420","0.00417","90.38919"
"151.70000","10.03148","3,545.69507","0.02424","0.00395","90.43295"
"151.80000","10.03470","3,546.81689","0.02422","0.00425","90.46156"
"151.90000","10.03814","3,548.39575","0.02424","0.00391","90.50183"
"152.00000","10.04150","3,549.54443","0.02429","0.00395","90.53113"
"152.10000","10.04479","3,550.78101","0.02433","0.00395","90.56267"
"152.20000","10.04800","3,552.56323","0.02433","0.00392","90.60812"
"152.30000","10.05136","3,553.82227","0.02436","0.00420","90.64024"
"152.40000","10.05480","3,555.87427","0.02435","0.00403","90.69257"
"152.50000","10.05794","3,556.10620","0.02440","0.00366","90.69849"
"152.60000","10.06145","3,558.12061","0.02444","0.00377","90.74986"
"152.70000","10.06482","3,559.62671","0.02445","0.00387","90.78828"
"152.80000","10.06796","3,559.48999","0.02447","0.00396","90.78479"
"152.90000","10.07139","3,561.96948","0.02443","0.00415","90.84803"
"153.00000","10.07476","3,563.62500","0.02442","0.00411","90.89025"
"153.10000","10.07797","3,564.42603","0.02447","0.00401","90.91068"
"153.20000","10.08141","3,566.89014","0.02454","0.00409","90.97353"
"153.30000","10.08485","3,567.65796","0.02449","0.00438","90.99311"
"153.40000","10.08813","3,568.59082","0.02451","0.00401","91.01691"
"153.50000","10.09142","3,570.00000","0.02452","0.00425","91.05285"
"153.60000","10.09479","3,571.72778","0.02452","0.00398","91.09692"
"153.70000","10.09808","3,572.46704","0.02460","0.00398","91.11577"
"153.80000","10.10129","3,574.61011","0.02454","0.00426","91.17043"
"153.90000","10.10480","3,575.61548","0.02458","0.00399","91.19607"
"154.00000","10.10816","3,576.84497","0.02461","0.00394","91.22742"
"154.10000","10.11130","3,578.79248","0.02458","0.00415","91.27710"
"154.20000","10.11482","3,579.25220","0.02461","0.00403","91.28883"
"154.30000","10.11818","3,581.00244","0.02465","0.00399","91.33347"
"154.40000","10.12132","3,582.12549","0.02467","0.00400","91.36211"
"154.50000","10.12468","3,583.59961","0.02467","0.00402","91.39970"
"154.60000","10.12812","3,585.42383","0.02467","0.00436","91.44623"
"154.70000","10.13141","3,587.16772","0.02470","0.00420","91.49071"
"154.80000","10.13470","3,588.01367","0.02472","0.00422","91.51228"
"154.90000","10.13813","3,588.88354","0.02475","0.00418","91.53447"
"155.00000","10.14135","3,590.53271","0.02475","0.00432","91.57653"
"155.10000","10.14456","3,591.74243","0.02478","0.00436","91.60738"
"155.20000","10.14807","3,592.33496","0.02479","0.00413","91.62250"
"155.30000","10.15144","3,594.62500","0.02482","0.00408","91.68091"
"155.40000","10.15465","3,596.11890","0.02483","0.00414","91.71901"
"155.50000","10.15816","3,597.20435","0.02485","0.00426","91.74670"
"155.60000","10.16153","3,598.58643","0.02486","0.00406","91.78194"
"155.70000","10.16467","3,600.13184","0.02488","0.00403","91.82136"
"155.80000","10.16803","3,601.20898","0.02492","0.00396","91.84883"
"155.90000","10.17147","3,601.71167","0.02494","0.00400","91.86166"
"156.00000","10.17468","3,604.04614","0.02498","0.00402","91.92120"
"156.10000","10.17804","3,604.58521","0.02494","0.00425","91.93494"
"156.20000","10.18156","3,607.17432","0.02497","0.00426","92.00098"
"156.30000","10.18477","3,608.18066","0.02503","0.00443","92.02664"
"156.40000","10.18798","3,609.07886","0.02501","0.00446","92.04955"
"156.50000","10.19150","3,610.48315","0.02505","0.00417","92.08537"
"156.60000","10.19471","3,611.70215","0.02502","0.00431","92.11646"
"156.70000","10.19800","3,612.43555","0.02506","0.00442","92.13516"
"156.80000","10.20151","3,613.52002","0.02506","0.00447","92.16283"
"156.90000","10.20480","3,614.84033","0.02508","0.00440","92.19650"
"157.00000","10.20801","3,614.58398","0.02506","0.00427","92.18996"
"157.10000","10.21145","3,615.79907","0.02507","0.00429","92.22095"
"157.20000","10.21481","3,615.72314","0.02511","0.00418","92.21902"
"157.30000","10.21788","3,617.11670","0.02511","0.00416","92.25455"
"157.33400","10.21907","3,246.26636","0.02513","0.00415","82.79602"
"157.33800","10.21930","2,892.66699","0.02513","0.00415","73.77747"
"157.34200","10.21945","2,489.64111","0.02513","0.00415","63.49829"
"157.34600","10.21967","2,075.29858","0.02513","0.00415","52.93049"
