Modulus (Segment 0.001 mm/mm - 0.008 mm/mm) : Modulus (Segment 0.001 mm/mm - 0.008 mm/mm),"6,173.71193",MPa
Poisson's ratio (Least squares fit) : Poisson's ratio (Least squares fit),"0.05409"
Specimen properties : Gauge length,"14.58000",mm
Specimen properties : Gauge length transverse,"5.01100",mm
Specimen properties : Thickness,"2.51000",mm
Specimen properties : Width,"15.04000",mm

Time,Extension,Load,Video axial strain,Video transverse strain,Calculated Stress
(s),(mm),(N),(mm/mm),(mm/mm),(MPa)
"0.00000","0.04439","21.73952","0.00002","0.00001","0.57588"
"0.10000","0.04529","20.65956","0.00001","-0.00002","0.54727"
"0.20000","0.04918","25.35950","0.00002","0.00013","0.67177"
"0.30000","0.05381","34.81398","0.00007","0.00029","0.92221"
"0.40000","0.05762","40.92793","0.00007","0.00033","1.08417"
"0.50000","0.06121","46.67594","0.00010","0.00032","1.23644"
"0.60000","0.06427","52.19181","0.00012","0.00025","1.38255"
"0.70000","0.06786","57.93795","0.00010","0.00025","1.53476"
"0.80000","0.07115","64.02682","0.00014","0.00022","1.69606"
"0.90000","0.07429","69.68723","0.00020","0.00015","1.84600"
"1.00000","0.07773","75.17585","0.00019","0.00022","1.99139"
"1.10000","0.08109","80.61954","0.00022","0.00018","2.13559"
"1.20000","0.08445","85.85854","0.00029","0.00008","2.27437"
"1.30000","0.08774","91.65800","0.00024","0.00002","2.42800"
"1.40000","0.09118","97.55373","0.00031","-0.00011","2.58418"
"1.50000","0.09447","103.64740","0.00036","-0.00035","2.74560"
"1.60000","0.09761","107.87949","0.00036","-0.00040","2.85770"
"1.70000","0.10104","114.06802","0.00032","-0.00044","3.02164"
"1.80000","0.10441","119.13327","0.00035","-0.00034","3.15581"
"1.90000","0.10762","125.05535","0.00035","-0.00071","3.31269"
"2.00000","0.11113","130.10664","0.00039","-0.00079","3.44650"
"2.10000","0.11450","135.88797","0.00041","-0.00064","3.59964"
"2.20000","0.11771","140.84673","0.00042","-0.00067","3.73100"
"2.30000","0.12107","146.41251","0.00042","-0.00048","3.87844"
"2.40000","0.12436","152.10001","0.00044","-0.00066","4.02910"
"2.50000","0.12765","156.90489","0.00046","-0.00060","4.15638"
"2.60000","0.13101","162.68285","0.00050","-0.00049","4.30943"
"2.70000","0.13438","167.93066","0.00051","-0.00053","4.44845"
"2.80000","0.13781","173.28191","0.00053","-0.00046","4.59020"
"2.90000","0.14095","178.82278","0.00055","-0.00027","4.73698"
"3.00000","0.14439","184.41525","0.00058","-0.00017","4.88512"
"3.10000","0.14783","189.94415","0.00059","-0.00033","5.03158"
"3.20000","0.15089","194.99892","0.00061","-0.00026","5.16548"
"3.30000","0.15448","200.25169","0.00064","-0.00016","5.30462"
"3.40000","0.15784","205.70340","0.00066","0.00024","5.44904"
"3.50000","0.16106","210.84602","0.00067","0.00007","5.58527"
"3.60000","0.16450","216.17137","0.00070","0.00008","5.72633"
"3.70000","0.16778","221.70555","0.00070","0.00009","5.87293"
"3.80000","0.17107","226.86147","0.00075","-0.00005","6.00951"
"3.90000","0.17436","231.86272","0.00077","0.00004","6.14199"
"4.00000","0.17772","237.49638","0.00078","-0.00003","6.29123"
"4.10000","0.18116","243.71890","0.00081","0.00007","6.45606"
"4.20000","0.18438","248.13968","0.00082","0.00019","6.57317"
"4.30000","0.18774","253.46335","0.00092","0.00003","6.71419"
"4.40000","0.19110","259.09357","0.00089","-0.00008","6.86333"
"4.50000","0.19424","263.49554","0.00085","-0.00016","6.97994"
"4.60000","0.19775","269.16269","0.00090","-0.00010","7.13006"
"4.70000","0.20112","274.61917","0.00099","-0.00048","7.27460"
"4.80000","0.20433","279.36838","0.00089","-0.00042","7.40041"
"4.90000","0.20777","284.72345","0.00098","-0.00056","7.54226"
"5.00000","0.21121","290.18292","0.00095","-0.00072","7.68688"
"5.10000","0.21442","295.18640","0.00096","-0.00075","7.81942"
"5.20000","0.21771","300.31769","0.00096","-0.00065","7.95535"
"5.30000","0.22107","304.71994","0.00089","-0.00069","8.07197"
"5.40000","0.22436","310.74573","0.00100","-0.00074","8.23159"
"5.50000","0.22765","315.86456","0.00096","-0.00067","8.36718"
"5.60000","0.23116","321.40216","0.00098","-0.00046","8.51387"
"5.70000","0.23445","326.20871","0.00098","-0.00060","8.64120"
"5.80000","0.23766","330.97995","0.00104","-0.00053","8.76759"
"5.90000","0.24110","336.22583","0.00101","-0.00050","8.90655"
"6.00000","0.24446","341.39789","0.00101","-0.00039","9.04356"
"6.10000","0.24760","346.28741","0.00112","-0.00022","9.17308"
"6.20000","0.25112","350.70242","0.00113","-0.00031","9.29003"
"6.30000","0.25455","355.99911","0.00113","-0.00019","9.43034"
"6.40000","0.25769","361.27740","0.00115","-0.00013","9.57016"
"6.50000","0.26106","365.82751","0.00119","0.00003","9.69069"
"6.60000","0.26442","370.58621","0.00122","0.00008","9.81675"
"6.70000","0.26763","376.22586","0.00129","0.00012","9.96614"
"6.80000","0.27092","381.05038","0.00126","0.00013","10.09394"
"6.90000","0.27443","387.25064","0.00128","0.00000","10.25819"
"7.00000","0.27772","390.75067","0.00125","-0.00003","10.35090"
"7.10000","0.28101","396.66937","0.00131","0.00000","10.50769"
"7.20000","0.28452","401.62659","0.00131","0.00005","10.63900"
"7.30000","0.28781","406.37128","0.00136","0.00001","10.76469"
"7.40000","0.29095","410.95801","0.00132","0.00002","10.88619"
"7.50000","0.29431","416.30530","0.00135","0.00001","11.02784"
"7.60000","0.29783","420.31439","0.00137","0.00000","11.13404"
"7.70000","0.30104","426.13037","0.00138","-0.00038","11.28810"
"7.80000","0.30440","430.92020","0.00138","-0.00034","11.41498"
"7.90000","0.30784","435.96988","0.00142","-0.00057","11.54875"
"8.00000","0.31105","441.25598","0.00142","-0.00051","11.68878"
"8.10000","0.31434","445.69980","0.00144","-0.00062","11.80649"
"8.20000","0.31778","450.13904","0.00146","-0.00081","11.92409"
"8.30000","0.32107","455.03452","0.00147","-0.00063","12.05377"
"8.40000","0.32436","459.63718","0.00151","-0.00065","12.17569"
"8.50000","0.32787","465.04135","0.00153","-0.00059","12.31885"
"8.60000","0.33116","470.24768","0.00153","-0.00062","12.45676"
"8.70000","0.33430","474.65353","0.00155","-0.00057","12.57347"
"8.80000","0.33766","479.44998","0.00156","-0.00057","12.70053"
"8.90000","0.34110","484.10684","0.00156","-0.00054","12.82389"
"9.00000","0.34424","489.61401","0.00158","-0.00049","12.96977"
"9.10000","0.34775","494.18002","0.00160","-0.00042","13.09072"
"9.20000","0.35126","498.83853","0.00164","-0.00036","13.21413"
"9.30000","0.35433","503.31070","0.00165","-0.00027","13.33259"
"9.40000","0.35777","507.97360","0.00167","-0.00012","13.45611"
"9.50000","0.36113","513.19043","0.00170","-0.00017","13.59430"
"9.60000","0.36434","517.31726","0.00172","-0.00001","13.70362"
"9.70000","0.36771","521.66168","0.00173","0.00000","13.81871"
"9.80000","0.37114","527.29218","0.00173","0.00017","13.96786"
"9.90000","0.37451","531.26343","0.00176","0.00003","14.07305"
"10.00000","0.37772","535.08704","0.00177","-0.00002","14.17434"
"10.10000","0.38108","539.88055","0.00180","-0.00003","14.30132"
"10.20000","0.38445","543.87946","0.00181","-0.00005","14.40725"
"10.30000","0.38759","549.19208","0.00181","-0.00008","14.54798"
"10.40000","0.39102","553.44666","0.00183","0.00000","14.66068"
"10.50000","0.39454","558.20483","0.00186","-0.00002","14.78673"
"10.60000","0.39768","562.62787","0.00187","0.00001","14.90389"
"10.70000","0.40111","567.29407","0.00190","-0.00017","15.02750"
"10.80000","0.40448","571.41736","0.00192","-0.00024","15.13672"
"10.90000","0.40762","575.98206","0.00191","-0.00034","15.25764"
"11.00000","0.41105","580.94147","0.00195","-0.00058","15.38902"
"11.10000","0.41434","584.27100","0.00197","-0.00062","15.47721"
"11.20000","0.41770","589.40161","0.00198","-0.00058","15.61312"
"11.30000","0.42107","592.93347","0.00199","-0.00064","15.70668"
"11.40000","0.42443","598.01593","0.00200","-0.00068","15.84131"
"11.50000","0.42787","601.90753","0.00205","-0.00059","15.94440"
"11.60000","0.43093","606.42029","0.00202","-0.00064","16.06394"
"11.70000","0.43437","610.16302","0.00204","-0.00059","16.16309"
"11.80000","0.43781","614.66449","0.00208","-0.00061","16.28233"
"11.90000","0.44095","619.33905","0.00208","-0.00049","16.40616"
"12.00000","0.44446","623.68512","0.00212","-0.00034","16.52129"
"12.10000","0.44790","627.62524","0.00214","-0.00049","16.62566"
"12.20000","0.45104","632.84851","0.00213","-0.00043","16.76402"
"12.30000","0.45448","636.39673","0.00215","-0.00037","16.85801"
"12.40000","0.45769","641.08258","0.00215","-0.00037","16.98214"
"12.50000","0.46105","645.57141","0.00219","-0.00022","17.10105"
"12.60000","0.46434","648.95300","0.00220","-0.00009","17.19063"
"12.70000","0.46770","654.00397","0.00224","-0.00002","17.32442"
"12.80000","0.47114","659.18390","0.00224","0.00034","17.46164"
"12.90000","0.47428","662.23718","0.00228","0.00021","17.54252"
"13.00000","0.47772","667.01251","0.00226","0.00033","17.66902"
"13.10000","0.48116","671.22009","0.00229","0.00003","17.78048"
"13.20000","0.48422","675.19916","0.00233","0.00003","17.88588"
"13.30000","0.48773","679.44049","0.00233","0.00007","17.99823"
"13.40000","0.49117","684.05072","0.00234","0.00007","18.12036"
"13.50000","0.49438","688.49078","0.00235","0.00010","18.23797"
"13.60000","0.49782","692.49371","0.00239","0.00022","18.34401"
"13.70000","0.50111","696.62793","0.00239","0.00072","18.45352"
"13.80000","0.50440","701.02332","0.00240","0.00068","18.56996"
"13.90000","0.50761","704.82037","0.00244","-0.00010","18.67054"
"14.00000","0.51105","709.53143","0.00246","0.00043","18.79534"
"14.10000","0.51449","713.85962","0.00248","0.00007","18.90999"
"14.20000","0.51763","717.31348","0.00248","-0.00008","19.00148"
"14.30000","0.52122","722.92169","0.00250","-0.00021","19.15004"
"14.40000","0.52450","727.10999","0.00252","-0.00009","19.26099"
"14.50000","0.52757","730.39923","0.00253","-0.00009","19.34812"
"14.60000","0.53108","734.73474","0.00255","0.00007","19.46297"
"14.70000","0.53444","738.42609","0.00256","0.00010","19.56075"
"14.80000","0.53766","742.33282","0.00258","0.00010","19.66424"
"14.90000","0.54110","747.25061","0.00258","0.00006","19.79451"
"15.00000","0.54453","751.54626","0.00263","0.00005","19.90830"
"15.10000","0.54775","755.72217","0.00262","0.00025","20.01892"
"15.20000","0.55096","759.25238","0.00263","0.00026","20.11243"
"15.30000","0.55440","763.11145","0.00265","0.00036","20.21466"
"15.40000","0.55769","767.52979","0.00268","0.00039","20.33170"
"15.50000","0.56098","771.10754","0.00273","0.00046","20.42647"
"15.60000","0.56449","775.95807","0.00270","0.00046","20.55496"
"15.70000","0.56785","779.56671","0.00272","0.00054","20.65055"
"15.80000","0.57099","783.88818","0.00270","0.00071","20.76503"
"15.90000","0.57443","788.53387","0.00271","0.00097","20.88809"
"16.00000","0.57772","791.99225","0.00275","0.00100","20.97970"
"16.10000","0.58093","795.50201","0.00275","0.00090","21.07268"
"16.20000","0.58444","799.71796","0.00277","0.00080","21.18436"
"16.30000","0.58781","804.27087","0.00280","0.00083","21.30496"
"16.40000","0.59102","808.44116","0.00280","0.00084","21.41543"
"16.50000","0.59438","811.14954","0.00282","0.00086","21.48718"
"16.60000","0.59782","815.65448","0.00282","0.00083","21.60651"
"16.70000","0.60103","819.85339","0.00290","0.00082","21.71774"
"16.80000","0.60432","823.00714","0.00290","0.00085","21.80128"
"16.90000","0.60776","827.74237","0.00294","0.00075","21.92672"
"17.00000","0.61112","831.50726","0.00297","0.00060","22.02645"
"17.10000","0.61434","835.71893","0.00298","0.00051","22.13802"
"17.20000","0.61785","839.54596","0.00300","0.00027","22.23939"
"17.30000","0.62114","843.18768","0.00301","0.00003","22.33586"
"17.40000","0.62428","847.13947","0.00304","-0.00002","22.44054"
"17.50000","0.62772","851.62921","0.00303","-0.00003","22.55947"
"17.60000","0.63108","855.53992","0.00306","0.00015","22.66307"
"17.70000","0.63437","859.06482","0.00306","0.00014","22.75644"
"17.80000","0.63773","863.42285","0.00306","0.00015","22.87189"
"17.90000","0.64117","866.98962","0.00310","0.00029","22.96637"
"18.00000","0.64438","872.00098","0.00309","0.00024","23.09912"
"18.10000","0.64767","874.45422","0.00312","0.00033","23.16410"
"18.20000","0.65103","879.55774","0.00311","0.00027","23.29930"
"18.30000","0.65440","882.75568","0.00312","0.00024","23.38401"
"18.40000","0.65776","886.57013","0.00316","0.00039","23.48505"
"18.50000","0.66112","891.13910","0.00319","0.00049","23.60608"
"18.60000","0.66449","893.93787","0.00318","0.00051","23.68022"
"18.70000","0.66770","897.86688","0.00322","0.00059","23.78430"
"18.80000","0.67106","901.68848","0.00323","0.00072","23.88553"
"18.90000","0.67443","905.58075","0.00323","0.00084","23.98864"
"19.00000","0.67764","909.53400","0.00326","0.00086","24.09336"
"19.10000","0.68108","913.23602","0.00326","0.00081","24.19143"
"19.20000","0.68452","916.96271","0.00330","0.00076","24.29015"
"19.30000","0.68773","921.01477","0.00331","0.00082","24.39748"
"19.40000","0.69109","924.84875","0.00335","0.00082","24.49904"
"19.50000","0.69446","929.02631","0.00336","0.00098","24.60971"
"19.60000","0.69767","932.85925","0.00337","0.00085","24.71124"
"19.70000","0.70103","936.15558","0.00339","0.00091","24.79856"
"19.80000","0.70440","940.04132","0.00341","0.00087","24.90149"
"19.90000","0.70776","943.87811","0.00342","0.00093","25.00313"
"20.00000","0.71105","947.47534","0.00345","0.00084","25.09842"
"20.10000","0.71441","951.36798","0.00348","0.00058","25.20153"
"20.20000","0.71785","955.18530","0.00347","0.00036","25.30265"
"20.30000","0.72091","958.87689","0.00349","0.00028","25.40044"
"20.40000","0.72435","962.09711","0.00352","0.00010","25.48575"
"20.50000","0.72779","966.17078","0.00355","0.00006","25.59366"
"20.60000","0.73100","970.04462","0.00357","0.00001","25.69627"
"20.70000","0.73444","973.79175","0.00356","0.00016","25.79553"
"20.80000","0.73780","977.42041","0.00363","0.00015","25.89166"
"20.90000","0.74109","981.82672","0.00362","0.00020","26.00838"
"21.00000","0.74438","983.81256","0.00363","0.00028","26.06098"
"21.10000","0.74774","988.49164","0.00366","0.00029","26.18493"
"21.20000","0.75111","992.26666","0.00366","0.00036","26.28493"
"21.30000","0.75439","996.26880","0.00367","0.00038","26.39095"
"21.40000","0.75768","999.49658","0.00367","0.00042","26.47645"
"21.50000","0.76127","1,004.08289","0.00371","0.00050","26.59794"
"21.60000","0.76433","1,007.35510","0.00378","0.00052","26.68462"
"21.70000","0.76770","1,010.95441","0.00375","0.00060","26.77997"
"21.80000","0.77106","1,013.78711","0.00377","0.00067","26.85500"
"21.90000","0.77427","1,017.69427","0.00375","0.00077","26.95850"
"22.00000","0.77771","1,021.85712","0.00387","0.00083","27.06878"
"22.10000","0.78115","1,025.41296","0.00382","0.00093","27.16297"
"22.20000","0.78436","1,028.82886","0.00384","0.00089","27.25346"
"22.30000","0.78773","1,031.63904","0.00385","0.00089","27.32790"
"22.40000","0.79102","1,036.18945","0.00384","0.00099","27.44844"
"22.50000","0.79430","1,039.88062","0.00388","0.00102","27.54622"
"22.60000","0.79759","1,043.32080","0.00395","0.00100","27.63734"
"22.70000","0.80103","1,047.23584","0.00394","0.00094","27.74105"
"22.80000","0.80462","1,051.45959","0.00399","0.00099","27.85294"
"22.90000","0.80768","1,055.43555","0.00397","0.00090","27.95826"
"23.00000","0.81112","1,058.31458","0.00401","0.00091","28.03453"
"23.10000","0.81448","1,062.09558","0.00401","0.00070","28.13468"
"23.20000","0.81755","1,065.58704","0.00404","0.00048","28.22717"
"23.30000","0.82106","1,068.86560","0.00407","0.00038","28.31402"
"23.40000","0.82442","1,072.96851","0.00411","0.00026","28.42270"
"23.50000","0.82771","1,076.01917","0.00409","0.00011","28.50352"
"23.60000","0.83107","1,079.63989","0.00413","0.00005","28.59943"
"23.70000","0.83451","1,083.46338","0.00413","0.00001","28.70071"
"23.80000","0.83780","1,086.57300","0.00417","0.00022","28.78308"
"23.90000","0.84094","1,090.98926","0.00423","0.00017","28.90007"
"24.00000","0.84438","1,094.15039","0.00426","0.00025","28.98381"
"24.10000","0.84782","1,097.60022","0.00427","0.00023","29.07520"
"24.20000","0.85095","1,100.42065","0.00427","0.00031","29.14991"
"24.30000","0.85447","1,104.94873","0.00430","0.00046","29.26986"
"24.40000","0.85783","1,109.01562","0.00430","0.00037","29.37759"
"24.50000","0.86097","1,111.63794","0.00431","0.00050","29.44705"
"24.60000","0.86441","1,115.02832","0.00436","0.00040","29.53686"
"24.70000","0.86770","1,118.90955","0.00436","0.00048","29.63967"
"24.80000","0.87098","1,122.30591","0.00438","0.00061","29.72964"
"24.90000","0.87442","1,125.73401","0.00437","0.00080","29.82045"
"25.00000","0.87778","1,129.50098","0.00441","0.00078","29.92024"
"25.10000","0.88115","1,133.15186","0.00441","0.00086","30.01695"
"25.20000","0.88436","1,136.70105","0.00443","0.00096","30.11097"
"25.30000","0.88772","1,139.61536","0.00445","0.00092","30.18817"
"25.40000","0.89109","1,142.89893","0.00446","0.00104","30.27515"
"25.50000","0.89423","1,146.22021","0.00446","0.00110","30.36313"
"25.60000","0.89781","1,150.64062","0.00452","0.00098","30.48022"
"25.70000","0.90118","1,153.77539","0.00453","0.00103","30.56326"
"25.80000","0.90432","1,156.56189","0.00455","0.00100","30.63708"
"25.90000","0.90783","1,160.96497","0.00456","0.00095","30.75371"
"26.00000","0.91112","1,164.31799","0.00459","0.00085","30.84253"
"26.10000","0.91426","1,167.12842","0.00459","0.00076","30.91698"
"26.20000","0.91769","1,169.77954","0.00463","0.00061","30.98721"
"26.30000","0.92113","1,173.90356","0.00464","0.00048","31.09645"
"26.40000","0.92442","1,177.59241","0.00466","0.00033","31.19417"
"26.50000","0.92778","1,180.06628","0.00470","0.00023","31.25970"
"26.60000","0.93115","1,184.85596","0.00470","0.00019","31.38658"
"26.70000","0.93436","1,187.66479","0.00473","0.00019","31.46099"
"26.80000","0.93757","1,190.85083","0.00474","0.00025","31.54538"
"26.90000","0.94109","1,194.44592","0.00477","0.00017","31.64062"
"27.00000","0.94438","1,198.18225","0.00478","0.00020","31.73959"
"27.10000","0.94766","1,200.89648","0.00477","0.00031","31.81149"
"27.20000","0.95110","1,204.08875","0.00481","0.00032","31.89605"
"27.30000","0.95454","1,207.24463","0.00492","0.00042","31.97965"
"27.40000","0.95768","1,210.75500","0.00493","0.00032","32.07264"
"27.50000","0.96104","1,213.13367","0.00495","0.00046","32.13565"
"27.60000","0.96440","1,217.54041","0.00498","0.00050","32.25238"
"27.70000","0.96762","1,220.00159","0.00488","0.00060","32.31758"
"27.80000","0.97106","1,223.40466","0.00490","0.00059","32.40773"
"27.90000","0.97449","1,228.21045","0.00490","0.00074","32.53503"
"28.00000","0.97771","1,230.24182","0.00494","0.00089","32.58884"
"28.10000","0.98100","1,233.32446","0.00493","0.00087","32.67050"
"28.20000","0.98436","1,236.87952","0.00496","0.00092","32.76467"
"28.30000","0.98765","1,240.51941","0.00499","0.00091","32.86109"
"28.40000","0.99101","1,243.51367","0.00500","0.00113","32.94041"
"28.50000","0.99437","1,246.43433","0.00502","0.00107","33.01778"
"28.60000","0.99781","1,250.15161","0.00504","0.00117","33.11625"
"28.70000","1.00103","1,253.06018","0.00504","0.00119","33.19329"
"28.80000","1.00439","1,256.39368","0.00507","0.00107","33.28160"
"28.90000","1.00783","1,258.69397","0.00508","0.00101","33.34253"
"29.00000","1.01097","1,262.45789","0.00510","0.00104","33.44224"
"29.10000","1.01433","1,265.59082","0.00512","0.00083","33.52523"
"29.20000","1.01784","1,268.86914","0.00516","0.00078","33.61207"
"29.30000","1.02106","1,271.83777","0.00516","0.00044","33.69071"
"29.40000","1.02449","1,275.49768","0.00520","0.00037","33.78766"
"29.50000","1.02778","1,278.31616","0.00521","0.00024","33.86232"
"29.60000","1.03107","1,281.50781","0.00521","0.00016","33.94687"
"29.70000","1.03436","1,284.70483","0.00525","0.00000","34.03156"
"29.80000","1.03772","1,288.65247","0.00534","0.00012","34.13613"
"29.90000","1.04108","1,291.12708","0.00535","0.00017","34.20168"
"30.00000","1.04437","1,294.45215","0.00535","0.00004","34.28976"
"30.10000","1.04774","1,298.01062","0.00538","0.00010","34.38402"
"30.20000","1.05125","1,300.95605","0.00539","0.00048","34.46205"
"30.30000","1.05431","1,304.29651","0.00545","0.00035","34.55053"
"30.40000","1.05768","1,307.12097","0.00544","0.00038","34.62535"
"30.50000","1.06111","1,310.60522","0.00543","0.00036","34.71765"
"30.60000","1.06425","1,313.82715","0.00546","0.00044","34.80300"
"30.70000","1.06777","1,316.95984","0.00549","0.00065","34.88598"
"30.80000","1.07113","1,319.81274","0.00551","0.00076","34.96156"
"30.90000","1.07442","1,322.91162","0.00553","0.00059","35.04364"
"31.00000","1.07771","1,326.35193","0.00550","0.00059","35.13478"
"31.10000","1.08107","1,329.86328","0.00556","0.00065","35.22779"
"31.20000","1.08443","1,332.43262","0.00559","0.00090","35.29585"
"31.30000","1.08765","1,335.72217","0.00554","0.00119","35.38300"
"31.40000","1.09108","1,338.99622","0.00551","0.00113","35.46972"
"31.50000","1.09460","1,343.10608","0.00556","0.00109","35.57859"
"31.60000","1.09766","1,344.53247","0.00557","0.00100","35.61637"
"31.70000","1.10110","1,348.75049","0.00556","0.00122","35.72811"
"31.80000","1.10454","1,351.77014","0.00561","0.00119","35.80810"
"31.90000","1.10760","1,354.77051","0.00559","0.00117","35.88758"
"32.00000","1.11104","1,357.58057","0.00561","0.00125","35.96202"
"32.10000","1.11448","1,360.75171","0.00569","0.00069","36.04602"
"32.20000","1.11776","1,364.73389","0.00573","0.00064","36.15151"
"32.30000","1.12105","1,366.79431","0.00574","0.00047","36.20609"
"32.40000","1.12442","1,370.27319","0.00575","0.00047","36.29824"
"32.50000","1.12778","1,372.85107","0.00578","0.00030","36.36653"
"32.60000","1.13092","1,376.40015","0.00579","0.00007","36.46054"
"32.70000","1.13436","1,379.05847","0.00582","0.00000","36.53096"
"32.80000","1.13787","1,382.47046","0.00586","0.00029","36.62135"
"32.90000","1.14093","1,386.15051","0.00587","0.00019","36.71883"
"33.00000","1.14445","1,388.23376","0.00587","0.00020","36.77401"
"33.10000","1.14781","1,391.35388","0.00590","0.00022","36.85667"
"33.20000","1.15095","1,395.12366","0.00593","0.00024","36.95653"
"33.30000","1.15439","1,397.48047","0.00594","0.00038","37.01896"
"33.40000","1.15775","1,400.99500","0.00593","0.00038","37.11206"
"33.50000","1.16104","1,403.08484","0.00597","0.00044","37.16742"
"33.60000","1.16440","1,406.95105","0.00598","0.00052","37.26983"
"33.70000","1.16784","1,409.62939","0.00598","0.00053","37.34078"
"33.80000","1.17113","1,412.62451","0.00600","0.00060","37.42012"
"33.90000","1.17427","1,415.49805","0.00602","0.00059","37.49624"
"34.00000","1.17770","1,417.68787","0.00606","0.00065","37.55425"
"34.10000","1.18114","1,421.49585","0.00608","0.00068","37.65512"
"34.20000","1.18428","1,423.82471","0.00606","0.00061","37.71681"
"34.30000","1.18787","1,427.52869","0.00609","0.00078","37.81493"
"34.40000","1.19116","1,430.26208","0.00610","0.00098","37.88734"
"34.50000","1.19430","1,432.58643","0.00612","0.00106","37.94891"
"34.60000","1.19781","1,435.61133","0.00610","0.00111","38.02904"
"34.70000","1.20110","1,439.29041","0.00610","0.00122","38.12650"
"34.80000","1.20424","1,441.91858","0.00617","0.00111","38.19611"
"34.90000","1.20775","1,444.30212","0.00610","0.00106","38.25925"
"35.00000","1.21111","1,447.91589","0.00618","0.00123","38.35498"
"35.10000","1.21447","1,450.80896","0.00615","0.00074","38.43162"
"35.20000","1.21769","1,453.79053","0.00622","0.00079","38.51060"
"35.30000","1.22105","1,456.05481","0.00625","0.00073","38.57058"
"35.40000","1.22441","1,459.92395","0.00624","0.00063","38.67307"
"35.50000","1.22755","1,462.31030","0.00620","0.00040","38.73629"
"35.60000","1.23114","1,465.46436","0.00627","0.00037","38.81984"
"35.70000","1.23450","1,468.86414","0.00626","0.00016","38.90990"
"35.80000","1.23772","1,471.81030","0.00631","0.00027","38.98794"
"35.90000","1.24116","1,474.50977","0.00634","0.00025","39.05945"
"36.00000","1.24444","1,477.63513","0.00634","0.00034","39.14224"
"36.10000","1.24766","1,479.70959","0.00632","0.00031","39.19719"
"36.20000","1.25102","1,483.20740","0.00642","0.00035","39.28984"
"36.30000","1.25438","1,486.18176","0.00640","0.00045","39.36864"
"36.40000","1.25775","1,488.70752","0.00644","0.00046","39.43554"
"36.50000","1.26111","1,491.41284","0.00643","0.00050","39.50721"
"36.60000","1.26447","1,494.67029","0.00648","0.00059","39.59349"
"36.70000","1.26776","1,496.77393","0.00650","0.00052","39.64922"
"36.80000","1.27098","1,500.44519","0.00647","0.00066","39.74647"
"36.90000","1.27441","1,502.35278","0.00642","0.00066","39.79700"
"37.00000","1.27770","1,506.21033","0.00648","0.00078","39.89919"
"37.10000","1.28099","1,508.93140","0.00656","0.00082","39.97127"
"37.20000","1.28443","1,511.74780","0.00655","0.00083","40.04588"
"37.30000","1.28787","1,514.44556","0.00660","0.00098","40.11734"
"37.40000","1.29101","1,517.24731","0.00661","0.00109","40.19156"
"37.50000","1.29437","1,520.18762","0.00657","0.00106","40.26944"
"37.60000","1.29773","1,522.74951","0.00652","0.00114","40.33731"
"37.70000","1.30102","1,526.19263","0.00660","0.00127","40.42852"
"37.80000","1.30438","1,528.55237","0.00657","0.00124","40.49102"
"37.90000","1.30790","1,532.15942","0.00661","0.00117","40.58657"
"38.00000","1.31103","1,533.74146","0.00658","0.00110","40.62848"
"38.10000","1.31440","1,536.20154","0.00661","0.00107","40.69365"
"38.20000","1.31776","1,540.01404","0.00670","0.00089","40.79464"
"38.30000","1.32105","1,543.11975","0.00662","0.00082","40.87691"
"38.40000","1.32426","1,545.88489","0.00667","0.00081","40.95016"
"38.50000","1.32778","1,548.48279","0.00669","0.00072","41.01898"
"38.60000","1.33121","1,551.09473","0.00674","0.00054","41.08817"
"38.70000","1.33443","1,553.66602","0.00672","0.00023","41.15628"
"38.80000","1.33772","1,556.79150","0.00677","0.00028","41.23907"
"38.90000","1.34115","1,560.12219","0.00674","0.00039","41.32730"
"39.00000","1.34437","1,562.30103","0.00679","0.00047","41.38502"
"39.10000","1.34766","1,565.04993","0.00682","0.00042","41.45784"
"39.20000","1.35117","1,568.28430","0.00686","0.00051","41.54351"
"39.30000","1.35438","1,570.76489","0.00680","0.00050","41.60923"
"39.40000","1.35775","1,572.81775","0.00685","0.00051","41.66360"
"39.50000","1.36111","1,576.22974","0.00686","0.00053","41.75399"
"39.60000","1.36440","1,578.89636","0.00692","0.00056","41.82463"
"39.70000","1.36769","1,581.06348","0.00689","0.00071","41.88203"
"39.80000","1.37097","1,584.19177","0.00691","0.00073","41.96490"
"39.90000","1.37441","1,587.07458","0.00692","0.00076","42.04126"
"40.00000","1.37763","1,589.22559","0.00693","0.00082","42.09824"
"40.10000","1.38106","1,592.80835","0.00702","0.00087","42.19315"
"40.20000","1.38458","1,596.05408","0.00696","0.00101","42.27913"
"40.30000","1.38764","1,597.99292","0.00702","0.00093","42.33049"
"40.40000","1.39108","1,601.04468","0.00709","0.00103","42.41133"
"40.50000","1.39452","1,603.86633","0.00701","0.00114","42.48608"
"40.60000","1.39765","1,606.51428","0.00704","0.00119","42.55622"
"40.70000","1.40117","1,608.97766","0.00705","0.00122","42.62147"
"40.80000","1.40446","1,611.62610","0.00709","0.00140","42.69163"
"40.90000","1.40774","1,614.43665","0.00713","0.00137","42.76608"
"41.00000","1.41103","1,617.87366","0.00710","0.00140","42.85712"
"41.10000","1.41432","1,619.55969","0.00710","0.00123","42.90179"
"41.20000","1.41776","1,622.21643","0.00717","0.00094","42.97216"
"41.30000","1.42090","1,624.88892","0.00718","0.00085","43.04296"
"41.40000","1.42441","1,627.64465","0.00717","0.00092","43.11596"
"41.50000","1.42785","1,630.45972","0.00718","0.00082","43.19053"
"41.60000","1.43091","1,632.55542","0.00717","0.00075","43.24604"
"41.70000","1.43443","1,636.26770","0.00722","0.00062","43.34438"
"41.80000","1.43779","1,638.28418","0.00725","0.00043","43.39780"
"41.90000","1.44093","1,640.14014","0.00726","0.00043","43.44696"
"42.00000","1.44437","1,642.80640","0.00729","0.00062","43.51759"
"42.10000","1.44780","1,647.01917","0.00730","0.00056","43.62918"
"42.20000","1.45109","1,649.52563","0.00732","0.00053","43.69558"
"42.30000","1.45445","1,651.42029","0.00733","0.00053","43.74577"
"42.40000","1.45782","1,653.89307","0.00738","0.00075","43.81127"
"42.50000","1.46111","1,656.90576","0.00744","0.00083","43.89108"
"42.60000","1.46432","1,659.07556","0.00739","0.00127","43.94855"
"42.70000","1.46776","1,661.81567","0.00741","0.00081","44.02114"
"42.80000","1.47112","1,664.40210","0.00742","0.00087","44.08965"
"42.90000","1.47426","1,667.11719","0.00745","0.00093","44.16158"
"43.00000","1.47785","1,669.44543","0.00749","0.00106","44.22325"
"43.10000","1.48114","1,672.72131","0.00748","0.00149","44.31003"
"43.20000","1.48420","1,674.97791","0.00749","0.00159","44.36980"
"43.30000","1.48779","1,678.08386","0.00754","0.00091","44.45208"
"43.40000","1.49108","1,680.36743","0.00755","0.00109","44.51257"
"43.50000","1.49429","1,682.61023","0.00758","0.00143","44.57198"
"43.60000","1.49773","1,686.10107","0.00760","0.00137","44.66446"
"43.70000","1.50109","1,688.95447","0.00757","0.00177","44.74004"
"43.80000","1.50445","1,690.84570","0.00762","0.00186","44.79014"
"43.90000","1.50759","1,693.69019","0.00763","0.00154","44.86549"
"44.00000","1.51103","1,696.09839","0.00765","0.00142","44.92928"
"44.10000","1.51439","1,699.29431","0.00763","0.00194","45.01394"
"44.20000","1.51761","1,700.39551","0.00765","0.00167","45.04311"
"44.30000","1.52112","1,704.04089","0.00764","0.00150","45.13968"
"44.40000","1.52448","1,705.81567","0.00769","0.00112","45.18669"
"44.50000","1.52770","1,708.92700","0.00769","0.00104","45.26911"
"44.60000","1.53113","1,711.58240","0.00774","0.00089","45.33945"
"44.70000","1.53442","1,713.20789","0.00774","0.00118","45.38251"
"44.80000","1.53764","1,716.43213","0.00775","0.00059","45.46792"
"44.90000","1.54107","1,719.30139","0.00778","0.00064","45.54393"
"45.00000","1.54444","1,720.98926","0.00782","0.00076","45.58863"
"45.10000","1.54773","1,723.99866","0.00783","0.00100","45.66835"
"45.20000","1.55101","1,726.58337","0.00784","0.00085","45.73682"
"45.30000","1.55445","1,729.42285","0.00784","0.00095","45.81204"
"45.40000","1.55774","1,731.39734","0.00788","0.00078","45.86435"
"45.50000","1.56095","1,734.41968","0.00791","0.00086","45.94440"
"45.60000","1.56439","1,736.28223","0.00792","0.00160","45.99374"
"45.70000","1.56776","1,739.18713","0.00796","0.00096","46.07069"
"45.80000","1.57097","1,742.00793","0.00795","0.00101","46.14542"
"45.90000","1.57448","1,744.75391","0.00799","0.00181","46.21815"
"46.00000","1.57777","1,746.93835","0.00803","0.00189","46.27602"
"46.10000","1.58098","1,749.19250","0.00801","0.00196","46.33574"
"46.20000","1.58435","1,751.38062","0.00805","0.00193","46.39370"
"46.30000","1.58771","1,754.02258","0.00807","0.00191","46.46368"
"46.40000","1.59100","1,756.41028","0.00808","0.00182","46.52693"
"46.50000","1.59436","1,758.73352","0.00812","0.00188","46.58847"
"46.60000","1.59787","1,761.81677","0.00812","0.00219","46.67015"
"46.70000","1.60109","1,764.45728","0.00814","0.00226","46.74009"
"46.80000","1.60430","1,766.08203","0.00814","0.00173","46.78313"
"46.90000","1.60774","1,768.89343","0.00814","0.00201","46.85761"
"47.00000","1.61110","1,770.53198","0.00817","0.00220","46.90101"
"47.10000","1.61432","1,773.75696","0.00816","0.00210","46.98644"
"47.20000","1.61775","1,776.67981","0.00818","0.00199","47.06387"
"47.30000","1.62119","1,778.82312","0.00819","0.00136","47.12064"
"47.40000","1.62441","1,781.23157","0.00822","0.00151","47.18444"
"47.50000","1.62769","1,783.22888","0.00825","0.00125","47.23735"
"47.60000","1.63106","1,785.16150","0.00824","0.00144","47.28854"
"47.70000","1.63435","1,788.73242","0.00825","0.00146","47.38314"
"47.80000","1.63763","1,790.32715","0.00830","0.00146","47.42538"
"47.90000","1.64115","1,793.34436","0.00832","0.00089","47.50531"
"48.00000","1.64444","1,795.66516","0.00833","0.00132","47.56678"
"48.10000","1.64772","1,797.68469","0.00836","0.00155","47.62028"
"48.20000","1.65109","1,800.93274","0.00838","0.00149","47.70632"
"48.30000","1.65438","1,803.18652","0.00837","0.00155","47.76603"
"48.40000","1.65759","1,804.65967","0.00842","0.00171","47.80505"
"48.50000","1.66103","1,808.00110","0.00844","0.00170","47.89356"
"48.60000","1.66454","1,810.17908","0.00847","0.00175","47.95126"
"48.70000","1.66775","1,812.31055","0.00848","0.00190","48.00772"
"48.80000","1.67112","1,814.52893","0.00848","0.00190","48.06648"
"48.90000","1.67455","1,817.54236","0.00849","0.00198","48.14631"
"49.00000","1.67762","1,820.66614","0.00853","0.00198","48.22906"
"49.10000","1.68106","1,822.23975","0.00856","0.00208","48.27074"
"49.20000","1.68442","1,824.72424","0.00854","0.00227","48.33656"
"49.30000","1.68771","1,826.64966","0.00855","0.00202","48.38756"
"49.40000","1.69115","1,829.11182","0.00857","0.00216","48.45278"
"49.50000","1.69451","1,831.34167","0.00862","0.00218","48.51185"
"49.60000","1.69780","1,834.42212","0.00861","0.00226","48.59345"
"49.70000","1.70101","1,836.45874","0.00865","0.00245","48.64740"
"49.80000","1.70437","1,838.72205","0.00864","0.00245","48.70735"
"49.90000","1.70774","1,841.08350","0.00866","0.00238","48.76991"
"50.00000","1.71095","1,843.26904","0.00867","0.00245","48.82780"
"50.10000","1.71446","1,845.83557","0.00869","0.00226","48.89579"
"50.20000","1.71790","1,848.52832","0.00872","0.00225","48.96712"
"50.30000","1.72097","1,850.53198","0.00872","0.00198","49.02020"
"50.40000","1.72440","1,853.09766","0.00873","0.00187","49.08816"
"50.50000","1.72777","1,855.56689","0.00876","0.00179","49.15357"
"50.60000","1.73098","1,857.50403","0.00877","0.00171","49.20488"
"50.70000","1.73449","1,860.53418","0.00879","0.00160","49.28515"
"50.80000","1.73778","1,862.69446","0.00879","0.00168","49.34238"
"50.90000","1.74107","1,864.50220","0.00882","0.00154","49.39026"
"51.00000","1.74443","1,866.99951","0.00884","0.00164","49.45642"
"51.10000","1.74772","1,868.88928","0.00887","0.00160","49.50648"
"51.20000","1.75109","1,872.04871","0.00890","0.00175","49.59017"
"51.30000","1.75430","1,873.97766","0.00892","0.00177","49.64127"
"51.40000","1.75774","1,876.59973","0.00897","0.00179","49.71072"
"51.50000","1.76125","1,880.68115","0.00897","0.00184","49.81884"
"51.60000","1.76431","1,881.72083","0.00894","0.00193","49.84638"
"51.70000","1.76783","1,883.52722","0.00900","0.00195","49.89423"
"51.80000","1.77119","1,886.40613","0.00898","0.00200","49.97049"
"51.90000","1.77425","1,888.76135","0.00903","0.00216","50.03288"
"52.00000","1.77777","1,891.36377","0.00903","0.00214","50.10182"
"52.10000","1.78113","1,893.55347","0.00905","0.00219","50.15982"
"52.20000","1.78442","1,895.74756","0.00908","0.00227","50.21795"
"52.30000","1.78778","1,897.89624","0.00908","0.00233","50.27486"
"52.40000","1.79114","1,900.55725","0.00911","0.00227","50.34535"
"52.50000","1.79443","1,902.13123","0.00913","0.00238","50.38705"
"52.60000","1.79757","1,905.01123","0.00914","0.00243","50.46334"
"52.70000","1.80101","1,907.81042","0.00915","0.00253","50.53749"
"52.80000","1.80445","1,909.59363","0.00917","0.00264","50.58472"
"52.90000","1.80759","1,911.91956","0.00919","0.00272","50.64634"
"53.00000","1.81117","1,914.33862","0.00920","0.00265","50.71042"
"53.10000","1.81454","1,916.88354","0.00922","0.00251","50.77784"
"53.20000","1.81760","1,918.97400","0.00924","0.00238","50.83321"
"53.30000","1.82111","1,920.78784","0.00925","0.00223","50.88126"
"53.40000","1.82440","1,923.11084","0.00925","0.00209","50.94279"
"53.50000","1.82769","1,926.06445","0.00930","0.00192","51.02103"
"53.60000","1.83105","1,927.53894","0.00930","0.00182","51.06009"
"53.70000","1.83442","1,929.99988","0.00934","0.00181","51.12528"
"53.80000","1.83778","1,933.44373","0.00934","0.00185","51.21651"
"53.90000","1.84099","1,935.49072","0.00936","0.00186","51.27073"
"54.00000","1.84436","1,937.64905","0.00943","0.00192","51.32791"
"54.10000","1.84772","1,939.82214","0.00942","0.00192","51.38547"
"54.20000","1.85093","1,942.13635","0.00941","0.00185","51.44678"
"54.30000","1.85445","1,944.22583","0.00944","0.00188","51.50212"
"54.40000","1.85781","1,946.70813","0.00943","0.00197","51.56788"
"54.50000","1.86102","1,948.12122","0.00947","0.00203","51.60531"
"54.60000","1.86446","1,951.34583","0.00952","0.00211","51.69073"
"54.70000","1.86767","1,953.82129","0.00952","0.00216","51.75631"
"54.80000","1.87096","1,955.34924","0.00951","0.00221","51.79678"
"54.90000","1.87440","1,958.40784","0.00955","0.00223","51.87780"
"55.00000","1.87769","1,960.17773","0.00956","0.00230","51.92469"
"55.10000","1.88113","1,963.01770","0.00959","0.00255","51.99992"
"55.20000","1.88434","1,965.29309","0.00961","0.00233","52.06019"
"55.30000","1.88785","1,967.37012","0.00964","0.00232","52.11521"
"55.40000","1.89107","1,969.89844","0.00964","0.00244","52.18219"
"55.50000","1.89421","1,971.22839","0.00967","0.00253","52.21742"
"55.60000","1.89772","1,974.00281","0.00970","0.00252","52.29091"
"55.70000","1.90116","1,976.10144","0.00970","0.00278","52.34650"
"55.80000","1.90437","1,978.37012","0.00970","0.00280","52.40660"
"55.90000","1.90781","1,980.76868","0.00974","0.00279","52.47014"
"56.00000","1.91117","1,982.46338","0.00975","0.00283","52.51503"
"56.10000","1.91439","1,985.25513","0.00977","0.00274","52.58898"
"56.20000","1.91767","1,987.35986","0.00977","0.00254","52.64474"
"56.30000","1.92104","1,989.39746","0.00982","0.00239","52.69871"
"56.40000","1.92440","1,991.72791","0.00982","0.00234","52.76044"
"56.50000","1.92769","1,994.09766","0.00982","0.00216","52.82322"
"56.60000","1.93113","1,996.21045","0.00986","0.00196","52.87919"
"56.70000","1.93449","1,998.44897","0.00989","0.00197","52.93848"
"56.80000","1.93763","2,000.11975","0.00989","0.00204","52.98274"
"56.90000","1.94107","2,002.89709","0.00990","0.00195","53.05632"
"57.00000","1.94443","2,005.08887","0.00992","0.00209","53.11437"
"57.10000","1.94764","2,006.89636","0.00993","0.00205","53.16225"
"57.20000","1.95108","2,010.36646","0.00997","0.00200","53.25418"
"57.30000","1.95452","2,011.85706","0.00998","0.00215","53.29366"
"57.40000","1.95773","2,014.43787","0.01000","0.00210","53.36203"
"57.50000","1.96110","2,016.77527","0.01001","0.00219","53.42394"
"57.60000","1.96446","2,018.35950","0.01005","0.00217","53.46591"
"57.70000","1.96767","2,021.04541","0.01005","0.00225","53.53706"
"57.80000","1.97104","2,022.49219","0.01005","0.00238","53.57539"
"57.90000","1.97455","2,025.07434","0.01011","0.00243","53.64378"
"58.00000","1.97769","2,027.24780","0.01010","0.00254","53.70136"
"58.10000","1.98105","2,028.83850","0.01014","0.00248","53.74350"
"58.20000","1.98449","2,031.29651","0.01014","0.00258","53.80861"
"58.30000","1.98778","2,033.88074","0.01019","0.00246","53.87706"
"58.40000","1.99099","2,034.80029","0.01018","0.00260","53.90142"
"58.50000","1.99435","2,037.59241","0.01020","0.00280","53.97539"
"58.60000","1.99779","2,039.47522","0.01021","0.00268","54.02526"
"58.70000","2.00101","2,042.02222","0.01022","0.00281","54.09273"
"58.80000","2.00437","2,044.45959","0.01025","0.00301","54.15730"
"58.90000","2.00788","2,046.20068","0.01025","0.00296","54.20342"
"59.00000","2.01095","2,048.53589","0.01029","0.00292","54.26528"
"59.10000","2.01431","2,050.99438","0.01031","0.00292","54.33040"
"59.20000","2.01782","2,052.59521","0.01033","0.00272","54.37281"
"59.30000","2.02103","2,055.60571","0.01034","0.00256","54.45255"
"59.40000","2.02447","2,057.24805","0.01036","0.00251","54.49606"
"59.50000","2.02784","2,059.28076","0.01039","0.00226","54.54990"
"59.60000","2.03105","2,061.50952","0.01037","0.00221","54.60894"
"59.70000","2.03434","2,063.25122","0.01040","0.00215","54.65508"
"59.80000","2.03770","2,065.24756","0.01042","0.00217","54.70797"
"59.90000","2.04106","2,067.58813","0.01043","0.00215","54.76997"
"60.00000","2.04428","2,070.59009","0.01049","0.00218","54.84949"
"60.10000","2.04779","2,073.18457","0.01047","0.00225","54.91821"
"60.20000","2.05123","2,074.97412","0.01051","0.00216","54.96562"
"60.30000","2.05437","2,076.33813","0.01054","0.00223","55.00175"
"60.40000","2.05773","2,079.09058","0.01056","0.00228","55.07467"
"60.50000","2.06109","2,080.91406","0.01056","0.00237","55.12297"
"60.60000","2.06423","2,082.82495","0.01056","0.00231","55.17359"
"60.70000","2.06775","2,085.67969","0.01057","0.00240","55.24921"
"60.80000","2.07111","2,087.62988","0.01059","0.00248","55.30087"
"60.90000","2.07440","2,090.11450","0.01062","0.00260","55.36668"
"61.00000","2.07776","2,091.89697","0.01061","0.00268","55.41390"
"61.10000","2.08105","2,093.88135","0.01065","0.00264","55.46647"
"61.20000","2.08441","2,096.98120","0.01065","0.00263","55.54858"
"61.30000","2.08755","2,098.51465","0.01068","0.00266","55.58920"
"61.40000","2.09106","2,100.38672","0.01070","0.00277","55.63879"
"61.50000","2.09458","2,102.77783","0.01071","0.00283","55.70213"
"61.60000","2.09764","2,104.71704","0.01075","0.00283","55.75350"
"61.70000","2.10115","2,106.80176","0.01074","0.00307","55.80873"
"61.80000","2.10444","2,109.26514","0.01077","0.00314","55.87398"
"61.90000","2.10766","2,110.77612","0.01077","0.00326","55.91401"
"62.00000","2.11109","2,113.09424","0.01084","0.00308","55.97541"
"62.10000","2.11446","2,115.72046","0.01084","0.00303","56.04498"
"62.20000","2.11774","2,117.72632","0.01084","0.00283","56.09812"
"62.30000","2.12103","2,118.95264","0.01086","0.00275","56.13060"
"62.40000","2.12440","2,121.26367","0.01087","0.00259","56.19182"
"62.50000","2.12783","2,124.04077","0.01092","0.00248","56.26538"
"62.60000","2.13097","2,125.65967","0.01092","0.00240","56.30827"
"62.70000","2.13434","2,127.96655","0.01093","0.00237","56.36938"
"62.80000","2.13777","2,130.20850","0.01094","0.00240","56.42876"
"62.90000","2.14091","2,132.32422","0.01095","0.00241","56.48481"
"63.00000","2.14443","2,134.26904","0.01100","0.00239","56.53633"
"63.10000","2.14779","2,136.05029","0.01101","0.00247","56.58352"
"63.20000","2.15100","2,138.33057","0.01103","0.00237","56.64392"
"63.30000","2.15437","2,140.03735","0.01105","0.00248","56.68913"
"63.40000","2.15765","2,142.26392","0.01106","0.00247","56.74811"
"63.50000","2.16094","2,144.66797","0.01107","0.00251","56.81179"
"63.60000","2.16438","2,146.79932","0.01108","0.00254","56.86825"
"63.70000","2.16774","2,148.32446","0.01112","0.00265","56.90865"
"63.80000","2.17126","2,151.03271","0.01113","0.00264","56.98040"
"63.90000","2.17440","2,152.97266","0.01116","0.00279","57.03178"
"64.00000","2.17776","2,155.21631","0.01115","0.00284","57.09122"
"64.10000","2.18112","2,158.07959","0.01116","0.00289","57.16706"
"64.20000","2.18426","2,159.91919","0.01118","0.00275","57.21580"
"64.30000","2.18785","2,161.33936","0.01123","0.00290","57.25341"
"64.40000","2.19114","2,164.09644","0.01124","0.00296","57.32645"
"64.50000","2.19435","2,166.77979","0.01123","0.00293","57.39753"
"64.60000","2.19786","2,168.56665","0.01125","0.00311","57.44487"
"64.70000","2.20115","2,170.32007","0.01126","0.00318","57.49131"
"64.80000","2.20444","2,172.38647","0.01132","0.00328","57.54605"
"64.90000","2.20765","2,174.24365","0.01133","0.00341","57.59525"
"65.00000","2.21102","2,176.72974","0.01137","0.00333","57.66110"
"65.10000","2.21445","2,179.44482","0.01137","0.00326","57.73302"
"65.20000","2.21767","2,181.10522","0.01139","0.00317","57.77701"
"65.30000","2.22111","2,182.37915","0.01141","0.00313","57.81076"
"65.40000","2.22447","2,184.54102","0.01142","0.00277","57.86802"
"65.50000","2.22753","2,186.33887","0.01144","0.00278","57.91565"
"65.60000","2.23112","2,188.60742","0.01145","0.00260","57.97574"
"65.70000","2.23448","2,190.83521","0.01150","0.00256","58.03476"
"65.80000","2.23770","2,193.37817","0.01150","0.00255","58.10212"
"65.90000","2.24114","2,195.38184","0.01152","0.00260","58.15519"
"66.00000","2.24450","2,197.72363","0.01151","0.00272","58.21723"
"66.10000","2.24771","2,198.85522","0.01154","0.00268","58.24720"
"66.20000","2.25100","2,201.60059","0.01158","0.00271","58.31993"
"66.30000","2.25444","2,203.82495","0.01156","0.00269","58.37885"
"66.40000","2.25773","2,205.63110","0.01160","0.00273","58.42670"
"66.50000","2.26102","2,207.88794","0.01162","0.00268","58.48648"
"66.60000","2.26453","2,210.14575","0.01163","0.00272","58.54629"
"66.70000","2.26782","2,211.86450","0.01164","0.00286","58.59182"
"66.80000","2.27103","2,213.50586","0.01167","0.00291","58.63530"
"66.90000","2.27439","2,215.54004","0.01166","0.00301","58.68918"
"67.00000","2.27783","2,218.16016","0.01171","0.00310","58.75859"
"67.10000","2.28097","2,219.92310","0.01172","0.00302","58.80529"
"67.20000","2.28441","2,220.96436","0.01170","0.00309","58.83287"
"67.30000","2.28792","2,223.42334","0.01173","0.00310","58.89801"
"67.40000","2.29106","2,226.26514","0.01175","0.00312","58.97329"
"67.50000","2.29435","2,226.75537","0.01177","0.00326","58.98627"
"67.60000","2.29771","2,229.41602","0.01180","0.00331","59.05675"
"67.70000","2.30092","2,231.91895","0.01181","0.00337","59.12305"
"67.80000","2.30429","2,233.85327","0.01183","0.00336","59.17429"
"67.90000","2.30780","2,235.59521","0.01186","0.00352","59.22044"
"68.00000","2.31101","2,237.71753","0.01189","0.00352","59.27666"
"68.10000","2.31438","2,239.96387","0.01189","0.00339","59.33616"
"68.20000","2.31782","2,242.46045","0.01192","0.00332","59.40230"
"68.30000","2.32110","2,244.38940","0.01195","0.00317","59.45340"
"68.40000","2.32432","2,246.36670","0.01195","0.00308","59.50577"
"68.50000","2.32776","2,247.78540","0.01196","0.00287","59.54335"
"68.60000","2.33119","2,250.02930","0.01201","0.00284","59.60279"
"68.70000","2.33433","2,251.62012","0.01204","0.00279","59.64494"
"68.80000","2.33777","2,252.68115","0.01204","0.00286","59.67304"
"68.90000","2.34121","2,255.47388","0.01207","0.00288","59.74702"
"69.00000","2.34435","2,257.59863","0.01206","0.00288","59.80330"
"69.10000","2.34771","2,259.27466","0.01208","0.00284","59.84770"
"69.20000","2.35115","2,261.52295","0.01211","0.00279","59.90726"
"69.30000","2.35436","2,263.44971","0.01213","0.00279","59.95830"
"69.40000","2.35772","2,265.58862","0.01215","0.00296","60.01496"
"69.50000","2.36116","2,268.23413","0.01216","0.00296","60.08504"
"69.60000","2.36445","2,269.89185","0.01215","0.00302","60.12895"
"69.70000","2.36766","2,271.62744","0.01216","0.00304","60.17492"
"69.80000","2.37103","2,273.28418","0.01219","0.00305","60.21881"
"69.90000","2.37439","2,275.55029","0.01221","0.00317","60.27884"
"70.00000","2.37760","2,277.40527","0.01222","0.00323","60.32798"
"70.10000","2.38112","2,279.40601","0.01225","0.00319","60.38098"
"70.20000","2.38456","2,281.73389","0.01225","0.00336","60.44264"
"70.30000","2.38769","2,283.55347","0.01227","0.00328","60.49084"
"70.40000","2.39113","2,285.71948","0.01230","0.00330","60.54822"
"70.50000","2.39442","2,288.21509","0.01231","0.00353","60.61433"
"70.60000","2.39763","2,289.47900","0.01231","0.00354","60.64781"
"70.70000","2.40107","2,291.55859","0.01233","0.00368","60.70290"
"70.80000","2.40444","2,294.00928","0.01238","0.00380","60.76781"
"70.90000","2.40780","2,295.83813","0.01239","0.00379","60.81626"
"71.00000","2.41109","2,298.51147","0.01243","0.00376","60.88708"
"71.10000","2.41445","2,300.31201","0.01242","0.00377","60.93477"
"71.20000","2.41781","2,301.62915","0.01247","0.00353","60.96966"
"71.30000","2.42095","2,303.63110","0.01249","0.00338","61.02269"
"71.40000","2.42439","2,305.10278","0.01250","0.00332","61.06168"
"71.50000","2.42783","2,308.27124","0.01255","0.00320","61.14561"
"71.60000","2.43097","2,309.60352","0.01256","0.00316","61.18090"
"71.70000","2.43448","2,311.41455","0.01255","0.00303","61.22887"
"71.80000","2.43784","2,313.18677","0.01257","0.00309","61.27582"
"71.90000","2.44098","2,315.86035","0.01258","0.00310","61.34665"
"72.00000","2.44442","2,316.79102","0.01261","0.00313","61.37130"
"72.10000","2.44763","2,319.74609","0.01263","0.00306","61.44958"
"72.20000","2.45107","2,321.24072","0.01264","0.00305","61.48917"
"72.30000","2.45436","2,324.02197","0.01264","0.00310","61.56284"
"72.40000","2.45772","2,324.59277","0.01265","0.00322","61.57796"
"72.50000","2.46116","2,327.03711","0.01269","0.00313","61.64272"
"72.60000","2.46430","2,328.70776","0.01271","0.00317","61.68697"
"72.70000","2.46774","2,331.23779","0.01271","0.00327","61.75399"
"72.80000","2.47117","2,333.78540","0.01270","0.00335","61.82148"
"72.90000","2.47424","2,334.21729","0.01272","0.00350","61.83292"
"73.00000","2.47783","2,337.52271","0.01277","0.00351","61.92048"
"73.10000","2.48119","2,339.27734","0.01278","0.00347","61.96695"
"73.20000","2.48440","2,340.35645","0.01279","0.00357","61.99554"
"73.30000","2.48777","2,343.44678","0.01280","0.00364","62.07740"
"73.40000","2.49106","2,345.46094","0.01282","0.00364","62.13076"
"73.50000","2.49442","2,347.04688","0.01285","0.00371","62.17277"
"73.60000","2.49771","2,348.99902","0.01286","0.00385","62.22448"
"73.70000","2.50107","2,351.54272","0.01287","0.00386","62.29186"
"73.80000","2.50451","2,353.37720","0.01290","0.00397","62.34046"
"73.90000","2.50765","2,354.95337","0.01290","0.00415","62.38221"
"74.00000","2.51108","2,356.96826","0.01294","0.00400","62.43559"
"74.10000","2.51445","2,358.97729","0.01295","0.00396","62.48880"
"74.20000","2.51759","2,360.74316","0.01298","0.00378","62.53558"
"74.30000","2.52110","2,362.16626","0.01299","0.00354","62.57328"
"74.40000","2.52446","2,364.81665","0.01303","0.00342","62.64349"
"74.50000","2.52768","2,366.67871","0.01306","0.00338","62.69281"
"74.60000","2.53111","2,369.13403","0.01307","0.00330","62.75785"
"74.70000","2.53448","2,370.85205","0.01309","0.00327","62.80336"
"74.80000","2.53769","2,372.51611","0.01310","0.00331","62.84744"
"74.90000","2.54098","2,374.73877","0.01312","0.00331","62.90632"
"75.00000","2.54442","2,376.01270","0.01314","0.00334","62.94007"
"75.10000","2.54778","2,378.05908","0.01315","0.00328","62.99427"
"75.20000","2.55099","2,380.05249","0.01318","0.00329","63.04708"
"75.30000","2.55451","2,382.09131","0.01319","0.00347","63.10109"
"75.40000","2.55780","2,383.73047","0.01320","0.00340","63.14451"
"75.50000","2.56093","2,386.27515","0.01322","0.00339","63.21192"
"75.60000","2.56437","2,388.02832","0.01323","0.00341","63.25836"
"75.70000","2.56781","2,390.01392","0.01327","0.00351","63.31096"
"75.80000","2.57095","2,391.63940","0.01328","0.00364","63.35402"
"75.90000","2.57439","2,393.91187","0.01328","0.00360","63.41421"
"76.00000","2.57783","2,394.90454","0.01333","0.00367","63.44051"
"76.10000","2.58104","2,397.35254","0.01332","0.00368","63.50536"
"76.20000","2.58433","2,399.10229","0.01334","0.00384","63.55170"
"76.30000","2.58776","2,400.65356","0.01337","0.00387","63.59280"
"76.40000","2.59098","2,403.46680","0.01338","0.00384","63.66732"
"76.50000","2.59427","2,404.53394","0.01339","0.00390","63.69559"
"76.60000","2.59785","2,406.66553","0.01341","0.00406","63.75205"
"76.70000","2.60114","2,409.53833","0.01341","0.00411","63.82816"
"76.80000","2.60436","2,409.96655","0.01345","0.00418","63.83950"
"76.90000","2.60779","2,412.82910","0.01348","0.00425","63.91533"
"77.00000","2.61108","2,414.64697","0.01350","0.00423","63.96348"
"77.10000","2.61430","2,416.01245","0.01350","0.00419","63.99965"
"77.20000","2.61773","2,418.26709","0.01351","0.00395","64.05938"
"77.30000","2.62125","2,420.01611","0.01356","0.00386","64.10571"
"77.40000","2.62439","2,422.36328","0.01356","0.00361","64.16788"
"77.50000","2.62775","2,423.37012","0.01358","0.00358","64.19456"
"77.60000","2.63119","2,425.78467","0.01359","0.00358","64.25851"
"77.70000","2.63433","2,427.50781","0.01362","0.00358","64.30416"
"77.80000","2.63761","2,428.80542","0.01367","0.00356","64.33853"
"77.90000","2.64113","2,431.93188","0.01368","0.00353","64.42136"
"78.00000","2.64442","2,433.41309","0.01368","0.00356","64.46059"
"78.10000","2.64770","2,434.97632","0.01370","0.00353","64.50200"
"78.20000","2.65122","2,436.56323","0.01372","0.00359","64.54404"
"78.30000","2.65443","2,438.55127","0.01374","0.00356","64.59670"
"78.40000","2.65757","2,440.30493","0.01374","0.00366","64.64316"
"78.50000","2.66101","2,442.46191","0.01377","0.00367","64.70029"
"78.60000","2.66444","2,444.40723","0.01377","0.00377","64.75182"
"78.70000","2.66766","2,446.16943","0.01381","0.00378","64.79850"
"78.80000","2.67110","2,447.72729","0.01382","0.00380","64.83977"
"78.90000","2.67453","2,450.18921","0.01384","0.00392","64.90498"
"79.00000","2.67767","2,452.85913","0.01387","0.00383","64.97572"
"79.10000","2.68104","2,453.68701","0.01385","0.00397","64.99764"
"79.20000","2.68440","2,455.96509","0.01388","0.00404","65.05799"
"79.30000","2.68769","2,457.57568","0.01390","0.00409","65.10065"
"79.40000","2.69113","2,459.74683","0.01392","0.00415","65.15816"
"79.50000","2.69441","2,460.90210","0.01394","0.00420","65.18877"
"79.60000","2.69785","2,463.58447","0.01396","0.00419","65.25983"
"79.70000","2.70107","2,464.63477","0.01396","0.00433","65.28764"
"79.80000","2.70443","2,466.99756","0.01398","0.00440","65.35023"
"79.90000","2.70779","2,469.72485","0.01400","0.00440","65.42249"
"80.00000","2.71101","2,471.33447","0.01404","0.00434","65.46512"
"80.10000","2.71437","2,473.00781","0.01406","0.00428","65.50945"
"80.20000","2.71781","2,474.06348","0.01406","0.00420","65.53741"
"80.30000","2.72102","2,476.33667","0.01409","0.00400","65.59763"
"80.40000","2.72446","2,478.27222","0.01408","0.00390","65.64890"
"80.50000","2.72775","2,479.96265","0.01411","0.00379","65.69368"
"80.60000","2.73096","2,482.06934","0.01417","0.00381","65.74948"
"80.70000","2.73440","2,483.96509","0.01414","0.00379","65.79971"
"80.80000","2.73769","2,485.73389","0.01417","0.00363","65.84656"
"80.90000","2.74105","2,487.47217","0.01419","0.00380","65.89260"
"81.00000","2.74434","2,489.45605","0.01422","0.00376","65.94516"
"81.10000","2.74770","2,491.22266","0.01424","0.00378","65.99195"
"81.20000","2.75114","2,494.29224","0.01428","0.00376","66.07327"
"81.30000","2.75420","2,495.03271","0.01427","0.00374","66.09288"
"81.40000","2.75772","2,497.09619","0.01429","0.00393","66.14754"
"81.50000","2.76115","2,499.40137","0.01431","0.00383","66.20860"
"81.60000","2.76437","2,501.21997","0.01435","0.00394","66.25678"
"81.70000","2.76781","2,502.42261","0.01435","0.00403","66.28864"
"81.80000","2.77117","2,504.83447","0.01437","0.00424","66.35253"
"81.90000","2.77431","2,506.31079","0.01437","0.00419","66.39163"
"82.00000","2.77775","2,508.70044","0.01440","0.00406","66.45493"
"82.10000","2.78096","2,510.17310","0.01442","0.00416","66.49395"
"82.20000","2.78440","2,511.84058","0.01445","0.00426","66.53812"
"82.30000","2.78769","2,513.98657","0.01446","0.00435","66.59496"
"82.40000","2.79105","2,516.27686","0.01448","0.00437","66.65563"
"82.50000","2.79456","2,518.24829","0.01449","0.00439","66.70786"
"82.60000","2.79763","2,519.86499","0.01451","0.00445","66.75069"
"82.70000","2.80099","2,521.95508","0.01453","0.00456","66.80605"
"82.80000","2.80443","2,523.65234","0.01455","0.00466","66.85101"
"82.90000","2.80757","2,525.12329","0.01455","0.00470","66.88998"
"83.00000","2.81108","2,527.14648","0.01458","0.00469","66.94357"
"83.10000","2.81452","2,529.31128","0.01459","0.00454","67.00092"
"83.20000","2.81773","2,530.95679","0.01461","0.00438","67.04450"
"83.30000","2.82117","2,532.74829","0.01462","0.00422","67.09196"
"83.40000","2.82438","2,533.96191","0.01463","0.00411","67.12411"
"83.50000","2.82767","2,537.17554","0.01464","0.00403","67.20924"
"83.60000","2.83103","2,537.44922","0.01468","0.00398","67.21648"
"83.70000","2.83440","2,539.29810","0.01470","0.00397","67.26546"
"83.80000","2.83783","2,542.23413","0.01474","0.00394","67.34324"
"83.90000","2.84097","2,543.72534","0.01474","0.00399","67.38274"
"84.00000","2.84449","2,545.62549","0.01482","0.00400","67.43307"
"84.10000","2.84777","2,547.75244","0.01481","0.00396","67.48942"
"84.20000","2.85091","2,549.22021","0.01486","0.00401","67.52830"
"84.30000","2.85443","2,551.22021","0.01483","0.00406","67.58128"
"84.40000","2.85786","2,552.71753","0.01483","0.00407","67.62094"
"84.50000","2.86108","2,554.30054","0.01486","0.00415","67.66287"
"84.60000","2.86444","2,556.95264","0.01490","0.00415","67.73312"
"84.70000","2.86788","2,558.54541","0.01492","0.00424","67.77532"
"84.80000","2.87102","2,560.48120","0.01491","0.00437","67.82660"
"84.90000","2.87431","2,562.79297","0.01493","0.00443","67.88783"
"85.00000","2.87767","2,564.19214","0.01493","0.00430","67.92490"
"85.10000","2.88103","2,565.70190","0.01496","0.00441","67.96489"
"85.20000","2.88432","2,567.31372","0.01499","0.00447","68.00759"
"85.30000","2.88783","2,570.35645","0.01500","0.00453","68.08819"
"85.40000","2.89112","2,571.93042","0.01500","0.00460","68.12988"
"85.50000","2.89426","2,573.58960","0.01506","0.00467","68.17384"
"85.60000","2.89777","2,574.99243","0.01503","0.00473","68.21100"
"85.70000","2.90106","2,577.07373","0.01506","0.00478","68.26613"
"85.80000","2.90428","2,578.53296","0.01507","0.00491","68.30479"
"85.90000","2.90779","2,580.34961","0.01510","0.00487","68.35291"
"86.00000","2.91115","2,581.88770","0.01512","0.00482","68.39365"
"86.10000","2.91444","2,583.92651","0.01510","0.00464","68.44766"
"86.20000","2.91773","2,586.62012","0.01517","0.00452","68.51901"
"86.30000","2.92109","2,588.91699","0.01515","0.00452","68.57986"
"86.40000","2.92431","2,589.49487","0.01520","0.00426","68.59516"
"86.50000","2.92759","2,591.66284","0.01515","0.00425","68.65260"
"86.60000","2.93118","2,593.40601","0.01524","0.00414","68.69877"
"86.70000","2.93447","2,595.03638","0.01528","0.00414","68.74196"
"86.80000","2.93761","2,597.42627","0.01533","0.00415","68.80527"
"86.90000","2.94112","2,598.72852","0.01535","0.00423","68.83976"
"87.00000","2.94441","2,601.65308","0.01530","0.00409","68.91723"
"87.10000","2.94755","2,602.32690","0.01533","0.00417","68.93508"
"87.20000","2.95106","2,603.69214","0.01533","0.00417","68.97124"
"87.30000","2.95442","2,606.32251","0.01542","0.00423","69.04092"
"87.40000","2.95764","2,607.95532","0.01539","0.00435","69.08418"
"87.50000","2.96108","2,609.34595","0.01542","0.00424","69.12102"
"87.60000","2.96451","2,611.55664","0.01543","0.00441","69.17957"
"87.70000","2.96765","2,613.44263","0.01543","0.00458","69.22954"
"87.80000","2.97094","2,614.77393","0.01547","0.00464","69.26480"
"87.90000","2.97445","2,617.31543","0.01549","0.00466","69.33212"
"88.00000","2.97774","2,618.52930","0.01550","0.00446","69.36428"
"88.10000","2.98111","2,620.74170","0.01551","0.00466","69.42288"
"88.20000","2.98447","2,623.50732","0.01555","0.00461","69.49615"
"88.30000","2.98783","2,624.60864","0.01553","0.00482","69.52532"
"88.40000","2.99097","2,626.29224","0.01557","0.00481","69.56992"
"88.50000","2.99433","2,627.66675","0.01558","0.00478","69.60633"
"88.60000","2.99777","2,630.02026","0.01556","0.00491","69.66867"
"88.70000","3.00099","2,631.55347","0.01560","0.00497","69.70929"
"88.80000","3.00442","2,633.73022","0.01560","0.00507","69.76695"
"88.90000","3.00786","2,635.00830","0.01563","0.00505","69.80080"
"89.00000","3.01107","2,636.78882","0.01564","0.00504","69.84797"
"89.10000","3.01436","2,638.90723","0.01565","0.00486","69.90408"
"89.20000","3.01773","2,640.99829","0.01568","0.00473","69.95948"
"89.30000","3.02094","2,642.68188","0.01570","0.00467","70.00407"
"89.40000","3.02445","2,644.01636","0.01577","0.00449","70.03943"
"89.50000","3.02774","2,646.38745","0.01583","0.00452","70.10223"
"89.60000","3.03110","2,647.39697","0.01584","0.00446","70.12897"
"89.70000","3.03439","2,649.16699","0.01584","0.00437","70.17587"
"89.80000","3.03776","2,651.80420","0.01579","0.00434","70.24573"
"89.90000","3.04119","2,652.73975","0.01589","0.00438","70.27051"
"90.00000","3.04426","2,654.84326","0.01592","0.00435","70.32623"
"90.10000","3.04777","2,656.65137","0.01589","0.00431","70.37412"
"90.20000","3.05121","2,658.25903","0.01588","0.00449","70.41671"
"90.30000","3.05435","2,660.34351","0.01591","0.00446","70.47193"
"90.40000","3.05779","2,662.03369","0.01591","0.00443","70.51670"
"90.50000","3.06115","2,664.26392","0.01594","0.00453","70.57578"
"90.60000","3.06436","2,665.54102","0.01595","0.00466","70.60961"
"90.70000","3.06773","2,666.96094","0.01597","0.00478","70.64722"
"90.80000","3.07109","2,669.44897","0.01601","0.00484","70.71313"
"90.90000","3.07445","2,671.13696","0.01602","0.00459","70.75784"
"91.00000","3.07774","2,672.85522","0.01602","0.00477","70.80336"
"91.10000","3.08110","2,674.83569","0.01605","0.00477","70.85583"
"91.20000","3.08454","2,676.73804","0.01606","0.00488","70.90622"
"91.30000","3.08761","2,678.09741","0.01609","0.00491","70.94222"
"91.40000","3.09104","2,679.45996","0.01608","0.00499","70.97832"
"91.50000","3.09448","2,682.08545","0.01610","0.00504","71.04787"
"91.60000","3.09762","2,683.38257","0.01611","0.00507","71.08223"
"91.70000","3.10113","2,685.24561","0.01613","0.00507","71.13158"
"91.80000","3.10450","2,687.30542","0.01622","0.00531","71.18614"
"91.90000","3.10771","2,688.87549","0.01616","0.00526","71.22774"
"92.00000","3.11107","2,690.84229","0.01622","0.00514","71.27984"
"92.10000","3.11436","2,692.49634","0.01623","0.00494","71.32365"
"92.20000","3.11772","2,694.50854","0.01634","0.00479","71.37695"
"92.30000","3.12101","2,696.29053","0.01637","0.00475","71.42416"
"92.40000","3.12445","2,697.96533","0.01634","0.00460","71.46852"
"92.50000","3.12789","2,700.38672","0.01637","0.00457","71.53266"
"92.60000","3.13095","2,701.27124","0.01637","0.00458","71.55610"
"92.70000","3.13439","2,703.93945","0.01640","0.00459","71.62678"
"92.80000","3.13783","2,705.30078","0.01646","0.00454","71.66283"
"92.90000","3.14089","2,706.48291","0.01646","0.00453","71.69415"
"93.00000","3.14448","2,708.33765","0.01646","0.00454","71.74329"
"93.10000","3.14784","2,711.13306","0.01639","0.00461","71.81734"
"93.20000","3.15106","2,712.27637","0.01639","0.00463","71.84762"
"93.30000","3.15442","2,714.63477","0.01645","0.00462","71.91010"
"93.40000","3.15778","2,715.51343","0.01642","0.00473","71.93336"
"93.50000","3.16107","2,717.72925","0.01648","0.00479","71.99207"
"93.60000","3.16429","2,719.01514","0.01648","0.00489","72.02613"
"93.70000","3.16772","2,721.53735","0.01650","0.00497","72.09294"
"93.80000","3.17116","2,722.79761","0.01652","0.00496","72.12633"
"93.90000","3.17430","2,724.42090","0.01655","0.00482","72.16933"
"94.00000","3.17781","2,726.80151","0.01656","0.00488","72.23238"
"94.10000","3.18110","2,728.60938","0.01659","0.00501","72.28027"
"94.20000","3.18424","2,730.17456","0.01662","0.00505","72.32174"
"94.30000","3.18775","2,731.42358","0.01661","0.00512","72.35483"
"94.40000","3.19112","2,733.18359","0.01665","0.00518","72.40144"
"94.50000","3.19433","2,735.73096","0.01674","0.00522","72.46893"
"94.60000","3.19777","2,737.11108","0.01674","0.00524","72.50549"
"94.70000","3.20121","2,739.17065","0.01675","0.00528","72.56004"
"94.80000","3.20442","2,740.58862","0.01681","0.00542","72.59760"
"94.90000","3.20763","2,742.58911","0.01681","0.00539","72.65060"
"95.00000","3.21107","2,743.92847","0.01682","0.00534","72.68607"
"95.10000","3.21443","2,745.99463","0.01684","0.00518","72.74081"
"95.20000","3.21765","2,747.83350","0.01689","0.00498","72.78952"
"95.30000","3.22116","2,749.62915","0.01685","0.00488","72.83709"
"95.40000","3.22445","2,751.77417","0.01685","0.00486","72.89391"
"95.50000","3.22759","2,752.87695","0.01691","0.00478","72.92312"
"95.60000","3.23110","2,754.89062","0.01691","0.00482","72.97646"
"95.70000","3.23446","2,756.78931","0.01696","0.00479","73.02676"
"95.80000","3.23760","2,757.30713","0.01699","0.00465","73.04047"
"95.90000","3.24111","2,759.95679","0.01695","0.00466","73.11066"
"96.00000","3.24448","2,761.38940","0.01701","0.00475","73.14861"
"96.10000","3.24769","2,764.14795","0.01693","0.00475","73.22169"
"96.20000","3.25106","2,764.60620","0.01692","0.00487","73.23383"
"96.30000","3.25442","2,766.65723","0.01698","0.00475","73.28815"
"96.40000","3.25771","2,768.93237","0.01694","0.00493","73.34843"
"96.50000","3.26092","2,770.27954","0.01698","0.00498","73.38411"
"96.60000","3.26451","2,772.41455","0.01700","0.00510","73.44067"
"96.70000","3.26780","2,773.74976","0.01700","0.00515","73.47604"
"96.80000","3.27101","2,775.52808","0.01701","0.00516","73.52314"
"96.90000","3.27445","2,777.51416","0.01703","0.00500","73.57575"
"97.00000","3.27781","2,779.90039","0.01709","0.00503","73.63896"
"97.10000","3.28095","2,781.14355","0.01707","0.00529","73.67190"
"97.20000","3.28439","2,783.14722","0.01716","0.00525","73.72498"
"97.30000","3.28775","2,784.47876","0.01718","0.00526","73.76025"
"97.40000","3.29096","2,786.69995","0.01714","0.00532","73.81908"
"97.50000","3.29440","2,788.52832","0.01726","0.00532","73.86752"
"97.60000","3.29784","2,789.76660","0.01729","0.00532","73.90032"
"97.70000","3.30105","2,792.54224","0.01728","0.00541","73.97385"
"97.80000","3.30434","2,794.11475","0.01734","0.00545","74.01550"
"97.90000","3.30771","2,795.25708","0.01733","0.00555","74.04576"
"98.00000","3.31099","2,796.99951","0.01732","0.00540","74.09192"
"98.10000","3.31436","2,798.90576","0.01736","0.00516","74.14241"
"98.20000","3.31772","2,800.23950","0.01739","0.00501","74.17774"
"98.30000","3.32116","2,802.98755","0.01742","0.00497","74.25054"
"98.40000","3.32437","2,804.43774","0.01740","0.00495","74.28896"
"98.50000","3.32766","2,805.29688","0.01741","0.00502","74.31171"
"98.60000","3.33110","2,807.92407","0.01744","0.00492","74.38131"
"98.70000","3.33431","2,809.44580","0.01749","0.00487","74.42162"
"98.80000","3.33775","2,811.16479","0.01751","0.00485","74.46716"
"98.90000","3.34126","2,813.77295","0.01751","0.00492","74.53624"
"99.00000","3.34433","2,814.79321","0.01751","0.00492","74.56327"
"99.10000","3.34776","2,815.89917","0.01755","0.00497","74.59257"
"99.20000","3.35105","2,817.87598","0.01755","0.00495","74.64493"
"99.30000","3.35434","2,820.34180","0.01751","0.00508","74.71025"
"99.40000","3.35770","2,821.67261","0.01756","0.00512","74.74550"
"99.50000","3.36107","2,823.49780","0.01758","0.00519","74.79385"
"99.60000","3.36451","2,825.81372","0.01763","0.00527","74.85520"
"99.70000","3.36772","2,827.03857","0.01759","0.00528","74.88764"
"99.80000","3.37108","2,827.91919","0.01760","0.00508","74.91097"
"99.90000","3.37452","2,831.12207","0.01762","0.00512","74.99582"
"100.00000","3.37758","2,832.41650","0.01771","0.00524","75.03011"
"100.10000","3.38102","2,833.82300","0.01768","0.00536","75.06736"
"100.20000","3.38453","2,835.63086","0.01776","0.00539","75.11525"
"100.30000","3.38767","2,837.33447","0.01774","0.00542","75.16039"
"100.40000","3.39111","2,838.72363","0.01775","0.00549","75.19718"
"100.50000","3.39447","2,841.32056","0.01779","0.00547","75.26598"
"100.60000","3.39769","2,842.58276","0.01779","0.00548","75.29941"
"100.70000","3.40105","2,844.28931","0.01781","0.00564","75.34461"
"100.80000","3.40434","2,846.15210","0.01788","0.00555","75.39396"
"100.90000","3.40778","2,847.69751","0.01786","0.00553","75.43490"
"101.00000","3.41099","2,849.55957","0.01788","0.00553","75.48422"
"101.10000","3.41443","2,850.83472","0.01791","0.00530","75.51800"
"101.20000","3.41794","2,853.49365","0.01793","0.00521","75.58843"
"101.30000","3.42093","2,853.96484","0.01795","0.00528","75.60091"
"101.40000","3.42437","2,856.29883","0.01795","0.00520","75.66274"
"101.50000","3.42781","2,858.02100","0.01797","0.00511","75.70837"
"101.60000","3.43095","2,859.85986","0.01798","0.00519","75.75707"
"101.70000","3.43446","2,860.83716","0.01802","0.00506","75.78296"
"101.80000","3.43782","2,863.15430","0.01802","0.00505","75.84435"
"101.90000","3.44104","2,864.30249","0.01805","0.00516","75.87476"
"102.00000","3.44440","2,866.08374","0.01806","0.00508","75.92194"
"102.10000","3.44769","2,868.62695","0.01807","0.00506","75.98931"
"102.20000","3.45105","2,869.10205","0.01804","0.00509","76.00190"
"102.30000","3.45426","2,872.00293","0.01810","0.00524","76.07874"
"102.40000","3.45770","2,873.32837","0.01806","0.00531","76.11385"
"102.50000","3.46122","2,874.69458","0.01806","0.00542","76.15004"
"102.60000","3.46428","2,876.48193","0.01811","0.00542","76.19739"
"102.70000","3.46779","2,878.84692","0.01814","0.00535","76.26004"
"102.80000","3.47108","2,880.53711","0.01819","0.00521","76.30481"
"102.90000","3.47422","2,881.68384","0.01819","0.00529","76.33519"
"103.00000","3.47781","2,882.97510","0.01823","0.00538","76.36939"
"103.10000","3.48117","2,885.09985","0.01820","0.00546","76.42567"
"103.20000","3.48438","2,887.37500","0.01823","0.00548","76.48595"
"103.30000","3.48782","2,888.72266","0.01828","0.00550","76.52164"
"103.40000","3.49111","2,889.47461","0.01827","0.00552","76.54156"
"103.50000","3.49440","2,892.27319","0.01832","0.00551","76.61570"
"103.60000","3.49761","2,892.92847","0.01837","0.00556","76.63306"
"103.70000","3.50105","2,895.46484","0.01834","0.00566","76.70024"
"103.80000","3.50449","2,897.63330","0.01840","0.00566","76.75768"
"103.90000","3.50763","2,898.50806","0.01838","0.00574","76.78085"
"104.00000","3.51121","2,900.69507","0.01843","0.00563","76.83879"
"104.10000","3.51450","2,902.84888","0.01845","0.00550","76.89584"
"104.20000","3.51757","2,904.78442","0.01842","0.00535","76.94711"
"104.30000","3.52108","2,906.04565","0.01846","0.00529","76.98053"
"104.40000","3.52437","2,907.49146","0.01849","0.00533","77.01882"
"104.50000","3.52758","2,910.06689","0.01850","0.00526","77.08705"
"104.60000","3.53109","2,911.45605","0.01852","0.00529","77.12385"
"104.70000","3.53446","2,913.13623","0.01852","0.00524","77.16835"
"104.80000","3.53782","2,915.09937","0.01856","0.00527","77.22036"
"104.90000","3.54103","2,916.10645","0.01858","0.00526","77.24703"
"105.00000","3.54440","2,918.95947","0.01858","0.00526","77.32261"
"105.10000","3.54776","2,920.53833","0.01856","0.00530","77.36443"
"105.20000","3.55090","2,921.64673","0.01857","0.00534","77.39380"
"105.30000","3.55449","2,923.79468","0.01863","0.00542","77.45069"
"105.40000","3.55778","2,925.68945","0.01865","0.00548","77.50089"
"105.50000","3.56099","2,927.12891","0.01868","0.00549","77.53902"
"105.60000","3.56450","2,929.35889","0.01868","0.00562","77.59809"
"105.70000","3.56772","2,930.48633","0.01871","0.00543","77.62795"
"105.80000","3.57100","2,932.61108","0.01871","0.00551","77.68424"
"105.90000","3.57444","2,934.10889","0.01874","0.00549","77.72392"
"106.00000","3.57780","2,936.41602","0.01875","0.00554","77.78503"
"106.10000","3.58109","2,937.08325","0.01878","0.00558","77.80270"
"106.20000","3.58438","2,938.28833","0.01878","0.00551","77.83463"
"106.30000","3.58782","2,941.34888","0.01882","0.00565","77.91570"
"106.40000","3.59103","2,942.63794","0.01885","0.00574","77.94984"
"106.50000","3.59432","2,943.91382","0.01885","0.00560","77.98364"
"106.60000","3.59776","2,946.12061","0.01887","0.00573","78.04211"
"106.70000","3.60112","2,948.40747","0.01889","0.00574","78.10268"
"106.80000","3.60434","2,949.66016","0.01892","0.00573","78.13586"
"106.90000","3.60777","2,951.70239","0.01892","0.00576","78.18996"
"107.00000","3.61114","2,952.26367","0.01896","0.00576","78.20483"
"107.10000","3.61428","2,954.66309","0.01897","0.00570","78.26839"
"107.20000","3.61764","2,955.76123","0.01902","0.00563","78.29748"
"107.30000","3.62115","2,957.97119","0.01900","0.00552","78.35603"
"107.40000","3.62437","2,959.81885","0.01901","0.00548","78.40497"
"107.50000","3.62773","2,961.68799","0.01902","0.00551","78.45448"
"107.60000","3.63117","2,963.65723","0.01904","0.00547","78.50665"
"107.70000","3.63438","2,964.66528","0.01906","0.00542","78.53335"
"107.80000","3.63767","2,966.37427","0.01909","0.00534","78.57862"
"107.90000","3.64103","2,968.40405","0.01910","0.00543","78.63239"
"108.00000","3.64440","2,970.41016","0.01910","0.00549","78.68553"
"108.10000","3.64768","2,971.77832","0.01912","0.00543","78.72177"
"108.20000","3.65112","2,973.06982","0.01913","0.00558","78.75598"
"108.30000","3.65456","2,975.29932","0.01916","0.00560","78.81504"
"108.40000","3.65777","2,976.56812","0.01915","0.00570","78.84865"
"108.50000","3.66106","2,978.49854","0.01917","0.00569","78.89979"
"108.60000","3.66442","2,979.97656","0.01918","0.00570","78.93894"
"108.70000","3.66764","2,981.56689","0.01920","0.00557","78.98106"
"108.80000","3.67100","2,983.82104","0.01923","0.00561","79.04078"
"108.90000","3.67451","2,986.10498","0.01925","0.00607","79.10128"
"109.00000","3.67765","2,987.69727","0.01925","0.00560","79.14346"
"109.10000","3.68109","2,988.07910","0.01927","0.00567","79.15357"
"109.20000","3.68438","2,990.98999","0.01930","0.00574","79.23068"
"109.30000","3.68767","2,992.32983","0.01935","0.00581","79.26617"
"109.40000","3.69103","2,994.05298","0.01935","0.00584","79.31182"
"109.50000","3.69439","2,996.05786","0.01937","0.00584","79.36493"
"109.60000","3.69783","2,998.07373","0.01942","0.00593","79.41833"
"109.70000","3.70105","2,999.13354","0.01942","0.00584","79.44640"
"109.80000","3.70441","3,000.93408","0.01945","0.00581","79.49410"
"109.90000","3.70785","3,002.76831","0.01945","0.00587","79.54269"
"110.00000","3.71091","3,004.16528","0.01948","0.00596","79.57970"
"110.10000","3.71442","3,006.50513","0.01949","0.00576","79.64168"
"110.20000","3.71786","3,007.75684","0.01952","0.00571","79.67484"
"110.30000","3.72100","3,009.57812","0.01952","0.00569","79.72308"
"110.40000","3.72444","3,011.08691","0.01957","0.00571","79.76305"
"110.50000","3.72788","3,012.67310","0.01956","0.00556","79.80506"
"110.60000","3.73109","3,014.36475","0.01959","0.00556","79.84988"
"110.70000","3.73430","3,015.78784","0.01961","0.00563","79.88757"
"110.80000","3.73767","3,017.65796","0.01960","0.00568","79.93711"
"110.90000","3.74110","3,019.26929","0.01961","0.00562","79.97980"
"111.00000","3.74432","3,020.85986","0.01962","0.00569","80.02193"
"111.10000","3.74776","3,022.81934","0.01963","0.00572","80.07384"
"111.20000","3.75119","3,024.86328","0.01966","0.00580","80.12798"
"111.30000","3.75426","3,026.05444","0.01968","0.00620","80.15953"
"111.40000","3.75777","3,028.42358","0.01968","0.00584","80.22229"
"111.50000","3.76113","3,029.66797","0.01972","0.00600","80.25526"
"111.60000","3.76435","3,030.67700","0.01974","0.00597","80.28198"
"111.70000","3.76779","3,033.80737","0.01974","0.00587","80.36491"
"111.80000","3.77115","3,034.21143","0.01975","0.00586","80.37561"
"111.90000","3.77444","3,036.68652","0.01974","0.00589","80.44118"
"112.00000","3.77780","3,037.79419","0.01979","0.00594","80.47052"
"112.10000","3.78109","3,039.17310","0.01980","0.00584","80.50704"
"112.20000","3.78445","3,041.61768","0.01983","0.00594","80.57180"
"112.30000","3.78767","3,043.44824","0.01984","0.00595","80.62029"
"112.40000","3.79103","3,044.32617","0.01988","0.00610","80.64355"
"112.50000","3.79454","3,046.75464","0.01990","0.00595","80.70788"
"112.60000","3.79761","3,048.22949","0.01991","0.00618","80.74695"
"112.70000","3.80112","3,049.72095","0.01992","0.00593","80.78645"
"112.80000","3.80448","3,051.58423","0.01993","0.00595","80.83582"
"112.90000","3.80755","3,052.54077","0.01998","0.00612","80.86115"
"113.00000","3.81113","3,055.46045","0.01999","0.00602","80.93849"
"113.10000","3.81442","3,056.95020","0.02002","0.00598","80.97796"
"113.20000","3.81771","3,059.09448","0.02003","0.00584","81.03476"
"113.30000","3.82100","3,059.57544","0.02007","0.00584","81.04750"
"113.40000","3.82444","3,061.67603","0.02007","0.00587","81.10314"
"113.50000","3.82772","3,063.11816","0.02008","0.00593","81.14134"
"113.60000","3.83094","3,065.26245","0.02008","0.00581","81.19814"
"113.70000","3.83438","3,066.74585","0.02009","0.00604","81.23744"
"113.80000","3.83781","3,068.65771","0.02014","0.00589","81.28809"
"113.90000","3.84095","3,070.22363","0.02012","0.00591","81.32957"
"114.00000","3.84447","3,071.79712","0.02014","0.00584","81.37125"
"114.10000","3.84783","3,073.69897","0.02016","0.00596","81.42162"
"114.20000","3.85097","3,075.51929","0.02018","0.00660","81.46985"
"114.30000","3.85441","3,077.05493","0.02018","0.00655","81.51053"
"114.40000","3.85777","3,078.74707","0.02021","0.00617","81.55535"
"114.50000","3.86098","3,080.67554","0.02021","0.00661","81.60644"
"114.60000","3.86442","3,082.02319","0.02025","0.00597","81.64214"
"114.70000","3.86778","3,083.67261","0.02027","0.00584","81.68583"
"114.80000","3.87107","3,085.25000","0.02026","0.00649","81.72761"
"114.90000","3.87436","3,087.41211","0.02029","0.00594","81.78488"
"115.00000","3.87772","3,089.06714","0.02032","0.00652","81.82873"
"115.10000","3.88101","3,089.88745","0.02031","0.00624","81.85046"
"115.20000","3.88430","3,092.15308","0.02034","0.00623","81.91047"
"115.30000","3.88774","3,094.03906","0.02034","0.00667","81.96043"
"115.40000","3.89118","3,095.92627","0.02039","0.00663","82.01042"
"115.50000","3.89439","3,096.61572","0.02039","0.00655","82.02869"
"115.60000","3.89775","3,099.16602","0.02041","0.00665","82.09624"
"115.70000","3.90104","3,100.21094","0.02043","0.00657","82.12392"
"115.80000","3.90426","3,102.09180","0.02046","0.00617","82.17374"
"115.90000","3.90769","3,103.46362","0.02045","0.00630","82.21008"
"116.00000","3.91113","3,105.30786","0.02051","0.00622","82.25894"
"116.10000","3.91442","3,107.06641","0.02053","0.00599","82.30552"
"116.20000","3.91771","3,109.12915","0.02053","0.00653","82.36016"
"116.30000","3.92115","3,110.74463","0.02054","0.00662","82.40296"
"116.40000","3.92436","3,112.85156","0.02056","0.00614","82.45877"
"116.50000","3.92765","3,114.45288","0.02061","0.00642","82.50119"
"116.60000","3.93116","3,115.91846","0.02058","0.00661","82.54001"
"116.70000","3.93445","3,118.15259","0.02060","0.00663","82.59919"
"116.80000","3.93774","3,119.10034","0.02061","0.00669","82.62430"
"116.90000","3.94110","3,120.63135","0.02064","0.00675","82.66486"
"117.00000","3.94454","3,122.45239","0.02067","0.00673","82.71310"
"117.10000","3.94768","3,123.90576","0.02066","0.00667","82.75159"
"117.20000","3.95104","3,125.87134","0.02066","0.00674","82.80367"
"117.30000","3.95440","3,126.51025","0.02066","0.00640","82.82059"
"117.40000","3.95769","3,129.31909","0.02067","0.00682","82.89499"
"117.50000","3.96106","3,130.38599","0.02074","0.00671","82.92326"
"117.60000","3.96449","3,133.17212","0.02076","0.00673","82.99706"
"117.70000","3.96771","3,134.52417","0.02076","0.00671","83.03288"
"117.80000","3.97100","3,135.27148","0.02078","0.00676","83.05267"
"117.90000","3.97443","3,136.87476","0.02081","0.00680","83.09514"
"118.00000","3.97772","3,139.50098","0.02081","0.00636","83.16471"
"118.10000","3.98101","3,141.07153","0.02084","0.00679","83.20631"
"118.20000","3.98445","3,142.30688","0.02085","0.00682","83.23904"
"118.30000","3.98781","3,144.50342","0.02088","0.00679","83.29722"
"118.40000","3.99102","3,146.03198","0.02089","0.00690","83.33772"
"118.50000","3.99439","3,147.76636","0.02091","0.00679","83.38366"
"118.60000","3.99783","3,149.18750","0.02092","0.00688","83.42130"
"118.70000","4.00096","3,150.37183","0.02095","0.00679","83.45267"
"118.80000","4.00440","3,152.63110","0.02097","0.00675","83.51252"
"118.90000","4.00784","3,154.37988","0.02098","0.00671","83.55885"
"119.00000","4.01105","3,155.95459","0.02099","0.00674","83.60056"
"119.10000","4.01442","3,157.05762","0.02102","0.00645","83.62978"
"119.20000","4.01778","3,158.96460","0.02104","0.00686","83.68030"
"119.30000","4.02107","3,160.73926","0.02107","0.00668","83.72730"
"119.40000","4.02428","3,162.43091","0.02106","0.00674","83.77212"
"119.50000","4.02772","3,163.24341","0.02108","0.00680","83.79364"
"119.60000","4.03116","3,165.91455","0.02112","0.00626","83.86440"
"119.70000","4.03430","3,167.54761","0.02113","0.00691","83.90765"
"119.80000","4.03773","3,169.29565","0.02115","0.00689","83.95396"
"119.90000","4.04117","3,171.34082","0.02113","0.00697","84.00814"
"120.00000","4.04424","3,172.14624","0.02114","0.00693","84.02947"
"120.10000","4.04775","3,173.61987","0.02118","0.00699","84.06851"
"120.20000","4.05119","3,175.70605","0.02121","0.00692","84.12377"
"120.30000","4.05433","3,177.17480","0.02120","0.00694","84.16268"
"120.40000","4.05776","3,179.60522","0.02120","0.00704","84.22706"
"120.50000","4.06113","3,181.33276","0.02121","0.00673","84.27282"
"120.60000","4.06442","3,182.51855","0.02126","0.00696","84.30424"
"120.70000","4.06763","3,184.03247","0.02128","0.00685","84.34434"
"120.80000","4.07107","3,185.71216","0.02129","0.00693","84.38883"
"120.90000","4.07443","3,187.23145","0.02131","0.00689","84.42908"
"121.00000","4.07764","3,188.92871","0.02133","0.00692","84.47404"
"121.10000","4.08108","3,191.08887","0.02138","0.00666","84.53126"
"121.20000","4.08460","3,192.66943","0.02136","0.00693","84.57313"
"121.30000","4.08766","3,193.26807","0.02139","0.00696","84.58899"
"121.40000","4.09110","3,194.71021","0.02139","0.00698","84.62719"
"121.50000","4.09446","3,196.86426","0.02142","0.00691","84.68425"
"121.60000","4.09752","3,198.63330","0.02142","0.00689","84.73111"
"121.70000","4.10111","3,200.28516","0.02144","0.00689","84.77486"
"121.80000","4.10440","3,202.10596","0.02146","0.00684","84.82310"
"121.90000","4.10776","3,204.00659","0.02149","0.00682","84.87345"
"122.00000","4.11105","3,206.23486","0.02151","0.00691","84.93247"
"122.10000","4.11442","3,207.46411","0.02154","0.00689","84.96503"
"122.20000","4.11770","3,209.46826","0.02152","0.00684","85.01813"
"122.30000","4.12092","3,209.77979","0.02153","0.00692","85.02637"
"122.40000","4.12443","3,212.25488","0.02155","0.00682","85.09194"
"122.50000","4.12787","3,214.58960","0.02160","0.00685","85.15379"
"122.60000","4.13101","3,215.67505","0.02160","0.00688","85.18254"
"122.70000","4.13445","3,217.37354","0.02159","0.00699","85.22753"
"122.80000","4.13781","3,219.05127","0.02159","0.00705","85.27198"
"122.90000","4.14095","3,220.47656","0.02164","0.00716","85.30973"
"123.00000","4.14446","3,222.48193","0.02167","0.00712","85.36285"
"123.10000","4.14775","3,224.00171","0.02169","0.00696","85.40311"
"123.20000","4.15104","3,225.39697","0.02169","0.00705","85.44007"
"123.30000","4.15440","3,227.09863","0.02173","0.00710","85.48515"
"123.40000","4.15776","3,229.10596","0.02174","0.00703","85.53832"
"123.50000","4.16105","3,230.43994","0.02178","0.00701","85.57366"
"123.60000","4.16427","3,232.35962","0.02177","0.00695","85.62451"
"123.70000","4.16770","3,234.34692","0.02178","0.00701","85.67715"
"123.80000","4.17107","3,235.78711","0.02181","0.00700","85.71531"
"123.90000","4.17428","3,237.45312","0.02183","0.00711","85.75944"
"124.00000","4.17779","3,238.79541","0.02185","0.00709","85.79500"
"124.10000","4.18116","3,241.39941","0.02186","0.00702","85.86398"
"124.20000","4.18437","3,242.67139","0.02188","0.00707","85.89767"
"124.30000","4.18773","3,244.01904","0.02190","0.00710","85.93337"
"124.40000","4.19110","3,245.37231","0.02189","0.00707","85.96922"
"124.50000","4.19431","3,246.84595","0.02194","0.00722","86.00826"
"124.60000","4.19775","3,248.33423","0.02194","0.00698","86.04768"
"124.70000","4.20111","3,250.36841","0.02195","0.00696","86.10156"
"124.80000","4.20440","3,252.30127","0.02196","0.00679","86.15276"
"124.90000","4.20761","3,253.83960","0.02200","0.00688","86.19351"
"125.00000","4.21105","3,255.61987","0.02201","0.00696","86.24067"
"125.10000","4.21441","3,256.84131","0.02199","0.00698","86.27303"
"125.20000","4.21763","3,258.67603","0.02201","0.00705","86.32163"
"125.30000","4.22114","3,259.95947","0.02206","0.00698","86.35563"
"125.40000","4.22450","3,261.95508","0.02205","0.00711","86.40849"
"125.50000","4.22772","3,263.76147","0.02207","0.00708","86.45634"
"125.60000","4.23115","3,265.15649","0.02208","0.00717","86.49329"
"125.70000","4.23444","3,266.85376","0.02210","0.00710","86.53825"
"125.80000","4.23766","3,268.75830","0.02212","0.00734","86.58871"
"125.90000","4.24102","3,271.49927","0.02216","0.00730","86.66132"
"126.00000","4.24438","3,271.74023","0.02218","0.00733","86.66769"
"126.10000","4.24775","3,273.69824","0.02220","0.00729","86.71957"
"126.20000","4.25103","3,274.71265","0.02221","0.00723","86.74644"
"126.30000","4.25447","3,276.01245","0.02224","0.00725","86.78087"
"126.40000","4.25776","3,278.18384","0.02228","0.00730","86.83839"
"126.50000","4.26090","3,279.58838","0.02229","0.00711","86.87560"
"126.60000","4.26441","3,281.42896","0.02230","0.00706","86.92435"
"126.70000","4.26778","3,282.81494","0.02232","0.00710","86.96107"
"126.80000","4.27099","3,284.53003","0.02235","0.00720","87.00649"
"126.90000","4.27443","3,287.04297","0.02238","0.00701","87.07307"
"127.00000","4.27786","3,288.19409","0.02236","0.00724","87.10355"
"127.10000","4.28100","3,289.60938","0.02240","0.00721","87.14104"
"127.20000","4.28437","3,291.06982","0.02239","0.00718","87.17973"
"127.30000","4.28773","3,292.68091","0.02242","0.00719","87.22241"
"127.40000","4.29102","3,294.84839","0.02244","0.00722","87.27983"
"127.50000","4.29438","3,295.89795","0.02244","0.00726","87.30763"
"127.60000","4.29782","3,298.08667","0.02244","0.00706","87.36561"
"127.70000","4.30111","3,299.24780","0.02244","0.00698","87.39637"
"127.80000","4.30432","3,300.53052","0.02248","0.00690","87.43034"
"127.90000","4.30776","3,303.15503","0.02247","0.00703","87.49987"
"128.00000","4.31112","3,304.61011","0.02249","0.00709","87.53841"
"128.10000","4.31426","3,306.05542","0.02252","0.00719","87.57670"
"128.20000","4.31777","3,307.67993","0.02252","0.00722","87.61974"
"128.30000","4.32121","3,309.18799","0.02254","0.00725","87.65968"
"128.40000","4.32428","3,310.75049","0.02258","0.00718","87.70107"
"128.50000","4.32771","3,313.20093","0.02258","0.00722","87.76598"
"128.60000","4.33108","3,314.40088","0.02259","0.00731","87.79777"
"128.70000","4.33429","3,315.62061","0.02262","0.00734","87.83008"
"128.80000","4.33773","3,318.15601","0.02265","0.00752","87.89724"
"128.90000","4.34117","3,319.01831","0.02267","0.00754","87.92008"
"129.00000","4.34431","3,321.21265","0.02269","0.00757","87.97821"
"129.10000","4.34774","3,322.46899","0.02272","0.00746","88.01149"
"129.20000","4.35118","3,324.40210","0.02279","0.00742","88.06270"
"129.30000","4.35440","3,325.96069","0.02277","0.00753","88.10399"
"129.40000","4.35761","3,327.10327","0.02281","0.00718","88.13425"
"129.50000","4.36105","3,328.61987","0.02281","0.00725","88.17442"
"129.60000","4.36448","3,330.92993","0.02283","0.00719","88.23562"
"129.70000","4.36770","3,332.83765","0.02285","0.00734","88.28616"
"129.80000","4.37114","3,334.11572","0.02287","0.00727","88.32001"
"129.90000","4.37457","3,335.83350","0.02289","0.00731","88.36552"
"130.00000","4.37764","3,337.41748","0.02290","0.00728","88.40747"
"130.10000","4.38108","3,339.04736","0.02292","0.00726","88.45065"
"130.20000","4.38451","3,340.68604","0.02294","0.00738","88.49406"
"130.30000","4.38765","3,342.14185","0.02294","0.00741","88.53262"
"130.40000","4.39109","3,344.18018","0.02295","0.00739","88.58662"
"130.50000","4.39445","3,345.69580","0.02295","0.00736","88.62676"
"130.60000","4.39774","3,346.37720","0.02296","0.00722","88.64481"
"130.70000","4.40103","3,348.97827","0.02300","0.00711","88.71371"
"130.80000","4.40432","3,349.99976","0.02300","0.00710","88.74078"
"130.90000","4.40776","3,351.82764","0.02298","0.00707","88.78919"
"131.00000","4.41097","3,353.53467","0.02304","0.00718","88.83441"
"131.10000","4.41441","3,355.29077","0.02306","0.00732","88.88094"
"131.20000","4.41785","3,357.03052","0.02308","0.00739","88.92702"
"131.30000","4.42099","3,358.42700","0.02307","0.00741","88.96401"
"131.40000","4.42442","3,359.65015","0.02310","0.00742","88.99641"
"131.50000","4.42786","3,362.04199","0.02313","0.00745","89.05977"
"131.60000","4.43100","3,363.34448","0.02313","0.00756","89.09428"
"131.70000","4.43444","3,364.60327","0.02315","0.00765","89.12762"
"131.80000","4.43780","3,366.30371","0.02318","0.00770","89.17266"
"131.90000","4.44109","3,368.55493","0.02320","0.00769","89.23230"
"132.00000","4.44445","3,369.88232","0.02324","0.00771","89.26746"
"132.10000","4.44774","3,371.85303","0.02326","0.00771","89.31966"
"132.20000","4.45111","3,373.12329","0.02332","0.00757","89.35331"
"132.30000","4.45432","3,374.74829","0.02328","0.00764","89.39635"
"132.40000","4.45776","3,376.86719","0.02334","0.00738","89.45248"
"132.50000","4.46119","3,379.19263","0.02336","0.00739","89.51409"
"132.60000","4.46433","3,379.35229","0.02336","0.00742","89.51832"
"132.70000","4.46785","3,380.62573","0.02338","0.00748","89.55205"
"132.80000","4.47113","3,383.10791","0.02340","0.00746","89.61781"
"132.90000","4.47427","3,384.12476","0.02341","0.00741","89.64474"
"133.00000","4.47771","3,385.05469","0.02342","0.00755","89.66937"
"133.10000","4.48100","3,387.79565","0.02348","0.00748","89.74198"
"133.20000","4.48436","3,389.52588","0.02348","0.00748","89.78781"
"133.30000","4.48773","3,390.43921","0.02346","0.00747","89.81200"
"133.40000","4.49109","3,392.29150","0.02345","0.00746","89.86108"
"133.50000","4.49445","3,393.73193","0.02348","0.00740","89.89923"
"133.60000","4.49759","3,395.29028","0.02348","0.00742","89.94051"
"133.70000","4.50103","3,397.02246","0.02351","0.00733","89.98640"
"133.80000","4.50447","3,398.37891","0.02353","0.00723","90.02233"
"133.90000","4.50761","3,400.35474","0.02355","0.00729","90.07467"
"134.00000","4.51112","3,401.89404","0.02357","0.00736","90.11544"
"134.10000","4.51456","3,403.93384","0.02357","0.00746","90.16948"
"134.20000","4.51770","3,405.19360","0.02358","0.00755","90.20285"
"134.30000","4.52113","3,406.74561","0.02362","0.00761","90.24396"
"134.40000","4.52442","3,408.20508","0.02364","0.00765","90.28262"
"134.50000","4.52771","3,410.04736","0.02366","0.00767","90.33142"
"134.60000","4.53100","3,411.13989","0.02369","0.00780","90.36037"
"134.70000","4.53444","3,413.09229","0.02368","0.00773","90.41208"
"134.80000","4.53780","3,414.86304","0.02369","0.00787","90.45899"
"134.90000","4.54101","3,416.27417","0.02373","0.00787","90.49637"
"135.00000","4.54438","3,417.83716","0.02377","0.00788","90.53777"
"135.10000","4.54774","3,420.06982","0.02381","0.00785","90.59692"
"135.20000","4.55088","3,421.21899","0.02380","0.00788","90.62736"
"135.30000","4.55447","3,422.83472","0.02385","0.00779","90.67016"
"135.40000","4.55783","3,424.27563","0.02387","0.00756","90.70833"
"135.50000","4.56104","3,425.40552","0.02387","0.00764","90.73826"
"135.60000","4.56448","3,428.00171","0.02387","0.00760","90.80703"
"135.70000","4.56777","3,428.66821","0.02391","0.00761","90.82468"
"135.80000","4.57098","3,430.92090","0.02389","0.00768","90.88436"
"135.90000","4.57435","3,432.11890","0.02392","0.00764","90.91609"
"136.00000","4.57778","3,433.71997","0.02392","0.00765","90.95850"
"136.10000","4.58107","3,435.77295","0.02392","0.00764","91.01289"
"136.20000","4.58436","3,436.67578","0.02394","0.00772","91.03680"
"136.30000","4.58787","3,439.12500","0.02396","0.00773","91.10168"
"136.40000","4.59109","3,439.97974","0.02400","0.00775","91.12433"
"136.50000","4.59430","3,441.40088","0.02401","0.00768","91.16197"
"136.60000","4.59774","3,443.59082","0.02402","0.00757","91.21999"
"136.70000","4.60110","3,444.54248","0.02403","0.00743","91.24519"
"136.80000","4.60439","3,446.70947","0.02407","0.00734","91.30260"
"136.90000","4.60775","3,448.92432","0.02405","0.00740","91.36127"
"137.00000","4.61127","3,450.18237","0.02410","0.00762","91.39459"
"137.10000","4.61433","3,451.56226","0.02412","0.00770","91.43114"
"137.20000","4.61769","3,452.87842","0.02413","0.00773","91.46601"
"137.30000","4.62113","3,454.08911","0.02415","0.00785","91.49808"
"137.40000","4.62427","3,456.50879","0.02419","0.00787","91.56218"
"137.50000","4.62771","3,457.78271","0.02417","0.00789","91.59592"
"137.60000","4.63115","3,459.16382","0.02420","0.00788","91.63251"
"137.70000","4.63443","3,461.56982","0.02425","0.00809","91.69624"
"137.80000","4.63772","3,462.93408","0.02425","0.00809","91.73238"
"137.90000","4.64109","3,464.55908","0.02426","0.00818","91.77543"
"138.00000","4.64437","3,465.51270","0.02432","0.00811","91.80069"
"138.10000","4.64766","3,467.26489","0.02433","0.00831","91.84711"
"138.20000","4.65103","3,469.26978","0.02434","0.00796","91.90022"
"138.30000","4.65454","3,471.28467","0.02437","0.00780","91.95358"
"138.40000","4.65768","3,471.60132","0.02437","0.00775","91.96198"
"138.50000","4.66112","3,474.41138","0.02436","0.00786","92.03642"
"138.60000","4.66455","3,475.38623","0.02439","0.00785","92.06223"
"138.70000","4.66762","3,476.50342","0.02442","0.00785","92.09183"
"138.80000","4.67106","3,478.63428","0.02440","0.00773","92.14828"
"138.90000","4.67449","3,479.91650","0.02442","0.00787","92.18224"
"139.00000","4.67763","3,481.79907","0.02445","0.00776","92.23211"
"139.10000","4.68107","3,483.28760","0.02445","0.00789","92.27154"
"139.20000","4.68451","3,485.41650","0.02446","0.00789","92.32793"
"139.30000","4.68772","3,486.29028","0.02449","0.00783","92.35108"
"139.40000","4.69101","3,487.46484","0.02449","0.00788","92.38219"
"139.50000","4.69437","3,488.93823","0.02452","0.00785","92.42123"
"139.60000","4.69774","3,491.43774","0.02454","0.00770","92.48743"
"139.70000","4.70095","3,492.70557","0.02457","0.00761","92.52102"
"139.80000","4.70439","3,494.10181","0.02457","0.00768","92.55801"
"139.90000","4.70790","3,495.84546","0.02458","0.00766","92.60419"
"140.00000","4.71097","3,496.82275","0.02461","0.00758","92.63008"
"140.10000","4.71440","3,499.43188","0.02462","0.00780","92.69920"
"140.20000","4.71777","3,500.21191","0.02464","0.00789","92.71986"
"140.30000","4.72098","3,501.82202","0.02467","0.00804","92.76251"
"140.40000","4.72442","3,503.64453","0.02466","0.00801","92.81079"
"140.50000","4.72778","3,505.49585","0.02470","0.00814","92.85983"
"140.60000","4.73114","3,506.55420","0.02472","0.00812","92.88787"
"140.70000","4.73443","3,508.24902","0.02474","0.00819","92.93276"
"140.80000","4.73772","3,509.83447","0.02480","0.00827","92.97476"
"140.90000","4.74108","3,511.44678","0.02480","0.00826","93.01747"
"141.00000","4.74430","3,513.32275","0.02484","0.00833","93.06717"
"141.10000","4.74774","3,514.18213","0.02484","0.00826","93.08993"
"141.20000","4.75117","3,516.38428","0.02481","0.00819","93.14826"
"141.30000","4.75431","3,517.46191","0.02488","0.00799","93.17681"
"141.40000","4.75783","3,519.79810","0.02488","0.00802","93.23869"
"141.50000","4.76111","3,520.96069","0.02487","0.00802","93.26949"
"141.60000","4.76425","3,522.14990","0.02488","0.00800","93.30099"
"141.70000","4.76777","3,523.68774","0.02489","0.00796","93.34174"
"141.80000","4.77105","3,525.76294","0.02495","0.00806","93.39671"
"141.90000","4.77442","3,526.82617","0.02495","0.00800","93.42487"
"142.00000","4.77771","3,528.18066","0.02494","0.00792","93.46075"
"142.10000","4.78107","3,530.87012","0.02497","0.00789","93.53199"
"142.20000","4.78451","3,531.96899","0.02501","0.00812","93.56110"
"142.30000","4.78765","3,533.42993","0.02501","0.00799","93.59980"
"142.40000","4.79108","3,534.33643","0.02505","0.00800","93.62382"
"142.50000","4.79452","3,536.52881","0.02506","0.00798","93.68189"
"142.60000","4.79759","3,537.53052","0.02508","0.00774","93.70843"
"142.70000","4.80117","3,539.67358","0.02510","0.00775","93.76520"
"142.80000","4.80454","3,540.99243","0.02511","0.00783","93.80013"
"142.90000","4.80760","3,542.35425","0.02513","0.00804","93.83620"
"143.00000","4.81104","3,544.15698","0.02517","0.00785","93.88396"
"143.10000","4.81440","3,545.20166","0.02514","0.00805","93.91163"
"143.20000","4.81769","3,547.62305","0.02517","0.00816","93.97578"
"143.30000","4.82105","3,548.26709","0.02517","0.00815","93.99284"
"143.40000","4.82442","3,549.62500","0.02522","0.00837","94.02881"
"143.50000","4.82785","3,551.56519","0.02525","0.00840","94.08020"
"143.60000","4.83099","3,552.85742","0.02525","0.00836","94.11443"
"143.70000","4.83436","3,554.52441","0.02525","0.00852","94.15859"
"143.80000","4.83772","3,556.54443","0.02530","0.00840","94.21210"
"143.90000","4.84086","3,557.50073","0.02533","0.00859","94.23743"
"144.00000","4.84452","3,560.08496","0.02535","0.00852","94.30589"
"144.10000","4.84788","3,561.21875","0.02533","0.00850","94.33592"
"144.20000","4.85102","3,561.78833","0.02534","0.00827","94.35101"
"144.30000","4.85446","3,563.81714","0.02536","0.00827","94.40475"
"144.40000","4.85775","3,565.72095","0.02537","0.00823","94.45518"
"144.50000","4.86104","3,567.04028","0.02541","0.00813","94.49014"
"144.60000","4.86433","3,568.17090","0.02542","0.00804","94.52008"
"144.70000","4.86776","3,569.98706","0.02543","0.00803","94.56819"
"144.80000","4.87113","3,572.56006","0.02545","0.00815","94.63635"
"144.90000","4.87434","3,572.85693","0.02548","0.00822","94.64421"
"145.00000","4.87785","3,574.19409","0.02550","0.00816","94.67963"
"145.10000","4.88107","3,575.82617","0.02552","0.00818","94.72287"
"145.20000","4.88421","3,577.16675","0.02552","0.00819","94.75838"
"145.30000","4.88772","3,579.29395","0.02554","0.00813","94.81473"
"145.40000","4.89108","3,580.66309","0.02557","0.00814","94.85100"
"145.50000","4.89437","3,582.14600","0.02560","0.00805","94.89028"
"145.60000","4.89773","3,583.45776","0.02562","0.00796","94.92503"
"145.70000","4.90125","3,585.18433","0.02565","0.00797","94.97076"
"145.80000","4.90438","3,586.66431","0.02564","0.00804","95.00997"
"145.90000","4.90767","3,587.78564","0.02568","0.00805","95.03967"
"146.00000","4.91111","3,588.81348","0.02570","0.00818","95.06690"
"146.10000","4.91440","3,591.15112","0.02570","0.00831","95.12882"
"146.20000","4.91769","3,591.97070","0.02574","0.00835","95.15054"
"146.30000","4.92113","3,594.01855","0.02574","0.00855","95.20478"
"146.40000","4.92441","3,594.99268","0.02577","0.00849","95.23058"
"146.50000","4.92763","3,596.35278","0.02583","0.00854","95.26662"
"146.60000","4.93106","3,598.58643","0.02583","0.00847","95.32578"
"146.70000","4.93443","3,599.54688","0.02583","0.00862","95.35123"
"146.80000","4.93764","3,600.47827","0.02583","0.00870","95.37590"
"146.90000","4.94108","3,602.48804","0.02586","0.00864","95.42914"
"147.00000","4.94459","3,604.27026","0.02588","0.00868","95.47635"
"147.10000","4.94766","3,605.63965","0.02589","0.00860","95.51262"
"147.20000","4.95102","3,606.87964","0.02591","0.00849","95.54547"
"147.30000","4.95446","3,608.36792","0.02594","0.00833","95.58489"
"147.40000","4.95760","3,609.72363","0.02595","0.00839","95.62080"
"147.50000","4.96103","3,611.32397","0.02598","0.00836","95.66320"
"147.60000","4.96447","3,613.17432","0.02599","0.00837","95.71221"
"147.70000","4.96769","3,613.84521","0.02600","0.00833","95.72999"
"147.80000","4.97105","3,615.14575","0.02602","0.00836","95.76443"
"147.90000","4.97449","3,617.01538","0.02605","0.00817","95.81396"
"148.00000","4.97778","3,618.13867","0.02606","0.00832","95.84372"
"148.10000","4.98091","3,619.42651","0.02610","0.00837","95.87783"
"148.20000","4.98435","3,621.45874","0.02612","0.00832","95.93166"
"148.30000","4.98779","3,623.25952","0.02613","0.00836","95.97937"
"148.40000","4.99100","3,624.48096","0.02615","0.00795","96.01173"
"148.50000","4.99444","3,626.08130","0.02615","0.00806","96.05412"
"148.60000","4.99788","3,627.22681","0.02620","0.00821","96.08446"
"148.70000","5.00094","3,628.44019","0.02621","0.00810","96.11660"
"148.80000","5.00438","3,629.13159","0.02624","0.00812","96.13492"
"148.90000","5.00782","3,631.69043","0.02626","0.00806","96.20270"
"149.00000","5.01103","3,633.18506","0.02628","0.00827","96.24229"
"149.10000","5.01440","3,634.06396","0.02629","0.00837","96.26557"
"149.20000","5.01776","3,636.17505","0.02632","0.00858","96.32150"
"149.30000","5.02120","3,636.61304","0.02636","0.00855","96.33310"
"149.40000","5.02441","3,638.55884","0.02638","0.00873","96.38464"
"149.50000","5.02770","3,639.52881","0.02639","0.00880","96.41034"
"149.60000","5.03106","3,640.89209","0.02639","0.00875","96.44645"
"149.70000","5.03428","3,642.54785","0.02643","0.00895","96.49031"
"149.80000","5.03779","3,643.43848","0.02642","0.00888","96.51390"
"149.90000","5.04115","3,644.96558","0.02643","0.00897","96.55436"
"150.00000","5.04429","3,646.06689","0.02646","0.00893","96.58353"
"150.10000","5.04773","3,647.51880","0.02648","0.00869","96.62199"
"150.20000","5.05102","3,648.47583","0.02652","0.00873","96.64734"
"150.30000","5.05431","3,649.39380","0.02653","0.00859","96.67166"
"150.40000","5.05774","3,650.96655","0.02654","0.00856","96.71332"
"150.50000","5.06111","3,652.00684","0.02658","0.00869","96.74088"
"150.60000","5.06447","3,653.15527","0.02661","0.00867","96.77130"
"150.70000","5.06776","3,654.03418","0.02664","0.00866","96.79458"
"150.80000","5.07105","3,655.15698","0.02666","0.00864","96.82433"
"150.90000","5.07449","3,657.75342","0.02667","0.00872","96.89310"
"151.00000","5.07755","3,657.18042","0.02670","0.00865","96.87792"
"151.10000","5.08114","3,657.46655","0.02675","0.00860","96.88551"
"151.17200","5.08368","3,291.23291","0.02674","0.00864","87.18405"
"151.17600","5.08383","2,935.91235","0.02674","0.00864","77.77169"
"151.18000","5.08405","2,530.41528","0.02674","0.00864","67.03016"
"151.18400","5.08420","2,112.56665","0.02674","0.00864","55.96144"
