Modulus (Segment 0.001 mm/mm - 0.008 mm/mm) : Modulus (Segment 0.001 mm/mm - 0.008 mm/mm),"5,816.89111",MPa
Poisson's ratio (Least squares fit) : Poisson's ratio (Least squares fit),"0.24116"
Specimen properties : Gauge length,"15.06000",mm
Specimen properties : Gauge length transverse,"4.81500",mm
Specimen properties : Thickness,"2.74000",mm
Specimen properties : Width,"15.07000",mm

Time,Extension,Load,Video axial strain,Video transverse strain,Calculated Stress
(s),(mm),(N),(mm/mm),(mm/mm),(MPa)
"0.00000","-0.00007","74.84818","-0.00003","0.00001","1.81266"
"0.10000","0.00127","75.66085","0.00001","0.00002","1.83235"
"0.20000","0.00561","81.08259","-0.00002","-0.00012","1.96365"
"0.30000","0.00979","89.67516","0.00001","-0.00030","2.17174"
"0.40000","0.01323","95.04441","0.00005","-0.00029","2.30177"
"0.50000","0.01652","100.58056","0.00003","-0.00020","2.43585"
"0.60000","0.01995","106.12808","0.00004","-0.00020","2.57020"
"0.70000","0.02339","112.02549","0.00004","-0.00011","2.71302"
"0.80000","0.02661","116.82573","0.00003","-0.00006","2.82927"
"0.90000","0.03004","123.58443","0.00009","-0.00003","2.99295"
"1.00000","0.03348","129.14204","0.00011","-0.00001","3.12755"
"1.10000","0.03647","134.25291","0.00014","-0.00004","3.25132"
"1.20000","0.03998","139.44022","0.00014","0.00001","3.37695"
"1.30000","0.04342","146.14485","0.00015","0.00003","3.53932"
"1.40000","0.04656","150.65932","0.00017","0.00011","3.64865"
"1.50000","0.05007","157.04521","0.00018","0.00016","3.80330"
"1.60000","0.05336","162.69888","0.00020","0.00027","3.94022"
"1.70000","0.05665","167.65656","0.00022","0.00035","4.06029"
"1.80000","0.05994","172.79205","0.00019","0.00038","4.18466"
"1.90000","0.06330","178.36327","0.00026","0.00038","4.31958"
"2.00000","0.06667","184.71959","0.00024","0.00048","4.47352"
"2.10000","0.06988","189.63148","0.00023","0.00033","4.59247"
"2.20000","0.07332","195.18155","0.00030","0.00032","4.72688"
"2.30000","0.07675","201.32954","0.00033","0.00040","4.87578"
"2.40000","0.07989","206.19536","0.00036","0.00038","4.99362"
"2.50000","0.08333","211.67877","0.00038","0.00042","5.12641"
"2.60000","0.08677","217.83905","0.00040","0.00035","5.27560"
"2.70000","0.08983","223.08286","0.00040","0.00034","5.40259"
"2.80000","0.09342","228.30228","0.00042","0.00036","5.52900"
"2.90000","0.09671","233.92506","0.00041","0.00034","5.66517"
"3.00000","0.10000","238.95079","0.00045","0.00029","5.78688"
"3.10000","0.10336","244.32449","0.00043","0.00028","5.91702"
"3.20000","0.10665","250.03525","0.00043","0.00015","6.05532"
"3.30000","0.10994","255.60220","0.00050","0.00020","6.19014"
"3.40000","0.11315","260.49185","0.00049","0.00010","6.30856"
"3.50000","0.11666","265.81714","0.00047","-0.00003","6.43753"
"3.60000","0.12010","271.90439","0.00052","-0.00003","6.58495"
"3.70000","0.12324","276.84055","0.00052","-0.00006","6.70449"
"3.80000","0.12675","282.76144","0.00054","-0.00001","6.84788"
"3.90000","0.13004","287.85602","0.00055","0.00004","6.97126"
"4.00000","0.13318","292.50659","0.00057","0.00003","7.08389"
"4.10000","0.13669","298.25690","0.00059","0.00006","7.22315"
"4.20000","0.13998","303.27072","0.00059","0.00005","7.34457"
"4.30000","0.14327","308.64606","0.00061","0.00011","7.47475"
"4.40000","0.14671","314.38416","0.00061","0.00013","7.61372"
"4.50000","0.15007","319.53302","0.00064","0.00014","7.73841"
"4.60000","0.15329","325.61896","0.00065","0.00019","7.88580"
"4.70000","0.15657","329.68652","0.00071","0.00024","7.98431"
"4.80000","0.15994","335.13635","0.00071","0.00030","8.11629"
"4.90000","0.16330","341.41443","0.00073","0.00045","8.26833"
"5.00000","0.16651","346.00677","0.00074","0.00060","8.37955"
"5.10000","0.17003","351.16278","0.00075","0.00064","8.50442"
"5.20000","0.17346","356.62283","0.00074","0.00073","8.63665"
"5.30000","0.17660","362.25632","0.00078","0.00073","8.77308"
"5.40000","0.18004","366.94141","0.00078","0.00055","8.88654"
"5.50000","0.18333","372.24368","0.00078","0.00056","9.01495"
"5.60000","0.18654","377.43851","0.00079","0.00056","9.14076"
"5.70000","0.18998","382.40021","0.00082","0.00053","9.26092"
"5.80000","0.19334","387.77936","0.00085","0.00044","9.39120"
"5.90000","0.19663","393.10312","0.00085","0.00051","9.52013"
"6.00000","0.19992","396.97263","0.00086","0.00055","9.61384"
"6.10000","0.20336","403.14230","0.00087","0.00048","9.76325"
"6.20000","0.20665","408.75269","0.00088","0.00047","9.89913"
"6.30000","0.20986","413.78558","0.00088","0.00038","10.02101"
"6.40000","0.21337","418.70712","0.00092","0.00037","10.14020"
"6.50000","0.21681","423.99316","0.00094","0.00033","10.26822"
"6.60000","0.21995","428.98407","0.00095","0.00026","10.38909"
"6.70000","0.22339","433.95682","0.00097","0.00014","10.50952"
"6.80000","0.22675","438.90454","0.00098","0.00006","10.62934"
"6.90000","0.22989","443.78741","0.00103","0.00001","10.74759"
"7.00000","0.23325","447.86087","0.00103","0.00008","10.84624"
"7.10000","0.23669","453.38031","0.00108","0.00005","10.97991"
"7.20000","0.23998","458.93967","0.00108","0.00007","11.11455"
"7.30000","0.24327","462.80627","0.00111","0.00005","11.20819"
"7.40000","0.24671","468.49292","0.00108","0.00011","11.34591"
"7.50000","0.24999","473.84134","0.00114","0.00017","11.47543"
"7.60000","0.25321","478.03741","0.00115","0.00019","11.57705"
"7.70000","0.25665","482.53317","0.00116","0.00028","11.68593"
"7.80000","0.26001","487.99255","0.00119","0.00032","11.81815"
"7.90000","0.26322","492.36719","0.00122","0.00032","11.92409"
"8.00000","0.26674","497.21701","0.00125","0.00046","12.04154"
"8.10000","0.27017","503.19699","0.00123","0.00052","12.18637"
"8.20000","0.27331","507.07352","0.00125","0.00070","12.28025"
"8.30000","0.27660","511.70685","0.00128","0.00076","12.39246"
"8.40000","0.28004","516.40533","0.00133","0.00084","12.50624"
"8.50000","0.28325","521.70160","0.00131","0.00083","12.63451"
"8.60000","0.28662","526.10797","0.00132","0.00088","12.74122"
"8.70000","0.29013","531.61224","0.00131","0.00061","12.87452"
"8.80000","0.29334","535.43097","0.00131","0.00063","12.96700"
"8.90000","0.29663","541.10974","0.00136","0.00064","13.10453"
"9.00000","0.29999","545.62671","0.00143","0.00065","13.21392"
"9.10000","0.30336","550.76154","0.00138","0.00066","13.33828"
"9.20000","0.30657","554.99298","0.00138","0.00059","13.44075"
"9.30000","0.31001","559.41125","0.00138","0.00057","13.54776"
"9.40000","0.31345","564.79529","0.00138","0.00064","13.67815"
"9.50000","0.31666","569.17926","0.00147","0.00050","13.78432"
"9.60000","0.32002","573.75464","0.00146","0.00044","13.89512"
"9.70000","0.32339","577.94440","0.00148","0.00046","13.99659"
"9.80000","0.32653","583.67108","0.00150","0.00040","14.13528"
"9.90000","0.32996","586.90601","0.00154","0.00030","14.21362"
"10.00000","0.33340","592.62372","0.00157","0.00021","14.35209"
"10.10000","0.33669","596.84998","0.00160","0.00009","14.45444"
"10.20000","0.34005","600.70825","0.00160","0.00010","14.54788"
"10.30000","0.34342","605.85114","0.00168","0.00015","14.67243"
"10.40000","0.34663","610.77069","0.00163","0.00014","14.79157"
"10.50000","0.34992","615.32513","0.00165","0.00011","14.90187"
"10.60000","0.35328","619.14716","0.00166","0.00014","14.99443"
"10.70000","0.35672","624.93671","0.00171","0.00016","15.13464"
"10.80000","0.35993","628.74371","0.00180","0.00016","15.22684"
"10.90000","0.36337","632.51953","0.00174","0.00034","15.31828"
"11.00000","0.36681","637.96326","0.00180","0.00035","15.45012"
"11.10000","0.36987","642.04974","0.00179","0.00045","15.54909"
"11.20000","0.37331","647.00116","0.00185","0.00050","15.66900"
"11.30000","0.37667","651.03284","0.00185","0.00053","15.76664"
"11.40000","0.37989","655.61261","0.00190","0.00050","15.87755"
"11.50000","0.38340","658.85187","0.00182","0.00080","15.95600"
"11.60000","0.38676","664.81165","0.00183","0.00092","16.10033"
"11.70000","0.39005","668.03021","0.00184","0.00102","16.17828"
"11.80000","0.39327","672.68958","0.00194","0.00104","16.29112"
"11.90000","0.39655","676.69690","0.00192","0.00105","16.38817"
"12.00000","0.39999","681.20428","0.00192","0.00106","16.49733"
"12.10000","0.40313","684.75842","0.00186","0.00099","16.58340"
"12.20000","0.40664","689.84851","0.00195","0.00105","16.70667"
"12.30000","0.41016","693.91534","0.00197","0.00105","16.80516"
"12.40000","0.41322","698.26050","0.00197","0.00080","16.91039"
"12.50000","0.41673","702.38605","0.00198","0.00072","17.01030"
"12.60000","0.42010","706.49475","0.00195","0.00072","17.10981"
"12.70000","0.42324","710.77112","0.00205","0.00064","17.21337"
"12.80000","0.42667","714.81738","0.00206","0.00061","17.31136"
"12.90000","0.43004","718.82874","0.00208","0.00061","17.40851"
"13.00000","0.43340","723.47540","0.00211","0.00052","17.52104"
"13.10000","0.43676","727.18109","0.00217","0.00051","17.61079"
"13.20000","0.43998","731.25269","0.00208","0.00042","17.70939"
"13.30000","0.44334","735.89935","0.00211","0.00034","17.82192"
"13.40000","0.44655","740.04193","0.00219","0.00025","17.92225"
"13.50000","0.44999","744.69305","0.00220","0.00020","18.03489"
"13.60000","0.45343","748.86261","0.00224","0.00023","18.13587"
"13.70000","0.45657","752.66248","0.00221","0.00022","18.22789"
"13.80000","0.46008","757.18073","0.00233","0.00024","18.33731"
"13.90000","0.46344","761.67822","0.00232","0.00020","18.44623"
"14.00000","0.46651","765.45123","0.00234","0.00025","18.53761"
"14.10000","0.47002","769.18921","0.00237","0.00031","18.62813"
"14.20000","0.47323","773.41254","0.00241","0.00037","18.73042"
"14.30000","0.47660","778.53894","0.00232","0.00056","18.85456"
"14.40000","0.47996","782.64551","0.00236","0.00053","18.95402"
"14.50000","0.48340","786.89374","0.00240","0.00057","19.05690"
"14.60000","0.48676","790.98193","0.00243","0.00063","19.15591"
"14.70000","0.48990","794.61877","0.00243","0.00065","19.24398"
"14.80000","0.49334","798.50330","0.00241","0.00093","19.33806"
"14.90000","0.49670","803.44080","0.00242","0.00110","19.45764"
"15.00000","0.49984","807.08826","0.00242","0.00118","19.54597"
"15.10000","0.50343","811.15485","0.00245","0.00114","19.64445"
"15.20000","0.50679","815.56604","0.00247","0.00112","19.75128"
"15.30000","0.50993","819.16229","0.00244","0.00113","19.83838"
"15.40000","0.51337","823.23651","0.00247","0.00112","19.93705"
"15.50000","0.51666","827.61591","0.00250","0.00113","20.04311"
"15.60000","0.51994","830.95056","0.00250","0.00108","20.12386"
"15.70000","0.52331","834.94800","0.00249","0.00086","20.22067"
"15.80000","0.52667","839.38019","0.00258","0.00090","20.32801"
"15.90000","0.53003","843.75098","0.00257","0.00074","20.43386"
"16.00000","0.53325","847.63995","0.00255","0.00071","20.52805"
"16.10000","0.53669","850.99188","0.00263","0.00070","20.60922"
"16.20000","0.54005","855.69843","0.00263","0.00071","20.72321"
"16.30000","0.54319","859.13269","0.00265","0.00058","20.80638"
"16.40000","0.54670","863.37317","0.00267","0.00057","20.90907"
"16.50000","0.55006","867.65839","0.00271","0.00048","21.01285"
"16.60000","0.55328","870.59290","0.00276","0.00033","21.08392"
"16.70000","0.55672","875.72095","0.00281","0.00035","21.20811"
"16.80000","0.56008","879.20770","0.00285","0.00024","21.29255"
"16.90000","0.56329","882.93475","0.00281","0.00024","21.38281"
"17.00000","0.56658","887.01434","0.00284","0.00023","21.48161"
"17.10000","0.57002","890.54865","0.00284","0.00026","21.56720"
"17.20000","0.57331","895.51294","0.00288","0.00025","21.68743"
"17.30000","0.57660","898.55890","0.00291","0.00026","21.76119"
"17.40000","0.58011","903.01965","0.00293","0.00029","21.86922"
"17.50000","0.58340","906.47565","0.00295","0.00041","21.95292"
"17.60000","0.58654","909.98120","0.00293","0.00043","22.03782"
"17.70000","0.58997","914.44580","0.00297","0.00055","22.14594"
"17.80000","0.59334","918.05505","0.00298","0.00062","22.23335"
"17.90000","0.59662","921.79260","0.00303","0.00063","22.32387"
"18.00000","0.59999","925.02032","0.00301","0.00087","22.40203"
"18.10000","0.60343","929.77679","0.00300","0.00089","22.51723"
"18.20000","0.60664","933.36188","0.00297","0.00119","22.60405"
"18.30000","0.60993","937.65289","0.00307","0.00129","22.70797"
"18.40000","0.61337","940.69073","0.00301","0.00124","22.78154"
"18.50000","0.61658","944.90924","0.00299","0.00125","22.88370"
"18.60000","0.61994","948.26807","0.00304","0.00123","22.96505"
"18.70000","0.62346","952.77057","0.00305","0.00127","23.07409"
"18.80000","0.62667","956.85254","0.00309","0.00114","23.17294"
"18.90000","0.62996","959.45691","0.00308","0.00099","23.23602"
"19.00000","0.63340","964.24670","0.00310","0.00093","23.35201"
"19.10000","0.63668","967.84082","0.00314","0.00088","23.43906"
"19.20000","0.63990","971.94958","0.00315","0.00085","23.53856"
"19.30000","0.64334","975.58221","0.00316","0.00081","23.62654"
"19.40000","0.64677","979.18640","0.00317","0.00078","23.71382"
"19.50000","0.64991","982.89038","0.00323","0.00076","23.80352"
"19.60000","0.65335","986.71692","0.00326","0.00067","23.89619"
"19.70000","0.65679","991.68103","0.00326","0.00062","24.01642"
"19.80000","0.65985","994.47260","0.00325","0.00067","24.08402"
"19.90000","0.66329","996.79230","0.00330","0.00051","24.14020"
"20.00000","0.66673","1,001.72992","0.00332","0.00044","24.25978"
"20.10000","0.66994","1,005.37592","0.00340","0.00031","24.34808"
"20.20000","0.67330","1,009.18610","0.00337","0.00031","24.44035"
"20.30000","0.67674","1,012.84918","0.00335","0.00027","24.52906"
"20.40000","0.68003","1,017.24939","0.00339","0.00035","24.63563"
"20.50000","0.68324","1,020.50464","0.00345","0.00039","24.71446"
"20.60000","0.68661","1,023.29736","0.00348","0.00039","24.78210"
"20.70000","0.69005","1,027.66235","0.00345","0.00044","24.88781"
"20.80000","0.69318","1,031.80981","0.00345","0.00048","24.98825"
"20.90000","0.69670","1,035.37329","0.00346","0.00061","25.07455"
"21.00000","0.70014","1,039.93945","0.00349","0.00069","25.18513"
"21.10000","0.70320","1,042.53284","0.00349","0.00078","25.24794"
"21.20000","0.70664","1,046.15991","0.00348","0.00079","25.33578"
"21.30000","0.71000","1,050.10193","0.00346","0.00098","25.43125"
"21.40000","0.71321","1,053.19409","0.00345","0.00109","25.50613"
"21.50000","0.71673","1,057.24463","0.00352","0.00125","25.60423"
"21.60000","0.72002","1,061.22974","0.00353","0.00128","25.70074"
"21.70000","0.72338","1,064.44897","0.00352","0.00134","25.77870"
"21.80000","0.72667","1,068.06519","0.00354","0.00129","25.86628"
"21.90000","0.72996","1,071.70959","0.00356","0.00124","25.95454"
"22.00000","0.73339","1,075.57031","0.00363","0.00107","26.04804"
"22.10000","0.73653","1,079.02405","0.00360","0.00104","26.13168"
"22.20000","0.73997","1,082.50757","0.00360","0.00103","26.21604"
"22.30000","0.74348","1,086.65942","0.00363","0.00103","26.31659"
"22.40000","0.74662","1,090.30298","0.00362","0.00093","26.40483"
"22.50000","0.75006","1,093.55237","0.00365","0.00090","26.48352"
"22.60000","0.75335","1,097.89502","0.00365","0.00089","26.58869"
"22.70000","0.75656","1,100.82739","0.00371","0.00083","26.65971"
"22.80000","0.76000","1,104.69385","0.00368","0.00080","26.75335"
"22.90000","0.76329","1,108.12988","0.00372","0.00078","26.83656"
"23.00000","0.76665","1,111.82617","0.00373","0.00075","26.92608"
"23.10000","0.76994","1,114.92639","0.00374","0.00068","27.00116"
"23.20000","0.77330","1,119.71973","0.00379","0.00055","27.11724"
"23.30000","0.77674","1,122.35999","0.00379","0.00045","27.18118"
"23.40000","0.77988","1,125.17615","0.00380","0.00034","27.24938"
"23.50000","0.78332","1,129.25781","0.00380","0.00041","27.34823"
"23.60000","0.78676","1,133.46460","0.00384","0.00038","27.45011"
"23.70000","0.78989","1,136.25256","0.00381","0.00046","27.51763"
"23.80000","0.79341","1,139.10242","0.00384","0.00044","27.58665"
"23.90000","0.79677","1,143.34131","0.00389","0.00053","27.68931"
"24.00000","0.79991","1,146.73059","0.00381","0.00051","27.77139"
"24.10000","0.80335","1,150.77136","0.00386","0.00056","27.86925"
"24.20000","0.80664","1,153.80603","0.00387","0.00073","27.94274"
"24.30000","0.81000","1,157.29224","0.00389","0.00080","28.02717"
"24.40000","0.81329","1,161.52173","0.00393","0.00087","28.12960"
"24.50000","0.81665","1,165.34070","0.00392","0.00092","28.22209"
"24.60000","0.82009","1,168.89551","0.00394","0.00098","28.30818"
"24.70000","0.82323","1,172.30945","0.00394","0.00134","28.39085"
"24.80000","0.82659","1,176.19006","0.00397","0.00134","28.48483"
"24.90000","0.83003","1,178.55811","0.00400","0.00133","28.54218"
"25.00000","0.83309","1,182.76941","0.00398","0.00137","28.64417"
"25.10000","0.83675","1,185.91235","0.00396","0.00124","28.72029"
"25.20000","0.84012","1,189.73083","0.00397","0.00123","28.81276"
"25.30000","0.84326","1,192.71448","0.00403","0.00118","28.88502"
"25.40000","0.84669","1,197.37195","0.00406","0.00118","28.99781"
"25.50000","0.84998","1,200.28064","0.00405","0.00108","29.06826"
"25.60000","0.85320","1,203.49023","0.00408","0.00109","29.14599"
"25.70000","0.85656","1,206.22070","0.00412","0.00106","29.21211"
"25.80000","0.86000","1,210.41028","0.00415","0.00099","29.31358"
"25.90000","0.86344","1,213.98584","0.00416","0.00096","29.40017"
"26.00000","0.86665","1,217.85303","0.00415","0.00093","29.49382"
"26.10000","0.87009","1,220.37366","0.00407","0.00093","29.55487"
"26.20000","0.87338","1,224.71802","0.00409","0.00087","29.66008"
"26.30000","0.87644","1,227.91943","0.00415","0.00084","29.73761"
"26.40000","0.88003","1,231.19153","0.00414","0.00079","29.81685"
"26.50000","0.88339","1,235.67212","0.00410","0.00065","29.92536"
"26.60000","0.88660","1,237.97278","0.00414","0.00051","29.98108"
"26.70000","0.89004","1,241.97229","0.00417","0.00052","30.07794"
"26.80000","0.89348","1,246.03003","0.00420","0.00049","30.17621"
"26.90000","0.89662","1,248.31409","0.00420","0.00055","30.23153"
"27.00000","0.89991","1,251.51941","0.00422","0.00058","30.30915"
"27.10000","0.90334","1,254.92578","0.00420","0.00055","30.39165"
"27.20000","0.90663","1,259.22729","0.00425","0.00056","30.49582"
"27.30000","0.90992","1,261.93042","0.00426","0.00065","30.56128"
"27.40000","0.91343","1,265.25684","0.00428","0.00073","30.64184"
"27.50000","0.91672","1,269.28870","0.00426","0.00074","30.73948"
"27.60000","0.91986","1,271.74902","0.00427","0.00089","30.79907"
"27.70000","0.92337","1,275.10266","0.00426","0.00092","30.88029"
"27.80000","0.92666","1,279.15283","0.00429","0.00104","30.97837"
"27.90000","0.92988","1,281.44446","0.00438","0.00112","31.03387"
"28.00000","0.93339","1,285.01648","0.00436","0.00129","31.12038"
"28.10000","0.93683","1,288.41003","0.00438","0.00152","31.20256"
"28.20000","0.93997","1,291.78088","0.00440","0.00131","31.28420"
"28.30000","0.94333","1,294.39185","0.00445","0.00130","31.34743"
"28.40000","0.94669","1,297.95850","0.00447","0.00131","31.43381"
"28.50000","0.94991","1,301.66528","0.00450","0.00127","31.52358"
"28.60000","0.95327","1,304.31738","0.00449","0.00125","31.58781"
"28.70000","0.95678","1,308.43494","0.00459","0.00120","31.68752"
"28.80000","0.96000","1,311.87256","0.00456","0.00118","31.77078"
"28.90000","0.96328","1,314.65820","0.00457","0.00112","31.83824"
"29.00000","0.96672","1,317.79248","0.00459","0.00109","31.91414"
"29.10000","0.97001","1,321.54102","0.00449","0.00108","32.00492"
"29.20000","0.97322","1,324.22180","0.00455","0.00099","32.06985"
"29.30000","0.97666","1,327.84277","0.00453","0.00099","32.15754"
"29.40000","0.98010","1,330.44641","0.00452","0.00102","32.22060"
"29.50000","0.98331","1,334.26233","0.00458","0.00087","32.31301"
"29.60000","0.98668","1,337.10657","0.00457","0.00087","32.38189"
"29.70000","0.99011","1,340.73816","0.00451","0.00073","32.46984"
"29.80000","0.99318","1,343.68506","0.00450","0.00065","32.54121"
"29.90000","0.99662","1,346.77625","0.00455","0.00065","32.61607"
"30.00000","0.99998","1,350.16907","0.00463","0.00057","32.69824"
"30.10000","1.00327","1,352.99646","0.00461","0.00060","32.76671"
"30.20000","1.00663","1,356.59534","0.00457","0.00070","32.85387"
"30.30000","1.01007","1,360.15979","0.00459","0.00076","32.94019"
"30.40000","1.01343","1,363.47949","0.00463","0.00071","33.02059"
"30.50000","1.01657","1,365.64099","0.00464","0.00077","33.07293"
"30.60000","1.01993","1,369.40417","0.00465","0.00093","33.16407"
"30.70000","1.02337","1,372.07056","0.00470","0.00092","33.22865"
"30.80000","1.02651","1,374.76843","0.00474","0.00099","33.29398"
"30.90000","1.03010","1,378.58264","0.00474","0.00103","33.38635"
"31.00000","1.03346","1,381.83643","0.00472","0.00117","33.46515"
"31.10000","1.03660","1,385.12537","0.00474","0.00127","33.54480"
"31.20000","1.03996","1,387.08301","0.00482","0.00140","33.59222"
"31.30000","1.04333","1,390.85498","0.00485","0.00139","33.68356"
"31.40000","1.04654","1,394.19714","0.00486","0.00145","33.76450"
"31.50000","1.04998","1,397.72974","0.00487","0.00140","33.85006"
"31.60000","1.05334","1,400.68750","0.00489","0.00144","33.92169"
"31.70000","1.05670","1,404.31152","0.00492","0.00140","34.00945"
"31.80000","1.05999","1,407.20081","0.00493","0.00137","34.07943"
"31.90000","1.06328","1,409.73926","0.00497","0.00136","34.14090"
"32.00000","1.06672","1,413.74316","0.00495","0.00137","34.23787"
"32.10000","1.06986","1,416.52856","0.00495","0.00132","34.30532"
"32.20000","1.07330","1,420.41248","0.00499","0.00127","34.39938"
"32.30000","1.07681","1,423.26526","0.00494","0.00125","34.46847"
"32.40000","1.07987","1,424.97058","0.00501","0.00118","34.50977"
"32.50000","1.08346","1,429.26904","0.00503","0.00112","34.61387"
"32.60000","1.08675","1,432.46887","0.00505","0.00112","34.69136"
"32.70000","1.08996","1,435.82239","0.00506","0.00106","34.77258"
"32.80000","1.09333","1,438.25098","0.00504","0.00097","34.83139"
"32.90000","1.09661","1,441.83557","0.00504","0.00084","34.91821"
"33.00000","1.09998","1,445.21692","0.00504","0.00074","35.00010"
"33.10000","1.10334","1,448.07312","0.00504","0.00071","35.06927"
"33.20000","1.10670","1,451.65710","0.00505","0.00071","35.15606"
"33.30000","1.11014","1,455.39746","0.00506","0.00074","35.24665"
"33.40000","1.11313","1,457.95227","0.00505","0.00082","35.30852"
"33.50000","1.11664","1,461.44006","0.00509","0.00079","35.39299"
"33.60000","1.12008","1,463.82959","0.00511","0.00093","35.45086"
"33.70000","1.12315","1,466.71704","0.00511","0.00100","35.52078"
"33.80000","1.12673","1,469.39246","0.00511","0.00101","35.58558"
"33.90000","1.13010","1,474.12219","0.00516","0.00110","35.70012"
"34.00000","1.13331","1,476.00989","0.00519","0.00114","35.74583"
"34.10000","1.13667","1,479.38367","0.00522","0.00124","35.82754"
"34.20000","1.13996","1,482.75989","0.00522","0.00133","35.90931"
"34.30000","1.14325","1,484.88794","0.00526","0.00152","35.96084"
"34.40000","1.14661","1,488.06726","0.00526","0.00166","36.03784"
"34.50000","1.15005","1,490.81702","0.00530","0.00152","36.10443"
"34.60000","1.15349","1,494.87000","0.00534","0.00153","36.20259"
"34.70000","1.15663","1,497.72461","0.00534","0.00154","36.27172"
"34.80000","1.15999","1,499.79932","0.00539","0.00149","36.32196"
"34.90000","1.16343","1,503.68713","0.00539","0.00156","36.41612"
"35.00000","1.16649","1,505.67053","0.00541","0.00149","36.46415"
"35.10000","1.17008","1,509.66028","0.00541","0.00145","36.56078"
"35.20000","1.17344","1,513.06384","0.00543","0.00143","36.64320"
"35.30000","1.17666","1,515.46362","0.00545","0.00138","36.70132"
"35.40000","1.18002","1,518.03015","0.00547","0.00136","36.76348"
"35.50000","1.18338","1,521.45312","0.00549","0.00132","36.84637"
"35.60000","1.18660","1,524.09863","0.00550","0.00128","36.91044"
"35.70000","1.18989","1,526.34351","0.00552","0.00126","36.96481"
"35.80000","1.19332","1,530.20300","0.00549","0.00125","37.05828"
"35.90000","1.19669","1,533.49475","0.00549","0.00119","37.13800"
"36.00000","1.19990","1,536.28357","0.00553","0.00109","37.20554"
"36.10000","1.20341","1,539.32996","0.00555","0.00097","37.27931"
"36.20000","1.20670","1,542.60010","0.00554","0.00085","37.35851"
"36.30000","1.20984","1,544.36450","0.00558","0.00083","37.40124"
"36.40000","1.21335","1,547.61682","0.00554","0.00081","37.48000"
"36.50000","1.21672","1,549.62964","0.00558","0.00093","37.52875"
"36.60000","1.21993","1,552.79932","0.00558","0.00085","37.60551"
"36.70000","1.22337","1,556.16174","0.00563","0.00096","37.68694"
"36.80000","1.22681","1,559.27271","0.00564","0.00098","37.76228"
"36.90000","1.22994","1,562.18054","0.00564","0.00109","37.83271"
"37.00000","1.23323","1,564.65894","0.00563","0.00116","37.89273"
"37.10000","1.23667","1,568.54126","0.00563","0.00114","37.98675"
"37.20000","1.23996","1,570.52820","0.00567","0.00120","38.03487"
"37.30000","1.24325","1,573.83569","0.00572","0.00136","38.11497"
"37.40000","1.24676","1,576.83606","0.00576","0.00144","38.18763"
"37.50000","1.25005","1,579.88513","0.00579","0.00160","38.26147"
"37.60000","1.25326","1,581.73853","0.00584","0.00169","38.30636"
"37.70000","1.25670","1,585.33813","0.00587","0.00169","38.39354"
"37.80000","1.25999","1,588.99500","0.00586","0.00171","38.48209"
"37.90000","1.26313","1,590.90454","0.00587","0.00162","38.52834"
"38.00000","1.26664","1,593.77380","0.00592","0.00167","38.59783"
"38.10000","1.27008","1,597.56946","0.00593","0.00168","38.68975"
"38.20000","1.27329","1,599.71216","0.00594","0.00165","38.74164"
"38.30000","1.27666","1,602.53271","0.00594","0.00158","38.80995"
"38.40000","1.28002","1,605.69006","0.00597","0.00158","38.88641"
"38.50000","1.28323","1,608.25659","0.00594","0.00151","38.94857"
"38.60000","1.28652","1,611.23816","0.00601","0.00147","39.02078"
"38.70000","1.29003","1,614.45007","0.00601","0.00141","39.09856"
"38.80000","1.29332","1,617.50989","0.00604","0.00141","39.17266"
"38.90000","1.29669","1,620.10522","0.00603","0.00143","39.23552"
"39.00000","1.30005","1,623.56702","0.00607","0.00135","39.31936"
"39.10000","1.30341","1,625.21399","0.00605","0.00127","39.35924"
"39.20000","1.30655","1,628.47266","0.00606","0.00119","39.43816"
"39.30000","1.30999","1,631.91614","0.00607","0.00115","39.52155"
"39.40000","1.31343","1,634.56580","0.00607","0.00101","39.58572"
"39.50000","1.31664","1,636.76855","0.00608","0.00097","39.63907"
"39.60000","1.32000","1,639.78418","0.00612","0.00096","39.71210"
"39.70000","1.32344","1,642.43079","0.00615","0.00097","39.77620"
"39.80000","1.32658","1,645.32544","0.00614","0.00101","39.84630"
"39.90000","1.32994","1,647.79297","0.00619","0.00103","39.90606"
"40.00000","1.33331","1,651.03821","0.00618","0.00113","39.98465"
"40.10000","1.33667","1,653.79163","0.00620","0.00121","40.05133"
"40.20000","1.33996","1,656.39612","0.00626","0.00134","40.11441"
"40.30000","1.34340","1,660.01990","0.00624","0.00135","40.20217"
"40.40000","1.34676","1,662.32739","0.00627","0.00138","40.25805"
"40.50000","1.34997","1,665.02478","0.00630","0.00145","40.32338"
"40.60000","1.35326","1,667.92102","0.00628","0.00156","40.39352"
"40.70000","1.35670","1,671.15698","0.00633","0.00172","40.47189"
"40.80000","1.35984","1,673.64587","0.00638","0.00181","40.53216"
"40.90000","1.36335","1,676.34204","0.00640","0.00198","40.59746"
"41.00000","1.36686","1,679.33350","0.00639","0.00197","40.66990"
"41.10000","1.36993","1,682.16284","0.00645","0.00199","40.73842"
"41.20000","1.37337","1,683.61316","0.00642","0.00187","40.77355"
"41.30000","1.37665","1,687.05493","0.00650","0.00176","40.85690"
"41.40000","1.37994","1,689.14331","0.00650","0.00173","40.90747"
"41.50000","1.38331","1,692.39954","0.00650","0.00172","40.98634"
"41.60000","1.38667","1,696.10217","0.00648","0.00168","41.07600"
"41.70000","1.39003","1,698.78979","0.00655","0.00161","41.14109"
"41.80000","1.39332","1,701.03296","0.00653","0.00157","41.19542"
"41.90000","1.39668","1,703.69836","0.00653","0.00156","41.25997"
"42.00000","1.40005","1,706.14514","0.00658","0.00152","41.31923"
"42.10000","1.40319","1,708.81006","0.00655","0.00150","41.38376"
"42.20000","1.40662","1,711.94006","0.00659","0.00147","41.45956"
"42.30000","1.41014","1,714.88281","0.00657","0.00141","41.53083"
"42.40000","1.41320","1,716.60779","0.00661","0.00136","41.57261"
"42.50000","1.41671","1,719.65564","0.00660","0.00130","41.64642"
"42.60000","1.42008","1,722.32092","0.00661","0.00120","41.71097"
"42.70000","1.42321","1,725.59619","0.00661","0.00116","41.79029"
"42.80000","1.42665","1,727.83936","0.00665","0.00111","41.84461"
"42.90000","1.42994","1,729.71582","0.00671","0.00102","41.89006"
"43.00000","1.43338","1,733.46509","0.00671","0.00110","41.98085"
"43.10000","1.43659","1,736.19812","0.00670","0.00111","42.04704"
"43.20000","1.44003","1,738.62610","0.00672","0.00122","42.10584"
"43.30000","1.44347","1,741.49109","0.00673","0.00135","42.17523"
"43.40000","1.44653","1,743.49756","0.00680","0.00132","42.22382"
"43.50000","1.44997","1,747.25879","0.00680","0.00143","42.31491"
"43.60000","1.45341","1,749.42932","0.00682","0.00152","42.36747"
"43.70000","1.45655","1,751.33167","0.00681","0.00156","42.41355"
"43.80000","1.46013","1,754.32581","0.00684","0.00169","42.48606"
"43.90000","1.46342","1,757.25439","0.00687","0.00180","42.55698"
"44.00000","1.46664","1,759.53455","0.00692","0.00191","42.61220"
"44.10000","1.47000","1,762.66821","0.00691","0.00216","42.68810"
"44.20000","1.47329","1,764.58765","0.00696","0.00215","42.73458"
"44.30000","1.47658","1,767.53088","0.00694","0.00222","42.80586"
"44.40000","1.47987","1,770.08508","0.00697","0.00203","42.86771"
"44.50000","1.48338","1,774.13025","0.00701","0.00210","42.96568"
"44.60000","1.48674","1,776.01685","0.00703","0.00181","43.01137"
"44.70000","1.48988","1,778.30640","0.00701","0.00188","43.06682"
"44.80000","1.49339","1,781.70984","0.00704","0.00182","43.14924"
"44.90000","1.49668","1,784.03577","0.00706","0.00175","43.20557"
"45.00000","1.49982","1,785.55896","0.00707","0.00171","43.24246"
"45.10000","1.50333","1,788.77344","0.00707","0.00168","43.32030"
"45.20000","1.50677","1,792.09265","0.00708","0.00160","43.40069"
"45.30000","1.51006","1,794.77087","0.00708","0.00169","43.46555"
"45.40000","1.51342","1,797.29346","0.00708","0.00162","43.52664"
"45.50000","1.51671","1,799.59399","0.00712","0.00150","43.58236"
"45.60000","1.51992","1,802.16638","0.00720","0.00145","43.64466"
"45.70000","1.52329","1,804.59436","0.00726","0.00139","43.70346"
"45.80000","1.52665","1,807.25769","0.00725","0.00139","43.76796"
"45.90000","1.53001","1,810.13123","0.00717","0.00131","43.83755"
"46.00000","1.53323","1,812.51562","0.00722","0.00126","43.89529"
"46.10000","1.53674","1,815.57727","0.00723","0.00128","43.96944"
"46.20000","1.54003","1,818.26086","0.00725","0.00126","44.03443"
"46.30000","1.54317","1,820.24768","0.00727","0.00131","44.08255"
"46.40000","1.54668","1,822.63696","0.00734","0.00134","44.14041"
"46.50000","1.54997","1,825.18640","0.00737","0.00128","44.20215"
"46.60000","1.55318","1,827.71326","0.00743","0.00133","44.26335"
"46.70000","1.55669","1,830.49512","0.00743","0.00149","44.33072"
"46.80000","1.56013","1,832.53601","0.00736","0.00154","44.38014"
"46.90000","1.56327","1,835.83496","0.00738","0.00173","44.46004"
"47.00000","1.56656","1,837.70117","0.00740","0.00170","44.50523"
"47.10000","1.57000","1,839.93335","0.00740","0.00187","44.55929"
"47.20000","1.57329","1,843.28198","0.00748","0.00208","44.64039"
"47.30000","1.57657","1,844.72876","0.00759","0.00212","44.67543"
"47.40000","1.58009","1,848.05249","0.00756","0.00223","44.75592"
"47.50000","1.58338","1,851.09412","0.00766","0.00227","44.82958"
"47.60000","1.58666","1,852.79248","0.00759","0.00215","44.87071"
"47.70000","1.59003","1,855.74182","0.00756","0.00224","44.94214"
"47.80000","1.59332","1,857.94556","0.00753","0.00208","44.99551"
"47.90000","1.59653","1,859.90125","0.00754","0.00198","45.04287"
"48.00000","1.59997","1,862.31384","0.00755","0.00192","45.10130"
"48.10000","1.60341","1,865.44263","0.00758","0.00191","45.17707"
"48.20000","1.60662","1,867.95349","0.00764","0.00186","45.23788"
"48.30000","1.61006","1,870.72339","0.00769","0.00183","45.30496"
"48.40000","1.61335","1,873.20300","0.00771","0.00178","45.36501"
"48.50000","1.61663","1,875.46387","0.00776","0.00173","45.41977"
"48.60000","1.61992","1,877.24182","0.00767","0.00170","45.46282"
"48.70000","1.62329","1,879.56165","0.00769","0.00160","45.51900"
"48.80000","1.62665","1,882.14575","0.00768","0.00157","45.58158"
"48.90000","1.63001","1,884.08679","0.00771","0.00159","45.62859"
"49.00000","1.63337","1,887.31482","0.00778","0.00151","45.70677"
"49.10000","1.63674","1,889.12207","0.00781","0.00151","45.75054"
"49.20000","1.63988","1,891.84961","0.00783","0.00154","45.81659"
"49.30000","1.64324","1,894.15405","0.00789","0.00136","45.87240"
"49.40000","1.64675","1,897.06799","0.00788","0.00132","45.94297"
"49.50000","1.64989","1,899.23572","0.00787","0.00141","45.99547"
"49.60000","1.65333","1,900.59436","0.00794","0.00144","46.02837"
"49.70000","1.65684","1,904.46375","0.00789","0.00142","46.12208"
"49.80000","1.65991","1,906.15637","0.00797","0.00150","46.16307"
"49.90000","1.66327","1,908.47388","0.00796","0.00156","46.21920"
"50.00000","1.66671","1,910.79895","0.00801","0.00156","46.27551"
"50.10000","1.67000","1,912.85083","0.00800","0.00172","46.32520"
"50.20000","1.67328","1,915.22961","0.00799","0.00191","46.38281"
"50.30000","1.67672","1,918.57629","0.00807","0.00185","46.46386"
"50.40000","1.68016","1,920.65149","0.00804","0.00201","46.51411"
"50.50000","1.68330","1,922.93835","0.00806","0.00225","46.56950"
"50.60000","1.68659","1,925.59961","0.00806","0.00245","46.63395"
"50.70000","1.69003","1,927.40857","0.00807","0.00241","46.67776"
"50.80000","1.69316","1,929.34961","0.00804","0.00247","46.72477"
"50.90000","1.69660","1,931.92200","0.00812","0.00239","46.78706"
"51.00000","1.70011","1,934.53333","0.00812","0.00241","46.85030"
"51.10000","1.70333","1,937.22656","0.00809","0.00232","46.91553"
"51.20000","1.70669","1,939.79944","0.00818","0.00205","46.97784"
"51.30000","1.71005","1,941.13464","0.00815","0.00210","47.01017"
"51.40000","1.71327","1,943.64978","0.00813","0.00209","47.07108"
"51.50000","1.71663","1,946.44336","0.00817","0.00196","47.13874"
"51.60000","1.71992","1,948.39929","0.00817","0.00194","47.18611"
"51.70000","1.72336","1,951.17029","0.00822","0.00197","47.25322"
"51.80000","1.72665","1,952.84155","0.00829","0.00187","47.29369"
"51.90000","1.73001","1,955.46033","0.00831","0.00180","47.35711"
"52.00000","1.73345","1,958.45813","0.00829","0.00171","47.42971"
"52.10000","1.73651","1,960.11902","0.00835","0.00169","47.46993"
"52.20000","1.73995","1,963.11157","0.00831","0.00168","47.54241"
"52.30000","1.74339","1,965.44739","0.00835","0.00169","47.59898"
"52.40000","1.74653","1,967.72168","0.00836","0.00167","47.65405"
"52.50000","1.75011","1,969.73901","0.00838","0.00162","47.70291"
"52.60000","1.75348","1,972.60193","0.00839","0.00156","47.77224"
"52.70000","1.75662","1,975.18054","0.00840","0.00155","47.83469"
"52.80000","1.75998","1,976.59363","0.00839","0.00153","47.86892"
"52.90000","1.76327","1,979.31006","0.00847","0.00149","47.93470"
"53.00000","1.76663","1,981.86658","0.00850","0.00157","47.99661"
"53.10000","1.76984","1,983.31702","0.00852","0.00161","48.03174"
"53.20000","1.77336","1,986.50708","0.00852","0.00170","48.10900"
"53.30000","1.77679","1,988.69202","0.00854","0.00183","48.16191"
"53.40000","1.77986","1,990.79626","0.00851","0.00203","48.21287"
"53.50000","1.78330","1,993.88623","0.00853","0.00210","48.28770"
"53.60000","1.78673","1,995.82617","0.00854","0.00225","48.33469"
"53.70000","1.78987","1,998.19800","0.00859","0.00248","48.39213"
"53.80000","1.79346","2,000.32947","0.00859","0.00254","48.44374"
"53.90000","1.79675","2,003.61755","0.00855","0.00255","48.52338"
"54.00000","1.79996","2,005.78296","0.00858","0.00255","48.57582"
"54.10000","1.80333","2,007.20947","0.00854","0.00258","48.61037"
"54.20000","1.80669","2,009.97400","0.00859","0.00248","48.67731"
"54.30000","1.80998","2,012.69031","0.00859","0.00232","48.74310"
"54.40000","1.81327","2,014.18640","0.00857","0.00220","48.77933"
"54.50000","1.81663","2,017.04651","0.00863","0.00217","48.84860"
"54.60000","1.82007","2,019.50171","0.00863","0.00209","48.90806"
"54.70000","1.82328","2,021.51855","0.00869","0.00211","48.95690"
"54.80000","1.82672","2,023.64990","0.00872","0.00206","49.00852"
"54.90000","1.83008","2,025.90784","0.00868","0.00204","49.06320"
"55.00000","1.83315","2,027.63733","0.00869","0.00194","49.10508"
"55.10000","1.83666","2,030.32812","0.00871","0.00193","49.17025"
"55.20000","1.84002","2,033.06262","0.00879","0.00184","49.23647"
"55.30000","1.84331","2,034.61499","0.00875","0.00186","49.27407"
"55.40000","1.84667","2,036.86902","0.00879","0.00185","49.32866"
"55.50000","1.85011","2,039.75061","0.00885","0.00184","49.39844"
"55.60000","1.85333","2,041.39014","0.00876","0.00179","49.43815"
"55.70000","1.85661","2,043.57202","0.00887","0.00172","49.49099"
"55.80000","1.85998","2,045.97559","0.00894","0.00168","49.54920"
"55.90000","1.86334","2,047.70105","0.00894","0.00165","49.59098"
"56.00000","1.86655","2,050.86426","0.00892","0.00160","49.66759"
"56.10000","1.87007","2,053.19678","0.00898","0.00167","49.72408"
"56.20000","1.87343","2,055.71753","0.00903","0.00173","49.78513"
"56.30000","1.87657","2,057.66235","0.00903","0.00177","49.83223"
"56.40000","1.88001","2,059.76636","0.00900","0.00187","49.88318"
"56.50000","1.88337","2,061.81836","0.00903","0.00193","49.93288"
"56.60000","1.88658","2,064.67505","0.00907","0.00203","50.00206"
"56.70000","1.89002","2,066.64014","0.00905","0.00218","50.04965"
"56.80000","1.89338","2,069.04272","0.00905","0.00245","50.10783"
"56.90000","1.89667","2,071.58765","0.00907","0.00239","50.16947"
"57.00000","1.89996","2,073.05151","0.00906","0.00268","50.20492"
"57.10000","1.90332","2,075.80518","0.00907","0.00268","50.27161"
"57.20000","1.90661","2,077.49072","0.00906","0.00263","50.31243"
"57.30000","1.90990","2,079.65601","0.00907","0.00250","50.36487"
"57.40000","1.91334","2,082.61694","0.00902","0.00246","50.43657"
"57.50000","1.91670","2,084.94287","0.00910","0.00235","50.49290"
"57.60000","1.91992","2,086.45435","0.00907","0.00240","50.52951"
"57.70000","1.92335","2,088.75977","0.00906","0.00235","50.58534"
"57.80000","1.92664","2,090.78149","0.00913","0.00228","50.63430"
"57.90000","1.92986","2,093.78027","0.00909","0.00229","50.70693"
"58.00000","1.93329","2,095.80688","0.00915","0.00228","50.75601"
"58.10000","1.93673","2,097.22949","0.00912","0.00215","50.79046"
"58.20000","1.93995","2,100.37842","0.00922","0.00205","50.86672"
"58.30000","1.94338","2,101.75806","0.00919","0.00209","50.90013"
"58.40000","1.94682","2,104.26050","0.00931","0.00204","50.96074"
"58.50000","1.94996","2,106.09204","0.00927","0.00201","51.00509"
"58.60000","1.95325","2,107.96289","0.00931","0.00198","51.05040"
"58.70000","1.95669","2,110.56104","0.00935","0.00192","51.11332"
"58.80000","1.95997","2,112.43042","0.00939","0.00192","51.15859"
"58.90000","1.96334","2,114.70215","0.00937","0.00182","51.21361"
"59.00000","1.96670","2,117.29614","0.00941","0.00185","51.27643"
"59.10000","1.97014","2,119.37231","0.00940","0.00187","51.32671"
"59.20000","1.97328","2,120.97681","0.00943","0.00178","51.36557"
"59.30000","1.97657","2,123.21924","0.00944","0.00185","51.41988"
"59.40000","1.98000","2,125.07837","0.00938","0.00190","51.46490"
"59.50000","1.98322","2,127.37793","0.00939","0.00190","51.52059"
"59.60000","1.98666","2,129.63452","0.00940","0.00201","51.57524"
"59.70000","1.99017","2,131.82007","0.00945","0.00204","51.62817"
"59.80000","1.99331","2,133.48730","0.00940","0.00222","51.66855"
"59.90000","1.99660","2,135.40039","0.00947","0.00231","51.71488"
"60.00000","1.99996","2,137.67773","0.00948","0.00248","51.77003"
"60.10000","2.00325","2,140.37793","0.00951","0.00265","51.83542"
"60.20000","2.00661","2,141.65039","0.00951","0.00288","51.86624"
"60.30000","2.00997","2,144.17603","0.00946","0.00276","51.92741"
"60.40000","2.01341","2,145.95508","0.00953","0.00278","51.97049"
"60.50000","2.01663","2,148.00879","0.00939","0.00256","52.02023"
"60.60000","2.01999","2,150.11182","0.00947","0.00252","52.07116"
"60.70000","2.02343","2,152.23291","0.00946","0.00251","52.12252"
"60.80000","2.02649","2,153.93628","0.00952","0.00248","52.16378"
"60.90000","2.03000","2,156.25000","0.00945","0.00249","52.21981"
"61.00000","2.03352","2,158.23193","0.00944","0.00242","52.26781"
"61.10000","2.03658","2,160.71338","0.00949","0.00238","52.32790"
"61.20000","2.04002","2,162.38208","0.00954","0.00237","52.36832"
"61.30000","2.04338","2,164.72046","0.00958","0.00227","52.42495"
"61.40000","2.04667","2,167.03198","0.00949","0.00218","52.48093"
"61.50000","2.04996","2,168.37427","0.00958","0.00228","52.51344"
"61.60000","2.05325","2,170.41699","0.00960","0.00217","52.56290"
"61.70000","2.05668","2,172.82275","0.00965","0.00215","52.62117"
"61.80000","2.05997","2,174.88135","0.00969","0.00220","52.67102"
"61.90000","2.06334","2,177.30859","0.00973","0.00207","52.72980"
"62.00000","2.06677","2,179.59399","0.00973","0.00214","52.78515"
"62.10000","2.06976","2,181.22534","0.00968","0.00209","52.82466"
"62.20000","2.07328","2,183.07568","0.00973","0.00203","52.86947"
"62.30000","2.07671","2,186.15576","0.00970","0.00196","52.94407"
"62.40000","2.07993","2,187.57837","0.00970","0.00200","52.97852"
"62.50000","2.08344","2,189.33740","0.00977","0.00195","53.02112"
"62.60000","2.08673","2,191.76904","0.00975","0.00206","53.08001"
"62.70000","2.08994","2,193.99512","0.00983","0.00208","53.13392"
"62.80000","2.09331","2,196.22046","0.00986","0.00212","53.18781"
"62.90000","2.09659","2,197.68945","0.00987","0.00218","53.22339"
"63.00000","2.09996","2,199.90552","0.00992","0.00234","53.27705"
"63.10000","2.10325","2,202.44458","0.00989","0.00241","53.33855"
"63.20000","2.10676","2,204.82910","0.00995","0.00264","53.39629"
"63.30000","2.11012","2,206.94922","0.00989","0.00269","53.44764"
"63.40000","2.11326","2,208.76440","0.00982","0.00275","53.49160"
"63.50000","2.11670","2,210.27466","0.00983","0.00289","53.52818"
"63.60000","2.12006","2,212.97314","0.00990","0.00281","53.59352"
"63.70000","2.12320","2,213.93799","0.00987","0.00270","53.61689"
"63.80000","2.12671","2,216.18408","0.00989","0.00269","53.67129"
"63.90000","2.13008","2,218.25073","0.00992","0.00266","53.72134"
"64.00000","2.13329","2,220.36548","0.00992","0.00268","53.77255"
"64.10000","2.13673","2,222.30762","0.00994","0.00261","53.81959"
"64.20000","2.14002","2,224.61938","0.00996","0.00261","53.87557"
"64.30000","2.14330","2,226.71924","0.00998","0.00254","53.92643"
"64.40000","2.14652","2,228.53491","0.00996","0.00250","53.97040"
"64.50000","2.15003","2,230.11890","0.01000","0.00235","54.00876"
"64.60000","2.15339","2,234.22900","0.01000","0.00241","54.10830"
"64.70000","2.15653","2,235.22583","0.01005","0.00238","54.13244"
"64.80000","2.16005","2,237.36401","0.01008","0.00231","54.18422"
"64.90000","2.16341","2,239.09912","0.00998","0.00228","54.22624"
"65.00000","2.16655","2,240.31055","0.01004","0.00227","54.25558"
"65.10000","2.17006","2,243.19238","0.01005","0.00226","54.32537"
"65.20000","2.17335","2,245.29102","0.01011","0.00220","54.37620"
"65.30000","2.17664","2,247.02612","0.01003","0.00220","54.41822"
"65.40000","2.18007","2,248.79614","0.01010","0.00215","54.46108"
"65.50000","2.18344","2,251.68774","0.01012","0.00215","54.53111"
"65.60000","2.18665","2,253.66089","0.01013","0.00218","54.57890"
"65.70000","2.18987","2,254.94458","0.01021","0.00215","54.60999"
"65.80000","2.19330","2,256.98340","0.01015","0.00219","54.65936"
"65.90000","2.19667","2,259.30225","0.01020","0.00229","54.71552"
"66.00000","2.19988","2,261.25659","0.01024","0.00231","54.76285"
"66.10000","2.20339","2,263.13428","0.01022","0.00244","54.80832"
"66.20000","2.20676","2,265.53687","0.01022","0.00251","54.86651"
"66.30000","2.20990","2,267.34009","0.01022","0.00262","54.91018"
"66.40000","2.21326","2,269.80273","0.01021","0.00285","54.96982"
"66.50000","2.21662","2,271.68457","0.01029","0.00281","55.01539"
"66.60000","2.21991","2,273.28076","0.01028","0.00292","55.05405"
"66.70000","2.22335","2,275.32397","0.01039","0.00285","55.10353"
"66.80000","2.22679","2,277.77319","0.01036","0.00286","55.16285"
"66.90000","2.23007","2,280.18994","0.01033","0.00288","55.22137"
"67.00000","2.23329","2,281.73560","0.01037","0.00287","55.25881"
"67.10000","2.23665","2,283.89087","0.01041","0.00280","55.31100"
"67.20000","2.23994","2,285.93115","0.01041","0.00277","55.36041"
"67.30000","2.24323","2,288.29224","0.01041","0.00273","55.41759"
"67.40000","2.24667","2,289.78027","0.01046","0.00273","55.45363"
"67.50000","2.25003","2,291.84546","0.01044","0.00266","55.50365"
"67.60000","2.25332","2,293.74194","0.01043","0.00261","55.54958"
"67.70000","2.25676","2,296.42749","0.01037","0.00256","55.61461"
"67.80000","2.26004","2,297.86279","0.01039","0.00256","55.64937"
"67.90000","2.26326","2,299.28320","0.01048","0.00248","55.68377"
"68.00000","2.26662","2,301.56079","0.01048","0.00247","55.73893"
"68.10000","2.26998","2,303.62183","0.01050","0.00242","55.78885"
"68.20000","2.27327","2,306.12793","0.01049","0.00243","55.84954"
"68.30000","2.27664","2,307.20581","0.01047","0.00236","55.87564"
"68.40000","2.28007","2,310.07495","0.01053","0.00241","55.94513"
"68.50000","2.28329","2,311.44434","0.01054","0.00239","55.97829"
"68.60000","2.28658","2,313.28857","0.01053","0.00238","56.02295"
"68.70000","2.29001","2,315.06348","0.01056","0.00230","56.06594"
"68.80000","2.29330","2,317.70630","0.01058","0.00226","56.12994"
"68.90000","2.29659","2,319.18555","0.01063","0.00238","56.16576"
"69.00000","2.30003","2,321.05811","0.01061","0.00243","56.21111"
"69.10000","2.30347","2,323.82324","0.01066","0.00233","56.27808"
"69.20000","2.30660","2,324.82373","0.01068","0.00253","56.30231"
"69.30000","2.30989","2,326.95557","0.01070","0.00262","56.35394"
"69.40000","2.31341","2,329.36621","0.01070","0.00264","56.41232"
"69.50000","2.31654","2,330.63110","0.01070","0.00277","56.44295"
"69.60000","2.32006","2,333.66187","0.01074","0.00289","56.51635"
"69.70000","2.32350","2,336.06470","0.01077","0.00298","56.57454"
"69.80000","2.32663","2,337.38843","0.01079","0.00314","56.60660"
"69.90000","2.33000","2,339.23633","0.01081","0.00309","56.65135"
"70.00000","2.33336","2,341.00220","0.01082","0.00308","56.69412"
"70.10000","2.33665","2,342.99194","0.01084","0.00305","56.74231"
"70.20000","2.33994","2,344.32593","0.01083","0.00304","56.77461"
"70.30000","2.34338","2,346.31641","0.01091","0.00292","56.82282"
"70.40000","2.34689","2,349.55054","0.01090","0.00298","56.90114"
"70.50000","2.34995","2,350.29321","0.01091","0.00292","56.91913"
"70.60000","2.35332","2,352.02539","0.01092","0.00284","56.96108"
"70.70000","2.35668","2,354.40186","0.01093","0.00276","57.01863"
"70.80000","2.35982","2,356.50244","0.01095","0.00273","57.06950"
"70.90000","2.36333","2,357.99121","0.01097","0.00270","57.10556"
"71.00000","2.36677","2,360.70483","0.01098","0.00264","57.17128"
"71.10000","2.36991","2,362.36182","0.01097","0.00265","57.21140"
"71.20000","2.37334","2,363.80664","0.01097","0.00262","57.24640"
"71.30000","2.37671","2,366.23608","0.01098","0.00264","57.30523"
"71.40000","2.38000","2,368.37500","0.01103","0.00259","57.35703"
"71.50000","2.38328","2,369.23389","0.01100","0.00254","57.37783"
"71.60000","2.38665","2,371.41699","0.01100","0.00254","57.43070"
"71.70000","2.39009","2,373.52563","0.01104","0.00245","57.48177"
"71.80000","2.39322","2,375.18921","0.01105","0.00241","57.52206"
"71.90000","2.39674","2,377.01538","0.01108","0.00241","57.56628"
"72.00000","2.40018","2,378.68530","0.01104","0.00247","57.60672"
"72.10000","2.40316","2,380.58276","0.01112","0.00252","57.65268"
"72.20000","2.40668","2,382.55786","0.01112","0.00256","57.70051"
"72.30000","2.41004","2,384.91089","0.01113","0.00269","57.75749"
"72.40000","2.41318","2,386.98828","0.01117","0.00272","57.80780"
"72.50000","2.41677","2,388.64917","0.01118","0.00278","57.84803"
"72.60000","2.42006","2,390.79785","0.01117","0.00300","57.90006"
"72.70000","2.42334","2,392.86255","0.01122","0.00305","57.95007"
"72.80000","2.42663","2,394.84253","0.01125","0.00304","57.99802"
"72.90000","2.42992","2,396.25464","0.01127","0.00304","58.03222"
"73.00000","2.43328","2,397.39697","0.01128","0.00311","58.05988"
"73.10000","2.43650","2,400.59595","0.01130","0.00331","58.13735"
"73.20000","2.44001","2,402.61499","0.01131","0.00323","58.18625"
"73.30000","2.44345","2,404.59131","0.01135","0.00312","58.23411"
"73.40000","2.44659","2,406.67676","0.01135","0.00317","58.28462"
"73.50000","2.45002","2,408.27588","0.01133","0.00316","58.32335"
"73.60000","2.45339","2,410.59912","0.01135","0.00315","58.37961"
"73.70000","2.45653","2,412.21655","0.01134","0.00305","58.41878"
"73.80000","2.46004","2,414.14941","0.01141","0.00301","58.46559"
"73.90000","2.46340","2,416.04980","0.01140","0.00291","58.51161"
"74.00000","2.46669","2,418.10474","0.01143","0.00288","58.56138"
"74.10000","2.47005","2,419.55811","0.01142","0.00287","58.59658"
"74.20000","2.47334","2,421.46851","0.01143","0.00286","58.64284"
"74.30000","2.47671","2,423.33887","0.01141","0.00284","58.68814"
"74.40000","2.47984","2,425.06274","0.01145","0.00278","58.72989"
"74.50000","2.48328","2,426.97681","0.01148","0.00280","58.77624"
"74.60000","2.48672","2,428.57495","0.01146","0.00271","58.81495"
"74.70000","2.48986","2,430.90674","0.01146","0.00266","58.87141"
"74.80000","2.49337","2,433.17261","0.01152","0.00267","58.92629"
"74.90000","2.49674","2,434.53491","0.01150","0.00260","58.95928"
"75.00000","2.49987","2,436.11475","0.01154","0.00255","58.99754"
"75.10000","2.50331","2,438.23364","0.01153","0.00264","59.04886"
"75.20000","2.50660","2,439.59741","0.01154","0.00270","59.08189"
"75.30000","2.50989","2,441.68213","0.01157","0.00281","59.13237"
"75.40000","2.51333","2,444.12915","0.01160","0.00284","59.19164"
"75.50000","2.51669","2,445.85645","0.01164","0.00290","59.23347"
"75.60000","2.52005","2,447.78247","0.01167","0.00295","59.28011"
"75.70000","2.52319","2,449.03394","0.01164","0.00302","59.31042"
"75.80000","2.52663","2,451.45239","0.01168","0.00316","59.36899"
"75.90000","2.53007","2,453.95142","0.01171","0.00326","59.42951"
"76.00000","2.53321","2,454.38989","0.01172","0.00339","59.44013"
"76.10000","2.53679","2,457.61353","0.01178","0.00342","59.51820"
"76.20000","2.54008","2,459.56519","0.01177","0.00341","59.56546"
"76.30000","2.54330","2,460.82495","0.01179","0.00342","59.59597"
"76.40000","2.54666","2,463.37549","0.01182","0.00343","59.65774"
"76.50000","2.55002","2,464.47046","0.01184","0.00339","59.68426"
"76.60000","2.55324","2,466.49023","0.01184","0.00338","59.73317"
"76.70000","2.55667","2,468.73364","0.01184","0.00339","59.78750"
"76.80000","2.56004","2,470.12891","0.01185","0.00321","59.82129"
"76.90000","2.56333","2,472.67407","0.01187","0.00319","59.88293"
"77.00000","2.56661","2,473.50879","0.01190","0.00320","59.90315"
"77.10000","2.57005","2,476.50586","0.01190","0.00311","59.97573"
"77.20000","2.57334","2,478.29932","0.01192","0.00305","60.01917"
"77.30000","2.57655","2,479.63843","0.01190","0.00307","60.05159"
"77.40000","2.57999","2,480.91357","0.01194","0.00297","60.08248"
"77.50000","2.58343","2,483.25366","0.01195","0.00289","60.13915"
"77.60000","2.58664","2,485.61938","0.01195","0.00294","60.19644"
"77.70000","2.59001","2,488.03320","0.01198","0.00297","60.25490"
"77.80000","2.59344","2,488.89331","0.01195","0.00288","60.27573"
"77.90000","2.59658","2,491.30762","0.01195","0.00275","60.33420"
"78.00000","2.59995","2,492.86987","0.01200","0.00276","60.37203"
"78.10000","2.60338","2,494.27881","0.01199","0.00266","60.40615"
"78.20000","2.60660","2,496.64355","0.01203","0.00275","60.46342"
"78.30000","2.60996","2,497.91260","0.01204","0.00283","60.49416"
"78.40000","2.61347","2,500.69922","0.01206","0.00299","60.56164"
"78.50000","2.61661","2,502.50464","0.01207","0.00298","60.60537"
"78.60000","2.61990","2,503.43384","0.01208","0.00307","60.62787"
"78.70000","2.62326","2,505.01733","0.01211","0.00324","60.66622"
"78.80000","2.62663","2,507.14844","0.01214","0.00318","60.71783"
"78.90000","2.62992","2,509.51611","0.01219","0.00322","60.77517"
"79.00000","2.63335","2,511.03809","0.01220","0.00333","60.81203"
"79.10000","2.63679","2,513.05688","0.01223","0.00349","60.86092"
"79.20000","2.63993","2,514.52148","0.01224","0.00359","60.89639"
"79.30000","2.64329","2,515.99951","0.01228","0.00376","60.93218"
"79.40000","2.64673","2,518.41333","0.01231","0.00361","60.99064"
"79.50000","2.64987","2,519.54028","0.01232","0.00354","61.01793"
"79.60000","2.65331","2,521.28394","0.01232","0.00349","61.06016"
"79.70000","2.65675","2,524.02856","0.01234","0.00348","61.12663"
"79.80000","2.65996","2,525.57178","0.01237","0.00353","61.16400"
"79.90000","2.66332","2,527.37744","0.01234","0.00349","61.20773"
"80.00000","2.66669","2,529.21948","0.01235","0.00339","61.25234"
"80.10000","2.66998","2,530.92676","0.01239","0.00335","61.29369"
"80.20000","2.67326","2,532.35400","0.01240","0.00332","61.32825"
"80.30000","2.67670","2,534.97241","0.01244","0.00324","61.39167"
"80.40000","2.68014","2,536.52661","0.01246","0.00318","61.42931"
"80.50000","2.68328","2,537.81763","0.01246","0.00311","61.46057"
"80.60000","2.68664","2,540.42407","0.01249","0.00314","61.52369"
"80.70000","2.69008","2,541.77612","0.01249","0.00307","61.55644"
"80.80000","2.69322","2,543.16724","0.01247","0.00307","61.59013"
"80.90000","2.69666","2,545.15063","0.01248","0.00307","61.63816"
"81.00000","2.70009","2,547.12622","0.01251","0.00300","61.68600"
"81.10000","2.70323","2,549.08252","0.01252","0.00301","61.73338"
"81.20000","2.70667","2,551.18823","0.01254","0.00284","61.78438"
"81.30000","2.71003","2,553.01807","0.01258","0.00294","61.82869"
"81.40000","2.71332","2,554.81445","0.01255","0.00295","61.87220"
"81.50000","2.71654","2,556.82837","0.01262","0.00305","61.92097"
"81.60000","2.71990","2,557.99609","0.01262","0.00312","61.94925"
"81.70000","2.72334","2,559.52246","0.01264","0.00323","61.98622"
"81.80000","2.72655","2,561.52344","0.01270","0.00321","62.03468"
"81.90000","2.73006","2,563.29517","0.01269","0.00332","62.07758"
"82.00000","2.73350","2,565.30054","0.01267","0.00339","62.12615"
"82.10000","2.73649","2,567.45068","0.01270","0.00346","62.17822"
"82.20000","2.74000","2,568.90039","0.01274","0.00358","62.21333"
"82.30000","2.74337","2,569.82495","0.01280","0.00362","62.23572"
"82.40000","2.74651","2,572.50757","0.01282","0.00373","62.30069"
"82.50000","2.75002","2,574.63892","0.01281","0.00391","62.35231"
"82.60000","2.75338","2,576.68677","0.01281","0.00382","62.40190"
"82.70000","2.75667","2,577.37720","0.01281","0.00381","62.41862"
"82.80000","2.75996","2,580.03613","0.01285","0.00368","62.48301"
"82.90000","2.76332","2,581.80981","0.01285","0.00370","62.52597"
"83.00000","2.76668","2,583.32056","0.01287","0.00366","62.56256"
"83.10000","2.76982","2,585.61816","0.01285","0.00357","62.61820"
"83.20000","2.77334","2,586.56641","0.01290","0.00353","62.64116"
"83.30000","2.77677","2,589.38159","0.01302","0.00348","62.70934"
"83.40000","2.77991","2,590.31250","0.01304","0.00343","62.73189"
"83.50000","2.78335","2,592.48438","0.01294","0.00342","62.78448"
"83.60000","2.78671","2,594.28076","0.01294","0.00334","62.82799"
"83.70000","2.78985","2,596.15381","0.01296","0.00329","62.87335"
"83.80000","2.79337","2,598.50293","0.01297","0.00324","62.93024"
"83.90000","2.79665","2,600.04541","0.01300","0.00322","62.96760"
"84.00000","2.80002","2,602.18018","0.01298","0.00323","63.01929"
"84.10000","2.80331","2,603.93286","0.01304","0.00316","63.06174"
"84.20000","2.80667","2,605.70776","0.01300","0.00321","63.10473"
"84.30000","2.81003","2,608.51440","0.01304","0.00311","63.17270"
"84.40000","2.81317","2,608.87695","0.01307","0.00317","63.18148"
"84.50000","2.81668","2,611.34277","0.01308","0.00313","63.24120"
"84.60000","2.82012","2,613.73975","0.01309","0.00309","63.29924"
"84.70000","2.82326","2,614.84229","0.01313","0.00311","63.32595"
"84.80000","2.82677","2,616.92236","0.01312","0.00329","63.37632"
"84.90000","2.83014","2,618.86060","0.01314","0.00330","63.42326"
"85.00000","2.83320","2,620.07593","0.01317","0.00334","63.45269"
"85.10000","2.83664","2,622.20093","0.01320","0.00343","63.50416"
"85.20000","2.83993","2,624.28516","0.01321","0.00356","63.55463"
"85.30000","2.84329","2,625.77197","0.01325","0.00359","63.59064"
"85.40000","2.84665","2,627.35449","0.01322","0.00374","63.62896"
"85.50000","2.85002","2,628.66260","0.01327","0.00381","63.66064"
"85.60000","2.85338","2,631.69995","0.01333","0.00399","63.73420"
"85.70000","2.85659","2,632.74756","0.01332","0.00402","63.75957"
"85.80000","2.85996","2,635.03247","0.01333","0.00397","63.81491"
"85.90000","2.86332","2,635.90161","0.01338","0.00400","63.83596"
"86.00000","2.86653","2,637.66846","0.01335","0.00387","63.87875"
"86.10000","2.87005","2,639.87231","0.01336","0.00386","63.93212"
"86.20000","2.87341","2,641.98389","0.01341","0.00377","63.98326"
"86.30000","2.87662","2,643.86108","0.01337","0.00365","64.02872"
"86.40000","2.88006","2,645.57080","0.01338","0.00361","64.07012"
"86.50000","2.88335","2,646.99902","0.01343","0.00355","64.10471"
"86.60000","2.88656","2,649.55200","0.01342","0.00352","64.16654"
"86.70000","2.89000","2,650.03711","0.01351","0.00343","64.17829"
"86.80000","2.89336","2,652.53394","0.01357","0.00345","64.23875"
"86.90000","2.89665","2,654.42773","0.01357","0.00340","64.28462"
"87.00000","2.89994","2,656.06787","0.01361","0.00334","64.32434"
"87.10000","2.90345","2,657.24268","0.01362","0.00338","64.35279"
"87.20000","2.90667","2,659.20923","0.01361","0.00334","64.40042"
"87.30000","2.90988","2,661.11987","0.01358","0.00336","64.44669"
"87.40000","2.91339","2,663.73267","0.01365","0.00337","64.50996"
"87.50000","2.91676","2,665.71729","0.01357","0.00335","64.55803"
"87.60000","2.91997","2,666.41333","0.01357","0.00332","64.57489"
"87.70000","2.92333","2,668.93921","0.01357","0.00321","64.63605"
"87.80000","2.92677","2,670.47534","0.01360","0.00326","64.67326"
"87.90000","2.92991","2,672.08447","0.01364","0.00327","64.71223"
"88.00000","2.93327","2,673.38257","0.01372","0.00329","64.74367"
"88.10000","2.93671","2,676.31030","0.01373","0.00350","64.81457"
"88.20000","2.93992","2,677.65308","0.01373","0.00338","64.84709"
"88.30000","2.94336","2,679.38965","0.01377","0.00356","64.88914"
"88.40000","2.94680","2,681.94702","0.01380","0.00373","64.95108"
"88.50000","2.95001","2,683.19116","0.01379","0.00380","64.98121"
"88.60000","2.95323","2,684.85962","0.01377","0.00396","65.02161"
"88.70000","2.95667","2,686.62671","0.01374","0.00395","65.06441"
"88.80000","2.96003","2,688.42529","0.01378","0.00416","65.10797"
"88.90000","2.96324","2,690.19019","0.01379","0.00404","65.15071"
"89.00000","2.96668","2,691.91211","0.01389","0.00417","65.19241"
"89.10000","2.97019","2,694.21143","0.01395","0.00421","65.24810"
"89.20000","2.97333","2,696.34619","0.01395","0.00420","65.29980"
"89.30000","2.97670","2,697.06372","0.01395","0.00396","65.31718"
"89.40000","2.98006","2,698.92236","0.01397","0.00389","65.36219"
"89.50000","2.98320","2,700.45557","0.01398","0.00386","65.39931"
"89.60000","2.98664","2,702.69019","0.01399","0.00376","65.45344"
"89.70000","2.99015","2,704.69312","0.01401","0.00365","65.50195"
"89.80000","2.99329","2,706.74121","0.01403","0.00358","65.55154"
"89.90000","2.99673","2,707.87476","0.01393","0.00363","65.57899"
"90.00000","3.00001","2,709.59546","0.01403","0.00359","65.62067"
"90.10000","3.00330","2,711.84521","0.01402","0.00351","65.67515"
"90.20000","3.00659","2,713.09790","0.01408","0.00352","65.70549"
"90.30000","3.00995","2,715.52954","0.01408","0.00343","65.76438"
"90.40000","3.01339","2,716.94946","0.01412","0.00352","65.79877"
"90.50000","3.01661","2,718.17700","0.01411","0.00350","65.82849"
"90.60000","3.02004","2,720.51587","0.01418","0.00349","65.88514"
"90.70000","3.02348","2,721.78174","0.01418","0.00350","65.91579"
"90.80000","3.02647","2,723.37280","0.01413","0.00345","65.95432"
"90.90000","3.02998","2,725.74976","0.01421","0.00329","66.01189"
"91.00000","3.03342","2,727.21973","0.01424","0.00336","66.04749"
"91.10000","3.03663","2,729.96362","0.01425","0.00333","66.11394"
"91.20000","3.04007","2,730.56226","0.01427","0.00344","66.12844"
"91.30000","3.04336","2,732.93677","0.01423","0.00359","66.18594"
"91.40000","3.04665","2,734.21484","0.01419","0.00367","66.21690"
"91.50000","3.04994","2,735.75269","0.01431","0.00374","66.25414"
"91.60000","3.05323","2,737.69507","0.01431","0.00379","66.30118"
"91.70000","3.05666","2,740.15747","0.01430","0.00401","66.36082"
"91.80000","3.05988","2,741.89478","0.01436","0.00404","66.40289"
"91.90000","3.06339","2,743.94873","0.01433","0.00418","66.45263"
"92.00000","3.06683","2,745.15063","0.01437","0.00429","66.48174"
"92.10000","3.06997","2,745.92749","0.01438","0.00445","66.50055"
"92.20000","3.07333","2,748.44849","0.01441","0.00420","66.56161"
"92.30000","3.07669","2,750.47583","0.01444","0.00420","66.61070"
"92.40000","3.07983","2,751.98438","0.01441","0.00420","66.64724"
"92.50000","3.08334","2,754.48853","0.01446","0.00405","66.70789"
"92.60000","3.08663","2,754.90332","0.01447","0.00405","66.71793"
"92.70000","3.09000","2,757.05005","0.01448","0.00394","66.76992"
"92.80000","3.09336","2,758.97632","0.01449","0.00391","66.81657"
"92.90000","3.09665","2,761.04150","0.01451","0.00378","66.86658"
"93.00000","3.10001","2,762.33374","0.01451","0.00374","66.89787"
"93.10000","3.10315","2,763.04224","0.01451","0.00374","66.91503"
"93.20000","3.10674","2,766.22949","0.01455","0.00373","66.99223"
"93.30000","3.11010","2,768.27075","0.01458","0.00365","67.04166"
"93.40000","3.11324","2,769.45386","0.01458","0.00364","67.07031"
"93.50000","3.11675","2,770.96753","0.01461","0.00359","67.10697"
"93.60000","3.12012","2,773.48560","0.01463","0.00367","67.16795"
"93.70000","3.12325","2,774.71924","0.01465","0.00369","67.19783"
"93.80000","3.12669","2,775.80664","0.01466","0.00362","67.22416"
"93.90000","3.12998","2,777.33887","0.01468","0.00360","67.26127"
"94.00000","3.13334","2,779.35596","0.01469","0.00353","67.31012"
"94.10000","3.13663","2,781.02393","0.01472","0.00342","67.35051"
"94.20000","3.14000","2,782.87744","0.01473","0.00348","67.39540"
"94.30000","3.14336","2,784.87866","0.01474","0.00352","67.44387"
"94.40000","3.14650","2,786.17529","0.01475","0.00355","67.47527"
"94.50000","3.14994","2,787.74902","0.01476","0.00379","67.51338"
"94.60000","3.15337","2,789.90601","0.01478","0.00373","67.56562"
"94.70000","3.15659","2,791.48584","0.01480","0.00396","67.60388"
"94.80000","3.16003","2,792.93848","0.01480","0.00410","67.63906"
"94.90000","3.16346","2,795.07349","0.01481","0.00412","67.69077"
"95.00000","3.16660","2,796.68164","0.01479","0.00429","67.72971"
"95.10000","3.16997","2,798.08813","0.01482","0.00421","67.76377"
"95.20000","3.17325","2,800.45410","0.01484","0.00444","67.82107"
"95.30000","3.17654","2,801.87988","0.01486","0.00456","67.85560"
"95.40000","3.17998","2,804.16431","0.01487","0.00450","67.91093"
"95.50000","3.18342","2,805.19263","0.01490","0.00449","67.93583"
"95.60000","3.18678","2,807.80688","0.01490","0.00428","67.99914"
"95.70000","3.18992","2,809.09814","0.01493","0.00413","68.03041"
"95.80000","3.19336","2,810.84985","0.01493","0.00412","68.07284"
"95.90000","3.19672","2,812.47046","0.01495","0.00398","68.11208"
"96.00000","3.19986","2,814.16943","0.01496","0.00393","68.15323"
"96.10000","3.20345","2,815.96680","0.01499","0.00392","68.19675"
"96.20000","3.20674","2,817.87378","0.01499","0.00391","68.24294"
"96.30000","3.20995","2,818.96924","0.01502","0.00383","68.26947"
"96.40000","3.21339","2,821.09912","0.01502","0.00381","68.32105"
"96.50000","3.21675","2,822.69873","0.01507","0.00380","68.35979"
"96.60000","3.21989","2,824.45728","0.01507","0.00375","68.40237"
"96.70000","3.22325","2,825.54639","0.01509","0.00377","68.42876"
"96.80000","3.22669","2,828.63892","0.01512","0.00379","68.50365"
"96.90000","3.22998","2,830.01782","0.01514","0.00383","68.53704"
"97.00000","3.23327","2,831.29224","0.01516","0.00375","68.56790"
"97.10000","3.23678","2,833.13623","0.01518","0.00369","68.61256"
"97.20000","3.23999","2,835.26953","0.01521","0.00369","68.66423"
"97.30000","3.24321","2,836.92432","0.01521","0.00356","68.70430"
"97.40000","3.24665","2,837.98340","0.01521","0.00359","68.72995"
"97.50000","3.25008","2,839.78687","0.01523","0.00367","68.77363"
"97.60000","3.25330","2,841.32056","0.01526","0.00364","68.81077"
"97.70000","3.25673","2,843.18335","0.01528","0.00372","68.85588"
"97.80000","3.26010","2,845.18677","0.01528","0.00400","68.90440"
"97.90000","3.26324","2,846.97217","0.01527","0.00409","68.94764"
"98.00000","3.26660","2,848.38599","0.01529","0.00416","68.98188"
"98.10000","3.27004","2,850.39673","0.01531","0.00422","69.03058"
"98.20000","3.27325","2,852.46436","0.01532","0.00438","69.08065"
"98.30000","3.27669","2,854.28198","0.01532","0.00437","69.12467"
"98.40000","3.28013","2,855.88623","0.01535","0.00452","69.16352"
"98.50000","3.28327","2,857.46216","0.01535","0.00461","69.20168"
"98.60000","3.28663","2,858.78613","0.01538","0.00459","69.23375"
"98.70000","3.28999","2,860.98242","0.01538","0.00460","69.28694"
"98.80000","3.29328","2,863.09326","0.01539","0.00441","69.33806"
"98.90000","3.29657","2,864.24829","0.01541","0.00432","69.36603"
"99.00000","3.30001","2,865.45850","0.01543","0.00418","69.39534"
"99.10000","3.30345","2,868.17603","0.01546","0.00413","69.46115"
"99.20000","3.30658","2,869.48071","0.01546","0.00409","69.49275"
"99.30000","3.31002","2,871.36108","0.01547","0.00402","69.53828"
"99.40000","3.31339","2,873.47559","0.01549","0.00401","69.58950"
"99.50000","3.31652","2,873.89648","0.01551","0.00395","69.59969"
"99.60000","3.31996","2,875.62769","0.01553","0.00397","69.64162"
"99.70000","3.32340","2,878.17017","0.01556","0.00394","69.70319"
"99.80000","3.32661","2,879.46753","0.01555","0.00389","69.73461"
"99.90000","3.33005","2,882.49023","0.01559","0.00391","69.80782"
"100.00000","3.33334","2,883.56592","0.01565","0.00400","69.83386"
"100.10000","3.33663","2,886.27417","0.01563","0.00394","69.89945"
"100.20000","3.33992","2,886.86084","0.01565","0.00387","69.91366"
"100.30000","3.34328","2,889.32861","0.01569","0.00383","69.97343"
"100.40000","3.34672","2,890.97974","0.01567","0.00378","70.01341"
"100.50000","3.34993","2,892.19678","0.01570","0.00372","70.04288"
"100.60000","3.35337","2,894.20605","0.01574","0.00367","70.09155"
"100.70000","3.35673","2,895.35498","0.01573","0.00373","70.11937"
"100.80000","3.35987","2,896.97876","0.01575","0.00381","70.15869"
"100.90000","3.36331","2,899.19312","0.01575","0.00382","70.21232"
"101.00000","3.36667","2,900.26489","0.01577","0.00396","70.23827"
"101.10000","3.36996","2,902.29443","0.01577","0.00417","70.28743"
"101.20000","3.37340","2,904.10229","0.01581","0.00431","70.33121"
"101.30000","3.37669","2,906.35254","0.01579","0.00436","70.38570"
"101.40000","3.38005","2,908.61548","0.01579","0.00446","70.44051"
"101.50000","3.38326","2,909.40601","0.01582","0.00445","70.45966"
"101.60000","3.38655","2,910.68018","0.01583","0.00445","70.49052"
"101.70000","3.38999","2,912.96533","0.01585","0.00465","70.54585"
"101.80000","3.39320","2,914.38306","0.01587","0.00469","70.58019"
"101.90000","3.39672","2,917.38159","0.01585","0.00458","70.65281"
"102.00000","3.40016","2,917.94531","0.01586","0.00455","70.66646"
"102.10000","3.40329","2,919.43652","0.01589","0.00435","70.70258"
"102.20000","3.40666","2,921.35132","0.01591","0.00431","70.74895"
"102.30000","3.41002","2,922.88525","0.01594","0.00424","70.78609"
"102.40000","3.41323","2,924.24243","0.01594","0.00421","70.81896"
"102.50000","3.41667","2,925.74463","0.01595","0.00417","70.85534"
"102.60000","3.42004","2,927.66699","0.01598","0.00414","70.90190"
"102.70000","3.42340","2,929.62769","0.01598","0.00413","70.94938"
"102.80000","3.42669","2,931.30029","0.01604","0.00411","70.98989"
"102.90000","3.42997","2,932.93799","0.01604","0.00404","71.02955"
"103.00000","3.43334","2,934.99072","0.01605","0.00413","71.07926"
"103.10000","3.43648","2,935.78540","0.01607","0.00405","71.09851"
"103.20000","3.43999","2,937.87158","0.01609","0.00410","71.14903"
"103.30000","3.44343","2,939.91113","0.01611","0.00412","71.19843"
"103.40000","3.44657","2,940.84033","0.01613","0.00404","71.22093"
"103.50000","3.45008","2,942.74780","0.01616","0.00391","71.26712"
"103.60000","3.45344","2,944.92651","0.01617","0.00391","71.31989"
"103.70000","3.45658","2,946.47412","0.01618","0.00384","71.35737"
"103.80000","3.45994","2,948.01562","0.01618","0.00387","71.39470"
"103.90000","3.46331","2,949.53101","0.01622","0.00386","71.43140"
"104.00000","3.46667","2,951.13965","0.01622","0.00395","71.47036"
"104.10000","3.46996","2,953.14185","0.01624","0.00402","71.51884"
"104.20000","3.47340","2,953.88110","0.01625","0.00428","71.53675"
"104.30000","3.47676","2,956.85449","0.01626","0.00436","71.60876"
"104.40000","3.47990","2,957.51758","0.01628","0.00443","71.62482"
"104.50000","3.48334","2,959.17114","0.01629","0.00457","71.66486"
"104.60000","3.48670","2,961.43970","0.01630","0.00457","71.71980"
"104.70000","3.48984","2,963.06079","0.01630","0.00462","71.75906"
"104.80000","3.49343","2,964.35669","0.01635","0.00477","71.79044"
"104.90000","3.49679","2,966.55591","0.01633","0.00489","71.84370"
"105.00000","3.49993","2,967.98999","0.01633","0.00482","71.87843"
"105.10000","3.50329","2,969.81714","0.01636","0.00469","71.92268"
"105.20000","3.50666","2,971.44751","0.01637","0.00455","71.96217"
"105.30000","3.50994","2,972.46021","0.01639","0.00447","71.98669"
"105.40000","3.51323","2,974.87500","0.01641","0.00439","72.04517"
"105.50000","3.51667","2,976.76880","0.01643","0.00438","72.09104"
"105.60000","3.52003","2,978.48926","0.01643","0.00433","72.13271"
"105.70000","3.52325","2,978.99072","0.01647","0.00426","72.14485"
"105.80000","3.52668","2,980.84814","0.01648","0.00431","72.18983"
"105.90000","3.52997","2,982.31348","0.01648","0.00421","72.22532"
"106.00000","3.53319","2,984.53931","0.01651","0.00429","72.27923"
"106.10000","3.53670","2,986.12085","0.01651","0.00427","72.31753"
"106.20000","3.54014","2,987.74683","0.01656","0.00424","72.35690"
"106.30000","3.54335","2,988.66968","0.01652","0.00425","72.37926"
"106.40000","3.54679","2,991.71045","0.01656","0.00424","72.45290"
"106.50000","3.55008","2,992.34790","0.01659","0.00423","72.46833"
"106.60000","3.55329","2,993.67212","0.01659","0.00422","72.50040"
"106.70000","3.55665","2,995.48926","0.01662","0.00411","72.54441"
"106.80000","3.56002","2,997.59204","0.01663","0.00408","72.59534"
"106.90000","3.56331","2,999.74341","0.01664","0.00397","72.64744"
"107.00000","3.56667","3,000.92017","0.01669","0.00404","72.67593"
"107.10000","3.57011","3,003.09985","0.01665","0.00408","72.72872"
"107.20000","3.57332","3,004.76733","0.01667","0.00411","72.76910"
"107.30000","3.57653","3,005.26514","0.01667","0.00432","72.78116"
"107.40000","3.57997","3,007.89673","0.01673","0.00437","72.84489"
"107.50000","3.58326","3,008.47095","0.01674","0.00441","72.85880"
"107.60000","3.58655","3,011.21753","0.01674","0.00445","72.92532"
"107.70000","3.58999","3,012.54810","0.01675","0.00462","72.95754"
"107.80000","3.59350","3,014.50391","0.01676","0.00470","73.00491"
"107.90000","3.59664","3,016.45117","0.01678","0.00480","73.05206"
"108.00000","3.60000","3,017.18945","0.01679","0.00493","73.06995"
"108.10000","3.60336","3,019.18774","0.01680","0.00500","73.11834"
"108.20000","3.60658","3,021.39868","0.01685","0.00486","73.17188"
"108.30000","3.60994","3,022.69434","0.01684","0.00481","73.20326"
"108.40000","3.61345","3,024.80029","0.01686","0.00461","73.25426"
"108.50000","3.61667","3,025.84766","0.01686","0.00459","73.27962"
"108.60000","3.61996","3,027.77637","0.01689","0.00457","73.32633"
"108.70000","3.62332","3,029.48926","0.01689","0.00451","73.36782"
"108.80000","3.62668","3,031.45532","0.01688","0.00447","73.41543"
"108.90000","3.62990","3,033.14062","0.01687","0.00445","73.45625"
"109.00000","3.63333","3,034.49902","0.01687","0.00437","73.48914"
"109.10000","3.63677","3,035.93994","0.01694","0.00441","73.52404"
"109.20000","3.63991","3,038.31128","0.01698","0.00436","73.58147"
"109.30000","3.64335","3,040.12720","0.01696","0.00440","73.62544"
"109.40000","3.64679","3,040.99341","0.01701","0.00437","73.64642"
"109.50000","3.64993","3,043.02954","0.01702","0.00437","73.69573"
"109.60000","3.65329","3,044.40771","0.01699","0.00441","73.72911"
"109.70000","3.65673","3,046.59912","0.01701","0.00441","73.78218"
"109.80000","3.66002","3,047.95361","0.01705","0.00433","73.81499"
"109.90000","3.66338","3,050.20850","0.01709","0.00426","73.86959"
"110.00000","3.66667","3,050.86328","0.01708","0.00414","73.88545"
"110.10000","3.67003","3,053.38306","0.01710","0.00413","73.94647"
"110.20000","3.67324","3,054.53271","0.01715","0.00418","73.97432"
"110.30000","3.67661","3,056.67090","0.01722","0.00416","74.02610"
"110.40000","3.68012","3,057.92236","0.01715","0.00435","74.05640"
"110.50000","3.68326","3,059.20483","0.01718","0.00439","74.08746"
"110.60000","3.68670","3,061.81982","0.01717","0.00447","74.15079"
"110.70000","3.69021","3,063.88086","0.01719","0.00459","74.20071"
"110.80000","3.69320","3,064.03125","0.01722","0.00469","74.20435"
"110.90000","3.69664","3,065.85669","0.01721","0.00485","74.24856"
"111.00000","3.70000","3,067.42017","0.01724","0.00481","74.28642"
"111.10000","3.70329","3,069.43286","0.01726","0.00498","74.33517"
"111.20000","3.70673","3,071.75171","0.01727","0.00509","74.39133"
"111.30000","3.71001","3,073.24756","0.01728","0.00492","74.42755"
"111.40000","3.71345","3,074.89453","0.01732","0.00481","74.46744"
"111.50000","3.71667","3,075.85181","0.01734","0.00472","74.49062"
"111.60000","3.71995","3,077.38379","0.01736","0.00468","74.52773"
"111.70000","3.72339","3,079.63086","0.01737","0.00471","74.58214"
"111.80000","3.72653","3,080.31787","0.01735","0.00464","74.59878"
"111.90000","3.72997","3,082.43042","0.01736","0.00462","74.64994"
"112.00000","3.73348","3,085.12549","0.01737","0.00459","74.71521"
"112.10000","3.73655","3,086.07959","0.01737","0.00455","74.73832"
"112.20000","3.74006","3,088.18945","0.01735","0.00458","74.78941"
"112.30000","3.74335","3,088.92749","0.01739","0.00459","74.80729"
"112.40000","3.74656","3,091.06421","0.01740","0.00455","74.85903"
"112.50000","3.75000","3,092.79688","0.01741","0.00456","74.90099"
"112.60000","3.75336","3,094.33911","0.01743","0.00454","74.93835"
"112.70000","3.75672","3,096.55859","0.01742","0.00453","74.99210"
"112.80000","3.75994","3,097.89258","0.01747","0.00450","75.02440"
"112.90000","3.76338","3,099.06519","0.01750","0.00448","75.05280"
"113.00000","3.76674","3,101.32251","0.01757","0.00449","75.10747"
"113.10000","3.76980","3,102.91528","0.01755","0.00439","75.14604"
"113.20000","3.77339","3,103.99170","0.01757","0.00429","75.17211"
"113.30000","3.77675","3,106.33594","0.01756","0.00430","75.22888"
"113.40000","3.77989","3,106.64038","0.01763","0.00439","75.23625"
"113.50000","3.78341","3,108.92529","0.01759","0.00432","75.29159"
"113.60000","3.78677","3,110.58545","0.01767","0.00442","75.33179"
"113.70000","3.78991","3,112.99243","0.01768","0.00464","75.39009"
"113.80000","3.79327","3,114.14478","0.01767","0.00472","75.41799"
"113.90000","3.79663","3,115.38232","0.01766","0.00476","75.44797"
"114.00000","3.80000","3,116.89478","0.01772","0.00484","75.48460"
"114.10000","3.80329","3,118.34814","0.01775","0.00493","75.51979"
"114.20000","3.80665","3,119.87891","0.01777","0.00497","75.55686"
"114.30000","3.81001","3,122.27856","0.01778","0.00503","75.61497"
"114.40000","3.81315","3,123.77271","0.01778","0.00498","75.65116"
"114.50000","3.81666","3,125.23022","0.01781","0.00503","75.68646"
"114.60000","3.82003","3,127.09131","0.01787","0.00495","75.73153"
"114.70000","3.82317","3,128.86133","0.01783","0.00494","75.77440"
"114.80000","3.82675","3,130.25684","0.01783","0.00486","75.80820"
"114.90000","3.83004","3,132.04224","0.01782","0.00482","75.85143"
"115.00000","3.83333","3,134.11206","0.01780","0.00480","75.90156"
"115.10000","3.83669","3,135.57568","0.01781","0.00479","75.93700"
"115.20000","3.84006","3,137.05493","0.01785","0.00477","75.97283"
"115.30000","3.84334","3,138.57910","0.01785","0.00478","76.00974"
"115.40000","3.84663","3,139.56470","0.01785","0.00474","76.03362"
"115.50000","3.85000","3,141.53540","0.01785","0.00471","76.08134"
"115.60000","3.85336","3,143.60815","0.01786","0.00471","76.13154"
"115.70000","3.85657","3,145.87427","0.01789","0.00469","76.18642"
"115.80000","3.86009","3,147.03369","0.01789","0.00473","76.21449"
"115.90000","3.86337","3,147.94971","0.01788","0.00470","76.23668"
"116.00000","3.86651","3,149.59985","0.01798","0.00466","76.27664"
"116.10000","3.87010","3,151.44629","0.01799","0.00464","76.32136"
"116.20000","3.87339","3,153.23584","0.01801","0.00461","76.36470"
"116.30000","3.87660","3,154.81274","0.01802","0.00449","76.40289"
"116.40000","3.87997","3,156.46680","0.01801","0.00448","76.44295"
"116.50000","3.88333","3,158.54688","0.01804","0.00445","76.49332"
"116.60000","3.88654","3,159.90527","0.01806","0.00445","76.52621"
"116.70000","3.88998","3,161.26196","0.01806","0.00450","76.55907"
"116.80000","3.89334","3,163.38989","0.01810","0.00466","76.61061"
"116.90000","3.89663","3,164.67358","0.01816","0.00475","76.64169"
"117.00000","3.89992","3,166.33203","0.01820","0.00484","76.68186"
"117.10000","3.90343","3,168.02197","0.01824","0.00493","76.72279"
"117.20000","3.90672","3,169.85522","0.01827","0.00499","76.76718"
"117.30000","3.90986","3,170.37207","0.01825","0.00510","76.77970"
"117.40000","3.91330","3,172.72461","0.01829","0.00500","76.83668"
"117.50000","3.91666","3,174.66260","0.01828","0.00520","76.88361"
"117.60000","3.91995","3,175.79395","0.01828","0.00512","76.91101"
"117.70000","3.92331","3,177.43970","0.01830","0.00507","76.95087"
"117.80000","3.92675","3,179.30737","0.01828","0.00500","76.99609"
"117.90000","3.92996","3,180.82202","0.01836","0.00494","77.03278"
"118.00000","3.93333","3,182.39209","0.01831","0.00495","77.07080"
"118.10000","3.93662","3,183.81006","0.01833","0.00492","77.10514"
"118.20000","3.93990","3,185.33398","0.01829","0.00491","77.14204"
"118.30000","3.94327","3,187.28320","0.01832","0.00489","77.18925"
"118.40000","3.94671","3,188.84302","0.01838","0.00480","77.22703"
"118.50000","3.95007","3,190.58228","0.01832","0.00488","77.26915"
"118.60000","3.95336","3,192.45239","0.01830","0.00487","77.31444"
"118.70000","3.95665","3,193.34570","0.01841","0.00487","77.33607"
"118.80000","3.95993","3,195.66382","0.01841","0.00478","77.39221"
"118.90000","3.96322","3,197.13721","0.01843","0.00484","77.42789"
"119.00000","3.96659","3,199.12891","0.01840","0.00485","77.47613"
"119.10000","3.97010","3,200.85352","0.01841","0.00483","77.51790"
"119.20000","3.97324","3,201.46240","0.01841","0.00483","77.53265"
"119.30000","3.97668","3,203.22021","0.01839","0.00474","77.57521"
"119.40000","3.98011","3,205.66406","0.01838","0.00477","77.63440"
"119.50000","3.98325","3,206.76489","0.01842","0.00475","77.66106"
"119.60000","3.98662","3,207.95435","0.01844","0.00466","77.68987"
"119.70000","3.99005","3,209.79199","0.01847","0.00458","77.73437"
"119.80000","3.99334","3,211.67676","0.01858","0.00463","77.78001"
"119.90000","3.99670","3,212.40674","0.01857","0.00474","77.79769"
"120.00000","3.99999","3,214.71997","0.01861","0.00487","77.85371"
"120.10000","4.00343","3,216.85522","0.01859","0.00495","77.90543"
"120.20000","4.00657","3,218.50098","0.01869","0.00503","77.94528"
"120.30000","4.00993","3,220.31519","0.01869","0.00519","77.98922"
"120.40000","4.01345","3,221.67383","0.01865","0.00515","78.02212"
"120.50000","4.01658","3,222.34619","0.01868","0.00528","78.03841"
"120.60000","4.02002","3,224.59033","0.01869","0.00507","78.09275"
"120.70000","4.02346","3,227.11401","0.01875","0.00515","78.15387"
"120.80000","4.02660","3,228.11743","0.01876","0.00528","78.17817"
"120.90000","4.02996","3,228.96094","0.01876","0.00528","78.19860"
"121.00000","4.03333","3,231.33911","0.01879","0.00522","78.25620"
"121.10000","4.03661","3,233.21289","0.01879","0.00516","78.30157"
"121.20000","4.03998","3,234.80664","0.01877","0.00518","78.34017"
"121.30000","4.04334","3,236.04346","0.01886","0.00507","78.37012"
"121.40000","4.04678","3,237.97754","0.01886","0.00506","78.41696"
"121.50000","4.04992","3,239.49536","0.01880","0.00510","78.45372"
"121.60000","4.05328","3,241.32251","0.01882","0.00505","78.49797"
"121.70000","4.05672","3,242.35303","0.01881","0.00503","78.52293"
"121.80000","4.05986","3,244.43286","0.01890","0.00502","78.57330"
"121.90000","4.06337","3,245.89136","0.01887","0.00497","78.60862"
"122.00000","4.06681","3,248.56934","0.01892","0.00496","78.67348"
"122.10000","4.06995","3,249.39893","0.01890","0.00495","78.69357"
"122.20000","4.07338","3,250.05029","0.01891","0.00492","78.70934"
"122.30000","4.07667","3,252.66577","0.01885","0.00497","78.77268"
"122.40000","4.07996","3,253.74561","0.01895","0.00493","78.79883"
"122.50000","4.08325","3,255.81958","0.01894","0.00495","78.84906"
"122.60000","4.08661","3,256.67480","0.01894","0.00489","78.86977"
"122.70000","4.09005","3,259.01465","0.01892","0.00479","78.92644"
"122.80000","4.09326","3,260.70190","0.01900","0.00479","78.96730"
"122.90000","4.09670","3,261.27734","0.01898","0.00478","78.98123"
"123.00000","4.10014","3,264.29565","0.01894","0.00483","79.05433"
"123.10000","4.10313","3,264.87793","0.01902","0.00489","79.06844"
"123.20000","4.10672","3,266.83789","0.01906","0.00500","79.11590"
"123.30000","4.11008","3,268.87549","0.01906","0.00514","79.16525"
"123.40000","4.11322","3,269.70508","0.01903","0.00523","79.18533"
"123.50000","4.11673","3,272.29468","0.01910","0.00529","79.24805"
"123.60000","4.12010","3,273.31274","0.01911","0.00542","79.27271"
"123.70000","4.12331","3,275.17017","0.01915","0.00545","79.31769"
"123.80000","4.12667","3,276.26172","0.01912","0.00541","79.34412"
"123.90000","4.12996","3,277.69336","0.01919","0.00549","79.37880"
"124.00000","4.13332","3,279.36304","0.01920","0.00541","79.41924"
"124.10000","4.13661","3,281.51685","0.01921","0.00532","79.47139"
"124.20000","4.14005","3,283.36401","0.01923","0.00526","79.51613"
"124.30000","4.14349","3,284.86084","0.01926","0.00527","79.55238"
"124.40000","4.14655","3,285.55469","0.01938","0.00517","79.56918"
"124.50000","4.14999","3,287.90967","0.01927","0.00523","79.62621"
"124.60000","4.15335","3,289.41455","0.01935","0.00523","79.66266"
"124.70000","4.15649","3,290.02637","0.01929","0.00517","79.67747"
"124.80000","4.16008","3,292.75952","0.01927","0.00522","79.74367"
"124.90000","4.16337","3,294.66724","0.01935","0.00520","79.78986"
"125.00000","4.16666","3,295.77954","0.01929","0.00516","79.81680"
"125.10000","4.17002","3,297.18628","0.01937","0.00514","79.85088"
"125.20000","4.17331","3,299.61475","0.01933","0.00509","79.90968"
"125.30000","4.17660","3,300.55347","0.01937","0.00509","79.93242"
"125.40000","4.17988","3,302.50684","0.01937","0.00515","79.97973"
"125.50000","4.18340","3,304.83496","0.01943","0.00511","80.03611"
"125.60000","4.18669","3,306.64331","0.01941","0.00509","80.07990"
"125.70000","4.18997","3,306.50928","0.01942","0.00506","80.07665"
"125.80000","4.19341","3,309.68945","0.01942","0.00504","80.15367"
"125.90000","4.19670","3,310.79102","0.01946","0.00490","80.18035"
"126.00000","4.19984","3,311.69360","0.01948","0.00485","80.20221"
"126.10000","4.20335","3,313.81567","0.01951","0.00487","80.25360"
"126.20000","4.20672","3,315.63379","0.01945","0.00499","80.29763"
"126.30000","4.20993","3,317.08374","0.01938","0.00507","80.33275"
"126.40000","4.21337","3,319.17041","0.01948","0.00513","80.38329"
"126.50000","4.21680","3,320.45679","0.01946","0.00526","80.41444"
"126.60000","4.21994","3,321.69580","0.01957","0.00537","80.44444"
"126.70000","4.22323","3,323.24219","0.01960","0.00534","80.48190"
"126.80000","4.22667","3,325.63623","0.01958","0.00555","80.53987"
"126.90000","4.22996","3,327.36035","0.01961","0.00536","80.58163"
"127.00000","4.23325","3,328.22534","0.01964","0.00534","80.60258"
"127.10000","4.23668","3,329.34375","0.01965","0.00544","80.62966"
"127.20000","4.24005","3,331.69629","0.01964","0.00545","80.68663"
"127.30000","4.24326","3,332.69800","0.01967","0.00548","80.71089"
"127.40000","4.24662","3,334.91309","0.01965","0.00541","80.76453"
"127.50000","4.24999","3,336.20801","0.01980","0.00540","80.79590"
"127.60000","4.25320","3,338.22778","0.01973","0.00541","80.84481"
"127.70000","4.25664","3,340.17383","0.01972","0.00538","80.89194"
"127.80000","4.26015","3,341.51392","0.01981","0.00531","80.92439"
"127.90000","4.26329","3,343.14624","0.01988","0.00535","80.96393"
"128.00000","4.26658","3,344.15137","0.01988","0.00532","80.98827"
"128.10000","4.27009","3,345.79639","0.01986","0.00527","81.02811"
"128.20000","4.27323","3,347.43335","0.01977","0.00529","81.06775"
"128.30000","4.27659","3,349.08447","0.01981","0.00529","81.10773"
"128.40000","4.28011","3,351.05688","0.01985","0.00524","81.15550"
"128.50000","4.28340","3,351.81104","0.01986","0.00526","81.17377"
"128.60000","4.28668","3,353.42139","0.01979","0.00528","81.21277"
"128.70000","4.29005","3,355.16211","0.01987","0.00523","81.25493"
"128.80000","4.29341","3,356.86060","0.01989","0.00523","81.29606"
"128.90000","4.29655","3,357.92383","0.01990","0.00520","81.32181"
"129.00000","4.29991","3,359.25439","0.01992","0.00509","81.35403"
"129.10000","4.30343","3,361.70874","0.01998","0.00505","81.41347"
"129.20000","4.30664","3,363.18579","0.01990","0.00503","81.44924"
"129.30000","4.31000","3,364.81885","0.01991","0.00506","81.48879"
"129.40000","4.31344","3,366.55347","0.01992","0.00506","81.53080"
"129.50000","4.31658","3,368.12109","0.01991","0.00523","81.56876"
"129.60000","4.31994","3,369.22705","0.01988","0.00539","81.59555"
"129.70000","4.32338","3,370.95361","0.02002","0.00544","81.63736"
"129.80000","4.32659","3,372.83545","0.01997","0.00552","81.68294"
"129.90000","4.33003","3,374.46631","0.02001","0.00563","81.72243"
"130.00000","4.33339","3,376.00757","0.01999","0.00556","81.75976"
"130.10000","4.33676","3,378.25757","0.02003","0.00553","81.81425"
"130.20000","4.33990","3,379.43066","0.02001","0.00558","81.84266"
"130.30000","4.34326","3,380.48682","0.02005","0.00563","81.86823"
"130.40000","4.34677","3,382.65820","0.02003","0.00570","81.92082"
"130.50000","4.34991","3,383.80420","0.02006","0.00568","81.94858"
"130.60000","4.35335","3,385.41748","0.02008","0.00556","81.98765"
"130.70000","4.35679","3,387.33228","0.02022","0.00554","82.03402"
"130.80000","4.35993","3,388.72607","0.02026","0.00548","82.06777"
"130.90000","4.36336","3,389.72998","0.02021","0.00544","82.09209"
"131.00000","4.36673","3,392.06982","0.02025","0.00549","82.14875"
"131.10000","4.37002","3,393.30054","0.02011","0.00542","82.17856"
"131.20000","4.37323","3,394.57739","0.02031","0.00548","82.20948"
"131.30000","4.37667","3,396.31396","0.02029","0.00538","82.25153"
"131.40000","4.38011","3,398.10815","0.02031","0.00537","82.29499"
"131.50000","4.38332","3,399.04688","0.02025","0.00542","82.31772"
"131.60000","4.38661","3,401.04858","0.02027","0.00535","82.36620"
"131.70000","4.39005","3,402.91479","0.02030","0.00540","82.41139"
"131.80000","4.39311","3,404.26367","0.02029","0.00538","82.44406"
"131.90000","4.39670","3,405.41162","0.02034","0.00546","82.47186"
"132.00000","4.40013","3,406.91357","0.02038","0.00539","82.50823"
"132.10000","4.40327","3,408.93872","0.02034","0.00532","82.55728"
"132.20000","4.40671","3,411.16675","0.02036","0.00523","82.61124"
"132.30000","4.41007","3,412.33350","0.02037","0.00518","82.63950"
"132.40000","4.41329","3,413.08081","0.02039","0.00518","82.65759"
"132.50000","4.41658","3,414.90405","0.02045","0.00516","82.70175"
"132.60000","4.42001","3,417.13159","0.02042","0.00537","82.75569"
"132.70000","4.42338","3,418.84009","0.02036","0.00542","82.79707"
"132.80000","4.42659","3,420.32275","0.02039","0.00565","82.83298"
"132.90000","4.43003","3,422.07324","0.02043","0.00567","82.87537"
"133.00000","4.43347","3,424.16431","0.02041","0.00566","82.92601"
"133.10000","4.43653","3,425.30396","0.02045","0.00566","82.95361"
"133.20000","4.44004","3,426.61694","0.02044","0.00563","82.98541"
"133.30000","4.44341","3,428.40137","0.02045","0.00571","83.02863"
"133.40000","4.44655","3,429.05005","0.02052","0.00573","83.04433"
"133.50000","4.45006","3,431.71436","0.02058","0.00581","83.10886"
"133.60000","4.45342","3,434.18872","0.02053","0.00582","83.16879"
"133.70000","4.45664","3,434.56055","0.02051","0.00571","83.17779"
"133.80000","4.45992","3,435.88770","0.02051","0.00571","83.20993"
"133.90000","4.46321","3,437.03027","0.02051","0.00568","83.23760"
"134.00000","4.46658","3,439.15747","0.02061","0.00567","83.28912"
"134.10000","4.46994","3,441.16382","0.02066","0.00563","83.33771"
"134.20000","4.47338","3,442.82007","0.02063","0.00569","83.37782"
"134.30000","4.47674","3,444.48584","0.02069","0.00562","83.41816"
"134.40000","4.47988","3,444.98340","0.02059","0.00558","83.43021"
"134.50000","4.48332","3,447.62134","0.02070","0.00561","83.49409"
"134.60000","4.48668","3,448.84058","0.02072","0.00554","83.52362"
"134.70000","4.48989","3,450.12769","0.02070","0.00555","83.55479"
"134.80000","4.49333","3,451.51831","0.02067","0.00555","83.58847"
"134.90000","4.49669","3,453.57031","0.02070","0.00556","83.63816"
"135.00000","4.49998","3,455.69263","0.02079","0.00557","83.68956"
"135.10000","4.50335","3,456.42163","0.02081","0.00556","83.70721"
"135.20000","4.50671","3,457.94336","0.02084","0.00551","83.74407"
"135.30000","4.50992","3,459.93311","0.02084","0.00542","83.79226"
"135.40000","4.51329","3,461.22119","0.02085","0.00540","83.82345"
"135.50000","4.51665","3,463.19409","0.02087","0.00522","83.87123"
"135.60000","4.52001","3,464.74048","0.02088","0.00530","83.90868"
"135.70000","4.52323","3,465.85254","0.02085","0.00532","83.93562"
"135.80000","4.52674","3,467.53638","0.02089","0.00545","83.97639"
"135.90000","4.53003","3,470.12329","0.02086","0.00564","84.03904"
"136.00000","4.53324","3,470.28735","0.02088","0.00572","84.04301"
"136.10000","4.53660","3,471.26733","0.02090","0.00581","84.06675"
"136.20000","4.53997","3,473.79517","0.02095","0.00570","84.12797"
"136.30000","4.54318","3,474.61206","0.02094","0.00581","84.14775"
"136.40000","4.54662","3,477.03760","0.02094","0.00572","84.20649"
"136.50000","4.55013","3,478.62573","0.02092","0.00585","84.24495"
"136.60000","4.55327","3,480.05298","0.02092","0.00582","84.27952"
"136.70000","4.55656","3,481.00879","0.02097","0.00594","84.30267"
"136.80000","4.56000","3,482.78516","0.02092","0.00586","84.34569"
"136.90000","4.56328","3,485.01465","0.02090","0.00587","84.39968"
"137.00000","4.56657","3,485.42749","0.02093","0.00581","84.40968"
"137.10000","4.57009","3,487.93115","0.02096","0.00578","84.47031"
"137.20000","4.57345","3,489.67041","0.02096","0.00577","84.51243"
"137.30000","4.57666","3,490.22046","0.02101","0.00576","84.52575"
"137.40000","4.58003","3,492.69214","0.02109","0.00580","84.58561"
"137.50000","4.58339","3,493.29297","0.02105","0.00574","84.60016"
"137.60000","4.58660","3,495.60498","0.02113","0.00567","84.65615"
"137.70000","4.58997","3,497.04590","0.02116","0.00574","84.69105"
"137.80000","4.59340","3,498.31030","0.02114","0.00570","84.72167"
"137.90000","4.59662","3,500.52979","0.02127","0.00561","84.77542"
"138.00000","4.59998","3,501.53638","0.02112","0.00568","84.79980"
"138.10000","4.60334","3,502.91211","0.02112","0.00567","84.83311"
"138.20000","4.60656","3,505.10303","0.02114","0.00567","84.88618"
"138.30000","4.60992","3,506.18774","0.02125","0.00567","84.91245"
"138.40000","4.61336","3,507.94189","0.02131","0.00561","84.95493"
"138.50000","4.61672","3,509.45410","0.02128","0.00555","84.99155"
"138.60000","4.62001","3,511.69214","0.02130","0.00543","85.04575"
"138.70000","4.62337","3,512.72461","0.02134","0.00541","85.07076"
"138.80000","4.62674","3,514.65308","0.02133","0.00547","85.11746"
"138.90000","4.62988","3,515.64502","0.02133","0.00558","85.14148"
"139.00000","4.63331","3,517.66528","0.02133","0.00575","85.19041"
"139.10000","4.63675","3,519.15845","0.02136","0.00578","85.22657"
"139.20000","4.63989","3,520.45288","0.02139","0.00582","85.25792"
"139.30000","4.64333","3,521.56836","0.02134","0.00580","85.28493"
"139.40000","4.64684","3,523.88965","0.02137","0.00583","85.34115"
"139.50000","4.64991","3,524.96729","0.02137","0.00584","85.36725"
"139.60000","4.65334","3,526.28271","0.02141","0.00586","85.39910"
"139.70000","4.65663","3,528.46973","0.02135","0.00596","85.45207"
"139.80000","4.65999","3,529.75513","0.02141","0.00597","85.48320"
"139.90000","4.66328","3,531.16064","0.02135","0.00596","85.51723"
"140.00000","4.66672","3,533.29858","0.02139","0.00605","85.56902"
"140.10000","4.67008","3,534.60498","0.02141","0.00601","85.60065"
"140.20000","4.67322","3,535.87207","0.02144","0.00591","85.63134"
"140.30000","4.67659","3,537.76074","0.02148","0.00585","85.67708"
"140.40000","4.68010","3,540.10400","0.02149","0.00589","85.73383"
"140.50000","4.68316","3,540.08740","0.02150","0.00592","85.73342"
"140.60000","4.68668","3,541.92114","0.02151","0.00588","85.77783"
"140.70000","4.69011","3,544.01196","0.02151","0.00586","85.82847"
"140.80000","4.69325","3,544.81030","0.02153","0.00582","85.84780"
"140.90000","4.69669","3,546.72900","0.02156","0.00586","85.89427"
"141.00000","4.69998","3,549.03198","0.02159","0.00579","85.95004"
"141.10000","4.70327","3,550.10156","0.02160","0.00583","85.97594"
"141.20000","4.70663","3,551.67798","0.02160","0.00581","86.01412"
"141.30000","4.70999","3,553.37817","0.02167","0.00577","86.05530"
"141.40000","4.71343","3,555.06567","0.02177","0.00581","86.09617"
"141.50000","4.71665","3,555.95898","0.02180","0.00579","86.11780"
"141.60000","4.72001","3,557.39893","0.02166","0.00575","86.15267"
"141.70000","4.72345","3,559.90869","0.02172","0.00575","86.21346"
"141.80000","4.72651","3,560.02515","0.02178","0.00559","86.21627"
"141.90000","4.73002","3,562.34009","0.02176","0.00562","86.27234"
"142.00000","4.73339","3,564.40332","0.02179","0.00562","86.32230"
"142.10000","4.73660","3,565.09497","0.02180","0.00565","86.33906"
"142.20000","4.74011","3,566.89941","0.02179","0.00587","86.38275"
"142.30000","4.74340","3,568.07520","0.02184","0.00593","86.41123"
"142.40000","4.74661","3,569.56763","0.02189","0.00597","86.44737"
"142.50000","4.74990","3,571.31396","0.02182","0.00595","86.48966"
"142.60000","4.75327","3,572.50464","0.02189","0.00597","86.51850"
"142.70000","4.75663","3,575.04224","0.02185","0.00600","86.57996"
"142.80000","4.75992","3,575.70386","0.02188","0.00595","86.59598"
"142.90000","4.76336","3,578.06396","0.02185","0.00603","86.65314"
"143.00000","4.76679","3,579.00122","0.02189","0.00620","86.67583"
"143.10000","4.76986","3,580.45947","0.02191","0.00620","86.71115"
"143.20000","4.77330","3,582.35913","0.02189","0.00613","86.75716"
"143.30000","4.77666","3,583.79102","0.02190","0.00610","86.79183"
"143.40000","4.77987","3,585.91528","0.02191","0.00606","86.84328"
"143.50000","4.78339","3,587.61597","0.02190","0.00609","86.88447"
"143.60000","4.78675","3,589.62671","0.02190","0.00607","86.93316"
"143.70000","4.78996","3,590.37305","0.02194","0.00603","86.95123"
"143.80000","4.79333","3,591.47485","0.02198","0.00603","86.97792"
"143.90000","4.79661","3,593.62476","0.02197","0.00607","87.02998"
"144.00000","4.79998","3,594.31885","0.02197","0.00601","87.04680"
"144.10000","4.80327","3,595.73584","0.02198","0.00597","87.08111"
"144.20000","4.80670","3,598.10303","0.02199","0.00601","87.13844"
"144.30000","4.81007","3,599.10767","0.02203","0.00598","87.16277"
"144.40000","4.81328","3,600.45776","0.02202","0.00601","87.19547"
"144.50000","4.81672","3,602.56616","0.02208","0.00600","87.24653"
"144.60000","4.82001","3,603.08667","0.02211","0.00603","87.25913"
"144.70000","4.82315","3,605.39844","0.02213","0.00595","87.31512"
"144.80000","4.82666","3,606.76392","0.02218","0.00584","87.34819"
"144.90000","4.82995","3,607.98120","0.02214","0.00587","87.37767"
"145.00000","4.83331","3,609.08618","0.02221","0.00578","87.40443"
"145.10000","4.83667","3,611.08862","0.02224","0.00574","87.45293"
"145.20000","4.84004","3,613.57397","0.02217","0.00585","87.51311"
"145.30000","4.84332","3,615.10376","0.02223","0.00605","87.55016"
"145.40000","4.84654","3,615.76465","0.02227","0.00600","87.56617"
"145.50000","4.84998","3,617.59961","0.02230","0.00604","87.61060"
"145.60000","4.85334","3,619.44141","0.02228","0.00595","87.65521"
"145.70000","4.85655","3,620.39478","0.02231","0.00611","87.67830"
"145.80000","4.86007","3,622.57520","0.02230","0.00615","87.73110"
"145.90000","4.86343","3,623.89282","0.02232","0.00614","87.76302"
"146.00000","4.86649","3,625.21777","0.02234","0.00615","87.79510"
"146.10000","4.87001","3,626.18237","0.02233","0.00610","87.81846"
"146.20000","4.87337","3,628.75122","0.02236","0.00621","87.88068"
"146.30000","4.87658","3,630.13159","0.02234","0.00632","87.91410"
"146.40000","4.87995","3,631.23462","0.02239","0.00636","87.94082"
"146.50000","4.88338","3,632.80103","0.02237","0.00623","87.97875"
"146.60000","4.88667","3,634.24268","0.02243","0.00621","88.01366"
"146.70000","4.88996","3,636.77026","0.02240","0.00621","88.07487"
"146.80000","4.89332","3,638.80518","0.02240","0.00625","88.12416"
"146.90000","4.89661","3,639.10352","0.02243","0.00622","88.13139"
"147.00000","4.89990","3,640.44263","0.02241","0.00620","88.16382"
"147.10000","4.90341","3,642.23340","0.02246","0.00621","88.20718"
"147.20000","4.90678","3,644.73022","0.02242","0.00612","88.26765"
"147.30000","4.90991","3,645.52466","0.02245","0.00612","88.28689"
"147.40000","4.91335","3,646.81714","0.02246","0.00615","88.31819"
"147.50000","4.91672","3,647.98560","0.02252","0.00616","88.34649"
"147.60000","4.91986","3,650.62427","0.02252","0.00613","88.41039"
"147.70000","4.92329","3,651.42676","0.02253","0.00610","88.42982"
"147.80000","4.92673","3,653.29834","0.02254","0.00618","88.47515"
"147.90000","4.93002","3,655.52393","0.02256","0.00612","88.52905"
"148.00000","4.93331","3,656.13257","0.02257","0.00608","88.54379"
"148.10000","4.93675","3,658.07275","0.02264","0.00594","88.59078"
"148.20000","4.93988","3,659.33301","0.02261","0.00592","88.62130"
"148.30000","4.94325","3,661.60229","0.02262","0.00593","88.67625"
"148.40000","4.94661","3,662.52954","0.02264","0.00607","88.69872"
"148.50000","4.94997","3,664.21753","0.02270","0.00621","88.73959"
"148.60000","4.95326","3,665.48779","0.02273","0.00624","88.77036"
"148.70000","4.95670","3,666.34790","0.02271","0.00627","88.79118"
"148.80000","4.96014","3,668.98022","0.02273","0.00621","88.85493"
"148.90000","4.96328","3,669.86255","0.02279","0.00622","88.87630"
"149.00000","4.96664","3,671.23193","0.02277","0.00636","88.90947"
"149.10000","4.97008","3,673.09106","0.02277","0.00626","88.95449"
"149.20000","4.97322","3,673.78882","0.02279","0.00633","88.97139"
"149.30000","4.97666","3,675.65796","0.02281","0.00645","89.01665"
"149.40000","4.98009","3,677.72437","0.02282","0.00651","89.06670"
"149.50000","4.98323","3,679.18164","0.02279","0.00647","89.10199"
"149.60000","4.98667","3,680.55737","0.02283","0.00648","89.13531"
"149.70000","4.99003","3,681.64893","0.02283","0.00638","89.16174"
"149.80000","4.99332","3,684.09351","0.02285","0.00641","89.22095"
"149.90000","4.99668","3,684.98145","0.02289","0.00638","89.24245"
"150.00000","5.00005","3,686.56323","0.02291","0.00640","89.28076"
"150.10000","5.00348","3,688.70337","0.02288","0.00638","89.33259"
"150.20000","5.00662","3,689.40381","0.02287","0.00640","89.34955"
"150.30000","5.00999","3,691.90161","0.02290","0.00636","89.41004"
"150.40000","5.01343","3,693.34863","0.02288","0.00634","89.44508"
"150.50000","5.01649","3,693.93091","0.02291","0.00632","89.45919"
"150.60000","5.02000","3,695.16797","0.02291","0.00632","89.48915"
"150.70000","5.02351","3,697.55518","0.02294","0.00633","89.54696"
"150.80000","5.02658","3,698.37988","0.02293","0.00634","89.56693"
"150.90000","5.03002","3,699.63770","0.02298","0.00629","89.59740"
"151.00000","5.03338","3,702.17334","0.02305","0.00633","89.65881"
"151.10000","5.03659","3,703.36914","0.02300","0.00623","89.68776"
"151.20000","5.03988","3,704.58911","0.02302","0.00616","89.71731"
"151.30000","5.04332","3,706.44775","0.02303","0.00617","89.76232"
"151.40000","5.04668","3,707.74268","0.02306","0.00612","89.79368"
"151.50000","5.04990","3,710.07959","0.02307","0.00614","89.85027"
"151.60000","5.05333","3,710.78247","0.02310","0.00630","89.86729"
"151.70000","5.05677","3,712.57520","0.02312","0.00635","89.91071"
"151.80000","5.05984","3,713.72168","0.02314","0.00628","89.93848"
"151.90000","5.06335","3,714.84375","0.02318","0.00646","89.96565"
"152.00000","5.06679","3,717.10889","0.02322","0.00642","90.02051"
"152.10000","5.06993","3,718.59009","0.02324","0.00641","90.05638"
"152.20000","5.07344","3,720.80908","0.02326","0.00645","90.11012"
"152.30000","5.07673","3,721.84180","0.02324","0.00639","90.13513"
"152.40000","5.08002","3,723.38818","0.02322","0.00651","90.17258"
"152.50000","5.08330","3,724.87866","0.02325","0.00660","90.20868"
"152.60000","5.08659","3,726.41895","0.02328","0.00664","90.24598"
"152.70000","5.08996","3,727.17676","0.02330","0.00665","90.26434"
"152.80000","5.09324","3,728.87988","0.02325","0.00658","90.30558"
"152.90000","5.09668","3,730.23364","0.02329","0.00655","90.33836"
"153.00000","5.10012","3,731.59766","0.02334","0.00652","90.37140"
"153.10000","5.10318","3,733.11792","0.02335","0.00653","90.40822"
"153.20000","5.10662","3,734.98169","0.02335","0.00654","90.45335"
"153.30000","5.10999","3,736.48218","0.02335","0.00649","90.48969"
"153.40000","5.11320","3,737.68311","0.02334","0.00654","90.51878"
"153.50000","5.11671","3,739.52271","0.02335","0.00647","90.56332"
"153.60000","5.12000","3,740.27905","0.02337","0.00651","90.58164"
"153.70000","5.12336","3,741.93164","0.02337","0.00645","90.62167"
"153.80000","5.12665","3,743.73486","0.02339","0.00643","90.66534"
"153.90000","5.13001","3,745.81177","0.02338","0.00653","90.71563"
"154.00000","5.13330","3,746.72046","0.02338","0.00643","90.73764"
"154.10000","5.13644","3,747.76465","0.02340","0.00646","90.76292"
"154.20000","5.14003","3,750.03174","0.02343","0.00646","90.81783"
"154.30000","5.14347","3,750.87598","0.02347","0.00640","90.83828"
"154.40000","5.14661","3,751.99756","0.02348","0.00625","90.86544"
"154.50000","5.15004","3,753.71021","0.02351","0.00623","90.90691"
"154.60000","5.15341","3,754.74048","0.02353","0.00628","90.93187"
"154.70000","5.15655","3,755.97705","0.02351","0.00650","90.96181"
"154.80000","5.15998","3,758.33203","0.02355","0.00648","91.01884"
"154.90000","5.16335","3,759.12646","0.02360","0.00647","91.03809"
"155.00000","5.16664","3,760.14600","0.02361","0.00641","91.06277"
"155.10000","5.17007","3,761.79150","0.02363","0.00653","91.10263"
"155.20000","5.17344","3,763.47266","0.02364","0.00657","91.14334"
"155.30000","5.17665","3,764.81787","0.02366","0.00658","91.17592"
"155.40000","5.17986","3,765.65381","0.02371","0.00653","91.19617"
"155.50000","5.18330","3,767.20166","0.02368","0.00668","91.23365"
"155.60000","5.18667","3,769.40552","0.02370","0.00675","91.28703"
"155.70000","5.18988","3,769.71729","0.02368","0.00684","91.29457"
"155.80000","5.19339","3,770.91504","0.02371","0.00676","91.32358"
"155.90000","5.19675","3,772.76831","0.02376","0.00673","91.36846"
"156.00000","5.19989","3,774.37622","0.02377","0.00670","91.40740"
"156.10000","5.20333","3,775.36011","0.02374","0.00670","91.43123"
"156.20000","5.20669","3,776.53906","0.02373","0.00666","91.45979"
"156.30000","5.20991","3,777.74170","0.02378","0.00671","91.48891"
"156.40000","5.21327","3,779.66431","0.02375","0.00663","91.53547"
"156.50000","5.21671","3,781.39697","0.02382","0.00667","91.57743"
"156.60000","5.22000","3,782.09839","0.02383","0.00664","91.59442"
"156.70000","5.22329","3,783.87939","0.02387","0.00656","91.63755"
"156.80000","5.22665","3,785.56396","0.02383","0.00661","91.67834"
"156.90000","5.23001","3,786.88647","0.02382","0.00662","91.71037"
"157.00000","5.23323","3,788.18799","0.02384","0.00664","91.74190"
"157.10000","5.23674","3,789.89624","0.02385","0.00662","91.78326"
"157.20000","5.24010","3,790.99243","0.02387","0.00664","91.80981"
"157.30000","5.24332","3,792.34131","0.02386","0.00653","91.84248"
"157.40000","5.24668","3,793.91528","0.02386","0.00654","91.88060"
"157.50000","5.25004","3,794.18872","0.02396","0.00636","91.88722"
"157.60000","5.25326","3,794.26074","0.02412","0.00644","91.88896"
"157.67800","5.25587","3,448.30713","0.02398","0.00648","83.51070"
"157.68200","5.25610","3,095.67700","0.02398","0.00648","74.97074"
"157.68600","5.25625","2,688.76709","0.02398","0.00648","65.11625"
"157.69000","5.25647","2,266.81836","0.02398","0.00648","54.89754"
