Modulus (Segment 0.001 mm/mm - 0.008 mm/mm) : Modulus (Segment 0.001 mm/mm - 0.008 mm/mm),"6,650.52997",MPa
Poisson's ratio (Least squares fit) : Poisson's ratio (Least squares fit),"0.14309"
Specimen properties : Gauge length,"15.32000",mm
Specimen properties : Gauge length transverse,"4.95200",mm
Specimen properties : Thickness,"2.51000",mm
Specimen properties : Width,"15.11000",mm

Time,Extension,Load,Video axial strain,Video transverse strain,Calculated Stress
(s),(mm),(N),(mm/mm),(mm/mm),(MPa)
"0.00000","-0.00007","79.41982","0.00002","-0.00003","2.09407"
"0.10000","0.00127","79.07567","0.00003","-0.00009","2.08499"
"0.20000","0.00561","86.22890","0.00004","-0.00006","2.27360"
"0.30000","0.00987","93.25220","0.00003","-0.00008","2.45879"
"0.40000","0.01330","99.72533","0.00008","0.00003","2.62946"
"0.50000","0.01652","103.90612","0.00005","0.00008","2.73970"
"0.60000","0.01995","110.12173","0.00009","0.00020","2.90359"
"0.70000","0.02339","115.60761","0.00010","0.00022","3.04823"
"0.80000","0.02661","120.61683","0.00011","0.00048","3.18031"
"0.90000","0.03004","126.14149","0.00010","0.00072","3.32598"
"1.00000","0.03348","131.45903","0.00013","0.00087","3.46619"
"1.10000","0.03655","136.83806","0.00014","0.00090","3.60802"
"1.20000","0.03991","142.09093","0.00015","0.00093","3.74652"
"1.30000","0.04342","148.08743","0.00014","0.00085","3.90463"
"1.40000","0.04664","153.65938","0.00014","0.00070","4.05155"
"1.50000","0.05007","158.05389","0.00012","0.00074","4.16742"
"1.60000","0.05336","163.69815","0.00016","0.00069","4.31624"
"1.70000","0.05665","169.58772","0.00014","0.00069","4.47153"
"1.80000","0.05994","174.21515","0.00019","0.00070","4.59354"
"1.90000","0.06330","179.22922","0.00019","0.00065","4.72575"
"2.00000","0.06667","185.49164","0.00024","0.00061","4.89087"
"2.10000","0.06988","190.24268","0.00024","0.00059","5.01614"
"2.20000","0.07332","195.36926","0.00026","0.00058","5.15131"
"2.30000","0.07683","201.39552","0.00028","0.00056","5.31021"
"2.40000","0.07989","206.12509","0.00032","0.00052","5.43491"
"2.50000","0.08333","211.99854","0.00032","0.00044","5.58978"
"2.60000","0.08677","217.57237","0.00036","0.00033","5.73675"
"2.70000","0.08983","222.63844","0.00037","0.00027","5.87032"
"2.80000","0.09335","227.66623","0.00039","0.00029","6.00289"
"2.90000","0.09671","232.73643","0.00041","0.00045","6.13658"
"3.00000","0.10000","237.56438","0.00044","0.00033","6.26388"
"3.10000","0.10329","242.79269","0.00047","0.00029","6.40173"
"3.20000","0.10665","248.76678","0.00049","0.00010","6.55925"
"3.30000","0.11001","253.57297","0.00050","0.00015","6.68598"
"3.40000","0.11315","257.80737","0.00052","0.00010","6.79762"
"3.50000","0.11666","263.96259","0.00055","0.00008","6.95992"
"3.60000","0.12010","269.42413","0.00057","0.00015","7.10392"
"3.70000","0.12324","274.14612","0.00059","0.00022","7.22843"
"3.80000","0.12675","279.26584","0.00059","0.00038","7.36342"
"3.90000","0.13012","285.20813","0.00060","0.00035","7.52010"
"4.00000","0.13318","289.43121","0.00059","0.00059","7.63145"
"4.10000","0.13669","294.92712","0.00059","0.00070","7.77636"
"4.20000","0.13998","299.75839","0.00062","0.00082","7.90375"
"4.30000","0.14335","303.83636","0.00057","0.00109","8.01127"
"4.40000","0.14671","309.50256","0.00060","0.00105","8.16068"
"4.50000","0.15007","314.89920","0.00065","0.00094","8.30297"
"4.60000","0.15336","319.79227","0.00064","0.00092","8.43198"
"4.70000","0.15650","324.51343","0.00067","0.00088","8.55647"
"4.80000","0.15994","329.72504","0.00065","0.00088","8.69388"
"4.90000","0.16337","334.80933","0.00066","0.00083","8.82794"
"5.00000","0.16651","339.55801","0.00064","0.00079","8.95315"
"5.10000","0.17003","345.26404","0.00069","0.00082","9.10360"
"5.20000","0.17339","350.22275","0.00068","0.00072","9.23435"
"5.30000","0.17660","355.62411","0.00074","0.00076","9.37676"
"5.40000","0.18004","360.23630","0.00073","0.00066","9.49837"
"5.50000","0.18325","365.66742","0.00078","0.00068","9.64158"
"5.60000","0.18654","370.54059","0.00081","0.00074","9.77007"
"5.70000","0.18998","375.60013","0.00082","0.00068","9.90347"
"5.80000","0.19334","380.76694","0.00084","0.00058","10.03971"
"5.90000","0.19671","385.49936","0.00087","0.00050","10.16449"
"6.00000","0.19992","390.11023","0.00089","0.00050","10.28606"
"6.10000","0.20328","395.05408","0.00091","0.00052","10.41642"
"6.20000","0.20672","400.43326","0.00097","0.00058","10.55825"
"6.30000","0.20986","405.00504","0.00094","0.00058","10.67879"
"6.40000","0.21337","410.39874","0.00099","0.00035","10.82101"
"6.50000","0.21681","415.56400","0.00102","0.00034","10.95720"
"6.60000","0.21995","419.29175","0.00103","0.00034","11.05549"
"6.70000","0.22339","424.98880","0.00105","0.00028","11.20571"
"6.80000","0.22668","428.89441","0.00106","0.00021","11.30869"
"6.90000","0.22997","434.05838","0.00108","0.00033","11.44485"
"7.00000","0.23325","438.65302","0.00107","0.00026","11.56599"
"7.10000","0.23662","443.71957","0.00111","0.00032","11.69958"
"7.20000","0.24005","448.89539","0.00109","0.00058","11.83605"
"7.30000","0.24327","453.52048","0.00113","0.00066","11.95800"
"7.40000","0.24671","457.98813","0.00110","0.00086","12.07580"
"7.50000","0.25007","462.38095","0.00109","0.00096","12.19163"
"7.60000","0.25321","467.44916","0.00110","0.00117","12.32526"
"7.70000","0.25665","472.07480","0.00113","0.00098","12.44723"
"7.80000","0.26001","476.66574","0.00113","0.00108","12.56828"
"7.90000","0.26322","481.16675","0.00113","0.00099","12.68696"
"8.00000","0.26674","486.12180","0.00117","0.00094","12.81761"
"8.10000","0.27010","490.36670","0.00116","0.00095","12.92953"
"8.20000","0.27331","495.20599","0.00117","0.00095","13.05713"
"8.30000","0.27660","499.63724","0.00120","0.00093","13.17397"
"8.40000","0.27996","503.57059","0.00122","0.00081","13.27768"
"8.50000","0.28333","508.61783","0.00121","0.00084","13.41076"
"8.60000","0.28662","512.60339","0.00123","0.00080","13.51585"
"8.70000","0.29013","517.22278","0.00127","0.00079","13.63765"
"8.80000","0.29334","523.00250","0.00128","0.00079","13.79004"
"8.90000","0.29656","526.68695","0.00133","0.00079","13.88719"
"9.00000","0.29999","531.25208","0.00134","0.00065","14.00756"
"9.10000","0.30343","535.98755","0.00135","0.00066","14.13242"
"9.20000","0.30657","540.17212","0.00137","0.00044","14.24275"
"9.30000","0.31001","545.29669","0.00138","0.00057","14.37787"
"9.40000","0.31345","549.38092","0.00141","0.00067","14.48556"
"9.50000","0.31666","554.18158","0.00143","0.00064","14.61214"
"9.60000","0.31995","558.67261","0.00149","0.00066","14.73056"
"9.70000","0.32339","562.53937","0.00146","0.00049","14.83251"
"9.80000","0.32660","567.95709","0.00151","0.00035","14.97536"
"9.90000","0.32989","571.63928","0.00153","0.00040","15.07245"
"10.00000","0.33340","576.43268","0.00154","0.00038","15.19884"
"10.10000","0.33669","580.73737","0.00157","0.00033","15.31234"
"10.20000","0.33998","584.87372","0.00155","0.00032","15.42140"
"10.30000","0.34342","589.59949","0.00156","0.00032","15.54601"
"10.40000","0.34670","594.43976","0.00157","0.00049","15.67363"
"10.50000","0.34992","598.39178","0.00158","0.00077","15.77784"
"10.60000","0.35328","602.20782","0.00162","0.00084","15.87845"
"10.70000","0.35672","608.08032","0.00162","0.00094","16.03329"
"10.80000","0.35993","611.74182","0.00161","0.00100","16.12984"
"10.90000","0.36337","616.51074","0.00162","0.00109","16.25558"
"11.00000","0.36681","620.67505","0.00163","0.00102","16.36538"
"11.10000","0.36995","624.42145","0.00164","0.00106","16.46416"
"11.20000","0.37331","628.52814","0.00165","0.00106","16.57244"
"11.30000","0.37667","633.39581","0.00167","0.00108","16.70079"
"11.40000","0.37989","637.65399","0.00168","0.00106","16.81306"
"11.50000","0.38325","641.59692","0.00169","0.00105","16.91703"
"11.60000","0.38676","646.73297","0.00171","0.00098","17.05245"
"11.70000","0.39005","650.10706","0.00175","0.00095","17.14142"
"11.80000","0.39327","654.28650","0.00176","0.00092","17.25162"
"11.90000","0.39655","658.18292","0.00177","0.00092","17.35435"
"12.00000","0.39999","662.62506","0.00179","0.00085","17.47148"
"12.10000","0.40313","666.69958","0.00180","0.00082","17.57891"
"12.20000","0.40664","671.37622","0.00183","0.00087","17.70222"
"12.30000","0.41016","675.24414","0.00186","0.00081","17.80421"
"12.40000","0.41322","679.01917","0.00188","0.00074","17.90374"
"12.50000","0.41673","683.70520","0.00187","0.00075","18.02730"
"12.60000","0.42002","687.46729","0.00191","0.00066","18.12650"
"12.70000","0.42324","691.69440","0.00194","0.00071","18.23795"
"12.80000","0.42667","695.18243","0.00194","0.00080","18.32992"
"12.90000","0.43004","698.69611","0.00199","0.00070","18.42257"
"13.00000","0.43340","703.81561","0.00199","0.00054","18.55755"
"13.10000","0.43669","707.48895","0.00201","0.00051","18.65441"
"13.20000","0.43998","712.18500","0.00201","0.00052","18.77823"
"13.30000","0.44334","715.65424","0.00206","0.00044","18.86970"
"13.40000","0.44655","719.54828","0.00205","0.00039","18.97238"
"13.50000","0.44999","723.17078","0.00206","0.00035","19.06789"
"13.60000","0.45350","727.65662","0.00205","0.00059","19.18617"
"13.70000","0.45657","731.10553","0.00209","0.00054","19.27711"
"13.80000","0.46008","735.63867","0.00209","0.00090","19.39663"
"13.90000","0.46344","740.27521","0.00211","0.00091","19.51888"
"14.00000","0.46658","744.40161","0.00213","0.00105","19.62769"
"14.10000","0.47002","747.80609","0.00212","0.00098","19.71745"
"14.20000","0.47323","752.17340","0.00215","0.00102","19.83261"
"14.30000","0.47660","756.27112","0.00217","0.00109","19.94065"
"14.40000","0.47996","760.39655","0.00219","0.00108","20.04943"
"14.50000","0.48332","764.21625","0.00219","0.00114","20.15014"
"14.60000","0.48676","768.38971","0.00220","0.00115","20.26018"
"14.70000","0.48983","771.94946","0.00225","0.00106","20.35404"
"14.80000","0.49326","776.52386","0.00226","0.00101","20.47466"
"14.90000","0.49678","780.42303","0.00228","0.00103","20.57747"
"15.00000","0.49984","783.92963","0.00230","0.00094","20.66992"
"15.10000","0.50343","786.95013","0.00231","0.00094","20.74957"
"15.20000","0.50679","792.22937","0.00232","0.00094","20.88877"
"15.30000","0.50993","796.34766","0.00234","0.00090","20.99735"
"15.40000","0.51337","799.32819","0.00237","0.00087","21.07594"
"15.50000","0.51666","803.34650","0.00239","0.00087","21.18189"
"15.60000","0.51994","807.17224","0.00235","0.00076","21.28276"
"15.70000","0.52331","810.55249","0.00239","0.00081","21.37189"
"15.80000","0.52667","815.24878","0.00242","0.00072","21.49572"
"15.90000","0.53011","818.92841","0.00243","0.00078","21.59274"
"16.00000","0.53325","823.00354","0.00243","0.00080","21.70019"
"16.10000","0.53669","827.00391","0.00247","0.00080","21.80567"
"16.20000","0.54005","831.04175","0.00248","0.00068","21.91213"
"16.30000","0.54319","834.36993","0.00247","0.00051","21.99989"
"16.40000","0.54670","837.94568","0.00250","0.00056","22.09417"
"16.50000","0.55006","842.75006","0.00244","0.00052","22.22085"
"16.60000","0.55328","846.29285","0.00252","0.00044","22.31426"
"16.70000","0.55679","850.17023","0.00251","0.00038","22.41649"
"16.80000","0.56008","853.59717","0.00253","0.00036","22.50685"
"16.90000","0.56329","857.72729","0.00257","0.00049","22.61575"
"17.00000","0.56658","861.25629","0.00255","0.00077","22.70880"
"17.10000","0.56994","864.59863","0.00257","0.00079","22.79693"
"17.20000","0.57338","869.64734","0.00261","0.00102","22.93005"
"17.30000","0.57660","872.32904","0.00263","0.00100","23.00076"
"17.40000","0.58011","876.72314","0.00262","0.00097","23.11662"
"17.50000","0.58340","880.07312","0.00263","0.00092","23.20495"
"17.60000","0.58654","883.74353","0.00266","0.00108","23.30172"
"17.70000","0.59005","887.46960","0.00267","0.00114","23.39997"
"17.80000","0.59341","891.18750","0.00272","0.00116","23.49800"
"17.90000","0.59655","895.45148","0.00275","0.00119","23.61043"
"18.00000","0.59999","899.34570","0.00272","0.00116","23.71311"
"18.10000","0.60343","903.06476","0.00275","0.00108","23.81117"
"18.20000","0.60664","906.15900","0.00279","0.00111","23.89275"
"18.30000","0.60993","910.28687","0.00279","0.00103","24.00159"
"18.40000","0.61329","913.24811","0.00283","0.00108","24.07967"
"18.50000","0.61658","916.92468","0.00283","0.00100","24.17661"
"18.60000","0.61987","921.26050","0.00286","0.00094","24.29094"
"18.70000","0.62346","924.67517","0.00286","0.00102","24.38097"
"18.80000","0.62674","929.13696","0.00289","0.00100","24.49862"
"18.90000","0.62996","931.59247","0.00287","0.00085","24.56336"
"19.00000","0.63332","936.13312","0.00283","0.00088","24.68308"
"19.10000","0.63668","939.38708","0.00287","0.00087","24.76888"
"19.20000","0.63990","943.09540","0.00282","0.00085","24.86666"
"19.30000","0.64334","947.43146","0.00291","0.00084","24.98099"
"19.40000","0.64677","950.43536","0.00291","0.00086","25.06019"
"19.50000","0.64991","954.27625","0.00291","0.00077","25.16146"
"19.60000","0.65335","957.77057","0.00292","0.00069","25.25360"
"19.70000","0.65679","962.64856","0.00294","0.00059","25.38222"
"19.80000","0.65993","964.80090","0.00298","0.00056","25.43897"
"19.90000","0.66329","969.49542","0.00292","0.00048","25.56275"
"20.00000","0.66673","972.62543","0.00298","0.00047","25.64528"
"20.10000","0.66994","976.55066","0.00297","0.00058","25.74878"
"20.20000","0.67330","980.25714","0.00299","0.00065","25.84651"
"20.30000","0.67674","983.99066","0.00303","0.00098","25.94495"
"20.40000","0.68003","987.09045","0.00309","0.00100","26.02668"
"20.50000","0.68324","991.08710","0.00312","0.00116","26.13206"
"20.60000","0.68661","994.06921","0.00312","0.00108","26.21069"
"20.70000","0.69005","997.71985","0.00314","0.00097","26.30695"
"20.80000","0.69326","1,001.16766","0.00314","0.00096","26.39785"
"20.90000","0.69670","1,004.95990","0.00319","0.00112","26.49784"
"21.00000","0.70014","1,008.23260","0.00322","0.00125","26.58414"
"21.10000","0.70327","1,011.76093","0.00321","0.00125","26.67717"
"21.20000","0.70664","1,015.59534","0.00323","0.00124","26.77827"
"21.30000","0.71000","1,018.89838","0.00324","0.00117","26.86536"
"21.40000","0.71329","1,022.77502","0.00326","0.00114","26.96758"
"21.50000","0.71673","1,026.63110","0.00328","0.00111","27.06925"
"21.60000","0.72002","1,030.36328","0.00329","0.00107","27.16766"
"21.70000","0.72338","1,033.89197","0.00331","0.00104","27.26070"
"21.80000","0.72659","1,037.13733","0.00330","0.00098","27.34627"
"21.90000","0.72996","1,040.87170","0.00327","0.00105","27.44473"
"22.00000","0.73339","1,044.21497","0.00331","0.00100","27.53288"
"22.10000","0.73653","1,047.78662","0.00336","0.00096","27.62706"
"22.20000","0.73997","1,051.45752","0.00335","0.00101","27.72385"
"22.30000","0.74341","1,054.94702","0.00334","0.00087","27.81586"
"22.40000","0.74662","1,058.83606","0.00332","0.00093","27.91840"
"22.50000","0.75006","1,061.81812","0.00330","0.00092","27.99703"
"22.60000","0.75335","1,065.26245","0.00336","0.00097","28.08785"
"22.70000","0.75656","1,069.15942","0.00335","0.00092","28.19060"
"22.80000","0.76000","1,071.83545","0.00333","0.00075","28.26116"
"22.90000","0.76329","1,075.40283","0.00333","0.00069","28.35522"
"23.00000","0.76665","1,079.60425","0.00337","0.00072","28.46600"
"23.10000","0.76994","1,082.40405","0.00338","0.00062","28.53982"
"23.20000","0.77330","1,086.43677","0.00338","0.00052","28.64615"
"23.30000","0.77682","1,090.71753","0.00346","0.00062","28.75902"
"23.40000","0.77988","1,092.96838","0.00347","0.00061","28.81837"
"23.50000","0.78332","1,095.84253","0.00344","0.00097","28.89415"
"23.60000","0.78676","1,100.05835","0.00351","0.00106","29.00531"
"23.70000","0.78989","1,103.52393","0.00352","0.00114","29.09669"
"23.80000","0.79341","1,107.04602","0.00353","0.00109","29.18956"
"23.90000","0.79677","1,111.14893","0.00352","0.00106","29.29774"
"24.00000","0.79998","1,113.60022","0.00358","0.00097","29.36237"
"24.10000","0.80335","1,116.63000","0.00361","0.00110","29.44226"
"24.20000","0.80664","1,120.50842","0.00366","0.00115","29.54452"
"24.30000","0.81000","1,124.01099","0.00368","0.00122","29.63687"
"24.40000","0.81329","1,127.06152","0.00371","0.00128","29.71731"
"24.50000","0.81665","1,130.71619","0.00372","0.00124","29.81367"
"24.60000","0.82016","1,134.29028","0.00369","0.00126","29.90791"
"24.70000","0.82323","1,136.57593","0.00376","0.00119","29.96817"
"24.80000","0.82666","1,141.19946","0.00377","0.00123","30.09008"
"24.90000","0.83003","1,144.82886","0.00377","0.00115","30.18578"
"25.00000","0.83317","1,147.89563","0.00381","0.00112","30.26664"
"25.10000","0.83668","1,150.68176","0.00379","0.00110","30.34010"
"25.20000","0.84004","1,154.69019","0.00375","0.00111","30.44579"
"25.30000","0.84333","1,158.33521","0.00381","0.00108","30.54190"
"25.40000","0.84669","1,161.43433","0.00380","0.00119","30.62362"
"25.50000","0.84991","1,165.19470","0.00381","0.00102","30.72277"
"25.60000","0.85327","1,168.39526","0.00377","0.00093","30.80716"
"25.70000","0.85656","1,172.47290","0.00382","0.00095","30.91467"
"25.80000","0.85992","1,175.58533","0.00383","0.00096","30.99674"
"25.90000","0.86351","1,179.46277","0.00387","0.00106","31.09897"
"26.00000","0.86657","1,182.77283","0.00383","0.00095","31.18625"
"26.10000","0.87009","1,186.26562","0.00384","0.00075","31.27835"
"26.20000","0.87338","1,189.05396","0.00386","0.00080","31.35186"
"26.30000","0.87651","1,191.49500","0.00388","0.00087","31.41623"
"26.40000","0.88003","1,195.27405","0.00388","0.00086","31.51587"
"26.50000","0.88339","1,199.11938","0.00392","0.00070","31.61726"
"26.60000","0.88668","1,202.00659","0.00391","0.00086","31.69339"
"26.70000","0.89004","1,205.81152","0.00397","0.00096","31.79371"
"26.80000","0.89340","1,209.22876","0.00399","0.00107","31.88382"
"26.90000","0.89669","1,212.16125","0.00404","0.00114","31.96114"
"27.00000","0.89991","1,215.23328","0.00403","0.00116","32.04214"
"27.10000","0.90327","1,218.73523","0.00403","0.00104","32.13447"
"27.20000","0.90671","1,222.15186","0.00414","0.00115","32.22456"
"27.30000","0.90985","1,225.67065","0.00408","0.00124","32.31734"
"27.40000","0.91343","1,228.70825","0.00411","0.00121","32.39743"
"27.50000","0.91672","1,232.33142","0.00416","0.00119","32.49297"
"27.60000","0.91986","1,234.74841","0.00416","0.00143","32.55669"
"27.70000","0.92337","1,238.64697","0.00418","0.00142","32.65949"
"27.80000","0.92666","1,242.49072","0.00422","0.00131","32.76083"
"27.90000","0.92988","1,245.40503","0.00422","0.00133","32.83768"
"28.00000","0.93339","1,248.55811","0.00423","0.00126","32.92081"
"28.10000","0.93675","1,251.37585","0.00426","0.00128","32.99511"
"28.20000","0.94004","1,255.04626","0.00429","0.00124","33.09189"
"28.30000","0.94333","1,258.65540","0.00428","0.00118","33.18705"
"28.40000","0.94669","1,261.58044","0.00431","0.00119","33.26418"
"28.50000","0.94991","1,264.74792","0.00430","0.00115","33.34769"
"28.60000","0.95319","1,267.04749","0.00430","0.00108","33.40833"
"28.70000","0.95671","1,270.80151","0.00428","0.00103","33.50731"
"28.80000","0.96007","1,274.23279","0.00431","0.00100","33.59778"
"28.90000","0.96328","1,276.87561","0.00432","0.00102","33.66747"
"29.00000","0.96672","1,280.85669","0.00431","0.00108","33.77243"
"29.10000","0.97008","1,283.54126","0.00434","0.00109","33.84322"
"29.20000","0.97322","1,286.69348","0.00434","0.00093","33.92633"
"29.30000","0.97666","1,290.08838","0.00433","0.00091","34.01585"
"29.40000","0.98010","1,292.73108","0.00437","0.00088","34.08553"
"29.50000","0.98331","1,296.28699","0.00437","0.00084","34.17929"
"29.60000","0.98668","1,299.43103","0.00439","0.00090","34.26218"
"29.70000","0.99011","1,301.76978","0.00438","0.00084","34.32385"
"29.80000","0.99325","1,305.60620","0.00442","0.00092","34.42501"
"29.90000","0.99654","1,308.69934","0.00444","0.00084","34.50656"
"30.00000","0.99998","1,311.79749","0.00444","0.00099","34.58825"
"30.10000","1.00327","1,314.81042","0.00454","0.00102","34.66769"
"30.20000","1.00663","1,317.76025","0.00459","0.00124","34.74547"
"30.30000","1.01007","1,321.35522","0.00453","0.00120","34.84026"
"30.40000","1.01343","1,323.53674","0.00453","0.00124","34.89778"
"30.50000","1.01657","1,326.99939","0.00456","0.00130","34.98908"
"30.60000","1.02001","1,330.29224","0.00459","0.00132","35.07590"
"30.70000","1.02337","1,332.98035","0.00464","0.00117","35.14678"
"30.80000","1.02651","1,336.19788","0.00468","0.00127","35.23162"
"30.90000","1.03002","1,339.35291","0.00473","0.00147","35.31481"
"31.00000","1.03346","1,342.22046","0.00478","0.00146","35.39042"
"31.10000","1.03660","1,346.35376","0.00471","0.00143","35.49940"
"31.20000","1.03996","1,348.22009","0.00470","0.00142","35.54861"
"31.30000","1.04333","1,351.66370","0.00475","0.00137","35.63941"
"31.40000","1.04662","1,354.87463","0.00473","0.00141","35.72407"
"31.50000","1.04998","1,357.21484","0.00480","0.00135","35.78577"
"31.60000","1.05334","1,359.90015","0.00476","0.00130","35.85658"
"31.70000","1.05678","1,363.48535","0.00478","0.00129","35.95111"
"31.80000","1.05999","1,366.43372","0.00478","0.00125","36.02885"
"31.90000","1.06336","1,369.76367","0.00480","0.00122","36.11665"
"32.00000","1.06679","1,372.82092","0.00482","0.00123","36.19726"
"32.10000","1.06986","1,375.59570","0.00480","0.00114","36.27042"
"32.20000","1.07330","1,377.60913","0.00483","0.00122","36.32351"
"32.30000","1.07681","1,381.98657","0.00491","0.00124","36.43893"
"32.40000","1.07995","1,383.77808","0.00484","0.00104","36.48617"
"32.50000","1.08339","1,387.57581","0.00492","0.00111","36.58630"
"32.60000","1.08675","1,390.44446","0.00484","0.00107","36.66194"
"32.70000","1.08996","1,393.28577","0.00491","0.00104","36.73686"
"32.80000","1.09325","1,396.91052","0.00489","0.00100","36.83243"
"32.90000","1.09661","1,399.75293","0.00501","0.00100","36.90738"
"33.00000","1.09998","1,402.52625","0.00499","0.00098","36.98050"
"33.10000","1.10327","1,406.41895","0.00497","0.00083","37.08314"
"33.20000","1.10670","1,409.39270","0.00500","0.00103","37.16155"
"33.30000","1.11014","1,411.43176","0.00507","0.00123","37.21532"
"33.40000","1.11313","1,415.26440","0.00509","0.00125","37.31637"
"33.50000","1.11657","1,417.92847","0.00514","0.00133","37.38662"
"33.60000","1.12001","1,420.91638","0.00516","0.00129","37.46540"
"33.70000","1.12315","1,423.98853","0.00513","0.00135","37.54640"
"33.80000","1.12673","1,427.15210","0.00521","0.00136","37.62981"
"33.90000","1.13010","1,429.60864","0.00518","0.00141","37.69459"
"34.00000","1.13331","1,433.05469","0.00517","0.00130","37.78545"
"34.10000","1.13667","1,435.51001","0.00518","0.00137","37.85019"
"34.20000","1.13996","1,438.77747","0.00523","0.00154","37.93634"
"34.30000","1.14332","1,442.29553","0.00525","0.00161","38.02910"
"34.40000","1.14654","1,444.21277","0.00527","0.00157","38.07965"
"34.50000","1.15005","1,447.29846","0.00527","0.00155","38.16101"
"34.60000","1.15349","1,450.67334","0.00527","0.00151","38.25000"
"34.70000","1.15663","1,453.84241","0.00529","0.00145","38.33356"
"34.80000","1.16007","1,457.14697","0.00532","0.00146","38.42069"
"34.90000","1.16343","1,459.35254","0.00533","0.00145","38.47884"
"35.00000","1.16649","1,463.21631","0.00536","0.00136","38.58072"
"35.10000","1.17008","1,465.53894","0.00536","0.00134","38.64196"
"35.20000","1.17344","1,468.80383","0.00537","0.00140","38.72805"
"35.30000","1.17666","1,471.67578","0.00541","0.00122","38.80377"
"35.40000","1.18002","1,475.18848","0.00537","0.00121","38.89639"
"35.50000","1.18331","1,477.24194","0.00544","0.00127","38.95053"
"35.60000","1.18667","1,481.06494","0.00547","0.00112","39.05134"
"35.70000","1.18989","1,483.34070","0.00548","0.00110","39.11134"
"35.80000","1.19325","1,486.29199","0.00550","0.00113","39.18916"
"35.90000","1.19669","1,489.65259","0.00550","0.00114","39.27777"
"36.00000","1.19990","1,491.39880","0.00554","0.00110","39.32381"
"36.10000","1.20341","1,495.02930","0.00559","0.00113","39.41954"
"36.20000","1.20678","1,497.95447","0.00555","0.00104","39.49667"
"36.30000","1.20984","1,501.05481","0.00560","0.00107","39.57841"
"36.40000","1.21335","1,504.02100","0.00562","0.00100","39.65662"
"36.50000","1.21672","1,505.87671","0.00562","0.00119","39.70555"
"36.60000","1.21993","1,508.53833","0.00566","0.00106","39.77573"
"36.70000","1.22337","1,512.44360","0.00567","0.00137","39.87870"
"36.80000","1.22673","1,515.26135","0.00569","0.00140","39.95300"
"36.90000","1.23002","1,518.53259","0.00567","0.00144","40.03925"
"37.00000","1.23323","1,520.42175","0.00570","0.00127","40.08906"
"37.10000","1.23667","1,523.01721","0.00576","0.00142","40.15750"
"37.20000","1.24003","1,525.85278","0.00570","0.00138","40.23226"
"37.30000","1.24325","1,528.38257","0.00573","0.00138","40.29897"
"37.40000","1.24676","1,531.80762","0.00575","0.00146","40.38927"
"37.50000","1.25005","1,534.39990","0.00578","0.00158","40.45762"
"37.60000","1.25319","1,536.58301","0.00580","0.00165","40.51519"
"37.70000","1.25670","1,540.18774","0.00582","0.00162","40.61023"
"37.80000","1.25999","1,542.29333","0.00580","0.00162","40.66575"
"37.90000","1.26320","1,544.60999","0.00583","0.00156","40.72683"
"38.00000","1.26664","1,547.76074","0.00590","0.00155","40.80991"
"38.10000","1.27008","1,550.29199","0.00588","0.00154","40.87665"
"38.20000","1.27337","1,553.88855","0.00593","0.00149","40.97148"
"38.30000","1.27666","1,555.55872","0.00590","0.00147","41.01552"
"38.40000","1.28002","1,559.00122","0.00588","0.00145","41.10629"
"38.50000","1.28323","1,561.61829","0.00593","0.00145","41.17529"
"38.60000","1.28652","1,563.70398","0.00598","0.00155","41.23029"
"38.70000","1.29003","1,566.63843","0.00599","0.00146","41.30766"
"38.80000","1.29340","1,570.57861","0.00605","0.00126","41.41155"
"38.90000","1.29661","1,573.29871","0.00604","0.00127","41.48327"
"39.00000","1.30005","1,575.69666","0.00606","0.00117","41.54650"
"39.10000","1.30341","1,578.84680","0.00606","0.00120","41.62956"
"39.20000","1.30655","1,580.98083","0.00612","0.00120","41.68583"
"39.30000","1.30999","1,583.06104","0.00615","0.00122","41.74068"
"39.40000","1.31335","1,586.81140","0.00614","0.00121","41.83956"
"39.50000","1.31664","1,589.93286","0.00618","0.00114","41.92186"
"39.60000","1.32000","1,592.37817","0.00619","0.00116","41.98634"
"39.70000","1.32337","1,594.58447","0.00617","0.00117","42.04451"
"39.80000","1.32665","1,598.03943","0.00621","0.00104","42.13561"
"39.90000","1.32987","1,599.52600","0.00622","0.00102","42.17481"
"40.00000","1.33331","1,602.36829","0.00624","0.00107","42.24975"
"40.10000","1.33667","1,605.17688","0.00629","0.00137","42.32381"
"40.20000","1.33996","1,607.67566","0.00628","0.00149","42.38969"
"40.30000","1.34340","1,610.42676","0.00629","0.00157","42.46223"
"40.40000","1.34676","1,613.92114","0.00629","0.00143","42.55437"
"40.50000","1.34997","1,615.70459","0.00628","0.00143","42.60139"
"40.60000","1.35326","1,618.25061","0.00634","0.00146","42.66852"
"40.70000","1.35670","1,621.07776","0.00632","0.00153","42.74306"
"40.80000","1.35991","1,623.84229","0.00632","0.00149","42.81596"
"40.90000","1.36335","1,626.89551","0.00632","0.00153","42.89646"
"41.00000","1.36679","1,630.10303","0.00635","0.00164","42.98103"
"41.10000","1.36993","1,632.21448","0.00636","0.00162","43.03671"
"41.20000","1.37329","1,634.53967","0.00638","0.00163","43.09801"
"41.30000","1.37665","1,637.42151","0.00641","0.00162","43.17400"
"41.40000","1.37994","1,640.21948","0.00641","0.00158","43.24778"
"41.50000","1.38323","1,642.33386","0.00643","0.00156","43.30353"
"41.60000","1.38667","1,645.66455","0.00648","0.00151","43.39135"
"41.70000","1.39011","1,648.65161","0.00649","0.00150","43.47011"
"41.80000","1.39332","1,651.45496","0.00650","0.00147","43.54402"
"41.90000","1.39668","1,654.11304","0.00651","0.00157","43.61411"
"42.00000","1.40012","1,656.16138","0.00653","0.00131","43.66812"
"42.10000","1.40319","1,659.38525","0.00657","0.00133","43.75312"
"42.20000","1.40662","1,661.49268","0.00660","0.00121","43.80869"
"42.30000","1.41006","1,664.45630","0.00661","0.00118","43.88683"
"42.40000","1.41327","1,666.88879","0.00666","0.00120","43.95097"
"42.50000","1.41671","1,669.69202","0.00667","0.00126","44.02488"
"42.60000","1.42008","1,672.30420","0.00667","0.00119","44.09376"
"42.70000","1.42329","1,674.81995","0.00670","0.00125","44.16009"
"42.80000","1.42658","1,677.19238","0.00673","0.00121","44.22264"
"42.90000","1.42994","1,680.00964","0.00673","0.00113","44.29692"
"43.00000","1.43338","1,682.10291","0.00675","0.00111","44.35212"
"43.10000","1.43659","1,685.09851","0.00677","0.00110","44.43110"
"43.20000","1.44003","1,688.21753","0.00678","0.00115","44.51334"
"43.30000","1.44347","1,690.09412","0.00678","0.00110","44.56282"
"43.40000","1.44653","1,692.11682","0.00681","0.00142","44.61616"
"43.50000","1.44997","1,694.97314","0.00682","0.00154","44.69147"
"43.60000","1.45341","1,698.12390","0.00682","0.00172","44.77455"
"43.70000","1.45655","1,700.25354","0.00682","0.00164","44.83070"
"43.80000","1.46006","1,703.46252","0.00683","0.00147","44.91531"
"43.90000","1.46342","1,705.89124","0.00686","0.00153","44.97935"
"44.00000","1.46664","1,708.11975","0.00685","0.00157","45.03811"
"44.10000","1.47000","1,710.90833","0.00685","0.00154","45.11163"
"44.20000","1.47321","1,713.46741","0.00685","0.00165","45.17911"
"44.30000","1.47665","1,716.16333","0.00687","0.00180","45.25019"
"44.40000","1.47987","1,718.89258","0.00689","0.00168","45.32215"
"44.50000","1.48338","1,720.52527","0.00690","0.00168","45.36520"
"44.60000","1.48682","1,723.51672","0.00693","0.00170","45.44408"
"44.70000","1.48988","1,725.44568","0.00694","0.00173","45.49494"
"44.80000","1.49339","1,727.66406","0.00697","0.00167","45.55343"
"44.90000","1.49676","1,731.36890","0.00699","0.00157","45.65112"
"45.00000","1.49982","1,733.33679","0.00699","0.00159","45.70301"
"45.10000","1.50333","1,735.78857","0.00705","0.00165","45.76765"
"45.20000","1.50670","1,739.25342","0.00706","0.00164","45.85901"
"45.30000","1.50998","1,740.96729","0.00707","0.00158","45.90420"
"45.40000","1.51342","1,743.62549","0.00711","0.00147","45.97429"
"45.50000","1.51671","1,746.35718","0.00714","0.00146","46.04631"
"45.60000","1.52000","1,748.93481","0.00715","0.00139","46.11428"
"45.70000","1.52329","1,750.39417","0.00717","0.00139","46.15276"
"45.80000","1.52665","1,753.55261","0.00721","0.00135","46.23604"
"45.90000","1.53001","1,755.88574","0.00722","0.00128","46.29756"
"46.00000","1.53323","1,757.89258","0.00727","0.00131","46.35047"
"46.10000","1.53674","1,761.25818","0.00728","0.00130","46.43921"
"46.20000","1.54010","1,764.16992","0.00727","0.00124","46.51599"
"46.30000","1.54317","1,765.89734","0.00730","0.00130","46.56153"
"46.40000","1.54668","1,768.88599","0.00731","0.00126","46.64034"
"46.50000","1.54997","1,770.85229","0.00731","0.00132","46.69218"
"46.60000","1.55318","1,773.41956","0.00734","0.00132","46.75987"
"46.70000","1.55669","1,775.70825","0.00732","0.00141","46.82022"
"46.80000","1.56006","1,778.65869","0.00735","0.00171","46.89801"
"46.90000","1.56327","1,780.68262","0.00733","0.00184","46.95138"
"47.00000","1.56656","1,783.17590","0.00735","0.00155","47.01712"
"47.10000","1.57000","1,786.07947","0.00734","0.00159","47.09368"
"47.20000","1.57329","1,789.04419","0.00737","0.00163","47.17185"
"47.30000","1.57650","1,790.11633","0.00737","0.00165","47.20012"
"47.40000","1.58001","1,793.57251","0.00739","0.00167","47.29124"
"47.50000","1.58345","1,795.84253","0.00740","0.00159","47.35110"
"47.60000","1.58666","1,798.82886","0.00740","0.00185","47.42984"
"47.70000","1.59003","1,800.79272","0.00740","0.00181","47.48162"
"47.80000","1.59339","1,802.88440","0.00742","0.00178","47.53677"
"47.90000","1.59653","1,805.75452","0.00746","0.00177","47.61245"
"48.00000","1.59997","1,808.06726","0.00747","0.00176","47.67343"
"48.10000","1.60341","1,810.19714","0.00748","0.00168","47.72959"
"48.20000","1.60669","1,812.82251","0.00751","0.00167","47.79881"
"48.30000","1.60998","1,814.59766","0.00754","0.00169","47.84562"
"48.40000","1.61335","1,816.96191","0.00756","0.00169","47.90796"
"48.50000","1.61663","1,820.73950","0.00757","0.00168","48.00756"
"48.60000","1.61985","1,821.88489","0.00761","0.00166","48.03776"
"48.70000","1.62329","1,824.74609","0.00764","0.00157","48.11320"
"48.80000","1.62665","1,827.74829","0.00765","0.00149","48.19236"
"48.90000","1.62994","1,829.29797","0.00769","0.00149","48.23322"
"49.00000","1.63337","1,832.13037","0.00773","0.00143","48.30790"
"49.10000","1.63674","1,834.33984","0.00774","0.00145","48.36616"
"49.20000","1.63988","1,835.96167","0.00775","0.00139","48.40892"
"49.30000","1.64331","1,837.99915","0.00777","0.00133","48.46265"
"49.40000","1.64668","1,842.04260","0.00781","0.00137","48.56926"
"49.50000","1.64989","1,843.45227","0.00781","0.00132","48.60643"
"49.60000","1.65333","1,845.52710","0.00785","0.00134","48.66114"
"49.70000","1.65677","1,848.84070","0.00786","0.00131","48.74850"
"49.80000","1.65998","1,850.76721","0.00785","0.00137","48.79930"
"49.90000","1.66327","1,852.42346","0.00787","0.00135","48.84297"
"50.00000","1.66663","1,855.49634","0.00787","0.00143","48.92400"
"50.10000","1.67000","1,857.70728","0.00787","0.00152","48.98229"
"50.20000","1.67328","1,860.05908","0.00790","0.00158","49.04430"
"50.30000","1.67672","1,862.22644","0.00791","0.00168","49.10145"
"50.40000","1.68016","1,864.57153","0.00790","0.00173","49.16328"
"50.50000","1.68330","1,867.01318","0.00791","0.00169","49.22766"
"50.60000","1.68666","1,869.18921","0.00791","0.00170","49.28504"
"50.70000","1.69003","1,871.75647","0.00798","0.00171","49.35273"
"50.80000","1.69324","1,873.69263","0.00794","0.00184","49.40378"
"50.90000","1.69660","1,876.13428","0.00795","0.00185","49.46816"
"51.00000","1.70011","1,878.63416","0.00795","0.00194","49.53407"
"51.10000","1.70333","1,880.99219","0.00799","0.00183","49.59624"
"51.20000","1.70669","1,883.07690","0.00798","0.00184","49.65121"
"51.30000","1.70998","1,885.07190","0.00802","0.00184","49.70382"
"51.40000","1.71327","1,887.62231","0.00802","0.00184","49.77106"
"51.50000","1.71656","1,889.47913","0.00804","0.00179","49.82002"
"51.60000","1.71992","1,891.54785","0.00807","0.00180","49.87457"
"51.70000","1.72343","1,895.51697","0.00810","0.00190","49.97922"
"51.80000","1.72665","1,896.78223","0.00811","0.00192","50.01258"
"51.90000","1.73001","1,898.16638","0.00813","0.00180","50.04908"
"52.00000","1.73345","1,900.93591","0.00818","0.00170","50.12210"
"52.10000","1.73651","1,903.60974","0.00819","0.00171","50.19260"
"52.20000","1.74002","1,905.42737","0.00821","0.00163","50.24053"
"52.30000","1.74339","1,908.15857","0.00825","0.00150","50.31254"
"52.40000","1.74660","1,910.94348","0.00825","0.00149","50.38597"
"52.50000","1.75004","1,912.06677","0.00828","0.00155","50.41559"
"52.60000","1.75348","1,914.57715","0.00831","0.00152","50.48178"
"52.70000","1.75662","1,916.73938","0.00831","0.00147","50.53880"
"52.80000","1.75990","1,918.74341","0.00832","0.00140","50.59164"
"52.90000","1.76327","1,921.18433","0.00837","0.00147","50.65599"
"53.00000","1.76663","1,922.99146","0.00834","0.00141","50.70364"
"53.10000","1.76984","1,924.34912","0.00838","0.00146","50.73944"
"53.20000","1.77336","1,927.69263","0.00838","0.00140","50.82760"
"53.30000","1.77687","1,930.63428","0.00838","0.00157","50.90516"
"53.40000","1.77986","1,931.57739","0.00841","0.00159","50.93003"
"53.50000","1.78337","1,933.93774","0.00842","0.00150","50.99226"
"53.60000","1.78673","1,936.94873","0.00844","0.00151","51.07166"
"53.70000","1.78987","1,938.77002","0.00842","0.00161","51.11968"
"53.80000","1.79339","1,940.69385","0.00841","0.00177","51.17040"
"53.90000","1.79675","1,943.43958","0.00847","0.00180","51.24280"
"54.00000","1.80004","1,944.80737","0.00849","0.00176","51.27887"
"54.10000","1.80333","1,947.11926","0.00847","0.00180","51.33982"
"54.20000","1.80669","1,949.29639","0.00849","0.00196","51.39723"
"54.30000","1.80998","1,951.37805","0.00852","0.00194","51.45211"
"54.40000","1.81319","1,953.55774","0.00852","0.00193","51.50959"
"54.50000","1.81663","1,956.08044","0.00852","0.00195","51.57610"
"54.60000","1.82014","1,958.55237","0.00854","0.00187","51.64128"
"54.70000","1.82328","1,960.00562","0.00857","0.00183","51.67960"
"54.80000","1.82672","1,963.32483","0.00859","0.00186","51.76712"
"54.90000","1.83008","1,965.34094","0.00862","0.00190","51.82027"
"55.00000","1.83315","1,966.26819","0.00863","0.00185","51.84472"
"55.10000","1.83673","1,969.01245","0.00866","0.00184","51.91708"
"55.20000","1.84002","1,971.72314","0.00866","0.00196","51.98856"
"55.30000","1.84331","1,973.84155","0.00869","0.00171","52.04441"
"55.40000","1.84667","1,976.19421","0.00870","0.00176","52.10645"
"55.50000","1.85004","1,977.94312","0.00873","0.00174","52.15256"
"55.60000","1.85333","1,980.42151","0.00876","0.00158","52.21791"
"55.70000","1.85654","1,982.40002","0.00876","0.00157","52.27007"
"55.80000","1.85998","1,984.27087","0.00877","0.00154","52.31940"
"55.90000","1.86334","1,986.65613","0.00880","0.00153","52.38229"
"56.00000","1.86655","1,988.40906","0.00882","0.00154","52.42851"
"56.10000","1.87007","1,991.42993","0.00883","0.00152","52.50817"
"56.20000","1.87343","1,993.53491","0.00890","0.00156","52.56367"
"56.30000","1.87657","1,995.37402","0.00886","0.00155","52.61216"
"56.40000","1.88001","1,997.79126","0.00887","0.00155","52.67590"
"56.50000","1.88337","1,999.76025","0.00891","0.00157","52.72781"
"56.60000","1.88666","2,002.73242","0.00891","0.00176","52.80618"
"56.70000","1.89002","2,004.15906","0.00892","0.00152","52.84380"
"56.80000","1.89338","2,006.18689","0.00894","0.00151","52.89726"
"56.90000","1.89675","2,008.94714","0.00897","0.00163","52.97004"
"57.00000","1.89996","2,010.89734","0.00896","0.00182","53.02147"
"57.10000","1.90332","2,013.09509","0.00897","0.00181","53.07941"
"57.20000","1.90669","2,015.01831","0.00899","0.00189","53.13012"
"57.30000","1.90983","2,017.50842","0.00902","0.00186","53.19578"
"57.40000","1.91334","2,020.08484","0.00903","0.00193","53.26371"
"57.50000","1.91678","2,022.56445","0.00904","0.00216","53.32909"
"57.60000","1.91992","2,024.14709","0.00908","0.00215","53.37082"
"57.70000","1.92335","2,025.53882","0.00907","0.00209","53.40752"
"57.80000","1.92664","2,028.48206","0.00908","0.00210","53.48512"
"57.90000","1.92986","2,030.06921","0.00911","0.00200","53.52697"
"58.00000","1.93329","2,032.24158","0.00913","0.00204","53.58425"
"58.10000","1.93666","2,035.15442","0.00914","0.00196","53.66105"
"58.20000","1.94002","2,037.03796","0.00914","0.00200","53.71072"
"58.30000","1.94331","2,038.82861","0.00916","0.00205","53.75793"
"58.40000","1.94675","2,041.92236","0.00919","0.00206","53.83950"
"58.50000","1.94996","2,043.75476","0.00919","0.00214","53.88782"
"58.60000","1.95317","2,045.03931","0.00922","0.00189","53.92169"
"58.70000","1.95669","2,047.16785","0.00924","0.00193","53.97781"
"58.80000","1.96005","2,049.55615","0.00922","0.00190","54.04078"
"58.90000","1.96334","2,051.86353","0.00925","0.00179","54.10162"
"59.00000","1.96670","2,053.67358","0.00929","0.00176","54.14935"
"59.10000","1.97006","2,056.53149","0.00929","0.00165","54.22470"
"59.20000","1.97328","2,058.26538","0.00929","0.00167","54.27042"
"59.30000","1.97657","2,060.88062","0.00930","0.00166","54.33937"
"59.40000","1.98000","2,062.47876","0.00935","0.00160","54.38152"
"59.50000","1.98322","2,064.65747","0.00933","0.00164","54.43896"
"59.60000","1.98666","2,066.37207","0.00935","0.00164","54.48417"
"59.70000","1.99009","2,069.35522","0.00936","0.00153","54.56283"
"59.80000","1.99331","2,070.77515","0.00941","0.00159","54.60027"
"59.90000","1.99652","2,072.82593","0.00943","0.00173","54.65434"
"60.00000","1.99996","2,074.58618","0.00945","0.00163","54.70075"
"60.10000","2.00332","2,077.42285","0.00946","0.00157","54.77555"
"60.20000","2.00654","2,078.81201","0.00949","0.00158","54.81218"
"60.30000","2.01005","2,081.16895","0.00949","0.00176","54.87432"
"60.40000","2.01341","2,083.43237","0.00952","0.00193","54.93400"
"60.50000","2.01663","2,085.08081","0.00954","0.00190","54.97746"
"60.60000","2.01999","2,086.89209","0.00954","0.00194","55.02522"
"60.70000","2.02343","2,089.25317","0.00954","0.00197","55.08748"
"60.80000","2.02657","2,090.92480","0.00958","0.00202","55.13155"
"60.90000","2.03000","2,092.68359","0.00962","0.00215","55.17793"
"61.00000","2.03352","2,095.41675","0.00962","0.00211","55.24999"
"61.10000","2.03666","2,097.73145","0.00964","0.00210","55.31102"
"61.20000","2.04002","2,098.31104","0.00963","0.00201","55.32631"
"61.30000","2.04338","2,101.52539","0.00967","0.00195","55.41106"
"61.40000","2.04667","2,103.45459","0.00966","0.00199","55.46193"
"61.50000","2.04988","2,105.56934","0.00971","0.00189","55.51768"
"61.60000","2.05332","2,107.18652","0.00970","0.00198","55.56033"
"61.70000","2.05676","2,109.94824","0.00972","0.00205","55.63314"
"61.80000","2.05990","2,110.74268","0.00974","0.00202","55.65409"
"61.90000","2.06334","2,113.15381","0.00973","0.00186","55.71767"
"62.00000","2.06677","2,115.83887","0.00974","0.00180","55.78846"
"62.10000","2.06984","2,116.34521","0.00975","0.00174","55.80182"
"62.20000","2.07328","2,119.05957","0.00978","0.00173","55.87339"
"62.30000","2.07671","2,121.89233","0.00976","0.00165","55.94807"
"62.40000","2.07993","2,123.48096","0.00978","0.00155","55.98996"
"62.50000","2.08337","2,125.42383","0.00981","0.00160","56.04119"
"62.60000","2.08673","2,128.03149","0.00981","0.00162","56.10995"
"62.70000","2.09002","2,129.37549","0.00983","0.00161","56.14539"
"62.80000","2.09323","2,130.78613","0.00985","0.00159","56.18258"
"62.90000","2.09659","2,132.89697","0.00986","0.00157","56.23824"
"63.00000","2.09996","2,135.04614","0.00989","0.00161","56.29490"
"63.10000","2.10317","2,136.43896","0.00991","0.00166","56.33163"
"63.20000","2.10668","2,139.17969","0.00994","0.00161","56.40389"
"63.30000","2.11020","2,141.95654","0.00994","0.00144","56.47711"
"63.40000","2.11326","2,143.30518","0.00997","0.00149","56.51267"
"63.50000","2.11662","2,144.74268","0.01003","0.00160","56.55057"
"63.60000","2.12006","2,146.70776","0.01003","0.00177","56.60239"
"63.70000","2.12320","2,148.86841","0.01005","0.00189","56.65936"
"63.80000","2.12671","2,151.12769","0.01004","0.00195","56.71893"
"63.90000","2.13008","2,152.36035","0.01010","0.00187","56.75143"
"64.00000","2.13329","2,154.03735","0.01014","0.00198","56.79565"
"64.10000","2.13665","2,156.70776","0.01017","0.00209","56.86606"
"64.20000","2.14002","2,159.13550","0.01015","0.00204","56.93007"
"64.30000","2.14338","2,160.26318","0.01012","0.00204","56.95980"
"64.40000","2.14652","2,161.56689","0.01016","0.00207","56.99418"
"64.50000","2.15003","2,164.47217","0.01016","0.00200","57.07078"
"64.60000","2.15347","2,166.49194","0.01020","0.00200","57.12404"
"64.70000","2.15653","2,167.71802","0.01023","0.00202","57.15636"
"64.80000","2.16005","2,169.79883","0.01024","0.00198","57.21123"
"64.90000","2.16341","2,172.51489","0.01024","0.00205","57.28284"
"65.00000","2.16655","2,173.71802","0.01021","0.00204","57.31457"
"65.10000","2.17006","2,175.89429","0.01025","0.00197","57.37195"
"65.20000","2.17335","2,178.04492","0.01022","0.00179","57.42865"
"65.30000","2.17664","2,179.74365","0.01026","0.00184","57.47345"
"65.40000","2.18000","2,182.35327","0.01025","0.00174","57.54226"
"65.50000","2.18336","2,184.06812","0.01025","0.00175","57.58747"
"65.60000","2.18665","2,186.36353","0.01029","0.00169","57.64799"
"65.70000","2.18987","2,187.01416","0.01031","0.00163","57.66515"
"65.80000","2.19323","2,189.68555","0.01033","0.00153","57.73558"
"65.90000","2.19667","2,191.97729","0.01034","0.00155","57.79601"
"66.00000","2.19988","2,193.41406","0.01032","0.00163","57.83389"
"66.10000","2.20339","2,195.72827","0.01033","0.00155","57.89491"
"66.20000","2.20676","2,197.32422","0.01035","0.00154","57.93699"
"66.30000","2.20990","2,199.95679","0.01041","0.00157","58.00641"
"66.40000","2.21333","2,202.47632","0.01037","0.00138","58.07284"
"66.50000","2.21655","2,203.05542","0.01040","0.00133","58.08811"
"66.60000","2.21991","2,204.97168","0.01042","0.00145","58.13863"
"66.70000","2.22327","2,207.03955","0.01048","0.00157","58.19316"
"66.80000","2.22671","2,209.83594","0.01052","0.00154","58.26689"
"66.90000","2.23007","2,211.50146","0.01053","0.00171","58.31081"
"67.00000","2.23329","2,213.46118","0.01056","0.00174","58.36248"
"67.10000","2.23673","2,214.77637","0.01061","0.00192","58.39716"
"67.20000","2.24001","2,217.60522","0.01059","0.00189","58.47174"
"67.30000","2.24315","2,218.69922","0.01063","0.00193","58.50059"
"67.40000","2.24674","2,221.36450","0.01065","0.00187","58.57087"
"67.50000","2.25010","2,223.13916","0.01064","0.00204","58.61766"
"67.60000","2.25332","2,224.66675","0.01068","0.00208","58.65794"
"67.70000","2.25676","2,227.65845","0.01071","0.00208","58.73682"
"67.80000","2.26004","2,228.80347","0.01073","0.00207","58.76701"
"67.90000","2.26333","2,230.14209","0.01076","0.00203","58.80230"
"68.00000","2.26662","2,232.72412","0.01075","0.00196","58.87038"
"68.10000","2.26998","2,233.69702","0.01074","0.00197","58.89604"
"68.20000","2.27335","2,236.33765","0.01072","0.00200","58.96566"
"68.30000","2.27664","2,238.22705","0.01076","0.00202","59.01548"
"68.40000","2.28007","2,240.26245","0.01076","0.00198","59.06915"
"68.50000","2.28336","2,242.45386","0.01074","0.00179","59.12693"
"68.60000","2.28650","2,243.43115","0.01076","0.00180","59.15270"
"68.70000","2.29001","2,246.28906","0.01076","0.00180","59.22805"
"68.80000","2.29338","2,247.66943","0.01080","0.00176","59.26445"
"68.90000","2.29659","2,249.55615","0.01082","0.00169","59.31420"
"69.00000","2.30010","2,252.14282","0.01079","0.00152","59.38240"
"69.10000","2.30347","2,254.06665","0.01082","0.00156","59.43312"
"69.20000","2.30660","2,255.12280","0.01083","0.00160","59.46097"
"69.30000","2.30997","2,257.10596","0.01085","0.00157","59.51326"
"69.40000","2.31341","2,258.77295","0.01086","0.00156","59.55722"
"69.50000","2.31662","2,261.14600","0.01086","0.00153","59.61979"
"69.60000","2.31998","2,263.30396","0.01091","0.00158","59.67669"
"69.70000","2.32350","2,265.14087","0.01092","0.00137","59.72512"
"69.80000","2.32671","2,267.16968","0.01098","0.00145","59.77861"
"69.90000","2.32992","2,269.00317","0.01100","0.00146","59.82696"
"70.00000","2.33336","2,270.55859","0.01105","0.00164","59.86797"
"70.10000","2.33672","2,273.92603","0.01104","0.00169","59.95676"
"70.20000","2.33986","2,275.00220","0.01104","0.00171","59.98513"
"70.30000","2.34330","2,276.00366","0.01108","0.00191","60.01154"
"70.40000","2.34681","2,278.84082","0.01112","0.00188","60.08635"
"70.50000","2.35003","2,280.76514","0.01115","0.00190","60.13708"
"70.60000","2.35332","2,282.36475","0.01120","0.00192","60.17926"
"70.70000","2.35668","2,284.11450","0.01119","0.00192","60.22540"
"70.80000","2.35982","2,286.39331","0.01118","0.00190","60.28548"
"70.90000","2.36326","2,288.16138","0.01120","0.00205","60.33210"
"71.00000","2.36669","2,290.57373","0.01124","0.00210","60.39571"
"71.10000","2.36991","2,291.55591","0.01127","0.00207","60.42161"
"71.20000","2.37334","2,292.97290","0.01125","0.00205","60.45897"
"71.30000","2.37671","2,295.66992","0.01129","0.00206","60.53008"
"71.40000","2.38000","2,297.68433","0.01124","0.00208","60.58319"
"71.50000","2.38328","2,299.52588","0.01128","0.00210","60.63175"
"71.60000","2.38665","2,300.64478","0.01128","0.00215","60.66125"
"71.70000","2.39009","2,303.23779","0.01125","0.00184","60.72963"
"71.80000","2.39322","2,304.21338","0.01128","0.00188","60.75535"
"71.90000","2.39674","2,306.68799","0.01129","0.00184","60.82059"
"72.00000","2.40010","2,309.15308","0.01131","0.00183","60.88559"
"72.10000","2.40324","2,309.88525","0.01132","0.00181","60.90490"
"72.20000","2.40668","2,311.43994","0.01131","0.00171","60.94589"
"72.30000","2.41004","2,314.01343","0.01132","0.00167","61.01374"
"72.40000","2.41325","2,315.26709","0.01139","0.00163","61.04680"
"72.50000","2.41669","2,317.95020","0.01138","0.00164","61.11755"
"72.60000","2.42006","2,320.30957","0.01137","0.00166","61.17976"
"72.70000","2.42334","2,321.49146","0.01140","0.00166","61.21092"
"72.80000","2.42656","2,323.00806","0.01143","0.00151","61.25091"
"72.90000","2.42992","2,324.47974","0.01144","0.00148","61.28971"
"73.00000","2.43336","2,327.16187","0.01147","0.00143","61.36043"
"73.10000","2.43650","2,328.67212","0.01145","0.00148","61.40025"
"73.20000","2.44001","2,330.27295","0.01148","0.00154","61.44246"
"73.30000","2.44345","2,333.03149","0.01149","0.00154","61.51520"
"73.40000","2.44659","2,333.74951","0.01151","0.00174","61.53413"
"73.50000","2.45002","2,335.95264","0.01149","0.00194","61.59222"
"73.60000","2.45339","2,338.05444","0.01157","0.00194","61.64764"
"73.70000","2.45660","2,340.05664","0.01162","0.00199","61.70043"
"73.80000","2.46004","2,341.02612","0.01165","0.00196","61.72599"
"73.90000","2.46333","2,343.61987","0.01168","0.00197","61.79438"
"74.00000","2.46669","2,345.94922","0.01169","0.00200","61.85580"
"74.10000","2.47005","2,346.63086","0.01172","0.00211","61.87377"
"74.20000","2.47334","2,349.10156","0.01173","0.00218","61.93892"
"74.30000","2.47671","2,350.70825","0.01172","0.00212","61.98128"
"74.40000","2.47984","2,352.33984","0.01174","0.00211","62.02430"
"74.50000","2.48328","2,353.93799","0.01176","0.00205","62.06644"
"74.60000","2.48672","2,356.45410","0.01176","0.00213","62.13278"
"74.70000","2.48986","2,357.85620","0.01175","0.00204","62.16975"
"74.80000","2.49345","2,359.28809","0.01177","0.00216","62.20750"
"74.90000","2.49674","2,361.73584","0.01179","0.00190","62.27205"
"75.00000","2.49987","2,362.47192","0.01182","0.00197","62.29145"
"75.10000","2.50339","2,364.65649","0.01183","0.00196","62.34906"
"75.20000","2.50660","2,366.31665","0.01178","0.00198","62.39283"
"75.30000","2.50996","2,368.28516","0.01181","0.00197","62.44473"
"75.40000","2.51333","2,370.46582","0.01181","0.00185","62.50223"
"75.50000","2.51669","2,372.40259","0.01182","0.00181","62.55330"
"75.60000","2.52005","2,373.76831","0.01182","0.00176","62.58931"
"75.70000","2.52319","2,375.20312","0.01192","0.00173","62.62714"
"75.80000","2.52663","2,378.04639","0.01194","0.00168","62.70211"
"75.90000","2.53007","2,379.43359","0.01190","0.00167","62.73869"
"76.00000","2.53313","2,380.90576","0.01195","0.00176","62.77750"
"76.10000","2.53679","2,383.68433","0.01195","0.00155","62.85076"
"76.20000","2.54016","2,386.08936","0.01198","0.00144","62.91418"
"76.30000","2.54330","2,386.03589","0.01194","0.00148","62.91277"
"76.40000","2.54673","2,388.69458","0.01193","0.00157","62.98287"
"76.50000","2.55002","2,390.37964","0.01194","0.00158","63.02730"
"76.60000","2.55331","2,392.17798","0.01194","0.00159","63.07471"
"76.70000","2.55660","2,394.78442","0.01201","0.00186","63.14344"
"76.80000","2.56004","2,395.92334","0.01211","0.00200","63.17347"
"76.90000","2.56340","2,398.26172","0.01205","0.00200","63.23513"
"77.00000","2.56661","2,399.50610","0.01205","0.00198","63.26794"
"77.10000","2.56998","2,402.01562","0.01204","0.00204","63.33411"
"77.20000","2.57334","2,403.19238","0.01209","0.00204","63.36514"
"77.30000","2.57648","2,405.13037","0.01212","0.00203","63.41623"
"77.40000","2.57999","2,407.30005","0.01219","0.00199","63.47344"
"77.50000","2.58343","2,408.41577","0.01213","0.00211","63.50286"
"77.60000","2.58664","2,410.95117","0.01215","0.00211","63.56971"
"77.70000","2.59008","2,412.86914","0.01223","0.00219","63.62028"
"77.80000","2.59337","2,414.25317","0.01222","0.00223","63.65677"
"77.90000","2.59658","2,415.03613","0.01227","0.00223","63.67742"
"78.00000","2.59995","2,417.37061","0.01229","0.00228","63.73897"
"78.10000","2.60338","2,419.37109","0.01224","0.00202","63.79172"
"78.20000","2.60667","2,421.82520","0.01229","0.00203","63.85643"
"78.30000","2.60996","2,422.46484","0.01233","0.00202","63.87329"
"78.40000","2.61347","2,425.17163","0.01232","0.00210","63.94466"
"78.50000","2.61669","2,427.15063","0.01236","0.00205","63.99684"
"78.60000","2.61990","2,427.80103","0.01233","0.00206","64.01399"
"78.70000","2.62334","2,429.52271","0.01236","0.00196","64.05939"
"78.80000","2.62670","2,432.07935","0.01235","0.00198","64.12680"
"78.90000","2.62992","2,432.70581","0.01240","0.00192","64.14332"
"79.00000","2.63335","2,435.74683","0.01239","0.00182","64.22350"
"79.10000","2.63679","2,437.11914","0.01241","0.00182","64.25968"
"79.20000","2.63993","2,438.54199","0.01239","0.00181","64.29720"
"79.30000","2.64329","2,440.04980","0.01243","0.00185","64.33695"
"79.40000","2.64666","2,441.97021","0.01245","0.00168","64.38759"
"79.50000","2.64987","2,444.15649","0.01253","0.00151","64.44524"
"79.60000","2.65323","2,445.56470","0.01253","0.00154","64.48237"
"79.70000","2.65675","2,447.12842","0.01252","0.00156","64.52360"
"79.80000","2.66004","2,449.18481","0.01250","0.00170","64.57782"
"79.90000","2.66332","2,450.21924","0.01251","0.00172","64.60509"
"80.00000","2.66669","2,452.11060","0.01250","0.00190","64.65496"
"80.10000","2.66998","2,454.47632","0.01252","0.00188","64.71734"
"80.20000","2.67319","2,455.99219","0.01255","0.00210","64.75731"
"80.30000","2.67670","2,458.62817","0.01253","0.00206","64.82681"
"80.40000","2.68014","2,460.76514","0.01256","0.00206","64.88316"
"80.50000","2.68328","2,461.52661","0.01255","0.00207","64.90324"
"80.60000","2.68672","2,463.62988","0.01261","0.00206","64.95869"
"80.70000","2.69008","2,465.42944","0.01261","0.00210","65.00614"
"80.80000","2.69322","2,467.44360","0.01265","0.00217","65.05925"
"80.90000","2.69658","2,467.88159","0.01267","0.00217","65.07080"
"81.00000","2.70002","2,470.65991","0.01266","0.00221","65.14405"
"81.10000","2.70331","2,472.56982","0.01269","0.00227","65.19441"
"81.20000","2.70667","2,474.23389","0.01272","0.00212","65.23829"
"81.30000","2.71003","2,476.38232","0.01272","0.00211","65.29494"
"81.40000","2.71332","2,477.90845","0.01274","0.00206","65.33517"
"81.50000","2.71654","2,478.81738","0.01277","0.00213","65.35915"
"81.60000","2.71990","2,481.35425","0.01279","0.00208","65.42603"
"81.70000","2.72341","2,483.19458","0.01284","0.00211","65.47456"
"81.80000","2.72655","2,484.71313","0.01289","0.00205","65.51460"
"81.90000","2.72999","2,486.35498","0.01289","0.00196","65.55788"
"82.00000","2.73350","2,488.05640","0.01288","0.00198","65.60275"
"82.10000","2.73657","2,490.36304","0.01293","0.00195","65.66357"
"82.20000","2.74000","2,491.39136","0.01294","0.00192","65.69068"
"82.30000","2.74337","2,493.35400","0.01298","0.00183","65.74243"
"82.40000","2.74658","2,495.13843","0.01298","0.00181","65.78948"
"82.50000","2.75002","2,497.08789","0.01300","0.00186","65.84088"
"82.60000","2.75338","2,499.34229","0.01303","0.00179","65.90032"
"82.70000","2.75675","2,500.88428","0.01306","0.00163","65.94098"
"82.80000","2.75996","2,501.49976","0.01306","0.00155","65.95721"
"82.90000","2.76332","2,503.94800","0.01306","0.00165","66.02177"
"83.00000","2.76676","2,505.68042","0.01306","0.00169","66.06744"
"83.10000","2.76990","2,507.86548","0.01307","0.00167","66.12505"
"83.20000","2.77334","2,508.94434","0.01303","0.00179","66.15350"
"83.30000","2.77677","2,510.94287","0.01305","0.00187","66.20620"
"83.40000","2.77991","2,511.92383","0.01308","0.00208","66.23206"
"83.50000","2.78335","2,514.23267","0.01307","0.00213","66.29294"
"83.60000","2.78671","2,516.69165","0.01308","0.00212","66.35777"
"83.70000","2.78985","2,517.83179","0.01310","0.00214","66.38784"
"83.80000","2.79337","2,519.11108","0.01310","0.00207","66.42157"
"83.90000","2.79665","2,521.62695","0.01313","0.00210","66.48791"
"84.00000","2.79994","2,523.85132","0.01315","0.00213","66.54655"
"84.10000","2.80331","2,524.60840","0.01316","0.00227","66.56652"
"84.20000","2.80667","2,526.65527","0.01317","0.00238","66.62049"
"84.30000","2.81003","2,528.07935","0.01321","0.00222","66.65804"
"84.40000","2.81317","2,529.70166","0.01322","0.00218","66.70081"
"84.50000","2.81668","2,532.16821","0.01323","0.00217","66.76585"
"84.60000","2.82012","2,534.20117","0.01326","0.00216","66.81945"
"84.70000","2.82326","2,535.04370","0.01330","0.00222","66.84167"
"84.80000","2.82677","2,537.34131","0.01331","0.00217","66.90224"
"84.90000","2.83014","2,538.79175","0.01333","0.00216","66.94049"
"85.00000","2.83320","2,540.42383","0.01343","0.00211","66.98352"
"85.10000","2.83664","2,542.22168","0.01343","0.00218","67.03093"
"85.20000","2.83993","2,543.94824","0.01343","0.00217","67.07645"
"85.30000","2.84329","2,545.77759","0.01344","0.00213","67.12469"
"85.40000","2.84665","2,547.74756","0.01351","0.00197","67.17663"
"85.50000","2.85002","2,549.29297","0.01352","0.00194","67.21738"
"85.60000","2.85338","2,550.96167","0.01352","0.00192","67.26138"
"85.70000","2.85652","2,551.84277","0.01356","0.00190","67.28461"
"85.80000","2.85996","2,553.84619","0.01358","0.00196","67.33743"
"85.90000","2.86332","2,555.86646","0.01362","0.00178","67.39070"
"86.00000","2.86646","2,557.44971","0.01355","0.00183","67.43245"
"86.10000","2.87005","2,559.62573","0.01361","0.00177","67.48982"
"86.20000","2.87341","2,560.66260","0.01360","0.00170","67.51716"
"86.30000","2.87662","2,562.47046","0.01362","0.00176","67.56483"
"86.40000","2.88006","2,565.94580","0.01356","0.00196","67.65646"
"86.50000","2.88335","2,565.21509","0.01357","0.00203","67.63720"
"86.60000","2.88664","2,567.59692","0.01360","0.00202","67.70000"
"86.70000","2.88993","2,569.63843","0.01360","0.00224","67.75383"
"86.80000","2.89336","2,571.50146","0.01363","0.00219","67.80295"
"86.90000","2.89673","2,573.13843","0.01366","0.00218","67.84612"
"87.00000","2.89994","2,574.32300","0.01362","0.00217","67.87734"
"87.10000","2.90338","2,576.38916","0.01370","0.00219","67.93182"
"87.20000","2.90667","2,578.59937","0.01370","0.00216","67.99010"
"87.30000","2.90981","2,579.60742","0.01371","0.00222","68.01668"
"87.40000","2.91339","2,581.42041","0.01368","0.00235","68.06448"
"87.50000","2.91676","2,584.08350","0.01370","0.00223","68.13470"
"87.60000","2.91997","2,585.01099","0.01372","0.00212","68.15916"
"87.70000","2.92341","2,585.90210","0.01377","0.00215","68.18266"
"87.80000","2.92677","2,588.97168","0.01377","0.00224","68.26359"
"87.90000","2.92999","2,589.84399","0.01380","0.00208","68.28659"
"88.00000","2.93320","2,591.34595","0.01382","0.00221","68.32619"
"88.10000","2.93671","2,592.91406","0.01391","0.00221","68.36754"
"88.20000","2.94000","2,595.57812","0.01393","0.00217","68.43778"
"88.30000","2.94329","2,596.56226","0.01396","0.00227","68.46373"
"88.40000","2.94673","2,599.27490","0.01399","0.00208","68.53526"
"88.50000","2.95001","2,600.61060","0.01399","0.00203","68.57047"
"88.60000","2.95323","2,601.22754","0.01399","0.00201","68.58674"
"88.70000","2.95667","2,604.42041","0.01404","0.00209","68.67093"
"88.80000","2.96003","2,605.68579","0.01408","0.00197","68.70429"
"88.90000","2.96317","2,607.29053","0.01410","0.00196","68.74660"
"89.00000","2.96668","2,609.49170","0.01410","0.00189","68.80464"
"89.10000","2.97012","2,610.99170","0.01415","0.00193","68.84419"
"89.20000","2.97333","2,612.90698","0.01418","0.00202","68.89469"
"89.30000","2.97670","2,614.56616","0.01419","0.00200","68.93844"
"89.40000","2.98006","2,616.43457","0.01416","0.00181","68.98770"
"89.50000","2.98327","2,617.80713","0.01414","0.00174","69.02390"
"89.60000","2.98664","2,619.57202","0.01416","0.00178","69.07043"
"89.70000","2.99007","2,621.15381","0.01410","0.00216","69.11214"
"89.80000","2.99336","2,623.79980","0.01412","0.00217","69.18191"
"89.90000","2.99665","2,624.89038","0.01414","0.00192","69.21066"
"90.00000","3.00001","2,627.12427","0.01416","0.00219","69.26956"
"90.10000","3.00338","2,628.60986","0.01418","0.00226","69.30873"
"90.20000","3.00652","2,630.10474","0.01421","0.00221","69.34814"
"90.30000","3.00995","2,631.93164","0.01421","0.00218","69.39632"
"90.40000","3.01339","2,633.53662","0.01419","0.00223","69.43864"
"90.50000","3.01661","2,635.44653","0.01423","0.00223","69.48899"
"90.60000","3.02004","2,636.44067","0.01421","0.00221","69.51521"
"90.70000","3.02348","2,638.83691","0.01426","0.00217","69.57839"
"90.80000","3.02655","2,640.15283","0.01426","0.00214","69.61308"
"90.90000","3.02998","2,641.55298","0.01429","0.00212","69.65000"
"91.00000","3.03335","2,643.89209","0.01429","0.00228","69.71168"
"91.10000","3.03663","2,645.69604","0.01434","0.00230","69.75925"
"91.20000","3.04007","2,647.25562","0.01447","0.00239","69.80036"
"91.30000","3.04336","2,648.57202","0.01443","0.00229","69.83508"
"91.40000","3.04672","2,650.71997","0.01449","0.00232","69.89171"
"91.50000","3.04994","2,652.03052","0.01447","0.00227","69.92626"
"91.60000","3.05330","2,653.41553","0.01450","0.00219","69.96278"
"91.70000","3.05666","2,654.82837","0.01448","0.00222","70.00004"
"91.80000","3.05988","2,656.61206","0.01454","0.00223","70.04707"
"91.90000","3.06332","2,658.65625","0.01463","0.00222","70.10097"
"92.00000","3.06675","2,660.99316","0.01461","0.00202","70.16258"
"92.10000","3.06989","2,661.86768","0.01463","0.00196","70.18564"
"92.20000","3.07333","2,663.64282","0.01463","0.00206","70.23244"
"92.30000","3.07662","2,665.43823","0.01464","0.00204","70.27979"
"92.40000","3.07983","2,667.08984","0.01465","0.00200","70.32333"
"92.50000","3.08334","2,668.72681","0.01467","0.00209","70.36650"
"92.60000","3.08663","2,671.00366","0.01468","0.00210","70.42653"
"92.70000","3.09007","2,672.81396","0.01465","0.00181","70.47427"
"92.80000","3.09336","2,674.45825","0.01466","0.00190","70.51762"
"92.90000","3.09665","2,675.31396","0.01469","0.00198","70.54018"
"93.00000","3.10009","2,677.69556","0.01471","0.00226","70.60297"
"93.10000","3.10315","2,678.79590","0.01467","0.00224","70.63199"
"93.20000","3.10666","2,681.14722","0.01475","0.00229","70.69398"
"93.30000","3.11018","2,682.85400","0.01476","0.00229","70.73899"
"93.40000","3.11324","2,684.49805","0.01471","0.00229","70.78234"
"93.50000","3.11675","2,686.34399","0.01475","0.00232","70.83101"
"93.60000","3.12012","2,688.09570","0.01480","0.00225","70.87720"
"93.70000","3.12325","2,688.80884","0.01480","0.00221","70.89600"
"93.80000","3.12669","2,690.90039","0.01481","0.00214","70.95115"
"93.90000","3.12998","2,692.69751","0.01481","0.00235","70.99854"
"94.00000","3.13334","2,694.11011","0.01484","0.00225","71.03578"
"94.10000","3.13663","2,696.48535","0.01487","0.00222","71.09841"
"94.20000","3.14000","2,697.54346","0.01493","0.00214","71.12630"
"94.30000","3.14343","2,698.75488","0.01495","0.00218","71.15825"
"94.40000","3.14650","2,700.88867","0.01493","0.00221","71.21451"
"94.50000","3.14994","2,703.11328","0.01498","0.00223","71.27317"
"94.60000","3.15337","2,704.39136","0.01501","0.00223","71.30687"
"94.70000","3.15651","2,706.07031","0.01503","0.00226","71.35114"
"94.80000","3.16010","2,707.64014","0.01501","0.00227","71.39252"
"94.90000","3.16346","2,709.65601","0.01506","0.00225","71.44568"
"95.00000","3.16660","2,710.34497","0.01506","0.00215","71.46384"
"95.10000","3.16997","2,712.04419","0.01513","0.00212","71.50865"
"95.20000","3.17325","2,713.44312","0.01510","0.00207","71.54553"
"95.30000","3.17654","2,715.18408","0.01510","0.00212","71.59144"
"95.40000","3.17991","2,717.05884","0.01514","0.00200","71.64087"
"95.50000","3.18342","2,719.38989","0.01516","0.00204","71.70233"
"95.60000","3.18678","2,721.44238","0.01516","0.00206","71.75645"
"95.70000","3.18992","2,722.04492","0.01519","0.00212","71.77234"
"95.80000","3.19336","2,724.20801","0.01519","0.00215","71.82938"
"95.90000","3.19672","2,725.59326","0.01522","0.00212","71.86590"
"96.00000","3.19986","2,726.58887","0.01522","0.00193","71.89215"
"96.10000","3.20337","2,729.12256","0.01524","0.00192","71.95895"
"96.20000","3.20681","2,730.70850","0.01523","0.00196","72.00077"
"96.30000","3.21002","2,732.11694","0.01526","0.00225","72.03791"
"96.40000","3.21339","2,734.55542","0.01525","0.00234","72.10220"
"96.50000","3.21675","2,735.27881","0.01529","0.00235","72.12128"
"96.60000","3.21996","2,737.74194","0.01528","0.00232","72.18623"
"96.70000","3.22325","2,738.37964","0.01530","0.00236","72.20304"
"96.80000","3.22669","2,740.34985","0.01529","0.00235","72.25499"
"96.90000","3.23005","2,742.78271","0.01532","0.00236","72.31914"
"97.00000","3.23327","2,743.46021","0.01536","0.00232","72.33700"
"97.10000","3.23671","2,745.17627","0.01538","0.00239","72.38225"
"97.20000","3.23999","2,746.96875","0.01538","0.00231","72.42950"
"97.30000","3.24321","2,747.99951","0.01544","0.00230","72.45669"
"97.40000","3.24665","2,750.37671","0.01544","0.00231","72.51936"
"97.50000","3.25008","2,752.38940","0.01546","0.00234","72.57243"
"97.60000","3.25330","2,753.22192","0.01551","0.00231","72.59438"
"97.70000","3.25673","2,755.34546","0.01549","0.00236","72.65038"
"97.80000","3.26017","2,757.30273","0.01554","0.00236","72.70199"
"97.90000","3.26331","2,758.71729","0.01551","0.00237","72.73928"
"98.00000","3.26660","2,760.13281","0.01556","0.00237","72.77660"
"98.10000","3.26996","2,761.56323","0.01555","0.00241","72.81432"
"98.20000","3.27333","2,763.71948","0.01555","0.00233","72.87118"
"98.30000","3.27661","2,765.17407","0.01557","0.00232","72.90953"
"98.40000","3.28005","2,766.44678","0.01558","0.00232","72.94308"
"98.50000","3.28334","2,768.80127","0.01562","0.00230","73.00517"
"98.60000","3.28663","2,769.34888","0.01563","0.00218","73.01961"
"98.70000","3.28999","2,771.42090","0.01568","0.00213","73.07424"
"98.80000","3.29336","2,773.21753","0.01570","0.00212","73.12161"
"98.90000","3.29649","2,774.73022","0.01572","0.00232","73.16150"
"99.00000","3.30001","2,776.13525","0.01567","0.00233","73.19854"
"99.10000","3.30345","2,777.58350","0.01574","0.00250","73.23673"
"99.20000","3.30666","2,779.83032","0.01579","0.00237","73.29597"
"99.30000","3.31002","2,781.00415","0.01574","0.00207","73.32692"
"99.40000","3.31339","2,782.87915","0.01576","0.00203","73.37636"
"99.50000","3.31660","2,784.76367","0.01577","0.00222","73.42605"
"99.60000","3.31996","2,786.50977","0.01585","0.00213","73.47209"
"99.70000","3.32340","2,788.21582","0.01590","0.00220","73.51707"
"99.80000","3.32669","2,790.18311","0.01592","0.00239","73.56895"
"99.90000","3.32998","2,790.37720","0.01596","0.00253","73.57406"
"100.00000","3.33341","2,793.28442","0.01588","0.00248","73.65072"
"100.10000","3.33670","2,794.41260","0.01589","0.00246","73.68047"
"100.20000","3.33992","2,796.33301","0.01597","0.00243","73.73110"
"100.30000","3.34328","2,797.75049","0.01601","0.00236","73.76847"
"100.40000","3.34672","2,799.55322","0.01594","0.00222","73.81601"
"100.50000","3.34993","2,800.82178","0.01597","0.00226","73.84946"
"100.60000","3.35337","2,802.95654","0.01601","0.00237","73.90574"
"100.70000","3.35673","2,804.78589","0.01603","0.00241","73.95398"
"100.80000","3.35995","2,806.03467","0.01608","0.00240","73.98690"
"100.90000","3.36331","2,807.58252","0.01608","0.00239","74.02772"
"101.00000","3.36660","2,809.52930","0.01612","0.00244","74.07905"
"101.10000","3.36996","2,810.63770","0.01603","0.00241","74.10827"
"101.20000","3.37332","2,812.28174","0.01611","0.00243","74.15162"
"101.30000","3.37669","2,814.46265","0.01608","0.00244","74.20912"
"101.40000","3.38005","2,816.83521","0.01607","0.00245","74.27168"
"101.50000","3.38334","2,818.12988","0.01613","0.00241","74.30582"
"101.60000","3.38655","2,819.34814","0.01613","0.00241","74.33794"
"101.70000","3.39007","2,821.38574","0.01619","0.00238","74.39166"
"101.80000","3.39320","2,822.82910","0.01613","0.00238","74.42973"
"101.90000","3.39672","2,824.32935","0.01615","0.00235","74.46928"
"102.00000","3.40016","2,827.18726","0.01620","0.00223","74.54463"
"102.10000","3.40322","2,828.18311","0.01629","0.00237","74.57089"
"102.20000","3.40673","2,830.29614","0.01628","0.00247","74.62661"
"102.30000","3.41002","2,831.84180","0.01631","0.00251","74.66736"
"102.40000","3.41331","2,833.04053","0.01627","0.00253","74.69897"
"102.50000","3.41667","2,834.65723","0.01628","0.00213","74.74159"
"102.60000","3.42004","2,836.15674","0.01631","0.00204","74.78114"
"102.70000","3.42340","2,838.58350","0.01630","0.00208","74.84512"
"102.80000","3.42669","2,839.96680","0.01637","0.00221","74.88159"
"102.90000","3.42997","2,840.98730","0.01645","0.00233","74.90850"
"103.00000","3.43341","2,842.76587","0.01644","0.00246","74.95540"
"103.10000","3.43648","2,843.54077","0.01647","0.00251","74.97583"
"103.20000","3.43999","2,845.78882","0.01652","0.00263","75.03510"
"103.30000","3.44343","2,848.02661","0.01648","0.00263","75.09411"
"103.40000","3.44657","2,849.58545","0.01655","0.00259","75.13521"
"103.50000","3.45008","2,851.33545","0.01652","0.00245","75.18135"
"103.60000","3.45344","2,853.21045","0.01653","0.00256","75.23079"
"103.70000","3.45658","2,854.54614","0.01649","0.00241","75.26601"
"103.80000","3.45994","2,856.58374","0.01661","0.00251","75.31973"
"103.90000","3.46331","2,856.85352","0.01654","0.00249","75.32684"
"104.00000","3.46667","2,859.39062","0.01661","0.00248","75.39375"
"104.10000","3.46996","2,860.41113","0.01663","0.00259","75.42065"
"104.20000","3.47340","2,862.84375","0.01663","0.00257","75.48479"
"104.30000","3.47683","2,864.64600","0.01659","0.00255","75.53231"
"104.40000","3.47990","2,865.17798","0.01661","0.00261","75.54634"
"104.50000","3.48334","2,866.94141","0.01660","0.00258","75.59283"
"104.60000","3.48678","2,869.59082","0.01663","0.00262","75.66269"
"104.70000","3.48984","2,870.15112","0.01667","0.00253","75.67747"
"104.80000","3.49343","2,872.44922","0.01671","0.00254","75.73806"
"104.90000","3.49679","2,874.75439","0.01674","0.00256","75.79884"
"105.00000","3.49993","2,875.20215","0.01672","0.00259","75.81065"
"105.10000","3.50329","2,878.00513","0.01672","0.00260","75.88455"
"105.20000","3.50658","2,878.44678","0.01674","0.00243","75.89619"
"105.30000","3.50994","2,881.43970","0.01675","0.00247","75.97511"
"105.40000","3.51323","2,882.68774","0.01678","0.00258","76.00802"
"105.50000","3.51667","2,884.33350","0.01682","0.00263","76.05141"
"105.60000","3.52011","2,886.06665","0.01685","0.00272","76.09711"
"105.70000","3.52317","2,887.58228","0.01686","0.00246","76.13708"
"105.80000","3.52668","2,889.05811","0.01690","0.00229","76.17599"
"105.90000","3.53005","2,890.70898","0.01692","0.00227","76.21951"
"106.00000","3.53319","2,891.73633","0.01691","0.00226","76.24660"
"106.10000","3.53670","2,894.24365","0.01696","0.00230","76.31271"
"106.20000","3.54014","2,895.77026","0.01699","0.00250","76.35297"
"106.30000","3.54328","2,896.98804","0.01701","0.00255","76.38508"
"106.40000","3.54679","2,899.69116","0.01703","0.00262","76.45635"
"106.50000","3.55008","2,900.68677","0.01708","0.00271","76.48260"
"106.60000","3.55329","2,902.17090","0.01708","0.00272","76.52174"
"106.70000","3.55658","2,903.18237","0.01711","0.00268","76.54840"
"106.80000","3.56002","2,905.86865","0.01712","0.00255","76.61923"
"106.90000","3.56338","2,907.00659","0.01711","0.00248","76.64924"
"107.00000","3.56659","2,908.74902","0.01712","0.00259","76.69518"
"107.10000","3.57011","2,909.89185","0.01713","0.00258","76.72531"
"107.20000","3.57340","2,912.50806","0.01717","0.00260","76.79430"
"107.30000","3.57646","2,913.11230","0.01718","0.00259","76.81023"
"107.40000","3.58005","2,914.62939","0.01717","0.00264","76.85023"
"107.50000","3.58333","2,916.77466","0.01716","0.00264","76.90679"
"107.60000","3.58655","2,918.01196","0.01717","0.00266","76.93941"
"107.70000","3.59006","2,920.39014","0.01719","0.00262","77.00212"
"107.80000","3.59342","2,921.82178","0.01725","0.00273","77.03987"
"107.90000","3.59664","2,923.48242","0.01724","0.00270","77.08366"
"108.00000","3.59993","2,923.90820","0.01722","0.00259","77.09488"
"108.10000","3.60336","2,926.28076","0.01724","0.00264","77.15744"
"108.20000","3.60658","2,928.18311","0.01729","0.00268","77.20760"
"108.30000","3.60987","2,928.77808","0.01730","0.00263","77.22329"
"108.40000","3.61338","2,931.50757","0.01732","0.00271","77.29526"
"108.50000","3.61674","2,932.94214","0.01732","0.00281","77.33308"
"108.60000","3.61996","2,933.81299","0.01733","0.00266","77.35604"
"108.70000","3.62339","2,935.41431","0.01736","0.00269","77.39826"
"108.80000","3.62668","2,937.68970","0.01740","0.00275","77.45826"
"108.90000","3.62990","2,939.21484","0.01740","0.00279","77.49847"
"109.00000","3.63333","2,940.37280","0.01744","0.00236","77.52901"
"109.10000","3.63677","2,942.49585","0.01746","0.00230","77.58498"
"109.20000","3.63999","2,943.34229","0.01748","0.00240","77.60730"
"109.30000","3.64335","2,945.44556","0.01751","0.00242","77.66276"
"109.40000","3.64671","2,947.55103","0.01755","0.00241","77.71828"
"109.50000","3.64993","2,948.81909","0.01756","0.00241","77.75171"
"109.60000","3.65329","2,949.95361","0.01758","0.00264","77.78162"
"109.70000","3.65665","2,951.18701","0.01760","0.00268","77.81414"
"109.80000","3.66002","2,954.01245","0.01764","0.00280","77.88864"
"109.90000","3.66330","2,954.75293","0.01766","0.00281","77.90816"
"110.00000","3.66667","2,956.87671","0.01766","0.00260","77.96416"
"110.10000","3.67003","2,958.06177","0.01768","0.00265","77.99541"
"110.20000","3.67324","2,959.23853","0.01769","0.00274","78.02644"
"110.30000","3.67661","2,961.65356","0.01771","0.00274","78.09012"
"110.40000","3.68004","2,962.90283","0.01769","0.00268","78.12305"
"110.50000","3.68326","2,964.23901","0.01771","0.00265","78.15829"
"110.60000","3.68662","2,966.46777","0.01774","0.00267","78.21706"
"110.70000","3.69013","2,968.23901","0.01777","0.00280","78.26376"
"110.80000","3.69327","2,969.26636","0.01776","0.00290","78.29084"
"110.90000","3.69664","2,970.94238","0.01776","0.00284","78.33504"
"111.00000","3.70000","2,972.59863","0.01772","0.00278","78.37871"
"111.10000","3.70329","2,973.68237","0.01779","0.00273","78.40728"
"111.20000","3.70665","2,975.98950","0.01779","0.00273","78.46812"
"111.30000","3.71001","2,978.00049","0.01779","0.00283","78.52113"
"111.40000","3.71345","2,979.26929","0.01783","0.00282","78.55459"
"111.50000","3.71667","2,980.51025","0.01784","0.00282","78.58731"
"111.60000","3.71995","2,982.54004","0.01783","0.00290","78.64083"
"111.70000","3.72339","2,983.47437","0.01786","0.00293","78.66547"
"111.80000","3.72653","2,984.79761","0.01790","0.00289","78.70036"
"111.90000","3.72997","2,987.02539","0.01788","0.00286","78.75909"
"112.00000","3.73341","2,988.49976","0.01791","0.00293","78.79797"
"112.10000","3.73655","2,989.73389","0.01794","0.00294","78.83051"
"112.20000","3.73998","2,991.58301","0.01796","0.00296","78.87926"
"112.30000","3.74335","2,993.12500","0.01799","0.00249","78.91993"
"112.40000","3.74656","2,993.79614","0.01802","0.00240","78.93762"
"112.50000","3.75000","2,996.02637","0.01803","0.00247","78.99643"
"112.60000","3.75329","2,998.03247","0.01807","0.00249","79.04932"
"112.70000","3.75672","2,999.62109","0.01808","0.00254","79.09121"
"112.80000","3.75994","3,000.58984","0.01813","0.00245","79.11675"
"112.90000","3.76330","3,002.21680","0.01813","0.00258","79.15965"
"113.00000","3.76681","3,004.75464","0.01814","0.00268","79.22656"
"113.10000","3.76980","3,004.77393","0.01817","0.00285","79.22707"
"113.20000","3.77332","3,006.67017","0.01820","0.00279","79.27707"
"113.30000","3.77675","3,008.61450","0.01822","0.00259","79.32834"
"113.40000","3.77989","3,010.49658","0.01823","0.00273","79.37796"
"113.50000","3.78341","3,012.40479","0.01823","0.00283","79.42828"
"113.60000","3.78677","3,013.78418","0.01824","0.00280","79.46465"
"113.70000","3.78998","3,015.49292","0.01826","0.00272","79.50970"
"113.80000","3.79327","3,016.21680","0.01829","0.00286","79.52879"
"113.90000","3.79663","3,017.90820","0.01829","0.00280","79.57339"
"114.00000","3.80000","3,020.15479","0.01828","0.00288","79.63262"
"114.10000","3.80321","3,020.94116","0.01830","0.00293","79.65336"
"114.20000","3.80665","3,022.60938","0.01832","0.00293","79.69734"
"114.30000","3.81009","3,024.95459","0.01833","0.00284","79.75918"
"114.40000","3.81315","3,026.13110","0.01834","0.00284","79.79020"
"114.50000","3.81666","3,028.33447","0.01833","0.00282","79.84830"
"114.60000","3.82003","3,029.11890","0.01835","0.00287","79.86898"
"114.70000","3.82317","3,030.23242","0.01839","0.00299","79.89834"
"114.80000","3.82668","3,032.56592","0.01838","0.00301","79.95987"
"114.90000","3.83012","3,034.14917","0.01841","0.00305","80.00161"
"115.00000","3.83333","3,036.03564","0.01841","0.00305","80.05135"
"115.10000","3.83669","3,036.83398","0.01842","0.00298","80.07240"
"115.20000","3.83998","3,038.68872","0.01844","0.00301","80.12131"
"115.30000","3.84334","3,040.38232","0.01848","0.00305","80.16596"
"115.40000","3.84656","3,041.77539","0.01849","0.00275","80.20270"
"115.50000","3.85000","3,042.84106","0.01853","0.00249","80.23079"
"115.60000","3.85343","3,045.27588","0.01855","0.00251","80.29499"
"115.70000","3.85657","3,046.57446","0.01854","0.00253","80.32923"
"115.80000","3.86001","3,048.20801","0.01860","0.00260","80.37231"
"115.90000","3.86345","3,049.63062","0.01862","0.00256","80.40981"
"116.00000","3.86644","3,051.68213","0.01862","0.00252","80.46391"
"116.10000","3.87010","3,052.60498","0.01865","0.00257","80.48824"
"116.20000","3.87339","3,054.11890","0.01867","0.00276","80.52815"
"116.30000","3.87660","3,055.92529","0.01868","0.00284","80.57578"
"116.40000","3.87997","3,058.22852","0.01871","0.00286","80.63651"
"116.50000","3.88333","3,058.87500","0.01871","0.00287","80.65356"
"116.60000","3.88662","3,061.63037","0.01876","0.00281","80.72621"
"116.70000","3.88991","3,062.50610","0.01875","0.00281","80.74931"
"116.80000","3.89334","3,064.68408","0.01875","0.00287","80.80673"
"116.90000","3.89671","3,066.06787","0.01877","0.00288","80.84322"
"117.00000","3.89992","3,067.26416","0.01878","0.00287","80.87476"
"117.10000","3.90343","3,069.76074","0.01882","0.00285","80.94058"
"117.20000","3.90672","3,071.58032","0.01882","0.00294","80.98856"
"117.30000","3.90986","3,071.42529","0.01885","0.00302","80.98447"
"117.40000","3.91337","3,074.08936","0.01884","0.00295","81.05472"
"117.50000","3.91666","3,075.05054","0.01887","0.00292","81.08006"
"117.60000","3.91995","3,077.17798","0.01886","0.00293","81.13615"
"117.70000","3.92339","3,077.89526","0.01889","0.00294","81.15507"
"117.80000","3.92675","3,080.29907","0.01889","0.00294","81.21845"
"117.90000","3.92996","3,081.84058","0.01890","0.00310","81.25909"
"118.00000","3.93325","3,082.89697","0.01893","0.00317","81.28695"
"118.10000","3.93662","3,085.08838","0.01893","0.00321","81.34473"
"118.20000","3.93990","3,086.75439","0.01896","0.00323","81.38866"
"118.30000","3.94319","3,087.86060","0.01898","0.00324","81.41782"
"118.40000","3.94671","3,089.15381","0.01901","0.00326","81.45193"
"118.50000","3.95007","3,091.79565","0.01902","0.00302","81.52158"
"118.60000","3.95328","3,092.92212","0.01904","0.00302","81.55128"
"118.70000","3.95665","3,095.00171","0.01905","0.00281","81.60612"
"118.80000","3.96001","3,096.19409","0.01908","0.00258","81.63756"
"118.90000","3.96322","3,097.12061","0.01909","0.00259","81.66199"
"119.00000","3.96659","3,098.67627","0.01909","0.00257","81.70300"
"119.10000","3.97002","3,101.27979","0.01912","0.00260","81.77165"
"119.20000","3.97331","3,102.32373","0.01916","0.00262","81.79918"
"119.30000","3.97668","3,104.24194","0.01916","0.00269","81.84975"
"119.40000","3.98011","3,105.55444","0.01918","0.00265","81.88436"
"119.50000","3.98325","3,107.20508","0.01918","0.00271","81.92788"
"119.60000","3.98654","3,108.34351","0.01923","0.00269","81.95790"
"119.70000","3.99005","3,111.00391","0.01922","0.00266","82.02805"
"119.80000","3.99334","3,112.28467","0.01925","0.00284","82.06181"
"119.90000","3.99663","3,113.77759","0.01925","0.00283","82.10118"
"120.00000","4.00007","3,115.48047","0.01927","0.00295","82.14608"
"120.10000","4.00343","3,116.47095","0.01929","0.00291","82.17220"
"120.20000","4.00664","3,117.74585","0.01931","0.00290","82.20581"
"120.30000","4.00993","3,119.42017","0.01931","0.00287","82.24996"
"120.40000","4.01337","3,121.03394","0.01931","0.00300","82.29251"
"120.50000","4.01658","3,122.66260","0.01934","0.00300","82.33545"
"120.60000","4.02002","3,123.85498","0.01934","0.00301","82.36689"
"120.70000","4.02346","3,125.76855","0.01939","0.00295","82.41735"
"120.80000","4.02660","3,127.34473","0.01939","0.00298","82.45891"
"120.90000","4.02989","3,128.42236","0.01941","0.00297","82.48732"
"121.00000","4.03333","3,131.07642","0.01943","0.00297","82.55730"
"121.10000","4.03661","3,132.16235","0.01945","0.00309","82.58593"
"121.20000","4.03998","3,133.67065","0.01945","0.00320","82.62570"
"121.30000","4.04334","3,134.70483","0.01944","0.00328","82.65297"
"121.40000","4.04678","3,136.86084","0.01952","0.00324","82.70982"
"121.50000","4.04999","3,138.40356","0.01951","0.00334","82.75050"
"121.60000","4.05328","3,140.32056","0.01953","0.00334","82.80104"
"121.70000","4.05679","3,142.00513","0.01954","0.00321","82.84546"
"121.80000","4.05986","3,143.64990","0.01956","0.00322","82.88882"
"121.90000","4.06330","3,144.74487","0.01959","0.00279","82.91769"
"122.00000","4.06688","3,146.82397","0.01961","0.00270","82.97252"
"122.10000","4.06995","3,147.85620","0.01962","0.00266","82.99973"
"122.20000","4.07338","3,149.29810","0.01963","0.00265","83.03775"
"122.30000","4.07675","3,150.81445","0.01963","0.00264","83.07774"
"122.40000","4.07996","3,152.60889","0.01966","0.00269","83.12505"
"122.50000","4.08325","3,153.58667","0.01966","0.00262","83.15083"
"122.60000","4.08661","3,155.19800","0.01968","0.00274","83.19331"
"122.70000","4.09005","3,156.55200","0.01970","0.00274","83.22902"
"122.80000","4.09326","3,158.65869","0.01972","0.00275","83.28456"
"122.90000","4.09670","3,160.63770","0.01972","0.00272","83.33675"
"123.00000","4.10014","3,162.91235","0.01974","0.00266","83.39672"
"123.10000","4.10313","3,162.43433","0.01974","0.00281","83.38412"
"123.20000","4.10664","3,164.73926","0.01977","0.00295","83.44489"
"123.30000","4.11008","3,166.31470","0.01981","0.00298","83.48643"
"123.40000","4.11322","3,168.00854","0.01980","0.00299","83.53109"
"123.50000","4.11673","3,169.47070","0.01982","0.00295","83.56964"
"123.60000","4.12010","3,171.26709","0.01984","0.00305","83.61701"
"123.70000","4.12331","3,173.28613","0.01986","0.00310","83.67025"
"123.80000","4.12667","3,174.25122","0.01989","0.00311","83.69569"
"123.90000","4.12996","3,175.60742","0.01988","0.00312","83.73145"
"124.00000","4.13340","3,177.94019","0.01992","0.00307","83.79296"
"124.10000","4.13654","3,178.68262","0.01993","0.00309","83.81254"
"124.20000","4.14005","3,180.07910","0.01995","0.00310","83.84936"
"124.30000","4.14349","3,182.57983","0.02000","0.00320","83.91529"
"124.40000","4.14655","3,183.83398","0.01999","0.00328","83.94836"
"124.50000","4.14999","3,184.49023","0.02001","0.00341","83.96567"
"124.60000","4.15343","3,186.64648","0.02005","0.00339","84.02252"
"124.70000","4.15649","3,187.81128","0.02006","0.00348","84.05323"
"124.80000","4.16008","3,189.51562","0.02007","0.00343","84.09817"
"124.90000","4.16337","3,191.10425","0.02009","0.00347","84.14006"
"125.00000","4.16666","3,192.93115","0.02010","0.00335","84.18822"
"125.10000","4.17002","3,194.20020","0.02012","0.00286","84.22169"
"125.20000","4.17331","3,195.72388","0.02013","0.00278","84.26186"
"125.30000","4.17660","3,197.74121","0.02016","0.00272","84.31506"
"125.40000","4.17988","3,198.10498","0.02016","0.00274","84.32465"
"125.50000","4.18332","3,199.52954","0.02015","0.00266","84.36221"
"125.60000","4.18676","3,202.66675","0.02017","0.00270","84.44492"
"125.70000","4.18990","3,203.87598","0.02019","0.00267","84.47681"
"125.80000","4.19341","3,205.65771","0.02020","0.00272","84.52379"
"125.90000","4.19677","3,206.57446","0.02022","0.00275","84.54796"
"126.00000","4.19991","3,208.15771","0.02022","0.00279","84.58971"
"126.10000","4.20335","3,209.54761","0.02023","0.00265","84.62636"
"126.20000","4.20664","3,211.70117","0.02027","0.00255","84.68314"
"126.30000","4.20993","3,212.92212","0.02025","0.00266","84.71533"
"126.40000","4.21337","3,214.47949","0.02028","0.00271","84.75639"
"126.50000","4.21673","3,216.29785","0.02029","0.00295","84.80434"
"126.60000","4.22002","3,218.35254","0.02033","0.00307","84.85851"
"126.70000","4.22323","3,218.56665","0.02035","0.00297","84.86416"
"126.80000","4.22667","3,220.79663","0.02037","0.00312","84.92296"
"126.90000","4.22996","3,222.65845","0.02038","0.00312","84.97205"
"127.00000","4.23325","3,223.65796","0.02040","0.00316","84.99841"
"127.10000","4.23668","3,224.86279","0.02042","0.00313","85.03017"
"127.20000","4.24012","3,227.41333","0.02046","0.00309","85.09742"
"127.30000","4.24326","3,228.80786","0.02046","0.00311","85.13419"
"127.40000","4.24670","3,229.99463","0.02049","0.00321","85.16548"
"127.50000","4.24999","3,231.53052","0.02052","0.00329","85.20598"
"127.60000","4.25320","3,232.92773","0.02055","0.00333","85.24282"
"127.70000","4.25664","3,235.37036","0.02055","0.00348","85.30723"
"127.80000","4.26008","3,236.50513","0.02056","0.00349","85.33714"
"127.90000","4.26329","3,238.24707","0.02058","0.00352","85.38308"
"128.00000","4.26658","3,239.52173","0.02062","0.00354","85.41669"
"128.10000","4.27002","3,241.49805","0.02063","0.00356","85.46880"
"128.20000","4.27331","3,242.60449","0.02063","0.00335","85.49797"
"128.30000","4.27659","3,243.39429","0.02063","0.00319","85.51879"
"128.40000","4.28011","3,246.19702","0.02064","0.00290","85.59269"
"128.50000","4.28340","3,247.20117","0.02067","0.00274","85.61917"
"128.60000","4.28661","3,248.59985","0.02067","0.00274","85.65605"
"128.70000","4.29005","3,250.44238","0.02068","0.00275","85.70463"
"128.80000","4.29341","3,251.97534","0.02070","0.00283","85.74505"
"128.90000","4.29655","3,253.49268","0.02070","0.00287","85.78506"
"129.00000","4.29991","3,254.97876","0.02070","0.00283","85.82424"
"129.10000","4.30335","3,256.53931","0.02071","0.00284","85.86539"
"129.20000","4.30664","3,257.80444","0.02075","0.00277","85.89874"
"129.30000","4.31000","3,259.48364","0.02075","0.00283","85.94302"
"129.40000","4.31344","3,261.46680","0.02075","0.00260","85.99532"
"129.50000","4.31665","3,262.79590","0.02079","0.00263","86.03036"
"129.60000","4.31994","3,264.20581","0.02080","0.00281","86.06754"
"129.70000","4.32331","3,264.90918","0.02081","0.00294","86.08607"
"129.80000","4.32667","3,266.97485","0.02084","0.00317","86.14054"
"129.90000","4.32996","3,268.11938","0.02085","0.00314","86.17072"
"130.00000","4.33339","3,270.22070","0.02088","0.00312","86.22613"
"130.10000","4.33683","3,272.18774","0.02087","0.00317","86.27799"
"130.20000","4.33990","3,273.10596","0.02093","0.00329","86.30220"
"130.30000","4.34326","3,274.63232","0.02097","0.00326","86.34245"
"130.40000","4.34677","3,276.02930","0.02099","0.00320","86.37928"
"130.50000","4.34991","3,278.00513","0.02100","0.00326","86.43138"
"130.60000","4.35335","3,279.19580","0.02104","0.00323","86.46278"
"130.70000","4.35679","3,280.64893","0.02103","0.00341","86.50109"
"130.80000","4.35993","3,282.57422","0.02107","0.00352","86.55185"
"130.90000","4.36329","3,283.94287","0.02111","0.00353","86.58794"
"131.00000","4.36673","3,285.20020","0.02110","0.00364","86.62109"
"131.10000","4.37002","3,287.18823","0.02111","0.00369","86.67351"
"131.20000","4.37323","3,288.59619","0.02114","0.00370","86.71063"
"131.30000","4.37667","3,290.00439","0.02115","0.00359","86.74776"
"131.40000","4.38011","3,291.66089","0.02117","0.00343","86.79144"
"131.50000","4.38324","3,292.24585","0.02117","0.00321","86.80686"
"131.60000","4.38661","3,294.50635","0.02120","0.00309","86.86647"
"131.70000","4.39005","3,296.64014","0.02118","0.00291","86.92273"
"131.80000","4.39311","3,297.15942","0.02121","0.00288","86.93642"
"131.90000","4.39662","3,299.08057","0.02120","0.00287","86.98708"
"132.00000","4.40006","3,300.93237","0.02124","0.00289","87.03590"
"132.10000","4.40327","3,302.63647","0.02123","0.00290","87.08083"
"132.20000","4.40671","3,303.90137","0.02125","0.00288","87.11419"
"132.30000","4.41007","3,305.09180","0.02124","0.00294","87.14558"
"132.40000","4.41329","3,307.08911","0.02127","0.00289","87.19824"
"132.50000","4.41658","3,308.67480","0.02127","0.00289","87.24005"
"132.60000","4.41994","3,309.94922","0.02129","0.00265","87.27365"
"132.70000","4.42338","3,312.50879","0.02131","0.00268","87.34114"
"132.80000","4.42659","3,312.87646","0.02131","0.00268","87.35084"
"132.90000","4.43003","3,314.43726","0.02134","0.00286","87.39199"
"133.00000","4.43347","3,316.66797","0.02137","0.00321","87.45081"
"133.10000","4.43653","3,317.80762","0.02139","0.00314","87.48085"
"133.20000","4.43997","3,319.77710","0.02140","0.00320","87.53278"
"133.30000","4.44341","3,321.09448","0.02143","0.00325","87.56752"
"133.40000","4.44655","3,321.80640","0.02145","0.00333","87.58629"
"133.50000","4.45006","3,323.65063","0.02147","0.00331","87.63492"
"133.60000","4.45342","3,325.28491","0.02151","0.00326","87.67801"
"133.70000","4.45664","3,327.61694","0.02153","0.00327","87.73949"
"133.80000","4.46000","3,328.02002","0.02154","0.00326","87.75012"
"133.90000","4.46321","3,329.78369","0.02157","0.00344","87.79663"
"134.00000","4.46665","3,331.50708","0.02159","0.00349","87.84207"
"134.10000","4.46986","3,332.71094","0.02160","0.00361","87.87381"
"134.20000","4.47338","3,334.30664","0.02163","0.00367","87.91589"
"134.30000","4.47674","3,336.26147","0.02165","0.00371","87.96743"
"134.40000","4.47988","3,337.49536","0.02165","0.00370","87.99996"
"134.50000","4.48339","3,339.28882","0.02166","0.00376","88.04725"
"134.60000","4.48675","3,341.16211","0.02169","0.00347","88.09664"
"134.70000","4.48989","3,342.42285","0.02169","0.00326","88.12988"
"134.80000","4.49333","3,343.44434","0.02171","0.00319","88.15682"
"134.90000","4.49669","3,345.09937","0.02173","0.00301","88.20045"
"135.00000","4.49998","3,346.70801","0.02172","0.00289","88.24287"
"135.10000","4.50335","3,348.66235","0.02174","0.00293","88.29440"
"135.20000","4.50663","3,350.03320","0.02174","0.00286","88.33055"
"135.30000","4.50992","3,351.35693","0.02176","0.00284","88.36545"
"135.40000","4.51321","3,352.51904","0.02177","0.00297","88.39610"
"135.50000","4.51665","3,354.35767","0.02176","0.00286","88.44457"
"135.60000","4.52001","3,355.74341","0.02179","0.00287","88.48111"
"135.70000","4.52323","3,356.83252","0.02179","0.00288","88.50983"
"135.80000","4.52674","3,359.10498","0.02184","0.00272","88.56975"
"135.90000","4.53010","3,360.35669","0.02185","0.00278","88.60275"
"136.00000","4.53324","3,361.71118","0.02185","0.00276","88.63847"
"136.10000","4.53668","3,363.05835","0.02187","0.00276","88.67398"
"136.20000","4.53997","3,364.92651","0.02189","0.00291","88.72324"
"136.30000","4.54326","3,366.60400","0.02194","0.00310","88.76747"
"136.40000","4.54669","3,367.83569","0.02194","0.00331","88.79995"
"136.50000","4.55006","3,369.18115","0.02197","0.00336","88.83543"
"136.60000","4.55335","3,371.22388","0.02198","0.00341","88.88928"
"136.70000","4.55656","3,372.12207","0.02199","0.00338","88.91296"
"136.80000","4.56000","3,373.86475","0.02203","0.00337","88.95892"
"136.90000","4.56336","3,376.00854","0.02206","0.00334","89.01544"
"137.00000","4.56657","3,376.28271","0.02207","0.00335","89.02267"
"137.10000","4.57009","3,378.44531","0.02209","0.00347","89.07969"
"137.20000","4.57345","3,380.41968","0.02210","0.00359","89.13175"
"137.30000","4.57666","3,381.31348","0.02211","0.00370","89.15532"
"137.40000","4.58003","3,383.47778","0.02213","0.00369","89.21239"
"137.50000","4.58331","3,384.05420","0.02215","0.00378","89.22758"
"137.60000","4.58660","3,386.12012","0.02217","0.00380","89.28205"
"137.70000","4.58997","3,386.91650","0.02217","0.00383","89.30305"
"137.80000","4.59340","3,388.22485","0.02219","0.00377","89.33755"
"137.90000","4.59669","3,390.52856","0.02222","0.00343","89.39829"
"138.00000","4.59991","3,391.35229","0.02222","0.00337","89.42001"
"138.10000","4.60334","3,392.74658","0.02224","0.00315","89.45677"
"138.20000","4.60663","3,394.65112","0.02224","0.00301","89.50699"
"138.30000","4.60985","3,395.66138","0.02225","0.00292","89.53363"
"138.40000","4.61336","3,397.83569","0.02227","0.00297","89.59096"
"138.50000","4.61672","3,399.34375","0.02227","0.00300","89.63072"
"138.60000","4.62001","3,400.87451","0.02228","0.00297","89.67108"
"138.70000","4.62337","3,402.08374","0.02229","0.00293","89.70296"
"138.80000","4.62674","3,403.36719","0.02232","0.00285","89.73681"
"138.90000","4.62988","3,404.82642","0.02233","0.00285","89.77528"
"139.00000","4.63324","3,406.59473","0.02236","0.00284","89.82191"
"139.10000","4.63675","3,408.16895","0.02239","0.00279","89.86342"
"139.20000","4.63997","3,409.43115","0.02238","0.00279","89.89670"
"139.30000","4.64333","3,411.07324","0.02240","0.00288","89.93999"
"139.40000","4.64684","3,412.69116","0.02243","0.00283","89.98266"
"139.50000","4.64998","3,415.06079","0.02243","0.00296","90.04514"
"139.60000","4.65327","3,415.63940","0.02245","0.00325","90.06039"
"139.70000","4.65671","3,417.42407","0.02247","0.00329","90.10744"
"139.80000","4.65999","3,418.91650","0.02250","0.00338","90.14680"
"139.90000","4.66328","3,420.13208","0.02251","0.00339","90.17885"
"140.00000","4.66672","3,422.37646","0.02254","0.00338","90.23803"
"140.10000","4.67016","3,424.04956","0.02255","0.00334","90.28214"
"140.20000","4.67322","3,424.78979","0.02258","0.00340","90.30166"
"140.30000","4.67659","3,426.31079","0.02261","0.00352","90.34177"
"140.40000","4.68002","3,428.10034","0.02261","0.00363","90.38895"
"140.50000","4.68316","3,430.06250","0.02262","0.00369","90.44069"
"140.60000","4.68660","3,430.99341","0.02265","0.00372","90.46523"
"140.70000","4.69011","3,433.13184","0.02266","0.00382","90.52161"
"140.80000","4.69333","3,435.36499","0.02268","0.00382","90.58050"
"140.90000","4.69669","3,436.27930","0.02269","0.00380","90.60461"
"141.00000","4.70005","3,437.83691","0.02270","0.00365","90.64568"
"141.10000","4.70327","3,438.91260","0.02273","0.00346","90.67403"
"141.20000","4.70663","3,440.37744","0.02272","0.00340","90.71266"
"141.30000","4.70999","3,442.49756","0.02275","0.00330","90.76856"
"141.40000","4.71343","3,443.86279","0.02275","0.00310","90.80456"
"141.50000","4.71665","3,445.44507","0.02278","0.00303","90.84628"
"141.60000","4.72008","3,446.42920","0.02276","0.00298","90.87223"
"141.70000","4.72352","3,447.61572","0.02280","0.00296","90.90351"
"141.80000","4.72651","3,449.80518","0.02280","0.00294","90.96124"
"141.90000","4.73002","3,451.37427","0.02283","0.00297","91.00262"
"142.00000","4.73339","3,453.22192","0.02286","0.00298","91.05133"
"142.10000","4.73660","3,454.58081","0.02287","0.00286","91.08716"
"142.20000","4.74011","3,455.69971","0.02288","0.00288","91.11666"
"142.30000","4.74340","3,457.19727","0.02290","0.00277","91.15615"
"142.40000","4.74661","3,458.67651","0.02290","0.00281","91.19515"
"142.50000","4.74990","3,459.69263","0.02294","0.00284","91.22195"
"142.60000","4.75327","3,461.09204","0.02294","0.00284","91.25884"
"142.70000","4.75663","3,463.19067","0.02298","0.00293","91.31418"
"142.80000","4.75992","3,464.80542","0.02301","0.00315","91.35676"
"142.90000","4.76336","3,466.13867","0.02301","0.00351","91.39191"
"143.00000","4.76679","3,467.73389","0.02302","0.00357","91.43397"
"143.10000","4.76986","3,468.95386","0.02305","0.00346","91.46614"
"143.20000","4.77330","3,470.78442","0.02307","0.00350","91.51440"
"143.30000","4.77666","3,471.66870","0.02309","0.00345","91.53772"
"143.40000","4.77987","3,473.14624","0.02309","0.00342","91.57668"
"143.50000","4.78339","3,474.80469","0.02309","0.00365","91.62041"
"143.60000","4.78675","3,477.17969","0.02309","0.00371","91.68303"
"143.70000","4.79004","3,478.18311","0.02314","0.00380","91.70949"
"143.80000","4.79333","3,479.17090","0.02316","0.00379","91.73553"
"143.90000","4.79661","3,480.63306","0.02316","0.00394","91.77409"
"144.00000","4.80005","3,482.57544","0.02318","0.00395","91.82529"
"144.10000","4.80319","3,483.02124","0.02322","0.00391","91.83705"
"144.20000","4.80663","3,485.66724","0.02322","0.00373","91.90682"
"144.30000","4.81014","3,486.80249","0.02324","0.00371","91.93675"
"144.40000","4.81328","3,488.10938","0.02327","0.00346","91.97121"
"144.50000","4.81672","3,489.69800","0.02325","0.00338","92.01310"
"144.60000","4.82001","3,490.96021","0.02329","0.00317","92.04638"
"144.70000","4.82322","3,492.84326","0.02328","0.00304","92.09603"
"144.80000","4.82666","3,493.82422","0.02331","0.00297","92.12189"
"144.90000","4.82995","3,495.35522","0.02332","0.00306","92.16226"
"145.00000","4.83331","3,496.66113","0.02335","0.00298","92.19669"
"145.10000","4.83667","3,498.65210","0.02337","0.00305","92.24919"
"145.20000","4.84004","3,500.20972","0.02340","0.00291","92.29026"
"145.30000","4.84340","3,501.88940","0.02343","0.00281","92.33455"
"145.40000","4.84654","3,503.08862","0.02344","0.00280","92.36617"
"145.50000","4.84998","3,504.21216","0.02343","0.00278","92.39580"
"145.60000","4.85341","3,507.00171","0.02347","0.00285","92.46935"
"145.70000","4.85655","3,507.19385","0.02349","0.00281","92.47441"
"145.80000","4.86007","3,509.50464","0.02351","0.00287","92.53534"
"145.90000","4.86343","3,510.89795","0.02351","0.00290","92.57208"
"146.00000","4.86657","3,511.31299","0.02354","0.00305","92.58302"
"146.10000","4.87001","3,513.39941","0.02356","0.00314","92.63804"
"146.20000","4.87329","3,515.31812","0.02357","0.00351","92.68863"
"146.30000","4.87666","3,516.34424","0.02357","0.00350","92.71568"
"146.40000","4.88002","3,517.81128","0.02359","0.00352","92.75436"
"146.50000","4.88338","3,518.96777","0.02361","0.00348","92.78486"
"146.60000","4.88675","3,520.79541","0.02363","0.00353","92.83305"
"146.70000","4.88989","3,523.07935","0.02364","0.00359","92.89326"
"146.80000","4.89332","3,524.09619","0.02363","0.00369","92.92008"
"146.90000","4.89661","3,526.15869","0.02367","0.00377","92.97446"
"147.00000","4.89983","3,526.59180","0.02366","0.00393","92.98588"
"147.10000","4.90341","3,528.79102","0.02369","0.00392","93.04387"
"147.20000","4.90678","3,530.56128","0.02370","0.00400","93.09055"
"147.30000","4.90991","3,531.55469","0.02371","0.00402","93.11674"
"147.40000","4.91335","3,532.99414","0.02375","0.00381","93.15469"
"147.50000","4.91672","3,534.11108","0.02376","0.00367","93.18414"
"147.60000","4.91993","3,535.90698","0.02380","0.00355","93.23149"
"147.70000","4.92329","3,536.92920","0.02378","0.00351","93.25845"
"147.80000","4.92673","3,538.71924","0.02381","0.00337","93.30565"
"147.90000","4.93002","3,540.68506","0.02384","0.00315","93.35748"
"148.00000","4.93331","3,541.29663","0.02387","0.00303","93.37360"
"148.10000","4.93675","3,543.16870","0.02387","0.00302","93.42297"
"148.20000","4.93996","3,544.35254","0.02389","0.00305","93.45418"
"148.30000","4.94317","3,544.92554","0.02392","0.00302","93.46928"
"148.40000","4.94669","3,546.72363","0.02394","0.00284","93.51670"
"148.50000","4.94997","3,548.90234","0.02395","0.00283","93.57414"
"148.60000","4.95326","3,549.70630","0.02398","0.00289","93.59534"
"148.70000","4.95670","3,551.24316","0.02402","0.00290","93.63586"
"148.80000","4.96014","3,554.26782","0.02402","0.00289","93.71561"
"148.90000","4.96328","3,554.79370","0.02402","0.00291","93.72948"
"149.00000","4.96657","3,555.75708","0.02403","0.00295","93.75488"
"149.10000","4.97000","3,557.42871","0.02405","0.00294","93.79896"
"149.20000","4.97322","3,558.40820","0.02409","0.00299","93.82478"
"149.30000","4.97666","3,560.40332","0.02407","0.00322","93.87739"
"149.40000","4.98009","3,562.10693","0.02411","0.00345","93.92231"
"149.50000","4.98331","3,562.89404","0.02411","0.00367","93.94306"
"149.60000","4.98659","3,564.33057","0.02410","0.00363","93.98094"
"149.70000","4.99003","3,566.21143","0.02412","0.00367","94.03053"
"149.80000","4.99332","3,568.02148","0.02414","0.00370","94.07826"
"149.90000","4.99661","3,568.60913","0.02413","0.00373","94.09376"
"150.00000","5.00005","3,570.13599","0.02415","0.00383","94.13401"
"150.10000","5.00348","3,572.20947","0.02417","0.00393","94.18868"
"150.20000","5.00662","3,573.93286","0.02420","0.00397","94.23412"
"150.30000","5.00999","3,574.60645","0.02421","0.00402","94.25188"
"150.40000","5.01343","3,576.55518","0.02423","0.00409","94.30327"
"150.50000","5.01649","3,577.03540","0.02423","0.00413","94.31593"
"150.60000","5.02000","3,578.76050","0.02425","0.00394","94.36142"
"150.70000","5.02344","3,580.56470","0.02426","0.00374","94.40899"
"150.80000","5.02658","3,582.03198","0.02427","0.00374","94.44768"
"150.90000","5.03002","3,583.53442","0.02429","0.00364","94.48729"
"151.00000","5.03338","3,584.02051","0.02432","0.00352","94.50011"
"151.10000","5.03667","3,586.75195","0.02436","0.00333","94.57213"
"151.20000","5.03988","3,587.04443","0.02437","0.00319","94.57984"
"151.30000","5.04324","3,589.06201","0.02438","0.00315","94.63303"
"151.40000","5.04668","3,590.21436","0.02440","0.00312","94.66342"
"151.50000","5.04990","3,591.89771","0.02444","0.00297","94.70780"
"151.60000","5.05333","3,593.10693","0.02447","0.00289","94.73969"
"151.70000","5.05677","3,595.32715","0.02448","0.00291","94.79823"
"151.80000","5.05984","3,595.76147","0.02450","0.00288","94.80968"
"151.90000","5.06327","3,596.96045","0.02453","0.00289","94.84129"
"152.00000","5.06671","3,599.50073","0.02455","0.00295","94.90827"
"152.10000","5.06993","3,600.74683","0.02457","0.00299","94.94113"
"152.20000","5.07336","3,601.87329","0.02460","0.00300","94.97083"
"152.30000","5.07673","3,603.22925","0.02459","0.00299","95.00658"
"152.40000","5.08009","3,605.05737","0.02459","0.00306","95.05479"
"152.50000","5.08330","3,605.70557","0.02462","0.00308","95.07188"
"152.60000","5.08659","3,608.31812","0.02463","0.00322","95.14076"
"152.70000","5.08996","3,608.59546","0.02463","0.00359","95.14808"
"152.80000","5.09317","3,610.12769","0.02462","0.00378","95.18848"
"152.90000","5.09668","3,612.16064","0.02465","0.00365","95.24208"
"153.00000","5.10012","3,613.65796","0.02465","0.00363","95.28156"
"153.10000","5.10326","3,614.47754","0.02465","0.00376","95.30317"
"153.20000","5.10662","3,616.06226","0.02469","0.00389","95.34496"
"153.30000","5.10999","3,617.79736","0.02469","0.00394","95.39070"
"153.40000","5.11320","3,618.83521","0.02471","0.00403","95.41807"
"153.50000","5.11671","3,620.43018","0.02472","0.00408","95.46012"
"153.60000","5.12000","3,621.62988","0.02473","0.00420","95.49175"
"153.70000","5.12336","3,623.67065","0.02475","0.00422","95.54556"
"153.80000","5.12665","3,625.26099","0.02476","0.00398","95.58749"
"153.90000","5.12994","3,626.71655","0.02477","0.00384","95.62588"
"154.00000","5.13338","3,628.28564","0.02482","0.00379","95.66725"
"154.10000","5.13652","3,628.98853","0.02482","0.00373","95.68578"
"154.20000","5.14003","3,630.81738","0.02485","0.00363","95.73400"
"154.30000","5.14347","3,632.46021","0.02488","0.00355","95.77732"
"154.40000","5.14661","3,633.35229","0.02490","0.00327","95.80084"
"154.50000","5.15012","3,635.20825","0.02493","0.00320","95.84978"
"154.60000","5.15341","3,636.52295","0.02494","0.00315","95.88445"
"154.70000","5.15655","3,637.78540","0.02498","0.00307","95.91773"
"154.80000","5.15998","3,639.10767","0.02499","0.00290","95.95259"
"154.90000","5.16327","3,640.66577","0.02501","0.00294","95.99368"
"155.00000","5.16664","3,642.21509","0.02500","0.00297","96.03453"
"155.10000","5.17000","3,643.34741","0.02503","0.00296","96.06438"
"155.20000","5.17336","3,644.63330","0.02507","0.00297","96.09829"
"155.30000","5.17673","3,647.18286","0.02508","0.00304","96.16551"
"155.40000","5.17986","3,647.24072","0.02509","0.00304","96.16704"
"155.50000","5.18330","3,649.01465","0.02509","0.00306","96.21381"
"155.60000","5.18674","3,651.18091","0.02511","0.00310","96.27093"
"155.70000","5.18988","3,651.35547","0.02515","0.00313","96.27554"
"155.80000","5.19339","3,652.80688","0.02513","0.00322","96.31380"
"155.90000","5.19675","3,654.14404","0.02515","0.00363","96.34906"
"156.00000","5.19989","3,655.05469","0.02514","0.00389","96.37307"
"156.10000","5.20333","3,657.08887","0.02516","0.00376","96.42670"
"156.20000","5.20662","3,658.90259","0.02517","0.00379","96.47453"
"156.30000","5.20991","3,659.11499","0.02517","0.00385","96.48013"
"156.40000","5.21327","3,660.93994","0.02519","0.00398","96.52824"
"156.50000","5.21671","3,663.09204","0.02517","0.00409","96.58499"
"156.60000","5.22007","3,665.17114","0.02520","0.00418","96.63981"
"156.70000","5.22321","3,665.30444","0.02522","0.00424","96.64333"
"156.80000","5.22665","3,667.24756","0.02525","0.00431","96.69456"
"156.90000","5.23001","3,667.92896","0.02526","0.00432","96.71252"
"157.00000","5.23323","3,670.05103","0.02528","0.00428","96.76848"
"157.10000","5.23674","3,671.21948","0.02529","0.00399","96.79929"
"157.20000","5.24010","3,671.90063","0.02533","0.00395","96.81725"
"157.30000","5.24324","3,673.36304","0.02534","0.00385","96.85580"
"157.40000","5.24668","3,673.36938","0.02538","0.00385","96.85597"
"157.50000","5.25004","3,675.39795","0.02540","0.00371","96.90946"
"157.60000","5.25326","3,676.31909","0.02542","0.00352","96.93375"
"157.70000","5.25662","3,678.10059","0.02544","0.00341","96.98072"
"157.80000","5.26006","3,679.64551","0.02547","0.00332","97.02146"
"157.90000","5.26327","3,679.98706","0.02549","0.00316","97.03046"
"158.00000","5.26663","3,681.63037","0.02551","0.00302","97.07379"
"158.10000","5.27007","3,683.21313","0.02551","0.00299","97.11552"
"158.20000","5.27329","3,684.66602","0.02554","0.00307","97.15383"
"158.30000","5.27650","3,684.94849","0.02556","0.00300","97.16129"
"158.40000","5.28001","3,687.07739","0.02559","0.00308","97.21741"
"158.50000","5.28337","3,688.33203","0.02561","0.00300","97.25050"
"158.60000","5.28659","3,689.53540","0.02562","0.00307","97.28223"
"158.70000","5.29003","3,690.77783","0.02562","0.00305","97.31499"
"158.80000","5.29346","3,692.32788","0.02564","0.00309","97.35586"
"158.90000","5.29660","3,693.45483","0.02565","0.00318","97.38557"
"159.00000","5.29989","3,694.38110","0.02566","0.00328","97.40999"
"159.10000","5.30333","3,696.48828","0.02568","0.00333","97.46555"
"159.20000","5.30662","3,696.65894","0.02569","0.00348","97.47005"
"159.30000","5.30998","3,698.17236","0.02569","0.00370","97.50996"
"159.40000","5.31342","3,699.58423","0.02572","0.00381","97.54718"
"159.47000","5.31581","3,328.36182","0.02571","0.00393","87.75914"
"159.47400","5.31604","2,977.13354","0.02571","0.00393","78.49828"
"159.47800","5.31618","2,577.15112","0.02571","0.00393","67.95191"
"159.48200","5.31633","2,166.13013","0.02571","0.00393","57.11450"
