Modulus (Segment 0.001 mm/mm - 0.008 mm/mm) : Modulus (Segment 0.001 mm/mm - 0.008 mm/mm),"6,616.67081",MPa
Poisson's ratio (Least squares fit) : Poisson's ratio (Least squares fit),"0.18248"
Specimen properties : Gauge length,"14.86000",mm
Specimen properties : Gauge length transverse,"4.94200",mm
Specimen properties : Thickness,"2.54000",mm
Specimen properties : Width,"15.05000",mm

Time,Extension,Load,Video axial strain,Video transverse strain,Calculated Stress
(s),(mm),(N),(mm/mm),(mm/mm),(MPa)
"0.00000","-0.00007","76.72485","0.00000","-0.00004","2.00709"
"0.10000","0.00127","78.55349","0.00001","0.00001","2.05492"
"0.20000","0.00568","83.74828","0.00001","0.00000","2.19081"
"0.30000","0.00987","91.64168","0.00000","0.00014","2.39730"
"0.40000","0.01323","96.26317","0.00003","0.00022","2.51820"
"0.50000","0.01659","102.29115","0.00002","0.00020","2.67589"
"0.60000","0.01995","107.35586","-0.00001","0.00025","2.80838"
"0.70000","0.02339","113.73318","0.00004","0.00018","2.97521"
"0.80000","0.02661","119.66501","0.00000","0.00019","3.13038"
"0.90000","0.03004","124.28641","0.00000","0.00018","3.25127"
"1.00000","0.03348","130.34421","0.00004","0.00028","3.40974"
"1.10000","0.03647","134.66081","0.00002","0.00028","3.52266"
"1.20000","0.03998","140.77928","0.00003","0.00029","3.68272"
"1.30000","0.04342","146.57225","0.00003","0.00027","3.83426"
"1.40000","0.04656","151.48888","0.00002","0.00014","3.96288"
"1.50000","0.05007","157.51535","0.00003","0.00007","4.12053"
"1.60000","0.05336","162.15012","0.00003","0.00006","4.24177"
"1.70000","0.05665","168.16316","0.00005","0.00006","4.39907"
"1.80000","0.05994","172.49245","0.00007","0.00001","4.51232"
"1.90000","0.06330","177.73122","0.00007","0.00007","4.64936"
"2.00000","0.06667","184.10228","0.00007","0.00005","4.81603"
"2.10000","0.06988","188.24179","0.00009","0.00011","4.92431"
"2.20000","0.07339","194.00078","0.00012","0.00020","5.07497"
"2.30000","0.07675","200.37033","0.00013","0.00012","5.24159"
"2.40000","0.07989","204.66631","0.00013","0.00024","5.35397"
"2.50000","0.08333","209.62579","0.00014","0.00042","5.48371"
"2.60000","0.08677","216.17389","0.00016","0.00040","5.65501"
"2.70000","0.08983","221.49113","0.00017","0.00043","5.79410"
"2.80000","0.09342","225.67409","0.00019","0.00042","5.90353"
"2.90000","0.09678","232.29298","0.00021","0.00036","6.07667"
"3.00000","0.10000","237.02202","0.00024","0.00034","6.20038"
"3.10000","0.10336","243.10748","0.00030","0.00031","6.35958"
"3.20000","0.10665","247.19627","0.00027","0.00025","6.46654"
"3.30000","0.10994","253.29872","0.00025","0.00034","6.62617"
"3.40000","0.11315","257.84897","0.00029","0.00035","6.74521"
"3.50000","0.11666","263.70859","0.00032","0.00047","6.89849"
"3.60000","0.12010","269.34821","0.00038","0.00042","7.04602"
"3.70000","0.12324","273.20804","0.00038","0.00038","7.14699"
"3.80000","0.12675","278.66595","0.00039","0.00047","7.28977"
"3.90000","0.13012","283.44791","0.00037","0.00048","7.41486"
"4.00000","0.13318","289.63608","0.00038","0.00043","7.57674"
"4.10000","0.13669","294.66885","0.00036","0.00043","7.70840"
"4.20000","0.14006","299.51425","0.00036","0.00039","7.83515"
"4.30000","0.14327","303.78720","0.00039","0.00043","7.94693"
"4.40000","0.14671","309.81516","0.00042","0.00031","8.10462"
"4.50000","0.15015","314.34348","0.00039","0.00034","8.22307"
"4.60000","0.15329","319.90945","0.00043","0.00030","8.36868"
"4.70000","0.15657","324.57535","0.00045","0.00022","8.49074"
"4.80000","0.15994","330.88715","0.00045","0.00026","8.65585"
"4.90000","0.16330","334.91171","0.00044","0.00017","8.76113"
"5.00000","0.16659","339.90979","0.00054","0.00019","8.89188"
"5.10000","0.17003","345.61591","0.00049","0.00020","9.04115"
"5.20000","0.17339","350.43036","0.00050","0.00028","9.16709"
"5.30000","0.17660","355.48212","0.00058","0.00031","9.29924"
"5.40000","0.17997","360.91525","0.00057","0.00038","9.44137"
"5.50000","0.18333","365.74899","0.00055","0.00037","9.56782"
"5.60000","0.18654","370.47250","0.00054","0.00045","9.69138"
"5.70000","0.18998","375.51297","0.00058","0.00051","9.82324"
"5.80000","0.19342","380.80875","0.00059","0.00063","9.96177"
"5.90000","0.19663","385.95120","0.00064","0.00058","10.09630"
"6.00000","0.20000","391.03296","0.00064","0.00057","10.22923"
"6.10000","0.20336","395.27908","0.00072","0.00048","10.34031"
"6.20000","0.20665","400.54306","0.00078","0.00046","10.47801"
"6.30000","0.20994","405.69534","0.00078","0.00046","10.61280"
"6.40000","0.21337","410.37509","0.00086","0.00041","10.73522"
"6.50000","0.21674","416.09357","0.00076","0.00035","10.88481"
"6.60000","0.21995","420.40167","0.00084","0.00050","10.99751"
"6.70000","0.22339","425.56631","0.00087","0.00051","11.13261"
"6.80000","0.22675","430.73645","0.00087","0.00055","11.26786"
"6.90000","0.22989","434.57175","0.00087","0.00062","11.36819"
"7.00000","0.23325","439.40973","0.00091","0.00059","11.49475"
"7.10000","0.23669","444.07715","0.00093","0.00059","11.61685"
"7.20000","0.23998","450.00085","0.00092","0.00061","11.77181"
"7.30000","0.24334","453.83121","0.00093","0.00060","11.87201"
"7.40000","0.24678","458.36423","0.00097","0.00060","11.99059"
"7.50000","0.24992","463.74365","0.00097","0.00054","12.13131"
"7.60000","0.25328","467.88412","0.00094","0.00041","12.23962"
"7.70000","0.25665","472.38599","0.00100","0.00037","12.35739"
"7.80000","0.25993","477.54239","0.00093","0.00039","12.49228"
"7.90000","0.26322","481.82990","0.00102","0.00031","12.60444"
"8.00000","0.26674","486.03592","0.00094","0.00032","12.71447"
"8.10000","0.27017","491.90457","0.00108","0.00031","12.86799"
"8.20000","0.27324","495.33063","0.00108","0.00037","12.95761"
"8.30000","0.27660","499.82462","0.00100","0.00032","13.07517"
"8.40000","0.28004","504.65344","0.00101","0.00045","13.20149"
"8.50000","0.28325","508.67200","0.00111","0.00050","13.30662"
"8.60000","0.28669","513.90765","0.00109","0.00052","13.44358"
"8.70000","0.29013","518.03058","0.00122","0.00042","13.55143"
"8.80000","0.29327","522.68488","0.00108","0.00053","13.67319"
"8.90000","0.29663","527.59521","0.00117","0.00028","13.80164"
"9.00000","0.29999","532.98541","0.00118","0.00050","13.94264"
"9.10000","0.30336","537.09381","0.00123","0.00047","14.05012"
"9.20000","0.30657","541.02515","0.00118","0.00066","14.15296"
"9.30000","0.31001","545.98010","0.00116","0.00058","14.28258"
"9.40000","0.31345","550.62329","0.00137","0.00053","14.40404"
"9.50000","0.31659","554.93115","0.00130","0.00052","14.51673"
"9.60000","0.31995","559.19269","0.00137","0.00069","14.62821"
"9.70000","0.32339","563.16150","0.00137","0.00072","14.73203"
"9.80000","0.32653","567.92633","0.00134","0.00075","14.85668"
"9.90000","0.32996","572.64484","0.00146","0.00078","14.98011"
"10.00000","0.33340","577.56122","0.00141","0.00074","15.10872"
"10.10000","0.33661","582.10773","0.00147","0.00078","15.22766"
"10.20000","0.34005","585.63812","0.00147","0.00074","15.32001"
"10.30000","0.34342","590.50940","0.00151","0.00067","15.44744"
"10.40000","0.34663","594.73627","0.00152","0.00064","15.55802"
"10.50000","0.34992","598.97729","0.00151","0.00062","15.66896"
"10.60000","0.35328","603.48865","0.00152","0.00050","15.78697"
"10.70000","0.35672","608.20331","0.00152","0.00053","15.91031"
"10.80000","0.35993","612.10083","0.00152","0.00062","16.01226"
"10.90000","0.36337","616.12317","0.00161","0.00035","16.11749"
"11.00000","0.36681","620.90240","0.00155","0.00047","16.24251"
"11.10000","0.36987","624.59570","0.00165","0.00037","16.33912"
"11.20000","0.37331","629.48956","0.00163","0.00033","16.46715"
"11.30000","0.37675","634.24536","0.00165","0.00031","16.59155"
"11.40000","0.37981","637.76257","0.00162","0.00036","16.68356"
"11.50000","0.38340","642.37836","0.00170","0.00037","16.80431"
"11.60000","0.38676","646.70819","0.00169","0.00034","16.91758"
"11.70000","0.38998","650.74384","0.00168","0.00033","17.02315"
"11.80000","0.39327","654.48450","0.00170","0.00035","17.12100"
"11.90000","0.39655","658.29370","0.00170","0.00041","17.22065"
"12.00000","0.39999","662.80615","0.00170","0.00052","17.33869"
"12.10000","0.40313","666.58765","0.00173","0.00055","17.43761"
"12.20000","0.40672","671.01581","0.00176","0.00069","17.55345"
"12.30000","0.41016","675.71912","0.00178","0.00045","17.67649"
"12.40000","0.41322","679.29657","0.00177","0.00063","17.77007"
"12.50000","0.41673","683.81934","0.00181","0.00058","17.88839"
"12.60000","0.42010","688.06268","0.00181","0.00063","17.99939"
"12.70000","0.42324","690.58368","0.00180","0.00067","18.06534"
"12.80000","0.42667","695.26233","0.00187","0.00057","18.18773"
"12.90000","0.43004","700.04352","0.00192","0.00079","18.31280"
"13.00000","0.43332","703.96747","0.00188","0.00086","18.41545"
"13.10000","0.43676","706.75122","0.00193","0.00092","18.48827"
"13.20000","0.43998","710.99011","0.00192","0.00093","18.59916"
"13.30000","0.44334","715.59290","0.00197","0.00088","18.71957"
"13.40000","0.44655","719.53394","0.00199","0.00077","18.82266"
"13.50000","0.44999","723.66040","0.00207","0.00074","18.93061"
"13.60000","0.45343","727.96869","0.00207","0.00069","19.04331"
"13.70000","0.45657","730.84290","0.00205","0.00060","19.11850"
"13.80000","0.46008","735.52448","0.00209","0.00065","19.24097"
"13.90000","0.46344","739.60504","0.00218","0.00065","19.34771"
"14.00000","0.46651","743.49170","0.00219","0.00060","19.44939"
"14.10000","0.46995","747.74481","0.00218","0.00050","19.56065"
"14.20000","0.47331","750.54871","0.00216","0.00056","19.63400"
"14.30000","0.47660","755.31360","0.00211","0.00057","19.75864"
"14.40000","0.48004","759.17444","0.00216","0.00050","19.85964"
"14.50000","0.48340","763.46680","0.00211","0.00050","19.97193"
"14.60000","0.48669","768.04407","0.00219","0.00050","20.09167"
"14.70000","0.48990","770.85492","0.00213","0.00046","20.16520"
"14.80000","0.49334","775.32074","0.00224","0.00051","20.28202"
"14.90000","0.49670","779.50079","0.00217","0.00055","20.39137"
"15.00000","0.49984","783.17700","0.00216","0.00058","20.48754"
"15.10000","0.50335","787.08948","0.00219","0.00058","20.58988"
"15.20000","0.50679","791.11328","0.00216","0.00066","20.69514"
"15.30000","0.50993","794.94470","0.00223","0.00070","20.79537"
"15.40000","0.51337","798.67157","0.00221","0.00083","20.89287"
"15.50000","0.51666","801.72491","0.00223","0.00073","20.97274"
"15.60000","0.51994","806.27789","0.00225","0.00069","21.09184"
"15.70000","0.52331","810.22064","0.00225","0.00073","21.19498"
"15.80000","0.52667","813.70135","0.00229","0.00068","21.28604"
"15.90000","0.53003","817.96295","0.00232","0.00076","21.39752"
"16.00000","0.53325","821.50165","0.00235","0.00066","21.49009"
"16.10000","0.53669","825.57501","0.00235","0.00081","21.59665"
"16.20000","0.53997","830.11993","0.00238","0.00093","21.71554"
"16.30000","0.54319","832.51611","0.00243","0.00091","21.77822"
"16.40000","0.54670","836.40686","0.00240","0.00095","21.88000"
"16.50000","0.55006","841.49066","0.00246","0.00086","22.01299"
"16.60000","0.55328","845.35443","0.00245","0.00083","22.11407"
"16.70000","0.55672","848.89636","0.00251","0.00084","22.20672"
"16.80000","0.56008","852.34174","0.00252","0.00082","22.29685"
"16.90000","0.56329","855.19708","0.00254","0.00077","22.37155"
"17.00000","0.56658","859.75214","0.00261","0.00073","22.49070"
"17.10000","0.57002","863.57294","0.00266","0.00069","22.59065"
"17.20000","0.57331","867.37646","0.00264","0.00068","22.69015"
"17.30000","0.57660","870.61609","0.00263","0.00063","22.77490"
"17.40000","0.58011","875.38550","0.00264","0.00058","22.89967"
"17.50000","0.58332","878.77075","0.00261","0.00056","22.98822"
"17.60000","0.58661","881.57764","0.00264","0.00056","23.06165"
"17.70000","0.58997","885.52527","0.00264","0.00062","23.16492"
"17.80000","0.59334","888.65662","0.00263","0.00056","23.24683"
"17.90000","0.59655","893.36566","0.00262","0.00060","23.37002"
"18.00000","0.60006","896.80682","0.00264","0.00063","23.46004"
"18.10000","0.60350","900.82062","0.00266","0.00069","23.56503"
"18.20000","0.60664","903.69714","0.00266","0.00082","23.64028"
"18.30000","0.60993","907.20355","0.00269","0.00100","23.73201"
"18.40000","0.61337","911.38220","0.00270","0.00076","23.84132"
"18.50000","0.61650","915.39185","0.00269","0.00084","23.94621"
"18.60000","0.61994","918.69879","0.00272","0.00083","24.03272"
"18.70000","0.62346","921.87012","0.00272","0.00075","24.11568"
"18.80000","0.62667","925.68982","0.00272","0.00073","24.21560"
"18.90000","0.62996","929.53473","0.00274","0.00067","24.31618"
"19.00000","0.63340","933.22314","0.00278","0.00070","24.41267"
"19.10000","0.63668","936.11993","0.00281","0.00078","24.48845"
"19.20000","0.63990","940.45654","0.00284","0.00094","24.60189"
"19.30000","0.64334","943.49170","0.00282","0.00109","24.68129"
"19.40000","0.64677","948.05640","0.00290","0.00102","24.80070"
"19.50000","0.64991","950.98541","0.00291","0.00099","24.87732"
"19.60000","0.65335","954.92975","0.00289","0.00096","24.98050"
"19.70000","0.65679","959.58783","0.00293","0.00093","25.10236"
"19.80000","0.65985","961.83673","0.00293","0.00082","25.16119"
"19.90000","0.66336","965.86047","0.00291","0.00093","25.26645"
"20.00000","0.66673","969.54779","0.00297","0.00089","25.36291"
"20.10000","0.66994","973.82312","0.00302","0.00088","25.47475"
"20.20000","0.67338","976.51910","0.00299","0.00074","25.54527"
"20.30000","0.67674","980.71472","0.00302","0.00070","25.65503"
"20.40000","0.68003","983.26727","0.00300","0.00068","25.72180"
"20.50000","0.68324","987.29907","0.00304","0.00074","25.82727"
"20.60000","0.68661","990.50940","0.00311","0.00068","25.91125"
"20.70000","0.69005","994.07819","0.00305","0.00072","26.00461"
"20.80000","0.69318","997.55695","0.00308","0.00065","26.09561"
"20.90000","0.69670","1,001.29340","0.00305","0.00065","26.19336"
"21.00000","0.70014","1,005.26074","0.00309","0.00073","26.29714"
"21.10000","0.70320","1,008.49353","0.00310","0.00070","26.38171"
"21.20000","0.70671","1,011.79395","0.00310","0.00080","26.46804"
"21.30000","0.71000","1,015.53693","0.00306","0.00083","26.56596"
"21.40000","0.71321","1,018.46515","0.00308","0.00099","26.64256"
"21.50000","0.71673","1,022.18744","0.00308","0.00090","26.73993"
"21.60000","0.72009","1,026.76392","0.00314","0.00097","26.85965"
"21.70000","0.72338","1,029.54651","0.00314","0.00095","26.93244"
"21.80000","0.72667","1,033.10596","0.00318","0.00086","27.02556"
"21.90000","0.72996","1,036.27747","0.00317","0.00086","27.10852"
"22.00000","0.73332","1,040.27722","0.00320","0.00082","27.21315"
"22.10000","0.73653","1,042.60107","0.00324","0.00078","27.27394"
"22.20000","0.73997","1,047.36047","0.00327","0.00088","27.39845"
"22.30000","0.74348","1,050.86731","0.00328","0.00102","27.49018"
"22.40000","0.74662","1,053.38623","0.00327","0.00109","27.55608"
"22.50000","0.75006","1,057.50891","0.00328","0.00106","27.66393"
"22.60000","0.75335","1,060.71936","0.00330","0.00105","27.74791"
"22.70000","0.75656","1,064.18188","0.00332","0.00105","27.83849"
"22.80000","0.76000","1,067.88684","0.00333","0.00102","27.93541"
"22.90000","0.76329","1,070.92627","0.00335","0.00095","28.01492"
"23.00000","0.76665","1,074.73206","0.00341","0.00097","28.11448"
"23.10000","0.77001","1,077.27112","0.00341","0.00095","28.18090"
"23.20000","0.77338","1,081.03870","0.00344","0.00088","28.27945"
"23.30000","0.77674","1,084.82849","0.00344","0.00083","28.37859"
"23.40000","0.77988","1,087.78137","0.00344","0.00084","28.45584"
"23.50000","0.78332","1,091.05444","0.00349","0.00076","28.54146"
"23.60000","0.78676","1,093.81763","0.00345","0.00079","28.61374"
"23.70000","0.78989","1,098.17322","0.00352","0.00077","28.72769"
"23.80000","0.79341","1,101.51477","0.00349","0.00075","28.81510"
"23.90000","0.79677","1,105.42566","0.00345","0.00078","28.91741"
"24.00000","0.79991","1,107.44165","0.00347","0.00074","28.97014"
"24.10000","0.80335","1,111.16882","0.00349","0.00072","29.06764"
"24.20000","0.80664","1,115.73584","0.00355","0.00081","29.18711"
"24.30000","0.81000","1,118.62000","0.00359","0.00078","29.26256"
"24.40000","0.81329","1,121.67651","0.00359","0.00104","29.34252"
"24.50000","0.81665","1,124.58105","0.00350","0.00105","29.41850"
"24.60000","0.82009","1,129.06140","0.00359","0.00096","29.53571"
"24.70000","0.82323","1,131.62927","0.00353","0.00101","29.60288"
"24.80000","0.82659","1,134.95300","0.00359","0.00096","29.68983"
"24.90000","0.82995","1,138.45532","0.00363","0.00092","29.78145"
"25.00000","0.83317","1,141.21680","0.00362","0.00087","29.85369"
"25.10000","0.83668","1,145.65295","0.00360","0.00084","29.96973"
"25.20000","0.84012","1,149.41052","0.00364","0.00082","30.06803"
"25.30000","0.84326","1,151.26990","0.00364","0.00111","30.11667"
"25.40000","0.84669","1,155.10071","0.00364","0.00113","30.21688"
"25.50000","0.84991","1,158.74988","0.00369","0.00119","30.31234"
"25.60000","0.85327","1,162.49524","0.00371","0.00114","30.41032"
"25.70000","0.85663","1,164.79126","0.00371","0.00117","30.47038"
"25.80000","0.86000","1,169.07434","0.00375","0.00111","30.58242"
"25.90000","0.86344","1,172.50916","0.00375","0.00106","30.67228"
"26.00000","0.86665","1,175.81409","0.00381","0.00106","30.75873"
"26.10000","0.87009","1,179.16138","0.00379","0.00103","30.84630"
"26.20000","0.87330","1,181.87634","0.00380","0.00108","30.91732"
"26.30000","0.87651","1,185.53479","0.00383","0.00100","31.01302"
"26.40000","0.88003","1,189.07690","0.00385","0.00099","31.10568"
"26.50000","0.88339","1,192.29871","0.00388","0.00091","31.18996"
"26.60000","0.88660","1,196.09753","0.00393","0.00086","31.28934"
"26.70000","0.89004","1,198.40723","0.00389","0.00087","31.34976"
"26.80000","0.89348","1,201.99036","0.00390","0.00088","31.44349"
"26.90000","0.89662","1,204.83447","0.00390","0.00085","31.51789"
"27.00000","0.89991","1,208.12292","0.00390","0.00086","31.60392"
"27.10000","0.90334","1,211.58020","0.00391","0.00088","31.69436"
"27.20000","0.90663","1,214.83508","0.00392","0.00090","31.77950"
"27.30000","0.90992","1,218.07336","0.00397","0.00089","31.86422"
"27.40000","0.91343","1,221.58545","0.00395","0.00098","31.95609"
"27.50000","0.91665","1,225.56909","0.00399","0.00095","32.06030"
"27.60000","0.91994","1,227.48303","0.00399","0.00106","32.11037"
"27.70000","0.92337","1,231.64404","0.00404","0.00099","32.21922"
"27.80000","0.92666","1,234.80664","0.00402","0.00103","32.30195"
"27.90000","0.92988","1,238.07593","0.00402","0.00106","32.38747"
"28.00000","0.93339","1,241.31897","0.00406","0.00101","32.47231"
"28.10000","0.93683","1,244.30847","0.00404","0.00097","32.55051"
"28.20000","0.93997","1,247.62158","0.00410","0.00094","32.63718"
"28.30000","0.94333","1,250.81567","0.00407","0.00102","32.72074"
"28.40000","0.94677","1,253.83130","0.00409","0.00120","32.79963"
"28.50000","0.94991","1,255.90173","0.00410","0.00127","32.85379"
"28.60000","0.95327","1,260.12170","0.00413","0.00129","32.96418"
"28.70000","0.95678","1,263.59229","0.00416","0.00129","33.05497"
"28.80000","0.96000","1,266.66211","0.00417","0.00125","33.13527"
"28.90000","0.96328","1,268.52917","0.00423","0.00117","33.18412"
"29.00000","0.96672","1,272.64758","0.00420","0.00115","33.29185"
"29.10000","0.97001","1,275.04956","0.00423","0.00118","33.35469"
"29.20000","0.97322","1,278.13672","0.00427","0.00112","33.43544"
"29.30000","0.97666","1,281.61658","0.00427","0.00111","33.52647"
"29.40000","0.98010","1,284.64648","0.00427","0.00106","33.60574"
"29.50000","0.98331","1,287.76904","0.00428","0.00115","33.68742"
"29.60000","0.98668","1,290.66663","0.00428","0.00098","33.76322"
"29.70000","0.99011","1,294.33496","0.00435","0.00091","33.85918"
"29.80000","0.99318","1,297.20691","0.00434","0.00095","33.93431"
"29.90000","0.99662","1,300.08289","0.00434","0.00095","34.00954"
"30.00000","1.00005","1,303.41833","0.00433","0.00094","34.09680"
"30.10000","1.00327","1,306.13135","0.00439","0.00092","34.16777"
"30.20000","1.00671","1,309.40283","0.00439","0.00091","34.25335"
"30.30000","1.01007","1,312.09937","0.00442","0.00091","34.32389"
"30.40000","1.01336","1,315.53333","0.00445","0.00095","34.41372"
"30.50000","1.01665","1,318.10571","0.00443","0.00103","34.48101"
"30.60000","1.01993","1,321.41870","0.00445","0.00106","34.56768"
"30.70000","1.02337","1,324.64270","0.00449","0.00111","34.65202"
"30.80000","1.02651","1,327.72278","0.00449","0.00101","34.73259"
"30.90000","1.03002","1,330.88477","0.00449","0.00114","34.81531"
"31.00000","1.03346","1,333.50378","0.00454","0.00114","34.88382"
"31.10000","1.03660","1,336.23438","0.00450","0.00108","34.95525"
"31.20000","1.03996","1,339.12634","0.00456","0.00105","35.03090"
"31.30000","1.04333","1,341.95667","0.00454","0.00112","35.10494"
"31.40000","1.04654","1,345.56445","0.00455","0.00126","35.19932"
"31.50000","1.04998","1,347.67358","0.00456","0.00120","35.25449"
"31.60000","1.05334","1,350.67188","0.00457","0.00131","35.33293"
"31.70000","1.05670","1,353.97559","0.00461","0.00140","35.41935"
"31.80000","1.05999","1,356.78125","0.00460","0.00146","35.49275"
"31.90000","1.06328","1,360.95105","0.00462","0.00132","35.60183"
"32.00000","1.06672","1,363.41528","0.00465","0.00127","35.66629"
"32.10000","1.06986","1,366.09949","0.00464","0.00131","35.73651"
"32.20000","1.07330","1,369.32812","0.00465","0.00127","35.82097"
"32.30000","1.07681","1,372.27808","0.00469","0.00122","35.89814"
"32.40000","1.07995","1,374.65820","0.00473","0.00124","35.96040"
"32.50000","1.08339","1,377.21436","0.00469","0.00123","36.02727"
"32.60000","1.08675","1,380.10107","0.00477","0.00112","36.10278"
"32.70000","1.08989","1,383.49146","0.00476","0.00106","36.19147"
"32.80000","1.09333","1,386.50720","0.00480","0.00109","36.27036"
"32.90000","1.09661","1,389.53809","0.00482","0.00108","36.34965"
"33.00000","1.10005","1,392.80383","0.00478","0.00101","36.43508"
"33.10000","1.10334","1,396.28821","0.00481","0.00100","36.52623"
"33.20000","1.10670","1,398.42676","0.00483","0.00101","36.58217"
"33.30000","1.11007","1,401.95801","0.00485","0.00099","36.67455"
"33.40000","1.11313","1,404.09192","0.00484","0.00104","36.73037"
"33.50000","1.11664","1,407.79309","0.00491","0.00104","36.82719"
"33.60000","1.12008","1,410.73145","0.00489","0.00108","36.90406"
"33.70000","1.12315","1,413.28430","0.00491","0.00109","36.97084"
"33.80000","1.12673","1,416.57324","0.00490","0.00105","37.05688"
"33.90000","1.13010","1,419.49976","0.00492","0.00108","37.13343"
"34.00000","1.13331","1,422.67297","0.00495","0.00131","37.21644"
"34.10000","1.13667","1,425.32239","0.00499","0.00121","37.28575"
"34.20000","1.13996","1,428.18762","0.00499","0.00119","37.36070"
"34.30000","1.14325","1,431.47949","0.00502","0.00114","37.44682"
"34.40000","1.14661","1,434.14526","0.00500","0.00126","37.51655"
"34.50000","1.15005","1,436.97778","0.00501","0.00135","37.59065"
"34.60000","1.15341","1,439.85474","0.00504","0.00141","37.66591"
"34.70000","1.15655","1,442.77051","0.00505","0.00144","37.74218"
"34.80000","1.15999","1,446.65186","0.00505","0.00147","37.84372"
"34.90000","1.16343","1,448.98718","0.00506","0.00144","37.90481"
"35.00000","1.16649","1,451.39001","0.00507","0.00138","37.96767"
"35.10000","1.17008","1,455.26648","0.00510","0.00138","38.06907"
"35.20000","1.17344","1,458.00671","0.00513","0.00137","38.14076"
"35.30000","1.17666","1,460.48059","0.00513","0.00131","38.20547"
"35.40000","1.18002","1,463.72998","0.00516","0.00127","38.29047"
"35.50000","1.18338","1,466.48389","0.00516","0.00131","38.36251"
"35.60000","1.18660","1,468.82324","0.00519","0.00136","38.42371"
"35.70000","1.18989","1,471.81567","0.00520","0.00119","38.50199"
"35.80000","1.19332","1,475.45215","0.00519","0.00116","38.59712"
"35.90000","1.19669","1,478.14587","0.00525","0.00116","38.66759"
"36.00000","1.19990","1,480.36340","0.00526","0.00112","38.72560"
"36.10000","1.20341","1,483.93665","0.00526","0.00111","38.81907"
"36.20000","1.20670","1,486.53162","0.00530","0.00106","38.88696"
"36.30000","1.20992","1,489.26672","0.00530","0.00105","38.95850"
"36.40000","1.21335","1,492.06812","0.00530","0.00108","39.03179"
"36.50000","1.21672","1,494.07166","0.00533","0.00112","39.08420"
"36.60000","1.21993","1,498.05579","0.00534","0.00108","39.18842"
"36.70000","1.22337","1,500.26233","0.00537","0.00118","39.24614"
"36.80000","1.22681","1,503.14258","0.00540","0.00123","39.32149"
"36.90000","1.22994","1,506.30151","0.00536","0.00118","39.40413"
"37.00000","1.23323","1,508.70288","0.00541","0.00118","39.46695"
"37.10000","1.23667","1,511.04480","0.00539","0.00130","39.52821"
"37.20000","1.23996","1,514.43127","0.00542","0.00126","39.61679"
"37.30000","1.24332","1,516.61145","0.00544","0.00127","39.67383"
"37.40000","1.24676","1,519.82263","0.00548","0.00120","39.75783"
"37.50000","1.25005","1,523.17151","0.00550","0.00143","39.84544"
"37.60000","1.25326","1,525.02747","0.00549","0.00137","39.89399"
"37.70000","1.25670","1,527.90540","0.00552","0.00145","39.96927"
"37.80000","1.25999","1,530.55469","0.00548","0.00148","40.03858"
"37.90000","1.26313","1,533.37451","0.00554","0.00152","40.11234"
"38.00000","1.26664","1,536.29895","0.00552","0.00157","40.18884"
"38.10000","1.27015","1,539.37292","0.00552","0.00145","40.26926"
"38.20000","1.27329","1,541.68958","0.00556","0.00142","40.32986"
"38.30000","1.27666","1,543.83606","0.00555","0.00145","40.38601"
"38.40000","1.28002","1,547.17346","0.00560","0.00138","40.47332"
"38.50000","1.28323","1,549.66711","0.00559","0.00142","40.53855"
"38.60000","1.28660","1,552.25134","0.00559","0.00133","40.60615"
"38.70000","1.29003","1,555.01892","0.00560","0.00142","40.67855"
"38.80000","1.29332","1,558.16187","0.00562","0.00131","40.76077"
"38.90000","1.29669","1,561.38391","0.00564","0.00122","40.84505"
"39.00000","1.30005","1,563.15625","0.00567","0.00118","40.89142"
"39.10000","1.30334","1,565.34729","0.00572","0.00124","40.94873"
"39.20000","1.30655","1,568.06653","0.00570","0.00116","41.01987"
"39.30000","1.30999","1,571.14990","0.00574","0.00113","41.10053"
"39.40000","1.31343","1,573.74182","0.00577","0.00114","41.16833"
"39.50000","1.31664","1,577.17896","0.00578","0.00112","41.25825"
"39.60000","1.32008","1,579.39917","0.00581","0.00117","41.31633"
"39.70000","1.32344","1,582.32446","0.00582","0.00116","41.39285"
"39.80000","1.32658","1,584.38367","0.00584","0.00124","41.44672"
"39.90000","1.32994","1,587.23877","0.00584","0.00119","41.52140"
"40.00000","1.33331","1,590.14575","0.00584","0.00127","41.59745"
"40.10000","1.33659","1,592.68286","0.00588","0.00129","41.66382"
"40.20000","1.34003","1,595.55579","0.00591","0.00140","41.73898"
"40.30000","1.34340","1,598.41333","0.00589","0.00135","41.81373"
"40.40000","1.34676","1,600.78870","0.00591","0.00129","41.87587"
"40.50000","1.34997","1,602.95679","0.00590","0.00129","41.93258"
"40.60000","1.35319","1,605.96777","0.00593","0.00141","42.01135"
"40.70000","1.35670","1,608.96167","0.00597","0.00153","42.08966"
"40.80000","1.35984","1,610.61902","0.00599","0.00153","42.13302"
"40.90000","1.36335","1,613.40576","0.00598","0.00161","42.20592"
"41.00000","1.36686","1,616.58484","0.00596","0.00158","42.28909"
"41.10000","1.36993","1,619.28979","0.00597","0.00161","42.35984"
"41.20000","1.37337","1,621.64697","0.00603","0.00153","42.42151"
"41.30000","1.37673","1,624.72986","0.00602","0.00150","42.50216"
"41.40000","1.37994","1,627.14868","0.00604","0.00149","42.56543"
"41.50000","1.38331","1,629.70166","0.00604","0.00150","42.63221"
"41.60000","1.38667","1,632.48108","0.00606","0.00141","42.70492"
"41.70000","1.39003","1,635.87122","0.00607","0.00149","42.79361"
"41.80000","1.39332","1,637.15161","0.00608","0.00148","42.82710"
"41.90000","1.39668","1,639.88525","0.00611","0.00142","42.89861"
"42.00000","1.40005","1,642.84424","0.00614","0.00129","42.97602"
"42.10000","1.40319","1,645.46704","0.00618","0.00118","43.04463"
"42.20000","1.40662","1,648.41772","0.00617","0.00124","43.12182"
"42.30000","1.41014","1,651.24719","0.00621","0.00126","43.19584"
"42.40000","1.41320","1,653.05896","0.00623","0.00120","43.24323"
"42.50000","1.41671","1,655.58423","0.00624","0.00116","43.30929"
"42.60000","1.42008","1,659.19995","0.00626","0.00119","43.40388"
"42.70000","1.42321","1,661.27344","0.00627","0.00119","43.45812"
"42.80000","1.42665","1,663.70398","0.00628","0.00127","43.52170"
"42.90000","1.42994","1,665.87976","0.00631","0.00128","43.57862"
"43.00000","1.43330","1,669.43591","0.00632","0.00132","43.67164"
"43.10000","1.43659","1,670.97766","0.00635","0.00124","43.71198"
"43.20000","1.44003","1,674.55615","0.00637","0.00135","43.80559"
"43.30000","1.44339","1,676.78552","0.00637","0.00140","43.86391"
"43.40000","1.44653","1,679.30933","0.00639","0.00136","43.92993"
"43.50000","1.44997","1,682.61646","0.00639","0.00139","44.01644"
"43.60000","1.45341","1,684.63684","0.00641","0.00146","44.06929"
"43.70000","1.45655","1,686.34119","0.00641","0.00155","44.11388"
"43.80000","1.46013","1,689.41895","0.00641","0.00160","44.19439"
"43.90000","1.46342","1,692.60095","0.00643","0.00158","44.27763"
"44.00000","1.46656","1,694.13794","0.00644","0.00159","44.31784"
"44.10000","1.47000","1,697.13538","0.00646","0.00174","44.39625"
"44.20000","1.47329","1,699.50427","0.00646","0.00168","44.45822"
"44.30000","1.47658","1,702.02795","0.00652","0.00167","44.52423"
"44.40000","1.47987","1,705.24756","0.00651","0.00162","44.60846"
"44.50000","1.48338","1,707.01892","0.00653","0.00160","44.65480"
"44.60000","1.48674","1,709.96021","0.00652","0.00151","44.73174"
"44.70000","1.48988","1,712.05005","0.00650","0.00158","44.78641"
"44.80000","1.49339","1,714.64294","0.00655","0.00156","44.85424"
"44.90000","1.49668","1,717.19043","0.00656","0.00159","44.92088"
"45.00000","1.49982","1,719.12292","0.00659","0.00153","44.97143"
"45.10000","1.50333","1,722.28491","0.00660","0.00141","45.05415"
"45.20000","1.50677","1,724.70459","0.00659","0.00138","45.11745"
"45.30000","1.50998","1,727.84363","0.00661","0.00134","45.19956"
"45.40000","1.51342","1,729.37573","0.00663","0.00132","45.23964"
"45.50000","1.51679","1,732.14380","0.00668","0.00123","45.31205"
"45.60000","1.51992","1,734.48938","0.00668","0.00127","45.37341"
"45.70000","1.52329","1,736.17920","0.00674","0.00122","45.41761"
"45.80000","1.52673","1,739.78210","0.00674","0.00123","45.51187"
"45.90000","1.52994","1,742.52246","0.00673","0.00132","45.58355"
"46.00000","1.53323","1,743.53601","0.00678","0.00132","45.61007"
"46.10000","1.53674","1,746.82959","0.00681","0.00134","45.69622"
"46.20000","1.54003","1,749.47583","0.00682","0.00134","45.76545"
"46.30000","1.54317","1,751.83081","0.00685","0.00147","45.82705"
"46.40000","1.54668","1,754.08997","0.00689","0.00153","45.88615"
"46.50000","1.54997","1,756.30286","0.00687","0.00152","45.94404"
"46.60000","1.55318","1,758.24182","0.00688","0.00145","45.99476"
"46.70000","1.55669","1,762.16638","0.00690","0.00159","46.09743"
"46.80000","1.56013","1,764.46716","0.00689","0.00169","46.15762"
"46.90000","1.56327","1,766.05530","0.00690","0.00168","46.19916"
"47.00000","1.56663","1,768.50854","0.00692","0.00179","46.26334"
"47.10000","1.57000","1,771.01379","0.00696","0.00179","46.32887"
"47.20000","1.57321","1,773.77783","0.00691","0.00185","46.40118"
"47.30000","1.57657","1,775.66821","0.00695","0.00179","46.45063"
"47.40000","1.58009","1,777.84766","0.00699","0.00177","46.50764"
"47.50000","1.58338","1,780.88953","0.00697","0.00164","46.58722"
"47.60000","1.58666","1,783.02026","0.00696","0.00163","46.64296"
"47.70000","1.59003","1,786.00476","0.00700","0.00161","46.72103"
"47.80000","1.59332","1,787.89722","0.00703","0.00165","46.77053"
"47.90000","1.59653","1,790.41943","0.00701","0.00164","46.83651"
"48.00000","1.59997","1,792.57080","0.00703","0.00163","46.89279"
"48.10000","1.60341","1,795.72668","0.00705","0.00152","46.97535"
"48.20000","1.60662","1,797.09082","0.00703","0.00150","47.01104"
"48.30000","1.61006","1,800.70776","0.00710","0.00143","47.10565"
"48.40000","1.61342","1,802.53308","0.00710","0.00139","47.15340"
"48.50000","1.61656","1,804.28210","0.00712","0.00135","47.19915"
"48.60000","1.61992","1,806.84070","0.00716","0.00133","47.26609"
"48.70000","1.62329","1,809.65369","0.00716","0.00137","47.33967"
"48.80000","1.62665","1,811.46375","0.00715","0.00132","47.38702"
"48.90000","1.63001","1,814.88989","0.00720","0.00135","47.47665"
"49.00000","1.63330","1,816.74585","0.00724","0.00139","47.52520"
"49.10000","1.63666","1,819.43237","0.00726","0.00145","47.59548"
"49.20000","1.63988","1,821.04626","0.00727","0.00148","47.63770"
"49.30000","1.64324","1,823.70911","0.00727","0.00149","47.70736"
"49.40000","1.64668","1,826.30457","0.00730","0.00151","47.77525"
"49.50000","1.64982","1,828.46594","0.00731","0.00165","47.83179"
"49.60000","1.65333","1,830.16321","0.00733","0.00159","47.87619"
"49.70000","1.65684","1,832.92480","0.00735","0.00162","47.94843"
"49.80000","1.65991","1,835.39014","0.00736","0.00167","48.01293"
"49.90000","1.66334","1,837.56860","0.00739","0.00182","48.06992"
"50.00000","1.66663","1,839.38013","0.00739","0.00185","48.11730"
"50.10000","1.66992","1,841.23389","0.00741","0.00192","48.16579"
"50.20000","1.67336","1,844.68835","0.00740","0.00191","48.25616"
"50.30000","1.67672","1,847.59534","0.00743","0.00190","48.33221"
"50.40000","1.68016","1,848.77185","0.00742","0.00189","48.36298"
"50.50000","1.68330","1,850.77393","0.00741","0.00183","48.41536"
"50.60000","1.68659","1,854.08032","0.00743","0.00178","48.50185"
"50.70000","1.69003","1,856.64124","0.00742","0.00173","48.56884"
"50.80000","1.69316","1,858.42322","0.00747","0.00172","48.61546"
"50.90000","1.69668","1,860.57581","0.00748","0.00179","48.67177"
"51.00000","1.70019","1,863.13428","0.00749","0.00174","48.73870"
"51.10000","1.70325","1,865.13660","0.00751","0.00168","48.79108"
"51.20000","1.70669","1,868.13757","0.00752","0.00166","48.86958"
"51.30000","1.71005","1,869.86426","0.00752","0.00156","48.91475"
"51.40000","1.71327","1,871.92517","0.00754","0.00157","48.96867"
"51.50000","1.71663","1,874.27026","0.00754","0.00149","49.03001"
"51.60000","1.71992","1,876.63916","0.00757","0.00149","49.09198"
"51.70000","1.72336","1,879.02319","0.00759","0.00147","49.15435"
"51.80000","1.72665","1,880.79346","0.00761","0.00146","49.20066"
"51.90000","1.73001","1,882.68384","0.00764","0.00148","49.25011"
"52.00000","1.73345","1,886.27112","0.00764","0.00147","49.34395"
"52.10000","1.73651","1,887.60596","0.00768","0.00156","49.37887"
"52.20000","1.74002","1,890.20667","0.00768","0.00157","49.44690"
"52.30000","1.74339","1,892.16919","0.00774","0.00160","49.49824"
"52.40000","1.74660","1,893.77722","0.00775","0.00164","49.54031"
"52.50000","1.75011","1,896.33203","0.00776","0.00170","49.60714"
"52.60000","1.75348","1,899.22827","0.00777","0.00172","49.68290"
"52.70000","1.75662","1,900.68433","0.00780","0.00168","49.72099"
"52.80000","1.75998","1,902.95410","0.00781","0.00181","49.78037"
"52.90000","1.76327","1,905.34387","0.00781","0.00179","49.84288"
"53.00000","1.76656","1,907.09753","0.00782","0.00204","49.88876"
"53.10000","1.76992","1,909.58386","0.00784","0.00199","49.95380"
"53.20000","1.77336","1,911.46826","0.00789","0.00210","50.00309"
"53.30000","1.77679","1,914.10034","0.00788","0.00205","50.07195"
"53.40000","1.77986","1,916.17334","0.00787","0.00199","50.12617"
"53.50000","1.78330","1,918.04065","0.00790","0.00200","50.17503"
"53.60000","1.78666","1,920.62683","0.00788","0.00200","50.24268"
"53.70000","1.78987","1,922.83228","0.00791","0.00191","50.30037"
"53.80000","1.79346","1,925.56140","0.00792","0.00191","50.37177"
"53.90000","1.79675","1,926.59705","0.00792","0.00188","50.39886"
"54.00000","1.79996","1,929.22522","0.00794","0.00187","50.46761"
"54.10000","1.80333","1,931.24548","0.00796","0.00189","50.52045"
"54.20000","1.80669","1,933.24683","0.00796","0.00169","50.57281"
"54.30000","1.80990","1,935.97168","0.00797","0.00179","50.64409"
"54.40000","1.81327","1,937.73132","0.00798","0.00164","50.69012"
"54.50000","1.81670","1,940.10791","0.00800","0.00162","50.75229"
"54.60000","1.82007","1,942.57104","0.00803","0.00162","50.81673"
"54.70000","1.82328","1,943.99548","0.00802","0.00157","50.85399"
"54.80000","1.82672","1,946.72583","0.00805","0.00156","50.92542"
"54.90000","1.83001","1,948.26221","0.00806","0.00152","50.96561"
"55.00000","1.83315","1,949.67932","0.00809","0.00159","51.00268"
"55.10000","1.83666","1,952.83606","0.00816","0.00156","51.08525"
"55.20000","1.84002","1,955.15137","0.00814","0.00159","51.14582"
"55.30000","1.84331","1,956.31885","0.00815","0.00164","51.17636"
"55.40000","1.84675","1,958.94800","0.00816","0.00173","51.24514"
"55.50000","1.85011","1,961.39453","0.00817","0.00166","51.30914"
"55.60000","1.85325","1,963.64502","0.00820","0.00181","51.36801"
"55.70000","1.85661","1,965.23181","0.00822","0.00184","51.40952"
"55.80000","1.85998","1,967.54443","0.00822","0.00179","51.47002"
"55.90000","1.86327","1,969.16260","0.00825","0.00190","51.51235"
"56.00000","1.86663","1,972.14612","0.00825","0.00215","51.59040"
"56.10000","1.87014","1,974.49341","0.00828","0.00216","51.65180"
"56.20000","1.87343","1,976.37622","0.00829","0.00215","51.70105"
"56.30000","1.87657","1,978.29883","0.00829","0.00218","51.75135"
"56.40000","1.88001","1,981.00708","0.00832","0.00215","51.82220"
"56.50000","1.88337","1,982.83252","0.00834","0.00214","51.86995"
"56.60000","1.88658","1,986.00745","0.00837","0.00218","51.95300"
"56.70000","1.89002","1,987.46106","0.00838","0.00210","51.99103"
"56.80000","1.89346","1,989.79309","0.00840","0.00201","52.05203"
"56.90000","1.89667","1,991.85779","0.00839","0.00200","52.10604"
"57.00000","1.89996","1,994.05200","0.00840","0.00197","52.16344"
"57.10000","1.90332","1,996.06323","0.00840","0.00201","52.21606"
"57.20000","1.90661","1,997.83667","0.00841","0.00196","52.26245"
"57.30000","1.90990","1,999.96045","0.00843","0.00188","52.31801"
"57.40000","1.91334","2,002.07275","0.00844","0.00182","52.37326"
"57.50000","1.91670","2,004.75366","0.00845","0.00177","52.44339"
"57.60000","1.91999","2,006.28784","0.00846","0.00171","52.48353"
"57.70000","1.92328","2,008.62097","0.00848","0.00170","52.54456"
"57.80000","1.92664","2,011.55957","0.00849","0.00167","52.62143"
"57.90000","1.92986","2,013.06189","0.00852","0.00168","52.66074"
"58.00000","1.93329","2,014.97449","0.00853","0.00166","52.71077"
"58.10000","1.93673","2,016.84351","0.00854","0.00170","52.75966"
"58.20000","1.93995","2,018.70618","0.00855","0.00170","52.80839"
"58.30000","1.94338","2,020.74475","0.00857","0.00175","52.86171"
"58.40000","1.94682","2,024.47107","0.00857","0.00183","52.95919"
"58.50000","1.94989","2,025.41260","0.00861","0.00177","52.98382"
"58.60000","1.95325","2,027.44067","0.00861","0.00189","53.03688"
"58.70000","1.95669","2,030.12244","0.00863","0.00197","53.10703"
"58.80000","1.95997","2,032.26147","0.00864","0.00200","53.16299"
"58.90000","1.96334","2,033.32812","0.00867","0.00190","53.19089"
"59.00000","1.96670","2,035.87427","0.00868","0.00193","53.25750"
"59.10000","1.97014","2,038.80029","0.00868","0.00230","53.33404"
"59.20000","1.97328","2,039.44299","0.00871","0.00228","53.35085"
"59.30000","1.97657","2,041.72046","0.00873","0.00229","53.41043"
"59.40000","1.98000","2,044.12830","0.00874","0.00228","53.47342"
"59.50000","1.98322","2,045.99561","0.00877","0.00229","53.52227"
"59.60000","1.98666","2,048.74976","0.00879","0.00226","53.59431"
"59.70000","1.99017","2,051.08960","0.00879","0.00223","53.65552"
"59.80000","1.99323","2,052.08984","0.00881","0.00214","53.68169"
"59.90000","1.99660","2,053.89966","0.00883","0.00214","53.72903"
"60.00000","2.00003","2,056.78369","0.00883","0.00211","53.80447"
"60.10000","2.00325","2,058.62109","0.00887","0.00208","53.85254"
"60.20000","2.00669","2,060.78174","0.00886","0.00218","53.90906"
"60.30000","2.00997","2,063.17871","0.00888","0.00206","53.97177"
"60.40000","2.01341","2,064.91748","0.00889","0.00197","54.01725"
"60.50000","2.01663","2,067.31470","0.00888","0.00193","54.07996"
"60.60000","2.01999","2,068.61987","0.00891","0.00192","54.11411"
"60.70000","2.02343","2,070.98462","0.00891","0.00182","54.17596"
"60.80000","2.02649","2,073.11377","0.00894","0.00181","54.23166"
"60.90000","2.03008","2,074.92651","0.00894","0.00182","54.27908"
"61.00000","2.03352","2,077.13892","0.00897","0.00181","54.33696"
"61.10000","2.03658","2,079.16479","0.00897","0.00178","54.38995"
"61.20000","2.04009","2,080.65991","0.00898","0.00183","54.42907"
"61.30000","2.04338","2,083.29175","0.00901","0.00187","54.49791"
"61.40000","2.04660","2,085.35645","0.00902","0.00186","54.55193"
"61.50000","2.04996","2,087.28076","0.00904","0.00188","54.60226"
"61.60000","2.05332","2,088.56104","0.00905","0.00195","54.63576"
"61.70000","2.05668","2,090.22900","0.00907","0.00205","54.67939"
"61.80000","2.05997","2,092.61841","0.00907","0.00208","54.74189"
"61.90000","2.06334","2,094.88452","0.00910","0.00214","54.80117"
"62.00000","2.06677","2,096.76758","0.00914","0.00202","54.85043"
"62.10000","2.06976","2,098.29395","0.00911","0.00229","54.89037"
"62.20000","2.07328","2,100.63916","0.00914","0.00238","54.95171"
"62.30000","2.07671","2,102.45728","0.00917","0.00241","54.99928"
"62.40000","2.07993","2,104.58765","0.00919","0.00242","55.05500"
"62.50000","2.08344","2,105.84399","0.00920","0.00243","55.08787"
"62.60000","2.08673","2,108.91650","0.00924","0.00245","55.16824"
"62.70000","2.08994","2,110.11108","0.00925","0.00242","55.19949"
"62.80000","2.09331","2,112.06274","0.00927","0.00235","55.25055"
"62.90000","2.09659","2,114.42627","0.00931","0.00234","55.31238"
"63.00000","2.09996","2,115.43359","0.00931","0.00228","55.33873"
"63.10000","2.10325","2,118.51416","0.00932","0.00228","55.41932"
"63.20000","2.10676","2,120.45972","0.00934","0.00226","55.47021"
"63.30000","2.11012","2,122.18750","0.00936","0.00221","55.51541"
"63.40000","2.11326","2,124.13672","0.00935","0.00228","55.56640"
"63.50000","2.11670","2,126.25366","0.00936","0.00210","55.62178"
"63.60000","2.12006","2,128.00903","0.00938","0.00207","55.66770"
"63.70000","2.12313","2,129.20264","0.00941","0.00203","55.69892"
"63.80000","2.12671","2,132.00732","0.00939","0.00198","55.77229"
"63.90000","2.13008","2,133.63403","0.00944","0.00199","55.81484"
"64.00000","2.13329","2,135.42896","0.00944","0.00196","55.86180"
"64.10000","2.13673","2,137.58643","0.00943","0.00198","55.91824"
"64.20000","2.14002","2,139.94238","0.00945","0.00200","55.97987"
"64.30000","2.14330","2,141.29785","0.00948","0.00192","56.01533"
"64.40000","2.14652","2,143.44800","0.00948","0.00193","56.07157"
"64.50000","2.15003","2,145.75146","0.00949","0.00210","56.13183"
"64.60000","2.15339","2,147.68115","0.00949","0.00208","56.18231"
"64.70000","2.15653","2,149.11157","0.00951","0.00219","56.21973"
"64.80000","2.16005","2,151.43604","0.00954","0.00210","56.28054"
"64.90000","2.16341","2,153.42676","0.00957","0.00204","56.33261"
"65.00000","2.16655","2,154.98242","0.00959","0.00218","56.37331"
"65.10000","2.17006","2,156.61353","0.00958","0.00240","56.41598"
"65.20000","2.17342","2,157.78247","0.00959","0.00240","56.44656"
"65.30000","2.17664","2,160.20190","0.00961","0.00252","56.50985"
"65.40000","2.18007","2,161.85156","0.00962","0.00253","56.55300"
"65.50000","2.18344","2,164.50269","0.00966","0.00255","56.62235"
"65.60000","2.18665","2,166.30151","0.00967","0.00254","56.66941"
"65.70000","2.18994","2,167.58740","0.00970","0.00255","56.70305"
"65.80000","2.19330","2,169.21460","0.00968","0.00251","56.74561"
"65.90000","2.19659","2,171.75439","0.00971","0.00240","56.81205"
"66.00000","2.19988","2,173.57690","0.00976","0.00236","56.85973"
"66.10000","2.20339","2,175.76538","0.00973","0.00235","56.91698"
"66.20000","2.20676","2,177.16748","0.00976","0.00239","56.95366"
"66.30000","2.20990","2,178.76221","0.00977","0.00239","56.99538"
"66.40000","2.21326","2,180.70215","0.00982","0.00237","57.04612"
"66.50000","2.21662","2,182.54126","0.00986","0.00233","57.09423"
"66.60000","2.21984","2,185.39233","0.00984","0.00222","57.16882"
"66.70000","2.22335","2,187.08105","0.00983","0.00209","57.21299"
"66.80000","2.22679","2,189.01904","0.00988","0.00210","57.26369"
"66.90000","2.23007","2,191.06323","0.00985","0.00206","57.31717"
"67.00000","2.23336","2,193.18799","0.00985","0.00209","57.37275"
"67.10000","2.23673","2,194.33032","0.00986","0.00205","57.40263"
"67.20000","2.23994","2,196.63281","0.00987","0.00200","57.46286"
"67.30000","2.24323","2,198.78540","0.00990","0.00207","57.51917"
"67.40000","2.24667","2,201.20947","0.00991","0.00208","57.58258"
"67.50000","2.25003","2,203.36694","0.00991","0.00216","57.63902"
"67.60000","2.25332","2,204.33057","0.00993","0.00210","57.66423"
"67.70000","2.25668","2,205.89185","0.00994","0.00211","57.70507"
"67.80000","2.26012","2,207.57983","0.00994","0.00231","57.74923"
"67.90000","2.26326","2,209.59497","0.00996","0.00227","57.80194"
"68.00000","2.26655","2,211.60669","0.00999","0.00203","57.85457"
"68.10000","2.27013","2,213.88892","0.00999","0.00225","57.91427"
"68.20000","2.27327","2,214.72534","0.01003","0.00237","57.93615"
"68.30000","2.27671","2,217.82300","0.01005","0.00258","58.01719"
"68.40000","2.28007","2,218.94214","0.01010","0.00264","58.04646"
"68.50000","2.28329","2,221.34814","0.01010","0.00265","58.10940"
"68.60000","2.28658","2,222.39355","0.01010","0.00265","58.13675"
"68.70000","2.29001","2,224.65723","0.01018","0.00254","58.19597"
"68.80000","2.29330","2,226.89014","0.01012","0.00256","58.25438"
"68.90000","2.29659","2,227.90771","0.01019","0.00257","58.28100"
"69.00000","2.30003","2,231.58521","0.01016","0.00247","58.37720"
"69.10000","2.30347","2,233.18701","0.01021","0.00244","58.41910"
"69.20000","2.30660","2,234.00269","0.01021","0.00246","58.44044"
"69.30000","2.30989","2,236.15137","0.01020","0.00249","58.49665"
"69.40000","2.31341","2,238.56543","0.01026","0.00251","58.55980"
"69.50000","2.31654","2,239.50122","0.01025","0.00246","58.58428"
"69.60000","2.32006","2,241.82349","0.01026","0.00232","58.64503"
"69.70000","2.32350","2,243.51782","0.01032","0.00227","58.68935"
"69.80000","2.32663","2,244.85010","0.01033","0.00224","58.72420"
"69.90000","2.33007","2,247.60083","0.01038","0.00215","58.79616"
"70.00000","2.33336","2,249.13086","0.01039","0.00210","58.83619"
"70.10000","2.33665","2,251.80298","0.01034","0.00209","58.90609"
"70.20000","2.33994","2,252.97803","0.01032","0.00211","58.93682"
"70.30000","2.34338","2,254.05591","0.01035","0.00200","58.96502"
"70.40000","2.34681","2,257.36182","0.01041","0.00198","59.05150"
"70.50000","2.34995","2,258.38062","0.01047","0.00208","59.07816"
"70.60000","2.35324","2,260.38989","0.01041","0.00217","59.13071"
"70.70000","2.35668","2,262.01685","0.01039","0.00231","59.17327"
"70.80000","2.35974","2,264.33643","0.01042","0.00199","59.23396"
"70.90000","2.36333","2,266.56323","0.01040","0.00215","59.29221"
"71.00000","2.36677","2,268.12378","0.01049","0.00220","59.33303"
"71.10000","2.36991","2,269.17651","0.01046","0.00221","59.36057"
"71.20000","2.37342","2,271.79468","0.01049","0.00227","59.42906"
"71.30000","2.37671","2,273.47021","0.01046","0.00266","59.47289"
"71.40000","2.38000","2,275.88257","0.01053","0.00265","59.53600"
"71.50000","2.38328","2,276.95996","0.01055","0.00271","59.56418"
"71.60000","2.38665","2,278.80493","0.01057","0.00271","59.61245"
"71.70000","2.39009","2,281.13843","0.01064","0.00264","59.67349"
"71.80000","2.39330","2,282.56812","0.01055","0.00273","59.71089"
"71.90000","2.39674","2,284.66162","0.01065","0.00268","59.76565"
"72.00000","2.40010","2,286.48438","0.01061","0.00260","59.81334"
"72.10000","2.40316","2,287.46460","0.01065","0.00263","59.83898"
"72.20000","2.40668","2,290.15527","0.01068","0.00259","59.90936"
"72.30000","2.41012","2,291.79419","0.01077","0.00259","59.95224"
"72.40000","2.41318","2,293.82471","0.01071","0.00254","60.00536"
"72.50000","2.41677","2,295.24756","0.01077","0.00247","60.04258"
"72.60000","2.42006","2,297.41382","0.01077","0.00246","60.09924"
"72.70000","2.42327","2,298.84009","0.01075","0.00227","60.13655"
"72.80000","2.42663","2,300.28320","0.01087","0.00230","60.17430"
"72.90000","2.42992","2,302.16577","0.01086","0.00222","60.22355"
"73.00000","2.43328","2,304.10669","0.01081","0.00218","60.27433"
"73.10000","2.43657","2,306.24609","0.01088","0.00218","60.33029"
"73.20000","2.44001","2,308.03687","0.01090","0.00213","60.37714"
"73.30000","2.44345","2,309.56616","0.01084","0.00211","60.41714"
"73.40000","2.44651","2,311.86963","0.01087","0.00209","60.47740"
"73.50000","2.45002","2,313.34668","0.01088","0.00213","60.51604"
"73.60000","2.45339","2,315.35278","0.01081","0.00214","60.56852"
"73.70000","2.45653","2,316.43848","0.01092","0.00216","60.59692"
"73.80000","2.46004","2,318.58716","0.01095","0.00220","60.65313"
"73.90000","2.46340","2,320.50879","0.01093","0.00207","60.70340"
"74.00000","2.46669","2,322.05884","0.01100","0.00212","60.74395"
"74.10000","2.47005","2,324.66943","0.01099","0.00229","60.81224"
"74.20000","2.47334","2,325.61060","0.01092","0.00236","60.83686"
"74.30000","2.47671","2,327.26831","0.01098","0.00258","60.88022"
"74.40000","2.47984","2,328.94653","0.01101","0.00280","60.92413"
"74.50000","2.48328","2,330.85034","0.01098","0.00277","60.97393"
"74.60000","2.48672","2,333.44092","0.01104","0.00283","61.04169"
"74.70000","2.48986","2,334.26343","0.01108","0.00281","61.06321"
"74.80000","2.49345","2,336.20972","0.01106","0.00278","61.11413"
"74.90000","2.49674","2,338.64746","0.01111","0.00271","61.17790"
"75.00000","2.49987","2,339.86450","0.01112","0.00276","61.20974"
"75.10000","2.50331","2,341.42261","0.01113","0.00277","61.25049"
"75.20000","2.50660","2,343.63232","0.01120","0.00273","61.30830"
"75.30000","2.50989","2,345.29834","0.01114","0.00271","61.35188"
"75.40000","2.51333","2,346.57251","0.01121","0.00270","61.38521"
"75.50000","2.51676","2,348.67847","0.01119","0.00262","61.44030"
"75.60000","2.52005","2,351.05688","0.01126","0.00244","61.50252"
"75.70000","2.52327","2,351.89551","0.01128","0.00239","61.52446"
"75.80000","2.52663","2,354.42798","0.01122","0.00244","61.59071"
"75.90000","2.52999","2,356.25757","0.01126","0.00231","61.63857"
"76.00000","2.53321","2,357.90210","0.01129","0.00229","61.68159"
"76.10000","2.53672","2,360.02563","0.01126","0.00222","61.73714"
"76.20000","2.54008","2,361.11328","0.01137","0.00227","61.76559"
"76.30000","2.54330","2,362.90698","0.01133","0.00218","61.81252"
"76.40000","2.54666","2,364.37231","0.01136","0.00218","61.85085"
"76.50000","2.55002","2,366.69312","0.01131","0.00220","61.91156"
"76.60000","2.55324","2,368.32910","0.01130","0.00224","61.95435"
"76.70000","2.55667","2,369.78955","0.01137","0.00224","61.99256"
"76.80000","2.56011","2,372.20679","0.01140","0.00222","62.05579"
"76.90000","2.56333","2,372.94678","0.01139","0.00222","62.07515"
"77.00000","2.56661","2,375.20947","0.01130","0.00216","62.13434"
"77.10000","2.57005","2,377.03638","0.01142","0.00224","62.18213"
"77.20000","2.57327","2,379.13892","0.01141","0.00243","62.23713"
"77.30000","2.57655","2,380.53345","0.01147","0.00269","62.27361"
"77.40000","2.57999","2,381.09766","0.01149","0.00283","62.28837"
"77.50000","2.58336","2,384.35693","0.01146","0.00287","62.37363"
"77.60000","2.58664","2,386.03027","0.01150","0.00295","62.41741"
"77.70000","2.59001","2,388.12891","0.01156","0.00292","62.47231"
"77.80000","2.59344","2,389.50415","0.01157","0.00284","62.50828"
"77.90000","2.59658","2,391.36646","0.01153","0.00282","62.55700"
"78.00000","2.59995","2,392.53076","0.01157","0.00288","62.58746"
"78.10000","2.60338","2,394.88867","0.01165","0.00274","62.64914"
"78.20000","2.60660","2,397.10327","0.01159","0.00279","62.70707"
"78.30000","2.61004","2,398.81470","0.01163","0.00277","62.75184"
"78.40000","2.61347","2,400.36768","0.01161","0.00273","62.79247"
"78.50000","2.61661","2,401.75269","0.01166","0.00276","62.82870"
"78.60000","2.61990","2,403.35425","0.01170","0.00265","62.87059"
"78.70000","2.62334","2,405.52124","0.01168","0.00249","62.92728"
"78.80000","2.62663","2,406.61792","0.01170","0.00247","62.95597"
"78.90000","2.62992","2,408.65430","0.01171","0.00246","63.00924"
"79.00000","2.63335","2,410.65308","0.01170","0.00239","63.06153"
"79.10000","2.63679","2,412.71021","0.01183","0.00231","63.11534"
"79.20000","2.63993","2,414.13574","0.01179","0.00232","63.15263"
"79.30000","2.64329","2,415.75415","0.01171","0.00228","63.19497"
"79.40000","2.64673","2,417.83350","0.01184","0.00234","63.24937"
"79.50000","2.64980","2,418.80322","0.01180","0.00232","63.27473"
"79.60000","2.65331","2,419.94165","0.01181","0.00231","63.30451"
"79.70000","2.65675","2,423.09448","0.01187","0.00235","63.38699"
"79.80000","2.65996","2,424.36914","0.01183","0.00232","63.42033"
"79.90000","2.66340","2,425.60205","0.01181","0.00231","63.45259"
"80.00000","2.66669","2,427.74292","0.01185","0.00230","63.50859"
"80.10000","2.66998","2,429.33008","0.01197","0.00235","63.55011"
"80.20000","2.67326","2,430.34448","0.01187","0.00242","63.57665"
"80.30000","2.67670","2,432.81274","0.01197","0.00262","63.64122"
"80.40000","2.68014","2,434.67139","0.01196","0.00290","63.68984"
"80.50000","2.68328","2,435.91309","0.01187","0.00296","63.72232"
"80.60000","2.68664","2,437.84668","0.01199","0.00300","63.77290"
"80.70000","2.69008","2,439.56250","0.01202","0.00299","63.81779"
"80.80000","2.69322","2,440.34277","0.01205","0.00300","63.83820"
"80.90000","2.69666","2,443.06836","0.01199","0.00291","63.90950"
"81.00000","2.70009","2,445.12476","0.01201","0.00292","63.96329"
"81.10000","2.70323","2,446.14307","0.01201","0.00291","63.98993"
"81.20000","2.70675","2,447.21216","0.01203","0.00285","64.01790"
"81.30000","2.71003","2,450.44946","0.01214","0.00281","64.10258"
"81.40000","2.71325","2,451.82104","0.01209","0.00278","64.13847"
"81.50000","2.71661","2,453.18457","0.01207","0.00283","64.17413"
"81.60000","2.71990","2,454.66968","0.01217","0.00283","64.21298"
"81.70000","2.72334","2,456.75146","0.01215","0.00268","64.26744"
"81.80000","2.72655","2,457.92188","0.01218","0.00256","64.29806"
"81.90000","2.73006","2,460.60645","0.01218","0.00251","64.36829"
"82.00000","2.73350","2,462.24634","0.01219","0.00245","64.41119"
"82.10000","2.73649","2,463.21411","0.01223","0.00244","64.43650"
"82.20000","2.74000","2,465.14185","0.01226","0.00238","64.48693"
"82.30000","2.74337","2,466.68652","0.01224","0.00234","64.52734"
"82.40000","2.74651","2,468.15259","0.01231","0.00237","64.56569"
"82.50000","2.75009","2,470.67188","0.01225","0.00239","64.63159"
"82.60000","2.75338","2,471.77344","0.01230","0.00239","64.66041"
"82.70000","2.75667","2,473.55615","0.01239","0.00242","64.70705"
"82.80000","2.76003","2,476.03296","0.01239","0.00239","64.77184"
"82.90000","2.76332","2,477.62646","0.01247","0.00240","64.81352"
"83.00000","2.76668","2,478.89575","0.01245","0.00240","64.84673"
"83.10000","2.76990","2,480.69312","0.01239","0.00240","64.89375"
"83.20000","2.77334","2,482.22559","0.01251","0.00242","64.93383"
"83.30000","2.77677","2,484.60962","0.01233","0.00245","64.99620"
"83.40000","2.77991","2,485.89673","0.01244","0.00271","65.02987"
"83.50000","2.78335","2,487.52759","0.01245","0.00288","65.07253"
"83.60000","2.78671","2,489.70508","0.01247","0.00304","65.12949"
"83.70000","2.78985","2,490.47217","0.01249","0.00303","65.14956"
"83.80000","2.79337","2,493.34790","0.01250","0.00297","65.22478"
"83.90000","2.79665","2,494.45654","0.01249","0.00299","65.25378"
"84.00000","2.79994","2,496.40454","0.01252","0.00298","65.30475"
"84.10000","2.80331","2,497.97729","0.01254","0.00294","65.34589"
"84.20000","2.80667","2,499.29419","0.01255","0.00290","65.38034"
"84.30000","2.80996","2,501.43359","0.01249","0.00286","65.43630"
"84.40000","2.81317","2,501.93433","0.01257","0.00293","65.44940"
"84.50000","2.81668","2,504.18311","0.01259","0.00294","65.50823"
"84.60000","2.82005","2,506.65381","0.01260","0.00288","65.57286"
"84.70000","2.82326","2,507.85107","0.01265","0.00281","65.60418"
"84.80000","2.82677","2,510.10596","0.01265","0.00267","65.66317"
"84.90000","2.83006","2,511.88696","0.01267","0.00263","65.70976"
"85.00000","2.83320","2,512.25928","0.01263","0.00257","65.71950"
"85.10000","2.83664","2,514.31787","0.01265","0.00254","65.77335"
"85.20000","2.84000","2,516.67114","0.01266","0.00249","65.83491"
"85.30000","2.84322","2,518.05615","0.01269","0.00246","65.87114"
"85.40000","2.84665","2,519.71997","0.01270","0.00239","65.91467"
"85.50000","2.85009","2,521.45483","0.01271","0.00243","65.96005"
"85.60000","2.85330","2,523.59497","0.01273","0.00246","66.01604"
"85.70000","2.85659","2,524.11523","0.01278","0.00246","66.02965"
"85.80000","2.85996","2,526.75903","0.01276","0.00251","66.09881"
"85.90000","2.86325","2,527.75659","0.01275","0.00243","66.12490"
"86.00000","2.86653","2,529.64990","0.01288","0.00251","66.17443"
"86.10000","2.87005","2,531.68799","0.01288","0.00244","66.22775"
"86.20000","2.87341","2,533.03516","0.01293","0.00250","66.26299"
"86.30000","2.87662","2,534.17456","0.01299","0.00248","66.29279"
"86.40000","2.87999","2,535.94043","0.01299","0.00281","66.33899"
"86.50000","2.88335","2,538.52417","0.01301","0.00290","66.40658"
"86.60000","2.88656","2,539.42676","0.01299","0.00314","66.43018"
"86.70000","2.89000","2,541.47876","0.01300","0.00312","66.48386"
"86.80000","2.89336","2,542.65356","0.01296","0.00308","66.51460"
"86.90000","2.89665","2,544.64795","0.01301","0.00309","66.56677"
"87.00000","2.90002","2,545.87720","0.01301","0.00310","66.59893"
"87.10000","2.90345","2,548.81543","0.01300","0.00302","66.67579"
"87.20000","2.90659","2,549.63013","0.01297","0.00300","66.69711"
"87.30000","2.90988","2,550.82056","0.01301","0.00301","66.72824"
"87.40000","2.91339","2,553.17261","0.01302","0.00297","66.78977"
"87.50000","2.91676","2,554.47998","0.01305","0.00296","66.82397"
"87.60000","2.91997","2,556.35522","0.01295","0.00291","66.87302"
"87.70000","2.92341","2,557.96191","0.01299","0.00284","66.91505"
"87.80000","2.92677","2,560.05933","0.01302","0.00274","66.96992"
"87.90000","2.92991","2,561.18848","0.01303","0.00269","66.99947"
"88.00000","2.93327","2,563.41260","0.01304","0.00266","67.05765"
"88.10000","2.93671","2,564.27441","0.01312","0.00272","67.08019"
"88.20000","2.93992","2,566.16211","0.01311","0.00258","67.12957"
"88.30000","2.94336","2,567.63037","0.01313","0.00259","67.16798"
"88.40000","2.94680","2,569.81885","0.01313","0.00252","67.22523"
"88.50000","2.94994","2,571.42749","0.01310","0.00251","67.26731"
"88.60000","2.95323","2,572.25635","0.01317","0.00248","67.28899"
"88.70000","2.95667","2,574.85278","0.01318","0.00253","67.35692"
"88.80000","2.95995","2,575.82690","0.01319","0.00252","67.38240"
"88.90000","2.96324","2,576.72583","0.01325","0.00256","67.40591"
"89.00000","2.96668","2,579.46240","0.01322","0.00258","67.47750"
"89.10000","2.97012","2,581.93042","0.01329","0.00256","67.54206"
"89.20000","2.97326","2,582.53784","0.01334","0.00252","67.55795"
"89.30000","2.97662","2,584.29761","0.01333","0.00254","67.60399"
"89.40000","2.98006","2,586.32861","0.01331","0.00272","67.65712"
"89.50000","2.98320","2,587.70239","0.01344","0.00301","67.69305"
"89.60000","2.98671","2,589.62500","0.01348","0.00313","67.74335"
"89.70000","2.99015","2,591.28979","0.01349","0.00322","67.78690"
"89.80000","2.99329","2,593.37305","0.01349","0.00321","67.84139"
"89.90000","2.99673","2,595.30835","0.01349","0.00320","67.89202"
"90.00000","3.00001","2,596.23120","0.01347","0.00314","67.91616"
"90.10000","3.00330","2,598.61621","0.01350","0.00309","67.97855"
"90.20000","3.00659","2,599.17163","0.01343","0.00315","67.99309"
"90.30000","3.00995","2,602.39795","0.01344","0.00311","68.07748"
"90.40000","3.01339","2,602.90552","0.01347","0.00303","68.09076"
"90.50000","3.01661","2,605.13672","0.01349","0.00308","68.14913"
"90.60000","3.02004","2,607.10840","0.01351","0.00299","68.20071"
"90.70000","3.02348","2,608.53662","0.01342","0.00287","68.23807"
"90.80000","3.02647","2,609.15088","0.01352","0.00283","68.25414"
"90.90000","3.03006","2,611.35913","0.01348","0.00282","68.31190"
"91.00000","3.03342","2,613.28784","0.01347","0.00272","68.36236"
"91.10000","3.03663","2,615.13672","0.01349","0.00267","68.41072"
"91.20000","3.04007","2,616.15283","0.01345","0.00267","68.43730"
"91.30000","3.04336","2,618.68506","0.01352","0.00268","68.50355"
"91.40000","3.04665","2,620.05029","0.01353","0.00265","68.53926"
"91.50000","3.04994","2,621.37061","0.01358","0.00250","68.57380"
"91.60000","3.05323","2,622.64453","0.01355","0.00255","68.60712"
"91.70000","3.05666","2,624.94849","0.01361","0.00254","68.66740"
"91.80000","3.05988","2,626.37622","0.01360","0.00266","68.70474"
"91.90000","3.06339","2,628.67114","0.01361","0.00267","68.76478"
"92.00000","3.06683","2,630.15430","0.01371","0.00267","68.80357"
"92.10000","3.06989","2,631.89331","0.01371","0.00265","68.84907"
"92.20000","3.07333","2,634.05347","0.01371","0.00258","68.90558"
"92.30000","3.07669","2,635.28735","0.01376","0.00264","68.93785"
"92.40000","3.07983","2,636.72705","0.01375","0.00278","68.97552"
"92.50000","3.08342","2,638.06714","0.01390","0.00311","69.01057"
"92.60000","3.08671","2,639.64624","0.01386","0.00321","69.05188"
"92.70000","3.09000","2,641.73877","0.01393","0.00321","69.10662"
"92.80000","3.09336","2,642.66553","0.01387","0.00317","69.13087"
"92.90000","3.09665","2,644.84448","0.01389","0.00329","69.18787"
"93.00000","3.10001","2,646.20361","0.01393","0.00326","69.22342"
"93.10000","3.10322","2,647.28442","0.01396","0.00330","69.25169"
"93.20000","3.10666","2,649.48071","0.01394","0.00318","69.30914"
"93.30000","3.11010","2,651.28394","0.01391","0.00327","69.35632"
"93.40000","3.11324","2,652.45190","0.01399","0.00318","69.38687"
"93.50000","3.11675","2,654.60400","0.01393","0.00321","69.44317"
"93.60000","3.12012","2,656.05420","0.01392","0.00307","69.48110"
"93.70000","3.12325","2,657.94678","0.01387","0.00306","69.53062"
"93.80000","3.12669","2,659.24756","0.01391","0.00299","69.56464"
"93.90000","3.12998","2,660.74634","0.01393","0.00289","69.60385"
"94.00000","3.13334","2,662.05640","0.01390","0.00289","69.63812"
"94.10000","3.13663","2,664.37158","0.01389","0.00285","69.69868"
"94.20000","3.14007","2,665.61450","0.01392","0.00283","69.73120"
"94.30000","3.14336","2,667.51074","0.01393","0.00273","69.78080"
"94.40000","3.14650","2,668.65649","0.01391","0.00268","69.81078"
"94.50000","3.15001","2,670.63232","0.01397","0.00264","69.86246"
"94.60000","3.15337","2,672.78442","0.01396","0.00268","69.91876"
"94.70000","3.15659","2,674.22632","0.01400","0.00269","69.95648"
"94.80000","3.16010","2,675.55127","0.01406","0.00275","69.99114"
"94.90000","3.16339","2,677.32886","0.01408","0.00276","70.03764"
"95.00000","3.16660","2,679.07837","0.01407","0.00268","70.08340"
"95.10000","3.16997","2,681.16528","0.01409","0.00276","70.13800"
"95.20000","3.17333","2,681.87793","0.01413","0.00268","70.15664"
"95.30000","3.17654","2,684.19263","0.01412","0.00275","70.21719"
"95.40000","3.17998","2,686.04785","0.01418","0.00277","70.26572"
"95.50000","3.18349","2,687.20630","0.01419","0.00298","70.29603"
"95.60000","3.18671","2,689.32739","0.01419","0.00311","70.35152"
"95.70000","3.19000","2,690.37476","0.01427","0.00335","70.37891"
"95.80000","3.19336","2,692.31714","0.01429","0.00337","70.42973"
"95.90000","3.19665","2,694.07422","0.01428","0.00340","70.47569"
"96.00000","3.19986","2,695.60229","0.01436","0.00329","70.51566"
"96.10000","3.20337","2,696.97168","0.01425","0.00337","70.55148"
"96.20000","3.20674","2,698.50537","0.01438","0.00328","70.59161"
"96.30000","3.20995","2,699.54492","0.01441","0.00334","70.61880"
"96.40000","3.21339","2,701.95483","0.01441","0.00326","70.68185"
"96.50000","3.21675","2,702.69238","0.01440","0.00330","70.70113"
"96.60000","3.21989","2,704.35864","0.01437","0.00323","70.74473"
"96.70000","3.22325","2,705.72070","0.01428","0.00317","70.78036"
"96.80000","3.22677","2,708.04224","0.01429","0.00318","70.84109"
"96.90000","3.22998","2,709.87134","0.01433","0.00307","70.88894"
"97.00000","3.23327","2,710.77466","0.01431","0.00305","70.91257"
"97.10000","3.23678","2,712.88110","0.01436","0.00301","70.96767"
"97.20000","3.23992","2,714.36328","0.01439","0.00289","71.00644"
"97.30000","3.24321","2,716.26050","0.01434","0.00285","71.05608"
"97.40000","3.24665","2,717.11768","0.01444","0.00284","71.07850"
"97.50000","3.25001","2,719.63184","0.01439","0.00276","71.14426"
"97.60000","3.25330","2,721.02832","0.01437","0.00275","71.18079"
"97.70000","3.25673","2,722.82642","0.01441","0.00279","71.22784"
"97.80000","3.26010","2,724.03687","0.01443","0.00281","71.25950"
"97.90000","3.26324","2,725.62231","0.01445","0.00282","71.30097"
"98.00000","3.26660","2,727.05933","0.01448","0.00285","71.33856"
"98.10000","3.27004","2,728.06128","0.01443","0.00286","71.36478"
"98.20000","3.27325","2,729.96265","0.01451","0.00290","71.41451"
"98.30000","3.27669","2,732.30420","0.01457","0.00281","71.47577"
"98.40000","3.28013","2,733.44800","0.01459","0.00288","71.50569"
"98.50000","3.28327","2,735.25562","0.01458","0.00295","71.55298"
"98.60000","3.28663","2,737.03247","0.01459","0.00316","71.59946"
"98.70000","3.28999","2,738.48804","0.01459","0.00320","71.63754"
"98.80000","3.29328","2,739.58838","0.01463","0.00340","71.66632"
"98.90000","3.29657","2,741.59058","0.01466","0.00346","71.71870"
"99.00000","3.30001","2,743.53125","0.01468","0.00347","71.76946"
"99.10000","3.30345","2,744.96631","0.01469","0.00341","71.80701"
"99.20000","3.30658","2,746.42676","0.01469","0.00346","71.84521"
"99.30000","3.31002","2,747.66504","0.01468","0.00345","71.87760"
"99.40000","3.31339","2,749.31030","0.01473","0.00337","71.92064"
"99.50000","3.31652","2,750.74854","0.01471","0.00339","71.95827"
"99.60000","3.32004","2,752.43604","0.01482","0.00335","72.00241"
"99.70000","3.32340","2,754.70337","0.01486","0.00338","72.06172"
"99.80000","3.32661","2,755.65381","0.01475","0.00329","72.08659"
"99.90000","3.33005","2,757.95581","0.01486","0.00324","72.14680"
"100.00000","3.33334","2,759.27661","0.01484","0.00312","72.18135"
"100.10000","3.33663","2,760.61792","0.01486","0.00310","72.21644"
"100.20000","3.33992","2,761.81226","0.01480","0.00303","72.24769"
"100.30000","3.34328","2,763.52466","0.01477","0.00301","72.29248"
"100.40000","3.34672","2,765.16309","0.01479","0.00298","72.33534"
"100.50000","3.34993","2,766.93262","0.01480","0.00292","72.38163"
"100.60000","3.35337","2,767.93604","0.01483","0.00284","72.40788"
"100.70000","3.35681","2,770.15112","0.01485","0.00289","72.46583"
"100.80000","3.35987","2,771.31128","0.01487","0.00295","72.49618"
"100.90000","3.36331","2,773.29858","0.01487","0.00300","72.54816"
"101.00000","3.36667","2,774.93530","0.01490","0.00290","72.59098"
"101.10000","3.36989","2,775.87671","0.01492","0.00291","72.61560"
"101.20000","3.37340","2,778.04761","0.01492","0.00292","72.67239"
"101.30000","3.37669","2,779.50049","0.01494","0.00289","72.71040"
"101.40000","3.38005","2,781.42847","0.01496","0.00291","72.76083"
"101.50000","3.38326","2,782.49390","0.01496","0.00291","72.78870"
"101.60000","3.38655","2,784.07764","0.01502","0.00313","72.83014"
"101.70000","3.38999","2,786.13428","0.01499","0.00316","72.88393"
"101.80000","3.39320","2,787.32983","0.01503","0.00339","72.91521"
"101.90000","3.39672","2,789.36597","0.01505","0.00332","72.96848"
"102.00000","3.40016","2,791.04370","0.01502","0.00352","73.01237"
"102.10000","3.40322","2,792.24829","0.01501","0.00353","73.04388"
"102.20000","3.40673","2,794.79150","0.01507","0.00348","73.11040"
"102.30000","3.41002","2,796.16650","0.01512","0.00353","73.14638"
"102.40000","3.41323","2,797.27197","0.01517","0.00348","73.17529"
"102.50000","3.41667","2,798.55640","0.01523","0.00349","73.20889"
"102.60000","3.42004","2,800.04126","0.01523","0.00345","73.24773"
"102.70000","3.42340","2,802.12231","0.01528","0.00341","73.30218"
"102.80000","3.42669","2,803.46240","0.01527","0.00335","73.33723"
"102.90000","3.42997","2,804.68433","0.01518","0.00340","73.36920"
"103.00000","3.43334","2,806.92236","0.01514","0.00331","73.42774"
"103.10000","3.43655","2,807.74976","0.01515","0.00317","73.44939"
"103.20000","3.43999","2,810.91602","0.01519","0.00322","73.53222"
"103.30000","3.44343","2,811.66528","0.01522","0.00326","73.55182"
"103.40000","3.44649","2,813.18262","0.01527","0.00317","73.59151"
"103.50000","3.45008","2,815.31152","0.01528","0.00303","73.64720"
"103.60000","3.45344","2,816.85693","0.01530","0.00304","73.68763"
"103.70000","3.45651","2,817.69946","0.01533","0.00300","73.70967"
"103.80000","3.46002","2,819.46216","0.01528","0.00291","73.75578"
"103.90000","3.46331","2,821.35132","0.01526","0.00299","73.80520"
"104.00000","3.46667","2,822.86060","0.01525","0.00290","73.84468"
"104.10000","3.47003","2,824.07837","0.01526","0.00295","73.87653"
"104.20000","3.47347","2,825.98926","0.01530","0.00304","73.92652"
"104.30000","3.47669","2,827.58887","0.01530","0.00298","73.96837"
"104.40000","3.47990","2,828.77563","0.01534","0.00300","73.99941"
"104.50000","3.48341","2,830.53955","0.01537","0.00305","74.04556"
"104.60000","3.48670","2,832.57861","0.01541","0.00313","74.09890"
"104.70000","3.48984","2,833.23779","0.01544","0.00326","74.11614"
"104.80000","3.49343","2,835.44727","0.01545","0.00337","74.17394"
"104.90000","3.49679","2,836.59570","0.01542","0.00355","74.20399"
"105.00000","3.49993","2,838.60132","0.01547","0.00367","74.25645"
"105.10000","3.50329","2,839.88281","0.01552","0.00365","74.28997"
"105.20000","3.50666","2,841.07690","0.01548","0.00363","74.32121"
"105.30000","3.50994","2,842.99316","0.01548","0.00357","74.37134"
"105.40000","3.51323","2,844.33618","0.01549","0.00363","74.40647"
"105.50000","3.51674","2,846.30371","0.01548","0.00358","74.45794"
"105.60000","3.51996","2,847.63477","0.01554","0.00355","74.49276"
"105.70000","3.52325","2,848.83887","0.01563","0.00357","74.52426"
"105.80000","3.52668","2,850.94604","0.01559","0.00353","74.57938"
"105.90000","3.52997","2,852.49878","0.01572","0.00348","74.62000"
"106.00000","3.53319","2,853.37427","0.01571","0.00344","74.64291"
"106.10000","3.53670","2,855.23926","0.01565","0.00342","74.69169"
"106.20000","3.54006","2,857.60693","0.01565","0.00327","74.75363"
"106.30000","3.54335","2,858.73901","0.01563","0.00327","74.78324"
"106.40000","3.54679","2,860.47485","0.01559","0.00321","74.82865"
"106.50000","3.55008","2,861.95044","0.01561","0.00312","74.86725"
"106.60000","3.55322","2,863.94604","0.01564","0.00314","74.91946"
"106.70000","3.55665","2,864.97388","0.01562","0.00313","74.94634"
"106.80000","3.56009","2,866.77881","0.01577","0.00309","74.99356"
"106.90000","3.56331","2,867.95898","0.01577","0.00306","75.02443"
"107.00000","3.56667","2,869.63599","0.01577","0.00313","75.06830"
"107.10000","3.57011","2,872.23511","0.01577","0.00306","75.13629"
"107.20000","3.57325","2,873.27051","0.01578","0.00307","75.16338"
"107.30000","3.57653","2,874.09058","0.01574","0.00316","75.18483"
"107.40000","3.57997","2,876.49023","0.01578","0.00316","75.24760"
"107.50000","3.58326","2,877.78052","0.01575","0.00317","75.28136"
"107.60000","3.58655","2,878.88989","0.01578","0.00325","75.31038"
"107.70000","3.58999","2,881.39331","0.01579","0.00333","75.37587"
"107.80000","3.59342","2,882.57495","0.01582","0.00334","75.40678"
"107.90000","3.59664","2,883.96680","0.01586","0.00357","75.44319"
"108.00000","3.59993","2,886.21265","0.01594","0.00359","75.50194"
"108.10000","3.60336","2,888.08862","0.01591","0.00366","75.55102"
"108.20000","3.60658","2,889.13672","0.01595","0.00371","75.57843"
"108.30000","3.61002","2,891.31152","0.01592","0.00371","75.63532"
"108.40000","3.61345","2,892.75146","0.01592","0.00378","75.67299"
"108.50000","3.61659","2,893.85010","0.01591","0.00370","75.70173"
"108.60000","3.62003","2,896.12793","0.01599","0.00370","75.76132"
"108.70000","3.62332","2,897.07910","0.01599","0.00367","75.78620"
"108.80000","3.62661","2,898.85938","0.01606","0.00364","75.83277"
"108.90000","3.62990","2,900.54932","0.01610","0.00360","75.87698"
"109.00000","3.63333","2,902.04077","0.01606","0.00350","75.91599"
"109.10000","3.63677","2,903.79346","0.01610","0.00344","75.96185"
"109.20000","3.63991","2,904.49512","0.01606","0.00348","75.98020"
"109.30000","3.64335","2,906.83105","0.01603","0.00344","76.04131"
"109.40000","3.64671","2,908.84766","0.01602","0.00334","76.09406"
"109.50000","3.64985","2,909.66528","0.01602","0.00335","76.11545"
"109.60000","3.65329","2,910.83667","0.01607","0.00326","76.14610"
"109.70000","3.65673","2,912.63306","0.01610","0.00317","76.19308"
"109.80000","3.65994","2,914.40991","0.01615","0.00314","76.23956"
"109.90000","3.66338","2,916.00732","0.01614","0.00318","76.28136"
"110.00000","3.66667","2,917.48242","0.01614","0.00318","76.31994"
"110.10000","3.67003","2,918.60889","0.01615","0.00317","76.34941"
"110.20000","3.67324","2,919.57080","0.01618","0.00308","76.37457"
"110.30000","3.67661","2,922.29736","0.01620","0.00312","76.44590"
"110.40000","3.68012","2,923.80298","0.01620","0.00319","76.48528"
"110.50000","3.68326","2,925.04663","0.01619","0.00325","76.51781"
"110.60000","3.68670","2,926.77539","0.01622","0.00320","76.56304"
"110.70000","3.69013","2,928.39844","0.01625","0.00325","76.60550"
"110.80000","3.69320","2,929.62817","0.01625","0.00337","76.63767"
"110.90000","3.69671","2,931.47852","0.01627","0.00361","76.68607"
"111.00000","3.70000","2,933.62183","0.01628","0.00370","76.74214"
"111.10000","3.70329","2,934.19165","0.01631","0.00383","76.75705"
"111.20000","3.70673","2,936.16431","0.01632","0.00382","76.80865"
"111.30000","3.71009","2,937.67310","0.01635","0.00384","76.84812"
"111.40000","3.71345","2,939.02734","0.01638","0.00381","76.88354"
"111.50000","3.71667","2,940.51904","0.01635","0.00378","76.92257"
"111.60000","3.71995","2,942.66772","0.01641","0.00377","76.97878"
"111.70000","3.72332","2,944.04761","0.01644","0.00375","77.01488"
"111.80000","3.72653","2,945.51318","0.01639","0.00375","77.05322"
"111.90000","3.72997","2,946.65161","0.01640","0.00373","77.08299"
"112.00000","3.73348","2,948.31567","0.01642","0.00372","77.12653"
"112.10000","3.73655","2,949.26074","0.01645","0.00370","77.15125"
"112.20000","3.74006","2,951.45166","0.01647","0.00359","77.20856"
"112.30000","3.74335","2,952.64600","0.01647","0.00347","77.23981"
"112.40000","3.74656","2,954.00781","0.01648","0.00346","77.27543"
"112.50000","3.75000","2,955.56982","0.01655","0.00346","77.31629"
"112.60000","3.75336","2,957.63916","0.01655","0.00336","77.37042"
"112.70000","3.75672","2,959.09277","0.01648","0.00330","77.40845"
"112.80000","3.75994","2,960.57642","0.01655","0.00331","77.44726"
"112.90000","3.76338","2,962.56665","0.01651","0.00328","77.49932"
"113.00000","3.76674","2,963.98486","0.01654","0.00329","77.53642"
"113.10000","3.76980","2,964.48218","0.01658","0.00328","77.54943"
"113.20000","3.77339","2,965.93042","0.01662","0.00326","77.58732"
"113.30000","3.77675","2,967.94849","0.01662","0.00329","77.64011"
"113.40000","3.77989","2,969.28735","0.01661","0.00331","77.67513"
"113.50000","3.78341","2,971.44531","0.01668","0.00327","77.73158"
"113.60000","3.78677","2,972.41406","0.01670","0.00325","77.75693"
"113.70000","3.78991","2,973.19043","0.01667","0.00332","77.77724"
"113.80000","3.79327","2,975.15918","0.01669","0.00344","77.82874"
"113.90000","3.79663","2,977.48535","0.01666","0.00348","77.88959"
"114.00000","3.80000","2,978.24023","0.01669","0.00375","77.90934"
"114.10000","3.80329","2,979.96973","0.01670","0.00387","77.95458"
"114.20000","3.80672","2,982.00391","0.01669","0.00397","78.00779"
"114.30000","3.81001","2,984.17114","0.01672","0.00390","78.06448"
"114.40000","3.81315","2,984.86230","0.01673","0.00394","78.08257"
"114.50000","3.81666","2,986.01099","0.01676","0.00386","78.11262"
"114.60000","3.82003","2,987.69922","0.01683","0.00391","78.15678"
"114.70000","3.82324","2,989.21997","0.01684","0.00387","78.19656"
"114.80000","3.82675","2,991.30981","0.01685","0.00376","78.25123"
"114.90000","3.83012","2,992.24048","0.01688","0.00381","78.27557"
"115.00000","3.83326","2,993.54150","0.01685","0.00370","78.30961"
"115.10000","3.83677","2,995.40210","0.01687","0.00383","78.35828"
"115.20000","3.84006","2,996.64819","0.01687","0.00365","78.39088"
"115.30000","3.84327","2,999.49951","0.01688","0.00360","78.46547"
"115.40000","3.84663","3,000.11646","0.01688","0.00359","78.48161"
"115.50000","3.85007","3,001.74463","0.01696","0.00356","78.52420"
"115.60000","3.85336","3,003.26807","0.01695","0.00344","78.56406"
"115.70000","3.85665","3,003.99951","0.01696","0.00336","78.58319"
"115.80000","3.86009","3,006.60718","0.01697","0.00332","78.65141"
"115.90000","3.86330","3,007.97607","0.01695","0.00331","78.68721"
"116.00000","3.86651","3,008.73975","0.01695","0.00336","78.70719"
"116.10000","3.87010","3,011.43164","0.01698","0.00337","78.77761"
"116.20000","3.87339","3,012.63550","0.01696","0.00332","78.80910"
"116.30000","3.87660","3,014.42993","0.01703","0.00336","78.85604"
"116.40000","3.87997","3,015.60474","0.01704","0.00329","78.88677"
"116.50000","3.88340","3,017.18970","0.01708","0.00334","78.92824"
"116.60000","3.88654","3,018.08252","0.01709","0.00330","78.95159"
"116.70000","3.88998","3,020.76489","0.01707","0.00331","79.02176"
"116.80000","3.89334","3,021.62817","0.01706","0.00343","79.04434"
"116.90000","3.89663","3,023.28027","0.01704","0.00351","79.08756"
"117.00000","3.90000","3,024.92407","0.01708","0.00389","79.13056"
"117.10000","3.90343","3,026.60718","0.01710","0.00386","79.17459"
"117.20000","3.90672","3,029.05444","0.01712","0.00399","79.23861"
"117.30000","3.90994","3,029.25830","0.01711","0.00401","79.24394"
"117.40000","3.91330","3,031.17285","0.01711","0.00397","79.29403"
"117.50000","3.91674","3,032.75781","0.01716","0.00399","79.33549"
"117.60000","3.91995","3,033.96509","0.01713","0.00394","79.36707"
"117.70000","3.92331","3,035.56567","0.01718","0.00397","79.40894"
"117.80000","3.92683","3,037.54736","0.01719","0.00395","79.46078"
"117.90000","3.92989","3,039.34521","0.01720","0.00392","79.50781"
"118.00000","3.93333","3,040.45239","0.01720","0.00387","79.53677"
"118.10000","3.93662","3,041.79004","0.01722","0.00393","79.57177"
"118.20000","3.93990","3,044.03271","0.01726","0.00379","79.63044"
"118.30000","3.94327","3,045.48633","0.01728","0.00373","79.66846"
"118.40000","3.94671","3,046.31226","0.01731","0.00370","79.69007"
"118.50000","3.94999","3,048.39380","0.01729","0.00370","79.74452"
"118.60000","3.95336","3,048.85278","0.01734","0.00361","79.75653"
"118.70000","3.95665","3,050.74707","0.01736","0.00351","79.80608"
"118.80000","3.95993","3,052.71753","0.01739","0.00347","79.85763"
"118.90000","3.96322","3,053.79004","0.01736","0.00342","79.88568"
"119.00000","3.96659","3,055.25195","0.01741","0.00347","79.92393"
"119.10000","3.97010","3,057.24731","0.01737","0.00336","79.97613"
"119.20000","3.97324","3,058.39282","0.01736","0.00348","80.00609"
"119.30000","3.97668","3,059.99194","0.01739","0.00342","80.04792"
"119.40000","3.98011","3,061.82397","0.01738","0.00343","80.09585"
"119.50000","3.98318","3,062.66846","0.01741","0.00346","80.11794"
"119.60000","3.98662","3,064.27490","0.01744","0.00338","80.15997"
"119.70000","3.99005","3,066.36890","0.01750","0.00338","80.21474"
"119.80000","3.99334","3,067.40454","0.01748","0.00351","80.24184"
"119.90000","3.99670","3,068.79834","0.01751","0.00349","80.27830"
"120.00000","3.99999","3,070.13232","0.01755","0.00359","80.31319"
"120.10000","4.00343","3,071.34375","0.01754","0.00380","80.34488"
"120.20000","4.00657","3,073.74829","0.01755","0.00410","80.40778"
"120.30000","4.00986","3,074.74731","0.01752","0.00408","80.43391"
"120.40000","4.01345","3,076.72925","0.01756","0.00411","80.48576"
"120.50000","4.01658","3,077.33301","0.01757","0.00406","80.50156"
"120.60000","4.02002","3,079.53296","0.01758","0.00408","80.55910"
"120.70000","4.02354","3,081.55908","0.01761","0.00403","80.61211"
"120.80000","4.02652","3,082.13818","0.01762","0.00403","80.62726"
"120.90000","4.02996","3,084.24170","0.01766","0.00405","80.68228"
"121.00000","4.03333","3,085.54736","0.01769","0.00405","80.71644"
"121.10000","4.03661","3,087.61255","0.01771","0.00403","80.77046"
"121.20000","4.04005","3,088.41553","0.01769","0.00396","80.79147"
"121.30000","4.04334","3,090.66895","0.01777","0.00384","80.85042"
"121.40000","4.04670","3,091.95898","0.01776","0.00388","80.88416"
"121.50000","4.04992","3,093.06177","0.01775","0.00378","80.91302"
"121.60000","4.05328","3,094.33179","0.01781","0.00377","80.94624"
"121.70000","4.05672","3,096.26636","0.01780","0.00366","80.99684"
"121.80000","4.05978","3,097.59204","0.01784","0.00352","81.03152"
"121.90000","4.06337","3,099.40234","0.01786","0.00358","81.07888"
"122.00000","4.06681","3,101.32202","0.01787","0.00344","81.12910"
"122.10000","4.06995","3,103.03125","0.01790","0.00352","81.17381"
"122.20000","4.07338","3,103.59766","0.01787","0.00347","81.18863"
"122.30000","4.07675","3,105.15698","0.01792","0.00345","81.22942"
"122.40000","4.07989","3,106.45825","0.01786","0.00356","81.26346"
"122.50000","4.08332","3,108.05908","0.01789","0.00354","81.30534"
"122.60000","4.08669","3,109.87915","0.01790","0.00349","81.35295"
"122.70000","4.09005","3,110.99097","0.01791","0.00348","81.38203"
"122.80000","4.09326","3,112.80322","0.01792","0.00357","81.42944"
"122.90000","4.09670","3,113.79907","0.01794","0.00362","81.45549"
"123.00000","4.10007","3,117.07251","0.01794","0.00381","81.54112"
"123.10000","4.10313","3,117.89453","0.01798","0.00402","81.56263"
"123.20000","4.10664","3,119.09473","0.01801","0.00412","81.59402"
"123.30000","4.11008","3,120.28467","0.01801","0.00419","81.62515"
"123.40000","4.11322","3,121.85132","0.01804","0.00410","81.66614"
"123.50000","4.11673","3,123.59985","0.01805","0.00415","81.71188"
"123.60000","4.12010","3,125.21387","0.01806","0.00419","81.75410"
"123.70000","4.12331","3,126.18726","0.01805","0.00417","81.77956"
"123.80000","4.12667","3,128.28467","0.01808","0.00411","81.83443"
"123.90000","4.13004","3,129.33667","0.01812","0.00410","81.86195"
"124.00000","4.13332","3,131.29956","0.01808","0.00416","81.91330"
"124.10000","4.13661","3,132.71875","0.01813","0.00409","81.95042"
"124.20000","4.14005","3,134.09351","0.01812","0.00416","81.98638"
"124.30000","4.14341","3,136.20386","0.01816","0.00401","82.04159"
"124.40000","4.14655","3,136.42651","0.01820","0.00393","82.04742"
"124.50000","4.14999","3,138.78516","0.01817","0.00386","82.10912"
"124.60000","4.15335","3,139.12964","0.01821","0.00384","82.11813"
"124.70000","4.15649","3,140.80835","0.01823","0.00380","82.16204"
"124.80000","4.16008","3,143.60034","0.01824","0.00379","82.23508"
"124.90000","4.16344","3,144.78345","0.01826","0.00359","82.26603"
"125.00000","4.16666","3,146.10938","0.01826","0.00361","82.30071"
"125.10000","4.17002","3,147.43750","0.01829","0.00355","82.33546"
"125.20000","4.17331","3,149.35889","0.01833","0.00361","82.38572"
"125.30000","4.17652","3,150.62329","0.01829","0.00364","82.41879"
"125.40000","4.17988","3,151.55078","0.01833","0.00360","82.44306"
"125.50000","4.18340","3,153.11548","0.01829","0.00355","82.48399"
"125.60000","4.18669","3,155.61890","0.01830","0.00362","82.54948"
"125.70000","4.18997","3,156.26562","0.01832","0.00360","82.56640"
"125.80000","4.19341","3,158.40918","0.01833","0.00363","82.62247"
"125.90000","4.19670","3,159.36914","0.01836","0.00372","82.64758"
"126.00000","4.19984","3,160.85059","0.01833","0.00370","82.68633"
"126.10000","4.20335","3,162.77222","0.01838","0.00411","82.73660"
"126.20000","4.20672","3,163.68872","0.01840","0.00421","82.76058"
"126.30000","4.20993","3,165.36938","0.01842","0.00429","82.80454"
"126.40000","4.21337","3,166.49048","0.01842","0.00422","82.83387"
"126.50000","4.21680","3,168.59961","0.01843","0.00421","82.88905"
"126.60000","4.21994","3,169.65771","0.01845","0.00430","82.91673"
"126.70000","4.22331","3,171.46924","0.01847","0.00423","82.96412"
"126.80000","4.22667","3,172.39087","0.01847","0.00425","82.98823"
"126.90000","4.22988","3,174.68335","0.01849","0.00422","83.04819"
"127.00000","4.23325","3,175.60986","0.01852","0.00426","83.07243"
"127.10000","4.23676","3,177.10889","0.01855","0.00426","83.11165"
"127.20000","4.24005","3,178.51050","0.01855","0.00421","83.14831"
"127.30000","4.24326","3,179.36206","0.01855","0.00419","83.17059"
"127.40000","4.24662","3,181.60986","0.01857","0.00404","83.22939"
"127.50000","4.24999","3,183.26099","0.01860","0.00407","83.27258"
"127.60000","4.25320","3,184.92700","0.01865","0.00401","83.31616"
"127.70000","4.25664","3,185.82104","0.01863","0.00396","83.33955"
"127.80000","4.26015","3,188.03979","0.01866","0.00393","83.39759"
"127.90000","4.26329","3,188.86597","0.01864","0.00379","83.41920"
"128.00000","4.26658","3,190.41113","0.01867","0.00373","83.45963"
"128.10000","4.27002","3,192.18530","0.01871","0.00372","83.50603"
"128.20000","4.27323","3,193.22168","0.01872","0.00372","83.53315"
"128.30000","4.27667","3,195.10400","0.01868","0.00363","83.58239"
"128.40000","4.28003","3,196.43066","0.01871","0.00373","83.61710"
"128.50000","4.28340","3,198.10815","0.01873","0.00365","83.66098"
"128.60000","4.28668","3,199.20752","0.01877","0.00374","83.68974"
"128.70000","4.29005","3,201.05786","0.01874","0.00369","83.73814"
"128.80000","4.29341","3,202.48682","0.01872","0.00370","83.77552"
"128.90000","4.29655","3,203.26611","0.01875","0.00369","83.79591"
"129.00000","4.29991","3,205.69287","0.01878","0.00377","83.85939"
"129.10000","4.30343","3,206.92139","0.01879","0.00382","83.89153"
"129.20000","4.30656","3,208.29272","0.01879","0.00425","83.92740"
"129.30000","4.31008","3,210.32739","0.01884","0.00440","83.98063"
"129.40000","4.31344","3,211.58691","0.01879","0.00435","84.01357"
"129.50000","4.31658","3,212.42725","0.01883","0.00434","84.03556"
"129.60000","4.31994","3,213.84155","0.01887","0.00442","84.07256"
"129.70000","4.32331","3,215.49219","0.01888","0.00439","84.11574"
"129.80000","4.32659","3,217.14575","0.01887","0.00438","84.15899"
"129.90000","4.33003","3,218.34058","0.01892","0.00429","84.19025"
"130.00000","4.33332","3,220.00562","0.01891","0.00430","84.23380"
"130.10000","4.33676","3,221.86987","0.01892","0.00428","84.28257"
"130.20000","4.33990","3,223.59839","0.01898","0.00429","84.32779"
"130.30000","4.34326","3,224.96973","0.01898","0.00431","84.36366"
"130.40000","4.34677","3,226.50342","0.01900","0.00423","84.40379"
"130.50000","4.34991","3,227.62158","0.01897","0.00422","84.43304"
"130.60000","4.35342","3,229.32910","0.01903","0.00414","84.47770"
"130.70000","4.35679","3,230.56616","0.01904","0.00408","84.51006"
"130.80000","4.35993","3,231.59961","0.01905","0.00406","84.53709"
"130.90000","4.36336","3,233.23877","0.01908","0.00397","84.57998"
"131.00000","4.36673","3,235.09546","0.01909","0.00387","84.62855"
"131.10000","4.36994","3,237.18701","0.01909","0.00391","84.68326"
"131.20000","4.37330","3,237.98291","0.01909","0.00378","84.70408"
"131.30000","4.37667","3,239.22705","0.01911","0.00376","84.73663"
"131.40000","4.38011","3,241.85181","0.01914","0.00375","84.80529"
"131.50000","4.38324","3,242.99512","0.01917","0.00383","84.83520"
"131.60000","4.38661","3,244.23511","0.01917","0.00374","84.86764"
"131.70000","4.39005","3,245.61182","0.01915","0.00376","84.90365"
"131.80000","4.39311","3,246.16235","0.01916","0.00370","84.91805"
"131.90000","4.39670","3,247.89331","0.01918","0.00378","84.96333"
"132.00000","4.40013","3,250.54077","0.01921","0.00385","85.03259"
"132.10000","4.40327","3,251.62964","0.01924","0.00392","85.06107"
"132.20000","4.40671","3,252.83643","0.01923","0.00404","85.09264"
"132.30000","4.41007","3,254.51416","0.01923","0.00427","85.13653"
"132.40000","4.41329","3,255.32715","0.01923","0.00443","85.15780"
"132.50000","4.41665","3,256.56689","0.01920","0.00441","85.19023"
"132.60000","4.42001","3,258.47754","0.01926","0.00451","85.24021"
"132.70000","4.42330","3,260.59863","0.01927","0.00445","85.29570"
"132.80000","4.42659","3,260.86279","0.01930","0.00443","85.30260"
"132.90000","4.43010","3,263.67773","0.01933","0.00443","85.37624"
"133.00000","4.43339","3,264.44067","0.01932","0.00445","85.39620"
"133.10000","4.43653","3,266.14453","0.01937","0.00443","85.44077"
"133.20000","4.44004","3,267.64966","0.01937","0.00438","85.48015"
"133.30000","4.44341","3,269.13940","0.01939","0.00438","85.51912"
"133.40000","4.44647","3,270.99341","0.01938","0.00434","85.56762"
"133.50000","4.45006","3,272.44336","0.01944","0.00427","85.60555"
"133.60000","4.45342","3,273.60522","0.01946","0.00421","85.63594"
"133.70000","4.45664","3,274.67407","0.01946","0.00418","85.66390"
"133.80000","4.46000","3,276.82373","0.01941","0.00415","85.72014"
"133.90000","4.46329","3,277.90503","0.01948","0.00414","85.74843"
"134.00000","4.46658","3,278.68115","0.01946","0.00402","85.76873"
"134.10000","4.46994","3,280.84448","0.01949","0.00401","85.82532"
"134.20000","4.47338","3,282.60596","0.01954","0.00396","85.87140"
"134.30000","4.47674","3,284.51440","0.01957","0.00383","85.92133"
"134.40000","4.47988","3,284.93970","0.01957","0.00382","85.93245"
"134.50000","4.48339","3,287.48218","0.01957","0.00387","85.99895"
"134.60000","4.48668","3,289.20483","0.01959","0.00387","86.04402"
"134.70000","4.48989","3,289.05249","0.01961","0.00383","86.04004"
"134.80000","4.49341","3,292.00317","0.01960","0.00390","86.11723"
"134.90000","4.49677","3,292.21631","0.01964","0.00388","86.12280"
"135.00000","4.49998","3,294.36963","0.01960","0.00379","86.17913"
"135.10000","4.50342","3,295.78076","0.01966","0.00394","86.21604"
"135.20000","4.50671","3,297.22241","0.01963","0.00417","86.25376"
"135.30000","4.50992","3,298.76831","0.01967","0.00430","86.29420"
"135.40000","4.51329","3,299.49780","0.01963","0.00450","86.31328"
"135.50000","4.51672","3,301.86401","0.01966","0.00458","86.37518"
"135.60000","4.52001","3,303.56812","0.01971","0.00456","86.41976"
"135.70000","4.52330","3,304.11011","0.01971","0.00456","86.43394"
"135.80000","4.52674","3,306.32300","0.01967","0.00448","86.49182"
"135.90000","4.53003","3,307.87183","0.01970","0.00447","86.53234"
"136.00000","4.53324","3,309.31665","0.01974","0.00452","86.57014"
"136.10000","4.53660","3,310.73291","0.01977","0.00456","86.60719"
"136.20000","4.53997","3,311.76367","0.01974","0.00449","86.63415"
"136.30000","4.54326","3,313.46143","0.01980","0.00450","86.67857"
"136.40000","4.54669","3,314.89209","0.01982","0.00451","86.71599"
"136.50000","4.55013","3,317.31445","0.01980","0.00444","86.77936"
"136.60000","4.55327","3,317.27856","0.01981","0.00431","86.77842"
"136.70000","4.55663","3,318.89282","0.01980","0.00431","86.82065"
"136.80000","4.56000","3,320.36133","0.01990","0.00429","86.85906"
"136.90000","4.56328","3,322.35132","0.01991","0.00426","86.91112"
"137.00000","4.56665","3,323.95581","0.01985","0.00417","86.95309"
"137.10000","4.57009","3,324.66968","0.01985","0.00402","86.97176"
"137.20000","4.57337","3,326.70728","0.01994","0.00403","87.02507"
"137.30000","4.57666","3,328.25513","0.01998","0.00396","87.06556"
"137.40000","4.58003","3,330.01318","0.01999","0.00395","87.11155"
"137.50000","4.58339","3,330.50342","0.01997","0.00392","87.12437"
"137.60000","4.58660","3,332.58032","0.01995","0.00385","87.17870"
"137.70000","4.58997","3,333.29224","0.01998","0.00390","87.19733"
"137.80000","4.59348","3,336.27612","0.02000","0.00387","87.27538"
"137.90000","4.59662","3,336.96680","0.02003","0.00387","87.29345"
"138.00000","4.59998","3,337.92676","0.02002","0.00389","87.31857"
"138.10000","4.60342","3,339.51050","0.02003","0.00398","87.35999"
"138.20000","4.60656","3,341.13232","0.02005","0.00417","87.40242"
"138.30000","4.60992","3,342.78784","0.02006","0.00429","87.44572"
"138.40000","4.61336","3,343.74902","0.02012","0.00441","87.47087"
"138.50000","4.61665","3,345.93799","0.02010","0.00461","87.52814"
"138.60000","4.62001","3,347.19946","0.02008","0.00458","87.56113"
"138.70000","4.62337","3,348.45264","0.02011","0.00459","87.59392"
"138.80000","4.62674","3,350.29175","0.02016","0.00460","87.64203"
"138.90000","4.62988","3,350.89014","0.02016","0.00459","87.65768"
"139.00000","4.63324","3,352.65137","0.02016","0.00456","87.70375"
"139.10000","4.63683","3,354.43457","0.02013","0.00459","87.75040"
"139.20000","4.63989","3,355.92896","0.02016","0.00458","87.78949"
"139.30000","4.64333","3,356.12451","0.02022","0.00454","87.79461"
"139.40000","4.64684","3,358.89233","0.02023","0.00460","87.86701"
"139.50000","4.64991","3,359.55469","0.02019","0.00456","87.88434"
"139.60000","4.65334","3,360.96948","0.02023","0.00449","87.92135"
"139.70000","4.65663","3,362.27856","0.02024","0.00443","87.95560"
"139.80000","4.65999","3,364.71899","0.02027","0.00434","88.01944"
"139.90000","4.66328","3,365.51099","0.02028","0.00431","88.04015"
"140.00000","4.66672","3,366.54004","0.02031","0.00425","88.06708"
"140.10000","4.67008","3,368.19141","0.02030","0.00418","88.11028"
"140.20000","4.67322","3,369.77832","0.02031","0.00414","88.15179"
"140.30000","4.67659","3,371.29565","0.02038","0.00406","88.19147"
"140.40000","4.68002","3,372.61548","0.02039","0.00404","88.22601"
"140.50000","4.68316","3,373.49634","0.02037","0.00392","88.24905"
"140.60000","4.68668","3,375.41699","0.02039","0.00387","88.29929"
"140.70000","4.69011","3,377.50659","0.02039","0.00391","88.35395"
"140.80000","4.69325","3,378.97021","0.02043","0.00391","88.39224"
"140.90000","4.69669","3,379.80249","0.02040","0.00399","88.41402"
"141.00000","4.69998","3,380.88306","0.02044","0.00392","88.44228"
"141.10000","4.70327","3,382.59424","0.02045","0.00392","88.48705"
"141.20000","4.70663","3,383.80029","0.02046","0.00405","88.51859"
"141.30000","4.70999","3,386.03149","0.02047","0.00417","88.57696"
"141.40000","4.71343","3,387.87354","0.02054","0.00438","88.62514"
"141.50000","4.71665","3,388.43677","0.02056","0.00458","88.63988"
"141.60000","4.72001","3,390.66455","0.02054","0.00471","88.69816"
"141.70000","4.72345","3,391.44995","0.02054","0.00465","88.71870"
"141.80000","4.72651","3,392.42920","0.02054","0.00462","88.74432"
"141.90000","4.73002","3,394.26660","0.02054","0.00467","88.79239"
"142.00000","4.73339","3,395.78101","0.02056","0.00462","88.83200"
"142.10000","4.73653","3,397.52075","0.02058","0.00464","88.87752"
"142.20000","4.74011","3,399.05957","0.02057","0.00464","88.91777"
"142.30000","4.74340","3,400.51196","0.02060","0.00461","88.95576"
"142.40000","4.74654","3,400.52393","0.02063","0.00465","88.95608"
"142.50000","4.74998","3,402.56836","0.02063","0.00468","89.00956"
"142.60000","4.75327","3,403.91406","0.02065","0.00464","89.04476"
"142.70000","4.75663","3,405.92676","0.02062","0.00454","89.09741"
"142.80000","4.75992","3,406.77246","0.02068","0.00444","89.11954"
"142.90000","4.76343","3,408.36987","0.02067","0.00438","89.16132"
"143.00000","4.76672","3,409.95557","0.02069","0.00428","89.20280"
"143.10000","4.76986","3,411.03125","0.02070","0.00423","89.23094"
"143.20000","4.77330","3,413.53687","0.02070","0.00418","89.29649"
"143.30000","4.77666","3,414.95239","0.02072","0.00411","89.33352"
"143.40000","4.77987","3,416.12549","0.02077","0.00408","89.36420"
"143.50000","4.78339","3,417.25024","0.02086","0.00406","89.39363"
"143.60000","4.78675","3,418.73364","0.02077","0.00401","89.43243"
"143.70000","4.78996","3,420.22729","0.02078","0.00396","89.47150"
"143.80000","4.79333","3,421.60864","0.02080","0.00399","89.50764"
"143.90000","4.79669","3,423.30225","0.02078","0.00405","89.55195"
"144.00000","4.79998","3,425.04004","0.02081","0.00409","89.59740"
"144.10000","4.80327","3,425.58472","0.02086","0.00405","89.61166"
"144.20000","4.80663","3,427.26074","0.02087","0.00399","89.65550"
"144.30000","4.81007","3,428.77686","0.02089","0.00412","89.69516"
"144.40000","4.81328","3,430.98633","0.02088","0.00435","89.75296"
"144.50000","4.81672","3,431.43018","0.02091","0.00447","89.76457"
"144.60000","4.82001","3,433.29688","0.02093","0.00469","89.81340"
"144.70000","4.82322","3,433.99609","0.02093","0.00465","89.83170"
"144.80000","4.82666","3,436.75684","0.02093","0.00472","89.90392"
"144.90000","4.83002","3,437.37500","0.02095","0.00470","89.92008"
"145.00000","4.83331","3,438.16235","0.02096","0.00467","89.94068"
"145.10000","4.83667","3,439.73926","0.02096","0.00470","89.98193"
"145.20000","4.84011","3,441.87207","0.02098","0.00470","90.03773"
"145.30000","4.84325","3,443.18750","0.02102","0.00470","90.07214"
"145.40000","4.84661","3,444.32446","0.02102","0.00467","90.10188"
"145.50000","4.84998","3,445.90942","0.02101","0.00471","90.14334"
"145.60000","4.85334","3,447.00586","0.02106","0.00470","90.17202"
"145.70000","4.85655","3,448.32056","0.02104","0.00464","90.20641"
"145.80000","4.86007","3,451.03711","0.02109","0.00448","90.27747"
"145.90000","4.86335","3,451.98291","0.02108","0.00442","90.30222"
"146.00000","4.86657","3,452.28760","0.02110","0.00443","90.31019"
"146.10000","4.86993","3,454.06860","0.02111","0.00439","90.35678"
"146.20000","4.87337","3,455.75537","0.02112","0.00430","90.40090"
"146.30000","4.87658","3,456.75488","0.02113","0.00425","90.42705"
"146.40000","4.87995","3,458.25146","0.02116","0.00420","90.46620"
"146.50000","4.88338","3,459.90796","0.02119","0.00404","90.50954"
"146.60000","4.88667","3,461.12109","0.02119","0.00408","90.54127"
"146.70000","4.88996","3,462.39331","0.02121","0.00402","90.57455"
"146.80000","4.89332","3,463.43823","0.02122","0.00403","90.60188"
"146.90000","4.89661","3,465.61597","0.02120","0.00409","90.65885"
"147.00000","4.89990","3,466.87329","0.02125","0.00407","90.69174"
"147.10000","4.90341","3,468.29517","0.02127","0.00407","90.72894"
"147.20000","4.90670","3,470.03857","0.02128","0.00403","90.77454"
"147.30000","4.90999","3,471.11572","0.02132","0.00412","90.80273"
"147.40000","4.91335","3,472.80493","0.02132","0.00424","90.84692"
"147.50000","4.91672","3,473.74194","0.02133","0.00453","90.87142"
"147.60000","4.91986","3,475.61768","0.02132","0.00458","90.92049"
"147.70000","4.92329","3,476.97144","0.02135","0.00475","90.95591"
"147.80000","4.92681","3,478.14746","0.02136","0.00476","90.98667"
"147.90000","4.92994","3,479.23999","0.02138","0.00480","91.01525"
"148.00000","4.93338","3,481.22949","0.02138","0.00472","91.06730"
"148.10000","4.93675","3,481.69092","0.02138","0.00482","91.07937"
"148.20000","4.93988","3,484.05127","0.02139","0.00480","91.14111"
"148.30000","4.94325","3,484.61987","0.02141","0.00477","91.15598"
"148.40000","4.94661","3,486.58521","0.02143","0.00480","91.20740"
"148.50000","4.94997","3,488.77246","0.02145","0.00475","91.26462"
"148.60000","4.95326","3,488.86523","0.02146","0.00474","91.26704"
"148.70000","4.95670","3,490.59131","0.02146","0.00473","91.31219"
"148.80000","4.96014","3,492.38696","0.02147","0.00465","91.35917"
"148.90000","4.96320","3,493.22583","0.02147","0.00448","91.38111"
"149.00000","4.96664","3,495.65601","0.02148","0.00451","91.44469"
"149.10000","4.97008","3,496.85913","0.02150","0.00440","91.47616"
"149.20000","4.97314","3,497.56860","0.02149","0.00436","91.49472"
"149.30000","4.97666","3,498.72681","0.02155","0.00432","91.52502"
"149.40000","4.98009","3,500.50000","0.02152","0.00419","91.57140"
"149.50000","4.98323","3,501.52563","0.02157","0.00417","91.59824"
"149.60000","4.98667","3,503.20752","0.02157","0.00416","91.64223"
"149.70000","4.99003","3,504.85596","0.02161","0.00412","91.68535"
"149.80000","4.99332","3,506.87280","0.02165","0.00417","91.73811"
"149.90000","4.99668","3,507.78296","0.02162","0.00421","91.76192"
"150.00000","5.00005","3,508.77539","0.02164","0.00415","91.78788"
"150.10000","5.00348","3,510.76611","0.02167","0.00418","91.83996"
"150.20000","5.00662","3,511.89307","0.02168","0.00417","91.86944"
"150.30000","5.00999","3,513.53027","0.02172","0.00429","91.91227"
"150.40000","5.01343","3,515.01807","0.02173","0.00429","91.95119"
"150.50000","5.01649","3,515.77588","0.02175","0.00446","91.97101"
"150.60000","5.02000","3,517.21948","0.02176","0.00475","92.00877"
"150.70000","5.02344","3,519.41626","0.02179","0.00481","92.06625"
"150.80000","5.02658","3,519.92163","0.02179","0.00487","92.07946"
"150.90000","5.03009","3,521.71143","0.02181","0.00482","92.12628"
"151.00000","5.03338","3,522.88306","0.02181","0.00484","92.15693"
"151.10000","5.03659","3,524.58618","0.02184","0.00485","92.20148"
"151.20000","5.03996","3,525.88110","0.02184","0.00484","92.23536"
"151.30000","5.04332","3,527.16846","0.02187","0.00483","92.26904"
"151.40000","5.04668","3,528.62842","0.02186","0.00487","92.30723"
"151.50000","5.04990","3,529.43433","0.02185","0.00489","92.32831"
"151.60000","5.05333","3,530.84180","0.02185","0.00488","92.36513"
"151.70000","5.05677","3,533.07568","0.02188","0.00490","92.42357"
"151.80000","5.05976","3,533.22437","0.02191","0.00486","92.42746"
"151.90000","5.06335","3,535.22461","0.02192","0.00468","92.47978"
"152.00000","5.06671","3,536.82935","0.02189","0.00462","92.52176"
"152.10000","5.06993","3,537.72607","0.02190","0.00457","92.54522"
"152.20000","5.07344","3,539.98828","0.02195","0.00447","92.60440"
"152.30000","5.07673","3,540.46704","0.02194","0.00443","92.61692"
"152.40000","5.08002","3,541.95972","0.02196","0.00430","92.65597"
"152.50000","5.08338","3,543.05273","0.02198","0.00429","92.68456"
"152.60000","5.08659","3,544.42041","0.02200","0.00422","92.72034"
"152.70000","5.08996","3,546.03687","0.02201","0.00425","92.76263"
"152.80000","5.09324","3,547.11792","0.02204","0.00426","92.79090"
"152.90000","5.09668","3,548.56445","0.02207","0.00427","92.82874"
"153.00000","5.10012","3,550.55225","0.02205","0.00426","92.88074"
"153.10000","5.10318","3,551.73535","0.02208","0.00422","92.91170"
"153.20000","5.10662","3,552.37012","0.02214","0.00419","92.92830"
"153.30000","5.10999","3,553.54883","0.02213","0.00420","92.95914"
"153.40000","5.11320","3,555.39404","0.02213","0.00438","93.00740"
"153.50000","5.11671","3,556.49658","0.02216","0.00456","93.03625"
"153.60000","5.12000","3,558.08521","0.02216","0.00464","93.07780"
"153.70000","5.12336","3,559.03955","0.02221","0.00482","93.10277"
"153.80000","5.12673","3,561.25269","0.02224","0.00486","93.16066"
"153.90000","5.13001","3,562.76074","0.02222","0.00483","93.20011"
"154.00000","5.13330","3,563.85303","0.02226","0.00496","93.22868"
"154.10000","5.13652","3,564.71313","0.02226","0.00495","93.25119"
"154.20000","5.14003","3,566.70996","0.02229","0.00491","93.30342"
"154.30000","5.14339","3,567.92798","0.02229","0.00498","93.33529"
"154.40000","5.14661","3,568.63696","0.02227","0.00497","93.35384"
"154.50000","5.15004","3,570.29614","0.02229","0.00498","93.39724"
"154.60000","5.15341","3,571.63281","0.02228","0.00495","93.43221"
"154.70000","5.15655","3,572.49390","0.02231","0.00500","93.45473"
"154.80000","5.16006","3,574.16895","0.02230","0.00501","93.49855"
"154.90000","5.16335","3,575.72778","0.02232","0.00484","93.53932"
"155.00000","5.16664","3,576.71094","0.02232","0.00471","93.56504"
"155.10000","5.17007","3,578.15137","0.02233","0.00457","93.60272"
"155.20000","5.17344","3,579.78125","0.02233","0.00462","93.64536"
"155.30000","5.17665","3,581.21924","0.02233","0.00457","93.68298"
"155.40000","5.17986","3,581.69556","0.02237","0.00445","93.69544"
"155.50000","5.18338","3,583.43506","0.02236","0.00447","93.74094"
"155.60000","5.18667","3,584.67285","0.02238","0.00441","93.77332"
"155.70000","5.18995","3,586.49854","0.02242","0.00443","93.82108"
"155.80000","5.19339","3,587.78613","0.02242","0.00435","93.85477"
"155.90000","5.19675","3,589.25488","0.02245","0.00431","93.89319"
"156.00000","5.19989","3,590.50122","0.02251","0.00427","93.92579"
"156.10000","5.20333","3,591.81348","0.02252","0.00435","93.96012"
"156.20000","5.20669","3,592.52808","0.02253","0.00432","93.97881"
"156.30000","5.20991","3,593.87573","0.02252","0.00431","94.01407"
"156.40000","5.21335","3,595.73950","0.02258","0.00437","94.06282"
"156.50000","5.21678","3,597.35034","0.02260","0.00434","94.10496"
"156.60000","5.22000","3,598.54688","0.02260","0.00446","94.13626"
"156.70000","5.22329","3,599.71826","0.02260","0.00482","94.16691"
"156.80000","5.22672","3,600.69751","0.02262","0.00500","94.19252"
"156.90000","5.22994","3,602.16431","0.02266","0.00486","94.23089"
"157.00000","5.23330","3,603.81836","0.02264","0.00483","94.27416"
"157.10000","5.23674","3,604.36548","0.02268","0.00505","94.28848"
"157.20000","5.24003","3,606.22925","0.02272","0.00505","94.33723"
"157.30000","5.24332","3,608.13354","0.02270","0.00505","94.38705"
"157.40000","5.24668","3,608.75049","0.02272","0.00503","94.40318"
"157.50000","5.25012","3,610.60547","0.02274","0.00504","94.45171"
"157.60000","5.25318","3,610.83105","0.02272","0.00506","94.45761"
"157.70000","5.25662","3,612.45947","0.02273","0.00508","94.50021"
"157.80000","5.26013","3,614.62524","0.02277","0.00513","94.55686"
"157.90000","5.26327","3,615.51855","0.02275","0.00498","94.58023"
"158.00000","5.26663","3,616.45752","0.02272","0.00487","94.60480"
"158.10000","5.27015","3,617.95825","0.02274","0.00480","94.64405"
"158.20000","5.27321","3,619.07178","0.02275","0.00471","94.67318"
"158.30000","5.27657","3,619.68213","0.02287","0.00472","94.68915"
"158.40000","5.28001","3,622.17358","0.02278","0.00460","94.75433"
"158.50000","5.28337","3,623.86768","0.02281","0.00459","94.79865"
"158.60000","5.28666","3,625.05762","0.02282","0.00454","94.82977"
"158.70000","5.29003","3,625.84375","0.02283","0.00452","94.85033"
"158.80000","5.29346","3,628.02930","0.02285","0.00455","94.90751"
"158.90000","5.29653","3,628.97925","0.02289","0.00450","94.93236"
"159.00000","5.29997","3,630.52588","0.02291","0.00447","94.97282"
"159.10000","5.30340","3,631.88306","0.02302","0.00439","95.00832"
"159.20000","5.30654","3,632.79248","0.02294","0.00438","95.03211"
"159.30000","5.31006","3,634.15283","0.02294","0.00440","95.06770"
"159.40000","5.31342","3,636.53491","0.02298","0.00439","95.13001"
"159.50000","5.31656","3,636.18945","0.02300","0.00446","95.12097"
"159.60000","5.32000","3,638.33984","0.02303","0.00456","95.17722"
"159.70000","5.32336","3,639.04614","0.02308","0.00488","95.19570"
"159.80000","5.32657","3,640.46997","0.02309","0.00467","95.23295"
"159.90000","5.32986","3,641.41382","0.02304","0.00492","95.25764"
"160.00000","5.33330","3,643.03589","0.02306","0.00495","95.30007"
"160.10000","5.33674","3,644.01904","0.02309","0.00502","95.32579"
"160.20000","5.33995","3,645.45728","0.02311","0.00510","95.36342"
"160.30000","5.34331","3,646.32080","0.02317","0.00511","95.38600"
"160.40000","5.34675","3,648.32959","0.02316","0.00515","95.43855"
"160.50000","5.34982","3,648.97290","0.02320","0.00523","95.45538"
"160.60000","5.35340","3,649.78491","0.02322","0.00517","95.47662"
"160.70000","5.35677","3,650.62793","0.02322","0.00514","95.49868"
"160.80000","5.35991","3,651.82690","0.02318","0.00521","95.53004"
"160.90000","5.36342","3,652.84277","0.02319","0.00515","95.55662"
"160.91600","5.36402","3,369.42627","0.02320","0.00515","88.14258"
"160.92000","5.36417","3,042.45923","0.02320","0.00515","79.58927"
"160.92400","5.36439","2,657.28979","0.02320","0.00515","69.51343"
"160.92800","5.36454","2,251.79639","0.02320","0.00515","58.90591"
"160.93000","5.36461","2,050.48926","0.02320","0.00515","53.63982"
