Modulus (Segment 0.001 mm/mm - 0.008 mm/mm) : Modulus (Segment 0.001 mm/mm - 0.008 mm/mm),"5,882.14157",MPa
Poisson's ratio (Least squares fit) : Poisson's ratio (Least squares fit),"0.24642"
Specimen properties : Gauge length,"15.07000",mm
Specimen properties : Gauge length transverse,"5.09700",mm
Specimen properties : Thickness,"2.63000",mm
Specimen properties : Width,"15.10000",mm

Time,Extension,Load,Video axial strain,Video transverse strain,Calculated Stress
(s),(mm),(N),(mm/mm),(mm/mm),(MPa)
"0.00000","-0.00007","73.77894","0.00001","0.00004","1.85780"
"0.10000","0.00120","74.54926","0.00001","0.00003","1.87720"
"0.20000","0.00561","80.70993","0.00000","0.00000","2.03233"
"0.30000","0.00987","88.96722","-0.00001","0.00015","2.24025"
"0.40000","0.01323","94.06531","0.00001","0.00008","2.36863"
"0.50000","0.01659","99.09701","0.00000","0.00007","2.49533"
"0.60000","0.02003","104.03113","0.00000","0.00015","2.61957"
"0.70000","0.02339","110.45218","-0.00001","-0.00006","2.78126"
"0.80000","0.02661","115.31359","0.00001","-0.00021","2.90367"
"0.90000","0.03004","121.06023","0.00002","-0.00018","3.04838"
"1.00000","0.03348","127.90897","0.00001","-0.00018","3.22083"
"1.10000","0.03647","132.88138","0.00001","-0.00019","3.34604"
"1.20000","0.04006","137.49196","0.00003","-0.00012","3.46214"
"1.30000","0.04342","143.55710","0.00005","-0.00016","3.61486"
"1.40000","0.04656","148.84885","0.00004","-0.00008","3.74811"
"1.50000","0.05007","154.69817","0.00003","0.00002","3.89540"
"1.60000","0.05336","160.46651","0.00007","0.00013","4.04065"
"1.70000","0.05665","165.12021","0.00008","0.00015","4.15784"
"1.80000","0.05994","171.27188","0.00007","0.00036","4.31274"
"1.90000","0.06330","176.02409","0.00007","0.00032","4.43240"
"2.00000","0.06667","181.56374","0.00008","0.00014","4.57190"
"2.10000","0.06995","186.67245","0.00010","0.00038","4.70054"
"2.20000","0.07339","192.27049","0.00011","0.00056","4.84150"
"2.30000","0.07675","198.00749","0.00013","0.00054","4.98596"
"2.40000","0.07989","202.69740","0.00012","0.00069","5.10406"
"2.50000","0.08333","208.23471","0.00015","0.00061","5.24349"
"2.60000","0.08669","213.24973","0.00016","0.00068","5.36977"
"2.70000","0.08983","218.51605","0.00016","0.00070","5.50238"
"2.80000","0.09342","225.00688","0.00016","0.00044","5.66582"
"2.90000","0.09671","229.80234","0.00020","0.00033","5.78658"
"3.00000","0.10000","234.16017","0.00020","0.00046","5.89631"
"3.10000","0.10336","239.72052","0.00024","0.00029","6.03632"
"3.20000","0.10665","245.64166","0.00024","0.00024","6.18542"
"3.30000","0.10994","250.17038","0.00026","0.00028","6.29946"
"3.40000","0.11323","255.34996","0.00026","0.00036","6.42988"
"3.50000","0.11666","261.00214","0.00029","0.00039","6.57221"
"3.60000","0.12003","266.38480","0.00031","0.00045","6.70775"
"3.70000","0.12324","271.00757","0.00031","0.00032","6.82415"
"3.80000","0.12675","276.19641","0.00034","0.00028","6.95481"
"3.90000","0.13004","282.47415","0.00035","0.00028","7.11289"
"4.00000","0.13318","286.42831","0.00034","0.00007","7.21246"
"4.10000","0.13669","291.77774","0.00036","-0.00003","7.34716"
"4.20000","0.14006","296.92349","0.00039","0.00003","7.47673"
"4.30000","0.14335","301.79651","0.00039","-0.00003","7.59944"
"4.40000","0.14678","307.14917","0.00040","-0.00006","7.73422"
"4.50000","0.15007","312.59729","0.00043","-0.00003","7.87141"
"4.60000","0.15329","317.50577","0.00041","0.00008","7.99501"
"4.70000","0.15657","321.50262","0.00044","0.00017","8.09565"
"4.80000","0.15994","326.50821","0.00045","0.00016","8.22170"
"4.90000","0.16330","332.54190","0.00045","0.00030","8.37363"
"5.00000","0.16659","336.91833","0.00049","0.00038","8.48383"
"5.10000","0.17003","342.92316","0.00048","0.00039","8.63504"
"5.20000","0.17339","348.25613","0.00051","0.00046","8.76932"
"5.30000","0.17660","352.54535","0.00051","0.00072","8.87733"
"5.40000","0.17997","357.53094","0.00054","0.00079","9.00287"
"5.50000","0.18333","362.62442","0.00055","0.00089","9.13113"
"5.60000","0.18654","367.60651","0.00056","0.00075","9.25658"
"5.70000","0.18998","372.91342","0.00057","0.00078","9.39021"
"5.80000","0.19342","377.67999","0.00058","0.00073","9.51024"
"5.90000","0.19663","383.28177","0.00061","0.00074","9.65129"
"6.00000","0.20000","387.02191","0.00062","0.00073","9.74547"
"6.10000","0.20336","392.64215","0.00065","0.00074","9.88699"
"6.20000","0.20665","397.89270","0.00066","0.00074","10.01921"
"6.30000","0.20994","403.44540","0.00069","0.00079","10.15903"
"6.40000","0.21337","407.90262","0.00071","0.00067","10.27126"
"6.50000","0.21674","413.02051","0.00072","0.00034","10.40013"
"6.60000","0.22003","417.75220","0.00072","0.00035","10.51928"
"6.70000","0.22339","423.31735","0.00074","0.00044","10.65942"
"6.80000","0.22675","428.05209","0.00078","0.00029","10.77864"
"6.90000","0.22989","432.72348","0.00076","0.00039","10.89627"
"7.00000","0.23325","437.53720","0.00078","0.00040","11.01748"
"7.10000","0.23677","442.49020","0.00083","0.00028","11.14220"
"7.20000","0.23998","446.59027","0.00081","0.00005","11.24544"
"7.30000","0.24334","452.14923","0.00084","0.00000","11.38542"
"7.40000","0.24678","456.24963","0.00084","0.00000","11.48867"
"7.50000","0.24992","460.95639","0.00085","0.00012","11.60719"
"7.60000","0.25321","465.97137","0.00086","0.00005","11.73347"
"7.70000","0.25665","470.73428","0.00087","0.00004","11.85340"
"7.80000","0.26001","475.36063","0.00089","0.00013","11.96990"
"7.90000","0.26322","479.34399","0.00089","0.00021","12.07020"
"8.00000","0.26674","485.11768","0.00091","0.00031","12.21559"
"8.10000","0.27010","490.20642","0.00091","0.00039","12.34373"
"8.20000","0.27324","493.46774","0.00095","0.00038","12.42585"
"8.30000","0.27660","498.42767","0.00095","0.00042","12.55074"
"8.40000","0.28004","503.38501","0.00096","0.00043","12.67557"
"8.50000","0.28325","507.86630","0.00096","0.00065","12.78841"
"8.60000","0.28669","513.03754","0.00099","0.00082","12.91863"
"8.70000","0.29013","517.97705","0.00100","0.00091","13.04301"
"8.80000","0.29327","521.83856","0.00101","0.00114","13.14025"
"8.90000","0.29663","526.95062","0.00103","0.00120","13.26897"
"9.00000","0.29999","531.90479","0.00105","0.00125","13.39372"
"9.10000","0.30336","536.45654","0.00106","0.00120","13.50834"
"9.20000","0.30657","540.89349","0.00110","0.00097","13.62006"
"9.30000","0.31001","545.30853","0.00109","0.00086","13.73123"
"9.40000","0.31345","551.12701","0.00112","0.00078","13.87775"
"9.50000","0.31659","554.82892","0.00117","0.00081","13.97096"
"9.60000","0.31995","559.70117","0.00117","0.00050","14.09365"
"9.70000","0.32339","564.28302","0.00118","0.00049","14.20903"
"9.80000","0.32645","568.65735","0.00119","0.00051","14.31917"
"9.90000","0.32996","573.24213","0.00119","0.00043","14.43462"
"10.00000","0.33340","578.47668","0.00123","0.00044","14.56643"
"10.10000","0.33661","581.56812","0.00125","0.00053","14.64428"
"10.20000","0.34005","586.74457","0.00127","0.00056","14.77462"
"10.30000","0.34334","591.78973","0.00127","0.00045","14.90166"
"10.40000","0.34663","595.22382","0.00130","0.00039","14.98814"
"10.50000","0.34992","600.61847","0.00131","0.00013","15.12398"
"10.60000","0.35328","605.41492","0.00132","0.00016","15.24475"
"10.70000","0.35672","609.56665","0.00134","0.00021","15.34930"
"10.80000","0.35993","613.94379","0.00135","0.00015","15.45952"
"10.90000","0.36337","618.49768","0.00136","0.00022","15.57419"
"11.00000","0.36681","621.91559","0.00136","0.00030","15.66025"
"11.10000","0.36987","627.06189","0.00137","0.00020","15.78984"
"11.20000","0.37331","630.92902","0.00138","0.00027","15.88722"
"11.30000","0.37667","636.27356","0.00140","0.00039","16.02180"
"11.40000","0.37981","640.57501","0.00140","0.00056","16.13011"
"11.50000","0.38340","645.04950","0.00142","0.00063","16.24278"
"11.60000","0.38676","648.95160","0.00144","0.00063","16.34104"
"11.70000","0.38998","653.37561","0.00145","0.00066","16.45244"
"11.80000","0.39327","657.55066","0.00148","0.00086","16.55757"
"11.90000","0.39655","661.08948","0.00149","0.00090","16.64668"
"12.00000","0.39999","666.28339","0.00149","0.00093","16.77746"
"12.10000","0.40313","670.54590","0.00151","0.00141","16.88480"
"12.20000","0.40672","674.40979","0.00154","0.00108","16.98209"
"12.30000","0.41016","679.66455","0.00155","0.00127","17.11441"
"12.40000","0.41322","682.89783","0.00158","0.00106","17.19583"
"12.50000","0.41673","687.12823","0.00158","0.00096","17.30235"
"12.60000","0.42002","691.30829","0.00160","0.00106","17.40761"
"12.70000","0.42324","695.46814","0.00162","0.00091","17.51235"
"12.80000","0.42667","699.83868","0.00164","0.00059","17.62241"
"12.90000","0.43004","704.59564","0.00164","0.00058","17.74219"
"13.00000","0.43332","708.77606","0.00168","0.00054","17.84746"
"13.10000","0.43676","712.15259","0.00171","0.00059","17.93248"
"13.20000","0.43998","716.02838","0.00169","0.00066","18.03008"
"13.30000","0.44334","720.76489","0.00176","0.00066","18.14934"
"13.40000","0.44655","725.16382","0.00177","0.00071","18.26011"
"13.50000","0.45007","729.66522","0.00172","0.00065","18.37346"
"13.60000","0.45343","733.84808","0.00179","0.00043","18.47879"
"13.70000","0.45657","737.61487","0.00181","0.00034","18.57364"
"13.80000","0.46008","742.00873","0.00181","0.00034","18.68428"
"13.90000","0.46337","746.31500","0.00181","0.00030","18.79271"
"14.00000","0.46651","750.32849","0.00182","0.00032","18.89378"
"14.10000","0.46995","754.00348","0.00180","0.00039","18.98631"
"14.20000","0.47331","759.04358","0.00185","0.00036","19.11323"
"14.30000","0.47660","762.46442","0.00183","0.00038","19.19937"
"14.40000","0.48004","766.63580","0.00185","0.00039","19.30440"
"14.50000","0.48340","771.31085","0.00187","0.00050","19.42212"
"14.60000","0.48669","774.94250","0.00187","0.00059","19.51357"
"14.70000","0.48990","779.32452","0.00190","0.00065","19.62391"
"14.80000","0.49334","783.39679","0.00189","0.00073","19.72646"
"14.90000","0.49670","788.08936","0.00194","0.00076","19.84462"
"15.00000","0.49984","790.85492","0.00196","0.00084","19.91426"
"15.10000","0.50343","795.83337","0.00195","0.00091","20.03962"
"15.20000","0.50679","799.54993","0.00196","0.00115","20.13320"
"15.30000","0.50993","803.50116","0.00201","0.00109","20.23270"
"15.40000","0.51337","807.45190","0.00201","0.00126","20.33218"
"15.50000","0.51666","811.30212","0.00200","0.00117","20.42913"
"15.60000","0.51987","815.43829","0.00206","0.00111","20.53328"
"15.70000","0.52331","819.41785","0.00206","0.00118","20.63349"
"15.80000","0.52675","824.03925","0.00205","0.00115","20.74986"
"15.90000","0.53003","828.14575","0.00207","0.00113","20.85327"
"16.00000","0.53332","831.89728","0.00209","0.00068","20.94773"
"16.10000","0.53669","835.22705","0.00213","0.00065","21.03158"
"16.20000","0.53997","839.63837","0.00210","0.00074","21.14266"
"16.30000","0.54319","842.96735","0.00213","0.00071","21.22648"
"16.40000","0.54670","848.11945","0.00213","0.00078","21.35622"
"16.50000","0.55006","851.68903","0.00217","0.00075","21.44610"
"16.60000","0.55328","855.40375","0.00220","0.00087","21.53964"
"16.70000","0.55672","859.77728","0.00219","0.00064","21.64977"
"16.80000","0.56008","863.96399","0.00222","0.00064","21.75519"
"16.90000","0.56322","867.57715","0.00224","0.00042","21.84617"
"17.00000","0.56658","871.59369","0.00221","0.00046","21.94731"
"17.10000","0.57009","875.28790","0.00227","0.00047","22.04034"
"17.20000","0.57331","879.09332","0.00221","0.00048","22.13616"
"17.30000","0.57667","882.81610","0.00230","0.00051","22.22990"
"17.40000","0.58018","887.19318","0.00229","0.00049","22.34012"
"17.50000","0.58332","891.01923","0.00223","0.00049","22.43646"
"17.60000","0.58654","894.59949","0.00230","0.00056","22.52662"
"17.70000","0.58997","898.15546","0.00225","0.00066","22.61616"
"17.80000","0.59334","903.08020","0.00232","0.00077","22.74017"
"17.90000","0.59662","905.74725","0.00234","0.00090","22.80732"
"18.00000","0.59999","910.69714","0.00235","0.00083","22.93196"
"18.10000","0.60350","914.71423","0.00236","0.00085","23.03312"
"18.20000","0.60656","918.07263","0.00238","0.00088","23.11769"
"18.30000","0.60993","921.62537","0.00239","0.00081","23.20715"
"18.40000","0.61337","925.11292","0.00242","0.00103","23.29496"
"18.50000","0.61658","928.92554","0.00242","0.00123","23.39097"
"18.60000","0.61994","932.61542","0.00248","0.00132","23.48388"
"18.70000","0.62346","937.03064","0.00248","0.00138","23.59506"
"18.80000","0.62667","940.31866","0.00247","0.00134","23.67785"
"18.90000","0.63003","944.66321","0.00251","0.00126","23.78725"
"19.00000","0.63332","947.90729","0.00252","0.00124","23.86894"
"19.10000","0.63661","951.80060","0.00255","0.00105","23.96698"
"19.20000","0.63990","956.08514","0.00255","0.00091","24.07487"
"19.30000","0.64334","959.92041","0.00257","0.00081","24.17144"
"19.40000","0.64677","964.79608","0.00259","0.00088","24.29421"
"19.50000","0.64991","967.20142","0.00264","0.00087","24.35478"
"19.60000","0.65335","971.69250","0.00260","0.00090","24.46787"
"19.70000","0.65679","975.93048","0.00263","0.00092","24.57458"
"19.80000","0.65985","978.56195","0.00266","0.00092","24.64085"
"19.90000","0.66336","982.75903","0.00267","0.00087","24.74653"
"20.00000","0.66673","985.86334","0.00268","0.00086","24.82470"
"20.10000","0.66994","990.53290","0.00268","0.00060","24.94228"
"20.20000","0.67338","993.51685","0.00269","0.00056","25.01742"
"20.30000","0.67674","997.89288","0.00272","0.00062","25.12761"
"20.40000","0.67996","1,001.31183","0.00275","0.00062","25.21370"
"20.50000","0.68324","1,005.22821","0.00276","0.00065","25.31232"
"20.60000","0.68661","1,008.29181","0.00278","0.00055","25.38947"
"20.70000","0.69005","1,012.24530","0.00281","0.00059","25.48902"
"20.80000","0.69318","1,015.57288","0.00278","0.00073","25.57281"
"20.90000","0.69670","1,018.64392","0.00281","0.00078","25.65014"
"21.00000","0.70014","1,023.40637","0.00284","0.00082","25.77006"
"21.10000","0.70320","1,027.08875","0.00284","0.00095","25.86278"
"21.20000","0.70671","1,030.35498","0.00287","0.00095","25.94503"
"21.30000","0.71000","1,034.85217","0.00288","0.00103","26.05827"
"21.40000","0.71321","1,038.33118","0.00288","0.00109","26.14588"
"21.50000","0.71673","1,042.36047","0.00291","0.00115","26.24734"
"21.60000","0.72002","1,045.98853","0.00292","0.00129","26.33869"
"21.70000","0.72338","1,049.29224","0.00293","0.00142","26.42188"
"21.80000","0.72667","1,053.27930","0.00296","0.00136","26.52228"
"21.90000","0.72996","1,056.94299","0.00297","0.00142","26.61453"
"22.00000","0.73332","1,060.22546","0.00300","0.00135","26.69719"
"22.10000","0.73653","1,063.77185","0.00300","0.00136","26.78649"
"22.20000","0.73997","1,067.21729","0.00301","0.00134","26.87325"
"22.30000","0.74348","1,071.59583","0.00305","0.00096","26.98350"
"22.40000","0.74655","1,074.30054","0.00306","0.00101","27.05161"
"22.50000","0.75006","1,078.03760","0.00307","0.00096","27.14571"
"22.60000","0.75342","1,082.20776","0.00310","0.00101","27.25072"
"22.70000","0.75649","1,084.99048","0.00311","0.00113","27.32079"
"22.80000","0.76000","1,088.87817","0.00316","0.00103","27.41868"
"22.90000","0.76329","1,092.38416","0.00314","0.00112","27.50697"
"23.00000","0.76665","1,096.14099","0.00317","0.00116","27.60157"
"23.10000","0.77001","1,099.39954","0.00319","0.00112","27.68362"
"23.20000","0.77338","1,103.46338","0.00320","0.00114","27.78595"
"23.30000","0.77674","1,106.87122","0.00322","0.00096","27.87176"
"23.40000","0.77988","1,110.10559","0.00322","0.00083","27.95320"
"23.50000","0.78332","1,113.19006","0.00324","0.00068","28.03087"
"23.60000","0.78676","1,117.27563","0.00327","0.00070","28.13375"
"23.70000","0.78989","1,121.32178","0.00328","0.00074","28.23564"
"23.80000","0.79341","1,124.19043","0.00330","0.00070","28.30787"
"23.90000","0.79677","1,127.29480","0.00331","0.00083","28.38604"
"24.00000","0.79991","1,131.01428","0.00331","0.00079","28.47970"
"24.10000","0.80335","1,134.54944","0.00333","0.00089","28.56872"
"24.20000","0.80664","1,137.86829","0.00338","0.00093","28.65229"
"24.30000","0.81000","1,142.54834","0.00336","0.00103","28.77013"
"24.40000","0.81329","1,145.59949","0.00338","0.00093","28.84696"
"24.50000","0.81665","1,149.03748","0.00338","0.00110","28.93353"
"24.60000","0.82009","1,152.91248","0.00341","0.00121","29.03111"
"24.70000","0.82323","1,155.71191","0.00342","0.00124","29.10160"
"24.80000","0.82666","1,159.48584","0.00343","0.00129","29.19663"
"24.90000","0.82995","1,163.34534","0.00346","0.00130","29.29382"
"25.00000","0.83317","1,165.78552","0.00347","0.00157","29.35526"
"25.10000","0.83668","1,170.25586","0.00350","0.00158","29.46783"
"25.20000","0.84012","1,173.79041","0.00348","0.00158","29.55683"
"25.30000","0.84326","1,176.99243","0.00354","0.00158","29.63746"
"25.40000","0.84669","1,180.10364","0.00353","0.00148","29.71580"
"25.50000","0.84998","1,184.19214","0.00354","0.00124","29.81875"
"25.60000","0.85320","1,187.91455","0.00356","0.00106","29.91249"
"25.70000","0.85663","1,190.94543","0.00357","0.00119","29.98881"
"25.80000","0.86007","1,195.16650","0.00359","0.00120","30.09509"
"25.90000","0.86344","1,198.18787","0.00362","0.00117","30.17118"
"26.00000","0.86665","1,201.32031","0.00363","0.00120","30.25005"
"26.10000","0.87009","1,204.66736","0.00363","0.00115","30.33433"
"26.20000","0.87330","1,208.25647","0.00365","0.00126","30.42471"
"26.30000","0.87651","1,211.82971","0.00367","0.00125","30.51469"
"26.40000","0.88003","1,215.85522","0.00368","0.00128","30.61605"
"26.50000","0.88339","1,219.20544","0.00371","0.00119","30.70041"
"26.60000","0.88660","1,222.69800","0.00372","0.00104","30.78836"
"26.70000","0.89004","1,225.81348","0.00375","0.00089","30.86681"
"26.80000","0.89348","1,229.39880","0.00376","0.00084","30.95709"
"26.90000","0.89662","1,232.77380","0.00378","0.00095","31.04207"
"27.00000","0.89991","1,235.86035","0.00380","0.00086","31.11979"
"27.10000","0.90334","1,239.21851","0.00381","0.00088","31.20435"
"27.20000","0.90656","1,243.28992","0.00380","0.00095","31.30688"
"27.30000","0.91000","1,245.94263","0.00385","0.00111","31.37367"
"27.40000","0.91343","1,249.24524","0.00386","0.00124","31.45683"
"27.50000","0.91665","1,253.59644","0.00388","0.00124","31.56640"
"27.60000","0.91986","1,255.46741","0.00388","0.00131","31.61351"
"27.70000","0.92330","1,259.73230","0.00390","0.00134","31.72091"
"27.80000","0.92666","1,262.95923","0.00391","0.00155","31.80216"
"27.90000","0.92988","1,266.00671","0.00393","0.00157","31.87890"
"28.00000","0.93331","1,269.65515","0.00392","0.00160","31.97077"
"28.10000","0.93683","1,273.24756","0.00398","0.00154","32.06123"
"28.20000","0.93997","1,276.70789","0.00398","0.00167","32.14836"
"28.30000","0.94333","1,279.54688","0.00399","0.00162","32.21985"
"28.40000","0.94677","1,282.84753","0.00400","0.00160","32.30296"
"28.50000","0.94991","1,285.28638","0.00401","0.00157","32.36437"
"28.60000","0.95327","1,288.68372","0.00404","0.00117","32.44992"
"28.70000","0.95678","1,291.92566","0.00407","0.00133","32.53156"
"28.80000","0.95992","1,295.87354","0.00407","0.00127","32.63097"
"28.90000","0.96336","1,298.14868","0.00407","0.00127","32.68826"
"29.00000","0.96672","1,302.32471","0.00409","0.00126","32.79341"
"29.10000","0.97001","1,305.55542","0.00408","0.00132","32.87476"
"29.20000","0.97322","1,308.23828","0.00411","0.00137","32.94232"
"29.30000","0.97659","1,312.34412","0.00413","0.00139","33.04571"
"29.40000","0.98010","1,315.45422","0.00413","0.00135","33.12402"
"29.50000","0.98331","1,318.77197","0.00416","0.00137","33.20757"
"29.60000","0.98668","1,321.87329","0.00417","0.00133","33.28566"
"29.70000","0.99011","1,324.46790","0.00420","0.00117","33.35099"
"29.80000","0.99318","1,328.34729","0.00420","0.00116","33.44868"
"29.90000","0.99662","1,330.89697","0.00424","0.00121","33.51288"
"30.00000","0.99998","1,334.48010","0.00426","0.00097","33.60310"
"30.10000","1.00327","1,336.94531","0.00428","0.00089","33.66518"
"30.20000","1.00671","1,340.41406","0.00427","0.00098","33.75253"
"30.30000","1.01007","1,343.57898","0.00428","0.00090","33.83222"
"30.40000","1.01336","1,347.30103","0.00431","0.00105","33.92595"
"30.50000","1.01657","1,350.08716","0.00433","0.00122","33.99610"
"30.60000","1.01993","1,352.99780","0.00435","0.00135","34.06939"
"30.70000","1.02337","1,356.77502","0.00437","0.00144","34.16451"
"30.80000","1.02651","1,359.41370","0.00437","0.00148","34.23095"
"30.90000","1.03002","1,363.34619","0.00438","0.00149","34.32997"
"31.00000","1.03354","1,365.83325","0.00441","0.00147","34.39260"
"31.10000","1.03660","1,368.41736","0.00444","0.00167","34.45767"
"31.20000","1.03996","1,372.24988","0.00443","0.00166","34.55417"
"31.30000","1.04333","1,375.21973","0.00443","0.00185","34.62896"
"31.40000","1.04654","1,378.58337","0.00447","0.00179","34.71365"
"31.50000","1.05005","1,381.32861","0.00447","0.00175","34.78278"
"31.60000","1.05334","1,384.42529","0.00449","0.00172","34.86076"
"31.70000","1.05670","1,387.47827","0.00449","0.00171","34.93763"
"31.80000","1.05999","1,391.19336","0.00449","0.00168","35.03118"
"31.90000","1.06328","1,394.08008","0.00451","0.00175","35.10387"
"32.00000","1.06672","1,397.99866","0.00453","0.00138","35.20255"
"32.10000","1.06986","1,399.99792","0.00453","0.00136","35.25289"
"32.20000","1.07330","1,403.32837","0.00454","0.00148","35.33675"
"32.30000","1.07681","1,406.70837","0.00458","0.00144","35.42186"
"32.40000","1.07995","1,409.68677","0.00458","0.00130","35.49686"
"32.50000","1.08346","1,412.68054","0.00459","0.00143","35.57224"
"32.60000","1.08675","1,415.59851","0.00461","0.00142","35.64572"
"32.70000","1.08989","1,419.42590","0.00463","0.00135","35.74210"
"32.80000","1.09333","1,422.52307","0.00466","0.00130","35.82009"
"32.90000","1.09661","1,425.81677","0.00466","0.00120","35.90302"
"33.00000","1.09998","1,428.22900","0.00469","0.00116","35.96376"
"33.10000","1.10334","1,431.41382","0.00469","0.00121","36.04396"
"33.20000","1.10670","1,434.42188","0.00473","0.00107","36.11971"
"33.30000","1.11007","1,438.27173","0.00474","0.00088","36.21665"
"33.40000","1.11313","1,441.00366","0.00475","0.00103","36.28544"
"33.50000","1.11664","1,443.76294","0.00477","0.00107","36.35492"
"33.60000","1.12001","1,448.05811","0.00479","0.00122","36.46307"
"33.70000","1.12315","1,450.88647","0.00482","0.00126","36.53429"
"33.80000","1.12673","1,453.48499","0.00485","0.00153","36.59973"
"33.90000","1.13010","1,457.01318","0.00483","0.00164","36.68857"
"34.00000","1.13331","1,459.88171","0.00486","0.00173","36.76080"
"34.10000","1.13667","1,462.82971","0.00488","0.00170","36.83503"
"34.20000","1.13996","1,465.98206","0.00489","0.00160","36.91441"
"34.30000","1.14325","1,468.40234","0.00491","0.00148","36.97536"
"34.40000","1.14661","1,471.18481","0.00491","0.00182","37.04542"
"34.50000","1.15005","1,475.64648","0.00494","0.00181","37.15777"
"34.60000","1.15341","1,478.19153","0.00496","0.00181","37.22186"
"34.70000","1.15663","1,480.62842","0.00495","0.00176","37.28322"
"34.80000","1.16007","1,484.02551","0.00497","0.00184","37.36876"
"34.90000","1.16335","1,487.05505","0.00499","0.00168","37.44505"
"35.00000","1.16649","1,490.25439","0.00501","0.00171","37.52560"
"35.10000","1.17008","1,493.41760","0.00501","0.00178","37.60526"
"35.20000","1.17344","1,496.12048","0.00502","0.00177","37.67332"
"35.30000","1.17666","1,498.95190","0.00502","0.00164","37.74461"
"35.40000","1.18002","1,501.71130","0.00505","0.00158","37.81410"
"35.50000","1.18338","1,504.76392","0.00505","0.00151","37.89096"
"35.60000","1.18660","1,507.51147","0.00507","0.00144","37.96015"
"35.70000","1.18996","1,510.19006","0.00508","0.00148","38.02760"
"35.80000","1.19332","1,514.26160","0.00508","0.00146","38.13012"
"35.90000","1.19669","1,517.08521","0.00511","0.00141","38.20123"
"36.00000","1.19998","1,519.24475","0.00513","0.00144","38.25560"
"36.10000","1.20341","1,522.18018","0.00516","0.00134","38.32952"
"36.20000","1.20670","1,525.01941","0.00516","0.00133","38.40101"
"36.30000","1.20984","1,528.07239","0.00520","0.00128","38.47789"
"36.40000","1.21335","1,531.49780","0.00521","0.00116","38.56414"
"36.50000","1.21672","1,533.93640","0.00521","0.00107","38.62555"
"36.60000","1.21986","1,536.92578","0.00524","0.00121","38.70082"
"36.70000","1.22337","1,540.01672","0.00525","0.00123","38.77866"
"36.80000","1.22681","1,542.42664","0.00526","0.00139","38.83934"
"36.90000","1.22994","1,545.29248","0.00530","0.00144","38.91150"
"37.00000","1.23331","1,547.84363","0.00531","0.00167","38.97574"
"37.10000","1.23675","1,551.29065","0.00532","0.00168","39.06254"
"37.20000","1.23988","1,554.75122","0.00534","0.00181","39.14968"
"37.30000","1.24332","1,556.63306","0.00536","0.00181","39.19707"
"37.40000","1.24676","1,559.32349","0.00537","0.00199","39.26481"
"37.50000","1.25005","1,563.23206","0.00538","0.00189","39.36323"
"37.60000","1.25326","1,564.82568","0.00540","0.00189","39.40336"
"37.70000","1.25663","1,568.52271","0.00542","0.00197","39.49646"
"37.80000","1.25999","1,571.56116","0.00542","0.00190","39.57296"
"37.90000","1.26320","1,573.74634","0.00543","0.00189","39.62799"
"38.00000","1.26664","1,577.07373","0.00543","0.00180","39.71178"
"38.10000","1.27008","1,580.48291","0.00546","0.00172","39.79762"
"38.20000","1.27329","1,583.46130","0.00547","0.00181","39.87262"
"38.30000","1.27666","1,585.42212","0.00550","0.00184","39.92199"
"38.40000","1.28002","1,588.91174","0.00550","0.00183","40.00986"
"38.50000","1.28323","1,591.01294","0.00551","0.00193","40.06277"
"38.60000","1.28660","1,593.74866","0.00552","0.00168","40.13166"
"38.70000","1.29003","1,597.40356","0.00552","0.00162","40.22369"
"38.80000","1.29332","1,599.49365","0.00556","0.00152","40.27633"
"38.90000","1.29669","1,602.81323","0.00556","0.00155","40.35991"
"39.00000","1.30005","1,605.96765","0.00556","0.00151","40.43934"
"39.10000","1.30334","1,608.83997","0.00559","0.00158","40.51167"
"39.20000","1.30655","1,610.57678","0.00560","0.00151","40.55540"
"39.30000","1.30999","1,614.14124","0.00562","0.00154","40.64516"
"39.40000","1.31343","1,616.71680","0.00564","0.00125","40.71001"
"39.50000","1.31664","1,619.50732","0.00566","0.00132","40.78028"
"39.60000","1.32000","1,621.85583","0.00569","0.00115","40.83942"
"39.70000","1.32344","1,624.94031","0.00570","0.00127","40.91709"
"39.80000","1.32658","1,627.83130","0.00573","0.00131","40.98988"
"39.90000","1.32994","1,629.80652","0.00574","0.00128","41.03962"
"40.00000","1.33331","1,633.52075","0.00577","0.00142","41.13315"
"40.10000","1.33659","1,636.33008","0.00579","0.00154","41.20389"
"40.20000","1.34003","1,638.61011","0.00579","0.00171","41.26130"
"40.30000","1.34332","1,641.59216","0.00581","0.00185","41.33639"
"40.40000","1.34668","1,644.35083","0.00584","0.00186","41.40586"
"40.50000","1.34997","1,647.26270","0.00586","0.00197","41.47918"
"40.60000","1.35326","1,649.89368","0.00587","0.00203","41.54543"
"40.70000","1.35670","1,652.93555","0.00584","0.00197","41.62203"
"40.80000","1.35984","1,655.69470","0.00587","0.00222","41.69151"
"40.90000","1.36335","1,658.52173","0.00590","0.00209","41.76269"
"41.00000","1.36679","1,661.07849","0.00591","0.00187","41.82707"
"41.10000","1.36993","1,663.69470","0.00592","0.00197","41.89295"
"41.20000","1.37337","1,666.69568","0.00593","0.00191","41.96852"
"41.30000","1.37673","1,669.77808","0.00595","0.00191","42.04613"
"41.40000","1.37994","1,672.28674","0.00595","0.00205","42.10930"
"41.50000","1.38331","1,674.69531","0.00597","0.00190","42.16995"
"41.60000","1.38667","1,677.73901","0.00599","0.00194","42.24659"
"41.70000","1.39003","1,680.13708","0.00600","0.00185","42.30698"
"41.80000","1.39332","1,683.02490","0.00601","0.00165","42.37970"
"41.90000","1.39668","1,685.15820","0.00603","0.00163","42.43341"
"42.00000","1.40012","1,688.04187","0.00603","0.00162","42.50603"
"42.10000","1.40319","1,690.03137","0.00605","0.00171","42.55613"
"42.20000","1.40662","1,693.39307","0.00607","0.00173","42.64077"
"42.30000","1.41014","1,695.79614","0.00609","0.00172","42.70129"
"42.40000","1.41320","1,698.09741","0.00609","0.00173","42.75923"
"42.50000","1.41679","1,700.63916","0.00612","0.00169","42.82323"
"42.60000","1.42008","1,704.49463","0.00614","0.00135","42.92032"
"42.70000","1.42321","1,706.76953","0.00614","0.00134","42.97760"
"42.80000","1.42665","1,709.09302","0.00617","0.00129","43.03611"
"42.90000","1.42994","1,711.65076","0.00618","0.00140","43.10051"
"43.00000","1.43330","1,715.22424","0.00619","0.00133","43.19050"
"43.10000","1.43659","1,716.22412","0.00621","0.00140","43.21568"
"43.20000","1.44003","1,719.60986","0.00624","0.00166","43.30093"
"43.30000","1.44339","1,722.15332","0.00623","0.00177","43.36497"
"43.40000","1.44653","1,725.05969","0.00625","0.00179","43.43816"
"43.50000","1.45005","1,728.05725","0.00627","0.00190","43.51364"
"43.60000","1.45341","1,730.83301","0.00629","0.00196","43.58354"
"43.70000","1.45647","1,733.05603","0.00630","0.00204","43.63951"
"43.80000","1.46013","1,735.39709","0.00632","0.00199","43.69846"
"43.90000","1.46342","1,739.19446","0.00633","0.00214","43.79408"
"44.00000","1.46664","1,741.03284","0.00634","0.00212","43.84037"
"44.10000","1.47000","1,743.72363","0.00634","0.00211","43.90813"
"44.20000","1.47329","1,745.87183","0.00634","0.00215","43.96222"
"44.30000","1.47658","1,748.46387","0.00637","0.00206","44.02749"
"44.40000","1.47994","1,750.86780","0.00638","0.00208","44.08803"
"44.50000","1.48338","1,753.30151","0.00639","0.00202","44.14931"
"44.60000","1.48667","1,756.03772","0.00640","0.00207","44.21821"
"44.70000","1.48995","1,758.65259","0.00641","0.00200","44.28405"
"44.80000","1.49339","1,761.55359","0.00642","0.00184","44.35710"
"44.90000","1.49668","1,764.58093","0.00643","0.00164","44.43333"
"45.00000","1.49989","1,765.85596","0.00647","0.00172","44.46544"
"45.10000","1.50333","1,769.01111","0.00648","0.00170","44.54489"
"45.20000","1.50677","1,771.49902","0.00650","0.00173","44.60754"
"45.30000","1.50998","1,774.51575","0.00650","0.00186","44.68350"
"45.40000","1.51342","1,777.01062","0.00653","0.00172","44.74632"
"45.50000","1.51671","1,779.45386","0.00653","0.00181","44.80784"
"45.60000","1.51992","1,781.57190","0.00656","0.00166","44.86118"
"45.70000","1.52329","1,784.17712","0.00656","0.00158","44.92678"
"45.80000","1.52673","1,787.06030","0.00659","0.00138","44.99938"
"45.90000","1.53001","1,790.21191","0.00660","0.00133","45.07874"
"46.00000","1.53330","1,792.07739","0.00662","0.00141","45.12571"
"46.10000","1.53674","1,795.37146","0.00664","0.00145","45.20866"
"46.20000","1.54003","1,797.69714","0.00665","0.00152","45.26722"
"46.30000","1.54317","1,800.08057","0.00667","0.00152","45.32724"
"46.40000","1.54668","1,802.78809","0.00671","0.00167","45.39541"
"46.50000","1.55004","1,806.06250","0.00674","0.00177","45.47787"
"46.60000","1.55318","1,806.90308","0.00673","0.00196","45.49903"
"46.70000","1.55669","1,810.02283","0.00671","0.00202","45.57759"
"46.80000","1.56013","1,813.06116","0.00675","0.00209","45.65410"
"46.90000","1.56320","1,814.38232","0.00674","0.00187","45.68737"
"47.00000","1.56663","1,816.92505","0.00675","0.00172","45.75139"
"47.10000","1.57000","1,820.40466","0.00679","0.00217","45.83901"
"47.20000","1.57321","1,822.34570","0.00680","0.00225","45.88789"
"47.30000","1.57665","1,824.18579","0.00677","0.00216","45.93422"
"47.40000","1.58009","1,826.75549","0.00682","0.00211","45.99893"
"47.50000","1.58338","1,829.40845","0.00680","0.00208","46.06573"
"47.60000","1.58666","1,832.50305","0.00683","0.00222","46.14366"
"47.70000","1.59003","1,834.76672","0.00685","0.00216","46.20066"
"47.80000","1.59332","1,837.14758","0.00682","0.00220","46.26061"
"47.90000","1.59653","1,838.47095","0.00686","0.00200","46.29393"
"48.00000","1.59997","1,841.97949","0.00688","0.00199","46.38228"
"48.10000","1.60341","1,844.78906","0.00692","0.00179","46.45303"
"48.20000","1.60662","1,846.08069","0.00686","0.00194","46.48555"
"48.30000","1.60998","1,849.51514","0.00687","0.00185","46.57203"
"48.40000","1.61342","1,851.75830","0.00693","0.00187","46.62852"
"48.50000","1.61656","1,853.73499","0.00693","0.00184","46.67829"
"48.60000","1.62000","1,855.84131","0.00701","0.00183","46.73133"
"48.70000","1.62329","1,858.33777","0.00695","0.00170","46.79419"
"48.80000","1.62665","1,861.20081","0.00691","0.00170","46.86629"
"48.90000","1.63001","1,863.84949","0.00695","0.00149","46.93298"
"49.00000","1.63330","1,866.05811","0.00699","0.00153","46.98859"
"49.10000","1.63666","1,869.05066","0.00700","0.00152","47.06395"
"49.20000","1.63988","1,870.80872","0.00703","0.00153","47.10822"
"49.30000","1.64324","1,872.85168","0.00704","0.00159","47.15966"
"49.40000","1.64668","1,875.39490","0.00704","0.00165","47.22370"
"49.50000","1.64989","1,877.71399","0.00705","0.00174","47.28210"
"49.60000","1.65333","1,879.76843","0.00715","0.00180","47.33383"
"49.70000","1.65684","1,882.19641","0.00707","0.00195","47.39497"
"49.80000","1.65991","1,884.73242","0.00712","0.00172","47.45883"
"49.90000","1.66334","1,887.28101","0.00711","0.00185","47.52300"
"50.00000","1.66671","1,889.07312","0.00714","0.00190","47.56813"
"50.10000","1.66992","1,892.36365","0.00714","0.00209","47.65099"
"50.20000","1.67336","1,894.52637","0.00715","0.00212","47.70544"
"50.30000","1.67672","1,896.57690","0.00714","0.00219","47.75708"
"50.40000","1.68009","1,899.34021","0.00717","0.00226","47.82666"
"50.50000","1.68330","1,900.46387","0.00718","0.00224","47.85496"
"50.60000","1.68659","1,902.84082","0.00722","0.00228","47.91481"
"50.70000","1.69010","1,905.71228","0.00721","0.00227","47.98711"
"50.80000","1.69316","1,907.94226","0.00724","0.00231","48.04327"
"50.90000","1.69668","1,910.27673","0.00727","0.00232","48.10205"
"51.00000","1.70019","1,912.23938","0.00726","0.00221","48.15147"
"51.10000","1.70325","1,914.88037","0.00729","0.00215","48.21797"
"51.20000","1.70669","1,916.62195","0.00727","0.00195","48.26183"
"51.30000","1.71005","1,920.00879","0.00732","0.00197","48.34711"
"51.40000","1.71327","1,921.94153","0.00731","0.00192","48.39578"
"51.50000","1.71663","1,924.08899","0.00730","0.00200","48.44985"
"51.60000","1.71992","1,925.69165","0.00736","0.00194","48.49021"
"51.70000","1.72343","1,929.75049","0.00736","0.00194","48.59241"
"51.80000","1.72665","1,930.72852","0.00738","0.00183","48.61704"
"51.90000","1.73001","1,933.97546","0.00741","0.00179","48.69880"
"52.00000","1.73345","1,935.74414","0.00743","0.00176","48.74334"
"52.10000","1.73651","1,938.08679","0.00743","0.00165","48.80233"
"52.20000","1.74002","1,940.28137","0.00746","0.00157","48.85759"
"52.30000","1.74339","1,942.64087","0.00749","0.00156","48.91700"
"52.40000","1.74653","1,944.84460","0.00748","0.00162","48.97249"
"52.50000","1.75019","1,947.41785","0.00753","0.00171","49.03729"
"52.60000","1.75348","1,949.66992","0.00754","0.00166","49.09400"
"52.70000","1.75662","1,951.68103","0.00756","0.00194","49.14464"
"52.80000","1.75998","1,953.39209","0.00757","0.00176","49.18773"
"52.90000","1.76327","1,955.93738","0.00754","0.00163","49.25182"
"53.00000","1.76663","1,957.60461","0.00757","0.00198","49.29380"
"53.10000","1.76992","1,960.37817","0.00758","0.00192","49.36364"
"53.20000","1.77336","1,963.19763","0.00761","0.00206","49.43464"
"53.30000","1.77672","1,964.88367","0.00762","0.00231","49.47709"
"53.40000","1.77978","1,966.83069","0.00762","0.00242","49.52612"
"53.50000","1.78337","1,969.71387","0.00767","0.00240","49.59872"
"53.60000","1.78666","1,971.43738","0.00765","0.00234","49.64212"
"53.70000","1.78987","1,974.53259","0.00766","0.00245","49.72005"
"53.80000","1.79339","1,976.89771","0.00773","0.00244","49.77961"
"53.90000","1.79682","1,978.78772","0.00770","0.00246","49.82720"
"54.00000","1.79996","1,981.88818","0.00774","0.00244","49.90527"
"54.10000","1.80333","1,983.31604","0.00776","0.00237","49.94123"
"54.20000","1.80669","1,985.37146","0.00774","0.00223","49.99298"
"54.30000","1.80990","1,988.58459","0.00780","0.00201","50.07389"
"54.40000","1.81327","1,990.38428","0.00780","0.00206","50.11921"
"54.50000","1.81670","1,992.43860","0.00784","0.00215","50.17094"
"54.60000","1.82007","1,994.75098","0.00787","0.00212","50.22917"
"54.70000","1.82328","1,996.93604","0.00786","0.00207","50.28419"
"54.80000","1.82672","1,999.37061","0.00791","0.00210","50.34549"
"54.90000","1.83001","2,002.04248","0.00793","0.00203","50.41277"
"55.00000","1.83315","2,003.26184","0.00788","0.00200","50.44348"
"55.10000","1.83666","2,006.38940","0.00788","0.00194","50.52223"
"55.20000","1.84002","2,008.38928","0.00792","0.00172","50.57259"
"55.30000","1.84324","2,010.84424","0.00794","0.00169","50.63441"
"55.40000","1.84667","2,012.53149","0.00793","0.00172","50.67690"
"55.50000","1.85011","2,014.93433","0.00796","0.00182","50.73740"
"55.60000","1.85325","2,017.63245","0.00798","0.00182","50.80534"
"55.70000","1.85661","2,019.05115","0.00802","0.00183","50.84106"
"55.80000","1.85998","2,021.02441","0.00801","0.00180","50.89075"
"55.90000","1.86334","2,023.86133","0.00805","0.00181","50.96219"
"56.00000","1.86663","2,026.17175","0.00809","0.00193","51.02037"
"56.10000","1.87007","2,028.31458","0.00816","0.00199","51.07432"
"56.20000","1.87335","2,030.39514","0.00815","0.00232","51.12671"
"56.30000","1.87657","2,031.94019","0.00807","0.00217","51.16562"
"56.40000","1.88001","2,035.05847","0.00812","0.00248","51.24414"
"56.50000","1.88337","2,036.79297","0.00817","0.00258","51.28782"
"56.60000","1.88658","2,038.58728","0.00817","0.00261","51.33300"
"56.70000","1.89002","2,041.85083","0.00816","0.00258","51.41518"
"56.80000","1.89338","2,043.75195","0.00818","0.00253","51.46305"
"56.90000","1.89667","2,046.36084","0.00822","0.00256","51.52874"
"57.00000","1.89996","2,047.98853","0.00821","0.00256","51.56973"
"57.10000","1.90332","2,050.96313","0.00823","0.00259","51.64463"
"57.20000","1.90661","2,052.11426","0.00826","0.00258","51.67361"
"57.30000","1.90998","2,055.04565","0.00826","0.00234","51.74743"
"57.40000","1.91334","2,056.88257","0.00831","0.00220","51.79368"
"57.50000","1.91670","2,059.46899","0.00830","0.00219","51.85881"
"57.60000","1.91999","2,061.51343","0.00833","0.00223","51.91029"
"57.70000","1.92328","2,063.51538","0.00829","0.00223","51.96070"
"57.80000","1.92664","2,066.02783","0.00831","0.00221","52.02397"
"57.90000","1.92986","2,067.77148","0.00836","0.00216","52.06787"
"58.00000","1.93329","2,070.19556","0.00840","0.00213","52.12891"
"58.10000","1.93673","2,072.39160","0.00839","0.00209","52.18421"
"58.20000","1.93995","2,075.33228","0.00838","0.00218","52.25826"
"58.30000","1.94338","2,076.70190","0.00844","0.00191","52.29275"
"58.40000","1.94682","2,079.50903","0.00844","0.00189","52.36343"
"58.50000","1.94989","2,081.71753","0.00849","0.00176","52.41904"
"58.60000","1.95332","2,083.10645","0.00850","0.00179","52.45402"
"58.70000","1.95669","2,085.30957","0.00851","0.00188","52.50949"
"58.80000","1.95997","2,087.58545","0.00853","0.00165","52.56680"
"58.90000","1.96334","2,089.29077","0.00851","0.00179","52.60975"
"59.00000","1.96670","2,091.57617","0.00859","0.00184","52.66729"
"59.10000","1.97006","2,094.08862","0.00858","0.00204","52.73056"
"59.20000","1.97320","2,095.97095","0.00859","0.00224","52.77795"
"59.30000","1.97657","2,098.05957","0.00861","0.00234","52.83055"
"59.40000","1.98008","2,100.85010","0.00858","0.00250","52.90081"
"59.50000","1.98322","2,102.23096","0.00860","0.00253","52.93559"
"59.60000","1.98666","2,104.43970","0.00865","0.00262","52.99120"
"59.70000","1.99017","2,106.53906","0.00867","0.00263","53.04407"
"59.80000","1.99323","2,108.78735","0.00869","0.00271","53.10068"
"59.90000","1.99667","2,109.74390","0.00873","0.00266","53.12477"
"60.00000","2.00003","2,112.76392","0.00872","0.00265","53.20081"
"60.10000","2.00325","2,114.56177","0.00869","0.00273","53.24609"
"60.20000","2.00669","2,116.69507","0.00877","0.00272","53.29980"
"60.30000","2.00997","2,118.67041","0.00880","0.00261","53.34954"
"60.40000","2.01341","2,120.65527","0.00874","0.00262","53.39952"
"60.50000","2.01663","2,122.97021","0.00880","0.00232","53.45782"
"60.60000","2.01999","2,124.96753","0.00881","0.00234","53.50811"
"60.70000","2.02343","2,126.78345","0.00886","0.00243","53.55384"
"60.80000","2.02649","2,128.75000","0.00890","0.00244","53.60336"
"60.90000","2.03008","2,131.44238","0.00887","0.00239","53.67115"
"61.00000","2.03344","2,134.00854","0.00890","0.00246","53.73577"
"61.10000","2.03658","2,134.93530","0.00886","0.00233","53.75911"
"61.20000","2.04002","2,136.62134","0.00891","0.00227","53.80156"
"61.30000","2.04338","2,139.81152","0.00894","0.00226","53.88189"
"61.40000","2.04660","2,141.58667","0.00892","0.00226","53.92659"
"61.50000","2.04996","2,143.67871","0.00895","0.00215","53.97927"
"61.60000","2.05332","2,145.26392","0.00898","0.00205","54.01918"
"61.70000","2.05668","2,147.49194","0.00899","0.00187","54.07529"
"61.80000","2.05990","2,149.69604","0.00898","0.00181","54.13079"
"61.90000","2.06334","2,151.63428","0.00900","0.00181","54.17960"
"62.00000","2.06677","2,153.96216","0.00903","0.00196","54.23821"
"62.10000","2.06976","2,155.00854","0.00904","0.00206","54.26456"
"62.20000","2.07335","2,157.33789","0.00903","0.00231","54.32322"
"62.30000","2.07671","2,159.67139","0.00908","0.00248","54.38198"
"62.40000","2.07993","2,161.10547","0.00908","0.00237","54.41809"
"62.50000","2.08344","2,164.11743","0.00910","0.00261","54.49393"
"62.60000","2.08673","2,165.77490","0.00910","0.00279","54.53567"
"62.70000","2.08994","2,168.35596","0.00914","0.00290","54.60066"
"62.80000","2.09331","2,168.92651","0.00913","0.00288","54.61502"
"62.90000","2.09667","2,172.19385","0.00916","0.00287","54.69730"
"63.00000","2.09996","2,173.96509","0.00919","0.00281","54.74190"
"63.10000","2.10325","2,175.06445","0.00921","0.00286","54.76958"
"63.20000","2.10676","2,178.17578","0.00923","0.00295","54.84793"
"63.30000","2.11012","2,179.85864","0.00924","0.00287","54.89030"
"63.40000","2.11326","2,181.97656","0.00925","0.00289","54.94363"
"63.50000","2.11670","2,184.65991","0.00925","0.00258","55.01120"
"63.60000","2.12006","2,186.04126","0.00930","0.00251","55.04599"
"63.70000","2.12313","2,187.57251","0.00930","0.00252","55.08455"
"63.80000","2.12671","2,190.65576","0.00933","0.00256","55.16218"
"63.90000","2.13008","2,192.36035","0.00935","0.00260","55.20510"
"64.00000","2.13329","2,194.25879","0.00934","0.00254","55.25291"
"64.10000","2.13673","2,196.21436","0.00938","0.00257","55.30215"
"64.20000","2.14002","2,199.13330","0.00938","0.00253","55.37565"
"64.30000","2.14330","2,200.24951","0.00939","0.00252","55.40376"
"64.40000","2.14659","2,202.01465","0.00943","0.00240","55.44821"
"64.50000","2.15003","2,204.87427","0.00945","0.00244","55.52021"
"64.60000","2.15339","2,206.41333","0.00944","0.00224","55.55897"
"64.70000","2.15653","2,208.08496","0.00943","0.00201","55.60106"
"64.80000","2.16005","2,211.07886","0.00947","0.00210","55.67645"
"64.90000","2.16341","2,213.10815","0.00949","0.00216","55.72755"
"65.00000","2.16655","2,214.81592","0.00951","0.00215","55.77055"
"65.10000","2.16999","2,216.82178","0.00951","0.00232","55.82106"
"65.20000","2.17342","2,218.37012","0.00950","0.00210","55.86005"
"65.30000","2.17664","2,220.24927","0.00952","0.00258","55.90737"
"65.40000","2.18007","2,222.24585","0.00953","0.00258","55.95764"
"65.50000","2.18344","2,224.87451","0.00955","0.00271","56.02383"
"65.60000","2.18665","2,226.25171","0.00957","0.00277","56.05851"
"65.70000","2.18994","2,227.76245","0.00961","0.00276","56.09655"
"65.80000","2.19330","2,229.82300","0.00961","0.00300","56.14844"
"65.90000","2.19659","2,232.53296","0.00963","0.00295","56.21668"
"66.00000","2.19995","2,234.31128","0.00962","0.00309","56.26146"
"66.10000","2.20339","2,236.83032","0.00965","0.00295","56.32489"
"66.20000","2.20676","2,238.76636","0.00967","0.00310","56.37364"
"66.30000","2.20997","2,240.19556","0.00969","0.00300","56.40963"
"66.40000","2.21326","2,242.21045","0.00970","0.00301","56.46037"
"66.50000","2.21662","2,244.22388","0.00973","0.00296","56.51106"
"66.60000","2.21984","2,245.89917","0.00973","0.00311","56.55325"
"66.70000","2.22335","2,247.59180","0.00977","0.00267","56.59587"
"66.80000","2.22686","2,250.59058","0.00979","0.00271","56.67138"
"66.90000","2.23000","2,252.82593","0.00980","0.00277","56.72767"
"67.00000","2.23329","2,253.88013","0.00981","0.00274","56.75422"
"67.10000","2.23673","2,256.46948","0.00985","0.00287","56.81942"
"67.20000","2.23994","2,258.61890","0.00986","0.00280","56.87354"
"67.30000","2.24323","2,260.12793","0.00990","0.00278","56.91154"
"67.40000","2.24674","2,262.72119","0.00988","0.00267","56.97684"
"67.50000","2.25003","2,264.64819","0.00989","0.00266","57.02536"
"67.60000","2.25332","2,265.82837","0.00993","0.00262","57.05508"
"67.70000","2.25668","2,268.30127","0.00992","0.00265","57.11735"
"67.80000","2.26004","2,270.72168","0.00997","0.00259","57.17830"
"67.90000","2.26326","2,272.03735","0.00996","0.00247","57.21143"
"68.00000","2.26662","2,274.36060","0.00996","0.00255","57.26993"
"68.10000","2.27006","2,276.02783","0.00997","0.00247","57.31191"
"68.20000","2.27320","2,277.94116","0.00997","0.00243","57.36009"
"68.30000","2.27671","2,280.98730","0.01000","0.00260","57.43679"
"68.40000","2.28007","2,282.77905","0.01002","0.00271","57.48191"
"68.50000","2.28321","2,283.98779","0.01002","0.00281","57.51234"
"68.60000","2.28665","2,286.00830","0.01002","0.00290","57.56322"
"68.70000","2.29001","2,288.52930","0.01004","0.00307","57.62671"
"68.80000","2.29330","2,289.56860","0.01006","0.00312","57.65287"
"68.90000","2.29666","2,291.71338","0.01008","0.00318","57.70688"
"69.00000","2.30003","2,293.97412","0.01011","0.00323","57.76381"
"69.10000","2.30347","2,296.94653","0.01012","0.00324","57.83866"
"69.20000","2.30660","2,297.65356","0.01013","0.00318","57.85646"
"69.30000","2.30997","2,299.54883","0.01015","0.00329","57.90418"
"69.40000","2.31341","2,301.31030","0.01017","0.00327","57.94854"
"69.50000","2.31654","2,303.58667","0.01018","0.00328","58.00586"
"69.60000","2.32006","2,306.15527","0.01019","0.00320","58.07054"
"69.70000","2.32350","2,307.51904","0.01020","0.00281","58.10488"
"69.80000","2.32656","2,309.05347","0.01021","0.00288","58.14352"
"69.90000","2.33000","2,310.98877","0.01023","0.00295","58.19225"
"70.00000","2.33336","2,313.50391","0.01027","0.00292","58.25558"
"70.10000","2.33665","2,315.64966","0.01028","0.00294","58.30961"
"70.20000","2.33994","2,316.47485","0.01029","0.00295","58.33039"
"70.30000","2.34338","2,318.44165","0.01032","0.00294","58.37992"
"70.40000","2.34681","2,321.56299","0.01034","0.00305","58.45852"
"70.50000","2.34995","2,323.40698","0.01035","0.00285","58.50495"
"70.60000","2.35332","2,324.40137","0.01036","0.00290","58.52999"
"70.70000","2.35668","2,326.29712","0.01038","0.00285","58.57772"
"70.80000","2.35974","2,328.57520","0.01039","0.00280","58.63509"
"70.90000","2.36333","2,329.72754","0.01040","0.00283","58.66410"
"71.00000","2.36677","2,332.86694","0.01042","0.00259","58.74316"
"71.10000","2.36991","2,334.17578","0.01043","0.00272","58.77611"
"71.20000","2.37334","2,336.02832","0.01045","0.00281","58.82276"
"71.30000","2.37671","2,338.75562","0.01046","0.00311","58.89144"
"71.40000","2.37992","2,340.19580","0.01048","0.00300","58.92770"
"71.50000","2.38328","2,340.92090","0.01048","0.00322","58.94596"
"71.60000","2.38665","2,343.47974","0.01050","0.00322","59.01039"
"71.70000","2.39001","2,345.70386","0.01053","0.00331","59.06640"
"71.80000","2.39330","2,347.40039","0.01052","0.00327","59.10912"
"71.90000","2.39674","2,349.88550","0.01050","0.00322","59.17170"
"72.00000","2.40010","2,351.08081","0.01055","0.00333","59.20179"
"72.10000","2.40316","2,353.13818","0.01055","0.00337","59.25360"
"72.20000","2.40668","2,354.82056","0.01057","0.00350","59.29596"
"72.30000","2.41012","2,356.88525","0.01057","0.00348","59.34795"
"72.40000","2.41318","2,358.50806","0.01062","0.00342","59.38882"
"72.50000","2.41677","2,360.61060","0.01062","0.00357","59.44176"
"72.60000","2.42013","2,362.53198","0.01064","0.00356","59.49014"
"72.70000","2.42327","2,364.53467","0.01065","0.00339","59.54057"
"72.80000","2.42663","2,366.31299","0.01067","0.00338","59.58535"
"72.90000","2.42992","2,367.69141","0.01068","0.00327","59.62006"
"73.00000","2.43328","2,370.11938","0.01069","0.00326","59.68120"
"73.10000","2.43657","2,371.57446","0.01071","0.00319","59.71784"
"73.20000","2.44001","2,374.13037","0.01074","0.00320","59.78220"
"73.30000","2.44345","2,375.45679","0.01075","0.00329","59.81560"
"73.40000","2.44659","2,377.60522","0.01076","0.00321","59.86970"
"73.50000","2.45002","2,379.61328","0.01079","0.00317","59.92026"
"73.60000","2.45339","2,381.47827","0.01080","0.00315","59.96722"
"73.70000","2.45653","2,382.70923","0.01081","0.00312","59.99822"
"73.80000","2.46004","2,385.15723","0.01083","0.00310","60.05986"
"73.90000","2.46340","2,386.93823","0.01086","0.00311","60.10471"
"74.00000","2.46669","2,388.98535","0.01087","0.00300","60.15625"
"74.10000","2.47005","2,391.27539","0.01089","0.00287","60.21392"
"74.20000","2.47334","2,393.27026","0.01089","0.00295","60.26415"
"74.30000","2.47663","2,394.73853","0.01094","0.00295","60.30112"
"74.40000","2.47992","2,396.34546","0.01092","0.00327","60.34159"
"74.50000","2.48328","2,398.48120","0.01095","0.00336","60.39537"
"74.60000","2.48672","2,401.02686","0.01095","0.00356","60.45947"
"74.70000","2.48993","2,401.60278","0.01095","0.00362","60.47397"
"74.80000","2.49337","2,404.01270","0.01097","0.00345","60.53465"
"74.90000","2.49674","2,406.74487","0.01100","0.00347","60.60345"
"75.00000","2.49987","2,408.21631","0.01099","0.00367","60.64050"
"75.10000","2.50331","2,410.16235","0.01104","0.00372","60.68951"
"75.20000","2.50660","2,411.49194","0.01103","0.00369","60.72298"
"75.30000","2.50989","2,413.33179","0.01104","0.00372","60.76931"
"75.40000","2.51333","2,415.50439","0.01108","0.00374","60.82402"
"75.50000","2.51669","2,417.44287","0.01108","0.00369","60.87283"
"75.60000","2.51998","2,418.83374","0.01107","0.00367","60.90786"
"75.70000","2.52327","2,420.18652","0.01110","0.00375","60.94192"
"75.80000","2.52663","2,422.05273","0.01110","0.00380","60.98891"
"75.90000","2.52999","2,424.93628","0.01113","0.00372","61.06152"
"76.00000","2.53321","2,426.04492","0.01114","0.00383","61.08944"
"76.10000","2.53679","2,428.86426","0.01115","0.00366","61.16043"
"76.20000","2.54008","2,430.28662","0.01117","0.00356","61.19625"
"76.30000","2.54330","2,432.24854","0.01119","0.00345","61.24565"
"76.40000","2.54666","2,434.41455","0.01119","0.00338","61.30019"
"76.50000","2.55002","2,436.09106","0.01121","0.00341","61.34241"
"76.60000","2.55324","2,437.40771","0.01122","0.00334","61.37556"
"76.70000","2.55660","2,439.06909","0.01125","0.00337","61.41740"
"76.80000","2.56004","2,442.06396","0.01126","0.00333","61.49281"
"76.90000","2.56333","2,442.73291","0.01129","0.00322","61.50965"
"77.00000","2.56661","2,444.96875","0.01128","0.00320","61.56596"
"77.10000","2.57005","2,446.97217","0.01132","0.00324","61.61640"
"77.20000","2.57327","2,448.34204","0.01131","0.00311","61.65090"
"77.30000","2.57663","2,449.77637","0.01133","0.00314","61.68701"
"77.40000","2.57999","2,452.88110","0.01136","0.00338","61.76519"
"77.50000","2.58336","2,454.56421","0.01136","0.00348","61.80758"
"77.60000","2.58664","2,455.46436","0.01139","0.00370","61.83024"
"77.70000","2.59008","2,457.50659","0.01140","0.00380","61.88166"
"77.80000","2.59337","2,459.65820","0.01142","0.00395","61.93584"
"77.90000","2.59651","2,461.74390","0.01142","0.00400","61.98837"
"78.00000","2.59995","2,463.91089","0.01145","0.00415","62.04293"
"78.10000","2.60346","2,465.50366","0.01146","0.00400","62.08304"
"78.20000","2.60660","2,466.88770","0.01146","0.00388","62.11789"
"78.30000","2.61004","2,468.65210","0.01148","0.00383","62.16232"
"78.40000","2.61347","2,470.91602","0.01150","0.00391","62.21932"
"78.50000","2.61661","2,472.96216","0.01153","0.00396","62.27085"
"78.60000","2.61998","2,474.74341","0.01153","0.00383","62.31570"
"78.70000","2.62334","2,475.68677","0.01155","0.00388","62.33945"
"78.80000","2.62663","2,478.33960","0.01155","0.00377","62.40625"
"78.90000","2.62992","2,479.67236","0.01158","0.00391","62.43982"
"79.00000","2.63335","2,482.29468","0.01158","0.00390","62.50585"
"79.10000","2.63679","2,484.22046","0.01160","0.00388","62.55434"
"79.20000","2.63986","2,485.49463","0.01162","0.00397","62.58642"
"79.30000","2.64329","2,487.04175","0.01163","0.00400","62.62538"
"79.40000","2.64673","2,489.35059","0.01165","0.00386","62.68352"
"79.50000","2.64980","2,490.58423","0.01166","0.00370","62.71458"
"79.60000","2.65331","2,493.23804","0.01169","0.00361","62.78141"
"79.70000","2.65675","2,494.15210","0.01168","0.00352","62.80442"
"79.80000","2.65996","2,496.31470","0.01171","0.00360","62.85888"
"79.90000","2.66340","2,498.58154","0.01175","0.00358","62.91596"
"80.00000","2.66669","2,500.21973","0.01175","0.00363","62.95721"
"80.10000","2.66998","2,501.80054","0.01174","0.00345","62.99702"
"80.20000","2.67326","2,503.37134","0.01180","0.00354","63.03657"
"80.30000","2.67670","2,505.06519","0.01177","0.00338","63.07922"
"80.40000","2.68014","2,506.65723","0.01182","0.00330","63.11931"
"80.50000","2.68328","2,508.88428","0.01183","0.00331","63.17539"
"80.60000","2.68672","2,510.56079","0.01184","0.00339","63.21761"
"80.70000","2.69008","2,512.69556","0.01186","0.00370","63.27136"
"80.80000","2.69314","2,514.10181","0.01187","0.00400","63.30677"
"80.90000","2.69666","2,515.73926","0.01189","0.00392","63.34800"
"81.00000","2.70009","2,518.68506","0.01191","0.00419","63.42218"
"81.10000","2.70323","2,519.62817","0.01192","0.00415","63.44593"
"81.20000","2.70675","2,522.16895","0.01194","0.00441","63.50991"
"81.30000","2.71003","2,523.53931","0.01194","0.00413","63.54441"
"81.40000","2.71325","2,524.82251","0.01198","0.00420","63.57673"
"81.50000","2.71661","2,526.81421","0.01197","0.00404","63.62688"
"81.60000","2.71990","2,529.02759","0.01198","0.00405","63.68261"
"81.70000","2.72334","2,531.24023","0.01201","0.00401","63.73833"
"81.80000","2.72655","2,532.27979","0.01200","0.00405","63.76450"
"81.90000","2.73006","2,534.02319","0.01203","0.00403","63.80841"
"82.00000","2.73343","2,535.91675","0.01203","0.00408","63.85609"
"82.10000","2.73649","2,538.04785","0.01202","0.00403","63.90975"
"82.20000","2.74000","2,539.65186","0.01207","0.00409","63.95014"
"82.30000","2.74337","2,541.41919","0.01211","0.00414","63.99464"
"82.40000","2.74658","2,543.15015","0.01210","0.00408","64.03823"
"82.50000","2.75009","2,544.46655","0.01210","0.00391","64.07137"
"82.60000","2.75338","2,546.82935","0.01211","0.00371","64.13087"
"82.70000","2.75667","2,548.69434","0.01213","0.00375","64.17783"
"82.80000","2.76003","2,550.46875","0.01216","0.00377","64.22252"
"82.90000","2.76332","2,552.88843","0.01218","0.00369","64.28345"
"83.00000","2.76668","2,554.07642","0.01220","0.00373","64.31336"
"83.10000","2.76990","2,555.41772","0.01219","0.00358","64.34714"
"83.20000","2.77334","2,556.50391","0.01219","0.00373","64.37448"
"83.30000","2.77677","2,559.35498","0.01224","0.00368","64.44627"
"83.40000","2.77991","2,561.77783","0.01227","0.00350","64.50729"
"83.50000","2.78335","2,562.94214","0.01228","0.00341","64.53661"
"83.60000","2.78671","2,565.45923","0.01228","0.00354","64.59998"
"83.70000","2.78985","2,566.42310","0.01229","0.00355","64.62426"
"83.80000","2.79337","2,568.65283","0.01229","0.00369","64.68040"
"83.90000","2.79665","2,569.97900","0.01232","0.00391","64.71380"
"84.00000","2.79994","2,572.34155","0.01232","0.00411","64.77328"
"84.10000","2.80331","2,573.33765","0.01234","0.00412","64.79837"
"84.20000","2.80667","2,575.43408","0.01235","0.00431","64.85116"
"84.30000","2.80996","2,576.98438","0.01237","0.00429","64.89020"
"84.40000","2.81325","2,578.02856","0.01239","0.00417","64.91649"
"84.50000","2.81668","2,580.95044","0.01241","0.00422","64.99007"
"84.60000","2.82005","2,582.38306","0.01238","0.00417","65.02614"
"84.70000","2.82326","2,583.61108","0.01243","0.00420","65.05706"
"84.80000","2.82677","2,585.63452","0.01243","0.00420","65.10801"
"84.90000","2.83014","2,588.23291","0.01243","0.00411","65.17344"
"85.00000","2.83320","2,589.70630","0.01247","0.00422","65.21054"
"85.10000","2.83664","2,590.65356","0.01247","0.00423","65.23440"
"85.20000","2.84000","2,594.06592","0.01248","0.00409","65.32032"
"85.30000","2.84329","2,595.51440","0.01249","0.00423","65.35680"
"85.40000","2.84665","2,597.02734","0.01248","0.00412","65.39489"
"85.50000","2.85009","2,598.52783","0.01250","0.00410","65.43268"
"85.60000","2.85330","2,600.77197","0.01250","0.00387","65.48918"
"85.70000","2.85659","2,602.25635","0.01246","0.00375","65.52657"
"85.80000","2.85996","2,604.83032","0.01250","0.00387","65.59138"
"85.90000","2.86325","2,606.01587","0.01256","0.00384","65.62123"
"86.00000","2.86653","2,607.75879","0.01261","0.00395","65.66512"
"86.10000","2.87005","2,610.01147","0.01263","0.00387","65.72184"
"86.20000","2.87341","2,612.09619","0.01262","0.00383","65.77434"
"86.30000","2.87662","2,613.47021","0.01261","0.00374","65.80894"
"86.40000","2.88006","2,615.64526","0.01263","0.00379","65.86370"
"86.50000","2.88335","2,617.83398","0.01269","0.00354","65.91882"
"86.60000","2.88656","2,618.37622","0.01268","0.00363","65.93247"
"86.70000","2.89000","2,620.24976","0.01272","0.00360","65.97964"
"86.80000","2.89336","2,622.25708","0.01274","0.00369","66.03020"
"86.90000","2.89665","2,624.05103","0.01265","0.00380","66.07536"
"87.00000","2.90002","2,625.60889","0.01273","0.00386","66.11459"
"87.10000","2.90345","2,627.43823","0.01280","0.00432","66.16066"
"87.20000","2.90659","2,629.08081","0.01279","0.00421","66.20202"
"87.30000","2.90988","2,630.47241","0.01278","0.00432","66.23706"
"87.40000","2.91339","2,632.92114","0.01283","0.00440","66.29872"
"87.50000","2.91668","2,633.96411","0.01278","0.00435","66.32498"
"87.60000","2.91997","2,636.30859","0.01283","0.00438","66.38402"
"87.70000","2.92333","2,638.47485","0.01285","0.00433","66.43857"
"87.80000","2.92677","2,639.55566","0.01284","0.00435","66.46578"
"87.90000","2.92991","2,641.01465","0.01281","0.00435","66.50253"
"88.00000","2.93327","2,642.71533","0.01288","0.00438","66.54535"
"88.10000","2.93671","2,644.28345","0.01283","0.00428","66.58483"
"88.20000","2.93985","2,646.56812","0.01290","0.00440","66.64236"
"88.30000","2.94336","2,648.05469","0.01292","0.00444","66.67979"
"88.40000","2.94680","2,650.19678","0.01293","0.00437","66.73373"
"88.50000","2.94994","2,651.97314","0.01296","0.00440","66.77847"
"88.60000","2.95330","2,653.62769","0.01292","0.00434","66.82013"
"88.70000","2.95667","2,655.70703","0.01292","0.00411","66.87248"
"88.80000","2.95995","2,656.97998","0.01294","0.00399","66.90454"
"88.90000","2.96324","2,658.65332","0.01306","0.00410","66.94668"
"89.00000","2.96668","2,660.78613","0.01304","0.00409","67.00038"
"89.10000","2.97019","2,662.65161","0.01303","0.00406","67.04736"
"89.20000","2.97326","2,664.58398","0.01299","0.00392","67.09602"
"89.30000","2.97662","2,666.50879","0.01298","0.00391","67.14448"
"89.40000","2.98006","2,668.27563","0.01305","0.00394","67.18897"
"89.50000","2.98320","2,668.67456","0.01304","0.00386","67.19902"
"89.60000","2.98664","2,670.73877","0.01302","0.00363","67.25099"
"89.70000","2.99015","2,673.12964","0.01313","0.00383","67.31120"
"89.80000","2.99321","2,675.11572","0.01316","0.00371","67.36121"
"89.90000","2.99673","2,676.63159","0.01308","0.00388","67.39938"
"90.00000","3.00001","2,678.86304","0.01315","0.00391","67.45557"
"90.10000","3.00330","2,680.64893","0.01320","0.00394","67.50054"
"90.20000","3.00659","2,681.66528","0.01318","0.00416","67.52613"
"90.30000","3.00995","2,683.97559","0.01320","0.00421","67.58430"
"90.40000","3.01339","2,685.30029","0.01323","0.00432","67.61766"
"90.50000","3.01661","2,687.03809","0.01321","0.00438","67.66142"
"90.60000","3.02004","2,689.44824","0.01320","0.00446","67.72211"
"90.70000","3.02348","2,691.81738","0.01326","0.00450","67.78177"
"90.80000","3.02647","2,692.55737","0.01324","0.00447","67.80040"
"90.90000","3.02998","2,694.53442","0.01324","0.00445","67.85019"
"91.00000","3.03342","2,695.48682","0.01328","0.00440","67.87417"
"91.10000","3.03663","2,697.71924","0.01334","0.00449","67.93038"
"91.20000","3.04007","2,699.61108","0.01329","0.00439","67.97802"
"91.30000","3.04336","2,701.09229","0.01329","0.00443","68.01532"
"91.40000","3.04665","2,703.51221","0.01330","0.00440","68.07626"
"91.50000","3.04994","2,704.66626","0.01333","0.00448","68.10531"
"91.60000","3.05323","2,707.46045","0.01334","0.00439","68.17567"
"91.70000","3.05666","2,708.60229","0.01334","0.00448","68.20442"
"91.80000","3.05988","2,709.42383","0.01338","0.00433","68.22511"
"91.90000","3.06332","2,711.69849","0.01337","0.00409","68.28239"
"92.00000","3.06675","2,713.85376","0.01339","0.00413","68.33666"
"92.10000","3.06989","2,714.35986","0.01338","0.00410","68.34940"
"92.20000","3.07333","2,716.51196","0.01339","0.00418","68.40359"
"92.30000","3.07669","2,719.01929","0.01342","0.00415","68.46673"
"92.40000","3.07983","2,720.37842","0.01346","0.00403","68.50095"
"92.50000","3.08334","2,722.36255","0.01344","0.00401","68.55092"
"92.60000","3.08671","2,723.43994","0.01347","0.00403","68.57805"
"92.70000","3.09000","2,725.59741","0.01351","0.00385","68.63237"
"92.80000","3.09336","2,727.29858","0.01353","0.00382","68.67521"
"92.90000","3.09665","2,729.03784","0.01354","0.00395","68.71900"
"93.00000","3.10001","2,730.86987","0.01356","0.00394","68.76514"
"93.10000","3.10322","2,732.07324","0.01356","0.00404","68.79544"
"93.20000","3.10674","2,734.61230","0.01359","0.00392","68.85938"
"93.30000","3.11010","2,735.45264","0.01364","0.00418","68.88053"
"93.40000","3.11324","2,737.67407","0.01366","0.00402","68.93647"
"93.50000","3.11675","2,739.01099","0.01364","0.00413","68.97014"
"93.60000","3.12012","2,741.70312","0.01366","0.00455","69.03793"
"93.70000","3.12325","2,743.44946","0.01366","0.00462","69.08190"
"93.80000","3.12669","2,744.29346","0.01366","0.00462","69.10315"
"93.90000","3.12998","2,746.29712","0.01371","0.00467","69.15360"
"94.00000","3.13327","2,748.03906","0.01376","0.00464","69.19747"
"94.10000","3.13663","2,749.71094","0.01374","0.00460","69.23957"
"94.20000","3.14000","2,751.49829","0.01376","0.00456","69.28458"
"94.30000","3.14328","2,752.97876","0.01375","0.00469","69.32185"
"94.40000","3.14650","2,754.12988","0.01379","0.00465","69.35084"
"94.50000","3.15001","2,756.55469","0.01377","0.00463","69.41190"
"94.60000","3.15330","2,758.38574","0.01378","0.00467","69.45801"
"94.70000","3.15651","2,759.45044","0.01382","0.00468","69.48482"
"94.80000","3.16003","2,762.41260","0.01379","0.00472","69.55940"
"94.90000","3.16346","2,763.93823","0.01385","0.00442","69.59782"
"95.00000","3.16660","2,764.95337","0.01386","0.00434","69.62338"
"95.10000","3.16997","2,767.52515","0.01382","0.00428","69.68814"
"95.20000","3.17325","2,768.05469","0.01384","0.00439","69.70148"
"95.30000","3.17654","2,770.14868","0.01384","0.00429","69.75420"
"95.40000","3.17998","2,771.56372","0.01386","0.00419","69.78983"
"95.50000","3.18342","2,773.57251","0.01390","0.00425","69.84042"
"95.60000","3.18671","2,775.92383","0.01391","0.00422","69.89963"
"95.70000","3.19000","2,776.74805","0.01394","0.00415","69.92038"
"95.80000","3.19336","2,778.65186","0.01394","0.00410","69.96832"
"95.90000","3.19665","2,780.37891","0.01399","0.00399","70.01181"
"96.00000","3.19993","2,781.96997","0.01399","0.00399","70.05187"
"96.10000","3.20337","2,783.41309","0.01399","0.00408","70.08821"
"96.20000","3.20674","2,785.01099","0.01404","0.00412","70.12845"
"96.30000","3.20995","2,786.44385","0.01407","0.00399","70.16453"
"96.40000","3.21339","2,789.34570","0.01411","0.00389","70.23759"
"96.50000","3.21675","2,790.63037","0.01413","0.00391","70.26994"
"96.60000","3.21989","2,792.11426","0.01412","0.00423","70.30731"
"96.70000","3.22325","2,792.87427","0.01415","0.00438","70.32645"
"96.80000","3.22677","2,795.17505","0.01413","0.00468","70.38438"
"96.90000","3.22990","2,797.55103","0.01414","0.00469","70.44421"
"97.00000","3.23327","2,798.97656","0.01418","0.00476","70.48011"
"97.10000","3.23678","2,800.53638","0.01418","0.00480","70.51939"
"97.20000","3.23992","2,802.02368","0.01421","0.00480","70.55684"
"97.30000","3.24321","2,804.26392","0.01420","0.00477","70.61325"
"97.40000","3.24665","2,805.57202","0.01418","0.00479","70.64619"
"97.50000","3.25001","2,807.40747","0.01421","0.00481","70.69241"
"97.60000","3.25330","2,808.96753","0.01424","0.00482","70.73169"
"97.70000","3.25673","2,810.70581","0.01424","0.00477","70.77546"
"97.80000","3.26017","2,813.64673","0.01427","0.00478","70.84951"
"97.90000","3.26324","2,814.25708","0.01426","0.00476","70.86488"
"98.00000","3.26660","2,816.14722","0.01427","0.00493","70.91248"
"98.10000","3.27004","2,818.51123","0.01429","0.00466","70.97201"
"98.20000","3.27325","2,819.46973","0.01431","0.00447","70.99614"
"98.30000","3.27669","2,821.34424","0.01429","0.00454","71.04334"
"98.40000","3.28013","2,823.50195","0.01432","0.00438","71.09767"
"98.50000","3.28327","2,824.39185","0.01431","0.00443","71.12008"
"98.60000","3.28663","2,826.51636","0.01438","0.00437","71.17358"
"98.70000","3.28999","2,828.78369","0.01437","0.00438","71.23067"
"98.80000","3.29328","2,829.46729","0.01440","0.00438","71.24789"
"98.90000","3.29657","2,830.71411","0.01440","0.00439","71.27928"
"99.00000","3.30001","2,833.98486","0.01446","0.00437","71.36164"
"99.10000","3.30345","2,835.92725","0.01449","0.00426","71.41055"
"99.20000","3.30658","2,836.57202","0.01452","0.00412","71.42679"
"99.30000","3.31002","2,838.79980","0.01453","0.00428","71.48289"
"99.40000","3.31339","2,840.41528","0.01452","0.00411","71.52357"
"99.50000","3.31652","2,841.89624","0.01457","0.00419","71.56085"
"99.60000","3.31996","2,843.97241","0.01459","0.00408","71.61314"
"99.70000","3.32340","2,845.67969","0.01459","0.00428","71.65613"
"99.80000","3.32661","2,847.54492","0.01459","0.00469","71.70309"
"99.90000","3.33005","2,848.82715","0.01463","0.00464","71.73538"
"100.00000","3.33341","2,851.25732","0.01462","0.00482","71.79657"
"100.10000","3.33663","2,852.64917","0.01461","0.00486","71.83162"
"100.20000","3.33992","2,854.08423","0.01466","0.00498","71.86776"
"100.30000","3.34328","2,855.47681","0.01464","0.00500","71.90282"
"100.40000","3.34672","2,857.72144","0.01465","0.00507","71.95934"
"100.50000","3.34993","2,859.53442","0.01471","0.00504","72.00500"
"100.60000","3.35337","2,860.84351","0.01468","0.00505","72.03796"
"100.70000","3.35673","2,862.97144","0.01469","0.00498","72.09155"
"100.80000","3.35987","2,863.99951","0.01469","0.00501","72.11743"
"100.90000","3.36331","2,865.61792","0.01470","0.00501","72.15818"
"101.00000","3.36667","2,867.29321","0.01474","0.00504","72.20037"
"101.10000","3.36989","2,869.37549","0.01475","0.00502","72.25280"
"101.20000","3.37340","2,871.74243","0.01478","0.00498","72.31240"
"101.30000","3.37669","2,873.05176","0.01480","0.00479","72.34538"
"101.40000","3.38005","2,874.96362","0.01481","0.00469","72.39352"
"101.50000","3.38326","2,875.66260","0.01484","0.00469","72.41112"
"101.60000","3.38655","2,877.91260","0.01484","0.00466","72.46777"
"101.70000","3.38999","2,880.32812","0.01484","0.00463","72.52859"
"101.80000","3.39320","2,881.76929","0.01484","0.00469","72.56489"
"101.90000","3.39672","2,883.67383","0.01486","0.00458","72.61285"
"102.00000","3.40016","2,885.00146","0.01483","0.00455","72.64627"
"102.10000","3.40322","2,886.61377","0.01489","0.00461","72.68687"
"102.20000","3.40673","2,888.43115","0.01493","0.00442","72.73264"
"102.30000","3.41009","2,891.22632","0.01495","0.00442","72.80302"
"102.40000","3.41323","2,892.39575","0.01493","0.00418","72.83247"
"102.50000","3.41667","2,894.57471","0.01495","0.00427","72.88734"
"102.60000","3.42004","2,895.80811","0.01496","0.00420","72.91839"
"102.70000","3.42340","2,897.66797","0.01501","0.00441","72.96523"
"102.80000","3.42669","2,898.79834","0.01505","0.00459","72.99369"
"102.90000","3.42997","2,900.62378","0.01505","0.00464","73.03966"
"103.00000","3.43334","2,901.87183","0.01506","0.00489","73.07108"
"103.10000","3.43655","2,903.54663","0.01505","0.00504","73.11325"
"103.20000","3.43999","2,906.27710","0.01508","0.00500","73.18201"
"103.30000","3.44343","2,908.10986","0.01509","0.00513","73.22816"
"103.40000","3.44657","2,908.80688","0.01506","0.00515","73.24571"
"103.50000","3.45015","2,911.00146","0.01513","0.00517","73.30097"
"103.60000","3.45344","2,912.64966","0.01512","0.00521","73.34248"
"103.70000","3.45651","2,913.43530","0.01510","0.00518","73.36226"
"103.80000","3.46002","2,916.45654","0.01514","0.00513","73.43833"
"103.90000","3.46331","2,917.59888","0.01516","0.00520","73.46710"
"104.00000","3.46660","2,919.25049","0.01520","0.00517","73.50869"
"104.10000","3.47003","2,920.59741","0.01519","0.00520","73.54260"
"104.20000","3.47347","2,922.67456","0.01523","0.00525","73.59491"
"104.30000","3.47676","2,923.64600","0.01526","0.00529","73.61937"
"104.40000","3.47990","2,925.28467","0.01525","0.00503","73.66063"
"104.50000","3.48334","2,926.93848","0.01523","0.00489","73.70228"
"104.60000","3.48670","2,929.13232","0.01529","0.00484","73.75751"
"104.70000","3.48991","2,930.34204","0.01528","0.00487","73.78798"
"104.80000","3.49343","2,932.37354","0.01529","0.00489","73.83913"
"104.90000","3.49679","2,933.75317","0.01528","0.00491","73.87387"
"105.00000","3.49993","2,934.45166","0.01533","0.00479","73.89146"
"105.10000","3.50329","2,936.85107","0.01532","0.00478","73.95188"
"105.20000","3.50666","2,938.22778","0.01537","0.00474","73.98655"
"105.30000","3.50994","2,940.24658","0.01538","0.00478","74.03738"
"105.40000","3.51323","2,942.10376","0.01541","0.00449","74.08414"
"105.50000","3.51674","2,944.09497","0.01541","0.00429","74.13428"
"105.60000","3.51996","2,945.03149","0.01541","0.00431","74.15787"
"105.70000","3.52325","2,946.09961","0.01542","0.00448","74.18477"
"105.80000","3.52668","2,948.39307","0.01548","0.00447","74.24252"
"105.90000","3.52997","2,951.02808","0.01551","0.00474","74.30887"
"106.00000","3.53319","2,951.94507","0.01552","0.00501","74.33195"
"106.10000","3.53670","2,954.01074","0.01554","0.00516","74.38397"
"106.20000","3.54014","2,955.83008","0.01554","0.00512","74.42979"
"106.30000","3.54328","2,956.75464","0.01551","0.00509","74.45306"
"106.40000","3.54671","2,958.90674","0.01558","0.00517","74.50726"
"106.50000","3.55008","2,960.72900","0.01553","0.00540","74.55315"
"106.60000","3.55322","2,961.82861","0.01563","0.00525","74.58083"
"106.70000","3.55665","2,962.92896","0.01555","0.00536","74.60854"
"106.80000","3.56009","2,965.67334","0.01558","0.00537","74.67764"
"106.90000","3.56331","2,967.25781","0.01559","0.00535","74.71754"
"107.00000","3.56659","2,968.26831","0.01561","0.00535","74.74299"
"107.10000","3.57011","2,970.45972","0.01566","0.00537","74.79817"
"107.20000","3.57325","2,971.69775","0.01565","0.00544","74.82935"
"107.30000","3.57653","2,972.08301","0.01568","0.00542","74.83904"
"107.40000","3.57997","2,975.44556","0.01569","0.00542","74.92371"
"107.50000","3.58326","2,976.48315","0.01570","0.00534","74.94984"
"107.60000","3.58655","2,978.69556","0.01569","0.00493","75.00555"
"107.70000","3.59006","2,980.29321","0.01573","0.00507","75.04578"
"107.80000","3.59350","2,982.16895","0.01576","0.00504","75.09302"
"107.90000","3.59664","2,983.61719","0.01575","0.00504","75.12949"
"108.00000","3.59993","2,985.19922","0.01579","0.00511","75.16932"
"108.10000","3.60336","2,987.19653","0.01577","0.00510","75.21961"
"108.20000","3.60650","2,988.31567","0.01583","0.00488","75.24780"
"108.30000","3.60994","2,989.64551","0.01589","0.00481","75.28128"
"108.40000","3.61338","2,991.39575","0.01586","0.00479","75.32536"
"108.50000","3.61667","2,993.81348","0.01587","0.00497","75.38623"
"108.60000","3.61996","2,995.38623","0.01586","0.00454","75.42583"
"108.70000","3.62332","2,996.86035","0.01594","0.00439","75.46296"
"108.80000","3.62668","2,998.15527","0.01593","0.00454","75.49556"
"108.90000","3.62990","2,999.35596","0.01589","0.00469","75.52579"
"109.00000","3.63333","3,001.71606","0.01592","0.00481","75.58523"
"109.10000","3.63685","3,003.07471","0.01599","0.00507","75.61944"
"109.20000","3.63991","3,004.79590","0.01596","0.00529","75.66278"
"109.30000","3.64335","3,006.82715","0.01598","0.00524","75.71393"
"109.40000","3.64679","3,008.37036","0.01601","0.00540","75.75278"
"109.50000","3.64985","3,009.63892","0.01606","0.00538","75.78473"
"109.60000","3.65329","3,011.36182","0.01604","0.00557","75.82811"
"109.70000","3.65673","3,013.24121","0.01610","0.00559","75.87543"
"109.80000","3.65994","3,014.94141","0.01612","0.00557","75.91825"
"109.90000","3.66338","3,016.64478","0.01611","0.00557","75.96114"
"110.00000","3.66667","3,018.29565","0.01616","0.00559","76.00271"
"110.10000","3.67003","3,020.56323","0.01617","0.00556","76.05981"
"110.20000","3.67324","3,021.60278","0.01621","0.00549","76.08598"
"110.30000","3.67661","3,023.30225","0.01610","0.00554","76.12878"
"110.40000","3.68012","3,025.05347","0.01615","0.00568","76.17287"
"110.50000","3.68318","3,026.13013","0.01616","0.00561","76.19999"
"110.60000","3.68670","3,028.81812","0.01623","0.00556","76.26767"
"110.70000","3.69021","3,029.89795","0.01621","0.00539","76.29486"
"110.80000","3.69320","3,031.89600","0.01622","0.00530","76.34518"
"110.90000","3.69671","3,033.35059","0.01624","0.00526","76.38181"
"111.00000","3.70000","3,034.36426","0.01626","0.00532","76.40733"
"111.10000","3.70329","3,036.37183","0.01629","0.00525","76.45788"
"111.20000","3.70673","3,038.13428","0.01628","0.00522","76.50226"
"111.30000","3.71009","3,040.62939","0.01632","0.00517","76.56509"
"111.40000","3.71338","3,041.13501","0.01635","0.00511","76.57782"
"111.50000","3.71667","3,042.63599","0.01637","0.00508","76.61562"
"111.60000","3.71988","3,044.83716","0.01639","0.00498","76.67104"
"111.70000","3.72332","3,046.90625","0.01638","0.00489","76.72314"
"111.80000","3.72653","3,047.06567","0.01643","0.00476","76.72716"
"111.90000","3.72997","3,049.85913","0.01640","0.00475","76.79750"
"112.00000","3.73341","3,051.23047","0.01638","0.00479","76.83203"
"112.10000","3.73655","3,052.60767","0.01645","0.00502","76.86671"
"112.20000","3.74006","3,054.84497","0.01650","0.00508","76.92305"
"112.30000","3.74335","3,055.89185","0.01648","0.00542","76.94941"
"112.40000","3.74656","3,057.38647","0.01645","0.00544","76.98705"
"112.50000","3.75000","3,059.02393","0.01648","0.00561","77.02827"
"112.60000","3.75336","3,061.38599","0.01646","0.00553","77.08775"
"112.70000","3.75672","3,062.36865","0.01651","0.00567","77.11250"
"112.80000","3.75994","3,064.06812","0.01652","0.00577","77.15529"
"112.90000","3.76338","3,066.18091","0.01657","0.00577","77.20850"
"113.00000","3.76674","3,067.58081","0.01659","0.00575","77.24374"
"113.10000","3.76980","3,068.80225","0.01657","0.00572","77.27450"
"113.20000","3.77332","3,070.68530","0.01659","0.00586","77.32191"
"113.30000","3.77675","3,071.83569","0.01665","0.00575","77.35088"
"113.40000","3.77989","3,074.13306","0.01668","0.00582","77.40874"
"113.50000","3.78341","3,076.32397","0.01670","0.00583","77.46391"
"113.60000","3.78677","3,076.52148","0.01669","0.00581","77.46888"
"113.70000","3.78991","3,079.21094","0.01670","0.00582","77.53660"
"113.80000","3.79327","3,080.30005","0.01674","0.00583","77.56403"
"113.90000","3.79663","3,082.35522","0.01674","0.00552","77.61578"
"114.00000","3.80000","3,084.31543","0.01678","0.00554","77.66513"
"114.10000","3.80329","3,084.97900","0.01673","0.00546","77.68184"
"114.20000","3.80672","3,086.91138","0.01680","0.00554","77.73050"
"114.30000","3.81001","3,088.84204","0.01682","0.00544","77.77911"
"114.40000","3.81315","3,090.65723","0.01683","0.00539","77.82482"
"114.50000","3.81666","3,092.24951","0.01687","0.00533","77.86492"
"114.60000","3.82003","3,093.89795","0.01688","0.00545","77.90643"
"114.70000","3.82324","3,095.71948","0.01693","0.00520","77.95229"
"114.80000","3.82675","3,097.23364","0.01690","0.00513","77.99043"
"114.90000","3.83004","3,098.94019","0.01692","0.00499","78.03339"
"115.00000","3.83326","3,100.27124","0.01690","0.00479","78.06691"
"115.10000","3.83669","3,101.29810","0.01694","0.00508","78.09277"
"115.20000","3.84006","3,104.38599","0.01695","0.00521","78.17052"
"115.30000","3.84327","3,106.13696","0.01693","0.00524","78.21461"
"115.40000","3.84663","3,106.29541","0.01696","0.00550","78.21861"
"115.50000","3.85000","3,108.76611","0.01701","0.00578","78.28082"
"115.60000","3.85336","3,110.17627","0.01696","0.00592","78.31633"
"115.70000","3.85657","3,111.88159","0.01703","0.00590","78.35927"
"115.80000","3.86009","3,113.83130","0.01702","0.00598","78.40836"
"115.90000","3.86330","3,115.42798","0.01706","0.00601","78.44857"
"116.00000","3.86651","3,116.17847","0.01707","0.00596","78.46747"
"116.10000","3.87003","3,118.47339","0.01704","0.00595","78.52525"
"116.20000","3.87339","3,120.72119","0.01702","0.00595","78.58186"
"116.30000","3.87660","3,121.49292","0.01710","0.00593","78.60129"
"116.40000","3.88004","3,123.34546","0.01712","0.00599","78.64793"
"116.50000","3.88340","3,125.12671","0.01714","0.00601","78.69279"
"116.60000","3.88654","3,126.89624","0.01719","0.00611","78.73734"
"116.70000","3.88998","3,128.06006","0.01719","0.00611","78.76665"
"116.80000","3.89334","3,130.38647","0.01721","0.00609","78.82523"
"116.90000","3.89663","3,131.29639","0.01716","0.00610","78.84814"
"117.00000","3.89992","3,132.78223","0.01727","0.00564","78.88556"
"117.10000","3.90343","3,134.95361","0.01727","0.00573","78.94024"
"117.20000","3.90665","3,136.79028","0.01730","0.00579","78.98649"
"117.30000","3.90994","3,137.59009","0.01733","0.00575","79.00662"
"117.40000","3.91330","3,139.47681","0.01729","0.00574","79.05413"
"117.50000","3.91666","3,141.07007","0.01736","0.00568","79.09425"
"117.60000","3.91995","3,143.16113","0.01734","0.00575","79.14690"
"117.70000","3.92331","3,144.32422","0.01742","0.00566","79.17619"
"117.80000","3.92683","3,146.29517","0.01740","0.00559","79.22582"
"117.90000","3.92996","3,147.80884","0.01741","0.00562","79.26394"
"118.00000","3.93333","3,149.91772","0.01742","0.00565","79.31704"
"118.10000","3.93662","3,151.39136","0.01744","0.00547","79.35415"
"118.20000","3.93983","3,152.92847","0.01742","0.00526","79.39285"
"118.30000","3.94327","3,154.11060","0.01746","0.00534","79.42262"
"118.40000","3.94671","3,155.86694","0.01746","0.00541","79.46685"
"118.50000","3.94999","3,158.32300","0.01745","0.00564","79.52869"
"118.60000","3.95336","3,159.10278","0.01750","0.00580","79.54833"
"118.70000","3.95665","3,160.73047","0.01748","0.00604","79.58932"
"118.80000","3.95993","3,162.69165","0.01753","0.00615","79.63870"
"118.90000","3.96315","3,163.17383","0.01753","0.00615","79.65084"
"119.00000","3.96659","3,165.77661","0.01754","0.00615","79.71638"
"119.10000","3.97010","3,167.59570","0.01757","0.00621","79.76218"
"119.20000","3.97324","3,169.27051","0.01758","0.00617","79.80436"
"119.30000","3.97675","3,170.42847","0.01760","0.00621","79.83352"
"119.40000","3.98011","3,172.69604","0.01763","0.00613","79.89062"
"119.50000","3.98318","3,174.15771","0.01762","0.00619","79.92742"
"119.60000","3.98662","3,174.55127","0.01765","0.00621","79.93733"
"119.70000","3.99005","3,176.62329","0.01763","0.00620","79.98951"
"119.80000","3.99334","3,178.55371","0.01767","0.00624","80.03812"
"119.90000","3.99670","3,179.95801","0.01768","0.00626","80.07348"
"120.00000","4.00007","3,181.66455","0.01775","0.00611","80.11645"
"120.10000","4.00343","3,183.70874","0.01776","0.00590","80.16792"
"120.20000","4.00664","3,184.60205","0.01778","0.00593","80.19041"
"120.30000","4.00993","3,186.84082","0.01777","0.00593","80.24679"
"120.40000","4.01337","3,188.19580","0.01779","0.00588","80.28091"
"120.50000","4.01651","3,189.65796","0.01781","0.00599","80.31773"
"120.60000","4.02002","3,191.14258","0.01782","0.00594","80.35511"
"120.70000","4.02346","3,192.63013","0.01784","0.00581","80.39257"
"120.80000","4.02652","3,194.30298","0.01787","0.00583","80.43469"
"120.90000","4.02996","3,195.96533","0.01786","0.00566","80.47655"
"121.00000","4.03333","3,197.75928","0.01789","0.00583","80.52173"
"121.10000","4.03661","3,199.31250","0.01790","0.00592","80.56084"
"121.20000","4.04005","3,200.34619","0.01793","0.00571","80.58687"
"121.30000","4.04334","3,202.28369","0.01794","0.00563","80.63565"
"121.40000","4.04670","3,203.61621","0.01794","0.00543","80.66920"
"121.50000","4.04999","3,205.94678","0.01796","0.00561","80.72789"
"121.60000","4.05336","3,207.22583","0.01797","0.00577","80.76010"
"121.70000","4.05672","3,208.46851","0.01796","0.00601","80.79139"
"121.80000","4.05986","3,211.00732","0.01799","0.00629","80.85532"
"121.90000","4.06337","3,211.95874","0.01800","0.00630","80.87928"
"122.00000","4.06681","3,214.40479","0.01803","0.00637","80.94087"
"122.10000","4.06995","3,216.13135","0.01803","0.00641","80.98434"
"122.20000","4.07338","3,217.01367","0.01805","0.00636","81.00656"
"122.30000","4.07675","3,218.97192","0.01807","0.00641","81.05588"
"122.40000","4.07989","3,220.09546","0.01809","0.00643","81.08417"
"122.50000","4.08332","3,221.99585","0.01809","0.00644","81.13202"
"122.60000","4.08669","3,223.78345","0.01809","0.00641","81.17703"
"122.70000","4.09005","3,225.40894","0.01814","0.00645","81.21796"
"122.80000","4.09334","3,226.27734","0.01816","0.00653","81.23983"
"122.90000","4.09670","3,227.88281","0.01815","0.00643","81.28026"
"123.00000","4.10007","3,229.56543","0.01819","0.00644","81.32262"
"123.10000","4.10313","3,231.15259","0.01821","0.00644","81.36259"
"123.20000","4.10664","3,233.57593","0.01823","0.00633","81.42361"
"123.30000","4.11008","3,234.67261","0.01826","0.00614","81.45123"
"123.40000","4.11322","3,236.58472","0.01831","0.00620","81.49937"
"123.50000","4.11673","3,238.83398","0.01829","0.00621","81.55602"
"123.60000","4.12010","3,238.82959","0.01830","0.00622","81.55590"
"123.70000","4.12323","3,241.61914","0.01832","0.00617","81.62614"
"123.80000","4.12667","3,243.12866","0.01832","0.00617","81.66415"
"123.90000","4.13004","3,244.39624","0.01837","0.00613","81.69608"
"124.00000","4.13332","3,246.44702","0.01834","0.00606","81.74772"
"124.10000","4.13661","3,247.56909","0.01837","0.00606","81.77597"
"124.20000","4.14012","3,249.25513","0.01840","0.00599","81.81843"
"124.30000","4.14341","3,250.70215","0.01838","0.00608","81.85487"
"124.40000","4.14655","3,251.38525","0.01842","0.00599","81.87206"
"124.50000","4.14999","3,253.59619","0.01844","0.00604","81.92773"
"124.60000","4.15335","3,256.06274","0.01845","0.00616","81.98985"
"124.70000","4.15649","3,257.29858","0.01846","0.00611","82.02097"
"124.80000","4.16008","3,259.32837","0.01849","0.00607","82.07207"
"124.90000","4.16344","3,259.97021","0.01847","0.00626","82.08824"
"125.00000","4.16666","3,263.01123","0.01849","0.00640","82.16481"
"125.10000","4.17002","3,263.64795","0.01853","0.00664","82.18085"
"125.20000","4.17338","3,265.27100","0.01851","0.00666","82.22172"
"125.30000","4.17660","3,267.16455","0.01855","0.00665","82.26939"
"125.40000","4.17988","3,268.23730","0.01857","0.00665","82.29641"
"125.50000","4.18340","3,269.88184","0.01855","0.00657","82.33782"
"125.60000","4.18669","3,271.70605","0.01854","0.00658","82.38376"
"125.70000","4.18997","3,273.82300","0.01858","0.00666","82.43706"
"125.80000","4.19341","3,274.52002","0.01862","0.00670","82.45461"
"125.90000","4.19663","3,276.10303","0.01865","0.00673","82.49448"
"126.00000","4.19991","3,278.07446","0.01863","0.00672","82.54411"
"126.10000","4.20335","3,279.41895","0.01865","0.00677","82.57797"
"126.20000","4.20672","3,280.91504","0.01868","0.00650","82.61565"
"126.30000","4.20993","3,282.60474","0.01868","0.00664","82.65819"
"126.40000","4.21337","3,284.25269","0.01871","0.00633","82.69968"
"126.50000","4.21680","3,285.70752","0.01872","0.00632","82.73632"
"126.60000","4.21994","3,286.95801","0.01878","0.00647","82.76781"
"126.70000","4.22331","3,288.96631","0.01876","0.00635","82.81838"
"126.80000","4.22667","3,290.53296","0.01878","0.00632","82.85783"
"126.90000","4.22996","3,292.07080","0.01880","0.00648","82.89655"
"127.00000","4.23325","3,293.52271","0.01882","0.00635","82.93311"
"127.10000","4.23668","3,295.22412","0.01882","0.00627","82.97595"
"127.20000","4.24005","3,297.07373","0.01886","0.00629","83.02253"
"127.30000","4.24334","3,297.86499","0.01887","0.00622","83.04246"
"127.40000","4.24662","3,300.84888","0.01888","0.00624","83.11759"
"127.50000","4.24999","3,301.91211","0.01889","0.00618","83.14436"
"127.60000","4.25320","3,302.74146","0.01891","0.00604","83.16525"
"127.70000","4.25664","3,305.44409","0.01894","0.00614","83.23330"
"127.80000","4.26015","3,306.86157","0.01893","0.00638","83.26900"
"127.90000","4.26329","3,307.90991","0.01894","0.00629","83.29539"
"128.00000","4.26658","3,309.07812","0.01896","0.00652","83.32481"
"128.10000","4.27009","3,311.36328","0.01897","0.00678","83.38235"
"128.20000","4.27323","3,313.10181","0.01898","0.00681","83.42612"
"128.30000","4.27667","3,314.08691","0.01899","0.00691","83.45094"
"128.40000","4.28011","3,315.76196","0.01900","0.00678","83.49311"
"128.50000","4.28340","3,318.19092","0.01903","0.00686","83.55428"
"128.60000","4.28668","3,319.41553","0.01905","0.00688","83.58511"
"128.70000","4.29005","3,320.59082","0.01906","0.00683","83.61471"
"128.80000","4.29341","3,322.30396","0.01909","0.00678","83.65784"
"128.90000","4.29655","3,323.83032","0.01911","0.00684","83.69628"
"129.00000","4.29991","3,325.61743","0.01912","0.00685","83.74128"
"129.10000","4.30343","3,327.64502","0.01914","0.00683","83.79234"
"129.20000","4.30656","3,328.85693","0.01916","0.00681","83.82285"
"129.30000","4.31000","3,331.00000","0.01914","0.00694","83.87682"
"129.40000","4.31351","3,332.17383","0.01918","0.00662","83.90637"
"129.50000","4.31658","3,333.76904","0.01921","0.00644","83.94654"
"129.60000","4.32002","3,335.43872","0.01922","0.00678","83.98859"
"129.70000","4.32338","3,336.50854","0.01924","0.00658","84.01553"
"129.80000","4.32659","3,338.05688","0.01924","0.00660","84.05451"
"129.90000","4.33003","3,340.15015","0.01927","0.00661","84.10722"
"130.00000","4.33339","3,341.59692","0.01927","0.00654","84.14365"
"130.10000","4.33676","3,343.31201","0.01929","0.00650","84.18684"
"130.20000","4.33990","3,344.61182","0.01930","0.00655","84.21957"
"130.30000","4.34326","3,345.54175","0.01931","0.00644","84.24299"
"130.40000","4.34670","3,347.57495","0.01931","0.00642","84.29418"
"130.50000","4.34984","3,348.88550","0.01934","0.00646","84.32719"
"130.60000","4.35342","3,351.00586","0.01937","0.00643","84.38058"
"130.70000","4.35686","3,351.85938","0.01938","0.00633","84.40207"
"130.80000","4.35985","3,353.68628","0.01940","0.00639","84.44807"
"130.90000","4.36336","3,356.33691","0.01942","0.00630","84.51482"
"131.00000","4.36673","3,356.87354","0.01943","0.00657","84.52833"
"131.10000","4.36994","3,358.54736","0.01945","0.00661","84.57048"
"131.20000","4.37330","3,360.19849","0.01945","0.00677","84.61205"
"131.30000","4.37667","3,361.29321","0.01947","0.00686","84.63962"
"131.40000","4.38003","3,363.98193","0.01947","0.00695","84.70732"
"131.50000","4.38332","3,364.80078","0.01950","0.00701","84.72794"
"131.60000","4.38661","3,366.46924","0.01950","0.00707","84.76996"
"131.70000","4.39005","3,368.66528","0.01953","0.00701","84.82526"
"131.80000","4.39311","3,369.10107","0.01956","0.00698","84.83623"
"131.90000","4.39670","3,371.07812","0.01955","0.00700","84.88601"
"132.00000","4.40006","3,372.80029","0.01958","0.00701","84.92937"
"132.10000","4.40320","3,374.15601","0.01960","0.00702","84.96352"
"132.20000","4.40679","3,375.62671","0.01961","0.00703","85.00055"
"132.30000","4.41007","3,377.94116","0.01962","0.00694","85.05882"
"132.40000","4.41321","3,378.56177","0.01963","0.00695","85.07446"
"132.50000","4.41665","3,380.21191","0.01967","0.00698","85.11600"
"132.60000","4.42001","3,382.80200","0.01967","0.00691","85.18123"
"132.70000","4.42330","3,384.46191","0.01968","0.00668","85.22302"
"132.80000","4.42667","3,385.45557","0.01971","0.00674","85.24805"
"132.90000","4.43010","3,387.25220","0.01971","0.00665","85.29328"
"133.00000","4.43339","3,388.68579","0.01971","0.00665","85.32938"
"133.10000","4.43653","3,389.79395","0.01972","0.00668","85.35728"
"133.20000","4.43997","3,391.62622","0.01974","0.00666","85.40343"
"133.30000","4.44341","3,393.24023","0.01977","0.00656","85.44407"
"133.40000","4.44655","3,394.89087","0.01980","0.00664","85.48563"
"133.50000","4.45013","3,396.85010","0.01980","0.00660","85.53497"
"133.60000","4.45342","3,397.99609","0.01983","0.00655","85.56382"
"133.70000","4.45664","3,399.81323","0.01984","0.00662","85.60958"
"133.80000","4.46000","3,401.45752","0.01984","0.00647","85.65099"
"133.90000","4.46329","3,402.34814","0.01987","0.00649","85.67341"
"134.00000","4.46658","3,404.50488","0.01987","0.00635","85.72772"
"134.10000","4.46994","3,405.02515","0.01990","0.00677","85.74082"
"134.20000","4.47338","3,407.27710","0.01992","0.00649","85.79752"
"134.30000","4.47667","3,408.85669","0.01996","0.00669","85.83730"
"134.40000","4.47988","3,410.06177","0.01996","0.00692","85.86765"
"134.50000","4.48332","3,412.28735","0.01997","0.00716","85.92368"
"134.60000","4.48668","3,413.96655","0.01998","0.00724","85.96597"
"134.70000","4.48989","3,414.84131","0.02001","0.00724","85.98800"
"134.80000","4.49333","3,417.82544","0.02003","0.00718","86.06314"
"134.90000","4.49669","3,418.53467","0.02004","0.00718","86.08100"
"135.00000","4.49998","3,420.09937","0.02006","0.00713","86.12040"
"135.10000","4.50335","3,422.33691","0.02007","0.00713","86.17674"
"135.20000","4.50671","3,423.03955","0.02009","0.00720","86.19444"
"135.30000","4.50992","3,424.88428","0.02010","0.00708","86.24088"
"135.40000","4.51329","3,426.02100","0.02013","0.00713","86.26951"
"135.50000","4.51665","3,428.11597","0.02013","0.00726","86.32226"
"135.60000","4.51994","3,428.98999","0.02013","0.00701","86.34427"
"135.70000","4.52330","3,430.62134","0.02013","0.00702","86.38535"
"135.80000","4.52674","3,433.21191","0.02018","0.00725","86.45058"
"135.90000","4.53003","3,433.94775","0.02019","0.00689","86.46911"
"136.00000","4.53324","3,435.76978","0.02020","0.00695","86.51499"
"136.10000","4.53660","3,437.50073","0.02021","0.00692","86.55858"
"136.20000","4.53997","3,438.85620","0.02023","0.00691","86.59270"
"136.30000","4.54326","3,440.52661","0.02026","0.00689","86.63477"
"136.40000","4.54669","3,442.23071","0.02026","0.00687","86.67768"
"136.50000","4.55013","3,443.76831","0.02028","0.00678","86.71640"
"136.60000","4.55327","3,445.33545","0.02028","0.00680","86.75586"
"136.70000","4.55656","3,446.90576","0.02029","0.00685","86.79540"
"136.80000","4.56007","3,449.12720","0.02030","0.00683","86.85134"
"136.90000","4.56328","3,450.25806","0.02033","0.00678","86.87981"
"137.00000","4.56665","3,450.84253","0.02034","0.00658","86.89453"
"137.10000","4.57009","3,453.02979","0.02035","0.00672","86.94961"
"137.20000","4.57337","3,454.22412","0.02038","0.00679","86.97968"
"137.30000","4.57666","3,455.94092","0.02038","0.00688","87.02291"
"137.40000","4.58003","3,457.13379","0.02040","0.00700","87.05295"
"137.50000","4.58331","3,459.23486","0.02042","0.00692","87.10586"
"137.60000","4.58653","3,459.47412","0.02041","0.00707","87.11188"
"137.70000","4.58997","3,461.46631","0.02046","0.00722","87.16205"
"137.80000","4.59348","3,463.35181","0.02048","0.00735","87.20953"
"137.90000","4.59662","3,464.84473","0.02048","0.00738","87.24712"
"138.00000","4.59998","3,466.78979","0.02053","0.00727","87.29610"
"138.10000","4.60334","3,468.57983","0.02051","0.00733","87.34117"
"138.20000","4.60656","3,470.47681","0.02055","0.00734","87.38894"
"138.30000","4.60992","3,470.91675","0.02055","0.00736","87.40002"
"138.40000","4.61336","3,472.89136","0.02056","0.00741","87.44974"
"138.50000","4.61665","3,474.24487","0.02059","0.00730","87.48382"
"138.60000","4.62001","3,476.14136","0.02058","0.00734","87.53157"
"138.70000","4.62337","3,477.11523","0.02061","0.00746","87.55610"
"138.80000","4.62674","3,479.65430","0.02060","0.00716","87.62003"
"138.90000","4.62988","3,480.37329","0.02063","0.00739","87.63814"
"139.00000","4.63331","3,482.43750","0.02064","0.00709","87.69012"
"139.10000","4.63683","3,483.70483","0.02066","0.00703","87.72202"
"139.20000","4.63989","3,485.59424","0.02067","0.00697","87.76960"
"139.30000","4.64340","3,486.46558","0.02070","0.00703","87.79154"
"139.40000","4.64684","3,488.12817","0.02073","0.00694","87.83341"
"139.50000","4.64983","3,489.89185","0.02072","0.00691","87.87782"
"139.60000","4.65342","3,491.59131","0.02071","0.00697","87.92062"
"139.70000","4.65671","3,493.65356","0.02074","0.00691","87.97254"
"139.80000","4.65999","3,494.72583","0.02077","0.00695","87.99954"
"139.90000","4.66328","3,496.09302","0.02079","0.00697","88.03397"
"140.00000","4.66672","3,498.31421","0.02079","0.00679","88.08990"
"140.10000","4.67008","3,498.88574","0.02082","0.00681","88.10429"
"140.20000","4.67322","3,500.74072","0.02083","0.00675","88.15100"
"140.30000","4.67659","3,502.36377","0.02083","0.00691","88.19187"
"140.40000","4.68002","3,504.48462","0.02086","0.00696","88.24528"
"140.50000","4.68316","3,506.14233","0.02088","0.00697","88.28702"
"140.60000","4.68668","3,506.83960","0.02090","0.00727","88.30457"
"140.70000","4.69011","3,509.06226","0.02092","0.00696","88.36054"
"140.80000","4.69325","3,509.91309","0.02091","0.00718","88.38197"
"140.90000","4.69677","3,512.07104","0.02095","0.00749","88.43631"
"141.00000","4.69998","3,513.43750","0.02095","0.00762","88.47072"
"141.10000","4.70327","3,514.97681","0.02098","0.00748","88.50948"
"141.20000","4.70663","3,515.92798","0.02099","0.00749","88.53342"
"141.30000","4.70999","3,518.56079","0.02101","0.00757","88.59972"
"141.40000","4.71336","3,519.77246","0.02101","0.00755","88.63023"
"141.50000","4.71665","3,521.33057","0.02105","0.00752","88.66946"
"141.60000","4.72008","3,523.00220","0.02105","0.00751","88.71156"
"141.70000","4.72345","3,524.67261","0.02104","0.00761","88.75362"
"141.80000","4.72651","3,525.98584","0.02108","0.00750","88.78669"
"141.90000","4.73002","3,528.27783","0.02110","0.00763","88.84441"
"142.00000","4.73339","3,528.90112","0.02111","0.00737","88.86010"
"142.10000","4.73660","3,530.78247","0.02113","0.00771","88.90747"
"142.20000","4.74011","3,532.51465","0.02113","0.00713","88.95109"
"142.30000","4.74340","3,533.88330","0.02114","0.00725","88.98556"
"142.40000","4.74654","3,534.97266","0.02115","0.00727","89.01299"
"142.50000","4.74998","3,536.47876","0.02117","0.00725","89.05091"
"142.60000","4.75327","3,537.88110","0.02121","0.00718","89.08622"
"142.70000","4.75663","3,539.68115","0.02120","0.00720","89.13155"
"142.80000","4.75992","3,540.35425","0.02123","0.00714","89.14850"
"142.90000","4.76343","3,543.34668","0.02125","0.00713","89.22385"
"143.00000","4.76672","3,544.83008","0.02125","0.00720","89.26120"
"143.10000","4.76986","3,544.69800","0.02126","0.00725","89.25787"
"143.20000","4.77330","3,547.30151","0.02127","0.00689","89.32343"
"143.30000","4.77666","3,548.70215","0.02130","0.00701","89.35870"
"143.40000","4.77987","3,549.85815","0.02131","0.00705","89.38781"
"143.50000","4.78339","3,551.84351","0.02132","0.00717","89.43781"
"143.60000","4.78675","3,553.60767","0.02134","0.00744","89.48222"
"143.70000","4.78996","3,554.49219","0.02136","0.00714","89.50450"
"143.80000","4.79340","3,556.69702","0.02138","0.00739","89.56002"
"143.90000","4.79669","3,557.43994","0.02138","0.00738","89.57873"
"144.00000","4.79998","3,559.27783","0.02138","0.00738","89.62501"
"144.10000","4.80327","3,559.75781","0.02143","0.00771","89.63709"
"144.20000","4.80670","3,561.80322","0.02143","0.00777","89.68860"
"144.30000","4.81007","3,563.35498","0.02142","0.00759","89.72767"
"144.40000","4.81328","3,564.38867","0.02145","0.00765","89.75370"
"144.50000","4.81672","3,566.36646","0.02148","0.00772","89.80350"
"144.60000","4.82001","3,567.08203","0.02150","0.00777","89.82152"
"144.70000","4.82322","3,568.68506","0.02150","0.00776","89.86189"
"144.80000","4.82666","3,571.33936","0.02153","0.00775","89.92873"
"144.90000","4.83002","3,571.78223","0.02152","0.00784","89.93987"
"145.00000","4.83323","3,574.65771","0.02155","0.00776","90.01228"
"145.10000","4.83667","3,575.99927","0.02157","0.00778","90.04606"
"145.20000","4.84011","3,577.39551","0.02158","0.00778","90.08122"
"145.30000","4.84325","3,577.65259","0.02159","0.00750","90.08769"
"145.40000","4.84654","3,579.64111","0.02159","0.00752","90.13776"
"145.50000","4.84998","3,581.56812","0.02159","0.00747","90.18629"
"145.60000","4.85334","3,583.24561","0.02162","0.00745","90.22853"
"145.70000","4.85663","3,584.28198","0.02165","0.00743","90.25462"
"145.80000","4.86007","3,586.08813","0.02165","0.00743","90.30011"
"145.90000","4.86343","3,587.43042","0.02167","0.00733","90.33391"
"146.00000","4.86657","3,587.98291","0.02172","0.00736","90.34782"
"146.10000","4.87001","3,590.52563","0.02170","0.00741","90.41184"
"146.20000","4.87337","3,591.31470","0.02173","0.00734","90.43172"
"146.30000","4.87658","3,594.15820","0.02176","0.00730","90.50332"
"146.40000","4.88002","3,594.99194","0.02178","0.00730","90.52431"
"146.50000","4.88346","3,596.54883","0.02178","0.00726","90.56351"
"146.60000","4.88660","3,597.48071","0.02178","0.00729","90.58698"
"146.70000","4.88996","3,599.70215","0.02181","0.00745","90.64291"
"146.80000","4.89332","3,601.52246","0.02183","0.00749","90.68875"
"146.90000","4.89654","3,602.52588","0.02183","0.00733","90.71402"
"147.00000","4.89990","3,603.71289","0.02187","0.00759","90.74391"
"147.10000","4.90341","3,605.75903","0.02187","0.00767","90.79543"
"147.20000","4.90670","3,607.17847","0.02189","0.00781","90.83118"
"147.30000","4.90999","3,608.62842","0.02189","0.00802","90.86768"
"147.40000","4.91335","3,610.09912","0.02191","0.00799","90.90472"
"147.50000","4.91672","3,612.08911","0.02192","0.00785","90.95483"
"147.60000","4.91986","3,613.93848","0.02195","0.00786","91.00140"
"147.70000","4.92329","3,615.07153","0.02195","0.00787","91.02993"
"147.80000","4.92681","3,616.57251","0.02198","0.00800","91.06773"
"147.90000","4.92994","3,618.17212","0.02200","0.00799","91.10800"
"148.00000","4.93338","3,619.38477","0.02201","0.00795","91.13853"
"148.10000","4.93682","3,620.51831","0.02201","0.00794","91.16708"
"148.20000","4.93988","3,621.78833","0.02202","0.00804","91.19906"
"148.30000","4.94325","3,623.67065","0.02204","0.00798","91.24646"
"148.40000","4.94669","3,625.71436","0.02208","0.00762","91.29792"
"148.50000","4.94997","3,627.53149","0.02207","0.00763","91.34368"
"148.60000","4.95326","3,628.38770","0.02209","0.00773","91.36523"
"148.70000","4.95670","3,629.73926","0.02210","0.00768","91.39927"
"148.80000","4.96014","3,632.07690","0.02208","0.00774","91.45814"
"148.90000","4.96328","3,634.15454","0.02212","0.00763","91.51045"
"149.00000","4.96664","3,634.60962","0.02214","0.00757","91.52191"
"149.10000","4.97008","3,635.83203","0.02218","0.00755","91.55269"
"149.20000","4.97322","3,638.23657","0.02217","0.00756","91.61324"
"149.30000","4.97673","3,639.23267","0.02222","0.00750","91.63832"
"149.40000","4.98009","3,640.46094","0.02221","0.00770","91.66925"
"149.50000","4.98323","3,642.40332","0.02225","0.00752","91.71816"
"149.60000","4.98667","3,643.90283","0.02225","0.00740","91.75592"
"149.70000","4.99003","3,645.18311","0.02225","0.00756","91.78815"
"149.80000","4.99332","3,647.30664","0.02228","0.00749","91.84163"
"149.90000","4.99668","3,648.08765","0.02230","0.00762","91.86130"
"150.00000","5.00005","3,650.00513","0.02231","0.00756","91.90958"
"150.10000","5.00348","3,651.57129","0.02230","0.00776","91.94901"
"150.20000","5.00655","3,652.99170","0.02234","0.00793","91.98479"
"150.30000","5.00999","3,654.36523","0.02235","0.00796","92.01937"
"150.40000","5.01335","3,656.42822","0.02236","0.00800","92.07132"
"150.50000","5.01649","3,656.77808","0.02238","0.00809","92.08012"
"150.60000","5.02000","3,658.58447","0.02238","0.00809","92.12561"
"150.70000","5.02344","3,660.74072","0.02240","0.00797","92.17991"
"150.80000","5.02658","3,661.13745","0.02242","0.00804","92.18990"
"150.90000","5.03009","3,663.34058","0.02243","0.00814","92.24538"
"151.00000","5.03338","3,665.08887","0.02245","0.00813","92.28940"
"151.10000","5.03659","3,666.32495","0.02248","0.00814","92.32053"
"151.20000","5.03996","3,667.83398","0.02247","0.00811","92.35852"
"151.30000","5.04332","3,668.90088","0.02249","0.00809","92.38538"
"151.40000","5.04668","3,670.37622","0.02250","0.00814","92.42254"
"151.50000","5.04990","3,671.73926","0.02254","0.00809","92.45686"
"151.60000","5.05341","3,673.64136","0.02252","0.00785","92.50475"
"151.70000","5.05670","3,675.97632","0.02255","0.00791","92.56355"
"151.80000","5.05976","3,675.72241","0.02255","0.00794","92.55716"
"151.90000","5.06335","3,679.06616","0.02258","0.00784","92.64136"
"152.00000","5.06671","3,679.47437","0.02260","0.00782","92.65163"
"152.10000","5.06993","3,681.24219","0.02260","0.00778","92.69615"
"152.20000","5.07344","3,681.74512","0.02261","0.00773","92.70882"
"152.30000","5.07673","3,683.93213","0.02265","0.00775","92.76389"
"152.40000","5.08002","3,684.52783","0.02266","0.00769","92.77888"
"152.50000","5.08330","3,686.39380","0.02265","0.00774","92.82587"
"152.60000","5.08659","3,688.36328","0.02266","0.00772","92.87547"
"152.70000","5.08996","3,688.82349","0.02271","0.00751","92.88705"
"152.80000","5.09324","3,691.28809","0.02271","0.00762","92.94911"
"152.90000","5.09668","3,692.83643","0.02272","0.00761","92.98810"
"153.00000","5.10005","3,694.42334","0.02276","0.00753","93.02806"
"153.10000","5.10318","3,695.74878","0.02280","0.00747","93.06143"
"153.20000","5.10662","3,696.26538","0.02279","0.00783","93.07444"
"153.30000","5.10999","3,697.88892","0.02280","0.00794","93.11533"
"153.40000","5.11320","3,698.14673","0.02282","0.00781","93.12182"
"153.50000","5.11671","3,700.09985","0.02282","0.00817","93.17100"
"153.60000","5.12007","3,700.60083","0.02283","0.00820","93.18362"
"153.70000","5.12336","3,702.69116","0.02284","0.00820","93.23625"
"153.80000","5.12673","3,703.72095","0.02285","0.00816","93.26218"
"153.90000","5.13001","3,705.60840","0.02289","0.00820","93.30971"
"154.00000","5.13330","3,706.99316","0.02288","0.00833","93.34457"
"154.10000","5.13652","3,707.70166","0.02289","0.00831","93.36242"
"154.20000","5.14003","3,709.12915","0.02290","0.00830","93.39836"
"154.30000","5.14339","3,712.21606","0.02292","0.00829","93.47609"
"154.40000","5.14661","3,712.01367","0.02294","0.00823","93.47099"
"154.50000","5.15004","3,714.13647","0.02295","0.00831","93.52445"
"154.60000","5.15341","3,715.97339","0.02297","0.00814","93.57070"
"154.70000","5.15655","3,716.13208","0.02297","0.00808","93.57470"
"154.80000","5.15998","3,718.82471","0.02299","0.00796","93.64250"
"154.90000","5.16335","3,720.20898","0.02300","0.00794","93.67736"
"155.00000","5.16664","3,721.10742","0.02302","0.00805","93.69998"
"155.10000","5.17000","3,723.45703","0.02303","0.00804","93.75915"
"155.20000","5.17344","3,724.25366","0.02303","0.00798","93.77921"
"155.30000","5.17665","3,725.50415","0.02306","0.00789","93.81069"
"155.40000","5.17986","3,725.95337","0.02306","0.00790","93.82201"
"155.50000","5.18338","3,728.27734","0.02308","0.00794","93.88052"
"155.60000","5.18667","3,729.66113","0.02308","0.00792","93.91537"
"155.70000","5.18988","3,730.05273","0.02311","0.00778","93.92523"
"155.80000","5.19339","3,732.61133","0.02314","0.00787","93.98966"
"155.90000","5.19675","3,733.13647","0.02315","0.00779","94.00288"
"156.00000","5.19989","3,734.65112","0.02315","0.00790","94.04102"
"156.10000","5.20333","3,736.53296","0.02319","0.00780","94.08841"
"156.20000","5.20669","3,737.74609","0.02321","0.00782","94.11896"
"156.30000","5.20991","3,737.42163","0.02321","0.00785","94.11079"
"156.40000","5.21335","3,734.78931","0.02318","0.00818","94.04450"
"156.47000","5.21574","3,467.29419","0.02313","0.00837","87.30879"
"156.47400","5.21596","3,141.45044","0.02313","0.00837","79.10383"
"156.47800","5.21611","2,752.62695","0.02313","0.00837","69.31300"
"156.48200","5.21634","2,339.04199","0.02313","0.00837","58.89865"
"156.48400","5.21641","2,132.83813","0.02313","0.00837","53.70630"
