Modulus (Segment 0.001 mm/mm - 0.008 mm/mm) : Modulus (Segment 0.001 mm/mm - 0.008 mm/mm),"6,758.27131",MPa
Poisson's ratio (Least squares fit) : Poisson's ratio (Least squares fit),"0.15994"
Specimen properties : Gauge length,"15.18000",mm
Specimen properties : Gauge length transverse,"4.78600",mm
Specimen properties : Thickness,"2.58000",mm
Specimen properties : Width,"15.05000",mm

Time,Extension,Load,Video axial strain,Video transverse strain,Calculated Stress
(s),(mm),(N),(mm/mm),(mm/mm),(MPa)
"0.00000","-0.00007","73.85497","0.00005","-0.00002","1.90206"
"0.10000","0.00135","75.47107","0.00004","-0.00006","1.94368"
"0.20000","0.00568","81.59013","0.00010","-0.00012","2.10127"
"0.30000","0.00979","88.87825","0.00018","-0.00011","2.28897"
"0.40000","0.01330","95.04181","0.00022","-0.00021","2.44770"
"0.50000","0.01652","100.12418","0.00027","-0.00024","2.57859"
"0.60000","0.01995","105.88508","0.00032","-0.00032","2.72696"
"0.70000","0.02339","110.96237","0.00036","-0.00025","2.85772"
"0.80000","0.02661","116.70412","0.00041","-0.00034","3.00559"
"0.90000","0.03004","121.82361","0.00042","-0.00041","3.13744"
"1.00000","0.03348","128.38948","0.00042","-0.00040","3.30654"
"1.10000","0.03655","132.94626","0.00055","-0.00031","3.42389"
"1.20000","0.03991","137.82695","0.00055","-0.00027","3.54959"
"1.30000","0.04335","143.63878","0.00052","-0.00033","3.69927"
"1.40000","0.04664","149.38243","0.00051","-0.00037","3.84719"
"1.50000","0.05000","154.50511","0.00058","-0.00038","3.97912"
"1.60000","0.05336","160.59239","0.00068","-0.00041","4.13589"
"1.70000","0.05673","166.08408","0.00065","-0.00040","4.27732"
"1.80000","0.05994","170.99837","0.00053","-0.00045","4.40388"
"1.90000","0.06330","176.33769","0.00062","-0.00048","4.54139"
"2.00000","0.06674","182.48923","0.00059","-0.00052","4.69982"
"2.10000","0.06988","186.88593","0.00072","-0.00043","4.81305"
"2.20000","0.07332","192.06932","0.00076","-0.00022","4.94654"
"2.30000","0.07683","198.43611","0.00069","-0.00013","5.11051"
"2.40000","0.07989","202.64363","0.00072","-0.00006","5.21887"
"2.50000","0.08333","208.44501","0.00069","-0.00002","5.36828"
"2.60000","0.08677","214.37621","0.00074","-0.00009","5.52103"
"2.70000","0.08991","219.48262","0.00075","-0.00003","5.65254"
"2.80000","0.09335","224.46800","0.00078","-0.00012","5.78094"
"2.90000","0.09671","229.90295","0.00083","-0.00014","5.92091"
"3.00000","0.10007","235.37230","0.00082","-0.00016","6.06177"
"3.10000","0.10329","239.99443","0.00086","-0.00014","6.18080"
"3.20000","0.10665","245.62718","0.00085","-0.00018","6.32587"
"3.30000","0.11001","251.17807","0.00089","-0.00024","6.46883"
"3.40000","0.11315","255.83603","0.00088","-0.00021","6.58879"
"3.50000","0.11666","261.16779","0.00090","-0.00030","6.72610"
"3.60000","0.12010","267.82523","0.00095","-0.00030","6.89756"
"3.70000","0.12324","271.75491","0.00096","-0.00032","6.99876"
"3.80000","0.12675","277.28329","0.00098","-0.00041","7.14114"
"3.90000","0.13012","282.79425","0.00106","-0.00039","7.28307"
"4.00000","0.13326","287.22388","0.00111","-0.00042","7.39715"
"4.10000","0.13669","293.07452","0.00112","-0.00044","7.54783"
"4.20000","0.13998","298.23587","0.00120","-0.00047","7.68075"
"4.30000","0.14335","303.48203","0.00126","-0.00053","7.81586"
"4.40000","0.14671","308.65082","0.00127","-0.00046","7.94898"
"4.50000","0.15007","314.16882","0.00136","-0.00043","8.09109"
"4.60000","0.15343","318.92004","0.00132","-0.00032","8.21345"
"4.70000","0.15657","324.09464","0.00134","-0.00039","8.34672"
"4.80000","0.15994","328.99805","0.00140","-0.00042","8.47300"
"4.90000","0.16337","334.16449","0.00131","-0.00047","8.60605"
"5.00000","0.16651","339.54987","0.00135","-0.00047","8.74475"
"5.10000","0.17003","345.91913","0.00130","-0.00052","8.90878"
"5.20000","0.17339","350.58316","0.00131","-0.00051","9.02890"
"5.30000","0.17660","355.54349","0.00136","-0.00047","9.15665"
"5.40000","0.18004","360.86197","0.00132","-0.00053","9.29362"
"5.50000","0.18325","365.01724","0.00135","-0.00037","9.40063"
"5.60000","0.18662","370.23410","0.00139","-0.00035","9.53499"
"5.70000","0.18991","375.81586","0.00144","-0.00017","9.67874"
"5.80000","0.19334","380.82623","0.00145","-0.00010","9.80778"
"5.90000","0.19678","386.98499","0.00142","-0.00003","9.96639"
"6.00000","0.19992","390.86636","0.00148","-0.00006","10.06635"
"6.10000","0.20328","395.94751","0.00143","-0.00012","10.19721"
"6.20000","0.20672","401.84729","0.00141","-0.00016","10.34915"
"6.30000","0.20986","406.38818","0.00150","-0.00021","10.46610"
"6.40000","0.21337","411.80301","0.00147","-0.00017","10.60555"
"6.50000","0.21681","416.63269","0.00143","-0.00022","10.72994"
"6.60000","0.21995","421.84528","0.00148","-0.00024","10.86418"
"6.70000","0.22339","425.99127","0.00151","-0.00023","10.97096"
"6.80000","0.22668","432.00702","0.00155","-0.00016","11.12589"
"6.90000","0.22997","436.82614","0.00159","-0.00032","11.25000"
"7.00000","0.23325","441.84482","0.00155","-0.00031","11.37925"
"7.10000","0.23662","446.27115","0.00157","-0.00036","11.49324"
"7.20000","0.24005","452.14774","0.00163","-0.00037","11.64459"
"7.30000","0.24327","456.83026","0.00163","-0.00040","11.76518"
"7.40000","0.24671","460.91620","0.00162","-0.00042","11.87041"
"7.50000","0.25007","466.37701","0.00169","-0.00050","12.01105"
"7.60000","0.25313","470.92847","0.00174","-0.00051","12.12827"
"7.70000","0.25665","476.35999","0.00180","-0.00049","12.26815"
"7.80000","0.26001","481.07990","0.00183","-0.00053","12.38971"
"7.90000","0.26322","485.18192","0.00189","-0.00038","12.49535"
"8.00000","0.26674","490.90930","0.00184","-0.00033","12.64285"
"8.10000","0.27010","495.24146","0.00190","-0.00034","12.75442"
"8.20000","0.27331","499.82330","0.00195","-0.00037","12.87242"
"8.30000","0.27660","504.40204","0.00190","-0.00038","12.99034"
"8.40000","0.27996","509.35974","0.00195","-0.00047","13.11802"
"8.50000","0.28333","514.17163","0.00189","-0.00044","13.24195"
"8.60000","0.28654","519.00092","0.00193","-0.00052","13.36632"
"8.70000","0.29005","523.87939","0.00191","-0.00054","13.49196"
"8.80000","0.29342","528.08527","0.00189","-0.00050","13.60028"
"8.90000","0.29656","532.94080","0.00194","-0.00047","13.72533"
"9.00000","0.29999","538.38092","0.00194","-0.00028","13.86543"
"9.10000","0.30336","543.33716","0.00194","-0.00016","13.99308"
"9.20000","0.30657","547.53760","0.00201","-0.00006","14.10125"
"9.30000","0.31001","552.80145","0.00201","0.00005","14.23682"
"9.40000","0.31345","557.29926","0.00204","-0.00007","14.35266"
"9.50000","0.31666","561.04645","0.00197","-0.00013","14.44916"
"9.60000","0.31995","566.85376","0.00200","-0.00016","14.59872"
"9.70000","0.32331","571.59271","0.00201","-0.00013","14.72077"
"9.80000","0.32660","575.97675","0.00211","-0.00010","14.83367"
"9.90000","0.32989","580.06726","0.00206","-0.00017","14.93902"
"10.00000","0.33340","585.68658","0.00205","-0.00019","15.08374"
"10.10000","0.33669","589.59216","0.00206","-0.00024","15.18433"
"10.20000","0.33998","594.49194","0.00214","-0.00024","15.31051"
"10.30000","0.34342","599.32477","0.00205","-0.00026","15.43498"
"10.40000","0.34670","603.30804","0.00211","-0.00032","15.53756"
"10.50000","0.34984","607.57971","0.00213","-0.00031","15.64758"
"10.60000","0.35328","612.84747","0.00212","-0.00036","15.78324"
"10.70000","0.35672","617.46088","0.00214","-0.00037","15.90205"
"10.80000","0.35993","622.22119","0.00222","-0.00038","16.02465"
"10.90000","0.36337","625.96301","0.00221","-0.00043","16.12102"
"11.00000","0.36681","631.59570","0.00220","-0.00041","16.26608"
"11.10000","0.36995","636.08679","0.00224","-0.00046","16.38175"
"11.20000","0.37331","640.48541","0.00226","-0.00051","16.49503"
"11.30000","0.37667","644.28290","0.00231","-0.00040","16.59283"
"11.40000","0.37989","649.09009","0.00233","-0.00037","16.71663"
"11.50000","0.38333","653.43744","0.00237","-0.00028","16.82859"
"11.60000","0.38676","657.47150","0.00243","-0.00035","16.93249"
"11.70000","0.39005","662.20020","0.00242","-0.00040","17.05427"
"11.80000","0.39327","665.71838","0.00245","-0.00040","17.14488"
"11.90000","0.39655","670.99603","0.00250","-0.00041","17.28080"
"12.00000","0.39999","674.71594","0.00251","-0.00043","17.37660"
"12.10000","0.40313","679.51459","0.00254","-0.00047","17.50018"
"12.20000","0.40664","683.46466","0.00250","-0.00041","17.60191"
"12.30000","0.41016","688.55536","0.00255","-0.00034","17.73302"
"12.40000","0.41322","692.30048","0.00255","-0.00029","17.82947"
"12.50000","0.41666","696.70892","0.00256","-0.00005","17.94300"
"12.60000","0.42002","701.40656","0.00257","0.00001","18.06399"
"12.70000","0.42324","705.38257","0.00253","0.00010","18.16639"
"12.80000","0.42667","710.01831","0.00255","0.00001","18.28577"
"12.90000","0.42996","714.23157","0.00254","-0.00011","18.39428"
"13.00000","0.43340","719.04706","0.00253","-0.00003","18.51830"
"13.10000","0.43669","722.52661","0.00258","-0.00007","18.60791"
"13.20000","0.44005","726.50293","0.00257","-0.00013","18.71032"
"13.30000","0.44341","731.08795","0.00261","-0.00008","18.82840"
"13.40000","0.44655","734.49219","0.00260","-0.00018","18.91607"
"13.50000","0.44999","739.59900","0.00261","-0.00016","19.04759"
"13.60000","0.45343","744.79498","0.00266","-0.00022","19.18141"
"13.70000","0.45657","748.49030","0.00269","-0.00019","19.27658"
"13.80000","0.46008","752.86481","0.00262","-0.00022","19.38924"
"13.90000","0.46344","757.22931","0.00267","-0.00032","19.50164"
"14.00000","0.46658","760.57886","0.00267","-0.00029","19.58791"
"14.10000","0.46995","765.94617","0.00268","-0.00035","19.72614"
"14.20000","0.47323","769.40173","0.00274","-0.00036","19.81513"
"14.30000","0.47667","773.80573","0.00274","-0.00038","19.92855"
"14.40000","0.47996","778.27386","0.00277","-0.00041","20.04362"
"14.50000","0.48332","782.39850","0.00277","-0.00043","20.14985"
"14.60000","0.48676","787.04169","0.00280","-0.00050","20.26943"
"14.70000","0.48983","790.99481","0.00281","-0.00043","20.37124"
"14.80000","0.49334","794.66559","0.00282","-0.00030","20.46577"
"14.90000","0.49678","799.05756","0.00286","-0.00029","20.57889"
"15.00000","0.49984","802.80554","0.00286","-0.00029","20.67541"
"15.10000","0.50335","806.82739","0.00290","-0.00035","20.77899"
"15.20000","0.50679","811.42737","0.00298","-0.00034","20.89746"
"15.30000","0.51000","815.40344","0.00299","-0.00034","20.99986"
"15.40000","0.51337","819.01587","0.00298","-0.00035","21.09289"
"15.50000","0.51658","823.08276","0.00301","-0.00039","21.19763"
"15.60000","0.51994","828.21411","0.00307","-0.00039","21.32978"
"15.70000","0.52323","831.81476","0.00310","-0.00032","21.42251"
"15.80000","0.52667","836.36212","0.00303","-0.00020","21.53963"
"15.90000","0.53011","840.42261","0.00306","-0.00006","21.64420"
"16.00000","0.53325","843.93060","0.00307","0.00013","21.73454"
"16.10000","0.53669","848.08313","0.00310","0.00010","21.84149"
"16.20000","0.54012","852.52032","0.00303","-0.00002","21.95576"
"16.30000","0.54319","855.97162","0.00310","0.00002","22.04465"
"16.40000","0.54670","859.86768","0.00311","-0.00001","22.14499"
"16.50000","0.55006","864.64734","0.00310","-0.00005","22.26808"
"16.60000","0.55328","868.52509","0.00313","-0.00001","22.36795"
"16.70000","0.55672","872.15088","0.00315","-0.00009","22.46133"
"16.80000","0.56000","876.62769","0.00318","-0.00009","22.57662"
"16.90000","0.56329","880.47961","0.00315","-0.00013","22.67583"
"17.00000","0.56658","884.67694","0.00319","-0.00013","22.78392"
"17.10000","0.56994","888.60876","0.00318","-0.00021","22.88518"
"17.20000","0.57338","892.56818","0.00323","-0.00016","22.98715"
"17.30000","0.57652","896.03284","0.00326","-0.00021","23.07638"
"17.40000","0.58011","900.71887","0.00322","-0.00027","23.19707"
"17.50000","0.58347","904.35297","0.00322","-0.00028","23.29066"
"17.60000","0.58654","907.66968","0.00328","-0.00032","23.37608"
"17.70000","0.59005","912.15875","0.00329","-0.00035","23.49169"
"17.80000","0.59334","915.81195","0.00330","-0.00041","23.58577"
"17.90000","0.59662","919.84161","0.00334","-0.00035","23.68955"
"18.00000","0.59999","924.22021","0.00334","-0.00040","23.80232"
"18.10000","0.60343","927.42303","0.00335","-0.00039","23.88480"
"18.20000","0.60671","931.38629","0.00339","-0.00027","23.98687"
"18.30000","0.60993","935.29663","0.00339","-0.00017","24.08758"
"18.40000","0.61329","939.93835","0.00340","-0.00024","24.20712"
"18.50000","0.61665","943.34210","0.00344","-0.00026","24.29478"
"18.60000","0.61987","947.25934","0.00344","-0.00025","24.39567"
"18.70000","0.62338","950.76917","0.00345","-0.00032","24.48606"
"18.80000","0.62674","955.11407","0.00347","-0.00029","24.59796"
"18.90000","0.62996","958.49615","0.00352","-0.00026","24.68506"
"19.00000","0.63340","963.62476","0.00350","-0.00030","24.81714"
"19.10000","0.63668","966.55164","0.00356","-0.00025","24.89252"
"19.20000","0.63990","970.71490","0.00359","-0.00009","24.99974"
"19.30000","0.64334","974.40717","0.00371","0.00018","25.09483"
"19.40000","0.64670","978.22498","0.00368","0.00020","25.19315"
"19.50000","0.64999","982.07721","0.00362","0.00020","25.29236"
"19.60000","0.65335","986.03320","0.00369","0.00007","25.39425"
"19.70000","0.65671","990.37738","0.00361","0.00002","25.50613"
"19.80000","0.65993","993.94440","0.00361","0.00004","25.59799"
"19.90000","0.66322","997.33032","0.00365","0.00000","25.68519"
"20.00000","0.66673","1,001.32318","0.00367","0.00001","25.78802"
"20.10000","0.67002","1,005.17627","0.00371","-0.00005","25.88726"
"20.20000","0.67323","1,008.26447","0.00371","-0.00008","25.96679"
"20.30000","0.67674","1,013.07861","0.00368","-0.00005","26.09077"
"20.40000","0.68003","1,016.96246","0.00378","-0.00012","26.19080"
"20.50000","0.68317","1,020.06940","0.00376","-0.00013","26.27081"
"20.60000","0.68661","1,024.02856","0.00377","-0.00014","26.37278"
"20.70000","0.69005","1,027.95923","0.00378","-0.00019","26.47401"
"20.80000","0.69326","1,031.00403","0.00382","-0.00018","26.55242"
"20.90000","0.69662","1,035.59314","0.00378","-0.00023","26.67061"
"21.00000","0.70006","1,040.13611","0.00374","-0.00027","26.78761"
"21.10000","0.70327","1,043.39893","0.00380","-0.00031","26.87164"
"21.20000","0.70664","1,046.92322","0.00379","-0.00036","26.96240"
"21.30000","0.71000","1,050.76794","0.00384","-0.00035","27.06142"
"21.40000","0.71329","1,054.32214","0.00385","-0.00037","27.15296"
"21.50000","0.71665","1,057.82959","0.00388","-0.00028","27.24329"
"21.60000","0.72009","1,062.59021","0.00386","-0.00025","27.36589"
"21.70000","0.72338","1,065.67493","0.00386","-0.00019","27.44534"
"21.80000","0.72659","1,069.35986","0.00394","-0.00017","27.54024"
"21.90000","0.72996","1,073.31140","0.00391","-0.00019","27.64200"
"22.00000","0.73332","1,076.37024","0.00392","-0.00021","27.72078"
"22.10000","0.73653","1,080.07654","0.00390","-0.00016","27.81623"
"22.20000","0.73997","1,084.07898","0.00397","-0.00020","27.91931"
"22.30000","0.74341","1,087.82593","0.00394","-0.00022","28.01581"
"22.40000","0.74662","1,092.21399","0.00403","-0.00024","28.12882"
"22.50000","0.74998","1,095.41821","0.00404","-0.00004","28.21134"
"22.60000","0.75335","1,099.40100","0.00403","0.00009","28.31392"
"22.70000","0.75656","1,102.76294","0.00404","0.00022","28.40050"
"22.80000","0.76000","1,106.98816","0.00410","0.00031","28.50931"
"22.90000","0.76329","1,109.97632","0.00411","0.00024","28.58627"
"23.00000","0.76673","1,114.29407","0.00421","0.00013","28.69747"
"23.10000","0.76994","1,117.02368","0.00416","0.00012","28.76777"
"23.20000","0.77330","1,121.01099","0.00422","0.00014","28.87046"
"23.30000","0.77682","1,124.69080","0.00421","0.00010","28.96523"
"23.40000","0.77988","1,128.37683","0.00413","0.00007","29.06016"
"23.50000","0.78332","1,131.75171","0.00416","0.00005","29.14707"
"23.60000","0.78676","1,135.26025","0.00420","0.00003","29.23743"
"23.70000","0.78989","1,139.50647","0.00420","-0.00005","29.34679"
"23.80000","0.79333","1,143.16577","0.00429","-0.00005","29.44103"
"23.90000","0.79677","1,146.87146","0.00429","-0.00005","29.53647"
"24.00000","0.79998","1,150.29358","0.00432","-0.00011","29.62460"
"24.10000","0.80335","1,153.36316","0.00434","-0.00008","29.70365"
"24.20000","0.80664","1,157.35901","0.00432","-0.00022","29.80656"
"24.30000","0.81007","1,161.46936","0.00432","-0.00017","29.91242"
"24.40000","0.81329","1,164.84705","0.00435","-0.00022","29.99941"
"24.50000","0.81665","1,168.11780","0.00437","-0.00023","30.08364"
"24.60000","0.82016","1,172.58838","0.00430","-0.00023","30.19878"
"24.70000","0.82323","1,176.83643","0.00437","-0.00025","30.30818"
"24.80000","0.82666","1,179.15625","0.00441","-0.00026","30.36793"
"24.90000","0.83003","1,182.68054","0.00442","-0.00027","30.45869"
"25.00000","0.83317","1,186.56494","0.00444","-0.00018","30.55873"
"25.10000","0.83668","1,189.83423","0.00421","-0.00007","30.64293"
"25.20000","0.84004","1,194.30408","0.00442","-0.00008","30.75804"
"25.30000","0.84326","1,197.21289","0.00437","-0.00011","30.83296"
"25.40000","0.84669","1,200.85950","0.00441","-0.00013","30.92687"
"25.50000","0.84991","1,204.66504","0.00448","-0.00016","31.02488"
"25.60000","0.85327","1,208.07495","0.00449","-0.00014","31.11270"
"25.70000","0.85656","1,211.41162","0.00451","-0.00018","31.19863"
"25.80000","0.86000","1,214.63403","0.00449","-0.00010","31.28162"
"25.90000","0.86351","1,219.09656","0.00454","-0.00005","31.39655"
"26.00000","0.86657","1,222.20569","0.00455","0.00017","31.47662"
"26.10000","0.87009","1,225.50549","0.00452","0.00031","31.56160"
"26.20000","0.87345","1,228.96875","0.00460","0.00032","31.65079"
"26.30000","0.87644","1,232.99182","0.00456","0.00034","31.75441"
"26.40000","0.88003","1,235.76514","0.00465","0.00021","31.82583"
"26.50000","0.88339","1,240.11890","0.00465","0.00016","31.93796"
"26.60000","0.88660","1,244.25403","0.00481","0.00017","32.04445"
"26.70000","0.89004","1,246.85474","0.00475","0.00017","32.11143"
"26.80000","0.89340","1,250.17761","0.00465","0.00012","32.19701"
"26.90000","0.89669","1,253.86279","0.00474","0.00009","32.29192"
"27.00000","0.89991","1,256.87048","0.00474","0.00005","32.36938"
"27.10000","0.90327","1,260.41113","0.00477","0.00003","32.46056"
"27.20000","0.90671","1,264.46790","0.00480","0.00000","32.56504"
"27.30000","0.90985","1,267.01477","0.00484","-0.00003","32.63063"
"27.40000","0.91343","1,270.53247","0.00480","-0.00005","32.72123"
"27.50000","0.91680","1,274.99951","0.00485","-0.00005","32.83627"
"27.60000","0.91986","1,276.94495","0.00494","-0.00005","32.88637"
"27.70000","0.92337","1,280.73535","0.00490","-0.00016","32.98399"
"27.80000","0.92666","1,284.69531","0.00490","-0.00020","33.08598"
"27.90000","0.92988","1,287.33655","0.00492","-0.00017","33.15400"
"28.00000","0.93339","1,291.70398","0.00488","-0.00019","33.26648"
"28.10000","0.93675","1,294.68494","0.00485","-0.00022","33.34325"
"28.20000","0.94004","1,298.33630","0.00484","-0.00025","33.43728"
"28.30000","0.94333","1,300.95239","0.00485","-0.00008","33.50466"
"28.40000","0.94669","1,304.88074","0.00480","0.00000","33.60583"
"28.50000","0.94998","1,308.05664","0.00476","0.00000","33.68762"
"28.60000","0.95319","1,311.27502","0.00487","-0.00001","33.77051"
"28.70000","0.95671","1,315.46338","0.00484","-0.00007","33.87837"
"28.80000","0.96007","1,319.04883","0.00490","-0.00006","33.97071"
"28.90000","0.96328","1,321.46973","0.00497","-0.00007","34.03306"
"29.00000","0.96672","1,324.61853","0.00499","-0.00009","34.11415"
"29.10000","0.97001","1,328.39636","0.00493","-0.00009","34.21145"
"29.20000","0.97322","1,331.32764","0.00494","0.00014","34.28694"
"29.30000","0.97666","1,334.95911","0.00495","0.00021","34.38047"
"29.40000","0.98002","1,338.05273","0.00503","0.00042","34.46014"
"29.50000","0.98331","1,341.63074","0.00504","0.00043","34.55229"
"29.60000","0.98668","1,344.42590","0.00508","0.00044","34.62427"
"29.70000","0.99004","1,348.49719","0.00506","0.00030","34.72913"
"29.80000","0.99333","1,350.94287","0.00508","0.00036","34.79211"
"29.90000","0.99654","1,354.31104","0.00512","0.00026","34.87885"
"30.00000","0.99998","1,358.21887","0.00514","0.00026","34.97950"
"30.10000","1.00334","1,361.70691","0.00524","0.00019","35.06933"
"30.20000","1.00663","1,364.31311","0.00529","0.00020","35.13645"
"30.30000","1.01007","1,367.30713","0.00525","0.00016","35.21355"
"30.40000","1.01343","1,370.47607","0.00528","0.00014","35.29517"
"30.50000","1.01657","1,373.72656","0.00522","0.00008","35.37888"
"30.60000","1.01993","1,377.07007","0.00528","0.00008","35.46499"
"30.70000","1.02337","1,380.54639","0.00534","0.00005","35.55452"
"30.80000","1.02659","1,383.86938","0.00537","0.00004","35.64010"
"30.90000","1.03002","1,387.57690","0.00529","-0.00001","35.73558"
"31.00000","1.03346","1,390.25159","0.00536","-0.00002","35.80447"
"31.10000","1.03668","1,393.63953","0.00536","-0.00010","35.89172"
"31.20000","1.03996","1,396.47729","0.00540","-0.00011","35.96480"
"31.30000","1.04333","1,400.54456","0.00541","-0.00005","36.06955"
"31.40000","1.04662","1,403.44629","0.00541","-0.00009","36.14428"
"31.50000","1.04990","1,406.99207","0.00537","-0.00013","36.23560"
"31.60000","1.05334","1,410.19458","0.00545","-0.00018","36.31808"
"31.70000","1.05670","1,413.50635","0.00529","-0.00009","36.40337"
"31.80000","1.05999","1,416.40417","0.00545","0.00006","36.47800"
"31.90000","1.06328","1,419.50037","0.00535","0.00012","36.55774"
"32.00000","1.06672","1,423.24023","0.00532","0.00006","36.65405"
"32.10000","1.06986","1,426.05273","0.00525","0.00002","36.72649"
"32.20000","1.07330","1,429.64111","0.00536","0.00002","36.81890"
"32.30000","1.07673","1,433.68213","0.00542","0.00002","36.92297"
"32.40000","1.07995","1,436.43127","0.00535","0.00003","36.99377"
"32.50000","1.08339","1,439.21680","0.00534","0.00002","37.06551"
"32.60000","1.08675","1,443.61267","0.00548","0.00031","37.17872"
"32.70000","1.08996","1,446.34009","0.00554","0.00034","37.24897"
"32.80000","1.09325","1,449.29578","0.00560","0.00050","37.32508"
"32.90000","1.09661","1,452.52917","0.00554","0.00047","37.40836"
"33.00000","1.10005","1,456.61938","0.00558","0.00044","37.51370"
"33.10000","1.10327","1,459.45874","0.00557","0.00039","37.58682"
"33.20000","1.10670","1,463.02759","0.00566","0.00034","37.67873"
"33.30000","1.11022","1,466.28625","0.00566","0.00034","37.76266"
"33.40000","1.11321","1,469.21362","0.00565","0.00031","37.83805"
"33.50000","1.11657","1,472.47888","0.00581","0.00028","37.92214"
"33.60000","1.12001","1,475.27368","0.00577","0.00024","37.99412"
"33.70000","1.12322","1,478.40649","0.00574","0.00021","38.07480"
"33.80000","1.12666","1,481.63647","0.00577","0.00019","38.15799"
"33.90000","1.13010","1,484.96838","0.00582","0.00013","38.24380"
"34.00000","1.13338","1,487.88806","0.00577","0.00008","38.31899"
"34.10000","1.13667","1,491.47253","0.00580","0.00008","38.41130"
"34.20000","1.13996","1,494.40393","0.00587","0.00006","38.48680"
"34.30000","1.14332","1,496.88782","0.00587","0.00006","38.55077"
"34.40000","1.14654","1,500.50366","0.00586","-0.00002","38.64389"
"34.50000","1.14998","1,503.81750","0.00597","-0.00006","38.72924"
"34.60000","1.15356","1,506.67615","0.00579","-0.00005","38.80286"
"34.70000","1.15655","1,509.85107","0.00574","-0.00003","38.88462"
"34.80000","1.15999","1,512.32227","0.00576","-0.00004","38.94827"
"34.90000","1.16343","1,515.78015","0.00591","-0.00006","39.03732"
"35.00000","1.16657","1,518.58813","0.00580","-0.00007","39.10964"
"35.10000","1.17001","1,522.14563","0.00584","0.00002","39.20126"
"35.20000","1.17337","1,525.46924","0.00578","0.00001","39.28685"
"35.30000","1.17673","1,527.80652","0.00587","0.00010","39.34705"
"35.40000","1.18002","1,530.94385","0.00589","0.00012","39.42785"
"35.50000","1.18331","1,534.19556","0.00593","0.00010","39.51159"
"35.60000","1.18675","1,537.56104","0.00575","0.00015","39.59827"
"35.70000","1.18989","1,539.68396","0.00588","0.00009","39.65294"
"35.80000","1.19325","1,543.02283","0.00580","0.00007","39.73893"
"35.90000","1.19676","1,546.52563","0.00585","0.00027","39.82914"
"36.00000","1.19990","1,549.16174","0.00598","0.00035","39.89703"
"36.10000","1.20341","1,552.24805","0.00588","0.00062","39.97651"
"36.20000","1.20678","1,556.06055","0.00589","0.00058","40.07470"
"36.30000","1.20984","1,558.20044","0.00608","0.00052","40.12981"
"36.40000","1.21335","1,561.53516","0.00601","0.00055","40.21569"
"36.50000","1.21672","1,564.55823","0.00604","0.00049","40.29355"
"36.60000","1.21993","1,567.44324","0.00615","0.00040","40.36785"
"36.70000","1.22337","1,570.40308","0.00616","0.00034","40.44408"
"36.80000","1.22673","1,573.56873","0.00618","0.00037","40.52560"
"36.90000","1.23009","1,576.93311","0.00629","0.00030","40.61225"
"37.00000","1.23323","1,579.19189","0.00626","0.00028","40.67043"
"37.10000","1.23667","1,581.84912","0.00626","0.00028","40.73886"
"37.20000","1.24003","1,586.23425","0.00627","0.00022","40.85179"
"37.30000","1.24317","1,588.17249","0.00630","0.00023","40.90171"
"37.40000","1.24676","1,591.49854","0.00635","0.00013","40.98737"
"37.50000","1.25012","1,595.12354","0.00630","0.00012","41.08073"
"37.60000","1.25319","1,596.92200","0.00632","0.00014","41.12704"
"37.70000","1.25670","1,600.16064","0.00631","0.00008","41.21045"
"37.80000","1.25999","1,603.24829","0.00635","0.00004","41.28997"
"37.90000","1.26320","1,606.47070","0.00635","0.00003","41.37296"
"38.00000","1.26664","1,609.33374","0.00639","0.00004","41.44670"
"38.10000","1.27000","1,612.16431","0.00644","-0.00004","41.51959"
"38.20000","1.27337","1,615.89233","0.00640","0.00000","41.61560"
"38.30000","1.27666","1,618.21448","0.00630","0.00001","41.67541"
"38.40000","1.28002","1,621.46301","0.00625","0.00005","41.75907"
"38.50000","1.28331","1,624.41260","0.00629","-0.00001","41.83504"
"38.60000","1.28645","1,626.62329","0.00628","0.00021","41.89197"
"38.70000","1.29003","1,630.47107","0.00639","0.00020","41.99107"
"38.80000","1.29340","1,633.52563","0.00636","0.00019","42.06973"
"38.90000","1.29661","1,636.29016","0.00633","0.00018","42.14093"
"39.00000","1.30012","1,639.13708","0.00646","0.00018","42.21425"
"39.10000","1.30341","1,641.95764","0.00645","0.00013","42.28689"
"39.20000","1.30663","1,644.84583","0.00642","0.00023","42.36127"
"39.30000","1.30999","1,647.21643","0.00635","0.00047","42.42233"
"39.40000","1.31335","1,650.78247","0.00648","0.00066","42.51416"
"39.50000","1.31664","1,653.88843","0.00646","0.00065","42.59415"
"39.60000","1.32000","1,657.20508","0.00643","0.00064","42.67957"
"39.70000","1.32337","1,660.23071","0.00640","0.00063","42.75749"
"39.80000","1.32665","1,662.28003","0.00638","0.00053","42.81027"
"39.90000","1.32987","1,665.42883","0.00639","0.00052","42.89137"
"40.00000","1.33331","1,668.71179","0.00649","0.00048","42.97591"
"40.10000","1.33667","1,671.12988","0.00647","0.00044","43.03819"
"40.20000","1.33988","1,673.56250","0.00656","0.00039","43.10084"
"40.30000","1.34340","1,677.27942","0.00664","0.00031","43.19656"
"40.40000","1.34676","1,680.04651","0.00664","0.00030","43.26783"
"40.50000","1.34997","1,682.87488","0.00671","0.00032","43.34067"
"40.60000","1.35326","1,685.41443","0.00673","0.00025","43.40607"
"40.70000","1.35670","1,687.50366","0.00673","0.00023","43.45988"
"40.80000","1.35991","1,691.21387","0.00676","0.00020","43.55543"
"40.90000","1.36328","1,693.47974","0.00681","0.00016","43.61379"
"41.00000","1.36671","1,697.03516","0.00681","0.00016","43.70535"
"41.10000","1.37000","1,699.20959","0.00684","0.00013","43.76135"
"41.20000","1.37329","1,701.00256","0.00683","0.00008","43.80753"
"41.30000","1.37665","1,705.32068","0.00689","0.00013","43.91874"
"41.40000","1.38002","1,708.56433","0.00687","0.00002","44.00227"
"41.50000","1.38323","1,710.71558","0.00689","0.00004","44.05768"
"41.60000","1.38667","1,713.52380","0.00689","0.00010","44.13000"
"41.70000","1.39011","1,716.09448","0.00687","0.00005","44.19621"
"41.80000","1.39332","1,719.67505","0.00681","0.00010","44.28842"
"41.90000","1.39668","1,721.31470","0.00677","0.00023","44.33065"
"42.00000","1.40005","1,724.61157","0.00681","0.00030","44.41555"
"42.10000","1.40319","1,727.86584","0.00691","0.00025","44.49937"
"42.20000","1.40662","1,729.34436","0.00684","0.00021","44.53744"
"42.30000","1.41006","1,733.07507","0.00684","0.00021","44.63352"
"42.40000","1.41327","1,736.56152","0.00680","0.00029","44.72331"
"42.50000","1.41664","1,737.99316","0.00691","0.00029","44.76019"
"42.60000","1.42008","1,741.40393","0.00689","0.00044","44.84802"
"42.70000","1.42336","1,744.43738","0.00679","0.00067","44.92615"
"42.80000","1.42658","1,746.43970","0.00685","0.00069","44.97771"
"42.90000","1.42994","1,750.05103","0.00682","0.00079","45.07072"
"43.00000","1.43338","1,752.35864","0.00690","0.00080","45.13015"
"43.10000","1.43659","1,754.82886","0.00696","0.00072","45.19377"
"43.20000","1.43996","1,757.75732","0.00699","0.00067","45.26919"
"43.30000","1.44347","1,760.92163","0.00699","0.00052","45.35068"
"43.40000","1.44653","1,763.63757","0.00699","0.00052","45.42063"
"43.50000","1.44997","1,765.80737","0.00700","0.00053","45.47651"
"43.60000","1.45341","1,769.50305","0.00701","0.00052","45.57169"
"43.70000","1.45655","1,771.91956","0.00693","0.00043","45.63392"
"43.80000","1.46006","1,774.57849","0.00714","0.00043","45.70240"
"43.90000","1.46342","1,777.96667","0.00712","0.00037","45.78966"
"44.00000","1.46671","1,780.25012","0.00714","0.00033","45.84847"
"44.10000","1.47000","1,783.27649","0.00723","0.00029","45.92641"
"44.20000","1.47329","1,785.51843","0.00726","0.00027","45.98415"
"44.30000","1.47665","1,788.52075","0.00724","0.00029","46.06147"
"44.40000","1.47987","1,790.49963","0.00733","0.00026","46.11243"
"44.50000","1.48330","1,793.71411","0.00736","0.00025","46.19522"
"44.60000","1.48682","1,796.95044","0.00733","0.00015","46.27856"
"44.70000","1.48988","1,799.11438","0.00740","0.00015","46.33430"
"44.80000","1.49339","1,802.23560","0.00745","0.00015","46.41468"
"44.90000","1.49676","1,804.89929","0.00741","0.00012","46.48328"
"45.00000","1.49989","1,806.53430","0.00744","0.00016","46.52539"
"45.10000","1.50333","1,809.43555","0.00744","0.00012","46.60011"
"45.20000","1.50677","1,812.84692","0.00745","0.00015","46.68796"
"45.30000","1.50998","1,815.76270","0.00744","0.00028","46.76306"
"45.40000","1.51342","1,817.96106","0.00748","0.00036","46.81967"
"45.50000","1.51671","1,820.37061","0.00741","0.00035","46.88173"
"45.60000","1.52000","1,822.91064","0.00745","0.00038","46.94714"
"45.70000","1.52321","1,825.81897","0.00741","0.00038","47.02205"
"45.80000","1.52665","1,828.19800","0.00743","0.00040","47.08331"
"45.90000","1.53009","1,830.93347","0.00742","0.00046","47.15376"
"46.00000","1.53323","1,832.96033","0.00740","0.00062","47.20596"
"46.10000","1.53674","1,836.37573","0.00741","0.00083","47.29392"
"46.20000","1.54010","1,838.98877","0.00743","0.00090","47.36122"
"46.30000","1.54317","1,841.38940","0.00755","0.00092","47.42305"
"46.40000","1.54668","1,844.59058","0.00749","0.00079","47.50549"
"46.50000","1.54997","1,846.52380","0.00743","0.00078","47.55527"
"46.60000","1.55326","1,849.00513","0.00744","0.00072","47.61918"
"46.70000","1.55669","1,851.56726","0.00741","0.00066","47.68517"
"46.80000","1.56006","1,854.82336","0.00747","0.00060","47.76902"
"46.90000","1.56335","1,857.18054","0.00762","0.00057","47.82973"
"47.00000","1.56656","1,859.32996","0.00758","0.00055","47.88509"
"47.10000","1.57000","1,862.51221","0.00760","0.00047","47.96704"
"47.20000","1.57336","1,864.92004","0.00761","0.00048","48.02905"
"47.30000","1.57650","1,867.05872","0.00766","0.00038","48.08413"
"47.40000","1.58001","1,869.46936","0.00767","0.00039","48.14621"
"47.50000","1.58345","1,872.34729","0.00774","0.00035","48.22033"
"47.60000","1.58659","1,875.22644","0.00769","0.00032","48.29448"
"47.70000","1.59003","1,878.21997","0.00779","0.00028","48.37158"
"47.80000","1.59332","1,879.69165","0.00784","0.00032","48.40948"
"47.90000","1.59653","1,882.81885","0.00795","0.00023","48.49002"
"48.00000","1.59997","1,885.23926","0.00783","0.00023","48.55235"
"48.10000","1.60333","1,887.51648","0.00789","0.00023","48.61100"
"48.20000","1.60669","1,889.84875","0.00794","0.00023","48.67106"
"48.30000","1.60998","1,892.15796","0.00804","0.00019","48.73053"
"48.40000","1.61335","1,894.49548","0.00795","0.00020","48.79074"
"48.50000","1.61671","1,897.43933","0.00808","0.00021","48.86655"
"48.60000","1.61985","1,899.34875","0.00787","0.00022","48.91573"
"48.70000","1.62329","1,902.09741","0.00799","0.00031","48.98652"
"48.80000","1.62665","1,904.56104","0.00797","0.00041","49.04996"
"48.90000","1.62994","1,907.06628","0.00790","0.00048","49.11448"
"49.00000","1.63337","1,910.07947","0.00795","0.00043","49.19209"
"49.10000","1.63666","1,911.82178","0.00788","0.00044","49.23696"
"49.20000","1.63988","1,914.24634","0.00793","0.00039","49.29940"
"49.30000","1.64324","1,917.14600","0.00800","0.00049","49.37408"
"49.40000","1.64668","1,919.53088","0.00798","0.00085","49.43550"
"49.50000","1.64997","1,921.91003","0.00811","0.00092","49.49677"
"49.60000","1.65325","1,923.93396","0.00805","0.00099","49.54889"
"49.70000","1.65677","1,926.85840","0.00795","0.00095","49.62421"
"49.80000","1.65998","1,929.10156","0.00800","0.00088","49.68198"
"49.90000","1.66319","1,931.36560","0.00800","0.00075","49.74029"
"50.00000","1.66671","1,934.36707","0.00806","0.00077","49.81758"
"50.10000","1.67000","1,935.90833","0.00805","0.00073","49.85728"
"50.20000","1.67328","1,939.07227","0.00807","0.00072","49.93876"
"50.30000","1.67672","1,941.46069","0.00809","0.00066","50.00027"
"50.40000","1.68016","1,944.45312","0.00810","0.00059","50.07734"
"50.50000","1.68330","1,946.37476","0.00810","0.00056","50.12683"
"50.60000","1.68659","1,948.72156","0.00814","0.00051","50.18727"
"50.70000","1.69003","1,951.27502","0.00813","0.00047","50.25303"
"50.80000","1.69324","1,954.12952","0.00801","0.00042","50.32655"
"50.90000","1.69660","1,955.45105","0.00809","0.00038","50.36058"
"51.00000","1.70004","1,958.79248","0.00822","0.00038","50.44664"
"51.10000","1.70333","1,961.37292","0.00827","0.00040","50.51309"
"51.20000","1.70662","1,963.18103","0.00832","0.00042","50.55966"
"51.30000","1.70998","1,966.47314","0.00825","0.00037","50.64444"
"51.40000","1.71334","1,968.26538","0.00841","0.00029","50.69060"
"51.50000","1.71656","1,970.14673","0.00847","0.00033","50.73906"
"51.60000","1.71992","1,973.27454","0.00844","0.00032","50.81961"
"51.70000","1.72343","1,975.69971","0.00850","0.00033","50.88206"
"51.80000","1.72665","1,978.05310","0.00851","0.00028","50.94267"
"51.90000","1.73001","1,980.56921","0.00854","0.00033","51.00747"
"52.00000","1.73345","1,982.93811","0.00850","0.00032","51.06848"
"52.10000","1.73659","1,986.18958","0.00858","0.00052","51.15222"
"52.20000","1.73995","1,988.08704","0.00853","0.00058","51.20109"
"52.30000","1.74339","1,990.89587","0.00848","0.00057","51.27343"
"52.40000","1.74660","1,994.04138","0.00847","0.00056","51.35443"
"52.50000","1.75004","1,995.91260","0.00852","0.00052","51.40263"
"52.60000","1.75348","1,998.09167","0.00853","0.00066","51.45875"
"52.70000","1.75669","2,000.95386","0.00851","0.00090","51.53246"
"52.80000","1.75990","2,002.55127","0.00845","0.00099","51.57360"
"52.90000","1.76327","2,005.15540","0.00856","0.00105","51.64067"
"53.00000","1.76671","2,008.12109","0.00857","0.00104","51.71704"
"53.10000","1.76984","2,009.81250","0.00854","0.00103","51.76060"
"53.20000","1.77336","2,012.46045","0.00855","0.00108","51.82880"
"53.30000","1.77687","2,014.96851","0.00856","0.00087","51.89339"
"53.40000","1.77986","2,017.91785","0.00860","0.00080","51.96935"
"53.50000","1.78330","2,020.25720","0.00862","0.00077","52.02960"
"53.60000","1.78673","2,022.36621","0.00864","0.00074","52.08391"
"53.70000","1.78987","2,024.61389","0.00864","0.00068","52.14180"
"53.80000","1.79331","2,027.03552","0.00866","0.00066","52.20417"
"53.90000","1.79675","2,029.73169","0.00865","0.00062","52.27360"
"54.00000","1.80004","2,032.21960","0.00868","0.00059","52.33768"
"54.10000","1.80333","2,034.25342","0.00869","0.00053","52.39005"
"54.20000","1.80661","2,036.39587","0.00868","0.00048","52.44523"
"54.30000","1.80998","2,039.14417","0.00877","0.00046","52.51601"
"54.40000","1.81319","2,040.93872","0.00874","0.00045","52.56223"
"54.50000","1.81663","2,043.13245","0.00875","0.00047","52.61872"
"54.60000","1.82014","2,046.80725","0.00888","0.00049","52.71336"
"54.70000","1.82328","2,047.88782","0.00891","0.00046","52.74120"
"54.80000","1.82672","2,051.23145","0.00892","0.00041","52.82730"
"54.90000","1.83008","2,053.85132","0.00887","0.00042","52.89478"
"55.00000","1.83315","2,055.98315","0.00905","0.00042","52.94968"
"55.10000","1.83666","2,057.75171","0.00906","0.00041","52.99523"
"55.20000","1.84002","2,060.40894","0.00908","0.00040","53.06366"
"55.30000","1.84331","2,062.55664","0.00900","0.00044","53.11897"
"55.40000","1.84667","2,065.57300","0.00900","0.00056","53.19666"
"55.50000","1.85004","2,067.05420","0.00907","0.00068","53.23480"
"55.60000","1.85340","2,070.32886","0.00911","0.00068","53.31914"
"55.70000","1.85654","2,071.96265","0.00899","0.00064","53.36122"
"55.80000","1.85998","2,074.43896","0.00898","0.00067","53.42499"
"55.90000","1.86341","2,077.32593","0.00901","0.00075","53.49934"
"56.00000","1.86655","2,078.43091","0.00897","0.00082","53.52780"
"56.10000","1.87007","2,081.28735","0.00904","0.00097","53.60136"
"56.20000","1.87343","2,083.12988","0.00905","0.00114","53.64882"
"56.30000","1.87657","2,085.28052","0.00901","0.00117","53.70420"
"56.40000","1.88001","2,088.28784","0.00905","0.00116","53.78165"
"56.50000","1.88337","2,090.22021","0.00907","0.00116","53.83142"
"56.60000","1.88658","2,093.19043","0.00906","0.00112","53.90791"
"56.70000","1.89002","2,094.39600","0.00912","0.00103","53.93896"
"56.80000","1.89331","2,096.75928","0.00911","0.00089","53.99983"
"56.90000","1.89675","2,099.71753","0.00913","0.00084","54.07601"
"57.00000","1.89989","2,101.01611","0.00914","0.00081","54.10946"
"57.10000","1.90332","2,104.23486","0.00917","0.00079","54.19235"
"57.20000","1.90669","2,106.21802","0.00918","0.00072","54.24343"
"57.30000","1.90983","2,109.00537","0.00920","0.00068","54.31521"
"57.40000","1.91334","2,111.01123","0.00918","0.00067","54.36687"
"57.50000","1.91678","2,112.69409","0.00922","0.00062","54.41021"
"57.60000","1.91992","2,114.47339","0.00938","0.00057","54.45604"
"57.70000","1.92335","2,117.38843","0.00933","0.00061","54.53111"
"57.80000","1.92664","2,119.67188","0.00934","0.00055","54.58992"
"57.90000","1.92986","2,121.24023","0.00935","0.00057","54.63031"
"58.00000","1.93329","2,123.70093","0.00933","0.00051","54.69368"
"58.10000","1.93666","2,126.04297","0.00938","0.00057","54.75400"
"58.20000","1.94002","2,128.32886","0.00949","0.00051","54.81287"
"58.30000","1.94331","2,130.66406","0.00939","0.00053","54.87301"
"58.40000","1.94675","2,133.41870","0.00942","0.00051","54.94395"
"58.50000","1.95004","2,134.43896","0.00944","0.00047","54.97023"
"58.60000","1.95317","2,136.72339","0.00949","0.00050","55.02906"
"58.70000","1.95669","2,139.13623","0.00958","0.00053","55.09120"
"58.80000","1.96005","2,141.16187","0.00965","0.00073","55.14337"
"58.90000","1.96326","2,143.19482","0.00967","0.00075","55.19572"
"59.00000","1.96670","2,145.37842","0.00956","0.00068","55.25196"
"59.10000","1.97014","2,148.56323","0.00949","0.00073","55.33398"
"59.20000","1.97328","2,150.20508","0.00962","0.00075","55.37627"
"59.30000","1.97657","2,152.23022","0.00952","0.00076","55.42842"
"59.40000","1.98000","2,154.96289","0.00959","0.00124","55.49880"
"59.50000","1.98329","2,156.16650","0.00950","0.00126","55.52980"
"59.60000","1.98658","2,158.75317","0.00951","0.00127","55.59641"
"59.70000","1.99009","2,160.96069","0.00955","0.00129","55.65327"
"59.80000","1.99338","2,163.30737","0.00957","0.00123","55.71370"
"59.90000","1.99652","2,163.85693","0.00959","0.00125","55.72786"
"60.00000","1.99996","2,167.26001","0.00961","0.00117","55.81550"
"60.10000","2.00332","2,169.59717","0.00961","0.00110","55.87569"
"60.20000","2.00654","2,171.20288","0.00962","0.00100","55.91704"
"60.30000","2.01005","2,174.07349","0.00966","0.00095","55.99097"
"60.40000","2.01341","2,175.91675","0.00965","0.00085","56.03844"
"60.50000","2.01663","2,178.15479","0.00972","0.00083","56.09608"
"60.60000","2.01999","2,180.51123","0.00974","0.00083","56.15677"
"60.70000","2.02343","2,182.18115","0.00983","0.00075","56.19978"
"60.80000","2.02657","2,183.80493","0.00985","0.00069","56.24160"
"60.90000","2.02993","2,185.82422","0.00984","0.00068","56.29360"
"61.00000","2.03344","2,188.74194","0.00983","0.00063","56.36874"
"61.10000","2.03666","2,191.07520","0.00987","0.00064","56.42883"
"61.20000","2.03994","2,193.45557","0.00983","0.00062","56.49014"
"61.30000","2.04338","2,195.48022","0.00990","0.00049","56.54228"
"61.40000","2.04667","2,197.50806","0.00987","0.00064","56.59451"
"61.50000","2.04988","2,199.68823","0.00981","0.00063","56.65065"
"61.60000","2.05332","2,201.73682","0.00990","0.00058","56.70341"
"61.70000","2.05676","2,204.70581","0.00988","0.00056","56.77988"
"61.80000","2.05997","2,206.77930","0.00991","0.00055","56.83327"
"61.90000","2.06334","2,208.54736","0.00989","0.00055","56.87881"
"62.00000","2.06677","2,210.90674","0.00987","0.00060","56.93958"
"62.10000","2.06984","2,213.37891","0.00991","0.00056","57.00324"
"62.20000","2.07328","2,214.24146","0.00993","0.00088","57.02546"
"62.30000","2.07671","2,216.42212","0.00996","0.00085","57.08162"
"62.40000","2.07993","2,219.59204","0.00998","0.00081","57.16325"
"62.50000","2.08337","2,221.32324","0.01000","0.00077","57.20784"
"62.60000","2.08673","2,223.94092","0.01005","0.00075","57.27526"
"62.70000","2.09002","2,225.41577","0.01003","0.00088","57.31324"
"62.80000","2.09323","2,227.51245","0.01001","0.00125","57.36724"
"62.90000","2.09659","2,229.73975","0.01003","0.00130","57.42460"
"63.00000","2.10003","2,232.05444","0.01006","0.00138","57.48421"
"63.10000","2.10325","2,233.30542","0.01006","0.00129","57.51643"
"63.20000","2.10668","2,236.69922","0.01013","0.00130","57.60383"
"63.30000","2.11020","2,238.67090","0.01013","0.00117","57.65461"
"63.40000","2.11326","2,240.76221","0.01009","0.00115","57.70847"
"63.50000","2.11670","2,242.49268","0.01012","0.00106","57.75304"
"63.60000","2.12006","2,244.63013","0.01015","0.00106","57.80809"
"63.70000","2.12320","2,246.91553","0.01026","0.00102","57.86694"
"63.80000","2.12664","2,248.42822","0.01016","0.00091","57.90590"
"63.90000","2.13008","2,251.36719","0.01029","0.00093","57.98159"
"64.00000","2.13336","2,253.13672","0.01032","0.00089","58.02716"
"64.10000","2.13665","2,255.06763","0.01032","0.00082","58.07689"
"64.20000","2.14002","2,257.01758","0.01032","0.00078","58.12711"
"64.30000","2.14338","2,259.87842","0.01033","0.00072","58.20079"
"64.40000","2.14652","2,261.11060","0.01033","0.00070","58.23252"
"64.50000","2.14996","2,263.66699","0.01036","0.00072","58.29836"
"64.60000","2.15347","2,266.40234","0.01033","0.00068","58.36880"
"64.70000","2.15653","2,267.54883","0.01030","0.00066","58.39833"
"64.80000","2.16005","2,270.44922","0.01035","0.00067","58.47303"
"64.90000","2.16341","2,272.55615","0.01031","0.00070","58.52729"
"65.00000","2.16655","2,274.11035","0.01041","0.00064","58.56732"
"65.10000","2.17006","2,276.31104","0.01044","0.00066","58.62399"
"65.20000","2.17335","2,279.29297","0.01033","0.00066","58.70079"
"65.30000","2.17671","2,281.18335","0.01036","0.00064","58.74947"
"65.40000","2.18000","2,283.47266","0.01039","0.00078","58.80843"
"65.50000","2.18336","2,285.06909","0.01042","0.00090","58.84955"
"65.60000","2.18673","2,287.85034","0.01038","0.00094","58.92118"
"65.70000","2.18987","2,288.62207","0.01042","0.00096","58.94105"
"65.80000","2.19330","2,291.04932","0.01045","0.00090","59.00356"
"65.90000","2.19667","2,293.43188","0.01042","0.00094","59.06492"
"66.00000","2.19988","2,295.32886","0.01047","0.00102","59.11378"
"66.10000","2.20339","2,297.10303","0.01055","0.00138","59.15947"
"66.20000","2.20676","2,299.42993","0.01051","0.00144","59.21939"
"66.30000","2.20990","2,301.44702","0.01058","0.00142","59.27134"
"66.40000","2.21333","2,303.59277","0.01053","0.00146","59.32661"
"66.50000","2.21655","2,305.49463","0.01068","0.00134","59.37559"
"66.60000","2.21991","2,307.90503","0.01065","0.00122","59.43766"
"66.70000","2.22327","2,309.49438","0.01065","0.00120","59.47860"
"66.80000","2.22671","2,312.16602","0.01064","0.00115","59.54740"
"66.90000","2.23015","2,313.42212","0.01073","0.00112","59.57975"
"67.00000","2.23329","2,316.22290","0.01074","0.00110","59.65188"
"67.10000","2.23665","2,317.59351","0.01076","0.00101","59.68718"
"67.20000","2.24009","2,319.37964","0.01081","0.00101","59.73318"
"67.30000","2.24315","2,320.77271","0.01081","0.00098","59.76906"
"67.40000","2.24674","2,324.03125","0.01082","0.00091","59.85298"
"67.50000","2.25010","2,326.15967","0.01081","0.00084","59.90779"
"67.60000","2.25332","2,327.68408","0.01084","0.00082","59.94705"
"67.70000","2.25676","2,330.65308","0.01083","0.00076","60.02351"
"67.80000","2.26004","2,332.57007","0.01079","0.00073","60.07288"
"67.90000","2.26333","2,334.05542","0.01080","0.00077","60.11114"
"68.00000","2.26662","2,335.86890","0.01077","0.00077","60.15784"
"68.10000","2.26998","2,338.05811","0.01088","0.00077","60.21423"
"68.20000","2.27335","2,340.15039","0.01084","0.00073","60.26811"
"68.30000","2.27656","2,342.72607","0.01081","0.00079","60.33444"
"68.40000","2.28007","2,344.49829","0.01082","0.00070","60.38008"
"68.50000","2.28336","2,346.63892","0.01081","0.00073","60.43521"
"68.60000","2.28650","2,348.07300","0.01083","0.00072","60.47215"
"68.70000","2.29001","2,350.79541","0.01086","0.00071","60.54226"
"68.80000","2.29338","2,352.09521","0.01085","0.00091","60.57573"
"68.90000","2.29659","2,354.23364","0.01087","0.00106","60.63081"
"69.00000","2.30003","2,356.33057","0.01093","0.00098","60.68481"
"69.10000","2.30347","2,358.44922","0.01092","0.00099","60.73938"
"69.20000","2.30660","2,360.31274","0.01098","0.00100","60.78737"
"69.30000","2.30989","2,361.88257","0.01096","0.00095","60.82780"
"69.40000","2.31333","2,363.68262","0.01102","0.00124","60.87416"
"69.50000","2.31662","2,367.18457","0.01107","0.00151","60.96434"
"69.60000","2.31991","2,368.49194","0.01108","0.00154","60.99802"
"69.70000","2.32342","2,370.34180","0.01113","0.00153","61.04566"
"69.80000","2.32671","2,372.04517","0.01111","0.00147","61.08952"
"69.90000","2.32992","2,373.98560","0.01116","0.00147","61.13950"
"70.00000","2.33336","2,376.34912","0.01122","0.00134","61.20037"
"70.10000","2.33672","2,378.33838","0.01118","0.00132","61.25160"
"70.20000","2.33986","2,379.94287","0.01124","0.00125","61.29292"
"70.30000","2.34330","2,382.76001","0.01127","0.00120","61.36547"
"70.40000","2.34681","2,384.49780","0.01128","0.00119","61.41023"
"70.50000","2.35003","2,386.43311","0.01127","0.00110","61.46007"
"70.60000","2.35332","2,388.55566","0.01124","0.00111","61.51474"
"70.70000","2.35668","2,390.03638","0.01130","0.00101","61.55287"
"70.80000","2.35989","2,392.38086","0.01133","0.00101","61.61325"
"70.90000","2.36326","2,394.12793","0.01134","0.00096","61.65825"
"71.00000","2.36669","2,396.59644","0.01137","0.00089","61.72182"
"71.10000","2.36998","2,398.59741","0.01130","0.00093","61.77335"
"71.20000","2.37327","2,399.38672","0.01135","0.00090","61.79368"
"71.30000","2.37671","2,402.05103","0.01127","0.00088","61.86229"
"71.40000","2.38000","2,404.42993","0.01130","0.00084","61.92356"
"71.50000","2.38321","2,406.26636","0.01130","0.00085","61.97086"
"71.60000","2.38665","2,408.63110","0.01137","0.00081","62.03176"
"71.70000","2.39009","2,410.45068","0.01135","0.00082","62.07862"
"71.80000","2.39330","2,412.45020","0.01137","0.00087","62.13012"
"71.90000","2.39674","2,414.69678","0.01135","0.00082","62.18797"
"72.00000","2.40010","2,416.72266","0.01135","0.00085","62.24015"
"72.10000","2.40324","2,417.90771","0.01138","0.00082","62.27067"
"72.20000","2.40660","2,419.49512","0.01133","0.00091","62.31155"
"72.30000","2.41004","2,422.21631","0.01139","0.00112","62.38163"
"72.40000","2.41325","2,423.30933","0.01139","0.00112","62.40978"
"72.50000","2.41662","2,425.41724","0.01143","0.00110","62.46407"
"72.60000","2.42006","2,428.44556","0.01150","0.00107","62.54206"
"72.70000","2.42334","2,429.86133","0.01150","0.00158","62.57852"
"72.80000","2.42663","2,432.03442","0.01152","0.00163","62.63448"
"72.90000","2.42992","2,433.22656","0.01159","0.00161","62.66519"
"73.00000","2.43336","2,435.55640","0.01163","0.00165","62.72519"
"73.10000","2.43650","2,436.97998","0.01164","0.00166","62.76185"
"73.20000","2.44001","2,439.91455","0.01168","0.00150","62.83743"
"73.30000","2.44345","2,441.07861","0.01168","0.00144","62.86741"
"73.40000","2.44659","2,443.10229","0.01171","0.00140","62.91953"
"73.50000","2.45002","2,445.88843","0.01173","0.00132","62.99128"
"73.60000","2.45339","2,447.28613","0.01174","0.00125","63.02728"
"73.70000","2.45660","2,448.76782","0.01175","0.00123","63.06544"
"73.80000","2.45996","2,450.55322","0.01178","0.00119","63.11142"
"73.90000","2.46333","2,452.95532","0.01178","0.00117","63.17328"
"74.00000","2.46669","2,455.51758","0.01180","0.00111","63.23927"
"74.10000","2.46998","2,457.23975","0.01180","0.00106","63.28362"
"74.20000","2.47334","2,458.08521","0.01180","0.00107","63.30540"
"74.30000","2.47671","2,460.73218","0.01185","0.00108","63.37357"
"74.40000","2.47984","2,462.41968","0.01181","0.00100","63.41703"
"74.50000","2.48328","2,465.04224","0.01184","0.00098","63.48457"
"74.60000","2.48672","2,467.02222","0.01184","0.00095","63.53556"
"74.70000","2.48993","2,468.62183","0.01184","0.00090","63.57676"
"74.80000","2.49337","2,471.01758","0.01187","0.00090","63.63845"
"74.90000","2.49674","2,472.37744","0.01183","0.00093","63.67348"
"75.00000","2.49987","2,474.56421","0.01182","0.00092","63.72979"
"75.10000","2.50331","2,476.50464","0.01180","0.00092","63.77977"
"75.20000","2.50660","2,479.04517","0.01183","0.00094","63.84520"
"75.30000","2.50996","2,480.40308","0.01186","0.00093","63.88017"
"75.40000","2.51333","2,481.73486","0.01194","0.00093","63.91447"
"75.50000","2.51662","2,483.81958","0.01196","0.00094","63.96816"
"75.60000","2.52005","2,486.29248","0.01191","0.00112","64.03185"
"75.70000","2.52319","2,487.53345","0.01191","0.00117","64.06380"
"75.80000","2.52663","2,490.00464","0.01201","0.00129","64.12745"
"75.90000","2.53007","2,492.20605","0.01204","0.00139","64.18414"
"76.00000","2.53321","2,493.62988","0.01204","0.00170","64.22081"
"76.10000","2.53672","2,496.04419","0.01205","0.00178","64.28299"
"76.20000","2.54016","2,497.90039","0.01209","0.00172","64.33080"
"76.30000","2.54330","2,499.52441","0.01211","0.00172","64.37262"
"76.40000","2.54673","2,501.23242","0.01213","0.00174","64.41660"
"76.50000","2.54995","2,503.41943","0.01214","0.00171","64.47293"
"76.60000","2.55331","2,504.95264","0.01219","0.00155","64.51242"
"76.70000","2.55660","2,506.49805","0.01220","0.00150","64.55222"
"76.80000","2.55996","2,508.54297","0.01219","0.00147","64.60488"
"76.90000","2.56340","2,511.18408","0.01223","0.00141","64.67290"
"77.00000","2.56654","2,512.45752","0.01225","0.00139","64.70570"
"77.10000","2.56998","2,514.93335","0.01227","0.00129","64.76946"
"77.20000","2.57342","2,516.05591","0.01227","0.00127","64.79837"
"77.30000","2.57648","2,517.85010","0.01230","0.00122","64.84457"
"77.40000","2.57999","2,520.37866","0.01229","0.00118","64.90970"
"77.50000","2.58343","2,522.63110","0.01232","0.00118","64.96770"
"77.60000","2.58657","2,523.83325","0.01232","0.00112","64.99866"
"77.70000","2.59008","2,525.85034","0.01234","0.00108","65.05061"
"77.80000","2.59337","2,528.06885","0.01234","0.00113","65.10775"
"77.90000","2.59658","2,529.95801","0.01235","0.00106","65.15640"
"78.00000","2.59995","2,531.45483","0.01235","0.00102","65.19495"
"78.10000","2.60331","2,533.90234","0.01238","0.00102","65.25799"
"78.20000","2.60667","2,536.50952","0.01237","0.00096","65.32513"
"78.30000","2.60989","2,537.08936","0.01230","0.00099","65.34007"
"78.40000","2.61347","2,538.95044","0.01233","0.00102","65.38799"
"78.50000","2.61676","2,540.93359","0.01240","0.00101","65.43907"
"78.60000","2.61983","2,542.39429","0.01241","0.00100","65.47668"
"78.70000","2.62334","2,544.72803","0.01242","0.00100","65.53679"
"78.80000","2.62670","2,546.60889","0.01239","0.00101","65.58523"
"78.90000","2.62992","2,548.29175","0.01244","0.00103","65.62857"
"79.00000","2.63335","2,550.58472","0.01244","0.00121","65.68762"
"79.10000","2.63679","2,553.02124","0.01244","0.00129","65.75037"
"79.20000","2.64001","2,554.83740","0.01247","0.00133","65.79715"
"79.30000","2.64329","2,555.36768","0.01252","0.00165","65.81081"
"79.40000","2.64666","2,558.26440","0.01254","0.00185","65.88541"
"79.50000","2.64995","2,560.14917","0.01257","0.00185","65.93394"
"79.60000","2.65323","2,561.74097","0.01260","0.00178","65.97494"
"79.70000","2.65675","2,563.36621","0.01260","0.00185","66.01680"
"79.80000","2.66004","2,565.57935","0.01263","0.00174","66.07379"
"79.90000","2.66332","2,567.17114","0.01267","0.00165","66.11479"
"80.00000","2.66669","2,569.59863","0.01268","0.00156","66.17731"
"80.10000","2.66998","2,570.76367","0.01267","0.00151","66.20731"
"80.20000","2.67319","2,572.82935","0.01271","0.00147","66.26051"
"80.30000","2.67670","2,574.43701","0.01272","0.00147","66.30191"
"80.40000","2.68014","2,576.81665","0.01274","0.00141","66.36320"
"80.50000","2.68328","2,577.68848","0.01274","0.00131","66.38565"
"80.60000","2.68664","2,579.89624","0.01277","0.00130","66.44251"
"80.70000","2.69008","2,582.51025","0.01278","0.00131","66.50983"
"80.80000","2.69322","2,584.00879","0.01281","0.00124","66.54842"
"80.90000","2.69658","2,585.50244","0.01274","0.00124","66.58689"
"81.00000","2.70002","2,587.72095","0.01276","0.00116","66.64403"
"81.10000","2.70331","2,590.00049","0.01284","0.00113","66.70274"
"81.20000","2.70660","2,591.36865","0.01279","0.00114","66.73797"
"81.30000","2.71011","2,593.49438","0.01284","0.00114","66.79272"
"81.40000","2.71340","2,594.75732","0.01284","0.00105","66.82524"
"81.50000","2.71654","2,596.71997","0.01290","0.00108","66.87579"
"81.60000","2.71997","2,598.62866","0.01290","0.00105","66.92494"
"81.70000","2.72334","2,601.14453","0.01286","0.00104","66.98974"
"81.80000","2.72655","2,602.54639","0.01282","0.00106","67.02584"
"81.90000","2.72999","2,604.74463","0.01295","0.00103","67.08245"
"82.00000","2.73350","2,606.99902","0.01295","0.00108","67.14051"
"82.10000","2.73657","2,608.72314","0.01291","0.00109","67.18491"
"82.20000","2.73993","2,610.02075","0.01299","0.00108","67.21834"
"82.30000","2.74329","2,612.73853","0.01295","0.00121","67.28833"
"82.40000","2.74658","2,614.62988","0.01297","0.00134","67.33704"
"82.50000","2.74994","2,615.50317","0.01300","0.00137","67.35953"
"82.60000","2.75338","2,618.19653","0.01304","0.00149","67.42889"
"82.70000","2.75675","2,619.80444","0.01305","0.00175","67.47031"
"82.80000","2.75996","2,621.86475","0.01302","0.00188","67.52337"
"82.90000","2.76332","2,623.89893","0.01300","0.00191","67.57575"
"83.00000","2.76668","2,625.66553","0.01309","0.00195","67.62125"
"83.10000","2.76990","2,626.64282","0.01314","0.00184","67.64642"
"83.20000","2.77334","2,629.35376","0.01314","0.00170","67.71624"
"83.30000","2.77677","2,631.58325","0.01316","0.00175","67.77366"
"83.40000","2.77991","2,632.50073","0.01320","0.00165","67.79729"
"83.50000","2.78335","2,634.77637","0.01323","0.00164","67.85589"
"83.60000","2.78671","2,636.19263","0.01321","0.00160","67.89236"
"83.70000","2.78985","2,637.56958","0.01322","0.00157","67.92783"
"83.80000","2.79329","2,639.74854","0.01325","0.00146","67.98394"
"83.90000","2.79658","2,641.80737","0.01319","0.00140","68.03696"
"84.00000","2.80002","2,644.58374","0.01324","0.00138","68.10847"
"84.10000","2.80331","2,644.85889","0.01329","0.00134","68.11555"
"84.20000","2.80659","2,647.37988","0.01327","0.00131","68.18048"
"84.30000","2.81003","2,650.08789","0.01332","0.00129","68.25022"
"84.40000","2.81317","2,651.03687","0.01333","0.00124","68.27467"
"84.50000","2.81661","2,653.12646","0.01335","0.00124","68.32848"
"84.60000","2.82012","2,655.45264","0.01339","0.00124","68.38839"
"84.70000","2.82326","2,656.66138","0.01336","0.00117","68.41952"
"84.80000","2.82677","2,658.67383","0.01337","0.00115","68.47134"
"84.90000","2.83014","2,661.11719","0.01338","0.00117","68.53427"
"85.00000","2.83328","2,662.42651","0.01337","0.00117","68.56799"
"85.10000","2.83664","2,664.43359","0.01345","0.00112","68.61968"
"85.20000","2.83993","2,666.07935","0.01341","0.00114","68.66206"
"85.30000","2.84329","2,667.05054","0.01343","0.00116","68.68708"
"85.40000","2.84665","2,669.40430","0.01347","0.00122","68.74770"
"85.50000","2.84994","2,671.59229","0.01348","0.00124","68.80405"
"85.60000","2.85353","2,673.79004","0.01351","0.00124","68.86065"
"85.70000","2.85652","2,674.55347","0.01352","0.00139","68.88031"
"85.80000","2.85996","2,677.69482","0.01347","0.00146","68.96121"
"85.90000","2.86339","2,678.47705","0.01351","0.00170","68.98135"
"86.00000","2.86646","2,680.50171","0.01353","0.00197","69.03350"
"86.10000","2.87005","2,682.38867","0.01352","0.00204","69.08209"
"86.20000","2.87348","2,684.58545","0.01346","0.00201","69.13867"
"86.30000","2.87662","2,686.13599","0.01358","0.00205","69.17860"
"86.40000","2.88006","2,688.54883","0.01345","0.00193","69.24075"
"86.50000","2.88335","2,689.52246","0.01357","0.00179","69.26582"
"86.60000","2.88664","2,691.51562","0.01364","0.00177","69.31715"
"86.70000","2.88993","2,693.57495","0.01368","0.00171","69.37019"
"86.80000","2.89329","2,695.31177","0.01364","0.00167","69.41492"
"86.90000","2.89680","2,698.43384","0.01372","0.00169","69.49532"
"87.00000","2.89994","2,698.73950","0.01369","0.00157","69.50320"
"87.10000","2.90345","2,701.04956","0.01373","0.00150","69.56268"
"87.20000","2.90674","2,702.32397","0.01374","0.00148","69.59550"
"87.30000","2.90981","2,703.67920","0.01372","0.00144","69.63041"
"87.40000","2.91339","2,706.01709","0.01378","0.00138","69.69062"
"87.50000","2.91676","2,708.35669","0.01373","0.00131","69.75088"
"87.60000","2.91997","2,710.26538","0.01376","0.00135","69.80003"
"87.70000","2.92333","2,711.45117","0.01382","0.00133","69.83057"
"87.80000","2.92677","2,713.85449","0.01385","0.00132","69.89246"
"87.90000","2.92999","2,715.43115","0.01387","0.00129","69.93307"
"88.00000","2.93320","2,717.57886","0.01390","0.00130","69.98838"
"88.10000","2.93664","2,719.42236","0.01389","0.00124","70.03586"
"88.20000","2.94000","2,721.01294","0.01392","0.00125","70.07682"
"88.30000","2.94321","2,722.31641","0.01394","0.00118","70.11039"
"88.40000","2.94680","2,724.32715","0.01395","0.00120","70.16218"
"88.50000","2.95009","2,726.72559","0.01393","0.00125","70.22395"
"88.60000","2.95323","2,726.86816","0.01398","0.00123","70.22762"
"88.70000","2.95667","2,729.89795","0.01399","0.00130","70.30565"
"88.80000","2.96003","2,731.25830","0.01403","0.00125","70.34068"
"88.90000","2.96324","2,733.12671","0.01406","0.00137","70.38880"
"89.00000","2.96668","2,735.87695","0.01405","0.00128","70.45963"
"89.10000","2.97012","2,736.14404","0.01409","0.00156","70.46651"
"89.20000","2.97333","2,738.26562","0.01408","0.00162","70.52115"
"89.30000","2.97662","2,740.51758","0.01409","0.00191","70.57915"
"89.40000","2.97998","2,742.11597","0.01403","0.00208","70.62031"
"89.50000","2.98327","2,744.16309","0.01405","0.00205","70.67303"
"89.60000","2.98656","2,745.37988","0.01404","0.00214","70.70437"
"89.70000","2.99007","2,747.75244","0.01407","0.00206","70.76547"
"89.80000","2.99336","2,749.61670","0.01404","0.00189","70.81348"
"89.90000","2.99658","2,750.92017","0.01403","0.00184","70.84705"
"90.00000","3.00001","2,753.34375","0.01407","0.00179","70.90947"
"90.10000","3.00338","2,754.98975","0.01410","0.00176","70.95186"
"90.20000","3.00652","2,756.95166","0.01417","0.00177","71.00239"
"90.30000","3.00995","2,758.17529","0.01422","0.00172","71.03390"
"90.40000","3.01332","2,760.78369","0.01426","0.00164","71.10107"
"90.50000","3.01661","2,762.13208","0.01427","0.00164","71.13580"
"90.60000","3.02004","2,764.06250","0.01432","0.00161","71.18552"
"90.70000","3.02341","2,765.97485","0.01430","0.00154","71.23477"
"90.80000","3.02655","2,767.17871","0.01429","0.00152","71.26577"
"90.90000","3.02991","2,768.79321","0.01433","0.00149","71.30735"
"91.00000","3.03335","2,770.70020","0.01434","0.00144","71.35647"
"91.10000","3.03663","2,773.09961","0.01438","0.00146","71.41826"
"91.20000","3.04000","2,774.42773","0.01439","0.00139","71.45246"
"91.30000","3.04336","2,776.40845","0.01442","0.00137","71.50348"
"91.40000","3.04680","2,778.66089","0.01443","0.00134","71.56149"
"91.50000","3.04994","2,779.65015","0.01443","0.00135","71.58696"
"91.60000","3.05323","2,781.52051","0.01449","0.00131","71.63513"
"91.70000","3.05666","2,783.04224","0.01447","0.00135","71.67432"
"91.80000","3.05988","2,784.95728","0.01448","0.00132","71.72364"
"91.90000","3.06339","2,787.23193","0.01452","0.00133","71.78223"
"92.00000","3.06675","2,788.00977","0.01453","0.00132","71.80225"
"92.10000","3.06997","2,790.97217","0.01454","0.00140","71.87855"
"92.20000","3.07326","2,792.40649","0.01452","0.00144","71.91549"
"92.30000","3.07669","2,793.70386","0.01455","0.00144","71.94890"
"92.40000","3.07991","2,796.80078","0.01458","0.00152","72.02866"
"92.50000","3.08327","2,797.62402","0.01456","0.00165","72.04986"
"92.60000","3.08671","2,800.55005","0.01460","0.00206","72.12521"
"92.70000","3.09007","2,801.38257","0.01456","0.00226","72.14666"
"92.80000","3.09336","2,802.89355","0.01460","0.00222","72.18557"
"92.90000","3.09665","2,804.34521","0.01452","0.00216","72.22295"
"93.00000","3.10009","2,806.78027","0.01455","0.00205","72.28567"
"93.10000","3.10315","2,808.62500","0.01455","0.00206","72.33318"
"93.20000","3.10666","2,810.61914","0.01453","0.00201","72.38454"
"93.30000","3.11018","2,812.45874","0.01455","0.00193","72.43192"
"93.40000","3.11324","2,813.93042","0.01454","0.00189","72.46982"
"93.50000","3.11675","2,815.24487","0.01459","0.00187","72.50367"
"93.60000","3.12012","2,818.34277","0.01461","0.00179","72.58345"
"93.70000","3.12325","2,820.31494","0.01463","0.00169","72.63424"
"93.80000","3.12662","2,821.08179","0.01463","0.00172","72.65399"
"93.90000","3.12998","2,823.02319","0.01465","0.00164","72.70399"
"94.00000","3.13334","2,824.96411","0.01469","0.00162","72.75397"
"94.10000","3.13663","2,826.32031","0.01470","0.00158","72.78890"
"94.20000","3.14000","2,828.84082","0.01484","0.00158","72.85381"
"94.30000","3.14343","2,830.92285","0.01486","0.00150","72.90744"
"94.40000","3.14650","2,831.84814","0.01487","0.00154","72.93127"
"94.50000","3.14994","2,833.97290","0.01489","0.00153","72.98598"
"94.60000","3.15337","2,836.22583","0.01491","0.00153","73.04401"
"94.70000","3.15651","2,836.65967","0.01493","0.00145","73.05518"
"94.80000","3.16010","2,839.34937","0.01495","0.00144","73.12445"
"94.90000","3.16339","2,840.58521","0.01499","0.00141","73.15628"
"95.00000","3.16660","2,842.47925","0.01497","0.00136","73.20506"
"95.10000","3.16997","2,843.72656","0.01500","0.00144","73.23718"
"95.20000","3.17325","2,846.16064","0.01503","0.00145","73.29987"
"95.30000","3.17662","2,847.64233","0.01504","0.00146","73.33803"
"95.40000","3.17991","2,848.61206","0.01505","0.00150","73.36301"
"95.50000","3.18334","2,851.25952","0.01507","0.00146","73.43118"
"95.60000","3.18686","2,853.33838","0.01509","0.00147","73.48473"
"95.70000","3.18992","2,854.99756","0.01506","0.00164","73.52746"
"95.80000","3.19336","2,856.28467","0.01511","0.00172","73.56060"
"95.90000","3.19672","2,858.09961","0.01513","0.00184","73.60735"
"96.00000","3.19986","2,860.32129","0.01512","0.00233","73.66457"
"96.10000","3.20345","2,862.18896","0.01514","0.00232","73.71266"
"96.20000","3.20674","2,863.87329","0.01512","0.00223","73.75604"
"96.30000","3.20995","2,865.50977","0.01510","0.00218","73.79819"
"96.40000","3.21339","2,867.56494","0.01507","0.00215","73.85111"
"96.50000","3.21675","2,868.66968","0.01507","0.00213","73.87957"
"96.60000","3.21996","2,871.30054","0.01510","0.00201","73.94732"
"96.70000","3.22325","2,872.47314","0.01509","0.00201","73.97752"
"96.80000","3.22662","2,874.66187","0.01509","0.00196","74.03389"
"96.90000","3.23005","2,876.64526","0.01512","0.00187","74.08497"
"97.00000","3.23319","2,877.77124","0.01513","0.00188","74.11397"
"97.10000","3.23671","2,879.84863","0.01515","0.00185","74.16747"
"97.20000","3.24007","2,882.48657","0.01517","0.00179","74.23540"
"97.30000","3.24313","2,883.20679","0.01519","0.00173","74.25395"
"97.40000","3.24672","2,884.70337","0.01521","0.00164","74.29250"
"97.50000","3.25008","2,887.09009","0.01523","0.00165","74.35397"
"97.60000","3.25330","2,888.82227","0.01524","0.00165","74.39857"
"97.70000","3.25673","2,890.79834","0.01527","0.00161","74.44946"
"97.80000","3.26010","2,892.61475","0.01536","0.00160","74.49625"
"97.90000","3.26331","2,894.56030","0.01537","0.00158","74.54635"
"98.00000","3.26660","2,895.30103","0.01544","0.00156","74.56543"
"98.10000","3.26996","2,897.49170","0.01541","0.00154","74.62185"
"98.20000","3.27333","2,899.79736","0.01549","0.00152","74.68123"
"98.30000","3.27661","2,900.84229","0.01549","0.00156","74.70814"
"98.40000","3.28013","2,903.78101","0.01553","0.00146","74.78382"
"98.50000","3.28342","2,905.08765","0.01555","0.00152","74.81747"
"98.60000","3.28655","2,906.52295","0.01557","0.00158","74.85444"
"98.70000","3.28999","2,908.90894","0.01555","0.00160","74.91589"
"98.80000","3.29336","2,910.18823","0.01557","0.00158","74.94883"
"98.90000","3.29649","2,911.20288","0.01560","0.00155","74.97496"
"99.00000","3.30001","2,913.67236","0.01558","0.00162","75.03857"
"99.10000","3.30345","2,915.50708","0.01563","0.00191","75.08582"
"99.20000","3.30666","2,916.11597","0.01564","0.00213","75.10149"
"99.30000","3.31002","2,919.24146","0.01562","0.00237","75.18199"
"99.40000","3.31339","2,920.53857","0.01562","0.00239","75.21539"
"99.50000","3.31667","2,921.93042","0.01565","0.00235","75.25124"
"99.60000","3.31989","2,922.65723","0.01557","0.00222","75.26996"
"99.70000","3.32340","2,925.19971","0.01557","0.00221","75.33543"
"99.80000","3.32669","2,927.31177","0.01559","0.00216","75.38983"
"99.90000","3.32998","2,928.82129","0.01561","0.00214","75.42871"
"100.00000","3.33341","2,931.30957","0.01562","0.00201","75.49279"
"100.10000","3.33670","2,932.70679","0.01561","0.00206","75.52878"
"100.20000","3.33992","2,934.31567","0.01562","0.00196","75.57021"
"100.30000","3.34328","2,935.88452","0.01562","0.00192","75.61061"
"100.40000","3.34672","2,937.33228","0.01564","0.00190","75.64790"
"100.50000","3.34993","2,939.94043","0.01567","0.00189","75.71507"
"100.60000","3.35337","2,941.42993","0.01567","0.00178","75.75343"
"100.70000","3.35673","2,942.94556","0.01574","0.00174","75.79247"
"100.80000","3.35995","2,944.68335","0.01574","0.00175","75.83722"
"100.90000","3.36323","2,946.30908","0.01576","0.00173","75.87909"
"101.00000","3.36667","2,947.73755","0.01579","0.00169","75.91588"
"101.10000","3.36996","2,950.28906","0.01580","0.00173","75.98159"
"101.20000","3.37325","2,951.39551","0.01583","0.00168","76.01009"
"101.30000","3.37669","2,953.63184","0.01581","0.00163","76.06768"
"101.40000","3.38005","2,955.46338","0.01587","0.00159","76.11485"
"101.50000","3.38326","2,957.08936","0.01586","0.00158","76.15672"
"101.60000","3.38655","2,957.51855","0.01591","0.00163","76.16778"
"101.70000","3.39007","2,960.36426","0.01597","0.00155","76.24107"
"101.80000","3.39320","2,962.02368","0.01602","0.00163","76.28380"
"101.90000","3.39672","2,963.74854","0.01604","0.00162","76.32822"
"102.00000","3.40016","2,965.70386","0.01604","0.00168","76.37858"
"102.10000","3.40329","2,967.23389","0.01608","0.00166","76.41798"
"102.20000","3.40666","2,968.15527","0.01613","0.00160","76.44171"
"102.30000","3.41002","2,971.17969","0.01609","0.00168","76.51960"
"102.40000","3.41331","2,972.56348","0.01612","0.00195","76.55524"
"102.50000","3.41660","2,973.87256","0.01614","0.00213","76.58896"
"102.60000","3.42004","2,976.01660","0.01612","0.00247","76.64417"
"102.70000","3.42340","2,977.06812","0.01613","0.00242","76.67126"
"102.80000","3.42669","2,979.64038","0.01611","0.00242","76.73750"
"102.90000","3.42997","2,980.63159","0.01609","0.00232","76.76303"
"103.00000","3.43341","2,982.89819","0.01613","0.00228","76.82140"
"103.10000","3.43648","2,983.85034","0.01611","0.00229","76.84592"
"103.20000","3.43999","2,985.34741","0.01608","0.00223","76.88448"
"103.30000","3.44343","2,988.25342","0.01612","0.00216","76.95932"
"103.40000","3.44657","2,988.93066","0.01612","0.00205","76.97676"
"103.50000","3.45008","2,990.98999","0.01617","0.00206","77.02980"
"103.60000","3.45344","2,993.12354","0.01618","0.00200","77.08475"
"103.70000","3.45658","2,994.33545","0.01618","0.00200","77.11596"
"103.80000","3.45994","2,995.21191","0.01619","0.00190","77.13853"
"103.90000","3.46323","2,998.11523","0.01621","0.00192","77.21330"
"104.00000","3.46667","2,999.93359","0.01622","0.00185","77.26013"
"104.10000","3.46996","3,001.20483","0.01627","0.00181","77.29287"
"104.20000","3.47340","3,002.77954","0.01630","0.00183","77.33343"
"104.30000","3.47683","3,005.17212","0.01629","0.00176","77.39504"
"104.40000","3.47982","3,005.75977","0.01631","0.00178","77.41018"
"104.50000","3.48334","3,007.90283","0.01631","0.00175","77.46537"
"104.60000","3.48678","3,009.90991","0.01633","0.00174","77.51706"
"104.70000","3.48984","3,011.08276","0.01636","0.00173","77.54726"
"104.80000","3.49335","3,014.28882","0.01639","0.00170","77.62984"
"104.90000","3.49679","3,015.07349","0.01644","0.00168","77.65004"
"105.00000","3.50000","3,016.33374","0.01640","0.00166","77.68250"
"105.10000","3.50329","3,018.34863","0.01644","0.00168","77.73439"
"105.20000","3.50658","3,020.27222","0.01645","0.00170","77.78393"
"105.30000","3.51002","3,021.39624","0.01646","0.00172","77.81288"
"105.40000","3.51323","3,023.73291","0.01656","0.00172","77.87305"
"105.50000","3.51667","3,025.57446","0.01659","0.00173","77.92049"
"105.60000","3.52011","3,027.84033","0.01661","0.00174","77.97884"
"105.70000","3.52317","3,028.49731","0.01661","0.00178","77.99576"
"105.80000","3.52668","3,030.09351","0.01656","0.00226","78.03687"
"105.90000","3.53005","3,032.52466","0.01663","0.00253","78.09948"
"106.00000","3.53319","3,034.17065","0.01664","0.00249","78.14187"
"106.10000","3.53670","3,036.22363","0.01665","0.00245","78.19474"
"106.20000","3.54014","3,037.82959","0.01669","0.00240","78.23610"
"106.30000","3.54335","3,039.15381","0.01671","0.00241","78.27020"
"106.40000","3.54671","3,040.89648","0.01660","0.00231","78.31509"
"106.50000","3.55008","3,042.45630","0.01661","0.00225","78.35526"
"106.60000","3.55337","3,044.04590","0.01671","0.00223","78.39619"
"106.70000","3.55658","3,045.56274","0.01666","0.00218","78.43526"
"106.80000","3.55994","3,047.43115","0.01665","0.00215","78.48338"
"106.90000","3.56338","3,049.92017","0.01668","0.00208","78.54749"
"107.00000","3.56659","3,051.00391","0.01669","0.00207","78.57539"
"107.10000","3.57003","3,052.95288","0.01673","0.00202","78.62559"
"107.20000","3.57347","3,054.60327","0.01669","0.00199","78.66809"
"107.30000","3.57646","3,055.35522","0.01673","0.00194","78.68745"
"107.40000","3.57997","3,057.15479","0.01675","0.00191","78.73380"
"107.50000","3.58333","3,058.89648","0.01678","0.00190","78.77866"
"107.60000","3.58655","3,060.80591","0.01680","0.00188","78.82784"
"107.70000","3.58999","3,063.26270","0.01682","0.00182","78.89111"
"107.80000","3.59342","3,065.20898","0.01684","0.00180","78.94123"
"107.90000","3.59671","3,066.49292","0.01687","0.00184","78.97430"
"108.00000","3.59993","3,067.99097","0.01689","0.00181","79.01288"
"108.10000","3.60329","3,069.27344","0.01687","0.00174","79.04591"
"108.20000","3.60665","3,071.58057","0.01687","0.00176","79.10532"
"108.30000","3.60987","3,072.66431","0.01694","0.00176","79.13323"
"108.40000","3.61338","3,075.22241","0.01691","0.00182","79.19911"
"108.50000","3.61674","3,076.76001","0.01696","0.00182","79.23872"
"108.60000","3.61996","3,078.13110","0.01696","0.00184","79.27402"
"108.70000","3.62339","3,079.67114","0.01693","0.00181","79.31369"
"108.80000","3.62668","3,082.17212","0.01696","0.00182","79.37810"
"108.90000","3.62990","3,083.72461","0.01703","0.00177","79.41808"
"109.00000","3.63333","3,085.88550","0.01703","0.00207","79.47373"
"109.10000","3.63670","3,087.79907","0.01708","0.00242","79.52301"
"109.20000","3.63999","3,089.30566","0.01710","0.00259","79.56181"
"109.30000","3.64335","3,090.17480","0.01714","0.00260","79.58420"
"109.40000","3.64671","3,092.58911","0.01717","0.00249","79.64638"
"109.50000","3.64993","3,094.30811","0.01720","0.00250","79.69064"
"109.60000","3.65321","3,095.55273","0.01715","0.00247","79.72270"
"109.70000","3.65665","3,097.76392","0.01713","0.00240","79.77965"
"109.80000","3.66002","3,099.51465","0.01719","0.00235","79.82474"
"109.90000","3.66330","3,100.94702","0.01724","0.00229","79.86163"
"110.00000","3.66667","3,102.90894","0.01718","0.00228","79.91216"
"110.10000","3.67003","3,104.21094","0.01720","0.00223","79.94569"
"110.20000","3.67324","3,105.48340","0.01718","0.00216","79.97845"
"110.30000","3.67661","3,107.91333","0.01723","0.00211","80.04103"
"110.40000","3.68004","3,109.16895","0.01722","0.00208","80.07337"
"110.50000","3.68326","3,111.37280","0.01725","0.00207","80.13013"
"110.60000","3.68662","3,112.51196","0.01727","0.00209","80.15947"
"110.70000","3.69013","3,115.02661","0.01732","0.00196","80.22423"
"110.80000","3.69327","3,116.21216","0.01732","0.00193","80.25476"
"110.90000","3.69656","3,117.77563","0.01733","0.00194","80.29503"
"111.00000","3.70000","3,119.25024","0.01734","0.00190","80.33301"
"111.10000","3.70329","3,121.16089","0.01734","0.00193","80.38221"
"111.20000","3.70658","3,122.07617","0.01736","0.00186","80.40578"
"111.30000","3.71001","3,124.78027","0.01737","0.00186","80.47543"
"111.40000","3.71345","3,126.64258","0.01739","0.00181","80.52338"
"111.50000","3.71667","3,127.85889","0.01740","0.00182","80.55471"
"111.60000","3.71995","3,129.40820","0.01743","0.00184","80.59461"
"111.70000","3.72339","3,130.67554","0.01745","0.00183","80.62725"
"111.80000","3.72653","3,132.64014","0.01746","0.00186","80.67785"
"111.90000","3.72997","3,134.54712","0.01747","0.00191","80.72696"
"112.00000","3.73341","3,135.97949","0.01749","0.00187","80.76385"
"112.10000","3.73662","3,137.46191","0.01747","0.00185","80.80202"
"112.20000","3.73998","3,139.65503","0.01748","0.00183","80.85851"
"112.30000","3.74335","3,141.03735","0.01753","0.00216","80.89411"
"112.40000","3.74663","3,142.35840","0.01752","0.00230","80.92813"
"112.50000","3.74992","3,143.48608","0.01754","0.00242","80.95718"
"112.60000","3.75336","3,146.16113","0.01760","0.00254","81.02607"
"112.70000","3.75680","3,147.93628","0.01766","0.00253","81.07178"
"112.80000","3.75994","3,149.00342","0.01762","0.00249","81.09927"
"112.90000","3.76330","3,150.48096","0.01770","0.00248","81.13732"
"113.00000","3.76681","3,152.68262","0.01773","0.00242","81.19402"
"113.10000","3.76980","3,153.64087","0.01769","0.00235","81.21870"
"113.20000","3.77332","3,155.97144","0.01768","0.00234","81.27872"
"113.30000","3.77675","3,157.68677","0.01768","0.00229","81.32290"
"113.40000","3.77997","3,159.54395","0.01772","0.00220","81.37073"
"113.50000","3.78341","3,160.96729","0.01771","0.00223","81.40739"
"113.60000","3.78677","3,163.36816","0.01773","0.00216","81.46922"
"113.70000","3.78998","3,164.33643","0.01775","0.00210","81.49415"
"113.80000","3.79320","3,165.47900","0.01779","0.00202","81.52357"
"113.90000","3.79663","3,167.52856","0.01777","0.00200","81.57636"
"114.00000","3.80000","3,169.11304","0.01779","0.00203","81.61717"
"114.10000","3.80321","3,170.49097","0.01782","0.00197","81.65266"
"114.20000","3.80665","3,172.62964","0.01781","0.00198","81.70773"
"114.30000","3.81016","3,174.79175","0.01785","0.00195","81.76342"
"114.40000","3.81315","3,174.82251","0.01785","0.00191","81.76421"
"114.50000","3.81666","3,177.30713","0.01786","0.00188","81.82820"
"114.60000","3.82003","3,179.25854","0.01789","0.00187","81.87846"
"114.70000","3.82317","3,180.99585","0.01792","0.00187","81.92319"
"114.80000","3.82668","3,182.98706","0.01793","0.00184","81.97448"
"114.90000","3.83012","3,184.27783","0.01794","0.00186","82.00772"
"115.00000","3.83333","3,186.61597","0.01794","0.00186","82.06794"
"115.10000","3.83669","3,186.73633","0.01795","0.00195","82.07104"
"115.20000","3.83998","3,189.36743","0.01799","0.00185","82.13880"
"115.30000","3.84334","3,191.36523","0.01799","0.00188","82.19025"
"115.40000","3.84656","3,191.91821","0.01800","0.00188","82.20449"
"115.50000","3.85000","3,194.36792","0.01800","0.00192","82.26758"
"115.60000","3.85351","3,195.92993","0.01806","0.00216","82.30781"
"115.70000","3.85657","3,198.44067","0.01809","0.00263","82.37247"
"115.80000","3.86009","3,199.46289","0.01812","0.00263","82.39880"
"115.90000","3.86345","3,201.07300","0.01810","0.00258","82.44026"
"116.00000","3.86651","3,202.03516","0.01810","0.00260","82.46504"
"116.10000","3.87003","3,204.27344","0.01814","0.00256","82.52269"
"116.20000","3.87339","3,206.65161","0.01813","0.00254","82.58394"
"116.30000","3.87660","3,207.56250","0.01819","0.00249","82.60739"
"116.40000","3.87997","3,208.41675","0.01821","0.00247","82.62939"
"116.50000","3.88333","3,211.27295","0.01820","0.00239","82.70295"
"116.60000","3.88669","3,213.63428","0.01821","0.00238","82.76376"
"116.70000","3.88991","3,214.69263","0.01824","0.00232","82.79102"
"116.80000","3.89334","3,215.90112","0.01821","0.00232","82.82214"
"116.90000","3.89671","3,217.62720","0.01826","0.00226","82.86660"
"117.00000","3.89985","3,219.45093","0.01830","0.00220","82.91357"
"117.10000","3.90343","3,221.46533","0.01829","0.00215","82.96545"
"117.20000","3.90680","3,224.06030","0.01830","0.00214","83.03228"
"117.30000","3.90986","3,224.95288","0.01834","0.00208","83.05527"
"117.40000","3.91337","3,226.91431","0.01833","0.00209","83.10578"
"117.50000","3.91666","3,228.24829","0.01835","0.00205","83.14014"
"117.60000","3.91995","3,230.34790","0.01839","0.00200","83.19421"
"117.70000","3.92339","3,231.34619","0.01841","0.00201","83.21992"
"117.80000","3.92675","3,233.16455","0.01844","0.00195","83.26675"
"117.90000","3.93004","3,235.12598","0.01838","0.00198","83.31726"
"118.00000","3.93325","3,235.63452","0.01838","0.00198","83.33036"
"118.10000","3.93662","3,238.32080","0.01845","0.00193","83.39954"
"118.20000","3.93990","3,239.38354","0.01843","0.00203","83.42691"
"118.30000","3.94319","3,241.22876","0.01846","0.00196","83.47443"
"118.40000","3.94671","3,243.96631","0.01849","0.00200","83.54494"
"118.50000","3.95007","3,245.07275","0.01849","0.00202","83.57343"
"118.60000","3.95328","3,246.15918","0.01852","0.00200","83.60141"
"118.70000","3.95665","3,248.41821","0.01854","0.00196","83.65959"
"118.80000","3.95993","3,249.47388","0.01857","0.00207","83.68678"
"118.90000","3.96322","3,251.22510","0.01855","0.00246","83.73188"
"119.00000","3.96659","3,253.34595","0.01856","0.00276","83.78650"
"119.10000","3.97002","3,254.63257","0.01860","0.00273","83.81963"
"119.20000","3.97331","3,256.62817","0.01859","0.00275","83.87103"
"119.30000","3.97668","3,258.44946","0.01864","0.00264","83.91793"
"119.40000","3.98011","3,260.03369","0.01864","0.00267","83.95873"
"119.50000","3.98333","3,262.15967","0.01865","0.00260","84.01349"
"119.60000","3.98654","3,262.78394","0.01868","0.00254","84.02956"
"119.70000","3.99005","3,265.22583","0.01871","0.00254","84.09245"
"119.80000","3.99342","3,266.38477","0.01871","0.00248","84.12230"
"119.90000","3.99663","3,267.93384","0.01871","0.00243","84.16219"
"120.00000","4.00007","3,269.21606","0.01881","0.00241","84.19521"
"120.10000","4.00343","3,271.14160","0.01875","0.00233","84.24480"
"120.20000","4.00657","3,272.94775","0.01879","0.00226","84.29132"
"120.30000","4.00993","3,274.59692","0.01877","0.00233","84.33379"
"120.40000","4.01337","3,275.43994","0.01879","0.00226","84.35551"
"120.50000","4.01658","3,278.00781","0.01881","0.00218","84.42164"
"120.60000","4.02002","3,279.46582","0.01881","0.00220","84.45919"
"120.70000","4.02346","3,280.85620","0.01886","0.00219","84.49500"
"120.80000","4.02667","3,281.90894","0.01887","0.00213","84.52211"
"120.90000","4.02989","3,283.87476","0.01884","0.00218","84.57274"
"121.00000","4.03333","3,286.00293","0.01886","0.00212","84.62755"
"121.10000","4.03669","3,287.70361","0.01887","0.00205","84.67134"
"121.20000","4.03990","3,288.75635","0.01889","0.00208","84.69846"
"121.30000","4.04334","3,290.97729","0.01891","0.00208","84.75565"
"121.40000","4.04678","3,292.05029","0.01893","0.00206","84.78329"
"121.50000","4.04992","3,293.87109","0.01894","0.00211","84.83018"
"121.60000","4.05328","3,295.85376","0.01894","0.00210","84.88124"
"121.70000","4.05672","3,297.72046","0.01895","0.00212","84.92931"
"121.80000","4.05986","3,297.96680","0.01899","0.00212","84.93566"
"121.90000","4.06337","3,300.83081","0.01902","0.00209","85.00942"
"122.00000","4.06681","3,303.29541","0.01903","0.00210","85.07289"
"122.10000","4.06995","3,303.96484","0.01903","0.00207","85.09013"
"122.20000","4.07338","3,305.85986","0.01907","0.00247","85.13894"
"122.30000","4.07667","3,307.07056","0.01908","0.00286","85.17012"
"122.40000","4.08004","3,309.09302","0.01913","0.00281","85.22221"
"122.50000","4.08325","3,310.35059","0.01912","0.00284","85.25459"
"122.60000","4.08661","3,312.56201","0.01911","0.00279","85.31155"
"122.70000","4.09005","3,314.91870","0.01909","0.00274","85.37224"
"122.80000","4.09326","3,315.84058","0.01916","0.00276","85.39598"
"122.90000","4.09670","3,317.72119","0.01918","0.00267","85.44441"
"123.00000","4.10014","3,319.10815","0.01921","0.00267","85.48013"
"123.10000","4.10320","3,320.15381","0.01924","0.00254","85.50706"
"123.20000","4.10664","3,322.09570","0.01920","0.00255","85.55708"
"123.30000","4.11008","3,323.89038","0.01924","0.00253","85.60329"
"123.40000","4.11329","3,325.15210","0.01927","0.00245","85.63579"
"123.50000","4.11673","3,326.93237","0.01928","0.00244","85.68164"
"123.60000","4.12010","3,329.27856","0.01930","0.00241","85.74207"
"123.70000","4.12331","3,331.18970","0.01931","0.00243","85.79128"
"123.80000","4.12660","3,332.05835","0.01930","0.00238","85.81365"
"123.90000","4.12996","3,333.86548","0.01930","0.00230","85.86019"
"124.00000","4.13340","3,335.90576","0.01934","0.00230","85.91274"
"124.10000","4.13661","3,337.28125","0.01931","0.00227","85.94817"
"124.20000","4.14005","3,339.65747","0.01934","0.00224","86.00936"
"124.30000","4.14349","3,340.69580","0.01937","0.00224","86.03610"
"124.40000","4.14655","3,341.83276","0.01939","0.00221","86.06538"
"124.50000","4.14999","3,343.73413","0.01939","0.00218","86.11435"
"124.60000","4.15335","3,345.30884","0.01943","0.00222","86.15491"
"124.70000","4.15649","3,345.67432","0.01946","0.00221","86.16432"
"124.80000","4.16008","3,347.49512","0.01949","0.00222","86.21121"
"124.90000","4.16337","3,349.78711","0.01948","0.00227","86.27024"
"125.00000","4.16666","3,351.45703","0.01948","0.00228","86.31325"
"125.10000","4.17002","3,353.38159","0.01951","0.00221","86.36281"
"125.20000","4.17331","3,355.51270","0.01952","0.00218","86.41769"
"125.30000","4.17667","3,356.80176","0.01953","0.00221","86.45090"
"125.40000","4.17981","3,357.68359","0.01954","0.00222","86.47360"
"125.50000","4.18332","3,359.28760","0.01955","0.00284","86.51492"
"125.60000","4.18684","3,362.20605","0.01960","0.00293","86.59007"
"125.70000","4.18990","3,363.43115","0.01960","0.00293","86.62163"
"125.80000","4.19341","3,365.40723","0.01966","0.00297","86.67252"
"125.90000","4.19677","3,366.92334","0.01963","0.00290","86.71156"
"126.00000","4.19984","3,367.95972","0.01969","0.00291","86.73826"
"126.10000","4.20335","3,369.69897","0.01967","0.00285","86.78305"
"126.20000","4.20672","3,370.91162","0.01968","0.00279","86.81428"
"126.30000","4.21000","3,372.89673","0.01971","0.00276","86.86540"
"126.40000","4.21337","3,374.78442","0.01971","0.00272","86.91402"
"126.50000","4.21673","3,376.60645","0.01969","0.00268","86.96095"
"126.60000","4.22002","3,377.97021","0.01972","0.00264","86.99606"
"126.70000","4.22323","3,379.13330","0.01975","0.00258","87.02602"
"126.80000","4.22659","3,381.10132","0.01978","0.00258","87.07671"
"126.90000","4.23003","3,382.78638","0.01982","0.00249","87.12010"
"127.00000","4.23317","3,383.52295","0.01978","0.00249","87.13907"
"127.10000","4.23676","3,386.24463","0.01979","0.00249","87.20917"
"127.20000","4.24005","3,387.74536","0.01982","0.00244","87.24781"
"127.30000","4.24326","3,389.07471","0.01980","0.00237","87.28205"
"127.40000","4.24670","3,390.66870","0.01982","0.00238","87.32310"
"127.50000","4.24999","3,392.40771","0.01981","0.00234","87.36789"
"127.60000","4.25320","3,393.26855","0.01985","0.00234","87.39006"
"127.70000","4.25664","3,395.21069","0.01988","0.00231","87.44008"
"127.80000","4.26008","3,396.57666","0.01991","0.00227","87.47526"
"127.90000","4.26337","3,398.94702","0.01992","0.00232","87.53630"
"128.00000","4.26658","3,399.82129","0.01993","0.00233","87.55882"
"128.10000","4.27002","3,401.17822","0.01995","0.00229","87.59377"
"128.20000","4.27338","3,403.89014","0.01998","0.00231","87.66360"
"128.30000","4.27652","3,405.09180","0.01995","0.00234","87.69455"
"128.40000","4.28011","3,406.95093","0.02002","0.00231","87.74243"
"128.50000","4.28340","3,407.73901","0.02002","0.00231","87.76273"
"128.60000","4.28661","3,409.81421","0.02003","0.00230","87.81618"
"128.70000","4.29005","3,411.79102","0.02003","0.00252","87.86708"
"128.80000","4.29341","3,413.38257","0.02006","0.00303","87.90807"
"128.90000","4.29662","3,414.41992","0.02009","0.00314","87.93479"
"129.00000","4.29999","3,416.06445","0.02011","0.00305","87.97714"
"129.10000","4.30343","3,417.80713","0.02014","0.00306","88.02203"
"129.20000","4.30664","3,420.35107","0.02013","0.00306","88.08754"
"129.30000","4.31000","3,420.84888","0.02017","0.00300","88.10036"
"129.40000","4.31336","3,423.18750","0.02016","0.00294","88.16059"
"129.50000","4.31665","3,424.71069","0.02021","0.00298","88.19981"
"129.60000","4.31987","3,426.12012","0.02019","0.00285","88.23611"
"129.70000","4.32331","3,427.67505","0.02020","0.00286","88.27616"
"129.80000","4.32667","3,429.61841","0.02022","0.00282","88.32621"
"129.90000","4.32988","3,431.02026","0.02025","0.00275","88.36231"
"130.00000","4.33339","3,432.07495","0.02029","0.00272","88.38947"
"130.10000","4.33676","3,434.56079","0.02029","0.00268","88.45350"
"130.20000","4.33990","3,435.68481","0.02030","0.00264","88.48244"
"130.30000","4.34326","3,438.24072","0.02029","0.00262","88.54827"
"130.40000","4.34670","3,438.82959","0.02032","0.00259","88.56343"
"130.50000","4.34991","3,440.96729","0.02033","0.00256","88.61849"
"130.60000","4.35335","3,441.84644","0.02032","0.00256","88.64113"
"130.70000","4.35679","3,444.11816","0.02032","0.00251","88.69964"
"130.80000","4.36000","3,445.82129","0.02038","0.00247","88.74350"
"130.90000","4.36329","3,446.66235","0.02038","0.00246","88.76516"
"131.00000","4.36665","3,448.45508","0.02040","0.00248","88.81133"
"131.10000","4.37002","3,450.83765","0.02039","0.00251","88.87269"
"131.20000","4.37323","3,451.46143","0.02041","0.00245","88.88876"
"131.30000","4.37667","3,453.34033","0.02044","0.00247","88.93714"
"131.40000","4.38011","3,456.10229","0.02046","0.00248","89.00828"
"131.50000","4.38324","3,456.64966","0.02048","0.00245","89.02237"
"131.60000","4.38661","3,458.40820","0.02052","0.00246","89.06766"
"131.70000","4.39005","3,459.96167","0.02053","0.00248","89.10767"
"131.80000","4.39318","3,461.79785","0.02056","0.00246","89.15496"
"131.90000","4.39670","3,463.11890","0.02055","0.00247","89.18898"
"132.00000","4.40006","3,465.57275","0.02056","0.00255","89.25217"
"132.10000","4.40327","3,466.28613","0.02058","0.00288","89.27055"
"132.20000","4.40671","3,468.03784","0.02059","0.00318","89.31566"
"132.30000","4.41007","3,469.33228","0.02064","0.00324","89.34900"
"132.40000","4.41329","3,471.75000","0.02063","0.00319","89.41126"
"132.50000","4.41658","3,472.24390","0.02064","0.00314","89.42399"
"132.60000","4.41994","3,474.64819","0.02066","0.00316","89.48591"
"132.70000","4.42338","3,475.53418","0.02069","0.00310","89.50872"
"132.80000","4.42659","3,477.89185","0.02072","0.00302","89.56944"
"132.90000","4.43003","3,479.15991","0.02073","0.00300","89.60210"
"133.00000","4.43347","3,480.89014","0.02073","0.00296","89.64666"
"133.10000","4.43653","3,482.74707","0.02075","0.00294","89.69448"
"133.20000","4.43997","3,483.66382","0.02070","0.00288","89.71809"
"133.30000","4.44341","3,485.34180","0.02079","0.00288","89.76131"
"133.40000","4.44655","3,487.24805","0.02076","0.00281","89.81040"
"133.50000","4.45006","3,488.82788","0.02080","0.00282","89.85109"
"133.60000","4.45342","3,490.91553","0.02081","0.00275","89.90485"
"133.70000","4.45664","3,492.09277","0.02084","0.00273","89.93517"
"133.80000","4.45992","3,493.70093","0.02089","0.00265","89.97659"
"133.90000","4.46321","3,495.61133","0.02089","0.00268","90.02579"
"134.00000","4.46665","3,497.20947","0.02085","0.00266","90.06695"
"134.10000","4.46986","3,498.04272","0.02083","0.00264","90.08841"
"134.20000","4.47338","3,500.24658","0.02089","0.00259","90.14516"
"134.30000","4.47681","3,502.71582","0.02090","0.00258","90.20876"
"134.40000","4.47988","3,503.09375","0.02090","0.00255","90.21849"
"134.50000","4.48339","3,505.10303","0.02093","0.00260","90.27023"
"134.60000","4.48668","3,507.20874","0.02096","0.00260","90.32447"
"134.70000","4.48989","3,508.06348","0.02095","0.00259","90.34648"
"134.80000","4.49333","3,509.97998","0.02100","0.00259","90.39584"
"134.90000","4.49669","3,511.69775","0.02100","0.00263","90.44008"
"135.00000","4.49998","3,514.01782","0.02101","0.00264","90.49982"
"135.10000","4.50335","3,514.31738","0.02104","0.00262","90.50755"
"135.20000","4.50671","3,516.35376","0.02109","0.00261","90.55999"
"135.30000","4.51000","3,518.76318","0.02109","0.00263","90.62204"
"135.40000","4.51321","3,519.24414","0.02110","0.00334","90.63443"
"135.50000","4.51665","3,521.30225","0.02112","0.00334","90.68743"
"135.60000","4.52009","3,523.17285","0.02112","0.00332","90.73560"
"135.70000","4.52323","3,524.59595","0.02116","0.00332","90.77225"
"135.80000","4.52674","3,525.79834","0.02116","0.00327","90.80322"
"135.90000","4.53010","3,526.80420","0.02117","0.00331","90.82912"
"136.00000","4.53324","3,529.14307","0.02119","0.00324","90.88937"
"136.10000","4.53668","3,530.72168","0.02117","0.00321","90.93002"
"136.20000","4.53997","3,532.23755","0.02122","0.00318","90.96906"
"136.30000","4.54326","3,533.54785","0.02124","0.00310","91.00280"
"136.40000","4.54662","3,535.54297","0.02125","0.00305","91.05418"
"136.50000","4.55006","3,537.51416","0.02125","0.00302","91.10495"
"136.60000","4.55335","3,538.63208","0.02130","0.00296","91.13374"
"136.70000","4.55656","3,539.17822","0.02129","0.00293","91.14780"
"136.80000","4.56000","3,542.04175","0.02133","0.00293","91.22156"
"136.90000","4.56336","3,544.18018","0.02132","0.00288","91.27663"
"137.00000","4.56650","3,544.81714","0.02133","0.00288","91.29303"
"137.10000","4.57009","3,546.11792","0.02134","0.00287","91.32653"
"137.20000","4.57345","3,548.01343","0.02137","0.00281","91.37535"
"137.30000","4.57659","3,549.41113","0.02137","0.00282","91.41135"
"137.40000","4.58003","3,551.15796","0.02140","0.00274","91.45633"
"137.50000","4.58331","3,552.42188","0.02141","0.00272","91.48888"
"137.60000","4.58660","3,553.94141","0.02140","0.00275","91.52802"
"137.70000","4.58997","3,555.83350","0.02143","0.00277","91.57674"
"137.80000","4.59333","3,556.65723","0.02146","0.00274","91.59796"
"137.90000","4.59669","3,559.45679","0.02147","0.00274","91.67006"
"138.00000","4.59991","3,559.90527","0.02149","0.00270","91.68161"
"138.10000","4.60334","3,562.12598","0.02151","0.00272","91.73880"
"138.20000","4.60671","3,564.03076","0.02149","0.00270","91.78786"
"138.30000","4.60985","3,565.05957","0.02154","0.00270","91.81435"
"138.40000","4.61336","3,566.40063","0.02154","0.00268","91.84889"
"138.50000","4.61672","3,568.57593","0.02155","0.00278","91.90491"
"138.60000","4.62001","3,569.94824","0.02160","0.00309","91.94025"
"138.70000","4.62337","3,571.53760","0.02161","0.00351","91.98119"
"138.80000","4.62674","3,573.39575","0.02162","0.00348","92.02905"
"138.90000","4.62988","3,574.72119","0.02165","0.00345","92.06318"
"139.00000","4.63331","3,576.32593","0.02164","0.00347","92.10451"
"139.10000","4.63675","3,578.37427","0.02164","0.00341","92.15726"
"139.20000","4.63997","3,579.47681","0.02169","0.00337","92.18565"
"139.30000","4.64333","3,581.16431","0.02169","0.00332","92.22912"
"139.40000","4.64677","3,582.25854","0.02172","0.00327","92.25729"
"139.50000","4.64998","3,584.70410","0.02171","0.00324","92.32028"
"139.60000","4.65319","3,585.17554","0.02172","0.00324","92.33242"
"139.70000","4.65671","3,587.02100","0.02176","0.00319","92.37995"
"139.80000","4.66007","3,588.68237","0.02182","0.00311","92.42274"
"139.90000","4.66328","3,590.80322","0.02183","0.00308","92.47736"
"140.00000","4.66672","3,591.79126","0.02184","0.00311","92.50280"
"140.10000","4.67016","3,594.02979","0.02183","0.00304","92.56046"
"140.20000","4.67322","3,595.22803","0.02182","0.00301","92.59131"
"140.30000","4.67659","3,596.91016","0.02189","0.00298","92.63464"
"140.40000","4.68002","3,597.75098","0.02191","0.00297","92.65629"
"140.50000","4.68324","3,600.20288","0.02189","0.00291","92.71944"
"140.60000","4.68660","3,601.37671","0.02186","0.00289","92.74966"
"140.70000","4.69011","3,603.41699","0.02194","0.00291","92.80221"
"140.80000","4.69333","3,604.85474","0.02197","0.00285","92.83923"
"140.90000","4.69662","3,606.22900","0.02195","0.00288","92.87463"
"141.00000","4.69998","3,608.03149","0.02200","0.00284","92.92105"
"141.10000","4.70334","3,608.80054","0.02193","0.00287","92.94086"
"141.20000","4.70656","3,610.38379","0.02196","0.00285","92.98163"
"141.30000","4.70999","3,612.71313","0.02201","0.00282","93.04162"
"141.40000","4.71343","3,614.33252","0.02203","0.00286","93.08333"
"141.50000","4.71657","3,616.38257","0.02200","0.00286","93.13612"
"141.60000","4.72001","3,617.38501","0.02201","0.00284","93.16194"
"141.70000","4.72345","3,619.46704","0.02203","0.00287","93.21556"
"141.80000","4.72651","3,620.32837","0.02208","0.00283","93.23775"
"141.90000","4.72995","3,622.23022","0.02208","0.00313","93.28673"
"142.00000","4.73339","3,623.81274","0.02207","0.00358","93.32748"
"142.10000","4.73660","3,625.76318","0.02211","0.00356","93.37771"
"142.20000","4.74004","3,627.39551","0.02211","0.00359","93.41975"
"142.30000","4.74340","3,628.96655","0.02213","0.00359","93.46021"
"142.40000","4.74661","3,630.47827","0.02217","0.00350","93.49915"
"142.50000","4.74990","3,631.51099","0.02219","0.00346","93.52574"
"142.60000","4.75327","3,632.89722","0.02217","0.00350","93.56144"
"142.70000","4.75670","3,635.06567","0.02219","0.00345","93.61729"
"142.80000","4.75984","3,637.40063","0.02219","0.00337","93.67742"
"142.90000","4.76336","3,638.89258","0.02225","0.00336","93.71584"
"143.00000","4.76679","3,639.93262","0.02225","0.00328","93.74263"
"143.10000","4.76986","3,641.33130","0.02229","0.00326","93.77866"
"143.20000","4.77330","3,642.21436","0.02227","0.00329","93.80139"
"143.30000","4.77666","3,645.01807","0.02232","0.00320","93.87360"
"143.40000","4.77987","3,646.02612","0.02236","0.00315","93.89956"
"143.50000","4.78339","3,647.82544","0.02236","0.00316","93.94590"
"143.60000","4.78675","3,649.52417","0.02238","0.00309","93.98965"
"143.70000","4.79004","3,651.52051","0.02242","0.00305","94.04106"
"143.80000","4.79333","3,651.95825","0.02240","0.00308","94.05234"
"143.90000","4.79661","3,654.18311","0.02240","0.00303","94.10963"
"144.00000","4.80005","3,656.60742","0.02242","0.00303","94.17207"
"144.10000","4.80319","3,657.05981","0.02243","0.00297","94.18372"
"144.20000","4.80670","3,658.95630","0.02248","0.00303","94.23257"
"144.30000","4.81014","3,660.65869","0.02247","0.00304","94.27641"
"144.40000","4.81328","3,661.12842","0.02247","0.00301","94.28851"
"144.50000","4.81672","3,663.16406","0.02250","0.00292","94.34093"
"144.60000","4.82001","3,664.64990","0.02249","0.00301","94.37920"
"144.70000","4.82322","3,666.07788","0.02257","0.00294","94.41598"
"144.80000","4.82666","3,668.15698","0.02249","0.00305","94.46952"
"144.90000","4.82995","3,668.98950","0.02256","0.00297","94.49096"
"145.00000","4.83331","3,671.39062","0.02257","0.00293","94.55280"
"145.10000","4.83660","3,672.70532","0.02257","0.00307","94.58665"
"145.20000","4.84004","3,673.55640","0.02256","0.00351","94.60857"
"145.30000","4.84340","3,675.48096","0.02260","0.00368","94.65814"
"145.40000","4.84654","3,676.76904","0.02259","0.00372","94.69131"
"145.50000","4.84998","3,678.46973","0.02262","0.00370","94.73512"
"145.60000","4.85341","3,680.50781","0.02266","0.00369","94.78761"
"145.70000","4.85655","3,681.24023","0.02266","0.00360","94.80647"
"145.80000","4.86007","3,683.70898","0.02269","0.00361","94.87005"
"145.90000","4.86343","3,684.96362","0.02270","0.00356","94.90236"
"146.00000","4.86657","3,685.51758","0.02271","0.00356","94.91663"
"146.10000","4.87001","3,687.50537","0.02272","0.00346","94.96782"
"146.20000","4.87329","3,689.70483","0.02275","0.00347","95.02446"
"146.30000","4.87666","3,690.84937","0.02276","0.00340","95.05394"
"146.40000","4.87995","3,692.42310","0.02278","0.00335","95.09447"
"146.50000","4.88331","3,693.08179","0.02278","0.00336","95.11143"
"146.60000","4.88675","3,696.16479","0.02280","0.00330","95.19083"
"146.70000","4.88989","3,696.79883","0.02282","0.00326","95.20716"
"146.80000","4.89332","3,698.57764","0.02286","0.00320","95.25298"
"146.90000","4.89669","3,700.87280","0.02287","0.00317","95.31208"
"147.00000","4.89983","3,702.33032","0.02289","0.00318","95.34962"
"147.10000","4.90341","3,703.37842","0.02292","0.00315","95.37661"
"147.20000","4.90678","3,706.08984","0.02293","0.00312","95.44644"
"147.30000","4.90999","3,707.08813","0.02298","0.00307","95.47215"
"147.40000","4.91343","3,708.53442","0.02296","0.00308","95.50940"
"147.50000","4.91672","3,709.44141","0.02303","0.00305","95.53275"
"147.60000","4.91993","3,711.40845","0.02300","0.00307","95.58341"
"147.70000","4.92329","3,713.46021","0.02301","0.00309","95.63625"
"147.80000","4.92673","3,714.46533","0.02300","0.00305","95.66214"
"147.90000","4.93002","3,716.95020","0.02300","0.00306","95.72614"
"148.00000","4.93331","3,717.62183","0.02301","0.00305","95.74343"
"148.10000","4.93675","3,719.54150","0.02302","0.00307","95.79288"
"148.20000","4.94003","3,720.55029","0.02306","0.00304","95.81886"
"148.30000","4.94317","3,721.74463","0.02305","0.00304","95.84961"
"148.40000","4.94669","3,724.42188","0.02304","0.00315","95.91856"
"148.50000","4.95005","3,724.76685","0.02310","0.00359","95.92744"
"148.60000","4.95326","3,727.17651","0.02311","0.00377","95.98950"
"148.70000","4.95670","3,728.75073","0.02315","0.00378","96.03004"
"148.80000","4.96014","3,730.03809","0.02315","0.00380","96.06320"
"148.90000","4.96328","3,731.53247","0.02313","0.00372","96.10169"
"149.00000","4.96664","3,733.04272","0.02314","0.00379","96.14059"
"149.10000","4.97000","3,734.25342","0.02316","0.00368","96.17176"
"149.20000","4.97329","3,736.54175","0.02320","0.00366","96.23070"
"149.30000","4.97658","3,737.34229","0.02321","0.00364","96.25131"
"149.40000","4.98009","3,739.47437","0.02324","0.00358","96.30622"
"149.50000","4.98338","3,740.08911","0.02329","0.00354","96.32206"
"149.60000","4.98652","3,741.39404","0.02328","0.00351","96.35566"
"149.70000","4.99003","3,743.03638","0.02330","0.00348","96.39796"
"149.80000","4.99332","3,744.71313","0.02330","0.00346","96.44114"
"149.90000","4.99661","3,745.84424","0.02327","0.00341","96.47028"
"150.00000","4.99997","3,747.81421","0.02332","0.00337","96.52101"
"150.10000","5.00348","3,749.41333","0.02333","0.00338","96.56219"
"150.20000","5.00662","3,750.98511","0.02338","0.00333","96.60267"
"150.30000","5.00999","3,752.22314","0.02340","0.00325","96.63455"
"150.40000","5.01335","3,753.76196","0.02344","0.00327","96.67419"
"150.50000","5.01656","3,754.45459","0.02347","0.00320","96.69202"
"150.60000","5.02000","3,755.85107","0.02349","0.00320","96.72799"
"150.70000","5.02344","3,758.93042","0.02353","0.00324","96.80730"
"150.80000","5.02665","3,759.79517","0.02353","0.00325","96.82957"
"150.90000","5.03002","3,760.82764","0.02353","0.00316","96.85616"
"151.00000","5.03338","3,762.98120","0.02352","0.00321","96.91162"
"151.10000","5.03667","3,763.82764","0.02350","0.00319","96.93342"
"151.20000","5.03988","3,764.85986","0.02353","0.00319","96.96000"
"151.30000","5.04332","3,766.51807","0.02351","0.00317","97.00271"
"151.40000","5.04676","3,768.45483","0.02354","0.00314","97.05258"
"151.50000","5.04990","3,769.11230","0.02365","0.00314","97.06952"
"151.60000","5.05333","3,771.26904","0.02359","0.00320","97.12506"
"151.70000","5.05677","3,772.86035","0.02362","0.00334","97.16605"
"151.80000","5.05984","3,774.01440","0.02360","0.00364","97.19576"
"151.90000","5.06327","3,774.37183","0.02365","0.00379","97.20497"
"152.00000","5.06671","3,777.05835","0.02364","0.00388","97.27416"
"152.10000","5.06993","3,778.09790","0.02365","0.00388","97.30093"
"152.20000","5.07336","3,779.66235","0.02363","0.00389","97.34122"
"152.30000","5.07673","3,781.11816","0.02364","0.00382","97.37872"
"152.40000","5.08009","3,783.87280","0.02371","0.00383","97.44966"
"152.50000","5.08330","3,784.26758","0.02373","0.00376","97.45982"
"152.60000","5.08667","3,785.81738","0.02374","0.00373","97.49974"
"152.70000","5.09003","3,787.12744","0.02380","0.00367","97.53348"
"152.80000","5.09317","3,788.01294","0.02389","0.00362","97.55628"
"152.90000","5.09668","3,789.96069","0.02390","0.00363","97.60645"
"153.00000","5.10012","3,791.44995","0.02388","0.00354","97.64480"
"153.10000","5.10326","3,792.96582","0.02387","0.00357","97.68384"
"153.20000","5.10662","3,793.91040","0.02387","0.00354","97.70817"
"153.30000","5.10999","3,795.98926","0.02388","0.00347","97.76170"
"153.40000","5.11320","3,797.02759","0.02386","0.00348","97.78844"
"153.50000","5.11664","3,798.35254","0.02393","0.00342","97.82257"
"153.60000","5.12000","3,799.39478","0.02400","0.00334","97.84941"
"153.70000","5.12336","3,801.77759","0.02407","0.00337","97.91077"
"153.80000","5.12665","3,802.83154","0.02395","0.00333","97.93792"
"153.90000","5.12994","3,804.52246","0.02402","0.00336","97.98147"
"154.00000","5.13338","3,805.86938","0.02402","0.00333","98.01616"
"154.10000","5.13644","3,806.50269","0.02405","0.00329","98.03247"
"154.20000","5.14003","3,808.64990","0.02406","0.00331","98.08777"
"154.30000","5.14347","3,810.97559","0.02406","0.00326","98.14766"
"154.40000","5.14661","3,812.18726","0.02407","0.00328","98.17887"
"154.50000","5.15004","3,813.36353","0.02409","0.00327","98.20916"
"154.60000","5.15341","3,814.03906","0.02407","0.00326","98.22656"
"154.70000","5.15662","3,816.01562","0.02416","0.00324","98.27747"
"154.80000","5.15998","3,816.90161","0.02414","0.00319","98.30028"
"154.90000","5.16327","3,819.04126","0.02412","0.00323","98.35538"
"155.00000","5.16664","3,820.11279","0.02414","0.00350","98.38298"
"155.10000","5.17000","3,821.49194","0.02416","0.00366","98.41850"
"155.20000","5.17336","3,822.94873","0.02416","0.00386","98.45602"
"155.30000","5.17680","3,824.73755","0.02422","0.00400","98.50209"
"155.40000","5.17986","3,825.08789","0.02420","0.00391","98.51111"
"155.50000","5.18330","3,827.36548","0.02421","0.00394","98.56976"
"155.60000","5.18674","3,828.75537","0.02428","0.00392","98.60556"
"155.70000","5.18988","3,829.31641","0.02436","0.00388","98.62001"
"155.80000","5.19339","3,832.02441","0.02425","0.00383","98.68975"
"155.90000","5.19675","3,832.54175","0.02428","0.00381","98.70308"
"156.00000","5.19997","3,834.39209","0.02432","0.00377","98.75073"
"156.10000","5.20333","3,835.91235","0.02438","0.00379","98.78988"
"156.20000","5.20662","3,836.58374","0.02448","0.00368","98.80717"
"156.30000","5.20998","3,837.88159","0.02453","0.00362","98.84060"
"156.40000","5.21327","3,839.24927","0.02458","0.00364","98.87582"
"156.50000","5.21671","3,840.92261","0.02461","0.00351","98.91891"
"156.60000","5.22015","3,842.04321","0.02460","0.00354","98.94778"
"156.70000","5.22321","3,843.08057","0.02457","0.00349","98.97449"
"156.80000","5.22665","3,844.77222","0.02461","0.00344","99.01806"
"156.90000","5.23001","3,845.95728","0.02467","0.00348","99.04858"
"157.00000","5.23323","3,846.99854","0.02460","0.00345","99.07539"
"157.10000","5.23674","3,849.40405","0.02464","0.00347","99.13734"
"157.20000","5.24010","3,849.96582","0.02472","0.00345","99.15182"
"157.30000","5.24332","3,851.09521","0.02466","0.00339","99.18090"
"157.40000","5.24675","3,852.15161","0.02454","0.00337","99.20811"
"157.50000","5.25004","3,853.39258","0.02467","0.00334","99.24007"
"157.60000","5.25326","3,853.44434","0.02435","0.00333","99.24140"
"157.62400","5.25408","3,556.84351","0.02426","0.00332","91.60276"
"157.62800","5.25430","3,212.19556","0.02426","0.00332","82.72672"
"157.63200","5.25445","2,805.81470","0.02426","0.00332","72.26080"
"157.63600","5.25460","2,377.48755","0.02426","0.00332","61.22969"
"157.63800","5.25468","2,164.73975","0.02426","0.00332","55.75059"
