Modulus (Segment 0.001 mm/mm - 0.008 mm/mm) : Modulus (Segment 0.001 mm/mm - 0.008 mm/mm),"6,189.44270",MPa
Poisson's ratio (Least squares fit) : Poisson's ratio (Least squares fit),"0.21742"
Specimen properties : Gauge length,"15.18000",mm
Specimen properties : Gauge length transverse,"5.32400",mm
Specimen properties : Thickness,"2.55000",mm
Specimen properties : Width,"15.13000",mm

Time,Extension,Load,Video axial strain,Video transverse strain,Calculated Stress
(s),(mm),(N),(mm/mm),(mm/mm),(MPa)
"0.00000","0.00000","39.25518","0.00001","0.00000","1.01746"
"0.10000","0.00127","39.40844","0.00000","-0.00001","1.02143"
"0.20000","0.00568","45.63820","0.00007","-0.00002","1.18290"
"0.30000","0.00994","53.07482","0.00009","-0.00007","1.37565"
"0.40000","0.01338","59.35099","0.00011","-0.00005","1.53833"
"0.50000","0.01659","64.39190","0.00014","-0.00002","1.66898"
"0.60000","0.02003","70.09135","0.00013","-0.00006","1.81671"
"0.70000","0.02347","76.00819","0.00017","-0.00012","1.97007"
"0.80000","0.02668","81.42855","0.00024","-0.00014","2.11056"
"0.90000","0.03012","86.68259","0.00020","-0.00015","2.24674"
"1.00000","0.03356","92.28249","0.00023","-0.00016","2.39188"
"1.10000","0.03655","96.87902","0.00023","-0.00021","2.51102"
"1.20000","0.04006","102.44984","0.00019","-0.00026","2.65541"
"1.30000","0.04350","107.84656","0.00021","-0.00025","2.79529"
"1.40000","0.04671","113.05325","0.00026","-0.00022","2.93024"
"1.50000","0.05015","117.55390","0.00021","-0.00016","3.04690"
"1.60000","0.05344","124.49994","0.00020","-0.00013","3.22693"
"1.70000","0.05673","129.92877","0.00023","-0.00017","3.36764"
"1.80000","0.06001","135.18568","0.00025","-0.00022","3.50390"
"1.90000","0.06338","140.15854","0.00025","-0.00021","3.63279"
"2.00000","0.06674","146.31128","0.00028","-0.00021","3.79227"
"2.10000","0.06995","151.54240","0.00028","-0.00015","3.92785"
"2.20000","0.07347","156.79767","0.00028","-0.00009","4.06406"
"2.30000","0.07690","162.15761","0.00031","-0.00006","4.20299"
"2.40000","0.07989","166.97417","0.00035","0.00005","4.32783"
"2.50000","0.08348","172.59782","0.00034","0.00005","4.47359"
"2.60000","0.08684","178.43156","0.00038","0.00014","4.62480"
"2.70000","0.08991","183.56531","0.00039","0.00015","4.75786"
"2.80000","0.09342","188.88100","0.00040","0.00027","4.89564"
"2.90000","0.09678","194.40398","0.00040","0.00029","5.03879"
"3.00000","0.10007","199.82558","0.00047","0.00025","5.17931"
"3.10000","0.10344","205.22575","0.00050","0.00019","5.31928"
"3.20000","0.10672","210.21912","0.00048","0.00017","5.44870"
"3.30000","0.11009","215.70479","0.00052","0.00010","5.59089"
"3.40000","0.11323","219.87032","0.00057","0.00013","5.69885"
"3.50000","0.11674","226.42810","0.00058","0.00005","5.86883"
"3.60000","0.12018","231.94746","0.00059","0.00005","6.01188"
"3.70000","0.12332","236.89554","0.00060","0.00007","6.14013"
"3.80000","0.12683","241.87779","0.00062","0.00003","6.26927"
"3.90000","0.13019","246.77818","0.00074","0.00004","6.39628"
"4.00000","0.13326","252.13612","0.00071","0.00001","6.53516"
"4.10000","0.13677","257.49869","0.00068","-0.00005","6.67415"
"4.20000","0.14006","262.91241","0.00069","-0.00006","6.81447"
"4.30000","0.14342","267.73587","0.00072","-0.00011","6.93949"
"4.40000","0.14678","272.96198","0.00071","-0.00018","7.07494"
"4.50000","0.15015","278.56497","0.00069","-0.00016","7.22017"
"4.60000","0.15343","283.52115","0.00071","-0.00016","7.34863"
"4.70000","0.15665","287.83539","0.00071","-0.00009","7.46045"
"4.80000","0.16001","293.00330","0.00073","-0.00006","7.59440"
"4.90000","0.16345","299.14349","0.00075","-0.00018","7.75355"
"5.00000","0.16659","303.41858","0.00076","-0.00020","7.86435"
"5.10000","0.17010","307.90836","0.00080","-0.00011","7.98073"
"5.20000","0.17354","313.51926","0.00080","-0.00004","8.12615"
"5.30000","0.17668","318.57516","0.00080","-0.00004","8.25720"
"5.40000","0.18012","323.66422","0.00081","0.00003","8.38910"
"5.50000","0.18340","328.98392","0.00084","0.00008","8.52699"
"5.60000","0.18662","334.75455","0.00085","0.00010","8.67656"
"5.70000","0.19006","339.12286","0.00085","0.00016","8.78978"
"5.80000","0.19342","344.62106","0.00088","0.00029","8.93229"
"5.90000","0.19678","350.21820","0.00090","0.00033","9.07736"
"6.00000","0.20000","353.95972","0.00092","0.00030","9.17434"
"6.10000","0.20343","359.99570","0.00093","0.00040","9.33079"
"6.20000","0.20680","365.06711","0.00094","0.00045","9.46223"
"6.30000","0.20994","370.02579","0.00095","0.00034","9.59076"
"6.40000","0.21345","375.10583","0.00098","0.00020","9.72243"
"6.50000","0.21689","380.07687","0.00097","0.00026","9.85127"
"6.60000","0.22003","384.57547","0.00100","0.00026","9.96787"
"6.70000","0.22346","390.15872","0.00102","0.00022","10.11259"
"6.80000","0.22675","394.58078","0.00105","0.00021","10.22720"
"6.90000","0.22997","399.66409","0.00106","0.00027","10.35896"
"7.00000","0.23333","404.61578","0.00109","0.00017","10.48730"
"7.10000","0.23669","409.00406","0.00113","0.00017","10.60104"
"7.20000","0.24005","414.53271","0.00110","0.00012","10.74434"
"7.30000","0.24334","419.34842","0.00112","0.00014","10.86916"
"7.40000","0.24678","424.19531","0.00113","0.00013","10.99479"
"7.50000","0.25007","428.87381","0.00118","0.00010","11.11605"
"7.60000","0.25328","434.05081","0.00117","0.00004","11.25023"
"7.70000","0.25672","438.24078","0.00118","0.00004","11.35883"
"7.80000","0.26008","443.13922","0.00120","-0.00002","11.48580"
"7.90000","0.26330","448.29813","0.00124","0.00003","11.61951"
"8.00000","0.26681","452.52368","0.00124","0.00005","11.72903"
"8.10000","0.27025","457.30258","0.00126","0.00013","11.85290"
"8.20000","0.27331","462.39627","0.00128","0.00021","11.98492"
"8.30000","0.27668","466.89297","0.00128","0.00006","12.10147"
"8.40000","0.28011","471.00876","0.00130","-0.00001","12.20815"
"8.50000","0.28333","475.78281","0.00131","0.00007","12.33189"
"8.60000","0.28669","481.23495","0.00133","0.00008","12.47320"
"8.70000","0.29020","486.23459","0.00136","0.00015","12.60279"
"8.80000","0.29342","490.47751","0.00137","0.00019","12.71276"
"8.90000","0.29671","494.10706","0.00135","0.00023","12.80684"
"9.00000","0.30007","499.54718","0.00139","0.00026","12.94784"
"9.10000","0.30343","504.18921","0.00139","0.00035","13.06816"
"9.20000","0.30665","508.29333","0.00141","0.00039","13.17454"
"9.30000","0.31008","513.10815","0.00143","0.00044","13.29933"
"9.40000","0.31352","518.03644","0.00143","0.00047","13.42707"
"9.50000","0.31666","522.23682","0.00143","0.00054","13.53594"
"9.60000","0.32010","526.88593","0.00144","0.00046","13.65644"
"9.70000","0.32346","531.23401","0.00148","0.00038","13.76914"
"9.80000","0.32660","535.76465","0.00146","0.00034","13.88657"
"9.90000","0.33004","539.95599","0.00149","0.00031","13.99520"
"10.00000","0.33348","545.86780","0.00151","0.00032","14.14843"
"10.10000","0.33669","549.73785","0.00156","0.00034","14.24874"
"10.20000","0.34005","554.85535","0.00160","0.00029","14.38138"
"10.30000","0.34349","559.70959","0.00160","0.00031","14.50720"
"10.40000","0.34678","563.82166","0.00156","0.00023","14.61378"
"10.50000","0.34999","567.97845","0.00158","0.00026","14.72152"
"10.60000","0.35336","572.47876","0.00161","0.00025","14.83817"
"10.70000","0.35679","576.96808","0.00161","0.00024","14.95453"
"10.80000","0.36001","581.28564","0.00165","0.00019","15.06643"
"10.90000","0.36345","586.21887","0.00167","0.00017","15.19430"
"11.00000","0.36688","590.12463","0.00168","0.00016","15.29553"
"11.10000","0.36995","594.33386","0.00171","0.00007","15.40463"
"11.20000","0.37339","598.63397","0.00175","0.00010","15.51609"
"11.30000","0.37675","603.49017","0.00175","0.00011","15.64196"
"11.40000","0.37996","607.85394","0.00176","0.00018","15.75506"
"11.50000","0.38347","612.34851","0.00181","0.00027","15.87156"
"11.60000","0.38684","616.99298","0.00181","0.00014","15.99194"
"11.70000","0.39013","621.61395","0.00182","0.00014","16.11171"
"11.80000","0.39334","625.43530","0.00185","0.00015","16.21076"
"11.90000","0.39663","629.45209","0.00185","0.00017","16.31487"
"12.00000","0.40007","634.12183","0.00189","0.00025","16.43590"
"12.10000","0.40321","638.58374","0.00191","0.00028","16.55155"
"12.20000","0.40672","643.21106","0.00189","0.00039","16.67149"
"12.30000","0.41023","646.94513","0.00192","0.00043","16.76827"
"12.40000","0.41330","650.94440","0.00194","0.00049","16.87193"
"12.50000","0.41681","654.45490","0.00194","0.00057","16.96292"
"12.60000","0.42017","660.14252","0.00193","0.00057","17.11034"
"12.70000","0.42331","663.46045","0.00196","0.00059","17.19634"
"12.80000","0.42675","667.26758","0.00195","0.00069","17.29501"
"12.90000","0.43011","671.38049","0.00195","0.00068","17.40162"
"13.00000","0.43340","676.62659","0.00198","0.00059","17.53759"
"13.10000","0.43676","680.07941","0.00198","0.00046","17.62709"
"13.20000","0.44005","683.75800","0.00199","0.00044","17.72243"
"13.30000","0.44341","688.30048","0.00202","0.00048","17.84017"
"13.40000","0.44663","692.49335","0.00198","0.00044","17.94884"
"13.50000","0.45007","696.53223","0.00200","0.00043","18.05353"
"13.60000","0.45350","701.12756","0.00207","0.00043","18.17264"
"13.70000","0.45664","704.73157","0.00203","0.00038","18.26605"
"13.80000","0.46016","708.67816","0.00207","0.00037","18.36834"
"13.90000","0.46352","712.74316","0.00207","0.00038","18.47370"
"14.00000","0.46658","716.58087","0.00209","0.00034","18.57317"
"14.10000","0.47010","720.32648","0.00212","0.00034","18.67026"
"14.20000","0.47331","724.71649","0.00213","0.00029","18.78404"
"14.30000","0.47667","728.92456","0.00216","0.00028","18.89311"
"14.40000","0.48004","732.97565","0.00219","0.00028","18.99811"
"14.50000","0.48347","736.53900","0.00224","0.00023","19.09047"
"14.60000","0.48684","741.53918","0.00224","0.00028","19.22007"
"14.70000","0.48990","745.27026","0.00227","0.00030","19.31678"
"14.80000","0.49341","749.26123","0.00232","0.00039","19.42022"
"14.90000","0.49678","753.51715","0.00233","0.00049","19.53053"
"15.00000","0.49992","757.38171","0.00235","0.00038","19.63070"
"15.10000","0.50350","761.18878","0.00235","0.00031","19.72937"
"15.20000","0.50687","765.86890","0.00238","0.00030","19.85068"
"15.30000","0.51000","768.65234","0.00240","0.00036","19.92282"
"15.40000","0.51344","773.91754","0.00243","0.00040","20.05929"
"15.50000","0.51673","776.92780","0.00244","0.00045","20.13731"
"15.60000","0.52002","781.76147","0.00244","0.00050","20.26260"
"15.70000","0.52338","784.95068","0.00243","0.00063","20.34526"
"15.80000","0.52675","789.73535","0.00247","0.00065","20.46927"
"15.90000","0.53011","794.06714","0.00248","0.00068","20.58155"
"16.00000","0.53332","796.71918","0.00249","0.00067","20.65029"
"16.10000","0.53676","801.41119","0.00252","0.00069","20.77190"
"16.20000","0.54012","805.62939","0.00254","0.00063","20.88124"
"16.30000","0.54326","808.91962","0.00258","0.00061","20.96651"
"16.40000","0.54678","812.64691","0.00257","0.00060","21.06312"
"16.50000","0.55014","816.83380","0.00251","0.00047","21.17164"
"16.60000","0.55335","820.69745","0.00253","0.00054","21.27179"
"16.70000","0.55686","825.63062","0.00254","0.00055","21.39965"
"16.80000","0.56008","828.35248","0.00257","0.00053","21.47020"
"16.90000","0.56337","832.59552","0.00256","0.00050","21.58018"
"17.00000","0.56666","835.91406","0.00258","0.00052","21.66619"
"17.10000","0.57002","840.19739","0.00258","0.00048","21.77721"
"17.20000","0.57346","844.47803","0.00259","0.00048","21.88816"
"17.30000","0.57667","847.67908","0.00261","0.00047","21.97113"
"17.40000","0.58018","852.54590","0.00262","0.00042","22.09727"
"17.50000","0.58347","856.70288","0.00266","0.00038","22.20502"
"17.60000","0.58661","859.13220","0.00267","0.00037","22.26798"
"17.70000","0.59005","863.20361","0.00268","0.00036","22.37351"
"17.80000","0.59349","867.43274","0.00273","0.00033","22.48313"
"17.90000","0.59662","870.95203","0.00275","0.00034","22.57434"
"18.00000","0.60006","875.30695","0.00276","0.00035","22.68722"
"18.10000","0.60350","879.31219","0.00280","0.00048","22.79103"
"18.20000","0.60671","882.61963","0.00284","0.00032","22.87676"
"18.30000","0.61000","885.61542","0.00286","0.00035","22.95441"
"18.40000","0.61337","890.21393","0.00288","0.00040","23.07360"
"18.50000","0.61665","893.72986","0.00292","0.00042","23.16473"
"18.60000","0.61994","897.32410","0.00292","0.00048","23.25788"
"18.70000","0.62353","901.01508","0.00293","0.00050","23.35355"
"18.80000","0.62674","904.87787","0.00296","0.00056","23.45367"
"18.90000","0.63003","908.24084","0.00295","0.00065","23.54084"
"19.00000","0.63340","912.15704","0.00299","0.00075","23.64234"
"19.10000","0.63676","915.84277","0.00299","0.00076","23.73787"
"19.20000","0.63997","919.75739","0.00301","0.00079","23.83934"
"19.30000","0.64341","923.56091","0.00302","0.00084","23.93792"
"19.40000","0.64685","927.14044","0.00302","0.00089","24.03070"
"19.50000","0.64999","930.98755","0.00302","0.00089","24.13041"
"19.60000","0.65342","933.82446","0.00309","0.00071","24.20394"
"19.70000","0.65686","938.12067","0.00305","0.00068","24.31530"
"19.80000","0.66000","942.11688","0.00306","0.00067","24.41888"
"19.90000","0.66336","945.57135","0.00303","0.00062","24.50841"
"20.00000","0.66680","949.27094","0.00305","0.00065","24.60430"
"20.10000","0.67002","952.69354","0.00308","0.00065","24.69301"
"20.20000","0.67338","956.66602","0.00308","0.00058","24.79598"
"20.30000","0.67682","961.08270","0.00310","0.00054","24.91045"
"20.40000","0.68011","964.51947","0.00309","0.00055","24.99953"
"20.50000","0.68332","967.73944","0.00311","0.00055","25.08299"
"20.60000","0.68668","970.84528","0.00311","0.00057","25.16349"
"20.70000","0.69012","974.90179","0.00313","0.00059","25.26863"
"20.80000","0.69326","978.52222","0.00315","0.00049","25.36247"
"20.90000","0.69677","981.94879","0.00318","0.00050","25.45129"
"21.00000","0.70021","986.45923","0.00318","0.00044","25.56819"
"21.10000","0.70327","988.86804","0.00321","0.00047","25.63063"
"21.20000","0.70671","993.22565","0.00324","0.00050","25.74357"
"21.30000","0.71008","996.67255","0.00324","0.00049","25.83291"
"21.40000","0.71336","1,000.28729","0.00328","0.00051","25.92661"
"21.50000","0.71680","1,004.27979","0.00331","0.00066","26.03009"
"21.60000","0.72009","1,007.73834","0.00332","0.00057","26.11973"
"21.70000","0.72345","1,011.51764","0.00337","0.00050","26.21769"
"21.80000","0.72667","1,014.58319","0.00341","0.00054","26.29714"
"21.90000","0.73003","1,017.94720","0.00341","0.00056","26.38433"
"22.00000","0.73339","1,022.62183","0.00344","0.00060","26.50550"
"22.10000","0.73661","1,025.44727","0.00349","0.00066","26.57873"
"22.20000","0.74004","1,029.48743","0.00348","0.00072","26.68345"
"22.30000","0.74356","1,033.70532","0.00350","0.00085","26.79277"
"22.40000","0.74670","1,036.69861","0.00357","0.00086","26.87036"
"22.50000","0.75013","1,039.86963","0.00354","0.00087","26.95255"
"22.60000","0.75342","1,043.67078","0.00353","0.00091","27.05107"
"22.70000","0.75664","1,046.91492","0.00355","0.00089","27.13515"
"22.80000","0.76007","1,050.93396","0.00354","0.00078","27.23932"
"22.90000","0.76336","1,053.95386","0.00356","0.00068","27.31760"
"23.00000","0.76673","1,058.22510","0.00356","0.00069","27.42830"
"23.10000","0.77001","1,061.02734","0.00359","0.00065","27.50093"
"23.20000","0.77338","1,064.31213","0.00357","0.00075","27.58607"
"23.30000","0.77689","1,068.28271","0.00359","0.00069","27.68899"
"23.40000","0.77995","1,071.17468","0.00360","0.00074","27.76395"
"23.50000","0.78339","1,074.94617","0.00362","0.00067","27.86170"
"23.60000","0.78683","1,078.80835","0.00361","0.00066","27.96180"
"23.70000","0.78997","1,081.88452","0.00363","0.00065","28.04154"
"23.80000","0.79348","1,085.55554","0.00362","0.00064","28.13669"
"23.90000","0.79684","1,089.30774","0.00363","0.00064","28.23394"
"24.00000","0.79998","1,092.76917","0.00364","0.00067","28.32366"
"24.10000","0.80342","1,095.79456","0.00366","0.00060","28.40207"
"24.20000","0.80671","1,099.38794","0.00367","0.00061","28.49521"
"24.30000","0.81007","1,103.59644","0.00370","0.00057","28.60429"
"24.40000","0.81336","1,105.35645","0.00371","0.00053","28.64991"
"24.50000","0.81672","1,109.97461","0.00372","0.00048","28.76961"
"24.60000","0.82016","1,113.45898","0.00374","0.00051","28.85992"
"24.70000","0.82330","1,117.01416","0.00380","0.00060","28.95207"
"24.80000","0.82674","1,119.95471","0.00380","0.00067","29.02828"
"24.90000","0.83010","1,122.98975","0.00382","0.00075","29.10695"
"25.00000","0.83324","1,126.14172","0.00383","0.00064","29.18865"
"25.10000","0.83675","1,130.55469","0.00385","0.00062","29.30303"
"25.20000","0.84019","1,134.00818","0.00390","0.00070","29.39254"
"25.30000","0.84333","1,136.99133","0.00390","0.00073","29.46986"
"25.40000","0.84677","1,140.63806","0.00394","0.00080","29.56438"
"25.50000","0.84998","1,143.36047","0.00397","0.00085","29.63494"
"25.60000","0.85335","1,147.31873","0.00396","0.00095","29.73754"
"25.70000","0.85663","1,151.60193","0.00401","0.00098","29.84855"
"25.80000","0.86007","1,154.33301","0.00399","0.00096","29.91934"
"25.90000","0.86358","1,158.31506","0.00400","0.00101","30.02255"
"26.00000","0.86672","1,161.04504","0.00402","0.00099","30.09331"
"26.10000","0.87016","1,165.25818","0.00403","0.00087","30.20251"
"26.20000","0.87345","1,168.56177","0.00408","0.00079","30.28814"
"26.30000","0.87651","1,170.57458","0.00409","0.00082","30.34031"
"26.40000","0.88010","1,175.24121","0.00409","0.00076","30.46126"
"26.50000","0.88346","1,178.72363","0.00408","0.00079","30.55153"
"26.60000","0.88668","1,181.80103","0.00409","0.00079","30.63129"
"26.70000","0.89012","1,185.43091","0.00412","0.00080","30.72537"
"26.80000","0.89355","1,188.67896","0.00411","0.00076","30.80956"
"26.90000","0.89669","1,192.52710","0.00414","0.00080","30.90930"
"27.00000","0.89998","1,195.75378","0.00412","0.00071","30.99293"
"27.10000","0.90342","1,198.47876","0.00414","0.00074","31.06356"
"27.20000","0.90678","1,202.08447","0.00415","0.00074","31.15702"
"27.30000","0.90992","1,204.63208","0.00416","0.00076","31.22305"
"27.40000","0.91351","1,208.87463","0.00418","0.00075","31.33301"
"27.50000","0.91680","1,213.33105","0.00421","0.00071","31.44852"
"27.60000","0.91994","1,215.83374","0.00419","0.00067","31.51339"
"27.70000","0.92345","1,219.37463","0.00422","0.00069","31.60516"
"27.80000","0.92674","1,222.44910","0.00424","0.00070","31.68485"
"27.90000","0.92995","1,226.01770","0.00425","0.00070","31.77735"
"28.00000","0.93339","1,228.76501","0.00426","0.00066","31.84855"
"28.10000","0.93683","1,232.26880","0.00426","0.00075","31.93937"
"28.20000","0.94004","1,235.72327","0.00428","0.00083","32.02891"
"28.30000","0.94340","1,238.47961","0.00433","0.00084","32.10035"
"28.40000","0.94677","1,242.59497","0.00435","0.00082","32.20702"
"28.50000","0.94998","1,245.91382","0.00434","0.00082","32.29304"
"28.60000","0.95334","1,249.01880","0.00439","0.00077","32.37352"
"28.70000","0.95686","1,252.50989","0.00438","0.00081","32.46400"
"28.80000","0.96007","1,255.56714","0.00443","0.00102","32.54324"
"28.90000","0.96336","1,258.34253","0.00451","0.00101","32.61518"
"29.00000","0.96680","1,261.90698","0.00447","0.00108","32.70757"
"29.10000","0.97008","1,264.87292","0.00447","0.00107","32.78444"
"29.20000","0.97330","1,267.80151","0.00450","0.00106","32.86035"
"29.30000","0.97674","1,271.74854","0.00450","0.00106","32.96265"
"29.40000","0.98017","1,274.11108","0.00454","0.00092","33.02389"
"29.50000","0.98339","1,278.01282","0.00459","0.00093","33.12502"
"29.60000","0.98675","1,281.03687","0.00461","0.00086","33.20340"
"29.70000","0.99019","1,284.59961","0.00460","0.00085","33.29574"
"29.80000","0.99333","1,286.34973","0.00461","0.00083","33.34110"
"29.90000","0.99662","1,290.41455","0.00465","0.00085","33.44646"
"30.00000","1.00005","1,293.24426","0.00461","0.00087","33.51980"
"30.10000","1.00334","1,296.91541","0.00466","0.00090","33.61496"
"30.20000","1.00671","1,299.95288","0.00466","0.00083","33.69368"
"30.30000","1.01007","1,303.41150","0.00466","0.00084","33.78333"
"30.40000","1.01351","1,306.49902","0.00468","0.00079","33.86335"
"30.50000","1.01665","1,309.56726","0.00466","0.00088","33.94288"
"30.60000","1.02001","1,312.52612","0.00470","0.00086","34.01957"
"30.70000","1.02345","1,316.23267","0.00471","0.00081","34.11564"
"30.80000","1.02659","1,319.13293","0.00471","0.00078","34.19081"
"30.90000","1.03010","1,322.02722","0.00471","0.00070","34.26583"
"31.00000","1.03354","1,324.79980","0.00473","0.00074","34.33770"
"31.10000","1.03668","1,327.76099","0.00473","0.00078","34.41445"
"31.20000","1.04004","1,331.03467","0.00477","0.00077","34.49930"
"31.30000","1.04340","1,334.34302","0.00479","0.00080","34.58505"
"31.40000","1.04669","1,337.60132","0.00477","0.00084","34.66950"
"31.50000","1.05005","1,340.38025","0.00478","0.00091","34.74153"
"31.60000","1.05342","1,344.18799","0.00480","0.00090","34.84022"
"31.70000","1.05678","1,345.85559","0.00482","0.00083","34.88345"
"31.80000","1.06007","1,349.71277","0.00482","0.00091","34.98342"
"31.90000","1.06343","1,352.51758","0.00484","0.00089","35.05612"
"32.00000","1.06679","1,356.38916","0.00486","0.00098","35.15646"
"32.10000","1.06993","1,358.89673","0.00491","0.00113","35.22146"
"32.20000","1.07337","1,361.36304","0.00491","0.00114","35.28539"
"32.30000","1.07688","1,364.90869","0.00492","0.00122","35.37729"
"32.40000","1.08002","1,367.81860","0.00495","0.00117","35.45271"
"32.50000","1.08346","1,370.63074","0.00496","0.00120","35.52560"
"32.60000","1.08682","1,374.17981","0.00496","0.00125","35.61758"
"32.70000","1.09004","1,376.88477","0.00501","0.00108","35.68769"
"32.80000","1.09340","1,379.84131","0.00504","0.00103","35.76432"
"32.90000","1.09669","1,383.00574","0.00504","0.00099","35.84634"
"33.00000","1.10005","1,386.63281","0.00508","0.00095","35.94035"
"33.10000","1.10334","1,389.60046","0.00508","0.00094","36.01727"
"33.20000","1.10678","1,392.12952","0.00512","0.00101","36.08282"
"33.30000","1.11022","1,396.06555","0.00516","0.00095","36.18484"
"33.40000","1.11328","1,398.77417","0.00516","0.00089","36.25505"
"33.50000","1.11672","1,401.47546","0.00519","0.00091","36.32507"
"33.60000","1.12016","1,404.33398","0.00518","0.00094","36.39915"
"33.70000","1.12322","1,407.59290","0.00521","0.00092","36.48362"
"33.80000","1.12681","1,410.29236","0.00523","0.00090","36.55359"
"33.90000","1.13017","1,414.19385","0.00524","0.00100","36.65471"
"34.00000","1.13338","1,416.57520","0.00525","0.00094","36.71644"
"34.10000","1.13675","1,419.93005","0.00528","0.00088","36.80339"
"34.20000","1.14004","1,422.92053","0.00527","0.00091","36.88090"
"34.30000","1.14340","1,425.33667","0.00527","0.00092","36.94353"
"34.40000","1.14661","1,428.86633","0.00529","0.00088","37.03501"
"34.50000","1.15005","1,431.96313","0.00529","0.00090","37.11528"
"34.60000","1.15356","1,436.42029","0.00529","0.00093","37.23080"
"34.70000","1.15663","1,437.64868","0.00529","0.00095","37.26264"
"34.80000","1.16014","1,441.50659","0.00535","0.00108","37.36264"
"34.90000","1.16350","1,444.59094","0.00532","0.00107","37.44258"
"35.00000","1.16657","1,447.03674","0.00532","0.00102","37.50597"
"35.10000","1.17016","1,450.18323","0.00532","0.00097","37.58753"
"35.20000","1.17352","1,453.24036","0.00534","0.00104","37.66677"
"35.30000","1.17673","1,456.55542","0.00537","0.00111","37.75269"
"35.40000","1.18010","1,459.23584","0.00539","0.00122","37.82216"
"35.50000","1.18346","1,462.34766","0.00540","0.00127","37.90282"
"35.60000","1.18675","1,465.43250","0.00539","0.00124","37.98278"
"35.70000","1.18996","1,467.93994","0.00542","0.00126","38.04777"
"35.80000","1.19340","1,471.81299","0.00545","0.00131","38.14816"
"35.90000","1.19676","1,474.90100","0.00548","0.00123","38.22819"
"36.00000","1.19998","1,477.38831","0.00550","0.00116","38.29266"
"36.10000","1.20349","1,480.66663","0.00554","0.00113","38.37763"
"36.20000","1.20678","1,483.89954","0.00559","0.00110","38.46143"
"36.30000","1.20992","1,485.59790","0.00555","0.00106","38.50545"
"36.40000","1.21343","1,489.65869","0.00558","0.00107","38.61070"
"36.50000","1.21679","1,491.86267","0.00562","0.00106","38.66782"
"36.60000","1.22001","1,494.80872","0.00564","0.00110","38.74418"
"36.70000","1.22344","1,497.91003","0.00569","0.00106","38.82457"
"36.80000","1.22688","1,500.86035","0.00570","0.00102","38.90104"
"36.90000","1.23002","1,503.31836","0.00571","0.00107","38.96474"
"37.00000","1.23331","1,506.21521","0.00576","0.00102","39.03983"
"37.10000","1.23675","1,508.85901","0.00577","0.00112","39.10836"
"37.20000","1.24011","1,512.87585","0.00578","0.00107","39.21247"
"37.30000","1.24332","1,514.43811","0.00577","0.00101","39.25296"
"37.40000","1.24684","1,518.19714","0.00580","0.00100","39.35039"
"37.50000","1.25012","1,521.31995","0.00580","0.00098","39.43133"
"37.60000","1.25326","1,523.37085","0.00580","0.00098","39.48449"
"37.70000","1.25678","1,526.63599","0.00583","0.00103","39.56912"
"37.80000","1.26006","1,529.45728","0.00583","0.00100","39.64225"
"37.90000","1.26328","1,532.07068","0.00583","0.00101","39.70998"
"38.00000","1.26672","1,534.68420","0.00583","0.00103","39.77772"
"38.10000","1.27015","1,537.33057","0.00583","0.00107","39.84631"
"38.20000","1.27337","1,541.06067","0.00583","0.00117","39.94300"
"38.30000","1.27673","1,542.27087","0.00584","0.00125","39.97436"
"38.40000","1.28009","1,545.70337","0.00585","0.00111","40.06333"
"38.50000","1.28331","1,548.37439","0.00584","0.00119","40.13256"
"38.60000","1.28660","1,551.58423","0.00586","0.00118","40.21576"
"38.70000","1.29011","1,554.32495","0.00587","0.00137","40.28679"
"38.80000","1.29340","1,557.23926","0.00587","0.00137","40.36233"
"38.90000","1.29669","1,559.22314","0.00589","0.00142","40.41375"
"39.00000","1.30012","1,562.82971","0.00590","0.00143","40.50723"
"39.10000","1.30349","1,565.66797","0.00593","0.00145","40.58080"
"39.20000","1.30663","1,568.19055","0.00594","0.00138","40.64618"
"39.30000","1.31006","1,571.13062","0.00599","0.00123","40.72238"
"39.40000","1.31343","1,574.01660","0.00600","0.00125","40.79718"
"39.50000","1.31671","1,577.36646","0.00603","0.00120","40.88401"
"39.60000","1.32008","1,579.76282","0.00605","0.00123","40.94612"
"39.70000","1.32352","1,583.05444","0.00609","0.00118","41.03144"
"39.80000","1.32673","1,584.58667","0.00610","0.00119","41.07115"
"39.90000","1.33002","1,587.92908","0.00615","0.00122","41.15778"
"40.00000","1.33338","1,591.20789","0.00616","0.00114","41.24277"
"40.10000","1.33674","1,593.02393","0.00618","0.00120","41.28984"
"40.20000","1.34003","1,596.26025","0.00621","0.00116","41.37372"
"40.30000","1.34347","1,599.07361","0.00626","0.00117","41.44664"
"40.40000","1.34683","1,602.06812","0.00629","0.00118","41.52426"
"40.50000","1.35005","1,604.86853","0.00632","0.00114","41.59684"
"40.60000","1.35334","1,606.88257","0.00630","0.00117","41.64904"
"40.70000","1.35677","1,609.76758","0.00630","0.00114","41.72382"
"40.80000","1.35991","1,612.51794","0.00635","0.00115","41.79511"
"40.90000","1.36343","1,615.81763","0.00635","0.00116","41.88063"
"41.00000","1.36686","1,618.60364","0.00636","0.00115","41.95284"
"41.10000","1.37000","1,620.39844","0.00635","0.00115","41.99936"
"41.20000","1.37344","1,623.37085","0.00637","0.00109","42.07640"
"41.30000","1.37673","1,626.62305","0.00635","0.00118","42.16070"
"41.40000","1.38002","1,629.12585","0.00637","0.00120","42.22557"
"41.50000","1.38331","1,631.64563","0.00638","0.00115","42.29088"
"41.60000","1.38674","1,634.48950","0.00639","0.00117","42.36459"
"41.70000","1.39018","1,638.42236","0.00638","0.00126","42.46653"
"41.80000","1.39339","1,640.24658","0.00637","0.00124","42.51381"
"41.90000","1.39676","1,642.86145","0.00640","0.00141","42.58158"
"42.00000","1.40020","1,645.55518","0.00638","0.00146","42.65141"
"42.10000","1.40326","1,648.21533","0.00640","0.00148","42.72035"
"42.20000","1.40670","1,651.39172","0.00641","0.00149","42.80268"
"42.30000","1.41021","1,654.42712","0.00643","0.00155","42.88136"
"42.40000","1.41335","1,656.34717","0.00644","0.00140","42.93113"
"42.50000","1.41679","1,658.61060","0.00647","0.00132","42.98979"
"42.60000","1.42015","1,661.45801","0.00648","0.00128","43.06359"
"42.70000","1.42336","1,664.95410","0.00650","0.00126","43.15421"
"42.80000","1.42665","1,667.26501","0.00652","0.00125","43.21410"
"42.90000","1.43002","1,670.16907","0.00654","0.00127","43.28938"
"43.00000","1.43338","1,673.23169","0.00661","0.00125","43.36876"
"43.10000","1.43667","1,675.38916","0.00663","0.00126","43.42467"
"43.20000","1.44011","1,678.03430","0.00664","0.00123","43.49324"
"43.30000","1.44354","1,680.61255","0.00666","0.00120","43.56006"
"43.40000","1.44661","1,683.43896","0.00671","0.00126","43.63332"
"43.50000","1.45005","1,685.64856","0.00670","0.00126","43.69059"
"43.60000","1.45348","1,688.93896","0.00676","0.00125","43.77588"
"43.70000","1.45662","1,691.05530","0.00679","0.00125","43.83073"
"43.80000","1.46021","1,693.82581","0.00682","0.00126","43.90254"
"43.90000","1.46350","1,696.37524","0.00683","0.00130","43.96862"
"44.00000","1.46671","1,698.65100","0.00687","0.00120","44.02760"
"44.10000","1.47007","1,701.70361","0.00684","0.00120","44.10672"
"44.20000","1.47336","1,704.35571","0.00687","0.00122","44.17546"
"44.30000","1.47673","1,706.84290","0.00689","0.00126","44.23993"
"44.40000","1.47994","1,709.92700","0.00692","0.00117","44.31987"
"44.50000","1.48345","1,712.38599","0.00691","0.00123","44.38360"
"44.60000","1.48682","1,714.47266","0.00693","0.00125","44.43769"
"44.70000","1.48995","1,717.64453","0.00689","0.00117","44.51990"
"44.80000","1.49347","1,720.45715","0.00693","0.00124","44.59280"
"44.90000","1.49676","1,722.86462","0.00692","0.00123","44.65520"
"45.00000","1.49989","1,725.37268","0.00693","0.00134","44.72021"
"45.10000","1.50341","1,728.24280","0.00694","0.00135","44.79460"
"45.20000","1.50677","1,730.41284","0.00694","0.00155","44.85085"
"45.30000","1.51006","1,733.41943","0.00694","0.00157","44.92877"
"45.40000","1.51350","1,736.58118","0.00695","0.00161","45.01072"
"45.50000","1.51679","1,738.45203","0.00695","0.00163","45.05921"
"45.60000","1.52007","1,740.95142","0.00697","0.00162","45.12400"
"45.70000","1.52336","1,742.76660","0.00699","0.00149","45.17104"
"45.80000","1.52673","1,746.09570","0.00699","0.00144","45.25733"
"45.90000","1.53009","1,749.46448","0.00702","0.00140","45.34465"
"46.00000","1.53330","1,751.61609","0.00705","0.00138","45.40041"
"46.10000","1.53681","1,753.38965","0.00706","0.00134","45.44638"
"46.20000","1.54010","1,756.19202","0.00709","0.00136","45.51902"
"46.30000","1.54324","1,758.36816","0.00710","0.00133","45.57542"
"46.40000","1.54675","1,760.84619","0.00714","0.00138","45.63965"
"46.50000","1.55004","1,763.66516","0.00715","0.00138","45.71272"
"46.60000","1.55326","1,765.92224","0.00720","0.00132","45.77122"
"46.70000","1.55677","1,769.43787","0.00721","0.00134","45.86234"
"46.80000","1.56013","1,771.98108","0.00722","0.00135","45.92826"
"46.90000","1.56335","1,774.43384","0.00724","0.00132","45.99183"
"47.00000","1.56663","1,776.62073","0.00728","0.00138","46.04852"
"47.10000","1.57007","1,779.10364","0.00732","0.00139","46.11287"
"47.20000","1.57336","1,781.68860","0.00735","0.00138","46.17987"
"47.30000","1.57665","1,783.85730","0.00739","0.00135","46.23608"
"47.40000","1.58016","1,786.90125","0.00740","0.00131","46.31498"
"47.50000","1.58353","1,788.96631","0.00742","0.00137","46.36850"
"47.60000","1.58674","1,791.36938","0.00742","0.00138","46.43079"
"47.70000","1.59010","1,794.37268","0.00742","0.00136","46.50863"
"47.80000","1.59347","1,796.60376","0.00743","0.00135","46.56646"
"47.90000","1.59660","1,799.31018","0.00743","0.00135","46.63660"
"48.00000","1.60004","1,801.97241","0.00744","0.00115","46.70561"
"48.10000","1.60348","1,805.02161","0.00745","0.00131","46.78464"
"48.20000","1.60669","1,806.81384","0.00744","0.00151","46.83109"
"48.30000","1.61006","1,808.79138","0.00747","0.00155","46.88235"
"48.40000","1.61342","1,811.56848","0.00746","0.00165","46.95433"
"48.50000","1.61671","1,813.91699","0.00746","0.00161","47.01520"
"48.60000","1.62000","1,816.73206","0.00744","0.00167","47.08817"
"48.70000","1.62336","1,818.46765","0.00748","0.00174","47.13315"
"48.80000","1.62672","1,821.49390","0.00747","0.00173","47.21159"
"48.90000","1.63001","1,823.91333","0.00745","0.00166","47.27430"
"49.00000","1.63345","1,826.11218","0.00748","0.00153","47.33129"
"49.10000","1.63681","1,829.01233","0.00750","0.00150","47.40646"
"49.20000","1.63995","1,830.92786","0.00751","0.00149","47.45611"
"49.30000","1.64339","1,833.90454","0.00753","0.00144","47.53326"
"49.40000","1.64683","1,836.03540","0.00755","0.00149","47.58849"
"49.50000","1.64997","1,838.86792","0.00756","0.00148","47.66191"
"49.60000","1.65340","1,840.63928","0.00759","0.00144","47.70782"
"49.70000","1.65692","1,843.80261","0.00760","0.00146","47.78981"
"49.80000","1.65998","1,845.80139","0.00762","0.00150","47.84162"
"49.90000","1.66334","1,848.35815","0.00765","0.00145","47.90789"
"50.00000","1.66671","1,850.21643","0.00767","0.00146","47.95605"
"50.10000","1.67007","1,852.99609","0.00769","0.00144","48.02810"
"50.20000","1.67336","1,855.57288","0.00772","0.00146","48.09489"
"50.30000","1.67680","1,858.46741","0.00774","0.00146","48.16991"
"50.40000","1.68023","1,861.24951","0.00777","0.00145","48.24202"
"50.50000","1.68337","1,862.51367","0.00776","0.00142","48.27479"
"50.60000","1.68666","1,865.20312","0.00777","0.00141","48.34449"
"50.70000","1.69017","1,867.70020","0.00779","0.00140","48.40922"
"50.80000","1.69331","1,870.21326","0.00787","0.00150","48.47435"
"50.90000","1.69675","1,871.68469","0.00786","0.00150","48.51249"
"51.00000","1.70019","1,875.16699","0.00783","0.00136","48.60275"
"51.10000","1.70333","1,877.36194","0.00786","0.00146","48.65964"
"51.20000","1.70677","1,879.40466","0.00791","0.00136","48.71259"
"51.30000","1.71005","1,882.22937","0.00790","0.00123","48.78580"
"51.40000","1.71334","1,884.19727","0.00792","0.00146","48.83681"
"51.50000","1.71663","1,886.07141","0.00795","0.00156","48.88538"
"51.60000","1.71999","1,888.28906","0.00797","0.00165","48.94286"
"51.70000","1.72351","1,891.32007","0.00798","0.00182","49.02142"
"51.80000","1.72672","1,893.58765","0.00798","0.00184","49.08020"
"51.90000","1.73008","1,895.51575","0.00796","0.00182","49.13017"
"52.00000","1.73352","1,898.60596","0.00797","0.00184","49.21027"
"52.10000","1.73659","1,900.83789","0.00801","0.00184","49.26812"
"52.20000","1.74010","1,902.42603","0.00799","0.00161","49.30928"
"52.30000","1.74346","1,904.61023","0.00801","0.00165","49.36589"
"52.40000","1.74668","1,907.02429","0.00803","0.00163","49.42846"
"52.50000","1.75019","1,909.39099","0.00803","0.00162","49.48981"
"52.60000","1.75355","1,912.75940","0.00803","0.00159","49.57711"
"52.70000","1.75669","1,914.83105","0.00804","0.00155","49.63081"
"52.80000","1.75998","1,916.55591","0.00807","0.00157","49.67551"
"52.90000","1.76334","1,918.74890","0.00809","0.00155","49.73236"
"53.00000","1.76671","1,921.37488","0.00811","0.00154","49.80042"
"53.10000","1.76992","1,922.70862","0.00813","0.00154","49.83499"
"53.20000","1.77343","1,925.61462","0.00812","0.00153","49.91031"
"53.30000","1.77687","1,928.36877","0.00816","0.00157","49.98170"
"53.40000","1.77993","1,929.75647","0.00817","0.00157","50.01766"
"53.50000","1.78345","1,932.73352","0.00819","0.00162","50.09483"
"53.60000","1.78681","1,935.04761","0.00819","0.00156","50.15480"
"53.70000","1.78995","1,936.77979","0.00825","0.00158","50.19970"
"53.80000","1.79346","1,940.21655","0.00829","0.00160","50.28878"
"53.90000","1.79682","1,942.04968","0.00829","0.00159","50.33629"
"54.00000","1.80004","1,943.93005","0.00831","0.00157","50.38503"
"54.10000","1.80340","1,945.88232","0.00835","0.00162","50.43563"
"54.20000","1.80676","1,948.16724","0.00833","0.00157","50.49485"
"54.30000","1.81005","1,950.87549","0.00837","0.00163","50.56505"
"54.40000","1.81327","1,952.67737","0.00841","0.00164","50.61176"
"54.50000","1.81670","1,954.69592","0.00841","0.00147","50.66407"
"54.60000","1.82022","1,957.14795","0.00840","0.00162","50.72763"
"54.70000","1.82336","1,959.19202","0.00845","0.00160","50.78061"
"54.80000","1.82679","1,961.80957","0.00842","0.00174","50.84845"
"54.90000","1.83016","1,964.42993","0.00850","0.00187","50.91637"
"55.00000","1.83322","1,966.75488","0.00851","0.00191","50.97663"
"55.10000","1.83673","1,969.06360","0.00851","0.00193","51.03647"
"55.20000","1.84010","1,970.81213","0.00850","0.00183","51.08179"
"55.30000","1.84339","1,972.80444","0.00854","0.00181","51.13343"
"55.40000","1.84675","1,974.77380","0.00857","0.00166","51.18447"
"55.50000","1.85011","1,978.08875","0.00857","0.00171","51.27039"
"55.60000","1.85340","1,980.27515","0.00854","0.00167","51.32706"
"55.70000","1.85661","1,981.85596","0.00858","0.00170","51.36804"
"55.80000","1.86005","1,984.13501","0.00859","0.00170","51.42711"
"55.90000","1.86341","1,986.84534","0.00861","0.00170","51.49736"
"56.00000","1.86663","1,989.24915","0.00858","0.00173","51.55966"
"56.10000","1.87014","1,992.30444","0.00859","0.00170","51.63885"
"56.20000","1.87350","1,993.63599","0.00861","0.00158","51.67337"
"56.30000","1.87664","1,995.86511","0.00861","0.00163","51.73114"
"56.40000","1.88008","1,998.10828","0.00864","0.00164","51.78928"
"56.50000","1.88344","1,999.92261","0.00865","0.00161","51.83631"
"56.60000","1.88666","2,002.28955","0.00865","0.00164","51.89766"
"56.70000","1.89010","2,004.39172","0.00866","0.00166","51.95214"
"56.80000","1.89346","2,006.76196","0.00867","0.00171","52.01358"
"56.90000","1.89675","2,008.97546","0.00867","0.00165","52.07095"
"57.00000","1.90004","2,011.61560","0.00873","0.00168","52.13938"
"57.10000","1.90340","2,014.18604","0.00875","0.00171","52.20601"
"57.20000","1.90669","2,016.48938","0.00875","0.00168","52.26571"
"57.30000","1.90990","2,018.21155","0.00878","0.00174","52.31034"
"57.40000","1.91341","2,021.41553","0.00881","0.00174","52.39339"
"57.50000","1.91678","2,023.21301","0.00882","0.00167","52.43998"
"57.60000","1.91999","2,024.32910","0.00884","0.00173","52.46891"
"57.70000","1.92343","2,027.86475","0.00888","0.00171","52.56055"
"57.80000","1.92672","2,029.16504","0.00891","0.00171","52.59425"
"57.90000","1.92993","2,031.46899","0.00893","0.00162","52.65396"
"58.00000","1.93337","2,033.82703","0.00897","0.00180","52.71508"
"58.10000","1.93673","2,035.60242","0.00896","0.00195","52.76110"
"58.20000","1.94010","2,038.65710","0.00901","0.00201","52.84027"
"58.30000","1.94338","2,040.45789","0.00903","0.00200","52.88695"
"58.40000","1.94682","2,042.32690","0.00907","0.00204","52.93539"
"58.50000","1.95004","2,045.35522","0.00907","0.00195","53.01389"
"58.60000","1.95325","2,046.41785","0.00909","0.00187","53.04143"
"58.70000","1.95676","2,049.38086","0.00909","0.00180","53.11823"
"58.80000","1.96012","2,051.77075","0.00912","0.00181","53.18017"
"58.90000","1.96341","2,053.86890","0.00912","0.00182","53.23455"
"59.00000","1.96678","2,055.61011","0.00915","0.00183","53.27968"
"59.10000","1.97021","2,058.39160","0.00914","0.00174","53.35178"
"59.20000","1.97328","2,060.09741","0.00915","0.00177","53.39599"
"59.30000","1.97664","2,062.38843","0.00914","0.00177","53.45537"
"59.40000","1.98015","2,064.54126","0.00917","0.00176","53.51117"
"59.50000","1.98329","2,066.49878","0.00916","0.00169","53.56191"
"59.60000","1.98673","2,069.06470","0.00915","0.00180","53.62841"
"59.70000","1.99017","2,071.19702","0.00917","0.00174","53.68368"
"59.80000","1.99338","2,073.19360","0.00919","0.00178","53.73543"
"59.90000","1.99667","2,074.79980","0.00918","0.00177","53.77707"
"60.00000","2.00003","2,077.87451","0.00920","0.00184","53.85676"
"60.10000","2.00332","2,079.48657","0.00923","0.00188","53.89854"
"60.20000","2.00661","2,081.44897","0.00922","0.00185","53.94941"
"60.30000","2.01005","2,083.96240","0.00924","0.00186","54.01455"
"60.40000","2.01349","2,086.38525","0.00926","0.00183","54.07735"
"60.50000","2.01670","2,087.90527","0.00927","0.00182","54.11675"
"60.60000","2.02006","2,090.06128","0.00930","0.00185","54.17263"
"60.70000","2.02350","2,092.50220","0.00933","0.00183","54.23590"
"60.80000","2.02664","2,094.55688","0.00935","0.00183","54.28915"
"60.90000","2.03008","2,096.41968","0.00936","0.00186","54.33743"
"61.00000","2.03352","2,098.46973","0.00938","0.00174","54.39057"
"61.10000","2.03666","2,100.62549","0.00943","0.00171","54.44645"
"61.20000","2.04009","2,102.73169","0.00943","0.00180","54.50103"
"61.30000","2.04346","2,104.20605","0.00946","0.00188","54.53925"
"61.40000","2.04674","2,107.00049","0.00950","0.00203","54.61168"
"61.50000","2.04996","2,108.30151","0.00950","0.00214","54.64540"
"61.60000","2.05340","2,110.76904","0.00954","0.00217","54.70936"
"61.70000","2.05683","2,112.67798","0.00957","0.00208","54.75883"
"61.80000","2.05997","2,114.99902","0.00960","0.00192","54.81899"
"61.90000","2.06341","2,116.92261","0.00963","0.00190","54.86885"
"62.00000","2.06685","2,119.50342","0.00965","0.00190","54.93575"
"62.10000","2.06984","2,121.43970","0.00965","0.00187","54.98593"
"62.20000","2.07335","2,122.50024","0.00967","0.00190","55.01342"
"62.30000","2.07679","2,125.36426","0.00970","0.00187","55.08765"
"62.40000","2.08000","2,126.47241","0.00971","0.00186","55.11637"
"62.50000","2.08352","2,128.95825","0.00968","0.00186","55.18081"
"62.60000","2.08680","2,131.43701","0.00970","0.00186","55.24505"
"62.70000","2.09002","2,133.41772","0.00971","0.00179","55.29639"
"62.80000","2.09338","2,134.64062","0.00974","0.00190","55.32809"
"62.90000","2.09667","2,137.20898","0.00972","0.00184","55.39466"
"63.00000","2.10003","2,139.36255","0.00973","0.00185","55.45048"
"63.10000","2.10332","2,140.95947","0.00972","0.00189","55.49187"
"63.20000","2.10683","2,143.87500","0.00972","0.00188","55.56744"
"63.30000","2.11027","2,145.73193","0.00973","0.00190","55.61557"
"63.40000","2.11334","2,147.48145","0.00972","0.00191","55.66091"
"63.50000","2.11677","2,149.16846","0.00974","0.00189","55.70464"
"63.60000","2.12014","2,151.74512","0.00976","0.00191","55.77142"
"63.70000","2.12328","2,153.44507","0.00976","0.00192","55.81548"
"63.80000","2.12679","2,154.97461","0.00978","0.00190","55.85513"
"63.90000","2.13015","2,156.84082","0.00979","0.00188","55.90350"
"64.00000","2.13336","2,159.41089","0.00980","0.00193","55.97011"
"64.10000","2.13680","2,161.69556","0.00984","0.00194","56.02933"
"64.20000","2.14009","2,163.60425","0.00988","0.00192","56.07880"
"64.30000","2.14345","2,165.52808","0.00990","0.00177","56.12867"
"64.40000","2.14659","2,166.98340","0.00992","0.00164","56.16639"
"64.50000","2.15011","2,169.06396","0.00994","0.00187","56.22031"
"64.60000","2.15354","2,172.19580","0.00999","0.00222","56.30149"
"64.70000","2.15661","2,173.04468","0.01001","0.00219","56.32349"
"64.80000","2.16012","2,175.43652","0.01005","0.00224","56.38548"
"64.90000","2.16348","2,177.65942","0.01007","0.00227","56.44310"
"65.00000","2.16662","2,179.97925","0.01010","0.00211","56.50323"
"65.10000","2.17014","2,181.73706","0.01015","0.00198","56.54879"
"65.20000","2.17342","2,183.64404","0.01017","0.00203","56.59822"
"65.30000","2.17671","2,185.75439","0.01020","0.00197","56.65291"
"65.40000","2.18015","2,187.88452","0.01022","0.00198","56.70813"
"65.50000","2.18344","2,189.58032","0.01024","0.00191","56.75208"
"65.60000","2.18673","2,191.54004","0.01024","0.00196","56.80287"
"65.70000","2.18994","2,193.56689","0.01025","0.00199","56.85541"
"65.80000","2.19338","2,195.78369","0.01026","0.00197","56.91286"
"65.90000","2.19674","2,198.49658","0.01024","0.00191","56.98318"
"66.00000","2.19995","2,199.71997","0.01027","0.00194","57.01489"
"66.10000","2.20347","2,201.60327","0.01029","0.00191","57.06370"
"66.20000","2.20683","2,203.82056","0.01029","0.00204","57.12117"
"66.30000","2.20997","2,205.67017","0.01028","0.00197","57.16911"
"66.40000","2.21333","2,207.23755","0.01030","0.00201","57.20974"
"66.50000","2.21662","2,209.34326","0.01025","0.00202","57.26432"
"66.60000","2.21991","2,210.97778","0.01027","0.00200","57.30668"
"66.70000","2.22342","2,213.60352","0.01030","0.00201","57.37474"
"66.80000","2.22679","2,215.43115","0.01031","0.00197","57.42211"
"66.90000","2.23015","2,217.99268","0.01030","0.00202","57.48850"
"67.00000","2.23336","2,219.67212","0.01032","0.00206","57.53203"
"67.10000","2.23680","2,221.22998","0.01034","0.00202","57.57241"
"67.20000","2.24009","2,223.91968","0.01036","0.00206","57.64212"
"67.30000","2.24323","2,225.38965","0.01034","0.00202","57.68023"
"67.40000","2.24682","2,227.34741","0.01035","0.00197","57.73097"
"67.50000","2.25018","2,229.88257","0.01040","0.00204","57.79668"
"67.60000","2.25339","2,231.52905","0.01046","0.00206","57.83936"
"67.70000","2.25683","2,233.91724","0.01046","0.00201","57.90125"
"67.80000","2.26012","2,235.38379","0.01044","0.00216","57.93927"
"67.90000","2.26333","2,238.57764","0.01046","0.00222","58.02205"
"68.00000","2.26670","2,239.12402","0.01055","0.00224","58.03621"
"68.10000","2.27006","2,241.44336","0.01058","0.00231","58.09632"
"68.20000","2.27335","2,243.71216","0.01061","0.00218","58.15513"
"68.30000","2.27671","2,244.86523","0.01061","0.00217","58.18502"
"68.40000","2.28015","2,247.43408","0.01063","0.00208","58.25160"
"68.50000","2.28336","2,248.95728","0.01069","0.00209","58.29108"
"68.60000","2.28658","2,251.27905","0.01073","0.00208","58.35126"
"68.70000","2.29009","2,253.54663","0.01072","0.00205","58.41003"
"68.80000","2.29345","2,254.84424","0.01070","0.00203","58.44366"
"68.90000","2.29666","2,256.86670","0.01072","0.00204","58.49609"
"69.00000","2.30018","2,259.17017","0.01075","0.00207","58.55579"
"69.10000","2.30354","2,261.31592","0.01078","0.00196","58.61140"
"69.20000","2.30668","2,263.33008","0.01079","0.00199","58.66361"
"69.30000","2.31004","2,265.94824","0.01085","0.00202","58.73147"
"69.40000","2.31348","2,267.40625","0.01081","0.00204","58.76926"
"69.50000","2.31662","2,269.06934","0.01079","0.00205","58.81237"
"69.60000","2.32006","2,270.89600","0.01082","0.00207","58.85971"
"69.70000","2.32357","2,273.43311","0.01084","0.00209","58.92547"
"69.80000","2.32671","2,275.86377","0.01082","0.00207","58.98847"
"69.90000","2.33007","2,277.00977","0.01083","0.00207","59.01818"
"70.00000","2.33344","2,279.74658","0.01080","0.00204","59.08911"
"70.10000","2.33672","2,281.46826","0.01082","0.00210","59.13374"
"70.20000","2.33994","2,283.29150","0.01084","0.00211","59.18099"
"70.30000","2.34338","2,285.03638","0.01086","0.00214","59.22622"
"70.40000","2.34689","2,286.91870","0.01090","0.00214","59.27501"
"70.50000","2.35010","2,288.97192","0.01085","0.00208","59.32822"
"70.60000","2.35339","2,291.02881","0.01086","0.00200","59.38154"
"70.70000","2.35675","2,292.72168","0.01091","0.00200","59.42542"
"70.80000","2.35989","2,294.32910","0.01094","0.00196","59.46708"
"70.90000","2.36333","2,296.19702","0.01095","0.00190","59.51550"
"71.00000","2.36684","2,298.35278","0.01101","0.00217","59.57137"
"71.10000","2.36998","2,300.49121","0.01104","0.00237","59.62680"
"71.20000","2.37342","2,301.71606","0.01104","0.00240","59.65854"
"71.30000","2.37678","2,303.70825","0.01104","0.00241","59.71018"
"71.40000","2.38007","2,306.12744","0.01106","0.00230","59.77288"
"71.50000","2.38328","2,308.66309","0.01109","0.00223","59.83860"
"71.60000","2.38672","2,310.14502","0.01112","0.00217","59.87701"
"71.70000","2.39016","2,312.21826","0.01116","0.00217","59.93075"
"71.80000","2.39337","2,313.37988","0.01120","0.00215","59.96086"
"71.90000","2.39681","2,315.05688","0.01121","0.00216","60.00433"
"72.00000","2.40018","2,317.81128","0.01123","0.00219","60.07572"
"72.10000","2.40331","2,319.14453","0.01129","0.00215","60.11028"
"72.20000","2.40675","2,320.98730","0.01129","0.00214","60.15804"
"72.30000","2.41019","2,323.02368","0.01127","0.00215","60.21082"
"72.40000","2.41333","2,324.50708","0.01128","0.00216","60.24927"
"72.50000","2.41677","2,326.87329","0.01124","0.00223","60.31060"
"72.60000","2.42013","2,329.03442","0.01130","0.00217","60.36661"
"72.70000","2.42342","2,331.07715","0.01135","0.00226","60.41956"
"72.80000","2.42671","2,332.92358","0.01134","0.00219","60.46741"
"72.90000","2.43000","2,334.23438","0.01137","0.00219","60.50139"
"73.00000","2.43343","2,336.39478","0.01138","0.00218","60.55738"
"73.10000","2.43657","2,338.01587","0.01140","0.00220","60.59940"
"73.20000","2.44008","2,340.34619","0.01138","0.00215","60.65980"
"73.30000","2.44352","2,341.84106","0.01134","0.00221","60.69855"
"73.40000","2.44666","2,343.45508","0.01140","0.00218","60.74038"
"73.50000","2.45010","2,345.61963","0.01142","0.00221","60.79649"
"73.60000","2.45346","2,347.92749","0.01140","0.00224","60.85630"
"73.70000","2.45660","2,349.31079","0.01143","0.00218","60.89216"
"73.80000","2.46011","2,352.01074","0.01146","0.00215","60.96214"
"73.90000","2.46340","2,354.03857","0.01144","0.00219","61.01470"
"74.00000","2.46677","2,355.89160","0.01149","0.00219","61.06273"
"74.10000","2.47013","2,356.62085","0.01148","0.00190","61.08163"
"74.20000","2.47342","2,358.78320","0.01147","0.00207","61.13768"
"74.30000","2.47678","2,360.49243","0.01151","0.00228","61.18198"
"74.40000","2.47992","2,362.41699","0.01153","0.00251","61.23186"
"74.50000","2.48336","2,363.99463","0.01157","0.00247","61.27275"
"74.60000","2.48680","2,366.51123","0.01159","0.00244","61.33798"
"74.70000","2.48993","2,367.88403","0.01161","0.00225","61.37356"
"74.80000","2.49345","2,370.39771","0.01163","0.00224","61.43871"
"74.90000","2.49681","2,371.88403","0.01165","0.00228","61.47724"
"75.00000","2.49995","2,373.48340","0.01167","0.00226","61.51869"
"75.10000","2.50339","2,375.20312","0.01168","0.00224","61.56327"
"75.20000","2.50668","2,377.54126","0.01168","0.00228","61.62387"
"75.30000","2.51004","2,378.82178","0.01170","0.00223","61.65706"
"75.40000","2.51340","2,380.84570","0.01172","0.00223","61.70951"
"75.50000","2.51676","2,382.04834","0.01174","0.00219","61.74069"
"75.60000","2.52013","2,385.22412","0.01178","0.00218","61.82300"
"75.70000","2.52327","2,386.70947","0.01180","0.00221","61.86150"
"75.80000","2.52671","2,388.94336","0.01183","0.00227","61.91940"
"75.90000","2.53014","2,390.30420","0.01184","0.00238","61.95467"
"76.00000","2.53321","2,391.51123","0.01184","0.00229","61.98596"
"76.10000","2.53679","2,394.45020","0.01190","0.00231","62.06213"
"76.20000","2.54023","2,396.58569","0.01191","0.00234","62.11749"
"76.30000","2.54337","2,397.70410","0.01191","0.00226","62.14647"
"76.40000","2.54673","2,400.09937","0.01194","0.00230","62.20855"
"76.50000","2.55010","2,401.70508","0.01194","0.00229","62.25018"
"76.60000","2.55339","2,403.70044","0.01196","0.00231","62.30189"
"76.70000","2.55667","2,405.63550","0.01196","0.00228","62.35205"
"76.80000","2.56011","2,407.43188","0.01196","0.00227","62.39861"
"76.90000","2.56340","2,409.93359","0.01196","0.00231","62.46345"
"77.00000","2.56669","2,410.62915","0.01198","0.00225","62.48148"
"77.10000","2.57013","2,413.17285","0.01198","0.00225","62.54741"
"77.20000","2.57342","2,415.36914","0.01199","0.00223","62.60434"
"77.30000","2.57663","2,416.17847","0.01201","0.00212","62.62531"
"77.40000","2.58007","2,417.88623","0.01203","0.00208","62.66957"
"77.50000","2.58350","2,420.91650","0.01202","0.00221","62.74812"
"77.60000","2.58672","2,422.31738","0.01205","0.00262","62.78443"
"77.70000","2.59016","2,423.62842","0.01208","0.00259","62.81841"
"77.80000","2.59344","2,425.69995","0.01208","0.00255","62.87210"
"77.90000","2.59666","2,427.60767","0.01208","0.00249","62.92155"
"78.00000","2.60002","2,429.22559","0.01210","0.00232","62.96348"
"78.10000","2.60346","2,431.30298","0.01213","0.00234","63.01733"
"78.20000","2.60675","2,433.16016","0.01215","0.00234","63.06546"
"78.30000","2.61004","2,434.37354","0.01217","0.00241","63.09691"
"78.40000","2.61355","2,437.42188","0.01216","0.00240","63.17592"
"78.50000","2.61676","2,438.73926","0.01220","0.00237","63.21007"
"78.60000","2.61998","2,440.40894","0.01224","0.00234","63.25335"
"78.70000","2.62341","2,442.36841","0.01227","0.00228","63.30413"
"78.80000","2.62678","2,444.08667","0.01228","0.00224","63.34867"
"78.90000","2.62992","2,445.46680","0.01228","0.00227","63.38444"
"79.00000","2.63343","2,447.66113","0.01229","0.00230","63.44131"
"79.10000","2.63687","2,449.91553","0.01236","0.00242","63.49975"
"79.20000","2.64001","2,451.20459","0.01238","0.00242","63.53316"
"79.30000","2.64337","2,452.96533","0.01240","0.00242","63.57880"
"79.40000","2.64673","2,454.99292","0.01239","0.00239","63.63135"
"79.50000","2.64995","2,456.51929","0.01242","0.00242","63.67091"
"79.60000","2.65331","2,458.46606","0.01245","0.00243","63.72137"
"79.70000","2.65682","2,460.28760","0.01248","0.00243","63.76859"
"79.80000","2.66011","2,462.20093","0.01252","0.00243","63.81818"
"79.90000","2.66340","2,463.05127","0.01248","0.00239","63.84021"
"80.00000","2.66676","2,465.80225","0.01248","0.00251","63.91152"
"80.10000","2.67005","2,466.94287","0.01252","0.00245","63.94108"
"80.20000","2.67334","2,468.75293","0.01255","0.00245","63.98800"
"80.30000","2.67678","2,471.06641","0.01257","0.00243","64.04796"
"80.40000","2.68021","2,473.25854","0.01253","0.00239","64.10478"
"80.50000","2.68335","2,474.46558","0.01252","0.00233","64.13606"
"80.60000","2.68679","2,476.90283","0.01255","0.00219","64.19923"
"80.70000","2.69023","2,478.22192","0.01259","0.00228","64.23343"
"80.80000","2.69329","2,480.62622","0.01259","0.00253","64.29575"
"80.90000","2.69673","2,481.39600","0.01260","0.00263","64.31570"
"81.00000","2.70017","2,484.03369","0.01256","0.00273","64.38406"
"81.10000","2.70331","2,485.76880","0.01262","0.00260","64.42903"
"81.20000","2.70675","2,487.83154","0.01263","0.00258","64.48250"
"81.30000","2.71011","2,490.00098","0.01264","0.00250","64.53873"
"81.40000","2.71340","2,490.34375","0.01261","0.00249","64.54762"
"81.50000","2.71661","2,492.92236","0.01264","0.00249","64.61445"
"81.60000","2.71997","2,494.89355","0.01264","0.00248","64.66554"
"81.70000","2.72341","2,495.69873","0.01271","0.00250","64.68641"
"81.80000","2.72663","2,497.69434","0.01272","0.00246","64.73814"
"81.90000","2.73006","2,499.58936","0.01270","0.00245","64.78725"
"82.00000","2.73358","2,502.04150","0.01271","0.00241","64.85081"
"82.10000","2.73664","2,503.35791","0.01274","0.00241","64.88493"
"82.20000","2.74008","2,505.21924","0.01277","0.00242","64.93317"
"82.30000","2.74344","2,506.97095","0.01281","0.00244","64.97858"
"82.40000","2.74666","2,508.35645","0.01282","0.00250","65.01449"
"82.50000","2.75009","2,510.10181","0.01282","0.00261","65.05972"
"82.60000","2.75346","2,512.90454","0.01287","0.00255","65.13237"
"82.70000","2.75675","2,514.80078","0.01291","0.00249","65.18152"
"82.80000","2.76003","2,515.40039","0.01296","0.00254","65.19706"
"82.90000","2.76340","2,517.63843","0.01296","0.00250","65.25507"
"83.00000","2.76676","2,519.48730","0.01298","0.00256","65.30299"
"83.10000","2.76997","2,521.41162","0.01298","0.00253","65.35287"
"83.20000","2.77341","2,523.17188","0.01302","0.00257","65.39849"
"83.30000","2.77685","2,524.88062","0.01310","0.00261","65.44278"
"83.40000","2.77999","2,526.70459","0.01307","0.00255","65.49006"
"83.50000","2.78343","2,527.93335","0.01306","0.00249","65.52190"
"83.60000","2.78679","2,529.62305","0.01309","0.00248","65.56570"
"83.70000","2.78993","2,531.76587","0.01313","0.00248","65.62124"
"83.80000","2.79344","2,534.29663","0.01313","0.00247","65.68684"
"83.90000","2.79673","2,535.76367","0.01315","0.00218","65.72486"
"84.00000","2.80009","2,537.70679","0.01313","0.00240","65.77522"
"84.10000","2.80338","2,537.97485","0.01314","0.00263","65.78217"
"84.20000","2.80674","2,540.71899","0.01314","0.00283","65.85329"
"84.30000","2.81011","2,542.56348","0.01312","0.00278","65.90111"
"84.40000","2.81325","2,543.82275","0.01313","0.00271","65.93375"
"84.50000","2.81676","2,546.37183","0.01314","0.00266","65.99982"
"84.60000","2.82020","2,548.25684","0.01319","0.00257","66.04868"
"84.70000","2.82334","2,549.76245","0.01315","0.00261","66.08770"
"84.80000","2.82685","2,550.86230","0.01319","0.00260","66.11620"
"84.90000","2.83021","2,553.21851","0.01320","0.00257","66.17728"
"85.00000","2.83328","2,554.97681","0.01321","0.00265","66.22285"
"85.10000","2.83671","2,556.73804","0.01321","0.00261","66.26850"
"85.20000","2.84008","2,558.65625","0.01326","0.00245","66.31821"
"85.30000","2.84337","2,560.23291","0.01324","0.00255","66.35909"
"85.40000","2.84673","2,562.26270","0.01329","0.00252","66.41169"
"85.50000","2.85009","2,563.14062","0.01328","0.00257","66.43445"
"85.60000","2.85353","2,565.71704","0.01331","0.00261","66.50123"
"85.70000","2.85659","2,567.14404","0.01339","0.00271","66.53822"
"85.80000","2.86003","2,569.78394","0.01338","0.00272","66.60664"
"85.90000","2.86339","2,570.87061","0.01340","0.00268","66.63480"
"86.00000","2.86653","2,572.45020","0.01342","0.00273","66.67574"
"86.10000","2.87012","2,574.55396","0.01346","0.00268","66.73027"
"86.20000","2.87348","2,576.00708","0.01350","0.00267","66.76794"
"86.30000","2.87670","2,577.19531","0.01353","0.00269","66.79874"
"86.40000","2.88014","2,579.10620","0.01355","0.00265","66.84826"
"86.50000","2.88342","2,581.34985","0.01357","0.00270","66.90642"
"86.60000","2.88664","2,583.13892","0.01358","0.00266","66.95279"
"86.70000","2.89008","2,584.32300","0.01360","0.00266","66.98347"
"86.80000","2.89344","2,585.94434","0.01363","0.00263","67.02550"
"86.90000","2.89673","2,588.47949","0.01367","0.00263","67.09121"
"87.00000","2.90002","2,590.13257","0.01368","0.00256","67.13406"
"87.10000","2.90353","2,592.07642","0.01367","0.00237","67.18444"
"87.20000","2.90674","2,594.28760","0.01362","0.00264","67.24175"
"87.30000","2.90988","2,595.10864","0.01368","0.00267","67.26303"
"87.40000","2.91347","2,597.33911","0.01370","0.00297","67.32085"
"87.50000","2.91683","2,600.25024","0.01366","0.00294","67.39629"
"87.60000","2.92005","2,601.01392","0.01367","0.00279","67.41609"
"87.70000","2.92348","2,602.76099","0.01369","0.00276","67.46137"
"87.80000","2.92685","2,605.29224","0.01370","0.00273","67.52699"
"87.90000","2.92999","2,606.62573","0.01369","0.00275","67.56155"
"88.00000","2.93335","2,608.51782","0.01371","0.00274","67.61059"
"88.10000","2.93679","2,609.66138","0.01370","0.00274","67.64023"
"88.20000","2.94000","2,611.42944","0.01372","0.00275","67.68605"
"88.30000","2.94336","2,613.28809","0.01374","0.00266","67.73423"
"88.40000","2.94688","2,615.27490","0.01377","0.00266","67.78572"
"88.50000","2.95009","2,617.44287","0.01377","0.00267","67.84192"
"88.60000","2.95330","2,617.98364","0.01380","0.00267","67.85593"
"88.70000","2.95674","2,621.05884","0.01380","0.00268","67.93564"
"88.80000","2.96003","2,622.64258","0.01379","0.00270","67.97668"
"88.90000","2.96332","2,623.75391","0.01386","0.00277","68.00549"
"89.00000","2.96676","2,625.78345","0.01384","0.00283","68.05810"
"89.10000","2.97027","2,627.25952","0.01389","0.00285","68.09635"
"89.20000","2.97341","2,628.34009","0.01393","0.00280","68.12436"
"89.30000","2.97670","2,630.56616","0.01396","0.00279","68.18206"
"89.40000","2.98013","2,632.53271","0.01396","0.00279","68.23303"
"89.50000","2.98327","2,633.86499","0.01399","0.00275","68.26756"
"89.60000","2.98671","2,635.30225","0.01401","0.00278","68.30482"
"89.70000","2.99015","2,637.87036","0.01404","0.00282","68.37138"
"89.80000","2.99336","2,639.76196","0.01411","0.00280","68.42041"
"89.90000","2.99673","2,640.57788","0.01411","0.00275","68.44156"
"90.00000","3.00009","2,642.06738","0.01416","0.00280","68.48016"
"90.10000","3.00345","2,644.60327","0.01416","0.00276","68.54589"
"90.20000","3.00659","2,646.11841","0.01416","0.00270","68.58516"
"90.30000","3.01003","2,648.48779","0.01418","0.00255","68.64658"
"90.40000","3.01347","2,650.44214","0.01420","0.00262","68.69723"
"90.50000","3.01668","2,651.89722","0.01420","0.00262","68.73494"
"90.60000","3.02012","2,653.70532","0.01423","0.00296","68.78181"
"90.70000","3.02356","2,655.25977","0.01423","0.00297","68.82210"
"90.80000","3.02655","2,656.74658","0.01423","0.00307","68.86063"
"90.90000","3.03006","2,658.86133","0.01423","0.00291","68.91545"
"91.00000","3.03350","2,660.30518","0.01427","0.00289","68.95287"
"91.10000","3.03671","2,662.43823","0.01422","0.00292","69.00816"
"91.20000","3.04007","2,663.67749","0.01425","0.00289","69.04028"
"91.30000","3.04344","2,665.52393","0.01424","0.00291","69.08813"
"91.40000","3.04680","2,667.17383","0.01428","0.00289","69.13090"
"91.50000","3.05001","2,668.53540","0.01427","0.00288","69.16619"
"91.60000","3.05338","2,670.87231","0.01426","0.00286","69.22676"
"91.70000","3.05674","2,672.10352","0.01427","0.00284","69.25867"
"91.80000","3.05995","2,674.49194","0.01429","0.00278","69.32058"
"91.90000","3.06347","2,676.40137","0.01435","0.00280","69.37007"
"92.00000","3.06690","2,678.11157","0.01435","0.00284","69.41440"
"92.10000","3.06997","2,679.97510","0.01438","0.00286","69.46270"
"92.20000","3.07341","2,680.63940","0.01437","0.00300","69.47992"
"92.30000","3.07669","2,682.85645","0.01440","0.00299","69.53738"
"92.40000","3.07991","2,684.16724","0.01444","0.00297","69.57136"
"92.50000","3.08342","2,686.60791","0.01445","0.00292","69.63461"
"92.60000","3.08671","2,688.57007","0.01450","0.00296","69.68547"
"92.70000","3.09007","2,690.65063","0.01447","0.00294","69.73940"
"92.80000","3.09343","2,691.71680","0.01450","0.00296","69.76704"
"92.90000","3.09672","2,692.80615","0.01455","0.00297","69.79527"
"93.00000","3.10016","2,695.13721","0.01458","0.00294","69.85569"
"93.10000","3.10322","2,696.68530","0.01457","0.00289","69.89581"
"93.20000","3.10674","2,698.41821","0.01463","0.00295","69.94073"
"93.30000","3.11018","2,700.78735","0.01464","0.00295","70.00214"
"93.40000","3.11331","2,701.14624","0.01465","0.00291","70.01144"
"93.50000","3.11683","2,703.54980","0.01469","0.00286","70.07374"
"93.60000","3.12019","2,705.82373","0.01469","0.00280","70.13268"
"93.70000","3.12333","2,706.72363","0.01470","0.00277","70.15600"
"93.80000","3.12677","2,707.98950","0.01469","0.00294","70.18880"
"93.90000","3.13006","2,709.78979","0.01475","0.00300","70.23547"
"94.00000","3.13342","2,712.18066","0.01473","0.00324","70.29744"
"94.10000","3.13671","2,714.02271","0.01475","0.00306","70.34518"
"94.20000","3.14007","2,715.67261","0.01479","0.00303","70.38795"
"94.30000","3.14343","2,718.06372","0.01475","0.00304","70.44992"
"94.40000","3.14657","2,718.72754","0.01478","0.00303","70.46713"
"94.50000","3.15001","2,720.19604","0.01479","0.00304","70.50519"
"94.60000","3.15345","2,721.65771","0.01481","0.00302","70.54308"
"94.70000","3.15659","2,723.43262","0.01480","0.00301","70.58908"
"94.80000","3.16010","2,725.22095","0.01482","0.00301","70.63543"
"94.90000","3.16354","2,726.76099","0.01482","0.00290","70.67535"
"95.00000","3.16668","2,729.26147","0.01485","0.00291","70.74016"
"95.10000","3.17004","2,730.52148","0.01485","0.00293","70.77282"
"95.20000","3.17333","2,732.06177","0.01487","0.00292","70.81274"
"95.30000","3.17662","2,733.64868","0.01487","0.00294","70.85387"
"95.40000","3.17998","2,735.32104","0.01493","0.00300","70.89722"
"95.50000","3.18349","2,737.59302","0.01493","0.00314","70.95611"
"95.60000","3.18686","2,738.96411","0.01491","0.00311","70.99165"
"95.70000","3.19000","2,740.09033","0.01494","0.00306","71.02084"
"95.80000","3.19343","2,741.46851","0.01498","0.00308","71.05656"
"95.90000","3.19672","2,743.58960","0.01496","0.00308","71.11153"
"96.00000","3.19993","2,745.15063","0.01502","0.00309","71.15199"
"96.10000","3.20345","2,747.22217","0.01502","0.00307","71.20569"
"96.20000","3.20689","2,749.49219","0.01509","0.00302","71.26453"
"96.30000","3.21002","2,750.70312","0.01510","0.00303","71.29591"
"96.40000","3.21346","2,752.42920","0.01513","0.00306","71.34064"
"96.50000","3.21683","2,754.30615","0.01513","0.00311","71.38930"
"96.60000","3.22004","2,755.63818","0.01513","0.00296","71.42382"
"96.70000","3.22333","2,756.81323","0.01516","0.00287","71.45428"
"96.80000","3.22677","2,758.73047","0.01516","0.00287","71.50397"
"96.90000","3.23005","2,761.34277","0.01521","0.00272","71.57168"
"97.00000","3.23334","2,761.98438","0.01521","0.00285","71.58831"
"97.10000","3.23678","2,764.39087","0.01523","0.00300","71.65068"
"97.20000","3.24007","2,765.95947","0.01523","0.00325","71.69134"
"97.30000","3.24328","2,766.65845","0.01527","0.00334","71.70946"
"97.40000","3.24679","2,768.58179","0.01531","0.00316","71.75931"
"97.50000","3.25008","2,770.44312","0.01532","0.00316","71.80756"
"97.60000","3.25337","2,771.85913","0.01535","0.00312","71.84425"
"97.70000","3.25681","2,774.54395","0.01533","0.00317","71.91384"
"97.80000","3.26025","2,775.07959","0.01532","0.00315","71.92773"
"97.90000","3.26331","2,777.28296","0.01530","0.00312","71.98483"
"98.00000","3.26667","2,779.11011","0.01534","0.00314","72.03220"
"98.10000","3.27011","2,780.65771","0.01536","0.00309","72.07230"
"98.20000","3.27340","2,782.52808","0.01534","0.00311","72.12079"
"98.30000","3.27676","2,783.86060","0.01539","0.00310","72.15533"
"98.40000","3.28020","2,785.94409","0.01538","0.00306","72.20933"
"98.50000","3.28342","2,787.43237","0.01542","0.00306","72.24790"
"98.60000","3.28670","2,788.91821","0.01544","0.00308","72.28642"
"98.70000","3.29007","2,790.89575","0.01547","0.00328","72.33767"
"98.80000","3.29343","2,792.52026","0.01546","0.00322","72.37978"
"98.90000","3.29664","2,793.67725","0.01547","0.00328","72.40976"
"99.00000","3.30008","2,796.23364","0.01551","0.00320","72.47602"
"99.10000","3.30352","2,798.04736","0.01555","0.00319","72.52303"
"99.20000","3.30666","2,799.42480","0.01556","0.00322","72.55873"
"99.30000","3.31010","2,801.01270","0.01553","0.00319","72.59989"
"99.40000","3.31346","2,802.55957","0.01555","0.00323","72.63998"
"99.50000","3.31660","2,804.33398","0.01557","0.00323","72.68597"
"99.60000","3.32004","2,806.42920","0.01558","0.00324","72.74028"
"99.70000","3.32347","2,807.20020","0.01562","0.00318","72.76027"
"99.80000","3.32676","2,809.40649","0.01564","0.00320","72.81745"
"99.90000","3.33005","2,811.05273","0.01560","0.00318","72.86012"
"100.00000","3.33349","2,813.00781","0.01563","0.00310","72.91080"
"100.10000","3.33678","2,814.70410","0.01566","0.00307","72.95476"
"100.20000","3.33999","2,816.07520","0.01568","0.00317","72.99030"
"100.30000","3.34335","2,818.32861","0.01572","0.00316","73.04871"
"100.40000","3.34679","2,820.49316","0.01575","0.00319","73.10480"
"100.50000","3.35001","2,821.03394","0.01573","0.00329","73.11883"
"100.60000","3.35344","2,823.25952","0.01579","0.00332","73.17651"
"100.70000","3.35681","2,824.83447","0.01579","0.00340","73.21733"
"100.80000","3.35995","2,826.30933","0.01580","0.00328","73.25556"
"100.90000","3.36338","2,827.95630","0.01583","0.00330","73.29825"
"101.00000","3.36675","2,829.59692","0.01585","0.00331","73.34077"
"101.10000","3.36996","2,831.39331","0.01584","0.00327","73.38733"
"101.20000","3.37340","2,833.08838","0.01591","0.00332","73.43127"
"101.30000","3.37676","2,834.32837","0.01592","0.00320","73.46340"
"101.40000","3.38013","2,836.81494","0.01591","0.00317","73.52785"
"101.50000","3.38334","2,837.35913","0.01593","0.00317","73.54196"
"101.60000","3.38663","2,839.59570","0.01592","0.00319","73.59993"
"101.70000","3.39014","2,841.48145","0.01594","0.00328","73.64880"
"101.80000","3.39328","2,843.39478","0.01598","0.00324","73.69840"
"101.90000","3.39679","2,845.33081","0.01598","0.00325","73.74858"
"102.00000","3.40023","2,847.19360","0.01599","0.00341","73.79686"
"102.10000","3.40329","2,848.47461","0.01600","0.00337","73.83006"
"102.20000","3.40673","2,850.00000","0.01599","0.00338","73.86960"
"102.30000","3.41009","2,851.82568","0.01604","0.00332","73.91692"
"102.40000","3.41331","2,853.08228","0.01605","0.00331","73.94949"
"102.50000","3.41675","2,855.66870","0.01606","0.00338","74.01653"
"102.60000","3.42011","2,856.98462","0.01607","0.00328","74.05064"
"102.70000","3.42347","2,859.08350","0.01608","0.00334","74.10503"
"102.80000","3.42676","2,860.29956","0.01608","0.00333","74.13656"
"102.90000","3.43005","2,861.34326","0.01611","0.00333","74.16360"
"103.00000","3.43349","2,864.18872","0.01612","0.00334","74.23736"
"103.10000","3.43655","2,865.56641","0.01611","0.00325","74.27307"
"103.20000","3.44006","2,866.19824","0.01614","0.00327","74.28944"
"103.30000","3.44350","2,869.21069","0.01619","0.00325","74.36752"
"103.40000","3.44664","2,870.33984","0.01618","0.00325","74.39679"
"103.50000","3.45023","2,872.34424","0.01619","0.00320","74.44875"
"103.60000","3.45352","2,873.57593","0.01623","0.00328","74.48067"
"103.70000","3.45666","2,875.58521","0.01624","0.00339","74.53275"
"103.80000","3.46009","2,877.53931","0.01626","0.00335","74.58340"
"103.90000","3.46338","2,878.92725","0.01630","0.00345","74.61937"
"104.00000","3.46675","2,880.85596","0.01628","0.00347","74.66936"
"104.10000","3.47011","2,882.21191","0.01634","0.00346","74.70451"
"104.20000","3.47347","2,883.88257","0.01636","0.00340","74.74781"
"104.30000","3.47683","2,886.39014","0.01636","0.00340","74.81281"
"104.40000","3.47997","2,886.99927","0.01639","0.00337","74.82859"
"104.50000","3.48341","2,889.51904","0.01641","0.00339","74.89390"
"104.60000","3.48685","2,891.78540","0.01642","0.00333","74.95264"
"104.70000","3.48991","2,892.97168","0.01645","0.00329","74.98339"
"104.80000","3.49350","2,894.60352","0.01644","0.00334","75.02569"
"104.90000","3.49686","2,896.14453","0.01648","0.00330","75.06563"
"105.00000","3.50000","2,898.12036","0.01647","0.00332","75.11684"
"105.10000","3.50337","2,899.22510","0.01648","0.00346","75.14548"
"105.20000","3.50666","2,900.95654","0.01646","0.00344","75.19035"
"105.30000","3.51002","2,902.39014","0.01650","0.00349","75.22751"
"105.40000","3.51331","2,903.92236","0.01654","0.00351","75.26722"
"105.50000","3.51674","2,905.27930","0.01656","0.00352","75.30239"
"105.60000","3.52018","2,907.35645","0.01657","0.00344","75.35623"
"105.70000","3.52325","2,908.79150","0.01655","0.00348","75.39342"
"105.80000","3.52676","2,910.19775","0.01658","0.00347","75.42988"
"105.90000","3.53005","2,911.99805","0.01654","0.00351","75.47654"
"106.00000","3.53326","2,914.35132","0.01658","0.00342","75.53753"
"106.10000","3.53677","2,915.23218","0.01657","0.00347","75.56036"
"106.20000","3.54021","2,918.41479","0.01660","0.00348","75.64285"
"106.30000","3.54335","2,918.89160","0.01661","0.00345","75.65521"
"106.40000","3.54679","2,921.06104","0.01665","0.00345","75.71144"
"106.50000","3.55015","2,922.84424","0.01662","0.00336","75.75766"
"106.60000","3.55337","2,923.34009","0.01664","0.00345","75.77052"
"106.70000","3.55665","2,925.64771","0.01670","0.00347","75.83032"
"106.80000","3.56009","2,927.45239","0.01669","0.00346","75.87710"
"106.90000","3.56338","2,929.15405","0.01671","0.00344","75.92120"
"107.00000","3.56667","2,930.29785","0.01671","0.00336","75.95085"
"107.10000","3.57018","2,932.43286","0.01673","0.00359","76.00619"
"107.20000","3.57340","2,933.78394","0.01677","0.00355","76.04121"
"107.30000","3.57653","2,935.09497","0.01681","0.00357","76.07519"
"107.40000","3.58005","2,936.77588","0.01682","0.00355","76.11876"
"107.50000","3.58341","2,938.65015","0.01686","0.00350","76.16734"
"107.60000","3.58662","2,940.64722","0.01686","0.00359","76.21910"
"107.70000","3.59014","2,942.09985","0.01693","0.00345","76.25675"
"107.80000","3.59357","2,943.72705","0.01692","0.00337","76.29893"
"107.90000","3.59671","2,944.57495","0.01694","0.00346","76.32091"
"108.00000","3.60000","2,946.01611","0.01698","0.00346","76.35826"
"108.10000","3.60344","2,949.41431","0.01697","0.00343","76.44633"
"108.20000","3.60665","2,949.94751","0.01701","0.00347","76.46016"
"108.30000","3.60994","2,951.60376","0.01700","0.00346","76.50308"
"108.40000","3.61345","2,953.24487","0.01704","0.00349","76.54562"
"108.50000","3.61674","2,954.83032","0.01703","0.00356","76.58672"
"108.60000","3.62003","2,956.51367","0.01701","0.00367","76.63035"
"108.70000","3.62339","2,958.44092","0.01706","0.00362","76.68030"
"108.80000","3.62676","2,959.39282","0.01711","0.00358","76.70497"
"108.90000","3.62997","2,960.99902","0.01710","0.00355","76.74660"
"109.00000","3.63341","2,962.77905","0.01707","0.00357","76.79274"
"109.10000","3.63685","2,964.61401","0.01707","0.00359","76.84030"
"109.20000","3.64006","2,966.24365","0.01712","0.00351","76.88254"
"109.30000","3.64342","2,967.92456","0.01712","0.00357","76.92611"
"109.40000","3.64679","2,969.86401","0.01712","0.00356","76.97637"
"109.50000","3.65000","2,971.23193","0.01713","0.00354","77.01183"
"109.60000","3.65336","2,971.96826","0.01707","0.00355","77.03091"
"109.70000","3.65680","2,974.18579","0.01713","0.00356","77.08839"
"109.80000","3.66009","2,976.43945","0.01712","0.00353","77.14680"
"109.90000","3.66338","2,977.48926","0.01716","0.00357","77.17401"
"110.00000","3.66674","2,979.56763","0.01718","0.00350","77.22788"
"110.10000","3.67010","2,980.36255","0.01721","0.00350","77.24849"
"110.20000","3.67332","2,981.89795","0.01723","0.00344","77.28828"
"110.30000","3.67668","2,984.08521","0.01726","0.00360","77.34498"
"110.40000","3.68012","2,985.52832","0.01727","0.00362","77.38238"
"110.50000","3.68326","2,987.51978","0.01729","0.00369","77.43400"
"110.60000","3.68677","2,989.17700","0.01731","0.00365","77.47695"
"110.70000","3.69028","2,990.40991","0.01734","0.00365","77.50891"
"110.80000","3.69335","2,992.13354","0.01735","0.00366","77.55358"
"110.90000","3.69671","2,993.83472","0.01739","0.00368","77.59768"
"111.00000","3.70007","2,996.15454","0.01740","0.00362","77.65781"
"111.10000","3.70336","2,997.43237","0.01740","0.00351","77.69093"
"111.20000","3.70673","2,999.01807","0.01746","0.00351","77.73203"
"111.30000","3.71009","3,000.78101","0.01750","0.00352","77.77772"
"111.40000","3.71353","3,002.19702","0.01752","0.00353","77.81442"
"111.50000","3.71674","3,003.03662","0.01752","0.00354","77.83618"
"111.60000","3.72003","3,004.58105","0.01755","0.00357","77.87621"
"111.70000","3.72347","3,007.04419","0.01756","0.00365","77.94006"
"111.80000","3.72661","3,008.60181","0.01754","0.00373","77.98042"
"111.90000","3.73004","3,009.88672","0.01756","0.00375","78.01373"
"112.00000","3.73356","3,012.71753","0.01753","0.00381","78.08710"
"112.10000","3.73662","3,013.09814","0.01754","0.00382","78.09697"
"112.20000","3.74013","3,014.93921","0.01759","0.00370","78.14468"
"112.30000","3.74342","3,016.78247","0.01760","0.00372","78.19246"
"112.40000","3.74663","3,017.89160","0.01761","0.00371","78.22121"
"112.50000","3.75007","3,019.63452","0.01763","0.00371","78.26639"
"112.60000","3.75344","3,022.06641","0.01760","0.00373","78.32941"
"112.70000","3.75680","3,023.94971","0.01760","0.00378","78.37823"
"112.80000","3.76001","3,024.09326","0.01761","0.00375","78.38195"
"112.90000","3.76345","3,026.09717","0.01765","0.00367","78.43389"
"113.00000","3.76689","3,027.90454","0.01765","0.00379","78.48074"
"113.10000","3.76988","3,029.73267","0.01765","0.00375","78.52812"
"113.20000","3.77339","3,030.77393","0.01768","0.00375","78.55511"
"113.30000","3.77690","3,032.22705","0.01770","0.00374","78.59277"
"113.40000","3.77997","3,034.12109","0.01773","0.00361","78.64186"
"113.50000","3.78348","3,036.04614","0.01775","0.00352","78.69176"
"113.60000","3.78684","3,037.69312","0.01776","0.00377","78.73445"
"113.70000","3.78998","3,039.08252","0.01779","0.00379","78.77046"
"113.80000","3.79335","3,039.75488","0.01779","0.00378","78.78789"
"113.90000","3.79671","3,042.62793","0.01778","0.00381","78.86236"
"114.00000","3.80007","3,044.08936","0.01785","0.00382","78.90023"
"114.10000","3.80329","3,045.15063","0.01784","0.00378","78.92774"
"114.20000","3.80672","3,047.32300","0.01781","0.00381","78.98405"
"114.30000","3.81016","3,048.61670","0.01790","0.00363","79.01758"
"114.40000","3.81323","3,049.95264","0.01794","0.00360","79.05221"
"114.50000","3.81674","3,051.81396","0.01792","0.00365","79.10045"
"114.60000","3.82010","3,053.39893","0.01798","0.00364","79.14153"
"114.70000","3.82324","3,055.15405","0.01801","0.00367","79.18702"
"114.80000","3.82683","3,057.13916","0.01802","0.00362","79.23847"
"114.90000","3.83019","3,057.82153","0.01806","0.00367","79.25616"
"115.00000","3.83333","3,060.57617","0.01803","0.00378","79.32756"
"115.10000","3.83677","3,061.71094","0.01805","0.00392","79.35697"
"115.20000","3.84006","3,062.94189","0.01805","0.00393","79.38888"
"115.30000","3.84334","3,064.58618","0.01804","0.00393","79.43150"
"115.40000","3.84663","3,066.19312","0.01805","0.00384","79.47314"
"115.50000","3.85007","3,067.39893","0.01807","0.00384","79.50439"
"115.60000","3.85351","3,070.02710","0.01810","0.00384","79.57252"
"115.70000","3.85665","3,070.62183","0.01814","0.00387","79.58794"
"115.80000","3.86009","3,073.09741","0.01812","0.00383","79.65210"
"115.90000","3.86345","3,074.41577","0.01814","0.00385","79.68627"
"116.00000","3.86659","3,076.09399","0.01812","0.00383","79.72977"
"116.10000","3.87010","3,077.66699","0.01814","0.00374","79.77054"
"116.20000","3.87346","3,079.25708","0.01814","0.00382","79.81175"
"116.30000","3.87668","3,080.62817","0.01816","0.00387","79.84729"
"116.40000","3.88004","3,082.40161","0.01819","0.00380","79.89326"
"116.50000","3.88340","3,084.09741","0.01821","0.00378","79.93721"
"116.60000","3.88669","3,085.24902","0.01823","0.00371","79.96706"
"116.70000","3.88998","3,087.41406","0.01824","0.00363","80.02317"
"116.80000","3.89342","3,088.99268","0.01829","0.00369","80.06409"
"116.90000","3.89671","3,090.82715","0.01830","0.00378","80.11164"
"117.00000","3.90000","3,091.90820","0.01827","0.00391","80.13966"
"117.10000","3.90343","3,093.84741","0.01834","0.00389","80.18992"
"117.20000","3.90680","3,095.12964","0.01834","0.00384","80.22315"
"117.30000","3.90994","3,096.73633","0.01837","0.00388","80.26480"
"117.40000","3.91345","3,098.78809","0.01835","0.00384","80.31798"
"117.50000","3.91674","3,100.32031","0.01836","0.00383","80.35769"
"117.60000","3.92002","3,102.86011","0.01837","0.00385","80.42352"
"117.70000","3.92346","3,103.81982","0.01844","0.00376","80.44839"
"117.80000","3.92683","3,104.86377","0.01842","0.00375","80.47546"
"117.90000","3.93004","3,106.78223","0.01843","0.00380","80.52518"
"118.00000","3.93333","3,108.24780","0.01846","0.00374","80.56316"
"118.10000","3.93669","3,110.02148","0.01850","0.00381","80.60914"
"118.20000","3.93998","3,111.60669","0.01846","0.00393","80.65022"
"118.30000","3.94334","3,113.00098","0.01851","0.00401","80.68636"
"118.40000","3.94678","3,115.18262","0.01853","0.00403","80.74291"
"118.50000","3.95014","3,116.79272","0.01853","0.00409","80.78465"
"118.60000","3.95343","3,117.81958","0.01854","0.00403","80.81126"
"118.70000","3.95672","3,120.84302","0.01858","0.00394","80.88963"
"118.80000","3.96008","3,120.55298","0.01860","0.00398","80.88210"
"118.90000","3.96322","3,122.38232","0.01860","0.00395","80.92952"
"119.00000","3.96666","3,124.61206","0.01860","0.00404","80.98731"
"119.10000","3.97017","3,125.44629","0.01859","0.00395","81.00893"
"119.20000","3.97339","3,127.77319","0.01860","0.00401","81.06924"
"119.30000","3.97675","3,128.76221","0.01862","0.00399","81.09488"
"119.40000","3.98019","3,131.03564","0.01866","0.00403","81.15381"
"119.50000","3.98333","3,131.88428","0.01870","0.00404","81.17580"
"119.60000","3.98669","3,133.32153","0.01869","0.00400","81.21306"
"119.70000","3.99013","3,135.26343","0.01870","0.00401","81.26339"
"119.80000","3.99342","3,137.12329","0.01874","0.00384","81.31159"
"119.90000","3.99670","3,138.88892","0.01876","0.00387","81.35736"
"120.00000","4.00007","3,139.92993","0.01877","0.00371","81.38434"
"120.10000","4.00351","3,142.53833","0.01878","0.00386","81.45195"
"120.20000","4.00672","3,143.34155","0.01879","0.00408","81.47276"
"120.30000","4.01001","3,144.71167","0.01881","0.00408","81.50828"
"120.40000","4.01345","3,145.87646","0.01880","0.00398","81.53847"
"120.50000","4.01666","3,147.61890","0.01883","0.00399","81.58363"
"120.60000","4.02010","3,148.97217","0.01885","0.00395","81.61871"
"120.70000","4.02354","3,150.90576","0.01887","0.00390","81.66882"
"120.80000","4.02667","3,152.41064","0.01888","0.00387","81.70783"
"120.90000","4.03004","3,154.34033","0.01889","0.00386","81.75784"
"121.00000","4.03340","3,155.94385","0.01892","0.00387","81.79941"
"121.10000","4.03669","3,157.31470","0.01893","0.00388","81.83494"
"121.20000","4.04005","3,158.98022","0.01892","0.00388","81.87811"
"121.30000","4.04342","3,160.33179","0.01892","0.00392","81.91314"
"121.40000","4.04685","3,162.74683","0.01895","0.00394","81.97574"
"121.50000","4.04999","3,163.84888","0.01897","0.00400","82.00430"
"121.60000","4.05336","3,165.18408","0.01900","0.00415","82.03891"
"121.70000","4.05679","3,166.08765","0.01903","0.00418","82.06232"
"121.80000","4.05993","3,168.40674","0.01904","0.00419","82.12244"
"121.90000","4.06337","3,170.27490","0.01906","0.00404","82.17086"
"122.00000","4.06688","3,171.67310","0.01906","0.00413","82.20710"
"122.10000","4.07002","3,173.38306","0.01907","0.00415","82.25142"
"122.20000","4.07353","3,175.16479","0.01910","0.00413","82.29760"
"122.30000","4.07682","3,176.21460","0.01911","0.00411","82.32481"
"122.40000","4.08004","3,178.08838","0.01920","0.00413","82.37337"
"122.50000","4.08332","3,179.21973","0.01917","0.00412","82.40270"
"122.60000","4.08669","3,180.97803","0.01919","0.00414","82.44827"
"122.70000","4.09013","3,182.24902","0.01921","0.00418","82.48122"
"122.80000","4.09334","3,184.00195","0.01921","0.00413","82.52665"
"122.90000","4.09678","3,186.19971","0.01922","0.00411","82.58361"
"123.00000","4.10021","3,187.34448","0.01924","0.00416","82.61329"
"123.10000","4.10320","3,187.99756","0.01925","0.00397","82.63021"
"123.20000","4.10672","3,190.21533","0.01924","0.00394","82.68770"
"123.30000","4.11016","3,191.62939","0.01930","0.00386","82.72435"
"123.40000","4.11329","3,193.69434","0.01931","0.00410","82.77787"
"123.50000","4.11681","3,194.89453","0.01934","0.00419","82.80898"
"123.60000","4.12017","3,196.11963","0.01935","0.00416","82.84073"
"123.70000","4.12338","3,198.23145","0.01933","0.00417","82.89547"
"123.80000","4.12675","3,199.60425","0.01937","0.00418","82.93105"
"123.90000","4.13011","3,201.15454","0.01935","0.00418","82.97123"
"124.00000","4.13347","3,203.44653","0.01938","0.00407","83.03064"
"124.10000","4.13669","3,204.01221","0.01939","0.00398","83.04530"
"124.20000","4.14012","3,205.94092","0.01944","0.00401","83.09529"
"124.30000","4.14356","3,208.34790","0.01941","0.00403","83.15768"
"124.40000","4.14663","3,208.87671","0.01940","0.00405","83.17138"
"124.50000","4.15006","3,211.26587","0.01942","0.00407","83.23331"
"124.60000","4.15343","3,212.96631","0.01945","0.00408","83.27738"
"124.70000","4.15657","3,213.67603","0.01949","0.00408","83.29578"
"124.80000","4.16015","3,215.52979","0.01950","0.00420","83.34383"
"124.90000","4.16352","3,217.22998","0.01950","0.00429","83.38789"
"125.00000","4.16673","3,219.08154","0.01951","0.00434","83.43588"
"125.10000","4.17009","3,221.08130","0.01954","0.00433","83.48772"
"125.20000","4.17338","3,221.94360","0.01958","0.00439","83.51006"
"125.30000","4.17667","3,223.10596","0.01959","0.00425","83.54019"
"125.40000","4.17996","3,225.37524","0.01960","0.00428","83.59901"
"125.50000","4.18340","3,226.87817","0.01962","0.00423","83.63796"
"125.60000","4.18684","3,229.21802","0.01960","0.00431","83.69862"
"125.70000","4.19005","3,230.06396","0.01965","0.00425","83.72054"
"125.80000","4.19349","3,231.95166","0.01969","0.00430","83.76946"
"125.90000","4.19677","3,233.20288","0.01971","0.00433","83.80190"
"126.00000","4.19999","3,233.98853","0.01975","0.00432","83.82226"
"126.10000","4.20343","3,236.53711","0.01976","0.00433","83.88832"
"126.20000","4.20679","3,237.73291","0.01978","0.00432","83.91931"
"126.30000","4.21000","3,239.30762","0.01976","0.00431","83.96013"
"126.40000","4.21344","3,241.50928","0.01980","0.00406","84.01719"
"126.50000","4.21688","3,242.95312","0.01978","0.00392","84.05461"
"126.60000","4.22002","3,244.53198","0.01981","0.00400","84.09554"
"126.70000","4.22331","3,244.86499","0.01983","0.00418","84.10417"
"126.80000","4.22674","3,246.71680","0.01988","0.00434","84.15217"
"126.90000","4.23003","3,248.33398","0.01990","0.00429","84.19408"
"127.00000","4.23332","3,250.75610","0.01989","0.00430","84.25686"
"127.10000","4.23676","3,251.73389","0.01987","0.00427","84.28220"
"127.20000","4.24012","3,253.50952","0.01989","0.00429","84.32822"
"127.30000","4.24334","3,254.77197","0.01990","0.00417","84.36095"
"127.40000","4.24670","3,256.74194","0.01993","0.00411","84.41201"
"127.50000","4.25006","3,258.15259","0.01995","0.00415","84.44857"
"127.60000","4.25328","3,260.46826","0.01996","0.00414","84.50859"
"127.70000","4.25671","3,261.37402","0.01996","0.00416","84.53207"
"127.80000","4.26015","3,262.77246","0.01998","0.00417","84.56831"
"127.90000","4.26337","3,264.61572","0.01999","0.00426","84.61609"
"128.00000","4.26665","3,265.92969","0.02000","0.00432","84.65015"
"128.10000","4.27009","3,268.61694","0.02002","0.00445","84.71980"
"128.20000","4.27338","3,269.82251","0.02002","0.00445","84.75105"
"128.30000","4.27667","3,271.16919","0.02007","0.00448","84.78595"
"128.40000","4.28011","3,272.76392","0.02005","0.00446","84.82729"
"128.50000","4.28347","3,274.44409","0.02007","0.00438","84.87083"
"128.60000","4.28676","3,275.95703","0.02011","0.00437","84.91005"
"128.70000","4.29012","3,277.91016","0.02012","0.00439","84.96067"
"128.80000","4.29349","3,279.28955","0.02019","0.00438","84.99642"
"128.90000","4.29662","3,280.07861","0.02020","0.00436","85.01688"
"129.00000","4.29999","3,282.62183","0.02020","0.00444","85.08279"
"129.10000","4.30350","3,284.28906","0.02019","0.00451","85.12601"
"129.20000","4.30671","3,285.07300","0.02023","0.00446","85.14632"
"129.30000","4.31008","3,287.28735","0.02026","0.00443","85.20372"
"129.40000","4.31351","3,288.91504","0.02030","0.00445","85.24591"
"129.50000","4.31665","3,289.81104","0.02031","0.00445","85.26913"
"129.60000","4.32002","3,291.53247","0.02033","0.00436","85.31375"
"129.70000","4.32338","3,294.21460","0.02034","0.00409","85.38327"
"129.80000","4.32674","3,295.57104","0.02036","0.00409","85.41843"
"129.90000","4.33003","3,295.67041","0.02039","0.00423","85.42101"
"130.00000","4.33347","3,299.05640","0.02038","0.00434","85.50877"
"130.10000","4.33683","3,300.56519","0.02042","0.00446","85.54787"
"130.20000","4.33997","3,301.93945","0.02040","0.00445","85.58349"
"130.30000","4.34333","3,302.49146","0.02043","0.00439","85.59780"
"130.40000","4.34685","3,305.24585","0.02046","0.00432","85.66919"
"130.50000","4.34999","3,306.31616","0.02047","0.00423","85.69693"
"130.60000","4.35342","3,308.06177","0.02047","0.00427","85.74218"
"130.70000","4.35694","3,310.47852","0.02047","0.00429","85.80482"
"130.80000","4.36000","3,310.74561","0.02046","0.00431","85.81174"
"130.90000","4.36344","3,313.09741","0.02047","0.00428","85.87270"
"131.00000","4.36680","3,314.64746","0.02051","0.00434","85.91287"
"131.10000","4.37009","3,315.84766","0.02047","0.00437","85.94398"
"131.20000","4.37338","3,317.02393","0.02046","0.00443","85.97446"
"131.30000","4.37674","3,319.00342","0.02052","0.00455","86.02577"
"131.40000","4.38018","3,320.79761","0.02054","0.00456","86.07228"
"131.50000","4.38332","3,322.38086","0.02056","0.00457","86.11331"
"131.60000","4.38668","3,323.59570","0.02059","0.00461","86.14481"
"131.70000","4.39012","3,325.42236","0.02057","0.00455","86.19215"
"131.80000","4.39318","3,326.72119","0.02058","0.00459","86.22581"
"131.90000","4.39677","3,328.41284","0.02064","0.00449","86.26966"
"132.00000","4.40021","3,330.63818","0.02066","0.00451","86.32734"
"132.10000","4.40327","3,331.86377","0.02067","0.00484","86.35910"
"132.20000","4.40679","3,332.52539","0.02069","0.00455","86.37625"
"132.30000","4.41015","3,334.36865","0.02074","0.00464","86.42403"
"132.40000","4.41336","3,336.48071","0.02074","0.00459","86.47878"
"132.50000","4.41665","3,337.46973","0.02075","0.00466","86.50440"
"132.60000","4.42001","3,339.78687","0.02078","0.00462","86.56446"
"132.70000","4.42345","3,340.97192","0.02080","0.00453","86.59518"
"132.80000","4.42667","3,342.51929","0.02082","0.00455","86.63528"
"132.90000","4.43010","3,344.57422","0.02085","0.00437","86.68855"
"133.00000","4.43354","3,345.48511","0.02087","0.00431","86.71216"
"133.10000","4.43661","3,346.83130","0.02086","0.00438","86.74705"
"133.20000","4.44004","3,348.58496","0.02087","0.00452","86.79250"
"133.30000","4.44348","3,350.92944","0.02091","0.00459","86.85327"
"133.40000","4.44662","3,351.02930","0.02093","0.00456","86.85586"
"133.50000","4.45013","3,353.36597","0.02091","0.00453","86.91642"
"133.60000","4.45350","3,355.08350","0.02093","0.00449","86.96094"
"133.70000","4.45671","3,356.19629","0.02095","0.00437","86.98978"
"133.80000","4.46007","3,357.41748","0.02095","0.00441","87.02143"
"133.90000","4.46329","3,358.31226","0.02097","0.00437","87.04462"
"134.00000","4.46672","3,360.61938","0.02100","0.00439","87.10442"
"134.10000","4.46994","3,362.18994","0.02099","0.00438","87.14513"
"134.20000","4.47345","3,364.91846","0.02100","0.00442","87.21585"
"134.30000","4.47681","3,365.61548","0.02099","0.00445","87.23392"
"134.40000","4.47995","3,366.48682","0.02102","0.00449","87.25651"
"134.50000","4.48339","3,368.67114","0.02105","0.00459","87.31312"
"134.60000","4.48683","3,370.94922","0.02106","0.00471","87.37217"
"134.70000","4.48997","3,372.32153","0.02107","0.00471","87.40774"
"134.80000","4.49341","3,372.99072","0.02108","0.00473","87.42508"
"134.90000","4.49677","3,375.35693","0.02113","0.00472","87.48641"
"135.00000","4.50006","3,376.49658","0.02112","0.00460","87.51595"
"135.10000","4.50342","3,377.52734","0.02115","0.00462","87.54266"
"135.20000","4.50671","3,379.84521","0.02114","0.00462","87.60275"
"135.30000","4.51000","3,381.73071","0.02119","0.00465","87.65161"
"135.40000","4.51329","3,382.05518","0.02119","0.00465","87.66003"
"135.50000","4.51672","3,383.69897","0.02119","0.00474","87.70263"
"135.60000","4.52009","3,385.65234","0.02122","0.00473","87.75326"
"135.70000","4.52330","3,387.07666","0.02125","0.00472","87.79018"
"135.80000","4.52681","3,389.62720","0.02125","0.00484","87.85629"
"135.90000","4.53010","3,390.32812","0.02130","0.00467","87.87445"
"136.00000","4.53332","3,391.36646","0.02130","0.00469","87.90137"
"136.10000","4.53668","3,393.33740","0.02134","0.00456","87.95245"
"136.20000","4.54004","3,394.85547","0.02132","0.00436","87.99180"
"136.30000","4.54333","3,396.72412","0.02134","0.00439","88.04023"
"136.40000","4.54677","3,397.97583","0.02138","0.00448","88.07267"
"136.50000","4.55013","3,399.50098","0.02137","0.00460","88.11221"
"136.60000","4.55335","3,400.47095","0.02139","0.00463","88.13734"
"136.70000","4.55663","3,402.03857","0.02141","0.00466","88.17798"
"136.80000","4.56007","3,403.55981","0.02144","0.00453","88.21741"
"136.90000","4.56336","3,405.13403","0.02145","0.00455","88.25821"
"137.00000","4.56665","3,406.56592","0.02146","0.00454","88.29532"
"137.10000","4.57016","3,408.45215","0.02146","0.00455","88.34421"
"137.20000","4.57352","3,410.13867","0.02147","0.00453","88.38792"
"137.30000","4.57674","3,411.61719","0.02151","0.00456","88.42625"
"137.40000","4.58010","3,412.71533","0.02151","0.00450","88.45471"
"137.50000","4.58339","3,414.38696","0.02155","0.00454","88.49804"
"137.60000","4.58660","3,416.00439","0.02154","0.00461","88.53996"
"137.70000","4.59004","3,417.38281","0.02155","0.00464","88.57568"
"137.80000","4.59355","3,418.29907","0.02158","0.00476","88.59943"
"137.90000","4.59669","3,420.68970","0.02158","0.00482","88.66140"
"138.00000","4.60006","3,422.26001","0.02162","0.00486","88.70210"
"138.10000","4.60342","3,423.56445","0.02160","0.00482","88.73591"
"138.20000","4.60671","3,425.79370","0.02163","0.00479","88.79369"
"138.30000","4.61000","3,426.62793","0.02164","0.00475","88.81531"
"138.40000","4.61343","3,428.54370","0.02167","0.00474","88.86497"
"138.50000","4.61680","3,430.26440","0.02167","0.00477","88.90957"
"138.60000","4.62001","3,431.08032","0.02169","0.00482","88.93071"
"138.70000","4.62345","3,434.02466","0.02171","0.00486","89.00703"
"138.80000","4.62681","3,435.29736","0.02173","0.00484","89.04002"
"138.90000","4.62995","3,436.16455","0.02176","0.00486","89.06249"
"139.00000","4.63339","3,437.66064","0.02173","0.00485","89.10127"
"139.10000","4.63683","3,439.14478","0.02178","0.00492","89.13974"
"139.20000","4.64004","3,440.66919","0.02178","0.00487","89.17925"
"139.30000","4.64340","3,442.53296","0.02177","0.00478","89.22755"
"139.40000","4.64692","3,444.11621","0.02180","0.00475","89.26859"
"139.50000","4.65005","3,445.87256","0.02184","0.00459","89.31412"
"139.60000","4.65334","3,446.37183","0.02183","0.00453","89.32706"
"139.70000","4.65678","3,448.18506","0.02182","0.00467","89.37405"
"139.80000","4.66007","3,450.39673","0.02186","0.00482","89.43138"
"139.90000","4.66336","3,451.52051","0.02189","0.00480","89.46050"
"140.00000","4.66680","3,453.83740","0.02189","0.00468","89.52056"
"140.10000","4.67023","3,454.85962","0.02190","0.00466","89.54705"
"140.20000","4.67330","3,455.78296","0.02193","0.00458","89.57098"
"140.30000","4.67666","3,457.38281","0.02195","0.00460","89.61245"
"140.40000","4.68017","3,459.30054","0.02193","0.00460","89.66216"
"140.50000","4.68324","3,459.92188","0.02195","0.00465","89.67826"
"140.60000","4.68675","3,462.08594","0.02199","0.00463","89.73435"
"140.70000","4.69019","3,464.39038","0.02201","0.00468","89.79408"
"140.80000","4.69340","3,464.28052","0.02202","0.00467","89.79124"
"140.90000","4.69677","3,466.65869","0.02205","0.00477","89.85287"
"141.00000","4.70005","3,467.92188","0.02206","0.00480","89.88561"
"141.10000","4.70334","3,469.34302","0.02205","0.00493","89.92245"
"141.20000","4.70671","3,470.86938","0.02209","0.00499","89.96201"
"141.30000","4.71007","3,472.40869","0.02211","0.00503","90.00191"
"141.40000","4.71351","3,474.09692","0.02211","0.00496","90.04567"
"141.50000","4.71665","3,475.71045","0.02213","0.00489","90.08749"
"141.60000","4.72008","3,477.37109","0.02215","0.00486","90.13053"
"141.70000","4.72352","3,478.65112","0.02217","0.00482","90.16371"
"141.80000","4.72659","3,480.15283","0.02217","0.00495","90.20263"
"141.90000","4.73010","3,481.22876","0.02222","0.00488","90.23052"
"142.00000","4.73346","3,483.05664","0.02220","0.00495","90.27789"
"142.10000","4.73667","3,484.20581","0.02220","0.00499","90.30768"
"142.20000","4.74019","3,486.35645","0.02223","0.00499","90.36343"
"142.30000","4.74348","3,487.90747","0.02220","0.00492","90.40363"
"142.40000","4.74669","3,488.52246","0.02227","0.00502","90.41956"
"142.50000","4.75005","3,490.60449","0.02226","0.00491","90.47353"
"142.60000","4.75334","3,492.13257","0.02227","0.00483","90.51314"
"142.70000","4.75678","3,493.12012","0.02227","0.00461","90.53873"
"142.80000","4.75992","3,494.91211","0.02229","0.00459","90.58518"
"142.90000","4.76351","3,496.60889","0.02229","0.00463","90.62916"
"143.00000","4.76687","3,498.91309","0.02231","0.00479","90.68888"
"143.10000","4.76993","3,499.05688","0.02235","0.00484","90.69261"
"143.20000","4.77337","3,501.33936","0.02236","0.00486","90.75177"
"143.30000","4.77673","3,502.59424","0.02235","0.00481","90.78429"
"143.40000","4.77995","3,504.54346","0.02243","0.00475","90.83482"
"143.50000","4.78346","3,506.00977","0.02242","0.00472","90.87282"
"143.60000","4.78682","3,507.67114","0.02242","0.00471","90.91589"
"143.70000","4.79011","3,509.44434","0.02248","0.00475","90.96185"
"143.80000","4.79340","3,510.25122","0.02247","0.00469","90.98276"
"143.90000","4.79669","3,512.17358","0.02252","0.00469","91.03259"
"144.00000","4.80005","3,513.08032","0.02254","0.00476","91.05608"
"144.10000","4.80334","3,514.70459","0.02257","0.00479","91.09818"
"144.20000","4.80678","3,516.40649","0.02257","0.00487","91.14230"
"144.30000","4.81014","3,518.60889","0.02259","0.00503","91.19938"
"144.40000","4.81335","3,519.15503","0.02260","0.00503","91.21354"
"144.50000","4.81679","3,520.51807","0.02262","0.00504","91.24886"
"144.60000","4.82008","3,522.32568","0.02262","0.00506","91.29572"
"144.70000","4.82330","3,524.22583","0.02266","0.00508","91.34496"
"144.80000","4.82673","3,525.37329","0.02268","0.00504","91.37471"
"144.90000","4.83002","3,526.77588","0.02270","0.00495","91.41106"
"145.00000","4.83338","3,528.51050","0.02272","0.00499","91.45602"
"145.10000","4.83675","3,529.40479","0.02271","0.00506","91.47920"
"145.20000","4.84011","3,531.31177","0.02274","0.00506","91.52863"
"145.30000","4.84340","3,533.15796","0.02273","0.00511","91.57648"
"145.40000","4.84661","3,534.15918","0.02275","0.00511","91.60243"
"145.50000","4.85005","3,535.77856","0.02274","0.00511","91.64440"
"145.60000","4.85349","3,537.10474","0.02274","0.00505","91.67878"
"145.70000","4.85663","3,538.24731","0.02278","0.00507","91.70839"
"145.80000","4.86014","3,540.49536","0.02276","0.00492","91.76666"
"145.90000","4.86350","3,542.08496","0.02277","0.00491","91.80786"
"146.00000","4.86664","3,542.69336","0.02280","0.00481","91.82363"
"146.10000","4.87008","3,544.19165","0.02279","0.00481","91.86246"
"146.20000","4.87344","3,545.47461","0.02281","0.00481","91.89571"
"146.30000","4.87666","3,548.21338","0.02283","0.00495","91.96671"
"146.40000","4.88002","3,548.31860","0.02286","0.00495","91.96943"
"146.50000","4.88346","3,549.79785","0.02287","0.00493","92.00777"
"146.60000","4.88675","3,551.57300","0.02290","0.00483","92.05378"
"146.70000","4.88996","3,553.03931","0.02291","0.00486","92.09179"
"146.80000","4.89340","3,554.69507","0.02293","0.00481","92.13470"
"146.90000","4.89669","3,555.98438","0.02294","0.00479","92.16812"
"147.00000","4.89990","3,557.15576","0.02296","0.00477","92.19849"
"147.10000","4.90349","3,559.14648","0.02299","0.00486","92.25008"
"147.20000","4.90685","3,560.96509","0.02302","0.00490","92.29722"
"147.30000","4.90999","3,562.32422","0.02304","0.00482","92.33244"
"147.40000","4.91343","3,564.26807","0.02308","0.00494","92.38283"
"147.50000","4.91679","3,565.28760","0.02309","0.00492","92.40926"
"147.60000","4.91993","3,566.12988","0.02309","0.00515","92.43108"
"147.70000","4.92337","3,567.66772","0.02312","0.00515","92.47095"
"147.80000","4.92681","3,569.93091","0.02313","0.00514","92.52960"
"147.90000","4.93009","3,571.60840","0.02320","0.00514","92.57308"
"148.00000","4.93338","3,572.10083","0.02318","0.00512","92.58585"
"148.10000","4.93682","3,574.59644","0.02317","0.00505","92.65053"
"148.20000","4.94003","3,575.80713","0.02320","0.00505","92.68191"
"148.30000","4.94325","3,576.66528","0.02320","0.00501","92.70415"
"148.40000","4.94676","3,578.47778","0.02322","0.00514","92.75113"
"148.50000","4.95005","3,580.09009","0.02325","0.00512","92.79292"
"148.60000","4.95334","3,581.20679","0.02323","0.00517","92.82186"
"148.70000","4.95677","3,583.01855","0.02325","0.00519","92.86883"
"148.80000","4.96021","3,584.55811","0.02325","0.00519","92.90873"
"148.90000","4.96335","3,585.46460","0.02325","0.00520","92.93222"
"149.00000","4.96664","3,587.29883","0.02329","0.00521","92.97977"
"149.10000","4.97008","3,588.65869","0.02328","0.00498","93.01501"
"149.20000","4.97329","3,590.37256","0.02328","0.00494","93.05943"
"149.30000","4.97673","3,591.17798","0.02328","0.00483","93.08031"
"149.40000","4.98017","3,593.15161","0.02330","0.00485","93.13146"
"149.50000","4.98338","3,594.74536","0.02333","0.00487","93.17278"
"149.60000","4.98667","3,595.32715","0.02332","0.00510","93.18785"
"149.70000","4.99011","3,597.53149","0.02337","0.00501","93.24499"
"149.80000","4.99340","3,599.32104","0.02335","0.00498","93.29137"
"149.90000","4.99668","3,600.73999","0.02335","0.00485","93.32815"
"150.00000","5.00012","3,602.16040","0.02340","0.00489","93.36497"
"150.10000","5.00356","3,603.97925","0.02344","0.00489","93.41211"
"150.20000","5.00670","3,605.41577","0.02345","0.00488","93.44934"
"150.30000","5.01006","3,606.01294","0.02345","0.00492","93.46482"
"150.40000","5.01350","3,608.38623","0.02352","0.00493","93.52634"
"150.50000","5.01656","3,609.29932","0.02350","0.00496","93.55000"
"150.60000","5.02008","3,611.20801","0.02352","0.00497","93.59947"
"150.70000","5.02351","3,612.90918","0.02359","0.00508","93.64356"
"150.80000","5.02665","3,613.84302","0.02360","0.00522","93.66777"
"150.90000","5.03009","3,614.62939","0.02359","0.00524","93.68815"
"151.00000","5.03345","3,616.83301","0.02363","0.00527","93.74527"
"151.10000","5.03674","3,618.20264","0.02366","0.00523","93.78077"
"151.20000","5.03996","3,619.60645","0.02366","0.00525","93.81715"
"151.30000","5.04332","3,620.71362","0.02368","0.00529","93.84585"
"151.40000","5.04676","3,622.32935","0.02370","0.00516","93.88773"
"151.50000","5.04997","3,624.89697","0.02371","0.00517","93.95428"
"151.60000","5.05341","3,626.30225","0.02377","0.00524","93.99070"
"151.70000","5.05685","3,626.71436","0.02374","0.00532","94.00138"
"151.80000","5.05991","3,628.11426","0.02376","0.00532","94.03767"
"151.90000","5.06342","3,630.02930","0.02377","0.00532","94.08730"
"152.00000","5.06679","3,631.39136","0.02374","0.00528","94.12260"
"152.10000","5.07000","3,633.18994","0.02379","0.00533","94.16923"
"152.20000","5.07344","3,633.29321","0.02377","0.00534","94.17190"
"152.30000","5.07680","3,636.46265","0.02380","0.00524","94.25405"
"152.40000","5.08009","3,637.83496","0.02378","0.00517","94.28962"
"152.50000","5.08338","3,638.49731","0.02379","0.00510","94.30679"
"152.60000","5.08667","3,640.04492","0.02381","0.00507","94.34690"
"152.70000","5.09003","3,642.27295","0.02383","0.00488","94.40465"
"152.80000","5.09324","3,642.75879","0.02385","0.00504","94.41724"
"152.90000","5.09676","3,645.27075","0.02385","0.00513","94.48235"
"153.00000","5.10019","3,647.01074","0.02384","0.00509","94.52745"
"153.10000","5.10326","3,647.35010","0.02389","0.00503","94.53625"
"153.20000","5.10670","3,648.93481","0.02389","0.00497","94.57732"
"153.30000","5.11006","3,650.82837","0.02390","0.00500","94.62640"
"153.40000","5.11327","3,651.74756","0.02393","0.00498","94.65022"
"153.50000","5.11679","3,653.98560","0.02395","0.00501","94.70823"
"153.60000","5.12007","3,654.77271","0.02397","0.00502","94.72863"
"153.70000","5.12344","3,656.40771","0.02396","0.00504","94.77101"
"153.80000","5.12673","3,657.33984","0.02400","0.00505","94.79517"
"153.90000","5.13001","3,659.60083","0.02402","0.00513","94.85378"
"154.00000","5.13338","3,660.77319","0.02405","0.00520","94.88416"
"154.10000","5.13652","3,661.75781","0.02405","0.00535","94.90968"
"154.20000","5.14010","3,663.48926","0.02408","0.00534","94.95456"
"154.30000","5.14354","3,666.19263","0.02412","0.00538","95.02463"
"154.40000","5.14668","3,666.40869","0.02414","0.00538","95.03023"
"154.50000","5.15012","3,667.54126","0.02415","0.00534","95.05959"
"154.60000","5.15348","3,669.42920","0.02415","0.00534","95.10851"
"154.70000","5.15662","3,671.03638","0.02420","0.00534","95.15017"
"154.80000","5.16006","3,672.31079","0.02418","0.00532","95.18320"
"154.90000","5.16342","3,673.32812","0.02420","0.00536","95.20957"
"155.00000","5.16671","3,675.14673","0.02422","0.00541","95.25671"
"155.10000","5.17007","3,676.32764","0.02423","0.00538","95.28732"
"155.20000","5.17344","3,677.78125","0.02423","0.00542","95.32500"
"155.30000","5.17673","3,679.73340","0.02425","0.00538","95.37560"
"155.40000","5.17994","3,679.85962","0.02427","0.00542","95.37886"
"155.50000","5.18338","3,681.97046","0.02429","0.00537","95.43357"
"155.60000","5.18682","3,683.23096","0.02428","0.00530","95.46625"
"155.70000","5.18995","3,684.29565","0.02431","0.00521","95.49384"
"155.80000","5.19347","3,685.91650","0.02430","0.00516","95.53585"
"155.90000","5.19683","3,687.67529","0.02433","0.00503","95.58144"
"156.00000","5.19997","3,689.04761","0.02431","0.00503","95.61701"
"156.10000","5.20341","3,691.19458","0.02435","0.00517","95.67265"
"156.20000","5.20669","3,692.24780","0.02436","0.00520","95.69995"
"156.30000","5.20998","3,693.60962","0.02439","0.00518","95.73525"
"156.40000","5.21335","3,695.03271","0.02438","0.00515","95.77214"
"156.50000","5.21678","3,696.55640","0.02439","0.00512","95.81163"
"156.60000","5.22015","3,697.88965","0.02439","0.00511","95.84618"
"156.70000","5.22329","3,699.60522","0.02443","0.00509","95.89066"
"156.80000","5.22672","3,701.37549","0.02445","0.00510","95.93654"
"156.90000","5.23009","3,701.93506","0.02446","0.00513","95.95104"
"157.00000","5.23330","3,704.40698","0.02447","0.00513","96.01511"
"157.10000","5.23681","3,705.44604","0.02448","0.00520","96.04205"
"157.20000","5.24018","3,707.06030","0.02452","0.00526","96.08389"
"157.30000","5.24332","3,707.77954","0.02455","0.00544","96.10252"
"157.40000","5.24675","3,710.00024","0.02457","0.00546","96.16008"
"157.50000","5.25019","3,711.79810","0.02459","0.00548","96.20668"
"157.60000","5.25333","3,712.54639","0.02460","0.00546","96.22607"
"157.70000","5.25669","3,713.98926","0.02464","0.00553","96.26347"
"157.80000","5.26013","3,715.21411","0.02465","0.00548","96.29522"
"157.90000","5.26335","3,717.00537","0.02466","0.00550","96.34165"
"158.00000","5.26671","3,718.32446","0.02468","0.00551","96.37584"
"158.10000","5.27015","3,720.10425","0.02469","0.00547","96.42197"
"158.20000","5.27336","3,721.74609","0.02471","0.00553","96.46452"
"158.30000","5.27665","3,722.69971","0.02471","0.00554","96.48924"
"158.40000","5.28009","3,724.22290","0.02474","0.00554","96.52872"
"158.50000","5.28345","3,725.82080","0.02477","0.00558","96.57014"
"158.60000","5.28666","3,726.78076","0.02478","0.00559","96.59502"
"158.70000","5.29018","3,728.07446","0.02479","0.00555","96.62856"
"158.80000","5.29354","3,730.61108","0.02482","0.00547","96.69430"
"158.90000","5.29660","3,731.35278","0.02483","0.00544","96.71352"
"159.00000","5.30004","3,732.33667","0.02485","0.00533","96.73902"
"159.10000","5.30348","3,734.07715","0.02485","0.00521","96.78413"
"159.20000","5.30662","3,735.57324","0.02485","0.00524","96.82291"
"159.30000","5.31006","3,735.92383","0.02487","0.00511","96.83200"
"159.40000","5.31349","3,738.45020","0.02488","0.00525","96.89748"
"159.50000","5.31671","3,739.06226","0.02490","0.00530","96.91335"
"159.60000","5.32000","3,740.28638","0.02489","0.00526","96.94508"
"159.70000","5.32343","3,742.08765","0.02492","0.00524","96.99176"
"159.80000","5.32672","3,742.99365","0.02494","0.00520","97.01524"
"159.90000","5.32994","3,743.72559","0.02494","0.00517","97.03422"
"160.00000","5.33337","3,745.87134","0.02496","0.00525","97.08983"
"160.10000","5.33689","3,747.53589","0.02497","0.00523","97.13297"
"160.20000","5.34003","3,749.15601","0.02499","0.00522","97.17496"
"160.30000","5.34339","3,750.00049","0.02498","0.00530","97.19685"
"160.40000","5.34683","3,751.73022","0.02500","0.00535","97.24169"
"160.50000","5.34989","3,753.26196","0.02503","0.00541","97.28139"
"160.60000","5.35340","3,753.98315","0.02506","0.00551","97.30008"
"160.70000","5.35684","3,756.14648","0.02512","0.00555","97.35616"
"160.80000","5.36006","3,757.04395","0.02507","0.00557","97.37942"
"160.90000","5.36342","3,758.58179","0.02507","0.00560","97.41927"
"161.00000","5.36678","3,759.82593","0.02509","0.00561","97.45152"
"161.10000","5.37007","3,761.39844","0.02512","0.00553","97.49228"
"161.20000","5.37336","3,761.51050","0.02513","0.00561","97.49519"
"161.30000","5.37665","3,763.21924","0.02515","0.00564","97.53947"
"161.40000","5.38016","3,765.25977","0.02518","0.00556","97.59236"
"161.50000","5.38330","3,765.94922","0.02519","0.00562","97.61024"
"161.60000","5.38674","3,767.23560","0.02523","0.00558","97.64358"
"161.70000","5.39017","3,769.60669","0.02527","0.00563","97.70503"
"161.80000","5.39331","3,770.32910","0.02527","0.00568","97.72375"
"161.90000","5.39668","3,771.95410","0.02528","0.00569","97.76588"
"162.00000","5.40011","3,773.22070","0.02530","0.00560","97.79871"
"162.10000","5.40333","3,774.15112","0.02533","0.00550","97.82282"
"162.20000","5.40684","3,775.83765","0.02535","0.00545","97.86653"
"162.30000","5.41013","3,777.00439","0.02536","0.00544","97.89677"
"162.40000","5.41342","3,778.54810","0.02537","0.00543","97.93678"
"162.50000","5.41671","3,779.28052","0.02540","0.00527","97.95577"
"162.60000","5.41999","3,780.40601","0.02540","0.00531","97.98494"
"162.70000","5.42343","3,782.39380","0.02544","0.00530","98.03646"
"162.80000","5.42657","3,783.24268","0.02541","0.00538","98.05846"
"162.90000","5.43008","3,784.97168","0.02545","0.00535","98.10328"
"163.00000","5.43360","3,786.41040","0.02543","0.00533","98.14057"
"163.10000","5.43666","3,787.19409","0.02548","0.00536","98.16088"
"163.20000","5.44010","3,789.27783","0.02544","0.00532","98.21489"
"163.30000","5.44346","3,789.58032","0.02551","0.00536","98.22273"
"163.40000","5.44668","3,791.34424","0.02549","0.00535","98.26845"
"163.50000","5.45011","3,792.81982","0.02551","0.00541","98.30669"
"163.60000","5.45340","3,793.79053","0.02554","0.00541","98.33186"
"163.70000","5.45676","3,795.66284","0.02553","0.00551","98.38039"
"163.80000","5.46013","3,796.78564","0.02562","0.00568","98.40948"
"163.90000","5.46342","3,797.71265","0.02559","0.00566","98.43352"
"164.00000","5.46678","3,799.64966","0.02556","0.00576","98.48372"
"164.10000","5.46992","3,799.95898","0.02557","0.00573","98.49174"
"164.20000","5.47336","3,801.65723","0.02559","0.00572","98.53575"
"164.30000","5.47687","3,803.37720","0.02564","0.00580","98.58034"
"164.40000","5.47993","3,803.77319","0.02563","0.00574","98.59060"
"164.50000","5.48352","3,805.98608","0.02564","0.00580","98.64796"
"164.60000","5.48681","3,806.54004","0.02567","0.00583","98.66232"
"164.70000","5.48995","3,807.79321","0.02568","0.00583","98.69479"
"164.80000","5.49339","3,809.02515","0.02569","0.00581","98.72672"
"164.90000","5.49675","3,810.89746","0.02571","0.00582","98.77525"
"165.00000","5.50004","3,811.90625","0.02576","0.00588","98.80140"
"165.10000","5.50340","3,813.25342","0.02579","0.00591","98.83632"
"165.20000","5.50684","3,814.45142","0.02580","0.00583","98.86737"
"165.30000","5.51013","3,815.83569","0.02585","0.00575","98.90325"
"165.40000","5.51327","3,815.99634","0.02585","0.00563","98.90741"
"165.50000","5.51670","3,817.72656","0.02587","0.00557","98.95226"
"165.60000","5.52014","3,819.42383","0.02589","0.00558","98.99625"
"165.70000","5.52328","3,820.36279","0.02591","0.00555","99.02058"
"165.80000","5.52687","3,821.89893","0.02593","0.00540","99.06040"
"165.90000","5.53016","3,822.80542","0.02594","0.00535","99.08390"
"166.00000","5.53337","3,824.36621","0.02597","0.00542","99.12435"
"166.10000","5.53673","3,825.49268","0.02598","0.00549","99.15355"
"166.20000","5.54002","3,826.33618","0.02597","0.00546","99.17542"
"166.30000","5.54331","3,827.20166","0.02600","0.00546","99.19785"
"166.40000","5.54667","3,828.50586","0.02603","0.00547","99.23165"
"166.50000","5.55019","3,830.31592","0.02605","0.00544","99.27856"
"166.60000","5.55340","3,831.22314","0.02610","0.00550","99.30208"
"166.70000","5.55669","3,832.18604","0.02606","0.00548","99.32703"
"166.80000","5.56013","3,833.91748","0.02607","0.00557","99.37191"
"166.90000","5.56341","3,835.26978","0.02608","0.00564","99.40697"
"167.00000","5.56663","3,835.83691","0.02610","0.00566","99.42166"
"167.10000","5.57007","3,837.43530","0.02610","0.00580","99.46309"
"167.20000","5.57343","3,838.97949","0.02608","0.00586","99.50311"
"167.30000","5.57672","3,839.39624","0.02606","0.00586","99.51392"
"167.40000","5.58016","3,840.73584","0.02613","0.00587","99.54864"
"167.50000","5.58352","3,841.41504","0.02606","0.00583","99.56625"
"167.60000","5.58666","3,843.41699","0.02611","0.00593","99.61813"
"167.70000","5.59002","3,843.44800","0.02610","0.00599","99.61893"
"167.80000","5.59346","3,845.14771","0.02612","0.00600","99.66299"
"167.90000","5.59667","3,846.06641","0.02614","0.00591","99.68681"
"168.00000","5.60004","3,847.15283","0.02616","0.00599","99.71497"
"168.10000","5.60347","3,848.29712","0.02618","0.00600","99.74462"
"168.20000","5.60669","3,850.02832","0.02621","0.00610","99.78949"
"168.30000","5.60998","3,850.02930","0.02623","0.00603","99.78952"
"168.40000","5.61341","3,851.53589","0.02627","0.00592","99.82857"
"168.50000","5.61678","3,853.61133","0.02626","0.00592","99.88236"
"168.60000","5.61999","3,853.61353","0.02631","0.00581","99.88242"
"168.70000","5.62343","3,855.43359","0.02635","0.00576","99.92960"
"168.80000","5.62687","3,855.81665","0.02641","0.00572","99.93952"
"168.90000","5.63001","3,856.59497","0.02639","0.00563","99.95969"
"169.00000","5.63337","3,857.04834","0.02642","0.00553","99.97144"
"169.10000","5.63673","3,857.80859","0.02651","0.00544","99.99115"
"169.20000","5.63995","3,858.28809","0.02647","0.00565","100.00358"
"169.30000","5.64338","3,858.82324","0.02648","0.00566","100.01745"
"169.40000","5.64682","3,860.26050","0.02651","0.00561","100.05470"
"169.50000","5.65011","3,860.72217","0.02651","0.00560","100.06667"
"169.59400","5.65325","3,592.17236","0.02653","0.00560","93.10609"
"169.59800","5.65347","3,255.31299","0.02653","0.00560","84.37497"
"169.60200","5.65362","2,852.90845","0.02653","0.00560","73.94498"
"169.60600","5.65377","2,424.45215","0.02653","0.00560","62.83976"
"169.60800","5.65392","2,210.73120","0.02653","0.00560","57.30029"
