Modulus (Segment 0.001 mm/mm - 0.008 mm/mm) : Modulus (Segment 0.001 mm/mm - 0.008 mm/mm),"6,205.17137",MPa
Poisson's ratio (Least squares fit) : Poisson's ratio (Least squares fit),"0.12624"
Specimen properties : Gauge length,"15.05000",mm
Specimen properties : Gauge length transverse,"4.79300",mm
Specimen properties : Thickness,"2.60000",mm
Specimen properties : Width,"15.08000",mm

Time,Extension,Load,Video axial strain,Video transverse strain,Calculated Stress
(s),(mm),(N),(mm/mm),(mm/mm),(MPa)
"0.00000","-0.00007","87.18509","0.00001","0.00010","2.22366"
"0.10000","0.00127","87.65311","-0.00001","0.00003","2.23559"
"0.20000","0.00568","93.87044","0.00001","0.00010","2.39417"
"0.30000","0.00987","102.14833","-0.00003","0.00027","2.60529"
"0.40000","0.01330","108.08515","-0.00004","0.00030","2.75671"
"0.50000","0.01652","112.70396","0.00001","0.00028","2.87451"
"0.60000","0.02003","118.54705","0.00001","0.00031","3.02354"
"0.70000","0.02339","124.51712","0.00002","0.00039","3.17581"
"0.80000","0.02661","129.90486","0.00003","0.00073","3.31322"
"0.90000","0.03004","135.79512","0.00005","0.00118","3.46345"
"1.00000","0.03348","142.10767","0.00001","0.00114","3.62446"
"1.10000","0.03655","147.49886","0.00003","0.00117","3.76196"
"1.20000","0.03991","152.50060","0.00006","0.00113","3.88953"
"1.30000","0.04335","158.22144","0.00008","0.00107","4.03544"
"1.40000","0.04664","163.18626","0.00006","0.00099","4.16207"
"1.50000","0.05000","170.13135","0.00007","0.00097","4.33920"
"1.60000","0.05336","175.28247","0.00010","0.00100","4.47058"
"1.70000","0.05673","181.20137","0.00010","0.00090","4.62154"
"1.80000","0.05994","186.11728","0.00014","0.00084","4.74692"
"1.90000","0.06330","191.40921","0.00014","0.00068","4.88189"
"2.00000","0.06674","197.15791","0.00020","0.00068","5.02851"
"2.10000","0.06988","202.97438","0.00019","0.00063","5.17686"
"2.20000","0.07339","208.91255","0.00020","0.00070","5.32831"
"2.30000","0.07683","214.02298","0.00021","0.00057","5.45866"
"2.40000","0.07997","219.52684","0.00026","0.00056","5.59903"
"2.50000","0.08333","225.42262","0.00024","0.00027","5.74940"
"2.60000","0.08669","230.57623","0.00028","0.00022","5.88085"
"2.70000","0.08991","236.34923","0.00025","0.00019","6.02809"
"2.80000","0.09335","241.88303","0.00029","0.00010","6.16923"
"2.90000","0.09671","247.39693","0.00032","0.00005","6.30986"
"3.00000","0.10007","252.91235","0.00032","0.00005","6.45053"
"3.10000","0.10329","258.08136","0.00030","0.00023","6.58237"
"3.20000","0.10665","264.00308","0.00032","0.00028","6.73340"
"3.30000","0.11001","269.38800","0.00036","0.00034","6.87074"
"3.40000","0.11315","274.64444","0.00036","0.00036","7.00481"
"3.50000","0.11666","279.74243","0.00039","0.00043","7.13483"
"3.60000","0.12010","285.35297","0.00038","0.00044","7.27793"
"3.70000","0.12324","291.31085","0.00039","0.00052","7.42988"
"3.80000","0.12675","296.06604","0.00043","0.00051","7.55116"
"3.90000","0.13004","301.78088","0.00045","0.00052","7.69692"
"4.00000","0.13326","307.00067","0.00045","0.00108","7.83005"
"4.10000","0.13662","311.93649","0.00045","0.00134","7.95594"
"4.20000","0.13998","317.63135","0.00046","0.00123","8.10119"
"4.30000","0.14335","324.01230","0.00048","0.00127","8.26393"
"4.40000","0.14663","328.97360","0.00049","0.00112","8.39047"
"4.50000","0.15007","334.42612","0.00052","0.00120","8.52954"
"4.60000","0.15343","340.26593","0.00054","0.00107","8.67848"
"4.70000","0.15657","344.90683","0.00054","0.00106","8.79685"
"4.80000","0.15994","350.12460","0.00061","0.00096","8.92993"
"4.90000","0.16337","355.83649","0.00062","0.00098","9.07561"
"5.00000","0.16651","361.18613","0.00059","0.00093","9.21205"
"5.10000","0.17003","366.24640","0.00063","0.00083","9.34111"
"5.20000","0.17339","371.78333","0.00066","0.00082","9.48233"
"5.30000","0.17660","376.52985","0.00069","0.00075","9.60339"
"5.40000","0.18004","381.84604","0.00069","0.00084","9.73898"
"5.50000","0.18325","387.60944","0.00067","0.00068","9.88598"
"5.60000","0.18662","392.92084","0.00071","0.00036","10.02145"
"5.70000","0.18991","397.77914","0.00071","0.00034","10.14536"
"5.80000","0.19334","404.00577","0.00076","0.00029","10.30417"
"5.90000","0.19671","408.68265","0.00075","0.00017","10.42345"
"6.00000","0.19992","413.85373","0.00075","0.00010","10.55534"
"6.10000","0.20328","419.11203","0.00078","0.00016","10.68945"
"6.20000","0.20672","424.36960","0.00080","0.00036","10.82355"
"6.30000","0.20986","429.73892","0.00081","0.00035","10.96049"
"6.40000","0.21345","434.98083","0.00085","0.00046","11.09419"
"6.50000","0.21674","440.00851","0.00086","0.00045","11.22242"
"6.60000","0.21995","444.72354","0.00086","0.00052","11.34267"
"6.70000","0.22346","450.30029","0.00087","0.00054","11.48491"
"6.80000","0.22668","454.45309","0.00088","0.00056","11.59083"
"6.90000","0.22997","460.06177","0.00090","0.00071","11.73388"
"7.00000","0.23325","465.63208","0.00091","0.00093","11.87595"
"7.10000","0.23662","470.13782","0.00092","0.00114","11.99086"
"7.20000","0.24005","475.44775","0.00094","0.00123","12.12629"
"7.30000","0.24327","480.00748","0.00097","0.00129","12.24259"
"7.40000","0.24671","484.51816","0.00100","0.00142","12.35764"
"7.50000","0.25007","490.16531","0.00100","0.00142","12.50167"
"7.60000","0.25313","493.84039","0.00103","0.00137","12.59540"
"7.70000","0.25665","499.65469","0.00105","0.00130","12.74369"
"7.80000","0.26001","504.11722","0.00105","0.00119","12.85751"
"7.90000","0.26322","508.74130","0.00108","0.00113","12.97545"
"8.00000","0.26674","514.60699","0.00112","0.00108","13.12505"
"8.10000","0.27010","519.42584","0.00112","0.00107","13.24796"
"8.20000","0.27339","524.75580","0.00113","0.00105","13.38390"
"8.30000","0.27660","529.02087","0.00115","0.00095","13.49268"
"8.40000","0.27996","534.01038","0.00115","0.00099","13.61993"
"8.50000","0.28333","539.40179","0.00116","0.00088","13.75744"
"8.60000","0.28654","543.22076","0.00120","0.00090","13.85485"
"8.70000","0.29013","548.71021","0.00120","0.00062","13.99485"
"8.80000","0.29342","554.01776","0.00122","0.00052","14.13022"
"8.90000","0.29656","558.08380","0.00121","0.00039","14.23393"
"9.00000","0.30007","564.50134","0.00127","0.00032","14.39761"
"9.10000","0.30336","567.96521","0.00125","0.00037","14.48595"
"9.20000","0.30657","572.93951","0.00127","0.00040","14.61282"
"9.30000","0.31001","577.70374","0.00126","0.00038","14.73433"
"9.40000","0.31345","583.15662","0.00128","0.00067","14.87341"
"9.50000","0.31666","587.00702","0.00130","0.00068","14.97161"
"9.60000","0.32002","591.56317","0.00130","0.00067","15.08782"
"9.70000","0.32331","597.00629","0.00132","0.00064","15.22664"
"9.80000","0.32660","600.57715","0.00134","0.00082","15.31772"
"9.90000","0.32989","606.25452","0.00135","0.00071","15.46252"
"10.00000","0.33340","611.04608","0.00139","0.00080","15.58473"
"10.10000","0.33669","616.33276","0.00140","0.00126","15.71957"
"10.20000","0.33990","619.99622","0.00139","0.00125","15.81300"
"10.30000","0.34342","624.61108","0.00140","0.00137","15.93071"
"10.40000","0.34670","630.08746","0.00143","0.00142","16.07038"
"10.50000","0.34992","634.25146","0.00148","0.00155","16.17658"
"10.60000","0.35328","638.79706","0.00148","0.00164","16.29252"
"10.70000","0.35672","642.92688","0.00151","0.00158","16.39785"
"10.80000","0.35993","648.54535","0.00152","0.00147","16.54115"
"10.90000","0.36337","652.73969","0.00154","0.00148","16.64812"
"11.00000","0.36681","657.47455","0.00158","0.00141","16.76889"
"11.10000","0.36995","661.07782","0.00156","0.00143","16.86079"
"11.20000","0.37331","665.59772","0.00159","0.00137","16.97607"
"11.30000","0.37667","669.94714","0.00159","0.00132","17.08700"
"11.40000","0.37996","674.87152","0.00161","0.00116","17.21260"
"11.50000","0.38325","678.36816","0.00164","0.00117","17.30178"
"11.60000","0.38676","683.61005","0.00166","0.00105","17.43547"
"11.70000","0.39013","688.38483","0.00168","0.00088","17.55725"
"11.80000","0.39327","692.11987","0.00170","0.00084","17.65252"
"11.90000","0.39655","697.01050","0.00171","0.00075","17.77725"
"12.00000","0.39999","701.14496","0.00170","0.00074","17.88270"
"12.10000","0.40313","705.35315","0.00172","0.00072","17.99003"
"12.20000","0.40664","709.93256","0.00173","0.00066","18.10683"
"12.30000","0.41016","713.81866","0.00178","0.00051","18.20594"
"12.40000","0.41330","718.13202","0.00174","0.00060","18.31596"
"12.50000","0.41666","722.97888","0.00176","0.00072","18.43958"
"12.60000","0.42002","727.25262","0.00176","0.00081","18.54858"
"12.70000","0.42331","732.15741","0.00181","0.00084","18.67367"
"12.80000","0.42660","735.03314","0.00179","0.00090","18.74702"
"12.90000","0.43004","739.79749","0.00182","0.00097","18.86853"
"13.00000","0.43340","744.82251","0.00182","0.00097","18.99670"
"13.10000","0.43669","748.70715","0.00185","0.00121","19.09578"
"13.20000","0.43998","752.80035","0.00187","0.00128","19.20017"
"13.30000","0.44341","757.87463","0.00189","0.00151","19.32959"
"13.40000","0.44655","761.69836","0.00187","0.00148","19.42712"
"13.50000","0.44999","766.44720","0.00189","0.00166","19.54823"
"13.60000","0.45343","771.14703","0.00192","0.00164","19.66810"
"13.70000","0.45664","774.17505","0.00195","0.00171","19.74533"
"13.80000","0.46001","779.24011","0.00201","0.00157","19.87452"
"13.90000","0.46344","783.64832","0.00200","0.00171","19.98695"
"14.00000","0.46658","788.10181","0.00201","0.00172","20.10054"
"14.10000","0.46995","791.99829","0.00201","0.00165","20.19991"
"14.20000","0.47323","796.78583","0.00204","0.00163","20.32202"
"14.30000","0.47667","800.29144","0.00207","0.00164","20.41143"
"14.40000","0.47996","804.55579","0.00209","0.00161","20.52020"
"14.50000","0.48332","808.85150","0.00209","0.00145","20.62976"
"14.60000","0.48684","813.49249","0.00205","0.00137","20.74813"
"14.70000","0.48983","816.66901","0.00207","0.00133","20.82914"
"14.80000","0.49326","821.57727","0.00216","0.00135","20.95433"
"14.90000","0.49678","825.80902","0.00215","0.00102","21.06226"
"15.00000","0.49984","829.98938","0.00218","0.00088","21.16888"
"15.10000","0.50335","833.83649","0.00219","0.00089","21.26700"
"15.20000","0.50679","838.20905","0.00216","0.00088","21.37852"
"15.30000","0.51000","842.64307","0.00219","0.00077","21.49161"
"15.40000","0.51337","847.01648","0.00223","0.00069","21.60316"
"15.50000","0.51666","850.50928","0.00224","0.00070","21.69224"
"15.60000","0.52002","854.53882","0.00222","0.00077","21.79501"
"15.70000","0.52323","858.63153","0.00215","0.00091","21.89940"
"15.80000","0.52660","862.52216","0.00221","0.00102","21.99863"
"15.90000","0.53011","867.29443","0.00223","0.00097","22.12034"
"16.00000","0.53325","870.49353","0.00226","0.00103","22.20194"
"16.10000","0.53669","874.75006","0.00233","0.00110","22.31050"
"16.20000","0.54012","879.21869","0.00234","0.00117","22.42447"
"16.30000","0.54319","882.03168","0.00237","0.00141","22.49622"
"16.40000","0.54670","886.59570","0.00232","0.00161","22.61262"
"16.50000","0.55006","890.82635","0.00235","0.00171","22.72053"
"16.60000","0.55328","895.36066","0.00235","0.00162","22.83617"
"16.70000","0.55679","899.40143","0.00233","0.00167","22.93923"
"16.80000","0.56000","902.97516","0.00235","0.00183","23.03038"
"16.90000","0.56337","907.28772","0.00238","0.00192","23.14037"
"17.00000","0.56658","911.12573","0.00239","0.00191","23.23826"
"17.10000","0.56994","915.28503","0.00245","0.00197","23.34434"
"17.20000","0.57338","919.70032","0.00239","0.00183","23.45695"
"17.30000","0.57652","922.52332","0.00250","0.00180","23.52896"
"17.40000","0.58011","926.29816","0.00251","0.00180","23.62523"
"17.50000","0.58347","931.02930","0.00245","0.00171","23.74590"
"17.60000","0.58654","933.96155","0.00249","0.00159","23.82069"
"17.70000","0.58997","939.12457","0.00252","0.00153","23.95237"
"17.80000","0.59341","942.17377","0.00256","0.00152","24.03014"
"17.90000","0.59662","946.51843","0.00253","0.00140","24.14095"
"18.00000","0.59999","950.35547","0.00254","0.00135","24.23882"
"18.10000","0.60343","955.20361","0.00256","0.00107","24.36247"
"18.20000","0.60671","959.06238","0.00253","0.00100","24.46088"
"18.30000","0.60993","961.88550","0.00254","0.00100","24.53289"
"18.40000","0.61329","966.94482","0.00257","0.00091","24.66193"
"18.50000","0.61665","970.52625","0.00261","0.00091","24.75327"
"18.60000","0.61987","973.76837","0.00261","0.00082","24.83596"
"18.70000","0.62338","978.15234","0.00260","0.00081","24.94777"
"18.80000","0.62674","982.66797","0.00259","0.00101","25.06295"
"18.90000","0.62988","985.21216","0.00266","0.00105","25.12783"
"19.00000","0.63340","989.99792","0.00266","0.00104","25.24990"
"19.10000","0.63668","993.47870","0.00269","0.00113","25.33867"
"19.20000","0.63990","996.89783","0.00271","0.00118","25.42588"
"19.30000","0.64334","1,001.01532","0.00272","0.00123","25.53090"
"19.40000","0.64677","1,004.75873","0.00275","0.00138","25.62637"
"19.50000","0.64999","1,009.49939","0.00277","0.00165","25.74728"
"19.60000","0.65335","1,012.01416","0.00277","0.00175","25.81142"
"19.70000","0.65671","1,016.31757","0.00280","0.00177","25.92118"
"19.80000","0.65993","1,020.92688","0.00282","0.00186","26.03874"
"19.90000","0.66322","1,024.22058","0.00283","0.00181","26.12275"
"20.00000","0.66673","1,027.71460","0.00285","0.00190","26.21186"
"20.10000","0.67002","1,031.97363","0.00290","0.00191","26.32049"
"20.20000","0.67323","1,035.88489","0.00286","0.00191","26.42024"
"20.30000","0.67674","1,040.19775","0.00286","0.00191","26.53024"
"20.40000","0.68011","1,043.41675","0.00290","0.00192","26.61234"
"20.50000","0.68324","1,046.91418","0.00293","0.00185","26.70155"
"20.60000","0.68661","1,050.90356","0.00292","0.00174","26.80330"
"20.70000","0.68997","1,054.81543","0.00301","0.00165","26.90307"
"20.80000","0.69326","1,058.60010","0.00300","0.00159","26.99959"
"20.90000","0.69662","1,061.59070","0.00303","0.00155","27.07587"
"21.00000","0.70014","1,066.10266","0.00303","0.00145","27.19095"
"21.10000","0.70327","1,070.18713","0.00298","0.00155","27.29512"
"21.20000","0.70656","1,073.71118","0.00302","0.00145","27.38500"
"21.30000","0.71000","1,077.28760","0.00308","0.00125","27.47622"
"21.40000","0.71329","1,081.82324","0.00305","0.00110","27.59190"
"21.50000","0.71658","1,084.28015","0.00309","0.00108","27.65456"
"21.60000","0.72009","1,088.93164","0.00310","0.00098","27.77320"
"21.70000","0.72338","1,092.32520","0.00316","0.00088","27.85975"
"21.80000","0.72659","1,095.63232","0.00310","0.00090","27.94410"
"21.90000","0.72996","1,100.18445","0.00316","0.00098","28.06020"
"22.00000","0.73332","1,103.73279","0.00317","0.00117","28.15070"
"22.10000","0.73653","1,106.68591","0.00318","0.00133","28.22602"
"22.20000","0.73997","1,110.69202","0.00321","0.00125","28.32820"
"22.30000","0.74341","1,114.49487","0.00324","0.00129","28.42519"
"22.40000","0.74662","1,118.26685","0.00324","0.00130","28.52139"
"22.50000","0.74998","1,122.06409","0.00326","0.00133","28.61824"
"22.60000","0.75335","1,125.51099","0.00328","0.00158","28.70616"
"22.70000","0.75664","1,128.82849","0.00329","0.00183","28.79077"
"22.80000","0.75992","1,132.30017","0.00331","0.00182","28.87931"
"22.90000","0.76329","1,136.08936","0.00332","0.00186","28.97596"
"23.00000","0.76665","1,139.53833","0.00333","0.00184","29.06392"
"23.10000","0.76994","1,143.48975","0.00335","0.00190","29.16471"
"23.20000","0.77338","1,147.48840","0.00338","0.00190","29.26669"
"23.30000","0.77682","1,151.90894","0.00342","0.00197","29.37944"
"23.40000","0.77988","1,154.84814","0.00346","0.00199","29.45440"
"23.50000","0.78332","1,158.21619","0.00344","0.00194","29.54030"
"23.60000","0.78668","1,162.01831","0.00351","0.00198","29.63728"
"23.70000","0.78989","1,165.34473","0.00349","0.00184","29.72212"
"23.80000","0.79333","1,169.26819","0.00353","0.00180","29.82218"
"23.90000","0.79677","1,172.76746","0.00351","0.00171","29.91143"
"24.00000","0.79998","1,177.21106","0.00350","0.00166","30.02477"
"24.10000","0.80327","1,179.67786","0.00352","0.00167","30.08768"
"24.20000","0.80664","1,184.09253","0.00354","0.00151","30.20028"
"24.30000","0.81000","1,187.31787","0.00359","0.00148","30.28254"
"24.40000","0.81329","1,191.01282","0.00360","0.00134","30.37678"
"24.50000","0.81665","1,194.49268","0.00360","0.00120","30.46553"
"24.60000","0.82016","1,198.07288","0.00366","0.00110","30.55685"
"24.70000","0.82323","1,202.30713","0.00363","0.00106","30.66484"
"24.80000","0.82666","1,204.85510","0.00365","0.00109","30.72983"
"24.90000","0.83003","1,208.70325","0.00364","0.00105","30.82797"
"25.00000","0.83317","1,212.69910","0.00363","0.00100","30.92989"
"25.10000","0.83668","1,215.49658","0.00368","0.00109","31.00124"
"25.20000","0.84004","1,219.46411","0.00369","0.00134","31.10243"
"25.30000","0.84333","1,223.17310","0.00373","0.00127","31.19703"
"25.40000","0.84662","1,226.80640","0.00376","0.00126","31.28970"
"25.50000","0.84991","1,229.65759","0.00376","0.00135","31.36242"
"25.60000","0.85327","1,234.21130","0.00378","0.00140","31.47856"
"25.70000","0.85656","1,236.48730","0.00377","0.00157","31.53661"
"25.80000","0.85992","1,241.31274","0.00378","0.00176","31.65968"
"25.90000","0.86351","1,244.95996","0.00382","0.00190","31.75270"
"26.00000","0.86657","1,247.55933","0.00384","0.00187","31.81900"
"26.10000","0.87009","1,251.54797","0.00394","0.00207","31.92073"
"26.20000","0.87345","1,255.93726","0.00391","0.00198","32.03268"
"26.30000","0.87651","1,258.29517","0.00390","0.00182","32.09282"
"26.40000","0.88003","1,261.45581","0.00394","0.00208","32.17343"
"26.50000","0.88339","1,265.27307","0.00398","0.00203","32.27079"
"26.60000","0.88668","1,268.98975","0.00396","0.00208","32.36558"
"26.70000","0.89004","1,271.28821","0.00399","0.00196","32.42421"
"26.80000","0.89340","1,275.24500","0.00403","0.00198","32.52512"
"26.90000","0.89669","1,279.95178","0.00402","0.00185","32.64517"
"27.00000","0.89983","1,281.84460","0.00405","0.00178","32.69345"
"27.10000","0.90327","1,285.76331","0.00407","0.00171","32.79339"
"27.20000","0.90671","1,288.13550","0.00409","0.00167","32.85389"
"27.30000","0.90985","1,292.16394","0.00408","0.00152","32.95664"
"27.40000","0.91343","1,295.60156","0.00408","0.00148","33.04432"
"27.50000","0.91680","1,299.06958","0.00412","0.00154","33.13277"
"27.60000","0.91986","1,302.60425","0.00413","0.00140","33.22292"
"27.70000","0.92337","1,306.01660","0.00411","0.00113","33.30995"
"27.80000","0.92666","1,309.31604","0.00414","0.00113","33.39410"
"27.90000","0.92988","1,312.88416","0.00415","0.00105","33.48511"
"28.00000","0.93331","1,316.34241","0.00418","0.00105","33.57331"
"28.10000","0.93675","1,319.45374","0.00417","0.00107","33.65267"
"28.20000","0.94004","1,323.27649","0.00419","0.00102","33.75016"
"28.30000","0.94333","1,325.62854","0.00425","0.00136","33.81015"
"28.40000","0.94669","1,329.26770","0.00423","0.00142","33.90297"
"28.50000","0.94998","1,332.41663","0.00429","0.00140","33.98328"
"28.60000","0.95319","1,335.83447","0.00424","0.00149","34.07046"
"28.70000","0.95671","1,338.97351","0.00431","0.00149","34.15052"
"28.80000","0.96007","1,342.47266","0.00438","0.00136","34.23977"
"28.90000","0.96321","1,345.32349","0.00439","0.00152","34.31247"
"29.00000","0.96672","1,349.00781","0.00439","0.00155","34.40644"
"29.10000","0.97008","1,352.10339","0.00438","0.00182","34.48540"
"29.20000","0.97322","1,355.22449","0.00442","0.00198","34.56500"
"29.30000","0.97666","1,358.89087","0.00441","0.00195","34.65851"
"29.40000","0.98002","1,361.71509","0.00439","0.00195","34.73054"
"29.50000","0.98339","1,365.36340","0.00447","0.00192","34.82359"
"29.60000","0.98668","1,368.07178","0.00445","0.00209","34.89267"
"29.70000","0.99004","1,371.67749","0.00451","0.00209","34.98463"
"29.80000","0.99333","1,375.37585","0.00450","0.00210","35.07896"
"29.90000","0.99654","1,377.67810","0.00451","0.00202","35.13768"
"30.00000","0.99998","1,380.99451","0.00453","0.00198","35.22226"
"30.10000","1.00334","1,385.23694","0.00455","0.00196","35.33047"
"30.20000","1.00656","1,388.19287","0.00458","0.00188","35.40586"
"30.30000","1.01007","1,390.87695","0.00457","0.00178","35.47432"
"30.40000","1.01343","1,394.83740","0.00458","0.00173","35.57533"
"30.50000","1.01657","1,397.45703","0.00458","0.00161","35.64214"
"30.60000","1.02001","1,400.63489","0.00459","0.00161","35.72319"
"30.70000","1.02337","1,403.48267","0.00460","0.00156","35.79582"
"30.80000","1.02659","1,407.81555","0.00465","0.00141","35.90633"
"30.90000","1.03002","1,409.87109","0.00463","0.00117","35.95876"
"31.00000","1.03346","1,414.10339","0.00463","0.00126","36.06670"
"31.10000","1.03668","1,417.28406","0.00466","0.00120","36.14783"
"31.20000","1.03996","1,419.96875","0.00468","0.00117","36.21630"
"31.30000","1.04333","1,422.97229","0.00472","0.00106","36.29291"
"31.40000","1.04662","1,426.53870","0.00473","0.00102","36.38387"
"31.50000","1.04990","1,430.09705","0.00478","0.00128","36.47462"
"31.60000","1.05334","1,433.58203","0.00479","0.00147","36.56351"
"31.70000","1.05670","1,436.86389","0.00481","0.00153","36.64721"
"31.80000","1.05999","1,439.53040","0.00485","0.00131","36.71522"
"31.90000","1.06336","1,443.00684","0.00488","0.00139","36.80389"
"32.00000","1.06679","1,446.95312","0.00486","0.00147","36.90454"
"32.10000","1.06986","1,449.17468","0.00484","0.00179","36.96120"
"32.20000","1.07330","1,452.84888","0.00492","0.00179","37.05491"
"32.30000","1.07673","1,455.96680","0.00493","0.00185","37.13443"
"32.40000","1.07995","1,459.67615","0.00494","0.00190","37.22904"
"32.50000","1.08339","1,462.13306","0.00497","0.00186","37.29170"
"32.60000","1.08675","1,465.36816","0.00496","0.00210","37.37421"
"32.70000","1.08996","1,468.69861","0.00494","0.00219","37.45916"
"32.80000","1.09325","1,471.66895","0.00499","0.00207","37.53492"
"32.90000","1.09661","1,474.21692","0.00503","0.00218","37.59990"
"33.00000","1.10005","1,477.96191","0.00502","0.00209","37.69542"
"33.10000","1.10327","1,480.89514","0.00502","0.00206","37.77023"
"33.20000","1.10670","1,484.00342","0.00504","0.00199","37.84951"
"33.30000","1.11014","1,487.75195","0.00506","0.00190","37.94511"
"33.40000","1.11321","1,490.86328","0.00506","0.00192","38.02447"
"33.50000","1.11657","1,493.51282","0.00510","0.00179","38.09204"
"33.60000","1.12008","1,496.35876","0.00508","0.00183","38.16463"
"33.70000","1.12322","1,499.27441","0.00512","0.00164","38.23899"
"33.80000","1.12666","1,502.48633","0.00517","0.00153","38.32091"
"33.90000","1.13010","1,505.45264","0.00518","0.00157","38.39657"
"34.00000","1.13338","1,509.14612","0.00517","0.00150","38.49077"
"34.10000","1.13660","1,510.94482","0.00518","0.00142","38.53665"
"34.20000","1.13996","1,515.06641","0.00520","0.00121","38.64177"
"34.30000","1.14332","1,517.35754","0.00521","0.00128","38.70020"
"34.40000","1.14654","1,520.52710","0.00526","0.00108","38.78104"
"34.50000","1.14998","1,523.91150","0.00527","0.00109","38.86736"
"34.60000","1.15349","1,527.98218","0.00531","0.00112","38.97118"
"34.70000","1.15663","1,530.02417","0.00532","0.00137","39.02327"
"34.80000","1.15999","1,532.73767","0.00532","0.00151","39.09247"
"34.90000","1.16343","1,535.99231","0.00537","0.00144","39.17548"
"35.00000","1.16649","1,538.72461","0.00536","0.00149","39.24517"
"35.10000","1.17001","1,541.56262","0.00537","0.00156","39.31755"
"35.20000","1.17337","1,545.01343","0.00540","0.00181","39.40557"
"35.30000","1.17666","1,548.20020","0.00541","0.00187","39.48684"
"35.40000","1.18002","1,550.29773","0.00547","0.00186","39.54034"
"35.50000","1.18338","1,553.69348","0.00543","0.00193","39.62695"
"35.60000","1.18675","1,557.46960","0.00544","0.00200","39.72326"
"35.70000","1.18989","1,559.35498","0.00552","0.00215","39.77135"
"35.80000","1.19325","1,562.33569","0.00547","0.00212","39.84737"
"35.90000","1.19676","1,565.91980","0.00550","0.00218","39.93878"
"36.00000","1.19990","1,568.43628","0.00553","0.00213","40.00296"
"36.10000","1.20341","1,571.86816","0.00552","0.00216","40.09050"
"36.20000","1.20678","1,575.11267","0.00553","0.00214","40.17325"
"36.30000","1.20984","1,578.01770","0.00555","0.00225","40.24734"
"36.40000","1.21335","1,581.47620","0.00560","0.00213","40.33555"
"36.50000","1.21672","1,583.27002","0.00558","0.00209","40.38130"
"36.60000","1.21993","1,586.82703","0.00562","0.00197","40.47202"
"36.70000","1.22337","1,589.38025","0.00560","0.00184","40.53714"
"36.80000","1.22673","1,592.63257","0.00563","0.00195","40.62009"
"36.90000","1.23002","1,595.47534","0.00563","0.00171","40.69260"
"37.00000","1.23323","1,597.79260","0.00565","0.00165","40.75170"
"37.10000","1.23660","1,601.61792","0.00567","0.00166","40.84926"
"37.20000","1.24003","1,604.39124","0.00567","0.00150","40.92000"
"37.30000","1.24317","1,607.11914","0.00573","0.00130","40.98957"
"37.40000","1.24676","1,610.23193","0.00572","0.00129","41.06896"
"37.50000","1.25012","1,613.69666","0.00575","0.00126","41.15733"
"37.60000","1.25319","1,615.34412","0.00579","0.00113","41.19935"
"37.70000","1.25670","1,619.14844","0.00581","0.00124","41.29638"
"37.80000","1.25999","1,621.27295","0.00581","0.00146","41.35056"
"37.90000","1.26320","1,623.52979","0.00584","0.00146","41.40813"
"38.00000","1.26664","1,627.32959","0.00585","0.00161","41.50504"
"38.10000","1.27000","1,629.85999","0.00587","0.00157","41.56958"
"38.20000","1.27337","1,633.26147","0.00589","0.00161","41.65633"
"38.30000","1.27666","1,636.00745","0.00590","0.00151","41.72637"
"38.40000","1.28002","1,638.19495","0.00591","0.00175","41.78216"
"38.50000","1.28331","1,641.79321","0.00592","0.00190","41.87394"
"38.60000","1.28652","1,644.55994","0.00592","0.00188","41.94450"
"38.70000","1.29003","1,647.73560","0.00594","0.00222","42.02549"
"38.80000","1.29340","1,651.14050","0.00596","0.00213","42.11234"
"38.90000","1.29661","1,652.69287","0.00598","0.00231","42.15193"
"39.00000","1.30012","1,656.42407","0.00600","0.00223","42.24709"
"39.10000","1.30341","1,659.16272","0.00599","0.00222","42.31694"
"39.20000","1.30663","1,661.27490","0.00602","0.00232","42.37082"
"39.30000","1.30999","1,664.14587","0.00603","0.00238","42.44404"
"39.40000","1.31335","1,667.62805","0.00604","0.00232","42.53285"
"39.50000","1.31664","1,669.90625","0.00605","0.00228","42.59096"
"39.60000","1.32000","1,672.71216","0.00606","0.00236","42.66252"
"39.70000","1.32337","1,676.53149","0.00609","0.00209","42.75993"
"39.80000","1.32665","1,678.43176","0.00612","0.00218","42.80840"
"39.90000","1.32987","1,681.52771","0.00612","0.00202","42.88736"
"40.00000","1.33331","1,683.75842","0.00614","0.00197","42.94426"
"40.10000","1.33667","1,687.43152","0.00618","0.00199","43.03794"
"40.20000","1.33996","1,689.71106","0.00617","0.00188","43.09608"
"40.30000","1.34340","1,692.13245","0.00621","0.00156","43.15784"
"40.40000","1.34676","1,696.10107","0.00622","0.00147","43.25906"
"40.50000","1.34997","1,698.32227","0.00624","0.00143","43.31571"
"40.60000","1.35326","1,700.86475","0.00626","0.00139","43.38055"
"40.70000","1.35662","1,702.85291","0.00626","0.00133","43.43126"
"40.80000","1.35991","1,706.50537","0.00628","0.00128","43.52442"
"40.90000","1.36328","1,708.98975","0.00631","0.00134","43.58778"
"41.00000","1.36679","1,711.61499","0.00633","0.00142","43.65474"
"41.10000","1.37000","1,713.47949","0.00635","0.00172","43.70229"
"41.20000","1.37329","1,716.65527","0.00637","0.00169","43.78329"
"41.30000","1.37665","1,720.02612","0.00639","0.00168","43.86926"
"41.40000","1.38002","1,723.35022","0.00637","0.00169","43.95404"
"41.50000","1.38323","1,725.09863","0.00641","0.00174","43.99864"
"41.60000","1.38667","1,728.43604","0.00641","0.00186","44.08376"
"41.70000","1.39011","1,730.91064","0.00643","0.00205","44.14687"
"41.80000","1.39332","1,733.92041","0.00643","0.00223","44.22364"
"41.90000","1.39668","1,736.34033","0.00644","0.00225","44.28536"
"42.00000","1.40012","1,738.45789","0.00647","0.00244","44.33937"
"42.10000","1.40326","1,741.85535","0.00646","0.00243","44.42602"
"42.20000","1.40662","1,743.48071","0.00648","0.00237","44.46747"
"42.30000","1.41006","1,747.51990","0.00650","0.00231","44.57049"
"42.40000","1.41327","1,748.70007","0.00653","0.00234","44.60059"
"42.50000","1.41664","1,751.94250","0.00653","0.00244","44.68329"
"42.60000","1.42008","1,754.81909","0.00656","0.00245","44.75666"
"42.70000","1.42329","1,757.58679","0.00654","0.00235","44.82725"
"42.80000","1.42658","1,759.89246","0.00658","0.00239","44.88605"
"42.90000","1.42994","1,763.62061","0.00659","0.00230","44.98114"
"43.00000","1.43338","1,765.11401","0.00661","0.00217","45.01923"
"43.10000","1.43659","1,768.11316","0.00662","0.00214","45.09573"
"43.20000","1.43996","1,770.78357","0.00666","0.00204","45.16383"
"43.30000","1.44347","1,774.39954","0.00667","0.00201","45.25606"
"43.40000","1.44653","1,776.76794","0.00670","0.00196","45.31646"
"43.50000","1.44997","1,778.78723","0.00669","0.00189","45.36797"
"43.60000","1.45341","1,781.93188","0.00674","0.00152","45.44817"
"43.70000","1.45662","1,784.66602","0.00675","0.00151","45.51791"
"43.80000","1.46006","1,786.72229","0.00676","0.00147","45.57035"
"43.90000","1.46342","1,790.61792","0.00678","0.00146","45.66971"
"44.00000","1.46671","1,792.44556","0.00681","0.00139","45.71632"
"44.10000","1.46993","1,794.74634","0.00681","0.00143","45.77501"
"44.20000","1.47321","1,797.71692","0.00682","0.00168","45.85077"
"44.30000","1.47665","1,800.50842","0.00684","0.00173","45.92197"
"44.40000","1.47987","1,802.97192","0.00686","0.00178","45.98480"
"44.50000","1.48330","1,805.42334","0.00687","0.00180","46.04732"
"44.60000","1.48682","1,808.92371","0.00689","0.00202","46.13660"
"44.70000","1.48988","1,810.55518","0.00688","0.00210","46.17821"
"44.80000","1.49339","1,813.35327","0.00691","0.00226","46.24957"
"44.90000","1.49676","1,816.43335","0.00691","0.00244","46.32813"
"45.00000","1.49982","1,817.74146","0.00692","0.00243","46.36149"
"45.10000","1.50326","1,821.15942","0.00694","0.00247","46.44867"
"45.20000","1.50670","1,823.21887","0.00695","0.00248","46.50119"
"45.30000","1.50998","1,825.72449","0.00696","0.00264","46.56510"
"45.40000","1.51342","1,828.97339","0.00700","0.00264","46.64796"
"45.50000","1.51671","1,831.22754","0.00700","0.00250","46.70546"
"45.60000","1.52007","1,833.63013","0.00703","0.00253","46.76674"
"45.70000","1.52321","1,835.27625","0.00703","0.00258","46.80872"
"45.80000","1.52665","1,838.84033","0.00704","0.00256","46.89962"
"45.90000","1.53009","1,841.51941","0.00706","0.00248","46.96795"
"46.00000","1.53323","1,843.25964","0.00709","0.00241","47.01234"
"46.10000","1.53674","1,846.36121","0.00710","0.00239","47.09144"
"46.20000","1.54010","1,849.13257","0.00712","0.00230","47.16212"
"46.30000","1.54317","1,851.11316","0.00714","0.00227","47.21264"
"46.40000","1.54675","1,854.42358","0.00715","0.00224","47.29707"
"46.50000","1.54997","1,856.56812","0.00721","0.00205","47.35177"
"46.60000","1.55326","1,859.03809","0.00720","0.00191","47.41476"
"46.70000","1.55669","1,861.37500","0.00724","0.00187","47.47437"
"46.80000","1.56006","1,864.57263","0.00725","0.00177","47.55592"
"46.90000","1.56335","1,866.15698","0.00727","0.00162","47.59633"
"47.00000","1.56656","1,868.88953","0.00726","0.00158","47.66603"
"47.10000","1.56992","1,871.59277","0.00730","0.00156","47.73497"
"47.20000","1.57336","1,874.14941","0.00729","0.00161","47.80018"
"47.30000","1.57650","1,876.55273","0.00731","0.00167","47.86148"
"47.40000","1.58009","1,878.55029","0.00733","0.00182","47.91242"
"47.50000","1.58345","1,882.13049","0.00733","0.00188","48.00373"
"47.60000","1.58659","1,883.62109","0.00735","0.00195","48.04176"
"47.70000","1.59003","1,886.06775","0.00735","0.00216","48.10416"
"47.80000","1.59339","1,888.31445","0.00737","0.00233","48.16146"
"47.90000","1.59653","1,891.18164","0.00740","0.00239","48.23458"
"48.00000","1.59997","1,893.70190","0.00742","0.00248","48.29887"
"48.10000","1.60333","1,895.70618","0.00741","0.00260","48.34998"
"48.20000","1.60669","1,897.90088","0.00743","0.00267","48.40596"
"48.30000","1.60998","1,900.32251","0.00746","0.00261","48.46772"
"48.40000","1.61335","1,902.19568","0.00746","0.00276","48.51550"
"48.50000","1.61671","1,905.56665","0.00747","0.00279","48.60147"
"48.60000","1.61985","1,907.37561","0.00749","0.00266","48.64761"
"48.70000","1.62329","1,909.68384","0.00752","0.00256","48.70649"
"48.80000","1.62672","1,912.42139","0.00754","0.00254","48.77631"
"48.90000","1.62994","1,914.89722","0.00756","0.00275","48.83945"
"49.00000","1.63345","1,917.58093","0.00757","0.00267","48.90790"
"49.10000","1.63674","1,919.16418","0.00760","0.00267","48.94828"
"49.20000","1.63988","1,921.40527","0.00761","0.00256","49.00544"
"49.30000","1.64324","1,924.73718","0.00762","0.00252","49.09042"
"49.40000","1.64660","1,926.20813","0.00766","0.00248","49.12794"
"49.50000","1.64989","1,929.01660","0.00769","0.00238","49.19957"
"49.60000","1.65325","1,930.84387","0.00769","0.00239","49.24617"
"49.70000","1.65677","1,934.02148","0.00770","0.00202","49.32722"
"49.80000","1.66006","1,935.90564","0.00770","0.00195","49.37527"
"49.90000","1.66319","1,938.89941","0.00773","0.00183","49.45163"
"50.00000","1.66663","1,940.90881","0.00774","0.00173","49.50288"
"50.10000","1.67007","1,943.38855","0.00775","0.00174","49.56612"
"50.20000","1.67328","1,945.62244","0.00778","0.00168","49.62310"
"50.30000","1.67672","1,948.14783","0.00781","0.00159","49.68751"
"50.40000","1.68009","1,949.89819","0.00780","0.00176","49.73215"
"50.50000","1.68330","1,952.24170","0.00781","0.00187","49.79192"
"50.60000","1.68666","1,954.61401","0.00785","0.00215","49.85243"
"50.70000","1.69003","1,956.87158","0.00783","0.00225","49.91001"
"50.80000","1.69324","1,960.16675","0.00786","0.00259","49.99405"
"50.90000","1.69660","1,962.18774","0.00788","0.00256","50.04560"
"51.00000","1.70011","1,964.94324","0.00787","0.00260","50.11588"
"51.10000","1.70340","1,967.10583","0.00789","0.00266","50.17103"
"51.20000","1.70662","1,969.12231","0.00794","0.00278","50.22246"
"51.30000","1.70998","1,971.79895","0.00792","0.00279","50.29073"
"51.40000","1.71334","1,974.15857","0.00793","0.00287","50.35091"
"51.50000","1.71656","1,976.41528","0.00795","0.00287","50.40847"
"51.60000","1.71999","1,978.39404","0.00798","0.00296","50.45894"
"51.70000","1.72343","1,980.97766","0.00799","0.00295","50.52483"
"51.80000","1.72665","1,984.06116","0.00804","0.00299","50.60348"
"51.90000","1.73001","1,985.89893","0.00806","0.00309","50.65035"
"52.00000","1.73345","1,988.97681","0.00803","0.00284","50.72885"
"52.10000","1.73659","1,990.37170","0.00808","0.00288","50.76443"
"52.20000","1.73995","1,993.75952","0.00808","0.00279","50.85083"
"52.30000","1.74339","1,995.10217","0.00812","0.00270","50.88508"
"52.40000","1.74660","1,998.16919","0.00812","0.00266","50.96330"
"52.50000","1.75004","2,000.68506","0.00813","0.00265","51.02747"
"52.60000","1.75348","2,002.64563","0.00817","0.00254","51.07748"
"52.70000","1.75669","2,005.01868","0.00818","0.00231","51.13800"
"52.80000","1.75990","2,006.71594","0.00820","0.00221","51.18129"
"52.90000","1.76327","2,009.19336","0.00818","0.00209","51.24448"
"53.00000","1.76663","2,011.44202","0.00822","0.00207","51.30183"
"53.10000","1.76984","2,013.48743","0.00829","0.00201","51.35400"
"53.20000","1.77328","2,015.98572","0.00828","0.00203","51.41771"
"53.30000","1.77679","2,018.27283","0.00828","0.00173","51.47605"
"53.40000","1.77986","2,021.00122","0.00828","0.00172","51.54564"
"53.50000","1.78330","2,022.56348","0.00827","0.00184","51.58548"
"53.60000","1.78666","2,025.44873","0.00837","0.00204","51.65907"
"53.70000","1.78987","2,028.81995","0.00837","0.00229","51.74505"
"53.80000","1.79331","2,030.59705","0.00832","0.00241","51.79037"
"53.90000","1.79675","2,032.95911","0.00838","0.00249","51.85062"
"54.00000","1.80004","2,035.47546","0.00840","0.00268","51.91480"
"54.10000","1.80333","2,037.29993","0.00838","0.00273","51.96133"
"54.20000","1.80661","2,039.70630","0.00842","0.00285","52.02271"
"54.30000","1.81005","2,041.34583","0.00842","0.00280","52.06452"
"54.40000","1.81319","2,042.85901","0.00842","0.00286","52.10312"
"54.50000","1.81663","2,046.29932","0.00846","0.00294","52.19086"
"54.60000","1.82022","2,047.75049","0.00849","0.00306","52.22787"
"54.70000","1.82328","2,050.42798","0.00853","0.00307","52.29616"
"54.80000","1.82672","2,052.83423","0.00853","0.00304","52.35754"
"54.90000","1.83008","2,055.28540","0.00847","0.00305","52.42005"
"55.00000","1.83315","2,057.64185","0.00852","0.00309","52.48015"
"55.10000","1.83666","2,059.71851","0.00856","0.00308","52.53312"
"55.20000","1.84002","2,063.08179","0.00860","0.00299","52.61890"
"55.30000","1.84331","2,065.16211","0.00861","0.00280","52.67196"
"55.40000","1.84667","2,066.55884","0.00866","0.00280","52.70758"
"55.50000","1.85004","2,069.33325","0.00867","0.00284","52.77834"
"55.60000","1.85340","2,071.92480","0.00865","0.00275","52.84444"
"55.70000","1.85654","2,072.72461","0.00870","0.00267","52.86484"
"55.80000","1.85998","2,075.89673","0.00869","0.00264","52.94574"
"55.90000","1.86334","2,078.11768","0.00867","0.00238","53.00239"
"56.00000","1.86655","2,079.96265","0.00874","0.00236","53.04945"
"56.10000","1.87007","2,081.98730","0.00872","0.00213","53.10109"
"56.20000","1.87343","2,085.18164","0.00879","0.00209","53.18256"
"56.30000","1.87657","2,086.82617","0.00881","0.00211","53.22450"
"56.40000","1.88001","2,088.20190","0.00881","0.00203","53.25959"
"56.50000","1.88329","2,090.51074","0.00878","0.00197","53.31847"
"56.60000","1.88658","2,093.09644","0.00878","0.00192","53.38442"
"56.70000","1.89002","2,095.15479","0.00886","0.00210","53.43692"
"56.80000","1.89331","2,097.97998","0.00888","0.00218","53.50898"
"56.90000","1.89675","2,100.16040","0.00889","0.00260","53.56459"
"57.00000","1.89989","2,101.99438","0.00890","0.00273","53.61137"
"57.10000","1.90332","2,103.83203","0.00888","0.00274","53.65823"
"57.20000","1.90669","2,106.55078","0.00889","0.00281","53.72758"
"57.30000","1.90983","2,108.30029","0.00889","0.00294","53.77220"
"57.40000","1.91334","2,110.76636","0.00891","0.00298","53.83509"
"57.50000","1.91678","2,113.38745","0.00898","0.00302","53.90194"
"57.60000","1.91992","2,114.82373","0.00897","0.00302","53.93858"
"57.70000","1.92335","2,116.90186","0.00903","0.00310","53.99158"
"57.80000","1.92664","2,118.57422","0.00905","0.00314","54.03423"
"57.90000","1.92986","2,121.28711","0.00903","0.00318","54.10342"
"58.00000","1.93329","2,123.23169","0.00902","0.00319","54.15302"
"58.10000","1.93666","2,125.50659","0.00906","0.00323","54.21104"
"58.20000","1.94002","2,128.66504","0.00908","0.00322","54.29160"
"58.30000","1.94331","2,130.32935","0.00910","0.00321","54.33405"
"58.40000","1.94675","2,132.36987","0.00911","0.00323","54.38609"
"58.50000","1.95004","2,135.08203","0.00912","0.00296","54.45527"
"58.60000","1.95317","2,135.44116","0.00915","0.00299","54.46442"
"58.70000","1.95669","2,139.26001","0.00916","0.00295","54.56182"
"58.80000","1.96005","2,140.63696","0.00922","0.00291","54.59694"
"58.90000","1.96334","2,143.29541","0.00922","0.00285","54.66475"
"59.00000","1.96678","2,145.39771","0.00924","0.00278","54.71836"
"59.10000","1.97006","2,147.21167","0.00925","0.00243","54.76463"
"59.20000","1.97328","2,149.20825","0.00929","0.00241","54.81556"
"59.30000","1.97664","2,151.25928","0.00930","0.00231","54.86787"
"59.40000","1.97993","2,153.09058","0.00929","0.00228","54.91457"
"59.50000","1.98329","2,155.39111","0.00933","0.00216","54.97325"
"59.60000","1.98658","2,157.38892","0.00930","0.00211","55.02420"
"59.70000","1.99009","2,159.79517","0.00930","0.00203","55.08558"
"59.80000","1.99338","2,162.03467","0.00931","0.00208","55.14269"
"59.90000","1.99652","2,163.55005","0.00934","0.00229","55.18134"
"60.00000","1.99996","2,165.96753","0.00935","0.00249","55.24300"
"60.10000","2.00332","2,167.65308","0.00941","0.00281","55.28599"
"60.20000","2.00654","2,169.74414","0.00941","0.00287","55.33932"
"60.30000","2.00997","2,172.45947","0.00943","0.00296","55.40858"
"60.40000","2.01341","2,173.95679","0.00943","0.00302","55.44677"
"60.50000","2.01663","2,176.84106","0.00946","0.00308","55.52033"
"60.60000","2.01999","2,178.92212","0.00944","0.00318","55.57341"
"60.70000","2.02343","2,180.65308","0.00943","0.00324","55.61755"
"60.80000","2.02657","2,182.02026","0.00944","0.00321","55.65242"
"60.90000","2.02993","2,184.88354","0.00947","0.00322","55.72545"
"61.00000","2.03344","2,186.82251","0.00949","0.00324","55.77491"
"61.10000","2.03673","2,190.07202","0.00952","0.00324","55.85778"
"61.20000","2.03994","2,190.40234","0.00956","0.00330","55.86621"
"61.30000","2.04338","2,193.55420","0.00954","0.00338","55.94660"
"61.40000","2.04674","2,196.23315","0.00960","0.00339","56.01492"
"61.50000","2.04988","2,196.93213","0.00965","0.00330","56.03275"
"61.60000","2.05332","2,199.82520","0.00964","0.00346","56.10654"
"61.70000","2.05676","2,202.32202","0.00970","0.00317","56.17022"
"61.80000","2.05997","2,203.91797","0.00971","0.00324","56.21093"
"61.90000","2.06334","2,204.90161","0.00968","0.00304","56.23601"
"62.00000","2.06677","2,207.96606","0.00968","0.00300","56.31417"
"62.10000","2.06984","2,209.74097","0.00971","0.00292","56.35944"
"62.20000","2.07320","2,211.92456","0.00969","0.00265","56.41513"
"62.30000","2.07671","2,213.24927","0.00972","0.00246","56.44892"
"62.40000","2.07993","2,216.32373","0.00973","0.00236","56.52734"
"62.50000","2.08337","2,217.88159","0.00976","0.00235","56.56707"
"62.60000","2.08673","2,220.41919","0.00976","0.00241","56.63179"
"62.70000","2.09002","2,223.20532","0.00981","0.00228","56.70285"
"62.80000","2.09323","2,224.16382","0.00983","0.00224","56.72729"
"62.90000","2.09659","2,226.19385","0.00982","0.00235","56.77907"
"63.00000","2.10003","2,229.11377","0.00982","0.00243","56.85355"
"63.10000","2.10317","2,230.01807","0.00984","0.00261","56.87661"
"63.20000","2.10668","2,232.35767","0.00986","0.00285","56.93628"
"63.30000","2.11020","2,235.26294","0.00984","0.00295","57.01038"
"63.40000","2.11326","2,235.78198","0.00990","0.00305","57.02362"
"63.50000","2.11662","2,238.24292","0.00991","0.00318","57.08638"
"63.60000","2.12006","2,240.86865","0.00994","0.00313","57.15335"
"63.70000","2.12320","2,242.38477","0.00999","0.00322","57.19202"
"63.80000","2.12664","2,244.81738","0.01000","0.00328","57.25407"
"63.90000","2.13000","2,246.80127","0.00999","0.00336","57.30466"
"64.00000","2.13336","2,249.08472","0.01004","0.00336","57.36290"
"64.10000","2.13665","2,250.59302","0.01002","0.00334","57.40137"
"64.20000","2.13994","2,253.18188","0.01002","0.00339","57.46740"
"64.30000","2.14338","2,255.62915","0.01002","0.00339","57.52982"
"64.40000","2.14652","2,256.83374","0.01003","0.00338","57.56054"
"64.50000","2.14996","2,258.42603","0.01001","0.00339","57.60115"
"64.60000","2.15347","2,261.25269","0.01009","0.00341","57.67325"
"64.70000","2.15653","2,263.33838","0.01007","0.00344","57.72644"
"64.80000","2.16005","2,265.69360","0.01005","0.00339","57.78651"
"64.90000","2.16341","2,267.74170","0.01014","0.00327","57.83875"
"65.00000","2.16655","2,269.60303","0.01012","0.00320","57.88622"
"65.10000","2.17006","2,272.01733","0.01011","0.00318","57.94780"
"65.20000","2.17335","2,274.19873","0.01013","0.00281","58.00344"
"65.30000","2.17664","2,276.20947","0.01018","0.00283","58.05472"
"65.40000","2.18000","2,277.85156","0.01016","0.00272","58.09660"
"65.50000","2.18336","2,280.52051","0.01020","0.00256","58.16467"
"65.60000","2.18673","2,281.88574","0.01026","0.00249","58.19949"
"65.70000","2.18987","2,283.61548","0.01022","0.00240","58.24361"
"65.80000","2.19330","2,285.80371","0.01026","0.00245","58.29942"
"65.90000","2.19667","2,287.75684","0.01026","0.00234","58.34924"
"66.00000","2.19988","2,289.81958","0.01031","0.00250","58.40185"
"66.10000","2.20339","2,292.03149","0.01029","0.00248","58.45826"
"66.20000","2.20676","2,293.99829","0.01028","0.00252","58.50842"
"66.30000","2.20997","2,295.94067","0.01030","0.00286","58.55796"
"66.40000","2.21333","2,297.02759","0.01033","0.00302","58.58569"
"66.50000","2.21655","2,300.09619","0.01034","0.00308","58.66395"
"66.60000","2.21991","2,302.26025","0.01039","0.00311","58.71915"
"66.70000","2.22327","2,303.78906","0.01036","0.00314","58.75814"
"66.80000","2.22671","2,305.45972","0.01041","0.00323","58.80075"
"66.90000","2.23015","2,307.92749","0.01043","0.00329","58.86369"
"67.00000","2.23329","2,309.58447","0.01044","0.00336","58.90595"
"67.10000","2.23665","2,311.79834","0.01045","0.00334","58.96241"
"67.20000","2.24009","2,313.50146","0.01047","0.00345","59.00585"
"67.30000","2.24315","2,315.77979","0.01047","0.00346","59.06396"
"67.40000","2.24674","2,317.30249","0.01048","0.00348","59.10280"
"67.50000","2.25010","2,319.85400","0.01057","0.00346","59.16787"
"67.60000","2.25332","2,322.38965","0.01054","0.00358","59.23254"
"67.70000","2.25676","2,323.85352","0.01060","0.00354","59.26988"
"67.80000","2.26004","2,326.00415","0.01055","0.00343","59.32473"
"67.90000","2.26333","2,327.79321","0.01061","0.00350","59.37037"
"68.00000","2.26662","2,328.74878","0.01060","0.00352","59.39473"
"68.10000","2.26991","2,331.41846","0.01060","0.00324","59.46283"
"68.20000","2.27335","2,334.27856","0.01061","0.00330","59.53577"
"68.30000","2.27664","2,335.05249","0.01062","0.00321","59.55551"
"68.40000","2.28007","2,337.86963","0.01064","0.00299","59.62736"
"68.50000","2.28336","2,339.59399","0.01068","0.00277","59.67134"
"68.60000","2.28650","2,341.25244","0.01070","0.00282","59.71364"
"68.70000","2.29001","2,343.68848","0.01073","0.00266","59.77577"
"68.80000","2.29338","2,345.94507","0.01073","0.00255","59.83333"
"68.90000","2.29659","2,347.39453","0.01077","0.00261","59.87030"
"69.00000","2.30010","2,349.58765","0.01076","0.00256","59.92623"
"69.10000","2.30347","2,351.35254","0.01081","0.00249","59.97124"
"69.20000","2.30660","2,353.39624","0.01078","0.00248","60.02337"
"69.30000","2.30997","2,355.02124","0.01076","0.00262","60.06482"
"69.40000","2.31333","2,357.36230","0.01083","0.00261","60.12452"
"69.50000","2.31662","2,359.67407","0.01087","0.00302","60.18348"
"69.60000","2.31991","2,361.60498","0.01089","0.00317","60.23273"
"69.70000","2.32342","2,363.72192","0.01090","0.00325","60.28672"
"69.80000","2.32671","2,365.36060","0.01092","0.00324","60.32852"
"69.90000","2.32992","2,366.58496","0.01094","0.00334","60.35975"
"70.00000","2.33336","2,369.53149","0.01094","0.00333","60.43490"
"70.10000","2.33672","2,371.41016","0.01091","0.00341","60.48281"
"70.20000","2.33986","2,373.03442","0.01093","0.00350","60.52424"
"70.30000","2.34330","2,374.85498","0.01095","0.00349","60.57067"
"70.40000","2.34681","2,377.41211","0.01097","0.00349","60.63589"
"70.50000","2.35003","2,379.04590","0.01098","0.00359","60.67756"
"70.60000","2.35332","2,380.45801","0.01105","0.00351","60.71358"
"70.70000","2.35668","2,382.06226","0.01100","0.00362","60.75449"
"70.80000","2.35989","2,384.45654","0.01108","0.00361","60.81556"
"70.90000","2.36318","2,386.72192","0.01108","0.00363","60.87334"
"71.00000","2.36669","2,388.68848","0.01112","0.00359","60.92350"
"71.10000","2.36998","2,390.82837","0.01111","0.00360","60.97808"
"71.20000","2.37327","2,392.08643","0.01105","0.00359","61.01016"
"71.30000","2.37671","2,394.91455","0.01111","0.00347","61.08229"
"71.40000","2.38000","2,396.89600","0.01109","0.00340","61.13283"
"71.50000","2.38321","2,398.01733","0.01111","0.00303","61.16143"
"71.60000","2.38665","2,400.61499","0.01110","0.00296","61.22768"
"71.70000","2.39009","2,402.13574","0.01115","0.00288","61.26647"
"71.80000","2.39330","2,404.08813","0.01119","0.00285","61.31627"
"71.90000","2.39674","2,406.26025","0.01123","0.00278","61.37167"
"72.00000","2.40010","2,408.35791","0.01120","0.00270","61.42517"
"72.10000","2.40324","2,409.88770","0.01123","0.00265","61.46418"
"72.20000","2.40660","2,411.74951","0.01124","0.00257","61.51167"
"72.30000","2.41004","2,414.33813","0.01124","0.00259","61.57769"
"72.40000","2.41325","2,416.95166","0.01128","0.00268","61.64435"
"72.50000","2.41662","2,417.66016","0.01130","0.00262","61.66242"
"72.60000","2.42006","2,419.84839","0.01135","0.00262","61.71823"
"72.70000","2.42342","2,422.47217","0.01131","0.00298","61.78515"
"72.80000","2.42656","2,422.82275","0.01135","0.00332","61.79409"
"72.90000","2.42992","2,425.75806","0.01137","0.00345","61.86896"
"73.00000","2.43336","2,427.48975","0.01140","0.00352","61.91312"
"73.10000","2.43650","2,430.16040","0.01142","0.00350","61.98124"
"73.20000","2.44001","2,431.28247","0.01135","0.00351","62.00986"
"73.30000","2.44345","2,432.61572","0.01142","0.00351","62.04386"
"73.40000","2.44659","2,435.21582","0.01141","0.00355","62.11018"
"73.50000","2.45002","2,437.11572","0.01142","0.00361","62.15863"
"73.60000","2.45339","2,438.82153","0.01147","0.00357","62.20214"
"73.70000","2.45660","2,440.87183","0.01145","0.00361","62.25443"
"73.80000","2.45996","2,442.39819","0.01151","0.00368","62.29336"
"73.90000","2.46333","2,444.71997","0.01151","0.00372","62.35258"
"74.00000","2.46677","2,446.84082","0.01150","0.00377","62.40667"
"74.10000","2.47005","2,448.54907","0.01152","0.00372","62.45024"
"74.20000","2.47334","2,450.99951","0.01155","0.00372","62.51274"
"74.30000","2.47678","2,452.27637","0.01153","0.00378","62.54531"
"74.40000","2.47984","2,454.51978","0.01157","0.00372","62.60252"
"74.50000","2.48328","2,456.74561","0.01158","0.00351","62.65929"
"74.60000","2.48680","2,458.05420","0.01159","0.00347","62.69267"
"74.70000","2.48993","2,459.16797","0.01159","0.00318","62.72108"
"74.80000","2.49337","2,462.06396","0.01162","0.00312","62.79494"
"74.90000","2.49674","2,464.15381","0.01164","0.00311","62.84824"
"75.00000","2.49995","2,465.19165","0.01168","0.00291","62.87471"
"75.10000","2.50339","2,467.25342","0.01172","0.00291","62.92730"
"75.20000","2.50660","2,469.34692","0.01175","0.00284","62.98069"
"75.30000","2.50996","2,471.39551","0.01173","0.00281","63.03294"
"75.40000","2.51325","2,473.12915","0.01173","0.00277","63.07716"
"75.50000","2.51669","2,475.30591","0.01177","0.00280","63.13268"
"75.60000","2.52013","2,477.98315","0.01176","0.00277","63.20096"
"75.70000","2.52319","2,479.17725","0.01179","0.00280","63.23141"
"75.80000","2.52663","2,481.63428","0.01180","0.00279","63.29408"
"75.90000","2.53007","2,482.67529","0.01182","0.00309","63.32063"
"76.00000","2.53313","2,484.67432","0.01183","0.00345","63.37162"
"76.10000","2.53672","2,486.81543","0.01184","0.00356","63.42622"
"76.20000","2.54016","2,489.63232","0.01187","0.00369","63.49807"
"76.30000","2.54330","2,490.91748","0.01188","0.00365","63.53085"
"76.40000","2.54673","2,492.16504","0.01188","0.00371","63.56267"
"76.50000","2.54995","2,494.54248","0.01188","0.00367","63.62330"
"76.60000","2.55331","2,496.89307","0.01186","0.00369","63.68325"
"76.70000","2.55660","2,498.80591","0.01192","0.00370","63.73204"
"76.80000","2.55996","2,499.68555","0.01192","0.00376","63.75448"
"76.90000","2.56340","2,502.55493","0.01196","0.00376","63.82766"
"77.00000","2.56661","2,504.07349","0.01193","0.00377","63.86639"
"77.10000","2.57005","2,505.20288","0.01197","0.00384","63.89520"
"77.20000","2.57334","2,508.09351","0.01198","0.00378","63.96892"
"77.30000","2.57648","2,509.33765","0.01202","0.00386","64.00066"
"77.40000","2.57999","2,510.62427","0.01201","0.00385","64.03347"
"77.50000","2.58343","2,513.17651","0.01205","0.00385","64.09856"
"77.60000","2.58664","2,514.67554","0.01207","0.00395","64.13680"
"77.70000","2.59008","2,517.06348","0.01210","0.00386","64.19770"
"77.80000","2.59337","2,519.31079","0.01214","0.00340","64.25502"
"77.90000","2.59666","2,520.44507","0.01213","0.00333","64.28395"
"78.00000","2.59995","2,522.30591","0.01213","0.00328","64.33141"
"78.10000","2.60331","2,525.13867","0.01215","0.00323","64.40366"
"78.20000","2.60675","2,526.52808","0.01219","0.00312","64.43909"
"78.30000","2.60996","2,528.05811","0.01219","0.00303","64.47812"
"78.40000","2.61340","2,530.26733","0.01222","0.00290","64.53446"
"78.50000","2.61676","2,531.83594","0.01224","0.00289","64.57447"
"78.60000","2.61983","2,532.85840","0.01225","0.00284","64.60055"
"78.70000","2.62334","2,535.59546","0.01228","0.00284","64.67036"
"78.80000","2.62670","2,536.43140","0.01230","0.00284","64.69168"
"78.90000","2.62984","2,538.46045","0.01228","0.00290","64.74343"
"79.00000","2.63335","2,541.61792","0.01230","0.00300","64.82396"
"79.10000","2.63679","2,543.36621","0.01232","0.00323","64.86855"
"79.20000","2.64001","2,545.02563","0.01234","0.00345","64.91087"
"79.30000","2.64329","2,546.74512","0.01233","0.00362","64.95473"
"79.40000","2.64666","2,549.05957","0.01233","0.00370","65.01376"
"79.50000","2.64995","2,550.12207","0.01236","0.00376","65.04086"
"79.60000","2.65323","2,552.05420","0.01237","0.00369","65.09014"
"79.70000","2.65675","2,554.27759","0.01238","0.00368","65.14685"
"79.80000","2.66004","2,555.78931","0.01241","0.00373","65.18540"
"79.90000","2.66332","2,558.15454","0.01241","0.00377","65.24573"
"80.00000","2.66669","2,559.22778","0.01243","0.00376","65.27310"
"80.10000","2.66998","2,561.22754","0.01244","0.00387","65.32410"
"80.20000","2.67319","2,563.33936","0.01247","0.00385","65.37797"
"80.30000","2.67670","2,564.97290","0.01252","0.00388","65.41963"
"80.40000","2.68014","2,566.98608","0.01250","0.00391","65.47098"
"80.50000","2.68328","2,568.83252","0.01256","0.00392","65.51807"
"80.60000","2.68664","2,570.17261","0.01254","0.00393","65.55225"
"80.70000","2.69008","2,572.29077","0.01255","0.00398","65.60627"
"80.80000","2.69322","2,574.21387","0.01259","0.00400","65.65532"
"80.90000","2.69658","2,575.27393","0.01259","0.00397","65.68236"
"81.00000","2.70002","2,577.66455","0.01265","0.00347","65.74333"
"81.10000","2.70331","2,580.41577","0.01265","0.00343","65.81350"
"81.20000","2.70660","2,581.52734","0.01269","0.00337","65.84185"
"81.30000","2.71011","2,584.10547","0.01272","0.00329","65.90761"
"81.40000","2.71340","2,585.51904","0.01276","0.00323","65.94366"
"81.50000","2.71654","2,587.18848","0.01271","0.00313","65.98624"
"81.60000","2.71997","2,588.23633","0.01277","0.00304","66.01296"
"81.70000","2.72334","2,591.48486","0.01276","0.00298","66.09582"
"81.80000","2.72655","2,592.66162","0.01281","0.00298","66.12583"
"81.90000","2.72999","2,594.65430","0.01280","0.00300","66.17666"
"82.00000","2.73343","2,597.43726","0.01286","0.00298","66.24763"
"82.10000","2.73657","2,597.62378","0.01284","0.00293","66.25240"
"82.20000","2.74000","2,599.80884","0.01282","0.00312","66.30812"
"82.30000","2.74329","2,602.44897","0.01284","0.00329","66.37546"
"82.40000","2.74666","2,603.74854","0.01288","0.00351","66.40861"
"82.50000","2.74994","2,605.16675","0.01292","0.00361","66.44478"
"82.60000","2.75338","2,608.39453","0.01293","0.00384","66.52710"
"82.70000","2.75675","2,609.91821","0.01293","0.00383","66.56596"
"82.80000","2.75996","2,611.39990","0.01294","0.00388","66.60375"
"82.90000","2.76332","2,613.70288","0.01295","0.00389","66.66249"
"83.00000","2.76676","2,615.69458","0.01292","0.00387","66.71329"
"83.10000","2.76990","2,617.04907","0.01301","0.00388","66.74783"
"83.20000","2.77334","2,618.66260","0.01300","0.00383","66.78899"
"83.30000","2.77677","2,620.18701","0.01300","0.00394","66.82787"
"83.40000","2.77991","2,623.14868","0.01300","0.00395","66.90340"
"83.50000","2.78335","2,624.60303","0.01305","0.00396","66.94050"
"83.60000","2.78664","2,626.06567","0.01310","0.00397","66.97781"
"83.70000","2.78985","2,628.03174","0.01311","0.00403","67.02795"
"83.80000","2.79329","2,630.10034","0.01313","0.00405","67.08070"
"83.90000","2.79665","2,631.54199","0.01312","0.00409","67.11748"
"84.00000","2.80002","2,633.55493","0.01317","0.00396","67.16882"
"84.10000","2.80323","2,635.03271","0.01318","0.00385","67.20650"
"84.20000","2.80667","2,637.17090","0.01321","0.00355","67.26104"
"84.30000","2.81011","2,639.67822","0.01318","0.00349","67.32499"
"84.40000","2.81317","2,640.80005","0.01321","0.00338","67.35360"
"84.50000","2.81661","2,642.82227","0.01329","0.00343","67.40518"
"84.60000","2.82012","2,645.22192","0.01329","0.00331","67.46638"
"84.70000","2.82326","2,646.28687","0.01330","0.00329","67.49355"
"84.80000","2.82677","2,648.87012","0.01329","0.00312","67.55943"
"84.90000","2.83014","2,650.25171","0.01328","0.00312","67.59467"
"85.00000","2.83328","2,651.82495","0.01331","0.00302","67.63480"
"85.10000","2.83664","2,653.86450","0.01332","0.00298","67.68681"
"85.20000","2.83993","2,655.19946","0.01338","0.00309","67.72086"
"85.30000","2.84329","2,657.29004","0.01338","0.00307","67.77418"
"85.40000","2.84658","2,659.16870","0.01342","0.00303","67.82210"
"85.50000","2.85002","2,660.61377","0.01339","0.00325","67.85895"
"85.60000","2.85345","2,663.50610","0.01343","0.00353","67.93272"
"85.70000","2.85652","2,664.52759","0.01347","0.00372","67.95877"
"85.80000","2.85996","2,666.77539","0.01350","0.00384","68.01611"
"85.90000","2.86332","2,668.29297","0.01351","0.00391","68.05481"
"86.00000","2.86646","2,669.90747","0.01345","0.00394","68.09599"
"86.10000","2.87005","2,672.62183","0.01348","0.00390","68.16521"
"86.20000","2.87341","2,674.04663","0.01355","0.00384","68.20155"
"86.30000","2.87662","2,675.53809","0.01355","0.00385","68.23959"
"86.40000","2.88006","2,677.71802","0.01357","0.00395","68.29520"
"86.50000","2.88335","2,679.14746","0.01356","0.00394","68.33165"
"86.60000","2.88664","2,681.75391","0.01361","0.00400","68.39813"
"86.70000","2.88993","2,683.24658","0.01365","0.00402","68.43620"
"86.80000","2.89336","2,684.92188","0.01359","0.00407","68.47893"
"86.90000","2.89680","2,686.90405","0.01362","0.00402","68.52949"
"87.00000","2.89994","2,688.42065","0.01365","0.00408","68.56817"
"87.10000","2.90338","2,690.66211","0.01366","0.00414","68.62534"
"87.20000","2.90674","2,693.29443","0.01366","0.00393","68.69247"
"87.30000","2.90981","2,692.84424","0.01370","0.00399","68.68099"
"87.40000","2.91339","2,695.69165","0.01372","0.00387","68.75362"
"87.50000","2.91676","2,697.34619","0.01375","0.00349","68.79581"
"87.60000","2.91997","2,699.56079","0.01380","0.00349","68.85229"
"87.70000","2.92333","2,700.51709","0.01376","0.00341","68.87669"
"87.80000","2.92677","2,703.38721","0.01377","0.00338","68.94989"
"87.90000","2.92999","2,705.06934","0.01383","0.00338","68.99279"
"88.00000","2.93320","2,706.85303","0.01384","0.00326","69.03828"
"88.10000","2.93664","2,708.38745","0.01381","0.00324","69.07742"
"88.20000","2.94000","2,709.93750","0.01387","0.00308","69.11695"
"88.30000","2.94321","2,711.97534","0.01389","0.00309","69.16893"
"88.40000","2.94673","2,713.94092","0.01392","0.00311","69.21906"
"88.50000","2.95009","2,715.81055","0.01387","0.00313","69.26675"
"88.60000","2.95323","2,717.08325","0.01389","0.00321","69.29920"
"88.70000","2.95667","2,718.89038","0.01393","0.00330","69.34530"
"88.80000","2.96003","2,721.21875","0.01393","0.00361","69.40468"
"88.90000","2.96324","2,722.88037","0.01395","0.00379","69.44706"
"89.00000","2.96676","2,723.84009","0.01400","0.00395","69.47154"
"89.10000","2.97012","2,726.26978","0.01406","0.00400","69.53351"
"89.20000","2.97333","2,728.52734","0.01401","0.00407","69.59109"
"89.30000","2.97662","2,728.98779","0.01405","0.00408","69.60283"
"89.40000","2.98006","2,731.84570","0.01407","0.00402","69.67572"
"89.50000","2.98327","2,733.32935","0.01404","0.00399","69.71356"
"89.60000","2.98656","2,734.54639","0.01410","0.00398","69.74461"
"89.70000","2.99007","2,736.45117","0.01412","0.00404","69.79318"
"89.80000","2.99336","2,738.46875","0.01413","0.00410","69.84464"
"89.90000","2.99658","2,739.99365","0.01416","0.00410","69.88354"
"90.00000","3.00009","2,742.15674","0.01415","0.00413","69.93871"
"90.10000","3.00338","2,743.96216","0.01414","0.00417","69.98475"
"90.20000","3.00652","2,745.86255","0.01414","0.00415","70.03322"
"90.30000","3.00995","2,746.72681","0.01419","0.00421","70.05527"
"90.40000","3.01339","2,749.07178","0.01417","0.00386","70.11507"
"90.50000","3.01661","2,750.60229","0.01421","0.00377","70.15411"
"90.60000","3.02004","2,752.51318","0.01422","0.00381","70.20284"
"90.70000","3.02348","2,755.13574","0.01427","0.00359","70.26974"
"90.80000","3.02655","2,756.17944","0.01427","0.00353","70.29636"
"90.90000","3.02991","2,758.23755","0.01428","0.00351","70.34885"
"91.00000","3.03335","2,760.07251","0.01432","0.00345","70.39565"
"91.10000","3.03671","2,762.31055","0.01431","0.00346","70.45273"
"91.20000","3.04000","2,763.44727","0.01434","0.00336","70.48172"
"91.30000","3.04336","2,766.00000","0.01438","0.00331","70.54683"
"91.40000","3.04672","2,767.33374","0.01439","0.00330","70.58084"
"91.50000","3.04994","2,769.44116","0.01440","0.00312","70.63460"
"91.60000","3.05330","2,770.42920","0.01445","0.00328","70.65980"
"91.70000","3.05666","2,772.49170","0.01444","0.00317","70.71239"
"91.80000","3.05988","2,773.75073","0.01446","0.00322","70.74451"
"91.90000","3.06339","2,776.05933","0.01447","0.00340","70.80339"
"92.00000","3.06683","2,777.75269","0.01448","0.00375","70.84658"
"92.10000","3.06997","2,779.38062","0.01450","0.00385","70.88810"
"92.20000","3.07333","2,781.38306","0.01450","0.00403","70.93917"
"92.30000","3.07662","2,782.26660","0.01448","0.00409","70.96171"
"92.40000","3.07991","2,785.05640","0.01452","0.00413","71.03286"
"92.50000","3.08327","2,785.91113","0.01461","0.00408","71.05466"
"92.60000","3.08663","2,788.27466","0.01462","0.00411","71.11494"
"92.70000","3.09007","2,790.59424","0.01461","0.00409","71.17410"
"92.80000","3.09336","2,791.88550","0.01464","0.00408","71.20704"
"92.90000","3.09665","2,793.36768","0.01466","0.00414","71.24484"
"93.00000","3.10009","2,795.61035","0.01468","0.00415","71.30204"
"93.10000","3.10322","2,797.45337","0.01463","0.00414","71.34904"
"93.20000","3.10666","2,799.09009","0.01462","0.00424","71.39079"
"93.30000","3.11010","2,800.68994","0.01468","0.00428","71.43159"
"93.40000","3.11324","2,801.85986","0.01472","0.00426","71.46143"
"93.50000","3.11675","2,804.40625","0.01467","0.00414","71.52637"
"93.60000","3.12012","2,806.05322","0.01470","0.00410","71.56838"
"93.70000","3.12325","2,808.48364","0.01474","0.00378","71.63037"
"93.80000","3.12662","2,809.80347","0.01479","0.00393","71.66403"
"93.90000","3.12998","2,811.03638","0.01476","0.00381","71.69548"
"94.00000","3.13334","2,812.95923","0.01481","0.00375","71.74452"
"94.10000","3.13663","2,814.66138","0.01478","0.00374","71.78793"
"94.20000","3.14000","2,816.88135","0.01480","0.00369","71.84456"
"94.30000","3.14343","2,818.86084","0.01483","0.00366","71.89504"
"94.40000","3.14650","2,820.18164","0.01488","0.00358","71.92873"
"94.50000","3.14994","2,821.92871","0.01486","0.00354","71.97329"
"94.60000","3.15345","2,823.67773","0.01488","0.00354","72.01790"
"94.70000","3.15659","2,825.46460","0.01487","0.00347","72.06347"
"94.80000","3.16010","2,827.62671","0.01492","0.00347","72.11861"
"94.90000","3.16339","2,829.02148","0.01490","0.00341","72.15419"
"95.00000","3.16660","2,830.42725","0.01490","0.00341","72.19004"
"95.10000","3.16997","2,832.92188","0.01496","0.00343","72.25367"
"95.20000","3.17325","2,833.88452","0.01502","0.00394","72.27822"
"95.30000","3.17662","2,836.45874","0.01503","0.00411","72.34388"
"95.40000","3.17991","2,837.95166","0.01501","0.00416","72.38196"
"95.50000","3.18334","2,839.68262","0.01502","0.00427","72.42610"
"95.60000","3.18686","2,841.77051","0.01501","0.00437","72.47935"
"95.70000","3.18992","2,843.20312","0.01505","0.00430","72.51589"
"95.80000","3.19336","2,844.87939","0.01503","0.00428","72.55865"
"95.90000","3.19672","2,847.37036","0.01510","0.00428","72.62218"
"96.00000","3.19986","2,849.05029","0.01514","0.00432","72.66502"
"96.10000","3.20345","2,850.53638","0.01514","0.00431","72.70293"
"96.20000","3.20681","2,852.01074","0.01510","0.00437","72.74053"
"96.30000","3.20995","2,854.21289","0.01519","0.00438","72.79670"
"96.40000","3.21339","2,855.43872","0.01523","0.00443","72.82796"
"96.50000","3.21668","2,857.40723","0.01518","0.00446","72.87817"
"96.60000","3.21996","2,858.79346","0.01519","0.00441","72.91352"
"96.70000","3.22318","2,860.05054","0.01522","0.00440","72.94559"
"96.80000","3.22662","2,861.48022","0.01523","0.00428","72.98205"
"96.90000","3.23005","2,864.66553","0.01524","0.00416","73.06329"
"97.00000","3.23319","2,865.79907","0.01524","0.00390","73.09220"
"97.10000","3.23671","2,867.39697","0.01530","0.00393","73.13296"
"97.20000","3.24007","2,869.62427","0.01529","0.00391","73.18977"
"97.30000","3.24313","2,871.24634","0.01531","0.00391","73.23113"
"97.40000","3.24672","2,873.37744","0.01532","0.00378","73.28549"
"97.50000","3.25008","2,874.81616","0.01539","0.00375","73.32218"
"97.60000","3.25330","2,876.46045","0.01534","0.00378","73.36412"
"97.70000","3.25673","2,878.51904","0.01534","0.00369","73.41663"
"97.80000","3.26010","2,880.59888","0.01538","0.00360","73.46967"
"97.90000","3.26331","2,882.26978","0.01538","0.00364","73.51229"
"98.00000","3.26660","2,883.38403","0.01544","0.00362","73.54071"
"98.10000","3.26996","2,885.54004","0.01543","0.00355","73.59570"
"98.20000","3.27333","2,888.11035","0.01545","0.00353","73.66125"
"98.30000","3.27661","2,889.64282","0.01549","0.00362","73.70034"
"98.40000","3.28005","2,891.85205","0.01553","0.00394","73.75668"
"98.50000","3.28342","2,892.96558","0.01552","0.00413","73.78509"
"98.60000","3.28655","2,894.19897","0.01557","0.00429","73.81654"
"98.70000","3.28999","2,896.59839","0.01555","0.00434","73.87774"
"98.80000","3.29336","2,898.74829","0.01560","0.00446","73.93257"
"98.90000","3.29649","2,899.60010","0.01556","0.00443","73.95430"
"99.00000","3.30001","2,901.55908","0.01557","0.00446","74.00426"
"99.10000","3.30345","2,903.29468","0.01557","0.00447","74.04853"
"99.20000","3.30666","2,905.24390","0.01559","0.00438","74.09824"
"99.30000","3.30995","2,906.65015","0.01565","0.00440","74.13411"
"99.40000","3.31339","2,908.93018","0.01565","0.00441","74.19226"
"99.50000","3.31660","2,910.13037","0.01569","0.00447","74.22287"
"99.60000","3.31989","2,911.85986","0.01572","0.00451","74.26698"
"99.70000","3.32340","2,914.07153","0.01574","0.00446","74.32339"
"99.80000","3.32669","2,915.49170","0.01574","0.00435","74.35961"
"99.90000","3.32998","2,916.71899","0.01574","0.00438","74.39091"
"100.00000","3.33341","2,919.08008","0.01579","0.00434","74.45113"
"100.10000","3.33670","2,921.00098","0.01579","0.00421","74.50013"
"100.20000","3.33992","2,921.61157","0.01575","0.00417","74.51570"
"100.30000","3.34328","2,923.95166","0.01580","0.00416","74.57539"
"100.40000","3.34672","2,926.05371","0.01583","0.00405","74.62900"
"100.50000","3.34993","2,927.33032","0.01580","0.00397","74.66156"
"100.60000","3.35337","2,928.94458","0.01584","0.00396","74.70273"
"100.70000","3.35673","2,930.56787","0.01585","0.00390","74.74413"
"100.80000","3.35995","2,932.77417","0.01588","0.00382","74.80040"
"100.90000","3.36323","2,934.35498","0.01592","0.00379","74.84072"
"101.00000","3.36660","2,936.13818","0.01590","0.00372","74.88620"
"101.10000","3.36996","2,937.89868","0.01591","0.00381","74.93111"
"101.20000","3.37325","2,939.72705","0.01590","0.00374","74.97774"
"101.30000","3.37669","2,941.50293","0.01599","0.00377","75.02303"
"101.40000","3.38005","2,943.44434","0.01598","0.00370","75.07255"
"101.50000","3.38326","2,944.70386","0.01598","0.00357","75.10467"
"101.60000","3.38655","2,946.44116","0.01602","0.00391","75.14898"
"101.70000","3.39007","2,947.90186","0.01603","0.00422","75.18623"
"101.80000","3.39320","2,950.18628","0.01608","0.00438","75.24450"
"101.90000","3.39664","2,951.69531","0.01608","0.00455","75.28299"
"102.00000","3.40016","2,953.20947","0.01611","0.00456","75.32160"
"102.10000","3.40329","2,955.07520","0.01612","0.00459","75.36919"
"102.20000","3.40666","2,957.03979","0.01610","0.00462","75.41930"
"102.30000","3.41002","2,959.15137","0.01609","0.00452","75.47315"
"102.40000","3.41331","2,960.32275","0.01614","0.00451","75.50303"
"102.50000","3.41660","2,962.17798","0.01619","0.00454","75.55035"
"102.60000","3.41996","2,963.90259","0.01619","0.00460","75.59433"
"102.70000","3.42347","2,965.22607","0.01621","0.00460","75.62809"
"102.80000","3.42669","2,967.59888","0.01623","0.00466","75.68861"
"102.90000","3.42997","2,968.67554","0.01628","0.00460","75.71606"
"103.00000","3.43349","2,970.60596","0.01628","0.00455","75.76530"
"103.10000","3.43655","2,972.13525","0.01629","0.00449","75.80431"
"103.20000","3.43999","2,974.12744","0.01634","0.00455","75.85512"
"103.30000","3.44343","2,976.24561","0.01633","0.00443","75.90914"
"103.40000","3.44657","2,977.21509","0.01636","0.00416","75.93387"
"103.50000","3.45008","2,979.44678","0.01636","0.00421","75.99078"
"103.60000","3.45344","2,981.31323","0.01636","0.00412","76.03839"
"103.70000","3.45658","2,982.61523","0.01641","0.00411","76.07160"
"103.80000","3.45994","2,984.28589","0.01642","0.00405","76.11421"
"103.90000","3.46323","2,985.45435","0.01643","0.00399","76.14401"
"104.00000","3.46667","2,988.21118","0.01645","0.00404","76.21432"
"104.10000","3.46996","2,989.12500","0.01647","0.00395","76.23763"
"104.20000","3.47340","2,991.24097","0.01650","0.00389","76.29160"
"104.30000","3.47683","2,992.53613","0.01647","0.00386","76.32463"
"104.40000","3.47990","2,993.86646","0.01650","0.00381","76.35856"
"104.50000","3.48334","2,996.04541","0.01655","0.00378","76.41414"
"104.60000","3.48678","2,997.44995","0.01654","0.00371","76.44996"
"104.70000","3.48984","2,999.27954","0.01654","0.00378","76.49662"
"104.80000","3.49335","3,001.36694","0.01656","0.00392","76.54986"
"104.90000","3.49679","3,002.81982","0.01660","0.00420","76.58691"
"105.00000","3.50000","3,004.68262","0.01660","0.00443","76.63443"
"105.10000","3.50329","3,006.25122","0.01661","0.00466","76.67443"
"105.20000","3.50666","3,007.49976","0.01664","0.00470","76.70628"
"105.30000","3.51002","3,009.61108","0.01666","0.00470","76.76012"
"105.40000","3.51323","3,011.01880","0.01666","0.00467","76.79603"
"105.50000","3.51667","3,013.67798","0.01669","0.00474","76.86385"
"105.60000","3.52011","3,015.85547","0.01670","0.00466","76.91939"
"105.70000","3.52317","3,015.87036","0.01669","0.00466","76.91977"
"105.80000","3.52668","3,018.26831","0.01674","0.00469","76.98093"
"105.90000","3.53005","3,019.31348","0.01678","0.00469","77.00758"
"106.00000","3.53319","3,021.28662","0.01675","0.00463","77.05791"
"106.10000","3.53670","3,023.14160","0.01676","0.00466","77.10522"
"106.20000","3.54014","3,025.48145","0.01680","0.00461","77.16490"
"106.30000","3.54335","3,027.18579","0.01682","0.00456","77.20837"
"106.40000","3.54671","3,028.66284","0.01681","0.00450","77.24604"
"106.50000","3.55008","3,030.50171","0.01685","0.00455","77.29295"
"106.60000","3.55329","3,031.78125","0.01687","0.00436","77.32558"
"106.70000","3.55658","3,033.90552","0.01687","0.00432","77.37976"
"106.80000","3.56002","3,035.24658","0.01691","0.00428","77.41396"
"106.90000","3.56345","3,037.79199","0.01693","0.00417","77.47888"
"107.00000","3.56659","3,038.39087","0.01692","0.00417","77.49416"
"107.10000","3.57011","3,040.27173","0.01697","0.00418","77.54213"
"107.20000","3.57347","3,042.85596","0.01696","0.00409","77.60804"
"107.30000","3.57646","3,043.47510","0.01697","0.00410","77.62383"
"107.40000","3.57997","3,045.22974","0.01699","0.00402","77.66858"
"107.50000","3.58326","3,046.40503","0.01701","0.00398","77.69855"
"107.60000","3.58647","3,048.83057","0.01703","0.00405","77.76042"
"107.70000","3.59006","3,050.97876","0.01705","0.00399","77.81521"
"107.80000","3.59342","3,052.78809","0.01707","0.00399","77.86136"
"107.90000","3.59671","3,054.85376","0.01705","0.00392","77.91404"
"108.00000","3.59993","3,055.52563","0.01711","0.00405","77.93118"
"108.10000","3.60329","3,057.50830","0.01710","0.00421","77.98174"
"108.20000","3.60665","3,059.78833","0.01714","0.00446","78.03990"
"108.30000","3.60987","3,060.48853","0.01714","0.00459","78.05775"
"108.40000","3.61338","3,063.13403","0.01717","0.00483","78.12523"
"108.50000","3.61674","3,065.30640","0.01713","0.00487","78.18063"
"108.60000","3.61996","3,065.38745","0.01718","0.00484","78.18270"
"108.70000","3.62339","3,069.01733","0.01720","0.00477","78.27528"
"108.80000","3.62668","3,069.37036","0.01721","0.00476","78.28429"
"108.90000","3.62990","3,071.38989","0.01724","0.00480","78.33579"
"109.00000","3.63333","3,073.07397","0.01727","0.00477","78.37875"
"109.10000","3.63670","3,074.27563","0.01726","0.00484","78.40939"
"109.20000","3.63999","3,076.26270","0.01726","0.00475","78.46008"
"109.30000","3.64335","3,078.52466","0.01730","0.00478","78.51777"
"109.40000","3.64671","3,079.78979","0.01732","0.00462","78.55003"
"109.50000","3.65000","3,082.12939","0.01737","0.00466","78.60971"
"109.60000","3.65321","3,082.47485","0.01737","0.00459","78.61852"
"109.70000","3.65665","3,084.25781","0.01738","0.00453","78.66399"
"109.80000","3.66002","3,085.94360","0.01739","0.00460","78.70699"
"109.90000","3.66330","3,088.65186","0.01739","0.00448","78.77606"
"110.00000","3.66674","3,090.29346","0.01745","0.00443","78.81793"
"110.10000","3.67003","3,091.78394","0.01744","0.00426","78.85595"
"110.20000","3.67324","3,093.75732","0.01747","0.00425","78.90628"
"110.30000","3.67661","3,094.64941","0.01749","0.00428","78.92903"
"110.40000","3.68004","3,096.72729","0.01751","0.00430","78.98203"
"110.50000","3.68326","3,098.30933","0.01750","0.00420","79.02238"
"110.60000","3.68662","3,100.16504","0.01756","0.00419","79.06971"
"110.70000","3.69013","3,102.49097","0.01754","0.00409","79.12903"
"110.80000","3.69327","3,103.49097","0.01755","0.00407","79.15453"
"110.90000","3.69664","3,105.57373","0.01759","0.00405","79.20766"
"111.00000","3.70000","3,107.28662","0.01759","0.00411","79.25134"
"111.10000","3.70336","3,109.09180","0.01760","0.00399","79.29739"
"111.20000","3.70665","3,110.63965","0.01760","0.00417","79.33686"
"111.30000","3.71001","3,111.47266","0.01762","0.00433","79.35811"
"111.40000","3.71353","3,114.42139","0.01763","0.00448","79.43331"
"111.50000","3.71667","3,114.76636","0.01768","0.00462","79.44212"
"111.60000","3.71995","3,117.07202","0.01770","0.00488","79.50092"
"111.70000","3.72339","3,119.24805","0.01769","0.00487","79.55642"
"111.80000","3.72653","3,120.02686","0.01772","0.00493","79.57628"
"111.90000","3.72997","3,121.92529","0.01773","0.00490","79.62470"
"112.00000","3.73341","3,123.86865","0.01775","0.00485","79.67426"
"112.10000","3.73662","3,125.76367","0.01776","0.00490","79.72260"
"112.20000","3.73998","3,127.13428","0.01778","0.00487","79.75755"
"112.30000","3.74335","3,128.39258","0.01780","0.00485","79.78965"
"112.40000","3.74663","3,130.31445","0.01780","0.00487","79.83867"
"112.50000","3.74992","3,132.11304","0.01781","0.00475","79.88454"
"112.60000","3.75336","3,134.23877","0.01784","0.00472","79.93876"
"112.70000","3.75680","3,135.75708","0.01785","0.00476","79.97748"
"112.80000","3.75994","3,136.40991","0.01788","0.00470","79.99413"
"112.90000","3.76330","3,139.02002","0.01786","0.00480","80.06070"
"113.00000","3.76681","3,140.37573","0.01791","0.00451","80.09528"
"113.10000","3.76988","3,141.75146","0.01793","0.00448","80.13037"
"113.20000","3.77332","3,143.54126","0.01794","0.00454","80.17602"
"113.30000","3.77675","3,145.32446","0.01797","0.00443","80.22150"
"113.40000","3.77997","3,147.10547","0.01800","0.00449","80.26692"
"113.50000","3.78333","3,148.18848","0.01799","0.00439","80.29454"
"113.60000","3.78677","3,150.42969","0.01804","0.00436","80.35171"
"113.70000","3.78998","3,151.79907","0.01805","0.00432","80.38663"
"113.80000","3.79320","3,153.45703","0.01803","0.00430","80.42892"
"113.90000","3.79656","3,155.12744","0.01808","0.00431","80.47152"
"114.00000","3.80007","3,156.65649","0.01809","0.00414","80.51052"
"114.10000","3.80321","3,158.35205","0.01811","0.00415","80.55376"
"114.20000","3.80665","3,160.11841","0.01808","0.00412","80.59882"
"114.30000","3.81009","3,161.97729","0.01812","0.00413","80.64622"
"114.40000","3.81315","3,162.92456","0.01815","0.00425","80.67039"
"114.50000","3.81666","3,164.82104","0.01815","0.00435","80.71876"
"114.60000","3.82003","3,166.76538","0.01816","0.00451","80.76835"
"114.70000","3.82324","3,167.73022","0.01818","0.00472","80.79295"
"114.80000","3.82668","3,169.93140","0.01818","0.00503","80.84910"
"114.90000","3.83012","3,171.44995","0.01821","0.00504","80.88783"
"115.00000","3.83333","3,173.12329","0.01824","0.00506","80.93050"
"115.10000","3.83669","3,174.90405","0.01823","0.00509","80.97592"
"115.20000","3.83998","3,176.49243","0.01825","0.00510","81.01643"
"115.30000","3.84334","3,178.18042","0.01828","0.00504","81.05949"
"115.40000","3.84656","3,180.02246","0.01830","0.00505","81.10647"
"115.50000","3.85000","3,181.48950","0.01831","0.00501","81.14388"
"115.60000","3.85343","3,183.44116","0.01832","0.00492","81.19366"
"115.70000","3.85657","3,184.58032","0.01834","0.00483","81.22272"
"115.80000","3.86001","3,186.20166","0.01836","0.00486","81.26407"
"115.90000","3.86345","3,189.04443","0.01837","0.00480","81.33658"
"116.00000","3.86644","3,189.78052","0.01838","0.00484","81.35535"
"116.10000","3.87003","3,191.33521","0.01844","0.00480","81.39500"
"116.20000","3.87339","3,193.31543","0.01842","0.00481","81.44550"
"116.30000","3.87660","3,194.37451","0.01844","0.00481","81.47252"
"116.40000","3.87997","3,196.28052","0.01848","0.00462","81.52113"
"116.50000","3.88333","3,198.07861","0.01850","0.00468","81.56699"
"116.60000","3.88662","3,199.83813","0.01852","0.00452","81.61187"
"116.70000","3.88983","3,200.91772","0.01854","0.00449","81.63940"
"116.80000","3.89334","3,203.52954","0.01856","0.00450","81.70602"
"116.90000","3.89671","3,204.93433","0.01856","0.00437","81.74184"
"117.00000","3.89985","3,206.61279","0.01858","0.00440","81.78465"
"117.10000","3.90336","3,207.95557","0.01859","0.00435","81.81890"
"117.20000","3.90680","3,210.10693","0.01862","0.00429","81.87377"
"117.30000","3.90986","3,211.38989","0.01863","0.00433","81.90649"
"117.40000","3.91337","3,213.47852","0.01865","0.00436","81.95976"
"117.50000","3.91666","3,215.32275","0.01869","0.00433","82.00681"
"117.60000","3.91995","3,216.69165","0.01867","0.00429","82.04172"
"117.70000","3.92339","3,217.77661","0.01866","0.00452","82.06939"
"117.80000","3.92668","3,220.32544","0.01868","0.00467","82.13440"
"117.90000","3.93004","3,221.27148","0.01869","0.00484","82.15852"
"118.00000","3.93325","3,222.73706","0.01870","0.00504","82.19591"
"118.10000","3.93662","3,225.35571","0.01873","0.00513","82.26270"
"118.20000","3.93998","3,227.38525","0.01874","0.00514","82.31446"
"118.30000","3.94319","3,227.77490","0.01876","0.00517","82.32439"
"118.40000","3.94671","3,229.81519","0.01879","0.00510","82.37643"
"118.50000","3.95007","3,232.24805","0.01881","0.00513","82.43848"
"118.60000","3.95328","3,232.83887","0.01881","0.00514","82.45355"
"118.70000","3.95672","3,235.28467","0.01883","0.00499","82.51593"
"118.80000","3.96001","3,236.74487","0.01886","0.00489","82.55318"
"118.90000","3.96322","3,238.81665","0.01887","0.00486","82.60602"
"119.00000","3.96659","3,240.92578","0.01890","0.00495","82.65981"
"119.10000","3.97002","3,242.00903","0.01890","0.00493","82.68744"
"119.20000","3.97331","3,244.05518","0.01891","0.00487","82.73962"
"119.30000","3.97660","3,245.30786","0.01893","0.00489","82.77158"
"119.40000","3.98004","3,247.10571","0.01895","0.00483","82.81743"
"119.50000","3.98333","3,248.60889","0.01898","0.00472","82.85577"
"119.60000","3.98654","3,249.30957","0.01900","0.00467","82.87363"
"119.70000","3.99005","3,252.08447","0.01902","0.00465","82.94441"
"119.80000","3.99334","3,254.22583","0.01904","0.00464","82.99902"
"119.90000","3.99663","3,254.94409","0.01903","0.00470","83.01735"
"120.00000","4.00007","3,256.42041","0.01904","0.00451","83.05500"
"120.10000","4.00343","3,259.15137","0.01908","0.00453","83.12465"
"120.20000","4.00664","3,260.18066","0.01908","0.00452","83.15090"
"120.30000","4.00993","3,261.53442","0.01911","0.00447","83.18543"
"120.40000","4.01337","3,262.97803","0.01912","0.00444","83.22225"
"120.50000","4.01658","3,264.54565","0.01915","0.00438","83.26223"
"120.60000","4.01995","3,266.52539","0.01918","0.00444","83.31273"
"120.70000","4.02346","3,268.40771","0.01920","0.00440","83.36073"
"120.80000","4.02667","3,269.84302","0.01920","0.00439","83.39735"
"120.90000","4.02989","3,270.83643","0.01919","0.00438","83.42268"
"121.00000","4.03333","3,273.34473","0.01923","0.00469","83.48666"
"121.10000","4.03669","3,275.41504","0.01922","0.00497","83.53946"
"121.20000","4.03990","3,276.54590","0.01923","0.00520","83.56830"
"121.30000","4.04334","3,278.55078","0.01925","0.00529","83.61943"
"121.40000","4.04685","3,279.39307","0.01927","0.00531","83.64091"
"121.50000","4.04999","3,280.67383","0.01927","0.00538","83.67358"
"121.60000","4.05328","3,283.26489","0.01927","0.00532","83.73967"
"121.70000","4.05672","3,285.20093","0.01931","0.00531","83.78905"
"121.80000","4.05986","3,286.78198","0.01932","0.00533","83.82937"
"121.90000","4.06330","3,287.95947","0.01936","0.00518","83.85941"
"122.00000","4.06681","3,289.52002","0.01938","0.00498","83.89921"
"122.10000","4.07002","3,292.07812","0.01939","0.00501","83.96445"
"122.20000","4.07331","3,293.18481","0.01942","0.00497","83.99268"
"122.30000","4.07667","3,294.99683","0.01941","0.00501","84.03889"
"122.40000","4.08004","3,295.86987","0.01944","0.00503","84.06116"
"122.50000","4.08325","3,297.80469","0.01948","0.00511","84.11050"
"122.60000","4.08661","3,299.36597","0.01950","0.00498","84.15032"
"122.70000","4.09005","3,301.39282","0.01951","0.00489","84.20202"
"122.80000","4.09326","3,302.59277","0.01948","0.00478","84.23263"
"122.90000","4.09670","3,304.54248","0.01954","0.00489","84.28236"
"123.00000","4.10014","3,306.61206","0.01955","0.00486","84.33514"
"123.10000","4.10320","3,308.16406","0.01955","0.00484","84.37472"
"123.20000","4.10664","3,309.29565","0.01960","0.00471","84.40358"
"123.30000","4.11008","3,312.28979","0.01960","0.00468","84.47995"
"123.40000","4.11322","3,313.01978","0.01962","0.00461","84.49857"
"123.50000","4.11673","3,314.30469","0.01964","0.00454","84.53133"
"123.60000","4.12010","3,316.08765","0.01968","0.00455","84.57681"
"123.70000","4.12331","3,318.47046","0.01970","0.00453","84.63759"
"123.80000","4.12660","3,318.95752","0.01969","0.00441","84.65001"
"123.90000","4.12996","3,321.40625","0.01970","0.00452","84.71246"
"124.00000","4.13340","3,322.82495","0.01973","0.00454","84.74865"
"124.10000","4.13654","3,323.60425","0.01973","0.00448","84.76852"
"124.20000","4.14005","3,326.15381","0.01974","0.00485","84.83355"
"124.30000","4.14349","3,328.13672","0.01974","0.00505","84.88412"
"124.40000","4.14655","3,329.39404","0.01978","0.00518","84.91619"
"124.50000","4.14999","3,330.55591","0.01979","0.00532","84.94582"
"124.60000","4.15335","3,332.68677","0.01980","0.00540","85.00018"
"124.70000","4.15649","3,334.70508","0.01980","0.00545","85.05165"
"124.80000","4.16000","3,335.34326","0.01981","0.00542","85.06792"
"124.90000","4.16337","3,337.52734","0.01984","0.00536","85.12363"
"125.00000","4.16666","3,338.60938","0.01986","0.00523","85.15123"
"125.10000","4.17002","3,340.70020","0.01986","0.00513","85.20455"
"125.20000","4.17331","3,342.84863","0.01988","0.00519","85.25935"
"125.30000","4.17667","3,343.98682","0.01991","0.00514","85.28838"
"125.40000","4.17981","3,344.86108","0.01993","0.00514","85.31068"
"125.50000","4.18332","3,347.46826","0.01994","0.00517","85.37717"
"125.60000","4.18676","3,349.59692","0.01996","0.00507","85.43147"
"125.70000","4.18990","3,350.31152","0.01999","0.00512","85.44969"
"125.80000","4.19341","3,352.92554","0.02002","0.00500","85.51637"
"125.90000","4.19677","3,354.10449","0.02002","0.00493","85.54643"
"126.00000","4.19984","3,355.57129","0.02008","0.00492","85.58384"
"126.10000","4.20335","3,357.02979","0.02004","0.00482","85.62104"
"126.20000","4.20672","3,358.56079","0.02007","0.00485","85.66009"
"126.30000","4.20993","3,360.14209","0.02010","0.00485","85.70042"
"126.40000","4.21337","3,362.02930","0.02013","0.00488","85.74855"
"126.50000","4.21673","3,364.22510","0.02011","0.00478","85.80456"
"126.60000","4.22002","3,365.26733","0.02014","0.00475","85.83114"
"126.70000","4.22323","3,366.23193","0.02016","0.00469","85.85574"
"126.80000","4.22659","3,368.38184","0.02020","0.00463","85.91058"
"126.90000","4.23003","3,370.21509","0.02021","0.00468","85.95733"
"127.00000","4.23317","3,371.79272","0.02021","0.00453","85.99757"
"127.10000","4.23676","3,373.94702","0.02023","0.00461","86.05251"
"127.20000","4.24012","3,374.96777","0.02024","0.00470","86.07855"
"127.30000","4.24326","3,376.86206","0.02025","0.00483","86.12686"
"127.40000","4.24670","3,378.28735","0.02029","0.00463","86.16322"
"127.50000","4.24999","3,380.34619","0.02028","0.00514","86.21573"
"127.60000","4.25320","3,380.58105","0.02029","0.00540","86.22172"
"127.70000","4.25664","3,383.18652","0.02034","0.00552","86.28817"
"127.80000","4.26000","3,384.23706","0.02033","0.00553","86.31496"
"127.90000","4.26337","3,387.29736","0.02034","0.00558","86.39301"
"128.00000","4.26658","3,387.68799","0.02036","0.00564","86.40298"
"128.10000","4.27002","3,389.70337","0.02037","0.00562","86.45438"
"128.20000","4.27338","3,391.04150","0.02040","0.00558","86.48851"
"128.30000","4.27652","3,392.65381","0.02041","0.00526","86.52963"
"128.40000","4.28003","3,394.73706","0.02042","0.00519","86.58276"
"128.50000","4.28347","3,396.19629","0.02042","0.00521","86.61998"
"128.60000","4.28661","3,398.20654","0.02047","0.00519","86.67126"
"128.70000","4.29005","3,399.37988","0.02047","0.00524","86.70118"
"128.80000","4.29341","3,401.48462","0.02050","0.00526","86.75486"
"128.90000","4.29662","3,402.28638","0.02052","0.00519","86.77531"
"129.00000","4.29991","3,403.82617","0.02051","0.00511","86.81458"
"129.10000","4.30335","3,405.12720","0.02053","0.00501","86.84776"
"129.20000","4.30664","3,408.19727","0.02054","0.00506","86.92607"
"129.30000","4.31000","3,408.45850","0.02060","0.00494","86.93273"
"129.40000","4.31336","3,410.52905","0.02059","0.00499","86.98554"
"129.50000","4.31665","3,412.60327","0.02061","0.00501","87.03844"
"129.60000","4.31987","3,412.82861","0.02062","0.00500","87.04419"
"129.70000","4.32331","3,415.60498","0.02063","0.00493","87.11500"
"129.80000","4.32667","3,417.19116","0.02065","0.00484","87.15546"
"129.90000","4.32988","3,418.37744","0.02068","0.00487","87.18571"
"130.00000","4.33339","3,420.63086","0.02071","0.00488","87.24319"
"130.10000","4.33683","3,422.53979","0.02072","0.00473","87.29188"
"130.20000","4.33997","3,423.30298","0.02070","0.00472","87.31134"
"130.30000","4.34326","3,426.17993","0.02074","0.00477","87.38471"
"130.40000","4.34670","3,426.44409","0.02075","0.00461","87.39146"
"130.50000","4.34991","3,428.36865","0.02077","0.00467","87.44054"
"130.60000","4.35327","3,430.57300","0.02079","0.00479","87.49676"
"130.70000","4.35679","3,431.59521","0.02083","0.00511","87.52283"
"130.80000","4.36000","3,433.60278","0.02083","0.00538","87.57404"
"130.90000","4.36329","3,435.04810","0.02086","0.00557","87.61090"
"131.00000","4.36665","3,436.21533","0.02087","0.00564","87.64067"
"131.10000","4.37002","3,438.26709","0.02088","0.00568","87.69300"
"131.20000","4.37323","3,439.68506","0.02091","0.00577","87.72916"
"131.30000","4.37667","3,441.84155","0.02092","0.00574","87.78416"
"131.40000","4.38018","3,443.92871","0.02095","0.00560","87.83739"
"131.50000","4.38332","3,445.44678","0.02094","0.00547","87.87611"
"131.60000","4.38668","3,446.41138","0.02097","0.00536","87.90072"
"131.70000","4.39005","3,448.86597","0.02096","0.00537","87.96333"
"131.80000","4.39318","3,450.22534","0.02100","0.00534","87.99799"
"131.90000","4.39662","3,451.44019","0.02100","0.00536","88.02898"
"132.00000","4.40006","3,452.92358","0.02101","0.00538","88.06681"
"132.10000","4.40327","3,454.03149","0.02103","0.00532","88.09507"
"132.20000","4.40664","3,455.93945","0.02106","0.00513","88.14373"
"132.30000","4.41007","3,458.54248","0.02105","0.00505","88.21012"
"132.40000","4.41336","3,459.74707","0.02107","0.00510","88.24084"
"132.50000","4.41658","3,461.42871","0.02108","0.00508","88.28374"
"132.60000","4.41994","3,462.92114","0.02108","0.00507","88.32180"
"132.70000","4.42345","3,464.44214","0.02112","0.00503","88.36060"
"132.80000","4.42659","3,466.67773","0.02114","0.00518","88.41761"
"132.90000","4.43003","3,468.09033","0.02115","0.00512","88.45364"
"133.00000","4.43347","3,469.83081","0.02120","0.00507","88.49803"
"133.10000","4.43653","3,470.50903","0.02121","0.00494","88.51533"
"133.20000","4.43997","3,472.42505","0.02121","0.00492","88.56419"
"133.30000","4.44341","3,474.50781","0.02128","0.00481","88.61732"
"133.40000","4.44655","3,475.36963","0.02124","0.00486","88.63930"
"133.50000","4.44998","3,477.88403","0.02126","0.00483","88.70343"
"133.60000","4.45342","3,479.48999","0.02129","0.00481","88.74439"
"133.70000","4.45671","3,480.23096","0.02131","0.00493","88.76329"
"133.80000","4.45992","3,481.84180","0.02132","0.00519","88.80437"
"133.90000","4.46321","3,483.64404","0.02135","0.00516","88.85033"
"134.00000","4.46665","3,485.85181","0.02137","0.00560","88.90665"
"134.10000","4.46986","3,486.78857","0.02140","0.00567","88.93054"
"134.20000","4.47330","3,488.53516","0.02141","0.00574","88.97508"
"134.30000","4.47681","3,489.69019","0.02143","0.00583","89.00455"
"134.40000","4.47988","3,491.96460","0.02146","0.00583","89.06255"
"134.50000","4.48339","3,492.83691","0.02147","0.00591","89.08480"
"134.60000","4.48675","3,495.15259","0.02148","0.00568","89.14386"
"134.70000","4.48989","3,495.63428","0.02151","0.00564","89.15615"
"134.80000","4.49333","3,497.45190","0.02151","0.00560","89.20251"
"134.90000","4.49669","3,500.94995","0.02150","0.00551","89.29173"
"135.00000","4.49998","3,501.57764","0.02152","0.00546","89.30773"
"135.10000","4.50335","3,502.89722","0.02154","0.00547","89.34139"
"135.20000","4.50663","3,504.95605","0.02153","0.00546","89.39390"
"135.30000","4.51000","3,506.54468","0.02156","0.00529","89.43442"
"135.40000","4.51321","3,508.08862","0.02157","0.00528","89.47379"
"135.50000","4.51665","3,510.10010","0.02157","0.00521","89.52510"
"135.60000","4.52009","3,512.08716","0.02160","0.00527","89.57578"
"135.70000","4.52323","3,512.79858","0.02159","0.00518","89.59393"
"135.80000","4.52674","3,514.30615","0.02162","0.00518","89.63238"
"135.90000","4.53010","3,516.95239","0.02163","0.00514","89.69987"
"136.00000","4.53324","3,518.07959","0.02166","0.00523","89.72861"
"136.10000","4.53668","3,519.65991","0.02168","0.00524","89.76892"
"136.20000","4.53989","3,520.09448","0.02169","0.00521","89.78001"
"136.30000","4.54326","3,522.38647","0.02172","0.00513","89.83846"
"136.40000","4.54662","3,524.07886","0.02174","0.00506","89.88163"
"136.50000","4.55006","3,525.95068","0.02174","0.00503","89.92937"
"136.60000","4.55335","3,527.20703","0.02177","0.00498","89.96141"
"136.70000","4.55656","3,528.93164","0.02178","0.00492","90.00540"
"136.80000","4.56000","3,530.50708","0.02181","0.00492","90.04558"
"136.90000","4.56336","3,531.90015","0.02182","0.00497","90.08111"
"137.00000","4.56650","3,533.62793","0.02185","0.00509","90.12518"
"137.10000","4.57009","3,534.74536","0.02187","0.00537","90.15368"
"137.20000","4.57345","3,537.03882","0.02188","0.00544","90.21217"
"137.30000","4.57659","3,538.49341","0.02191","0.00577","90.24927"
"137.40000","4.58003","3,539.75195","0.02194","0.00585","90.28137"
"137.50000","4.58331","3,540.34351","0.02195","0.00591","90.29646"
"137.60000","4.58660","3,542.60498","0.02198","0.00598","90.35413"
"137.70000","4.58997","3,544.98022","0.02201","0.00581","90.41472"
"137.80000","4.59333","3,546.57812","0.02200","0.00576","90.45547"
"137.90000","4.59669","3,547.68774","0.02205","0.00574","90.48377"
"138.00000","4.59991","3,549.09229","0.02203","0.00572","90.51959"
"138.10000","4.60334","3,551.18359","0.02206","0.00563","90.57294"
"138.20000","4.60663","3,553.04443","0.02205","0.00554","90.62039"
"138.30000","4.60985","3,553.60693","0.02206","0.00560","90.63474"
"138.40000","4.61336","3,555.46777","0.02210","0.00553","90.68221"
"138.50000","4.61672","3,556.08838","0.02209","0.00546","90.69803"
"138.60000","4.61994","3,558.87964","0.02210","0.00541","90.76922"
"138.70000","4.62345","3,559.78955","0.02213","0.00532","90.79243"
"138.80000","4.62674","3,561.32959","0.02211","0.00529","90.83171"
"138.90000","4.62995","3,563.19482","0.02213","0.00531","90.87928"
"139.00000","4.63331","3,565.58154","0.02213","0.00528","90.94016"
"139.10000","4.63668","3,566.59448","0.02217","0.00525","90.96599"
"139.20000","4.63997","3,567.39233","0.02218","0.00526","90.98634"
"139.30000","4.64325","3,569.60938","0.02221","0.00537","91.04288"
"139.40000","4.64677","3,571.43066","0.02224","0.00530","91.08933"
"139.50000","4.64998","3,574.03223","0.02223","0.00530","91.15569"
"139.60000","4.65327","3,574.51807","0.02228","0.00526","91.16808"
"139.70000","4.65663","3,576.29590","0.02228","0.00516","91.21342"
"139.80000","4.65999","3,577.40405","0.02230","0.00512","91.24168"
"139.90000","4.66328","3,578.91577","0.02233","0.00514","91.28024"
"140.00000","4.66672","3,580.71655","0.02235","0.00508","91.32617"
"140.10000","4.67016","3,582.93457","0.02239","0.00525","91.38274"
"140.20000","4.67330","3,584.29858","0.02238","0.00527","91.41753"
"140.30000","4.67659","3,585.59668","0.02241","0.00542","91.45064"
"140.40000","4.68002","3,587.08276","0.02245","0.00579","91.48854"
"140.50000","4.68324","3,588.67529","0.02247","0.00589","91.52916"
"140.60000","4.68660","3,589.99780","0.02250","0.00601","91.56289"
"140.70000","4.69011","3,592.07715","0.02250","0.00609","91.61592"
"140.80000","4.69333","3,594.13916","0.02252","0.00607","91.66852"
"140.90000","4.69662","3,595.09839","0.02253","0.00605","91.69298"
"141.00000","4.69998","3,597.03198","0.02256","0.00595","91.74229"
"141.10000","4.70334","3,599.09766","0.02259","0.00586","91.79498"
"141.20000","4.70656","3,600.19019","0.02257","0.00588","91.82285"
"141.30000","4.70999","3,601.93213","0.02259","0.00585","91.86728"
"141.40000","4.71343","3,603.48779","0.02259","0.00582","91.90695"
"141.50000","4.71665","3,605.79126","0.02263","0.00580","91.96571"
"141.60000","4.72001","3,606.86597","0.02264","0.00574","91.99311"
"141.70000","4.72345","3,608.48389","0.02265","0.00573","92.03438"
"141.80000","4.72651","3,610.00146","0.02266","0.00551","92.07308"
"141.90000","4.72995","3,611.80200","0.02267","0.00545","92.11900"
"142.00000","4.73339","3,613.28174","0.02268","0.00548","92.15675"
"142.10000","4.73660","3,614.88208","0.02269","0.00544","92.19756"
"142.20000","4.74004","3,616.53003","0.02271","0.00552","92.23959"
"142.30000","4.74340","3,617.64014","0.02271","0.00547","92.26791"
"142.40000","4.74669","3,619.08789","0.02271","0.00554","92.30483"
"142.50000","4.74990","3,621.02759","0.02273","0.00551","92.35430"
"142.60000","4.75327","3,622.24438","0.02276","0.00547","92.38534"
"142.70000","4.75670","3,624.48755","0.02278","0.00541","92.44255"
"142.80000","4.75984","3,626.01587","0.02279","0.00537","92.48153"
"142.90000","4.76336","3,627.26294","0.02281","0.00534","92.51334"
"143.00000","4.76687","3,629.67285","0.02284","0.00529","92.57480"
"143.10000","4.76986","3,630.78223","0.02286","0.00521","92.60310"
"143.20000","4.77330","3,632.52319","0.02287","0.00528","92.64750"
"143.30000","4.77666","3,633.93604","0.02289","0.00533","92.68353"
"143.40000","4.77987","3,636.00220","0.02290","0.00527","92.73623"
"143.50000","4.78339","3,636.84009","0.02294","0.00555","92.75761"
"143.60000","4.78675","3,638.51636","0.02297","0.00576","92.80035"
"143.70000","4.79004","3,641.01343","0.02298","0.00610","92.86404"
"143.80000","4.79333","3,641.94653","0.02299","0.00609","92.88784"
"143.90000","4.79661","3,643.97290","0.02302","0.00617","92.93952"
"144.00000","4.80005","3,645.02515","0.02303","0.00613","92.96636"
"144.10000","4.80319","3,646.66553","0.02304","0.00614","93.00820"
"144.20000","4.80663","3,648.25098","0.02306","0.00605","93.04864"
"144.30000","4.81014","3,650.25073","0.02306","0.00593","93.09964"
"144.40000","4.81328","3,651.01538","0.02310","0.00593","93.11914"
"144.50000","4.81672","3,653.09033","0.02311","0.00591","93.17207"
"144.60000","4.82008","3,654.72363","0.02312","0.00597","93.21372"
"144.70000","4.82322","3,656.01099","0.02315","0.00593","93.24656"
"144.80000","4.82666","3,657.21240","0.02317","0.00589","93.27720"
"144.90000","4.82995","3,658.82666","0.02320","0.00571","93.31837"
"145.00000","4.83331","3,660.37891","0.02320","0.00570","93.35796"
"145.10000","4.83660","3,662.30347","0.02323","0.00572","93.40704"
"145.20000","4.83996","3,663.55591","0.02323","0.00558","93.43899"
"145.30000","4.84340","3,665.00659","0.02324","0.00557","93.47599"
"145.40000","4.84654","3,667.13110","0.02326","0.00561","93.53017"
"145.50000","4.84998","3,668.09961","0.02324","0.00561","93.55488"
"145.60000","4.85341","3,670.26562","0.02326","0.00567","93.61012"
"145.70000","4.85655","3,671.63916","0.02327","0.00559","93.64515"
"145.80000","4.86014","3,673.34375","0.02329","0.00564","93.68863"
"145.90000","4.86343","3,675.10767","0.02332","0.00559","93.73362"
"146.00000","4.86657","3,675.76172","0.02334","0.00551","93.75030"
"146.10000","4.87001","3,677.04175","0.02335","0.00548","93.78294"
"146.20000","4.87329","3,678.96631","0.02338","0.00547","93.83203"
"146.30000","4.87666","3,681.17993","0.02339","0.00548","93.88849"
"146.40000","4.87995","3,682.39062","0.02343","0.00540","93.91937"
"146.50000","4.88331","3,683.80615","0.02344","0.00535","93.95547"
"146.60000","4.88675","3,685.86816","0.02345","0.00551","94.00806"
"146.70000","4.88989","3,686.67554","0.02348","0.00565","94.02866"
"146.80000","4.89332","3,688.30981","0.02349","0.00580","94.07034"
"146.90000","4.89661","3,690.39478","0.02350","0.00613","94.12351"
"147.00000","4.89983","3,692.40112","0.02353","0.00631","94.17469"
"147.10000","4.90349","3,692.98975","0.02356","0.00636","94.18970"
"147.20000","4.90678","3,695.14087","0.02355","0.00643","94.24457"
"147.30000","4.90991","3,696.23999","0.02356","0.00629","94.27260"
"147.40000","4.91335","3,698.33179","0.02361","0.00619","94.32595"
"147.50000","4.91672","3,699.28516","0.02363","0.00612","94.35027"
"147.60000","4.91993","3,701.20923","0.02364","0.00609","94.39934"
"147.70000","4.92329","3,702.76758","0.02364","0.00614","94.43909"
"147.80000","4.92666","3,704.38013","0.02365","0.00615","94.48021"
"147.90000","4.93009","3,705.87622","0.02370","0.00616","94.51837"
"148.00000","4.93323","3,707.73071","0.02372","0.00612","94.56567"
"148.10000","4.93675","3,709.90112","0.02373","0.00591","94.62103"
"148.20000","4.94003","3,711.03052","0.02374","0.00586","94.64983"
"148.30000","4.94317","3,711.35596","0.02376","0.00576","94.65813"
"148.40000","4.94669","3,713.87744","0.02376","0.00581","94.72244"
"148.50000","4.94997","3,715.37549","0.02379","0.00573","94.76065"
"148.60000","4.95326","3,716.94800","0.02377","0.00577","94.80076"
"148.70000","4.95670","3,718.67871","0.02382","0.00572","94.84489"
"148.80000","4.96014","3,721.22559","0.02384","0.00577","94.90985"
"148.90000","4.96328","3,722.41211","0.02384","0.00572","94.94012"
"149.00000","4.96657","3,723.17090","0.02386","0.00581","94.95947"
"149.10000","4.97000","3,724.34033","0.02387","0.00578","94.98930"
"149.20000","4.97329","3,726.24878","0.02389","0.00571","95.03797"
"149.30000","4.97658","3,727.48291","0.02391","0.00571","95.06945"
"149.40000","4.98009","3,730.28223","0.02393","0.00565","95.14085"
"149.50000","4.98338","3,731.57300","0.02394","0.00554","95.17377"
"149.60000","4.98652","3,731.91797","0.02401","0.00552","95.18256"
"149.70000","4.99003","3,734.37134","0.02396","0.00560","95.24514"
"149.80000","4.99332","3,735.70386","0.02399","0.00563","95.27912"
"149.90000","4.99661","3,736.92554","0.02399","0.00568","95.31028"
"150.00000","5.00005","3,738.41943","0.02402","0.00575","95.34838"
"150.10000","5.00348","3,740.27856","0.02402","0.00625","95.39580"
"150.20000","5.00662","3,741.45020","0.02404","0.00634","95.42568"
"150.30000","5.00999","3,742.64502","0.02406","0.00644","95.45615"
"150.40000","5.01335","3,743.99194","0.02413","0.00643","95.49051"
"150.50000","5.01656","3,745.41016","0.02412","0.00623","95.52668"
"150.60000","5.01993","3,747.33887","0.02412","0.00630","95.57587"
"150.70000","5.02344","3,749.14062","0.02412","0.00627","95.62183"
"150.80000","5.02665","3,751.10742","0.02418","0.00629","95.67199"
"150.90000","5.02994","3,752.01099","0.02415","0.00626","95.69504"
"151.00000","5.03338","3,754.08521","0.02417","0.00629","95.74794"
"151.10000","5.03667","3,755.43872","0.02421","0.00630","95.78246"
"151.20000","5.03988","3,756.81104","0.02422","0.00619","95.81746"
"151.30000","5.04332","3,757.94702","0.02424","0.00619","95.84644"
"151.40000","5.04668","3,759.40771","0.02428","0.00608","95.88369"
"151.50000","5.04990","3,761.12500","0.02428","0.00597","95.92749"
"151.60000","5.05333","3,762.51831","0.02430","0.00595","95.96303"
"151.70000","5.05677","3,764.78394","0.02433","0.00599","96.02081"
"151.80000","5.05984","3,765.47510","0.02437","0.00588","96.03844"
"151.90000","5.06327","3,766.29639","0.02435","0.00593","96.05939"
"152.00000","5.06671","3,768.70557","0.02438","0.00591","96.12083"
"152.10000","5.07000","3,769.83545","0.02439","0.00595","96.14965"
"152.20000","5.07336","3,771.81128","0.02441","0.00591","96.20004"
"152.30000","5.07673","3,773.42578","0.02443","0.00593","96.24122"
"152.40000","5.08009","3,775.02295","0.02444","0.00588","96.28196"
"152.50000","5.08330","3,776.03296","0.02445","0.00580","96.30772"
"152.60000","5.08667","3,777.75366","0.02449","0.00575","96.35160"
"152.70000","5.09003","3,778.88379","0.02452","0.00579","96.38042"
"152.80000","5.09317","3,779.64795","0.02450","0.00569","96.39992"
"152.90000","5.09668","3,781.92627","0.02458","0.00570","96.45802"
"153.00000","5.10012","3,783.53857","0.02455","0.00573","96.49915"
"153.10000","5.10326","3,784.82764","0.02457","0.00573","96.53203"
"153.20000","5.10662","3,786.51929","0.02454","0.00586","96.57517"
"153.30000","5.10999","3,787.52954","0.02457","0.00623","96.60094"
"153.40000","5.11320","3,789.49536","0.02458","0.00643","96.65108"
"153.50000","5.11664","3,790.73950","0.02460","0.00653","96.68281"
"153.60000","5.12000","3,792.07031","0.02461","0.00642","96.71675"
"153.70000","5.12336","3,793.55298","0.02462","0.00646","96.75456"
"153.80000","5.12665","3,795.00952","0.02465","0.00647","96.79172"
"153.90000","5.12994","3,797.04565","0.02465","0.00640","96.84364"
"154.00000","5.13338","3,797.90063","0.02467","0.00646","96.86546"
"154.10000","5.13644","3,799.23242","0.02472","0.00644","96.89942"
"154.20000","5.14003","3,800.97437","0.02473","0.00650","96.94385"
"154.30000","5.14347","3,802.81128","0.02474","0.00638","96.99070"
"154.40000","5.14653","3,803.76685","0.02477","0.00650","97.01507"
"154.50000","5.15012","3,805.38623","0.02480","0.00627","97.05637"
"154.60000","5.15341","3,807.20337","0.02480","0.00621","97.10271"
"154.70000","5.15655","3,808.03784","0.02483","0.00606","97.12400"
"154.80000","5.15998","3,809.82983","0.02488","0.00608","97.16971"
"154.90000","5.16335","3,811.07227","0.02491","0.00599","97.20139"
"155.00000","5.16671","3,812.98877","0.02494","0.00604","97.25027"
"155.10000","5.17000","3,814.10205","0.02493","0.00608","97.27867"
"155.20000","5.17336","3,815.63574","0.02497","0.00609","97.31779"
"155.30000","5.17680","3,817.85449","0.02499","0.00605","97.37437"
"155.40000","5.17986","3,818.71094","0.02500","0.00608","97.39622"
"155.50000","5.18330","3,820.27441","0.02499","0.00607","97.43610"
"155.60000","5.18674","3,821.83008","0.02501","0.00604","97.47577"
"155.70000","5.18988","3,823.03101","0.02501","0.00603","97.50640"
"155.80000","5.19339","3,824.20020","0.02501","0.00599","97.53622"
"155.90000","5.19675","3,825.49609","0.02505","0.00592","97.56927"
"156.00000","5.19989","3,827.17480","0.02503","0.00584","97.61209"
"156.10000","5.20333","3,828.17456","0.02503","0.00585","97.63759"
"156.20000","5.20662","3,830.19775","0.02505","0.00581","97.68919"
"156.30000","5.20998","3,831.10156","0.02508","0.00590","97.71224"
"156.40000","5.21327","3,832.11792","0.02509","0.00610","97.73817"
"156.50000","5.21671","3,834.07129","0.02510","0.00648","97.78799"
"156.60000","5.22007","3,836.90820","0.02513","0.00654","97.86034"
"156.70000","5.22321","3,836.39819","0.02513","0.00663","97.84734"
"156.80000","5.22665","3,838.07568","0.02516","0.00653","97.89011"
"156.90000","5.23009","3,839.84790","0.02519","0.00656","97.93532"
"157.00000","5.23315","3,841.66309","0.02517","0.00654","97.98161"
"157.10000","5.23674","3,843.36011","0.02521","0.00659","98.02489"
"157.20000","5.24010","3,844.81030","0.02524","0.00656","98.06188"
"157.30000","5.24332","3,845.02930","0.02525","0.00660","98.06747"
"157.40000","5.24668","3,847.15942","0.02528","0.00650","98.12180"
"157.50000","5.25004","3,849.20117","0.02530","0.00657","98.17387"
"157.60000","5.25326","3,850.34692","0.02532","0.00659","98.20309"
"157.70000","5.25654","3,851.28271","0.02534","0.00646","98.22696"
"157.80000","5.25998","3,853.20142","0.02537","0.00634","98.27590"
"157.90000","5.26342","3,854.70166","0.02539","0.00623","98.31416"
"158.00000","5.26656","3,855.71167","0.02543","0.00626","98.33992"
"158.10000","5.27007","3,857.95239","0.02543","0.00625","98.39707"
"158.20000","5.27336","3,858.34424","0.02548","0.00625","98.40707"
"158.30000","5.27650","3,860.01904","0.02549","0.00615","98.44978"
"158.40000","5.28001","3,861.98975","0.02552","0.00620","98.50005"
"158.50000","5.28337","3,862.25293","0.02555","0.00618","98.50676"
"158.60000","5.28659","3,863.60425","0.02553","0.00613","98.54122"
"158.70000","5.29003","3,866.08398","0.02555","0.00629","98.60447"
"158.80000","5.29346","3,866.84229","0.02560","0.00622","98.62381"
"158.90000","5.29660","3,868.98926","0.02560","0.00617","98.67857"
"159.00000","5.29997","3,869.04785","0.02562","0.00610","98.68006"
"159.10000","5.30333","3,870.36426","0.02563","0.00609","98.71364"
"159.20000","5.30662","3,872.88257","0.02566","0.00597","98.77786"
"159.30000","5.30991","3,874.07983","0.02565","0.00585","98.80840"
"159.40000","5.31342","3,875.19824","0.02568","0.00603","98.83693"
"159.50000","5.31671","3,877.13794","0.02570","0.00624","98.88640"
"159.60000","5.31992","3,877.72461","0.02566","0.00637","98.90136"
"159.70000","5.32336","3,879.30078","0.02567","0.00655","98.94156"
"159.80000","5.32665","3,880.74731","0.02568","0.00675","98.97845"
"159.90000","5.32986","3,882.11450","0.02570","0.00668","99.01333"
"160.00000","5.33330","3,883.41724","0.02576","0.00670","99.04655"
"160.10000","5.33674","3,884.34839","0.02575","0.00677","99.07030"
"160.20000","5.33995","3,885.82715","0.02578","0.00676","99.10802"
"160.30000","5.34331","3,887.27637","0.02581","0.00679","99.14498"
"160.40000","5.34668","3,888.54028","0.02582","0.00680","99.17722"
"160.50000","5.34997","3,889.51050","0.02590","0.00683","99.20196"
"160.60000","5.35325","3,890.62134","0.02587","0.00673","99.23029"
"160.62200","5.35415","3,529.00635","0.02587","0.00673","90.00730"
"160.62600","5.35430","3,165.76392","0.02587","0.00673","80.74281"
"160.63000","5.35445","2,747.56763","0.02587","0.00673","70.07671"
"160.63400","5.35467","2,314.49902","0.02587","0.00673","59.03130"
