Modulus (Segment 0.001 mm/mm - 0.008 mm/mm) : Modulus (Segment 0.001 mm/mm - 0.008 mm/mm),"5,895.47976",MPa
Poisson's ratio (Least squares fit) : Poisson's ratio (Least squares fit),"0.12268"
Specimen properties : Gauge length,"15.37000",mm
Specimen properties : Gauge length transverse,"4.87400",mm
Specimen properties : Thickness,"2.59000",mm
Specimen properties : Width,"15.07000",mm

Time,Extension,Load,Video axial strain,Video transverse strain,Calculated Stress
(s),(mm),(N),(mm/mm),(mm/mm),(MPa)
"0.00000","-0.00007","72.98956","-0.00002","0.00002","1.87003"
"0.10000","0.00135","74.22229","0.00002","-0.00001","1.90161"
"0.20000","0.00568","79.76466","0.00009","-0.00005","2.04361"
"0.30000","0.00979","87.05098","0.00019","-0.00013","2.23029"
"0.40000","0.01330","92.39868","0.00023","-0.00016","2.36730"
"0.50000","0.01652","98.28526","0.00027","-0.00017","2.51811"
"0.60000","0.01995","103.11050","0.00036","-0.00022","2.64174"
"0.70000","0.02339","109.52841","0.00037","-0.00010","2.80617"
"0.80000","0.02661","114.24180","0.00041","-0.00014","2.92693"
"0.90000","0.03004","120.67799","0.00048","-0.00009","3.09183"
"1.00000","0.03348","126.02167","0.00051","-0.00020","3.22873"
"1.10000","0.03655","130.97495","0.00051","-0.00004","3.35564"
"1.20000","0.03991","136.29849","0.00050","0.00013","3.49203"
"1.30000","0.04342","142.09618","0.00057","0.00013","3.64057"
"1.40000","0.04664","147.60310","0.00063","0.00017","3.78166"
"1.50000","0.05000","153.32370","0.00068","0.00020","3.92822"
"1.60000","0.05336","158.66602","0.00073","0.00026","4.06510"
"1.70000","0.05673","165.06953","0.00074","0.00003","4.22916"
"1.80000","0.05994","170.24960","0.00080","0.00000","4.36187"
"1.90000","0.06330","175.12604","0.00085","0.00008","4.48681"
"2.00000","0.06674","180.98203","0.00086","0.00011","4.63684"
"2.10000","0.06988","186.81131","0.00088","0.00013","4.78619"
"2.20000","0.07332","191.67355","0.00092","0.00000","4.91077"
"2.30000","0.07683","197.08459","0.00094","-0.00001","5.04940"
"2.40000","0.07989","202.44995","0.00101","-0.00003","5.18686"
"2.50000","0.08333","208.54471","0.00104","0.00007","5.34301"
"2.60000","0.08677","214.34976","0.00108","-0.00005","5.49174"
"2.70000","0.08991","218.59529","0.00107","0.00004","5.60051"
"2.80000","0.09335","224.17526","0.00111","-0.00004","5.74347"
"2.90000","0.09671","230.49922","0.00115","-0.00017","5.90550"
"3.00000","0.10000","235.55920","0.00115","-0.00027","6.03514"
"3.10000","0.10336","240.01024","0.00119","-0.00026","6.14917"
"3.20000","0.10665","246.78204","0.00120","-0.00030","6.32267"
"3.30000","0.11001","252.48604","0.00118","-0.00031","6.46881"
"3.40000","0.11315","257.40317","0.00115","-0.00028","6.59479"
"3.50000","0.11666","262.73276","0.00124","-0.00037","6.73134"
"3.60000","0.12010","268.72052","0.00126","-0.00031","6.88474"
"3.70000","0.12324","273.27002","0.00132","-0.00041","7.00130"
"3.80000","0.12675","278.99173","0.00136","-0.00045","7.14790"
"3.90000","0.13004","284.20227","0.00134","-0.00036","7.28139"
"4.00000","0.13326","289.03259","0.00130","-0.00029","7.40515"
"4.10000","0.13669","294.30188","0.00136","-0.00037","7.54015"
"4.20000","0.13998","300.26721","0.00143","-0.00028","7.69299"
"4.30000","0.14335","305.13947","0.00142","-0.00026","7.81781"
"4.40000","0.14671","310.75497","0.00144","-0.00006","7.96169"
"4.50000","0.15007","316.21527","0.00149","0.00008","8.10158"
"4.60000","0.15343","321.64975","0.00151","0.00008","8.24082"
"4.70000","0.15657","325.95007","0.00153","0.00004","8.35099"
"4.80000","0.15994","331.28677","0.00155","0.00022","8.48772"
"4.90000","0.16337","337.97772","0.00156","0.00039","8.65915"
"5.00000","0.16651","342.90665","0.00161","0.00000","8.78543"
"5.10000","0.17003","347.32126","0.00162","0.00008","8.89853"
"5.20000","0.17346","353.46280","0.00164","0.00001","9.05588"
"5.30000","0.17660","358.70398","0.00167","0.00011","9.19016"
"5.40000","0.18004","364.14816","0.00168","-0.00003","9.32965"
"5.50000","0.18333","369.62082","0.00166","-0.00005","9.46986"
"5.60000","0.18662","374.26163","0.00170","-0.00021","9.58876"
"5.70000","0.18998","380.07718","0.00173","-0.00014","9.73775"
"5.80000","0.19334","384.95081","0.00175","-0.00013","9.86262"
"5.90000","0.19671","390.70294","0.00183","-0.00016","10.00999"
"6.00000","0.19992","395.41266","0.00178","-0.00020","10.13066"
"6.10000","0.20328","400.70163","0.00181","-0.00023","10.26616"
"6.20000","0.20672","406.10428","0.00183","-0.00023","10.40458"
"6.30000","0.20979","411.16275","0.00187","-0.00031","10.53418"
"6.40000","0.21337","416.22861","0.00186","-0.00035","10.66397"
"6.50000","0.21681","422.12662","0.00185","-0.00038","10.81508"
"6.60000","0.21995","426.95670","0.00186","-0.00039","10.93883"
"6.70000","0.22339","432.37946","0.00193","-0.00039","11.07776"
"6.80000","0.22668","436.98599","0.00196","-0.00041","11.19578"
"6.90000","0.22997","442.02652","0.00195","-0.00040","11.32492"
"7.00000","0.23325","447.29645","0.00196","-0.00037","11.45994"
"7.10000","0.23662","452.33319","0.00197","-0.00038","11.58899"
"7.20000","0.24005","457.05032","0.00199","-0.00041","11.70984"
"7.30000","0.24327","461.99695","0.00203","-0.00033","11.83658"
"7.40000","0.24671","467.05487","0.00201","-0.00038","11.96616"
"7.50000","0.25007","472.07523","0.00212","-0.00033","12.09479"
"7.60000","0.25313","477.47763","0.00209","-0.00022","12.23320"
"7.70000","0.25665","482.25882","0.00216","-0.00007","12.35569"
"7.80000","0.26001","486.93362","0.00214","0.00002","12.47546"
"7.90000","0.26322","491.60513","0.00216","0.00010","12.59515"
"8.00000","0.26674","496.19128","0.00216","0.00019","12.71265"
"8.10000","0.27010","501.79294","0.00217","0.00022","12.85617"
"8.20000","0.27331","507.15427","0.00219","0.00018","12.99353"
"8.30000","0.27660","511.11359","0.00220","-0.00006","13.09497"
"8.40000","0.27996","516.64062","0.00226","-0.00005","13.23657"
"8.50000","0.28333","520.89349","0.00229","-0.00002","13.34553"
"8.60000","0.28662","525.89948","0.00232","0.00006","13.47379"
"8.70000","0.29005","530.99652","0.00236","-0.00002","13.60438"
"8.80000","0.29334","536.19415","0.00238","-0.00009","13.73754"
"8.90000","0.29656","541.14319","0.00239","-0.00022","13.86434"
"9.00000","0.30007","546.88214","0.00245","-0.00036","14.01137"
"9.10000","0.30336","550.89856","0.00239","-0.00038","14.11428"
"9.20000","0.30657","555.80859","0.00248","-0.00038","14.24007"
"9.30000","0.31001","560.18079","0.00252","-0.00027","14.35209"
"9.40000","0.31345","564.80981","0.00243","-0.00018","14.47069"
"9.50000","0.31666","568.97675","0.00246","-0.00023","14.57745"
"9.60000","0.31995","574.56177","0.00249","-0.00032","14.72054"
"9.70000","0.32339","578.96149","0.00249","-0.00041","14.83326"
"9.80000","0.32660","584.22589","0.00250","-0.00035","14.96814"
"9.90000","0.32989","588.51349","0.00253","-0.00040","15.07799"
"10.00000","0.33340","593.97314","0.00254","-0.00032","15.21787"
"10.10000","0.33669","597.76453","0.00256","-0.00038","15.31500"
"10.20000","0.33998","602.87921","0.00260","-0.00035","15.44604"
"10.30000","0.34342","607.53009","0.00261","-0.00037","15.56520"
"10.40000","0.34670","612.59955","0.00270","-0.00036","15.69508"
"10.50000","0.34984","616.88409","0.00269","-0.00040","15.80486"
"10.60000","0.35328","622.22870","0.00268","-0.00035","15.94179"
"10.70000","0.35672","627.28790","0.00270","-0.00034","16.07141"
"10.80000","0.35993","631.12024","0.00271","-0.00027","16.16959"
"10.90000","0.36337","635.41296","0.00277","-0.00014","16.27958"
"11.00000","0.36681","640.11395","0.00283","0.00002","16.40002"
"11.10000","0.36987","645.23376","0.00284","0.00009","16.53119"
"11.20000","0.37331","649.20001","0.00287","0.00025","16.63280"
"11.30000","0.37667","653.43488","0.00293","0.00028","16.74130"
"11.40000","0.37989","658.44592","0.00291","0.00042","16.86969"
"11.50000","0.38333","662.20618","0.00297","0.00023","16.96603"
"11.60000","0.38676","667.08698","0.00298","0.00017","17.09108"
"11.70000","0.39005","671.48859","0.00298","-0.00012","17.20385"
"11.80000","0.39327","676.10175","0.00303","-0.00002","17.32204"
"11.90000","0.39655","679.67053","0.00304","-0.00007","17.41348"
"12.00000","0.39999","684.63000","0.00306","-0.00006","17.54054"
"12.10000","0.40313","688.70459","0.00304","-0.00012","17.64493"
"12.20000","0.40664","692.83203","0.00308","-0.00033","17.75068"
"12.30000","0.41016","697.49518","0.00308","-0.00037","17.87015"
"12.40000","0.41322","701.97253","0.00314","-0.00042","17.98486"
"12.50000","0.41666","706.10547","0.00315","-0.00045","18.09075"
"12.60000","0.42002","710.39673","0.00310","-0.00045","18.20069"
"12.70000","0.42324","714.67493","0.00307","-0.00030","18.31030"
"12.80000","0.42667","718.60370","0.00316","-0.00018","18.41096"
"12.90000","0.43004","723.46454","0.00320","-0.00038","18.53550"
"13.00000","0.43340","728.00165","0.00320","-0.00034","18.65174"
"13.10000","0.43669","732.93610","0.00318","-0.00033","18.77816"
"13.20000","0.43998","736.03992","0.00316","-0.00035","18.85768"
"13.30000","0.44341","740.79681","0.00321","-0.00037","18.97956"
"13.40000","0.44655","745.25513","0.00330","-0.00044","19.09378"
"13.50000","0.44999","749.96661","0.00332","-0.00039","19.21449"
"13.60000","0.45343","754.47180","0.00332","-0.00042","19.32992"
"13.70000","0.45657","757.54486","0.00336","-0.00036","19.40865"
"13.80000","0.46008","762.10583","0.00338","-0.00034","19.52551"
"13.90000","0.46344","766.87354","0.00344","-0.00036","19.64766"
"14.00000","0.46658","771.14722","0.00341","-0.00034","19.75715"
"14.10000","0.47002","775.02936","0.00341","-0.00031","19.85661"
"14.20000","0.47323","778.95697","0.00343","-0.00010","19.95724"
"14.30000","0.47660","783.16937","0.00345","-0.00006","20.06516"
"14.40000","0.47996","788.19067","0.00349","0.00013","20.19381"
"14.50000","0.48332","793.06616","0.00349","0.00028","20.31872"
"14.60000","0.48676","796.64215","0.00353","0.00038","20.41034"
"14.70000","0.48983","800.61761","0.00354","0.00044","20.51219"
"14.80000","0.49334","805.07312","0.00356","0.00026","20.62635"
"14.90000","0.49678","809.51379","0.00356","0.00012","20.74012"
"15.00000","0.49984","813.31873","0.00356","0.00003","20.83760"
"15.10000","0.50335","817.80328","0.00356","-0.00021","20.95250"
"15.20000","0.50679","821.90222","0.00359","-0.00015","21.05752"
"15.30000","0.50993","826.16333","0.00360","0.00002","21.16669"
"15.40000","0.51337","829.92847","0.00361","-0.00025","21.26315"
"15.50000","0.51666","834.03979","0.00362","-0.00028","21.36849"
"15.60000","0.51994","837.98535","0.00363","-0.00043","21.46957"
"15.70000","0.52323","842.03455","0.00367","-0.00040","21.57331"
"15.80000","0.52667","846.03809","0.00367","-0.00037","21.67589"
"15.90000","0.53011","851.21729","0.00369","-0.00045","21.80858"
"16.00000","0.53325","854.73938","0.00369","-0.00052","21.89882"
"16.10000","0.53669","858.82538","0.00372","-0.00040","22.00350"
"16.20000","0.54005","862.99518","0.00373","-0.00034","22.11034"
"16.30000","0.54311","866.44275","0.00375","-0.00034","22.19867"
"16.40000","0.54670","870.49762","0.00376","-0.00032","22.30255"
"16.50000","0.55006","874.91980","0.00378","-0.00037","22.41585"
"16.60000","0.55328","878.75018","0.00380","-0.00047","22.51399"
"16.70000","0.55679","882.73157","0.00379","-0.00037","22.61599"
"16.80000","0.56000","887.13898","0.00386","-0.00034","22.72891"
"16.90000","0.56329","890.50970","0.00386","-0.00039","22.81527"
"17.00000","0.56658","894.38922","0.00389","-0.00037","22.91467"
"17.10000","0.56994","898.84985","0.00390","-0.00039","23.02895"
"17.20000","0.57338","903.53729","0.00394","-0.00032","23.14904"
"17.30000","0.57660","905.66772","0.00396","-0.00025","23.20363"
"17.40000","0.58011","911.25574","0.00396","-0.00022","23.34679"
"17.50000","0.58347","914.45343","0.00399","-0.00004","23.42872"
"17.60000","0.58646","918.61066","0.00402","0.00004","23.53523"
"17.70000","0.59005","922.34656","0.00402","0.00022","23.63095"
"17.80000","0.59334","926.30273","0.00405","0.00032","23.73231"
"17.90000","0.59662","930.56512","0.00406","0.00037","23.84151"
"18.00000","0.60006","934.49438","0.00409","0.00032","23.94218"
"18.10000","0.60343","938.87152","0.00409","0.00025","24.05432"
"18.20000","0.60664","942.25677","0.00411","0.00009","24.14106"
"18.30000","0.60993","945.93921","0.00408","-0.00010","24.23540"
"18.40000","0.61329","949.86157","0.00413","-0.00022","24.33589"
"18.50000","0.61665","954.36432","0.00412","-0.00013","24.45126"
"18.60000","0.61987","958.07483","0.00412","-0.00020","24.54632"
"18.70000","0.62338","961.86523","0.00416","-0.00020","24.64343"
"18.80000","0.62674","966.18420","0.00415","-0.00038","24.75409"
"18.90000","0.62996","969.47522","0.00417","-0.00042","24.83840"
"19.00000","0.63340","973.45532","0.00418","-0.00042","24.94038"
"19.10000","0.63668","977.88165","0.00420","-0.00036","25.05378"
"19.20000","0.63990","981.60419","0.00422","-0.00039","25.14915"
"19.30000","0.64334","985.25983","0.00423","-0.00033","25.24281"
"19.40000","0.64677","989.02649","0.00425","-0.00023","25.33932"
"19.50000","0.64999","993.47943","0.00427","-0.00030","25.45340"
"19.60000","0.65335","996.79706","0.00430","-0.00037","25.53840"
"19.70000","0.65671","1,000.86237","0.00432","-0.00037","25.64256"
"19.80000","0.65993","1,004.20917","0.00433","-0.00036","25.72830"
"19.90000","0.66329","1,008.22412","0.00436","-0.00035","25.83117"
"20.00000","0.66673","1,012.42755","0.00436","-0.00042","25.93886"
"20.10000","0.67002","1,015.79706","0.00442","-0.00035","26.02519"
"20.20000","0.67330","1,019.58374","0.00441","-0.00042","26.12221"
"20.30000","0.67674","1,024.77856","0.00444","-0.00037","26.25530"
"20.40000","0.68003","1,027.11523","0.00448","-0.00038","26.31517"
"20.50000","0.68317","1,031.12451","0.00448","-0.00034","26.41789"
"20.60000","0.68661","1,035.17944","0.00450","-0.00018","26.52178"
"20.70000","0.69005","1,038.88379","0.00452","-0.00007","26.61668"
"20.80000","0.69326","1,042.62134","0.00456","0.00006","26.71244"
"20.90000","0.69662","1,046.80457","0.00456","0.00009","26.81962"
"21.00000","0.70014","1,050.41968","0.00454","0.00033","26.91224"
"21.10000","0.70327","1,054.43518","0.00462","0.00023","27.01512"
"21.20000","0.70664","1,058.03711","0.00460","0.00039","27.10740"
"21.30000","0.71000","1,061.75415","0.00461","0.00030","27.20263"
"21.40000","0.71329","1,064.85107","0.00463","0.00035","27.28198"
"21.50000","0.71665","1,069.02710","0.00463","0.00003","27.38897"
"21.60000","0.72009","1,072.61865","0.00464","-0.00022","27.48099"
"21.70000","0.72338","1,076.94238","0.00464","-0.00027","27.59176"
"21.80000","0.72659","1,079.58594","0.00465","-0.00029","27.65949"
"21.90000","0.72996","1,084.40051","0.00463","-0.00029","27.78284"
"22.00000","0.73339","1,087.96594","0.00467","-0.00016","27.87419"
"22.10000","0.73653","1,091.77515","0.00469","-0.00038","27.97178"
"22.20000","0.73997","1,095.14026","0.00469","-0.00037","28.05800"
"22.30000","0.74341","1,099.45898","0.00471","-0.00032","28.16865"
"22.40000","0.74662","1,102.64087","0.00470","-0.00033","28.25017"
"22.50000","0.75006","1,106.16064","0.00475","-0.00011","28.34035"
"22.60000","0.75335","1,110.27515","0.00474","-0.00016","28.44576"
"22.70000","0.75656","1,113.74292","0.00479","-0.00022","28.53461"
"22.80000","0.76000","1,117.36768","0.00480","-0.00024","28.62748"
"22.90000","0.76329","1,120.86450","0.00484","-0.00028","28.71707"
"23.00000","0.76665","1,124.95142","0.00486","-0.00030","28.82178"
"23.10000","0.76994","1,127.30017","0.00487","-0.00035","28.88195"
"23.20000","0.77330","1,131.56274","0.00489","-0.00036","28.99116"
"23.30000","0.77682","1,135.23804","0.00494","-0.00042","29.08533"
"23.40000","0.77988","1,139.62659","0.00493","-0.00038","29.19776"
"23.50000","0.78332","1,143.40894","0.00495","-0.00031","29.29467"
"23.60000","0.78676","1,146.16602","0.00498","-0.00029","29.36530"
"23.70000","0.78989","1,149.84106","0.00502","-0.00034","29.45946"
"23.80000","0.79341","1,154.32861","0.00504","-0.00023","29.57443"
"23.90000","0.79677","1,157.64026","0.00505","-0.00016","29.65928"
"24.00000","0.79998","1,160.65344","0.00507","-0.00002","29.73648"
"24.10000","0.80335","1,165.54456","0.00508","0.00005","29.86179"
"24.20000","0.80664","1,168.61755","0.00509","0.00014","29.94052"
"24.30000","0.81000","1,172.52246","0.00512","0.00027","30.04057"
"24.40000","0.81329","1,175.57837","0.00513","0.00039","30.11886"
"24.50000","0.81665","1,179.24585","0.00516","0.00033","30.21283"
"24.60000","0.82016","1,183.03442","0.00516","0.00028","30.30989"
"24.70000","0.82323","1,187.14526","0.00516","0.00011","30.41521"
"24.80000","0.82666","1,190.00317","0.00515","-0.00015","30.48843"
"24.90000","0.83003","1,194.85181","0.00518","-0.00036","30.61266"
"25.00000","0.83317","1,197.87378","0.00517","-0.00029","30.69008"
"25.10000","0.83668","1,201.27759","0.00521","-0.00018","30.77729"
"25.20000","0.84012","1,204.37402","0.00520","-0.00008","30.85662"
"25.30000","0.84326","1,207.96228","0.00520","-0.00020","30.94855"
"25.40000","0.84669","1,211.40869","0.00522","-0.00029","31.03685"
"25.50000","0.84991","1,215.70007","0.00522","-0.00029","31.14680"
"25.60000","0.85327","1,219.43213","0.00527","-0.00011","31.24242"
"25.70000","0.85656","1,222.97131","0.00531","-0.00016","31.33309"
"25.80000","0.86000","1,226.22888","0.00528","-0.00016","31.41655"
"25.90000","0.86351","1,230.65747","0.00531","-0.00010","31.53001"
"26.00000","0.86657","1,233.63916","0.00532","-0.00015","31.60641"
"26.10000","0.87009","1,236.81775","0.00536","-0.00022","31.68784"
"26.20000","0.87338","1,240.86511","0.00538","-0.00025","31.79154"
"26.30000","0.87644","1,244.13171","0.00540","-0.00029","31.87523"
"26.40000","0.88003","1,246.80786","0.00542","-0.00034","31.94380"
"26.50000","0.88339","1,251.38745","0.00544","-0.00036","32.06113"
"26.60000","0.88668","1,254.51013","0.00545","-0.00032","32.14113"
"26.70000","0.89004","1,258.52136","0.00548","-0.00030","32.24390"
"26.80000","0.89340","1,261.82861","0.00551","-0.00027","32.32863"
"26.90000","0.89669","1,264.45300","0.00554","-0.00027","32.39587"
"27.00000","0.89991","1,267.80566","0.00554","-0.00024","32.48177"
"27.10000","0.90327","1,271.63806","0.00557","-0.00016","32.57996"
"27.20000","0.90671","1,274.74036","0.00558","-0.00005","32.65944"
"27.30000","0.90992","1,278.10437","0.00560","0.00010","32.74563"
"27.40000","0.91343","1,281.81592","0.00561","0.00014","32.84072"
"27.50000","0.91672","1,285.58008","0.00561","0.00022","32.93716"
"27.60000","0.91986","1,288.89648","0.00563","0.00032","33.02213"
"27.70000","0.92337","1,291.44958","0.00563","0.00044","33.08754"
"27.80000","0.92666","1,295.18494","0.00563","0.00041","33.18324"
"27.90000","0.92988","1,298.83972","0.00565","0.00013","33.27687"
"28.00000","0.93339","1,302.28674","0.00567","0.00001","33.36519"
"28.10000","0.93675","1,305.90906","0.00567","-0.00003","33.45800"
"28.20000","0.94004","1,308.78198","0.00567","-0.00023","33.53160"
"28.30000","0.94333","1,311.95618","0.00567","-0.00018","33.61293"
"28.40000","0.94669","1,315.44788","0.00570","-0.00009","33.70238"
"28.50000","0.94998","1,318.69421","0.00570","-0.00001","33.78556"
"28.60000","0.95319","1,322.84045","0.00572","0.00006","33.89178"
"28.70000","0.95671","1,325.72888","0.00575","-0.00003","33.96579"
"28.80000","0.96000","1,329.03650","0.00576","0.00004","34.05053"
"28.90000","0.96328","1,331.95020","0.00576","-0.00004","34.12518"
"29.00000","0.96672","1,335.51685","0.00580","-0.00004","34.21656"
"29.10000","0.97001","1,338.58301","0.00583","-0.00012","34.29512"
"29.20000","0.97322","1,341.63220","0.00584","-0.00009","34.37324"
"29.30000","0.97666","1,345.03687","0.00586","-0.00013","34.46047"
"29.40000","0.98002","1,348.74316","0.00587","-0.00014","34.55542"
"29.50000","0.98331","1,352.55396","0.00589","-0.00016","34.65306"
"29.60000","0.98668","1,355.17261","0.00593","-0.00020","34.72015"
"29.70000","0.99011","1,358.58276","0.00596","-0.00022","34.80752"
"29.80000","0.99325","1,362.32117","0.00596","-0.00027","34.90330"
"29.90000","0.99654","1,365.27454","0.00599","-0.00026","34.97897"
"30.00000","0.99998","1,368.35583","0.00602","-0.00021","35.05791"
"30.10000","1.00334","1,372.37390","0.00600","-0.00023","35.16085"
"30.20000","1.00663","1,374.75354","0.00602","-0.00018","35.22182"
"30.30000","1.01007","1,377.52905","0.00603","-0.00018","35.29293"
"30.40000","1.01343","1,381.29150","0.00605","-0.00006","35.38933"
"30.50000","1.01657","1,384.50586","0.00606","-0.00002","35.47168"
"30.60000","1.01993","1,388.23450","0.00607","0.00022","35.56721"
"30.70000","1.02337","1,391.83862","0.00611","0.00025","35.65955"
"30.80000","1.02651","1,395.02319","0.00607","0.00040","35.74114"
"30.90000","1.03002","1,397.53003","0.00614","0.00031","35.80537"
"31.00000","1.03346","1,401.83813","0.00616","0.00050","35.91574"
"31.10000","1.03668","1,404.35095","0.00618","0.00024","35.98012"
"31.20000","1.03996","1,407.49072","0.00616","0.00003","36.06057"
"31.30000","1.04333","1,410.73853","0.00615","-0.00004","36.14378"
"31.40000","1.04662","1,414.78223","0.00616","-0.00016","36.24738"
"31.50000","1.04998","1,417.12622","0.00617","-0.00014","36.30743"
"31.60000","1.05334","1,420.76819","0.00619","-0.00012","36.40074"
"31.70000","1.05670","1,424.07031","0.00622","0.00002","36.48534"
"31.80000","1.05999","1,426.85034","0.00626","0.00010","36.55657"
"31.90000","1.06336","1,430.40112","0.00624","0.00018","36.64754"
"32.00000","1.06679","1,433.70789","0.00624","0.00008","36.73226"
"32.10000","1.06986","1,436.78430","0.00629","0.00002","36.81108"
"32.20000","1.07330","1,440.01941","0.00632","0.00004","36.89397"
"32.30000","1.07681","1,443.90308","0.00633","-0.00001","36.99347"
"32.40000","1.07995","1,447.25684","0.00640","0.00002","37.07939"
"32.50000","1.08339","1,449.69470","0.00639","0.00004","37.14185"
"32.60000","1.08675","1,453.79016","0.00639","0.00000","37.24678"
"32.70000","1.08996","1,456.29602","0.00639","-0.00012","37.31098"
"32.80000","1.09333","1,459.88538","0.00639","-0.00010","37.40294"
"32.90000","1.09661","1,462.93396","0.00644","-0.00012","37.48104"
"33.00000","1.10005","1,466.29822","0.00648","-0.00020","37.56724"
"33.10000","1.10334","1,469.77454","0.00645","-0.00015","37.65630"
"33.20000","1.10670","1,472.75903","0.00646","-0.00016","37.73277"
"33.30000","1.11022","1,476.16382","0.00648","-0.00019","37.82000"
"33.40000","1.11321","1,478.36548","0.00649","-0.00013","37.87641"
"33.50000","1.11664","1,481.69214","0.00652","-0.00011","37.96164"
"33.60000","1.12008","1,485.18286","0.00651","-0.00003","38.05107"
"33.70000","1.12322","1,487.74548","0.00652","0.00004","38.11673"
"33.80000","1.12673","1,491.41406","0.00653","0.00011","38.21072"
"33.90000","1.13010","1,494.44775","0.00656","0.00010","38.28844"
"34.00000","1.13331","1,498.60559","0.00655","0.00020","38.39497"
"34.10000","1.13667","1,499.96899","0.00657","0.00029","38.42990"
"34.20000","1.13996","1,503.43396","0.00660","0.00042","38.51868"
"34.30000","1.14332","1,506.60400","0.00660","0.00034","38.59989"
"34.40000","1.14654","1,509.49500","0.00662","0.00032","38.67396"
"34.50000","1.14998","1,513.41321","0.00667","0.00009","38.77435"
"34.60000","1.15349","1,516.82739","0.00667","-0.00010","38.86182"
"34.70000","1.15655","1,519.18152","0.00667","-0.00008","38.92213"
"34.80000","1.15999","1,521.88171","0.00671","0.00002","38.99131"
"34.90000","1.16343","1,525.68799","0.00675","0.00011","39.08883"
"35.00000","1.16657","1,528.06909","0.00678","0.00006","39.14984"
"35.10000","1.17001","1,530.82922","0.00682","0.00015","39.22055"
"35.20000","1.17344","1,534.05994","0.00684","0.00021","39.30333"
"35.30000","1.17666","1,537.87671","0.00679","0.00022","39.40112"
"35.40000","1.18002","1,540.18787","0.00681","0.00021","39.46033"
"35.50000","1.18331","1,543.34924","0.00688","0.00016","39.54132"
"35.60000","1.18667","1,546.64648","0.00688","0.00011","39.62580"
"35.70000","1.18989","1,548.92786","0.00690","0.00019","39.68425"
"35.80000","1.19332","1,552.67004","0.00694","0.00016","39.78012"
"35.90000","1.19676","1,556.29102","0.00692","0.00012","39.87290"
"36.00000","1.19990","1,558.53113","0.00691","0.00008","39.93029"
"36.10000","1.20341","1,561.79065","0.00693","0.00003","40.01380"
"36.20000","1.20678","1,564.92126","0.00697","0.00000","40.09401"
"36.30000","1.20984","1,567.28345","0.00696","-0.00008","40.15453"
"36.40000","1.21335","1,570.40039","0.00695","-0.00014","40.23439"
"36.50000","1.21672","1,574.52527","0.00697","-0.00007","40.34007"
"36.60000","1.21993","1,576.12805","0.00696","-0.00006","40.38113"
"36.70000","1.22337","1,578.99731","0.00699","0.00001","40.45464"
"36.80000","1.22673","1,582.60815","0.00700","-0.00001","40.54715"
"36.90000","1.23002","1,586.24841","0.00703","0.00009","40.64042"
"37.00000","1.23323","1,588.52075","0.00702","0.00008","40.69864"
"37.10000","1.23667","1,591.70715","0.00706","0.00024","40.78027"
"37.20000","1.24003","1,594.74292","0.00706","0.00030","40.85805"
"37.30000","1.24325","1,597.78040","0.00706","0.00035","40.93587"
"37.40000","1.24676","1,600.97668","0.00707","0.00035","41.01777"
"37.50000","1.25012","1,603.79932","0.00708","0.00039","41.09008"
"37.60000","1.25326","1,606.01306","0.00712","0.00040","41.14680"
"37.70000","1.25670","1,609.02869","0.00714","0.00015","41.22406"
"37.80000","1.25999","1,611.31494","0.00713","0.00046","41.28263"
"37.90000","1.26320","1,615.07703","0.00718","0.00004","41.37902"
"38.00000","1.26664","1,618.46631","0.00722","0.00018","41.46586"
"38.10000","1.27008","1,621.19189","0.00725","0.00007","41.53569"
"38.20000","1.27329","1,624.23828","0.00726","0.00011","41.61374"
"38.30000","1.27666","1,626.67126","0.00730","0.00006","41.67607"
"38.40000","1.28002","1,630.15906","0.00730","0.00017","41.76543"
"38.50000","1.28331","1,632.80798","0.00733","0.00030","41.83330"
"38.60000","1.28652","1,635.45142","0.00735","0.00025","41.90102"
"38.70000","1.29003","1,638.89990","0.00738","0.00019","41.98938"
"38.80000","1.29340","1,641.94385","0.00739","0.00027","42.06736"
"38.90000","1.29661","1,644.71643","0.00742","0.00023","42.13840"
"39.00000","1.30005","1,648.16602","0.00737","0.00020","42.22678"
"39.10000","1.30341","1,651.01270","0.00740","0.00025","42.29971"
"39.20000","1.30655","1,653.64539","0.00741","0.00023","42.36716"
"39.30000","1.30999","1,655.89624","0.00742","0.00011","42.42483"
"39.40000","1.31335","1,659.00549","0.00744","0.00008","42.50449"
"39.50000","1.31664","1,662.89001","0.00748","0.00006","42.60401"
"39.60000","1.32000","1,665.33533","0.00746","0.00004","42.66666"
"39.70000","1.32337","1,667.91394","0.00750","0.00000","42.73273"
"39.80000","1.32665","1,671.14514","0.00749","-0.00006","42.81551"
"39.90000","1.32987","1,673.59705","0.00749","0.00009","42.87833"
"40.00000","1.33331","1,676.24023","0.00744","0.00013","42.94605"
"40.10000","1.33667","1,679.50208","0.00747","0.00011","43.02962"
"40.20000","1.33996","1,682.15247","0.00746","0.00015","43.09753"
"40.30000","1.34340","1,685.97937","0.00753","0.00012","43.19557"
"40.40000","1.34676","1,687.79065","0.00752","0.00014","43.24198"
"40.50000","1.34997","1,690.35107","0.00760","0.00028","43.30758"
"40.60000","1.35326","1,692.77747","0.00758","0.00039","43.36974"
"40.70000","1.35670","1,696.56653","0.00760","0.00050","43.46682"
"40.80000","1.35991","1,698.98572","0.00757","0.00042","43.52880"
"40.90000","1.36335","1,701.82031","0.00764","0.00056","43.60143"
"41.00000","1.36679","1,705.07288","0.00764","0.00047","43.68476"
"41.10000","1.36993","1,707.15747","0.00768","0.00002","43.73817"
"41.20000","1.37329","1,709.65247","0.00770","0.00015","43.80209"
"41.30000","1.37673","1,713.55420","0.00774","0.00024","43.90205"
"41.40000","1.38002","1,716.04919","0.00775","0.00034","43.96598"
"41.50000","1.38323","1,718.62817","0.00776","0.00026","44.03205"
"41.60000","1.38667","1,720.95300","0.00777","0.00014","44.09161"
"41.70000","1.39011","1,724.49121","0.00780","0.00016","44.18226"
"41.80000","1.39332","1,727.24084","0.00782","0.00027","44.25271"
"41.90000","1.39668","1,729.65698","0.00786","0.00030","44.31461"
"42.00000","1.40012","1,731.96643","0.00785","0.00034","44.37378"
"42.10000","1.40319","1,735.36853","0.00787","0.00033","44.46095"
"42.20000","1.40662","1,738.37170","0.00790","0.00026","44.53789"
"42.30000","1.41006","1,741.16699","0.00793","0.00026","44.60950"
"42.40000","1.41327","1,743.58374","0.00793","0.00025","44.67142"
"42.50000","1.41671","1,745.94824","0.00790","0.00030","44.73200"
"42.60000","1.42008","1,749.32251","0.00789","0.00028","44.81845"
"42.70000","1.42329","1,751.77209","0.00793","0.00027","44.88121"
"42.80000","1.42658","1,754.20618","0.00795","0.00025","44.94358"
"42.90000","1.42994","1,757.25171","0.00795","0.00018","45.02160"
"43.00000","1.43338","1,760.35278","0.00795","0.00016","45.10106"
"43.10000","1.43659","1,762.98303","0.00798","0.00016","45.16844"
"43.20000","1.43996","1,765.23145","0.00798","0.00011","45.22605"
"43.30000","1.44347","1,768.26978","0.00799","0.00016","45.30389"
"43.40000","1.44653","1,770.44421","0.00799","0.00015","45.35960"
"43.50000","1.44997","1,772.94763","0.00801","0.00017","45.42374"
"43.60000","1.45341","1,776.38733","0.00802","0.00023","45.51187"
"43.70000","1.45655","1,779.01392","0.00800","0.00027","45.57916"
"43.80000","1.46013","1,781.37183","0.00807","0.00036","45.63957"
"43.90000","1.46342","1,784.86841","0.00806","0.00050","45.72916"
"44.00000","1.46671","1,787.07910","0.00808","0.00049","45.78579"
"44.10000","1.47000","1,789.78333","0.00807","0.00062","45.85508"
"44.20000","1.47321","1,792.04272","0.00812","0.00061","45.91296"
"44.30000","1.47665","1,795.42383","0.00816","0.00041","45.99959"
"44.40000","1.47987","1,797.74792","0.00817","0.00036","46.05914"
"44.50000","1.48330","1,800.77197","0.00813","0.00025","46.13661"
"44.60000","1.48682","1,803.80310","0.00820","0.00041","46.21427"
"44.70000","1.48988","1,805.82849","0.00819","0.00045","46.26616"
"44.80000","1.49339","1,809.19287","0.00823","0.00022","46.35236"
"44.90000","1.49676","1,811.45020","0.00827","0.00025","46.41019"
"45.00000","1.49982","1,813.62927","0.00825","0.00024","46.46602"
"45.10000","1.50333","1,816.56409","0.00831","0.00019","46.54121"
"45.20000","1.50670","1,819.59827","0.00833","0.00042","46.61895"
"45.30000","1.50998","1,822.34143","0.00830","0.00041","46.68923"
"45.40000","1.51342","1,824.41870","0.00829","0.00042","46.74245"
"45.50000","1.51671","1,827.03345","0.00833","0.00034","46.80944"
"45.60000","1.52000","1,829.72754","0.00830","0.00037","46.87847"
"45.70000","1.52321","1,832.60291","0.00833","0.00034","46.95214"
"45.80000","1.52665","1,835.11877","0.00839","0.00038","47.01659"
"45.90000","1.53009","1,838.28345","0.00838","0.00034","47.09768"
"46.00000","1.53323","1,840.43567","0.00841","0.00030","47.15282"
"46.10000","1.53674","1,843.25256","0.00839","0.00035","47.22499"
"46.20000","1.54010","1,845.77832","0.00837","0.00024","47.28970"
"46.30000","1.54317","1,847.96973","0.00843","0.00015","47.34584"
"46.40000","1.54668","1,851.08594","0.00838","0.00024","47.42568"
"46.50000","1.54997","1,853.23743","0.00841","0.00017","47.48080"
"46.60000","1.55326","1,856.02954","0.00844","0.00025","47.55234"
"46.70000","1.55669","1,858.17554","0.00847","0.00023","47.60732"
"46.80000","1.56006","1,861.16321","0.00848","0.00019","47.68386"
"46.90000","1.56335","1,863.72339","0.00852","0.00025","47.74946"
"47.00000","1.56656","1,866.29968","0.00853","0.00034","47.81546"
"47.10000","1.57000","1,868.57764","0.00851","0.00051","47.87383"
"47.20000","1.57329","1,871.66589","0.00851","0.00064","47.95295"
"47.30000","1.57650","1,873.79565","0.00856","0.00056","48.00751"
"47.40000","1.58001","1,876.83276","0.00857","0.00065","48.08533"
"47.50000","1.58345","1,879.25916","0.00864","0.00044","48.14749"
"47.60000","1.58666","1,881.33740","0.00863","0.00040","48.20074"
"47.70000","1.59003","1,884.39417","0.00866","0.00022","48.27905"
"47.80000","1.59332","1,885.98303","0.00868","0.00039","48.31976"
"47.90000","1.59653","1,888.31335","0.00866","0.00052","48.37946"
"48.00000","1.59997","1,891.19482","0.00863","0.00049","48.45329"
"48.10000","1.60333","1,893.91052","0.00866","0.00038","48.52287"
"48.20000","1.60669","1,895.68201","0.00869","0.00033","48.56825"
"48.30000","1.60998","1,898.47095","0.00875","0.00026","48.63971"
"48.40000","1.61335","1,900.87573","0.00878","0.00032","48.70132"
"48.50000","1.61663","1,904.24805","0.00876","0.00044","48.78772"
"48.60000","1.61985","1,906.02722","0.00880","0.00047","48.83330"
"48.70000","1.62329","1,908.31531","0.00880","0.00046","48.89192"
"48.80000","1.62665","1,910.91467","0.00880","0.00049","48.95852"
"48.90000","1.62994","1,913.48499","0.00877","0.00046","49.02437"
"49.00000","1.63337","1,916.59570","0.00879","0.00047","49.10407"
"49.10000","1.63666","1,918.25195","0.00880","0.00047","49.14650"
"49.20000","1.63988","1,920.78625","0.00885","0.00042","49.21143"
"49.30000","1.64331","1,923.17163","0.00888","0.00041","49.27255"
"49.40000","1.64668","1,925.72620","0.00890","0.00039","49.33800"
"49.50000","1.64989","1,927.74756","0.00888","0.00029","49.38979"
"49.60000","1.65333","1,930.74255","0.00892","0.00028","49.46652"
"49.70000","1.65677","1,933.37000","0.00891","0.00031","49.53384"
"49.80000","1.65998","1,935.19165","0.00892","0.00029","49.58051"
"49.90000","1.66327","1,937.35681","0.00894","0.00031","49.63598"
"50.00000","1.66671","1,941.37671","0.00893","0.00032","49.73897"
"50.10000","1.67000","1,942.84131","0.00893","0.00036","49.77650"
"50.20000","1.67328","1,945.16296","0.00897","0.00034","49.83598"
"50.30000","1.67672","1,947.87256","0.00900","0.00042","49.90540"
"50.40000","1.68016","1,950.69141","0.00901","0.00054","49.97762"
"50.50000","1.68330","1,952.32239","0.00908","0.00059","50.01941"
"50.60000","1.68659","1,955.62024","0.00911","0.00059","50.10390"
"50.70000","1.69003","1,957.45215","0.00914","0.00060","50.15083"
"50.80000","1.69324","1,959.79382","0.00908","0.00065","50.21083"
"50.90000","1.69660","1,962.32837","0.00907","0.00045","50.27576"
"51.00000","1.70004","1,964.48291","0.00915","0.00033","50.33096"
"51.10000","1.70333","1,966.74390","0.00913","0.00061","50.38889"
"51.20000","1.70662","1,969.14490","0.00911","0.00051","50.45041"
"51.30000","1.70998","1,972.35010","0.00913","0.00050","50.53252"
"51.40000","1.71327","1,974.77600","0.00915","0.00044","50.59468"
"51.50000","1.71656","1,976.28955","0.00919","0.00032","50.63345"
"51.60000","1.71992","1,979.16516","0.00920","0.00045","50.70713"
"51.70000","1.72336","1,982.32202","0.00919","0.00046","50.78801"
"51.80000","1.72665","1,984.43701","0.00924","0.00044","50.84220"
"51.90000","1.73001","1,987.06873","0.00922","0.00054","50.90962"
"52.00000","1.73345","1,989.89355","0.00923","0.00061","50.98199"
"52.10000","1.73651","1,991.42114","0.00922","0.00055","51.02113"
"52.20000","1.74002","1,994.64844","0.00924","0.00055","51.10382"
"52.30000","1.74339","1,996.16162","0.00924","0.00054","51.14259"
"52.40000","1.74660","1,998.75330","0.00931","0.00054","51.20898"
"52.50000","1.75011","2,002.14111","0.00933","0.00048","51.29578"
"52.60000","1.75348","2,004.48523","0.00932","0.00044","51.35584"
"52.70000","1.75669","2,006.58386","0.00934","0.00047","51.40961"
"52.80000","1.75998","2,008.62488","0.00933","0.00040","51.46190"
"52.90000","1.76327","2,010.59583","0.00936","0.00036","51.51240"
"53.00000","1.76663","2,013.65222","0.00937","0.00033","51.59070"
"53.10000","1.76984","2,015.52100","0.00940","0.00052","51.63858"
"53.20000","1.77336","2,018.22876","0.00941","0.00040","51.70796"
"53.30000","1.77687","2,021.72583","0.00942","0.00040","51.79755"
"53.40000","1.77986","2,022.80505","0.00948","0.00041","51.82520"
"53.50000","1.78330","2,025.52344","0.00952","0.00041","51.89485"
"53.60000","1.78673","2,028.12036","0.00951","0.00049","51.96138"
"53.70000","1.78987","2,030.65588","0.00951","0.00058","52.02634"
"53.80000","1.79339","2,032.90503","0.00952","0.00062","52.08397"
"53.90000","1.79675","2,035.13611","0.00956","0.00075","52.14113"
"54.00000","1.80004","2,037.72351","0.00957","0.00071","52.20742"
"54.10000","1.80333","2,039.95630","0.00960","0.00076","52.26463"
"54.20000","1.80669","2,042.52637","0.00958","0.00067","52.33047"
"54.30000","1.80998","2,044.75635","0.00961","0.00068","52.38760"
"54.40000","1.81319","2,046.61987","0.00962","0.00051","52.43535"
"54.50000","1.81663","2,048.94971","0.00964","0.00073","52.49504"
"54.60000","1.82014","2,051.87964","0.00965","0.00059","52.57011"
"54.70000","1.82328","2,054.35034","0.00962","0.00049","52.63341"
"54.80000","1.82672","2,056.27637","0.00965","0.00049","52.68275"
"54.90000","1.83008","2,058.64844","0.00965","0.00048","52.74353"
"55.00000","1.83315","2,061.16235","0.00970","0.00055","52.80793"
"55.10000","1.83673","2,063.51001","0.00970","0.00065","52.86808"
"55.20000","1.84002","2,066.30493","0.00967","0.00065","52.93969"
"55.30000","1.84331","2,068.06519","0.00972","0.00063","52.98479"
"55.40000","1.84667","2,070.62036","0.00972","0.00062","53.05025"
"55.50000","1.85004","2,072.70117","0.00971","0.00063","53.10357"
"55.60000","1.85333","2,075.93066","0.00975","0.00053","53.18631"
"55.70000","1.85654","2,076.91406","0.00974","0.00068","53.21150"
"55.80000","1.85998","2,079.38599","0.00979","0.00058","53.27483"
"55.90000","1.86334","2,082.05908","0.00978","0.00062","53.34332"
"56.00000","1.86655","2,083.97778","0.00980","0.00061","53.39248"
"56.10000","1.87007","2,086.44385","0.00983","0.00050","53.45566"
"56.20000","1.87343","2,089.86963","0.00984","0.00052","53.54343"
"56.30000","1.87657","2,090.60913","0.00988","0.00049","53.56237"
"56.40000","1.88001","2,092.66089","0.00989","0.00044","53.61494"
"56.50000","1.88337","2,094.81763","0.00997","0.00043","53.67020"
"56.60000","1.88658","2,097.81519","0.00995","0.00049","53.74700"
"56.70000","1.88995","2,099.33545","0.00997","0.00052","53.78595"
"56.80000","1.89338","2,101.83862","0.01004","0.00047","53.85008"
"56.90000","1.89675","2,104.64697","0.01003","0.00053","53.92203"
"57.00000","1.89996","2,106.32544","0.01005","0.00068","53.96503"
"57.10000","1.90332","2,108.35913","0.01003","0.00070","54.01714"
"57.20000","1.90669","2,111.21021","0.01007","0.00084","54.09018"
"57.30000","1.90983","2,112.53735","0.01005","0.00084","54.12419"
"57.40000","1.91334","2,115.46582","0.01008","0.00081","54.19921"
"57.50000","1.91678","2,117.95044","0.01009","0.00071","54.26287"
"57.60000","1.91992","2,119.90356","0.01015","0.00067","54.31291"
"57.70000","1.92335","2,121.83569","0.01009","0.00069","54.36242"
"57.80000","1.92664","2,124.66968","0.01015","0.00078","54.43502"
"57.90000","1.92993","2,126.25317","0.01012","0.00066","54.47559"
"58.00000","1.93329","2,128.88037","0.01013","0.00066","54.54290"
"58.10000","1.93666","2,130.04175","0.01016","0.00055","54.57266"
"58.20000","1.94002","2,133.40771","0.01015","0.00052","54.65889"
"58.30000","1.94331","2,135.03857","0.01019","0.00061","54.70068"
"58.40000","1.94682","2,137.25391","0.01017","0.00070","54.75743"
"58.50000","1.94996","2,139.82544","0.01018","0.00077","54.82332"
"58.60000","1.95317","2,142.04419","0.01019","0.00075","54.88017"
"58.70000","1.95669","2,144.08569","0.01020","0.00071","54.93247"
"58.80000","1.96012","2,147.34717","0.01021","0.00065","55.01603"
"58.90000","1.96334","2,148.53223","0.01022","0.00070","55.04639"
"59.00000","1.96670","2,150.69580","0.01025","0.00072","55.10182"
"59.10000","1.97014","2,153.37476","0.01025","0.00073","55.17046"
"59.20000","1.97328","2,154.37939","0.01026","0.00072","55.19620"
"59.30000","1.97657","2,157.37939","0.01030","0.00063","55.27306"
"59.40000","1.98000","2,158.78345","0.01033","0.00058","55.30903"
"59.50000","1.98329","2,161.32764","0.01036","0.00059","55.37421"
"59.60000","1.98666","2,163.72339","0.01036","0.00058","55.43560"
"59.70000","1.99009","2,165.60522","0.01041","0.00062","55.48381"
"59.80000","1.99331","2,168.33154","0.01042","0.00067","55.55366"
"59.90000","1.99660","2,169.34644","0.01045","0.00057","55.57966"
"60.00000","1.99996","2,171.54639","0.01047","0.00056","55.63602"
"60.10000","2.00332","2,174.75732","0.01052","0.00061","55.71829"
"60.20000","2.00654","2,175.62769","0.01052","0.00064","55.74059"
"60.30000","2.00997","2,178.89648","0.01052","0.00060","55.82434"
"60.40000","2.01341","2,181.11035","0.01060","0.00060","55.88106"
"60.50000","2.01663","2,183.08887","0.01058","0.00069","55.93175"
"60.60000","2.01999","2,184.95532","0.01059","0.00095","55.97957"
"60.70000","2.02343","2,188.14697","0.01060","0.00090","56.06134"
"60.80000","2.02657","2,189.63672","0.01060","0.00074","56.09951"
"60.90000","2.02993","2,191.28833","0.01060","0.00068","56.14182"
"61.00000","2.03344","2,193.55859","0.01062","0.00087","56.19999"
"61.10000","2.03666","2,195.86377","0.01060","0.00086","56.25905"
"61.20000","2.04002","2,198.30322","0.01062","0.00089","56.32155"
"61.30000","2.04338","2,201.16211","0.01062","0.00073","56.39479"
"61.40000","2.04667","2,202.42017","0.01064","0.00079","56.42702"
"61.50000","2.04988","2,204.49243","0.01067","0.00067","56.48012"
"61.60000","2.05332","2,206.97339","0.01066","0.00071","56.54368"
"61.70000","2.05668","2,208.69824","0.01066","0.00077","56.58787"
"61.80000","2.05997","2,210.38989","0.01068","0.00086","56.63121"
"61.90000","2.06334","2,213.21582","0.01067","0.00088","56.70362"
"62.00000","2.06677","2,215.71387","0.01070","0.00079","56.76762"
"62.10000","2.06984","2,217.35596","0.01073","0.00081","56.80969"
"62.20000","2.07328","2,219.39551","0.01073","0.00089","56.86194"
"62.30000","2.07671","2,221.47949","0.01073","0.00089","56.91533"
"62.40000","2.07993","2,224.22485","0.01077","0.00085","56.98567"
"62.50000","2.08344","2,225.79199","0.01080","0.00088","57.02582"
"62.60000","2.08673","2,228.77051","0.01079","0.00087","57.10213"
"62.70000","2.09002","2,230.15845","0.01083","0.00075","57.13769"
"62.80000","2.09331","2,231.62744","0.01084","0.00066","57.17533"
"62.90000","2.09659","2,234.83398","0.01089","0.00062","57.25748"
"63.00000","2.10003","2,236.96265","0.01087","0.00067","57.31202"
"63.10000","2.10317","2,238.86475","0.01093","0.00071","57.36075"
"63.20000","2.10668","2,239.82471","0.01093","0.00069","57.38535"
"63.30000","2.11020","2,243.09619","0.01099","0.00072","57.46917"
"63.40000","2.11326","2,244.59424","0.01098","0.00078","57.50755"
"63.50000","2.11662","2,246.30396","0.01101","0.00084","57.55135"
"63.60000","2.12006","2,249.30493","0.01100","0.00069","57.62823"
"63.70000","2.12320","2,250.87061","0.01109","0.00061","57.66835"
"63.80000","2.12671","2,253.45654","0.01104","0.00084","57.73460"
"63.90000","2.13008","2,255.65063","0.01108","0.00089","57.79081"
"64.00000","2.13336","2,257.57520","0.01110","0.00090","57.84012"
"64.10000","2.13665","2,259.33276","0.01110","0.00084","57.88515"
"64.20000","2.14002","2,261.38818","0.01108","0.00107","57.93781"
"64.30000","2.14338","2,264.42114","0.01109","0.00086","58.01552"
"64.40000","2.14652","2,266.10425","0.01108","0.00087","58.05864"
"64.50000","2.14996","2,267.61133","0.01111","0.00097","58.09725"
"64.60000","2.15347","2,270.74854","0.01113","0.00090","58.17763"
"64.70000","2.15653","2,272.54590","0.01112","0.00080","58.22368"
"64.80000","2.16005","2,273.95630","0.01116","0.00076","58.25982"
"64.90000","2.16341","2,276.11890","0.01116","0.00081","58.31522"
"65.00000","2.16655","2,278.55005","0.01116","0.00091","58.37751"
"65.10000","2.17006","2,280.53784","0.01117","0.00100","58.42844"
"65.20000","2.17335","2,283.28320","0.01119","0.00097","58.49878"
"65.30000","2.17664","2,284.38647","0.01120","0.00094","58.52704"
"65.40000","2.18000","2,287.01465","0.01122","0.00095","58.59438"
"65.50000","2.18336","2,289.51538","0.01124","0.00094","58.65845"
"65.60000","2.18673","2,291.16211","0.01126","0.00092","58.70063"
"65.70000","2.18987","2,292.91479","0.01126","0.00092","58.74554"
"65.80000","2.19330","2,295.27759","0.01129","0.00088","58.80608"
"65.90000","2.19667","2,297.61938","0.01133","0.00090","58.86607"
"66.00000","2.19988","2,298.57666","0.01134","0.00083","58.89060"
"66.10000","2.20339","2,300.67285","0.01136","0.00087","58.94431"
"66.20000","2.20676","2,303.52881","0.01136","0.00070","59.01748"
"66.30000","2.20990","2,304.93311","0.01138","0.00079","59.05346"
"66.40000","2.21333","2,306.64673","0.01141","0.00079","59.09736"
"66.50000","2.21655","2,308.78418","0.01146","0.00073","59.15212"
"66.60000","2.21984","2,310.80664","0.01145","0.00075","59.20394"
"66.70000","2.22327","2,312.87207","0.01148","0.00078","59.25686"
"66.80000","2.22671","2,315.58130","0.01148","0.00085","59.32627"
"66.90000","2.23007","2,317.68384","0.01151","0.00084","59.38013"
"67.00000","2.23329","2,319.59741","0.01154","0.00080","59.42916"
"67.10000","2.23665","2,321.21240","0.01155","0.00098","59.47054"
"67.20000","2.24001","2,323.99243","0.01157","0.00094","59.54176"
"67.30000","2.24315","2,325.39111","0.01162","0.00097","59.57760"
"67.40000","2.24674","2,327.69507","0.01157","0.00092","59.63663"
"67.50000","2.25010","2,329.71680","0.01167","0.00089","59.68842"
"67.60000","2.25332","2,331.66309","0.01159","0.00098","59.73829"
"67.70000","2.25676","2,334.44189","0.01164","0.00090","59.80948"
"67.80000","2.26004","2,335.77222","0.01161","0.00112","59.84357"
"67.90000","2.26326","2,337.19653","0.01163","0.00103","59.88006"
"68.00000","2.26662","2,340.08423","0.01163","0.00087","59.95404"
"68.10000","2.26998","2,341.83447","0.01165","0.00089","59.99889"
"68.20000","2.27335","2,343.96655","0.01167","0.00083","60.05351"
"68.30000","2.27656","2,344.87842","0.01165","0.00087","60.07687"
"68.40000","2.28007","2,348.44092","0.01171","0.00097","60.16814"
"68.50000","2.28336","2,349.69702","0.01171","0.00107","60.20033"
"68.60000","2.28650","2,351.90063","0.01175","0.00105","60.25679"
"68.70000","2.29001","2,353.31494","0.01174","0.00106","60.29302"
"68.80000","2.29338","2,356.06421","0.01177","0.00106","60.36346"
"68.90000","2.29659","2,357.55640","0.01179","0.00106","60.40169"
"69.00000","2.30010","2,360.24414","0.01180","0.00104","60.47055"
"69.10000","2.30347","2,362.08276","0.01185","0.00104","60.51765"
"69.20000","2.30660","2,363.92236","0.01184","0.00102","60.56479"
"69.30000","2.30997","2,365.28174","0.01189","0.00092","60.59961"
"69.40000","2.31333","2,367.21289","0.01187","0.00088","60.64909"
"69.50000","2.31662","2,369.95557","0.01193","0.00086","60.71936"
"69.60000","2.31998","2,371.31934","0.01190","0.00080","60.75430"
"69.70000","2.32350","2,373.50391","0.01194","0.00086","60.81027"
"69.80000","2.32663","2,376.17407","0.01195","0.00091","60.87868"
"69.90000","2.32992","2,377.04785","0.01195","0.00089","60.90107"
"70.00000","2.33336","2,379.05298","0.01196","0.00088","60.95244"
"70.10000","2.33672","2,381.09985","0.01200","0.00089","61.00488"
"70.20000","2.33986","2,383.22534","0.01200","0.00090","61.05934"
"70.30000","2.34330","2,384.98535","0.01201","0.00091","61.10443"
"70.40000","2.34681","2,388.01123","0.01203","0.00092","61.18195"
"70.50000","2.34995","2,389.34106","0.01203","0.00095","61.21603"
"70.60000","2.35332","2,391.73242","0.01205","0.00108","61.27729"
"70.70000","2.35668","2,393.14038","0.01207","0.00098","61.31337"
"70.80000","2.35982","2,395.03784","0.01205","0.00104","61.36198"
"70.90000","2.36326","2,397.75562","0.01214","0.00108","61.43161"
"71.00000","2.36669","2,400.66138","0.01213","0.00097","61.50606"
"71.10000","2.36998","2,402.11938","0.01212","0.00112","61.54341"
"71.20000","2.37327","2,403.38159","0.01224","0.00092","61.57575"
"71.30000","2.37671","2,405.40161","0.01219","0.00097","61.62751"
"71.40000","2.38000","2,408.04224","0.01217","0.00092","61.69516"
"71.50000","2.38321","2,409.62402","0.01216","0.00096","61.73568"
"71.60000","2.38665","2,411.69653","0.01221","0.00091","61.78878"
"71.70000","2.39009","2,413.41650","0.01219","0.00101","61.83285"
"71.80000","2.39330","2,415.46509","0.01222","0.00113","61.88533"
"71.90000","2.39674","2,417.88379","0.01224","0.00114","61.94730"
"72.00000","2.40010","2,419.82666","0.01224","0.00121","61.99708"
"72.10000","2.40324","2,421.78662","0.01229","0.00118","62.04729"
"72.20000","2.40668","2,422.62524","0.01232","0.00113","62.06878"
"72.30000","2.41004","2,425.62915","0.01232","0.00112","62.14574"
"72.40000","2.41325","2,426.99756","0.01234","0.00106","62.18080"
"72.50000","2.41662","2,428.61914","0.01236","0.00109","62.22235"
"72.60000","2.42006","2,431.30444","0.01239","0.00108","62.29115"
"72.70000","2.42334","2,433.50928","0.01241","0.00105","62.34764"
"72.80000","2.42663","2,434.91504","0.01241","0.00097","62.38365"
"72.90000","2.42992","2,436.55957","0.01244","0.00095","62.42579"
"73.00000","2.43336","2,439.03687","0.01245","0.00103","62.48925"
"73.10000","2.43650","2,440.94629","0.01245","0.00095","62.53817"
"73.20000","2.44001","2,442.31250","0.01250","0.00099","62.57318"
"73.30000","2.44345","2,444.94604","0.01249","0.00093","62.64065"
"73.40000","2.44659","2,446.35718","0.01250","0.00096","62.67680"
"73.50000","2.45002","2,448.72754","0.01249","0.00098","62.73753"
"73.60000","2.45339","2,449.94116","0.01257","0.00095","62.76863"
"73.70000","2.45660","2,452.09253","0.01253","0.00099","62.82375"
"73.80000","2.45996","2,453.58374","0.01254","0.00107","62.86195"
"73.90000","2.46340","2,456.21875","0.01254","0.00107","62.92946"
"74.00000","2.46669","2,458.66040","0.01256","0.00105","62.99202"
"74.10000","2.47005","2,459.20166","0.01258","0.00109","63.00589"
"74.20000","2.47334","2,462.06421","0.01266","0.00100","63.07923"
"74.30000","2.47671","2,463.76221","0.01262","0.00092","63.12273"
"74.40000","2.47984","2,465.46216","0.01262","0.00120","63.16628"
"74.50000","2.48328","2,467.63599","0.01264","0.00121","63.22198"
"74.60000","2.48672","2,469.64771","0.01267","0.00112","63.27352"
"74.70000","2.48993","2,471.50122","0.01275","0.00112","63.32101"
"74.80000","2.49345","2,473.60815","0.01271","0.00108","63.37499"
"74.90000","2.49681","2,476.10498","0.01272","0.00114","63.43896"
"75.00000","2.49987","2,478.08423","0.01272","0.00117","63.48967"
"75.10000","2.50331","2,479.64941","0.01277","0.00129","63.52977"
"75.20000","2.50660","2,481.81567","0.01277","0.00129","63.58527"
"75.30000","2.50996","2,483.44531","0.01281","0.00129","63.62702"
"75.40000","2.51333","2,485.67358","0.01282","0.00123","63.68411"
"75.50000","2.51669","2,486.73755","0.01283","0.00120","63.71137"
"75.60000","2.52005","2,489.49780","0.01288","0.00123","63.78209"
"75.70000","2.52319","2,491.01416","0.01287","0.00121","63.82094"
"75.80000","2.52663","2,493.06689","0.01289","0.00123","63.87353"
"75.90000","2.53007","2,494.84546","0.01290","0.00115","63.91910"
"76.00000","2.53321","2,496.65796","0.01291","0.00113","63.96553"
"76.10000","2.53679","2,498.67969","0.01294","0.00110","64.01733"
"76.20000","2.54016","2,500.62134","0.01297","0.00107","64.06708"
"76.30000","2.54330","2,502.92822","0.01304","0.00103","64.12618"
"76.40000","2.54673","2,504.96411","0.01296","0.00107","64.17834"
"76.50000","2.54995","2,506.20386","0.01299","0.00103","64.21011"
"76.60000","2.55331","2,508.45190","0.01305","0.00106","64.26770"
"76.70000","2.55660","2,510.07373","0.01305","0.00100","64.30925"
"76.80000","2.55996","2,512.42554","0.01302","0.00095","64.36951"
"76.90000","2.56340","2,514.70093","0.01311","0.00103","64.42780"
"77.00000","2.56661","2,515.47046","0.01310","0.00100","64.44752"
"77.10000","2.56998","2,516.62939","0.01306","0.00098","64.47721"
"77.20000","2.57334","2,519.93701","0.01300","0.00108","64.56195"
"77.30000","2.57655","2,521.12036","0.01310","0.00101","64.59227"
"77.40000","2.57999","2,523.70825","0.01311","0.00113","64.65858"
"77.50000","2.58343","2,525.49731","0.01306","0.00101","64.70441"
"77.60000","2.58664","2,526.75220","0.01307","0.00101","64.73656"
"77.70000","2.59008","2,529.45288","0.01316","0.00112","64.80576"
"77.80000","2.59337","2,530.44189","0.01313","0.00101","64.83109"
"77.90000","2.59658","2,532.13916","0.01317","0.00102","64.87458"
"78.00000","2.59995","2,534.27808","0.01318","0.00109","64.92938"
"78.10000","2.60338","2,536.78955","0.01321","0.00102","64.99372"
"78.20000","2.60667","2,538.15674","0.01322","0.00114","65.02876"
"78.30000","2.60996","2,539.63159","0.01326","0.00131","65.06654"
"78.40000","2.61347","2,542.28052","0.01329","0.00130","65.13441"
"78.50000","2.61669","2,544.29590","0.01330","0.00135","65.18604"
"78.60000","2.61990","2,546.39941","0.01332","0.00129","65.23994"
"78.70000","2.62334","2,547.29736","0.01334","0.00127","65.26294"
"78.80000","2.62670","2,548.96289","0.01338","0.00127","65.30561"
"78.90000","2.62992","2,551.04639","0.01336","0.00131","65.35899"
"79.00000","2.63335","2,553.97437","0.01340","0.00128","65.43401"
"79.10000","2.63679","2,555.25439","0.01339","0.00122","65.46680"
"79.20000","2.63993","2,556.56616","0.01341","0.00115","65.50041"
"79.30000","2.64329","2,558.45703","0.01345","0.00111","65.54886"
"79.40000","2.64666","2,560.78027","0.01345","0.00117","65.60838"
"79.50000","2.64987","2,562.43042","0.01357","0.00115","65.65066"
"79.60000","2.65323","2,564.19824","0.01356","0.00116","65.69595"
"79.70000","2.65675","2,566.16260","0.01363","0.00115","65.74628"
"79.80000","2.66004","2,568.48071","0.01361","0.00115","65.80566"
"79.90000","2.66332","2,569.49463","0.01363","0.00110","65.83164"
"80.00000","2.66669","2,571.88452","0.01360","0.00115","65.89288"
"80.10000","2.66998","2,573.64600","0.01354","0.00107","65.93800"
"80.20000","2.67319","2,574.73218","0.01353","0.00111","65.96584"
"80.30000","2.67670","2,576.30054","0.01354","0.00105","66.00601"
"80.40000","2.68014","2,579.52686","0.01362","0.00109","66.08868"
"80.50000","2.68328","2,580.66235","0.01360","0.00111","66.11777"
"80.60000","2.68672","2,582.99609","0.01355","0.00117","66.17756"
"80.70000","2.69008","2,584.92725","0.01359","0.00123","66.22704"
"80.80000","2.69322","2,586.63403","0.01359","0.00100","66.27076"
"80.90000","2.69658","2,588.50439","0.01362","0.00101","66.31868"
"81.00000","2.70002","2,589.52710","0.01363","0.00110","66.34489"
"81.10000","2.70331","2,592.34302","0.01364","0.00121","66.41703"
"81.20000","2.70667","2,594.34814","0.01365","0.00133","66.46840"
"81.30000","2.71003","2,597.11475","0.01369","0.00119","66.53928"
"81.40000","2.71332","2,597.27954","0.01373","0.00123","66.54350"
"81.50000","2.71654","2,599.88477","0.01376","0.00131","66.61025"
"81.60000","2.71990","2,601.15967","0.01379","0.00135","66.64291"
"81.70000","2.72334","2,604.16113","0.01382","0.00143","66.71982"
"81.80000","2.72655","2,605.40991","0.01379","0.00140","66.75181"
"81.90000","2.72999","2,607.76953","0.01384","0.00142","66.81226"
"82.00000","2.73350","2,609.06152","0.01385","0.00141","66.84537"
"82.10000","2.73657","2,610.80566","0.01392","0.00143","66.89005"
"82.20000","2.74000","2,612.91382","0.01389","0.00144","66.94406"
"82.30000","2.74337","2,614.37549","0.01390","0.00141","66.98151"
"82.40000","2.74658","2,617.27612","0.01397","0.00136","67.05582"
"82.50000","2.75002","2,618.12256","0.01404","0.00133","67.07751"
"82.60000","2.75338","2,620.40723","0.01411","0.00131","67.13605"
"82.70000","2.75667","2,622.51392","0.01403","0.00127","67.19003"
"82.80000","2.75996","2,623.46387","0.01403","0.00123","67.21436"
"82.90000","2.76332","2,626.37500","0.01411","0.00125","67.28895"
"83.00000","2.76668","2,628.22095","0.01408","0.00122","67.33624"
"83.10000","2.76990","2,629.45264","0.01413","0.00125","67.36780"
"83.20000","2.77334","2,630.54858","0.01409","0.00124","67.39587"
"83.30000","2.77677","2,633.30688","0.01409","0.00119","67.46655"
"83.40000","2.77991","2,635.08276","0.01413","0.00117","67.51204"
"83.50000","2.78335","2,637.15723","0.01410","0.00118","67.56519"
"83.60000","2.78671","2,638.98364","0.01409","0.00114","67.61198"
"83.70000","2.78985","2,640.50049","0.01405","0.00110","67.65085"
"83.80000","2.79329","2,642.14844","0.01408","0.00120","67.69307"
"83.90000","2.79665","2,644.33057","0.01406","0.00120","67.74898"
"84.00000","2.80002","2,645.99243","0.01408","0.00131","67.79155"
"84.10000","2.80331","2,647.60791","0.01410","0.00117","67.83294"
"84.20000","2.80667","2,649.81274","0.01411","0.00122","67.88943"
"84.30000","2.81003","2,651.33716","0.01415","0.00105","67.92849"
"84.40000","2.81317","2,653.47437","0.01422","0.00104","67.98325"
"84.50000","2.81661","2,655.40430","0.01416","0.00137","68.03269"
"84.60000","2.82012","2,657.29639","0.01427","0.00129","68.08116"
"84.70000","2.82326","2,659.35010","0.01421","0.00132","68.13378"
"84.80000","2.82677","2,661.88013","0.01423","0.00144","68.19860"
"84.90000","2.83014","2,662.96118","0.01428","0.00143","68.22630"
"85.00000","2.83320","2,664.68848","0.01429","0.00154","68.27055"
"85.10000","2.83664","2,666.26318","0.01434","0.00154","68.31090"
"85.20000","2.83993","2,668.07495","0.01434","0.00149","68.35732"
"85.30000","2.84329","2,669.99976","0.01435","0.00149","68.40663"
"85.40000","2.84665","2,671.75562","0.01444","0.00149","68.45161"
"85.50000","2.84994","2,673.17749","0.01456","0.00146","68.48804"
"85.60000","2.85338","2,676.46655","0.01448","0.00143","68.57231"
"85.70000","2.85652","2,677.11890","0.01448","0.00140","68.58903"
"85.80000","2.85996","2,678.60864","0.01458","0.00137","68.62720"
"85.90000","2.86332","2,681.01123","0.01459","0.00136","68.68875"
"86.00000","2.86646","2,683.33691","0.01459","0.00134","68.74834"
"86.10000","2.87005","2,684.98315","0.01463","0.00135","68.79051"
"86.20000","2.87341","2,687.30493","0.01454","0.00131","68.85000"
"86.30000","2.87662","2,688.66968","0.01462","0.00131","68.88496"
"86.40000","2.88006","2,690.40771","0.01464","0.00129","68.92949"
"86.50000","2.88335","2,692.34253","0.01461","0.00127","68.97906"
"86.60000","2.88664","2,694.03247","0.01467","0.00126","69.02236"
"86.70000","2.88993","2,695.92407","0.01454","0.00118","69.07082"
"86.80000","2.89336","2,697.88696","0.01463","0.00122","69.12112"
"86.90000","2.89673","2,699.73120","0.01466","0.00111","69.16837"
"87.00000","2.89994","2,700.65918","0.01464","0.00123","69.19214"
"87.10000","2.90338","2,702.97803","0.01468","0.00119","69.25155"
"87.20000","2.90674","2,705.62793","0.01460","0.00134","69.31944"
"87.30000","2.90981","2,706.36646","0.01463","0.00137","69.33836"
"87.40000","2.91339","2,708.42798","0.01466","0.00116","69.39118"
"87.50000","2.91676","2,711.24219","0.01463","0.00114","69.46328"
"87.60000","2.91997","2,712.00269","0.01466","0.00115","69.48277"
"87.70000","2.92333","2,713.83691","0.01468","0.00136","69.52976"
"87.80000","2.92677","2,715.94727","0.01471","0.00148","69.58383"
"87.90000","2.92991","2,717.11108","0.01475","0.00144","69.61365"
"88.00000","2.93327","2,719.35376","0.01474","0.00141","69.67110"
"88.10000","2.93664","2,721.47974","0.01483","0.00144","69.72557"
"88.20000","2.93992","2,722.08887","0.01480","0.00150","69.74118"
"88.30000","2.94321","2,724.99561","0.01493","0.00155","69.81565"
"88.40000","2.94680","2,726.51855","0.01487","0.00158","69.85467"
"88.50000","2.95001","2,729.00513","0.01490","0.00158","69.91837"
"88.60000","2.95323","2,730.09399","0.01492","0.00156","69.94627"
"88.70000","2.95667","2,730.81519","0.01495","0.00156","69.96475"
"88.80000","2.96003","2,733.73340","0.01498","0.00158","70.03952"
"88.90000","2.96324","2,735.86816","0.01503","0.00157","70.09421"
"89.00000","2.96668","2,736.72949","0.01508","0.00150","70.11628"
"89.10000","2.97012","2,738.03491","0.01505","0.00147","70.14973"
"89.20000","2.97333","2,740.38550","0.01508","0.00143","70.20995"
"89.30000","2.97662","2,742.66016","0.01510","0.00138","70.26823"
"89.40000","2.97998","2,744.25757","0.01510","0.00144","70.30915"
"89.50000","2.98327","2,745.60791","0.01511","0.00139","70.34375"
"89.60000","2.98656","2,748.02490","0.01505","0.00141","70.40567"
"89.70000","2.99007","2,750.42700","0.01507","0.00131","70.46722"
"89.80000","2.99336","2,752.19336","0.01513","0.00137","70.51247"
"89.90000","2.99658","2,753.15112","0.01515","0.00137","70.53701"
"90.00000","3.00001","2,755.40454","0.01505","0.00132","70.59474"
"90.10000","3.00338","2,757.36646","0.01506","0.00126","70.64500"
"90.20000","3.00652","2,758.65308","0.01517","0.00116","70.67797"
"90.30000","3.00995","2,760.22266","0.01518","0.00116","70.71819"
"90.40000","3.01339","2,762.54004","0.01522","0.00133","70.77756"
"90.50000","3.01661","2,763.82080","0.01515","0.00143","70.81037"
"90.60000","3.02004","2,766.11328","0.01521","0.00136","70.86910"
"90.70000","3.02348","2,768.05811","0.01522","0.00129","70.91893"
"90.80000","3.02655","2,769.07544","0.01520","0.00116","70.94500"
"90.90000","3.02991","2,771.35107","0.01519","0.00118","71.00330"
"91.00000","3.03335","2,773.03345","0.01523","0.00144","71.04640"
"91.10000","3.03663","2,774.50806","0.01526","0.00147","71.08418"
"91.20000","3.04007","2,776.90088","0.01536","0.00153","71.14548"
"91.30000","3.04336","2,778.10596","0.01537","0.00154","71.17636"
"91.40000","3.04672","2,780.21265","0.01535","0.00156","71.23034"
"91.50000","3.04994","2,781.33032","0.01544","0.00165","71.25897"
"91.60000","3.05323","2,782.47119","0.01544","0.00168","71.28820"
"91.70000","3.05666","2,784.91064","0.01546","0.00165","71.35070"
"91.80000","3.05988","2,787.23828","0.01547","0.00166","71.41034"
"91.90000","3.06339","2,788.88037","0.01551","0.00165","71.45241"
"92.00000","3.06683","2,791.09058","0.01550","0.00166","71.50903"
"92.10000","3.06997","2,791.82056","0.01545","0.00169","71.52774"
"92.20000","3.07333","2,794.28857","0.01554","0.00167","71.59097"
"92.30000","3.07662","2,795.54980","0.01554","0.00159","71.62328"
"92.40000","3.07983","2,797.51099","0.01555","0.00157","71.67353"
"92.50000","3.08327","2,799.49170","0.01553","0.00149","71.72427"
"92.60000","3.08663","2,801.66113","0.01560","0.00147","71.77985"
"92.70000","3.09000","2,803.08130","0.01551","0.00148","71.81625"
"92.80000","3.09336","2,805.27295","0.01556","0.00144","71.87239"
"92.90000","3.09665","2,807.03687","0.01560","0.00142","71.91759"
"93.00000","3.10009","2,809.51831","0.01560","0.00141","71.98116"
"93.10000","3.10315","2,810.55688","0.01563","0.00143","72.00777"
"93.20000","3.10666","2,811.70093","0.01564","0.00140","72.03708"
"93.30000","3.11018","2,814.27637","0.01566","0.00135","72.10307"
"93.40000","3.11324","2,815.62402","0.01562","0.00119","72.13760"
"93.50000","3.11675","2,817.25317","0.01559","0.00123","72.17933"
"93.60000","3.12012","2,819.77051","0.01566","0.00130","72.24383"
"93.70000","3.12325","2,820.60791","0.01566","0.00135","72.26528"
"93.80000","3.12669","2,822.94653","0.01572","0.00149","72.32520"
"93.90000","3.12998","2,824.66479","0.01572","0.00148","72.36922"
"94.00000","3.13334","2,826.53320","0.01579","0.00141","72.41709"
"94.10000","3.13663","2,828.57349","0.01573","0.00131","72.46936"
"94.20000","3.14000","2,830.31592","0.01573","0.00125","72.51401"
"94.30000","3.14343","2,831.64233","0.01576","0.00148","72.54799"
"94.40000","3.14650","2,833.10376","0.01590","0.00154","72.58543"
"94.50000","3.14994","2,835.40649","0.01590","0.00165","72.64443"
"94.60000","3.15337","2,837.14209","0.01591","0.00159","72.68890"
"94.70000","3.15651","2,838.55811","0.01590","0.00169","72.72517"
"94.80000","3.16010","2,840.42871","0.01593","0.00173","72.77310"
"94.90000","3.16346","2,842.58398","0.01595","0.00176","72.82832"
"95.00000","3.16660","2,844.36182","0.01594","0.00181","72.87387"
"95.10000","3.16997","2,845.55444","0.01596","0.00175","72.90443"
"95.20000","3.17333","2,848.24414","0.01595","0.00175","72.97334"
"95.30000","3.17662","2,849.76709","0.01597","0.00172","73.01235"
"95.40000","3.17998","2,851.01562","0.01601","0.00173","73.04434"
"95.50000","3.18342","2,853.42944","0.01601","0.00173","73.10619"
"95.60000","3.18678","2,855.28101","0.01604","0.00167","73.15363"
"95.70000","3.18992","2,856.33838","0.01605","0.00163","73.18071"
"95.80000","3.19336","2,858.07983","0.01606","0.00160","73.22533"
"95.90000","3.19672","2,860.25684","0.01608","0.00157","73.28111"
"96.00000","3.19986","2,861.53320","0.01605","0.00159","73.31380"
"96.10000","3.20345","2,864.00708","0.01608","0.00151","73.37719"
"96.20000","3.20674","2,866.53076","0.01615","0.00154","73.44185"
"96.30000","3.20995","2,866.77954","0.01615","0.00152","73.44822"
"96.40000","3.21339","2,868.89575","0.01616","0.00152","73.50244"
"96.50000","3.21675","2,871.44434","0.01616","0.00145","73.56773"
"96.60000","3.21996","2,872.79907","0.01618","0.00135","73.60245"
"96.70000","3.22318","2,874.20581","0.01617","0.00123","73.63849"
"96.80000","3.22669","2,876.06250","0.01611","0.00132","73.68606"
"96.90000","3.23005","2,878.54590","0.01625","0.00135","73.74968"
"97.00000","3.23319","2,879.87549","0.01618","0.00158","73.78374"
"97.10000","3.23671","2,881.73413","0.01628","0.00161","73.83137"
"97.20000","3.24007","2,883.19092","0.01631","0.00157","73.86869"
"97.30000","3.24321","2,885.25854","0.01633","0.00156","73.92166"
"97.40000","3.24672","2,886.70630","0.01637","0.00140","73.95876"
"97.50000","3.25008","2,888.80713","0.01639","0.00145","74.01258"
"97.60000","3.25330","2,890.28857","0.01640","0.00152","74.05053"
"97.70000","3.25673","2,892.47339","0.01636","0.00149","74.10651"
"97.80000","3.26017","2,894.82227","0.01638","0.00160","74.16669"
"97.90000","3.26331","2,895.65576","0.01643","0.00164","74.18804"
"98.00000","3.26660","2,896.84204","0.01643","0.00183","74.21844"
"98.10000","3.27004","2,899.08374","0.01644","0.00177","74.27587"
"98.20000","3.27333","2,901.72876","0.01644","0.00182","74.34364"
"98.30000","3.27661","2,902.81616","0.01644","0.00178","74.37150"
"98.40000","3.28013","2,904.37158","0.01643","0.00180","74.41135"
"98.50000","3.28334","2,906.52954","0.01646","0.00175","74.46664"
"98.60000","3.28655","2,907.90161","0.01648","0.00181","74.50179"
"98.70000","3.28999","2,909.33228","0.01647","0.00174","74.53844"
"98.80000","3.29336","2,912.15894","0.01650","0.00172","74.61086"
"98.90000","3.29657","2,912.52661","0.01651","0.00170","74.62029"
"99.00000","3.30001","2,914.79858","0.01652","0.00172","74.67849"
"99.10000","3.30345","2,917.14087","0.01655","0.00163","74.73850"
"99.20000","3.30658","2,918.15283","0.01657","0.00162","74.76443"
"99.30000","3.31002","2,919.43018","0.01658","0.00167","74.79716"
"99.40000","3.31339","2,922.22217","0.01660","0.00157","74.86868"
"99.50000","3.31660","2,923.23267","0.01661","0.00155","74.89458"
"99.60000","3.31989","2,925.10791","0.01662","0.00157","74.94262"
"99.70000","3.32340","2,926.59595","0.01664","0.00149","74.98074"
"99.80000","3.32669","2,928.73804","0.01661","0.00155","75.03563"
"99.90000","3.32998","2,930.87354","0.01661","0.00142","75.09034"
"100.00000","3.33341","2,932.03394","0.01664","0.00136","75.12007"
"100.10000","3.33670","2,934.04395","0.01669","0.00135","75.17157"
"100.20000","3.33992","2,935.32788","0.01674","0.00139","75.20446"
"100.30000","3.34328","2,937.46875","0.01679","0.00155","75.25931"
"100.40000","3.34672","2,939.34570","0.01679","0.00156","75.30740"
"100.50000","3.34993","2,940.47363","0.01679","0.00170","75.33630"
"100.60000","3.35337","2,942.50317","0.01679","0.00166","75.38830"
"100.70000","3.35681","2,944.25171","0.01685","0.00151","75.43309"
"100.80000","3.35995","2,945.84863","0.01688","0.00152","75.47401"
"100.90000","3.36323","2,947.04272","0.01688","0.00162","75.50460"
"101.00000","3.36667","2,949.62500","0.01689","0.00177","75.57076"
"101.10000","3.36996","2,951.84546","0.01688","0.00177","75.62765"
"101.20000","3.37325","2,952.59839","0.01689","0.00179","75.64694"
"101.30000","3.37669","2,954.78589","0.01691","0.00185","75.70299"
"101.40000","3.38005","2,957.10303","0.01692","0.00186","75.76235"
"101.50000","3.38326","2,957.84424","0.01692","0.00191","75.78134"
"101.60000","3.38655","2,959.64600","0.01694","0.00192","75.82750"
"101.70000","3.39007","2,961.44116","0.01698","0.00189","75.87350"
"101.80000","3.39320","2,963.02148","0.01695","0.00190","75.91399"
"101.90000","3.39672","2,964.68042","0.01698","0.00184","75.95649"
"102.00000","3.40016","2,966.59424","0.01700","0.00189","76.00552"
"102.10000","3.40329","2,968.12280","0.01696","0.00181","76.04469"
"102.20000","3.40666","2,969.83130","0.01699","0.00176","76.08846"
"102.30000","3.41002","2,971.69873","0.01703","0.00172","76.13630"
"102.40000","3.41331","2,973.46777","0.01700","0.00169","76.18163"
"102.50000","3.41660","2,974.80835","0.01701","0.00166","76.21597"
"102.60000","3.42004","2,976.59595","0.01708","0.00165","76.26176"
"102.70000","3.42340","2,978.46899","0.01707","0.00164","76.30975"
"102.80000","3.42669","2,979.64233","0.01705","0.00164","76.33982"
"102.90000","3.42997","2,981.76904","0.01715","0.00157","76.39430"
"103.00000","3.43341","2,984.00366","0.01718","0.00158","76.45155"
"103.10000","3.43648","2,984.99487","0.01715","0.00148","76.47695"
"103.20000","3.43999","2,986.72925","0.01724","0.00132","76.52139"
"103.30000","3.44343","2,988.22290","0.01726","0.00141","76.55965"
"103.40000","3.44657","2,990.37109","0.01725","0.00139","76.61469"
"103.50000","3.45008","2,992.26025","0.01724","0.00146","76.66309"
"103.60000","3.45337","2,993.68286","0.01729","0.00156","76.69954"
"103.70000","3.45658","2,995.38379","0.01732","0.00165","76.74312"
"103.80000","3.45994","2,996.73340","0.01730","0.00174","76.77770"
"103.90000","3.46323","2,998.79932","0.01733","0.00143","76.83063"
"104.00000","3.46667","3,000.44092","0.01734","0.00149","76.87269"
"104.10000","3.46996","3,002.21118","0.01734","0.00156","76.91805"
"104.20000","3.47340","3,004.39111","0.01736","0.00166","76.97389"
"104.30000","3.47683","3,005.97510","0.01738","0.00188","77.01447"
"104.40000","3.47990","3,006.80054","0.01740","0.00181","77.03562"
"104.50000","3.48334","3,008.65259","0.01740","0.00177","77.08308"
"104.60000","3.48678","3,010.66724","0.01742","0.00184","77.13469"
"104.70000","3.48984","3,012.52051","0.01739","0.00193","77.18217"
"104.80000","3.49343","3,014.02734","0.01745","0.00196","77.22078"
"104.90000","3.49679","3,015.82910","0.01742","0.00192","77.26694"
"105.00000","3.50000","3,017.71509","0.01743","0.00193","77.31526"
"105.10000","3.50329","3,019.44336","0.01744","0.00191","77.35954"
"105.20000","3.50658","3,020.94995","0.01745","0.00193","77.39814"
"105.30000","3.50994","3,022.56055","0.01748","0.00192","77.43940"
"105.40000","3.51323","3,024.44727","0.01747","0.00186","77.48774"
"105.50000","3.51667","3,026.20215","0.01747","0.00180","77.53270"
"105.60000","3.52011","3,028.26660","0.01750","0.00179","77.58559"
"105.70000","3.52317","3,029.48633","0.01754","0.00171","77.61684"
"105.80000","3.52668","3,031.32275","0.01755","0.00176","77.66389"
"105.90000","3.53005","3,032.75391","0.01760","0.00170","77.70056"
"106.00000","3.53319","3,034.29150","0.01759","0.00171","77.73995"
"106.10000","3.53670","3,035.56519","0.01764","0.00166","77.77259"
"106.20000","3.54006","3,038.05322","0.01768","0.00154","77.83633"
"106.30000","3.54328","3,039.24902","0.01765","0.00154","77.86697"
"106.40000","3.54679","3,042.02832","0.01769","0.00151","77.93818"
"106.50000","3.55008","3,043.01074","0.01770","0.00143","77.96335"
"106.60000","3.55329","3,045.03101","0.01776","0.00140","78.01511"
"106.70000","3.55658","3,046.50635","0.01773","0.00146","78.05290"
"106.80000","3.56002","3,047.98291","0.01777","0.00147","78.09074"
"106.90000","3.56338","3,050.37695","0.01777","0.00158","78.15207"
"107.00000","3.56659","3,050.92139","0.01780","0.00165","78.16602"
"107.10000","3.57011","3,052.85205","0.01784","0.00180","78.21548"
"107.20000","3.57340","3,054.26489","0.01782","0.00164","78.25169"
"107.30000","3.57646","3,056.23242","0.01785","0.00154","78.30209"
"107.40000","3.57997","3,058.11255","0.01785","0.00177","78.35026"
"107.50000","3.58326","3,059.89551","0.01785","0.00200","78.39594"
"107.60000","3.58655","3,061.93896","0.01785","0.00193","78.44830"
"107.70000","3.58999","3,063.07642","0.01790","0.00197","78.47744"
"107.80000","3.59342","3,065.27124","0.01788","0.00187","78.53367"
"107.90000","3.59671","3,066.34570","0.01790","0.00184","78.56120"
"108.00000","3.59993","3,068.22241","0.01792","0.00194","78.60928"
"108.10000","3.60329","3,071.30908","0.01793","0.00196","78.68836"
"108.20000","3.60658","3,071.89404","0.01794","0.00195","78.70335"
"108.30000","3.60987","3,073.05322","0.01794","0.00190","78.73305"
"108.40000","3.61338","3,075.77759","0.01796","0.00201","78.80285"
"108.50000","3.61674","3,077.91577","0.01797","0.00194","78.85763"
"108.60000","3.61996","3,078.34424","0.01801","0.00198","78.86861"
"108.70000","3.62332","3,081.37354","0.01801","0.00196","78.94622"
"108.80000","3.62668","3,082.67822","0.01804","0.00188","78.97964"
"108.90000","3.62990","3,083.42139","0.01802","0.00180","78.99869"
"109.00000","3.63333","3,085.38257","0.01808","0.00177","79.04893"
"109.10000","3.63677","3,087.79663","0.01808","0.00177","79.11078"
"109.20000","3.63991","3,089.98682","0.01815","0.00175","79.16689"
"109.30000","3.64335","3,090.40332","0.01817","0.00172","79.17757"
"109.40000","3.64671","3,092.94507","0.01817","0.00168","79.24268"
"109.50000","3.64993","3,094.02344","0.01818","0.00162","79.27032"
"109.60000","3.65321","3,095.38989","0.01821","0.00156","79.30532"
"109.70000","3.65665","3,097.15552","0.01826","0.00147","79.35056"
"109.80000","3.66002","3,098.84253","0.01826","0.00147","79.39378"
"109.90000","3.66330","3,101.69458","0.01829","0.00153","79.46685"
"110.00000","3.66667","3,102.54346","0.01830","0.00150","79.48860"
"110.10000","3.67003","3,104.06152","0.01830","0.00151","79.52750"
"110.20000","3.67324","3,105.29639","0.01834","0.00159","79.55914"
"110.30000","3.67661","3,107.47461","0.01833","0.00182","79.61494"
"110.40000","3.68004","3,109.99609","0.01833","0.00170","79.67954"
"110.50000","3.68326","3,111.44458","0.01837","0.00174","79.71665"
"110.60000","3.68670","3,111.97974","0.01836","0.00161","79.73036"
"110.70000","3.69013","3,114.76074","0.01837","0.00188","79.80161"
"110.80000","3.69327","3,116.13818","0.01839","0.00192","79.83691"
"110.90000","3.69664","3,117.66821","0.01838","0.00197","79.87611"
"111.00000","3.70000","3,118.98120","0.01841","0.00206","79.90974"
"111.10000","3.70329","3,121.76001","0.01843","0.00190","79.98094"
"111.20000","3.70665","3,122.26538","0.01843","0.00196","79.99389"
"111.30000","3.71001","3,125.40942","0.01845","0.00205","80.07444"
"111.40000","3.71345","3,126.47559","0.01847","0.00203","80.10175"
"111.50000","3.71667","3,127.65796","0.01847","0.00202","80.13205"
"111.60000","3.71995","3,129.39624","0.01850","0.00195","80.17658"
"111.70000","3.72339","3,130.79980","0.01849","0.00197","80.21254"
"111.80000","3.72653","3,133.32080","0.01851","0.00199","80.27713"
"111.90000","3.72997","3,134.00000","0.01853","0.00203","80.29453"
"112.00000","3.73341","3,135.78662","0.01856","0.00201","80.34031"
"112.10000","3.73662","3,137.74390","0.01855","0.00195","80.39045"
"112.20000","3.73998","3,139.69141","0.01859","0.00194","80.44035"
"112.30000","3.74335","3,140.71509","0.01860","0.00188","80.46658"
"112.40000","3.74663","3,142.50073","0.01862","0.00182","80.51233"
"112.50000","3.74992","3,144.05420","0.01864","0.00177","80.55212"
"112.60000","3.75336","3,145.89746","0.01867","0.00172","80.59935"
"112.70000","3.75680","3,148.97900","0.01865","0.00168","80.67830"
"112.80000","3.75994","3,149.38550","0.01866","0.00164","80.68871"
"112.90000","3.76338","3,150.90723","0.01870","0.00157","80.72771"
"113.00000","3.76681","3,152.64795","0.01870","0.00151","80.77230"
"113.10000","3.76988","3,153.97339","0.01873","0.00152","80.80626"
"113.20000","3.77332","3,156.13159","0.01877","0.00160","80.86156"
"113.30000","3.77675","3,157.86182","0.01878","0.00160","80.90588"
"113.40000","3.77989","3,159.26001","0.01876","0.00152","80.94170"
"113.50000","3.78341","3,160.45215","0.01883","0.00161","80.97225"
"113.60000","3.78677","3,162.89526","0.01884","0.00185","81.03484"
"113.70000","3.78998","3,164.47925","0.01881","0.00186","81.07542"
"113.80000","3.79327","3,165.57300","0.01881","0.00180","81.10345"
"113.90000","3.79656","3,167.98462","0.01882","0.00181","81.16524"
"114.00000","3.80000","3,169.04932","0.01885","0.00209","81.19251"
"114.10000","3.80329","3,171.00391","0.01886","0.00212","81.24259"
"114.20000","3.80665","3,172.54150","0.01887","0.00217","81.28198"
"114.30000","3.81016","3,173.98047","0.01889","0.00196","81.31885"
"114.40000","3.81315","3,176.13379","0.01888","0.00194","81.37402"
"114.50000","3.81666","3,177.46094","0.01895","0.00195","81.40802"
"114.60000","3.82003","3,179.18579","0.01893","0.00212","81.45222"
"114.70000","3.82324","3,180.99072","0.01895","0.00208","81.49846"
"114.80000","3.82675","3,182.24829","0.01896","0.00207","81.53068"
"114.90000","3.83012","3,184.78394","0.01898","0.00210","81.59564"
"115.00000","3.83333","3,185.94019","0.01901","0.00205","81.62527"
"115.10000","3.83669","3,187.54272","0.01905","0.00202","81.66632"
"115.20000","3.84006","3,189.31665","0.01906","0.00210","81.71177"
"115.30000","3.84334","3,191.59180","0.01906","0.00202","81.77006"
"115.40000","3.84663","3,192.38721","0.01909","0.00205","81.79044"
"115.50000","3.85000","3,194.01465","0.01908","0.00194","81.83214"
"115.60000","3.85343","3,196.48950","0.01910","0.00189","81.89555"
"115.70000","3.85657","3,197.86377","0.01914","0.00187","81.93076"
"115.80000","3.86009","3,199.65039","0.01916","0.00182","81.97652"
"115.90000","3.86337","3,200.97876","0.01918","0.00178","82.01056"
"116.00000","3.86651","3,201.94092","0.01917","0.00175","82.03521"
"116.10000","3.87010","3,204.41846","0.01919","0.00162","82.09869"
"116.20000","3.87339","3,206.29004","0.01918","0.00160","82.14664"
"116.30000","3.87660","3,207.63428","0.01919","0.00154","82.18108"
"116.40000","3.87997","3,208.64404","0.01922","0.00155","82.20695"
"116.50000","3.88333","3,211.76392","0.01928","0.00151","82.28688"
"116.60000","3.88662","3,213.26929","0.01926","0.00158","82.32545"
"116.70000","3.88991","3,214.50879","0.01930","0.00161","82.35721"
"116.80000","3.89334","3,216.48047","0.01927","0.00174","82.40772"
"116.90000","3.89671","3,217.78052","0.01930","0.00185","82.44102"
"117.00000","3.89992","3,220.00195","0.01932","0.00176","82.49794"
"117.10000","3.90343","3,221.87256","0.01934","0.00181","82.54587"
"117.20000","3.90672","3,223.31787","0.01934","0.00189","82.58290"
"117.30000","3.90986","3,224.13477","0.01937","0.00218","82.60383"
"117.40000","3.91337","3,226.83838","0.01938","0.00211","82.67310"
"117.50000","3.91674","3,227.78979","0.01938","0.00207","82.69747"
"117.60000","3.91995","3,229.90649","0.01942","0.00200","82.75170"
"117.70000","3.92339","3,231.31641","0.01943","0.00193","82.78783"
"117.80000","3.92675","3,232.95752","0.01944","0.00197","82.82987"
"117.90000","3.93004","3,234.70093","0.01944","0.00215","82.87453"
"118.00000","3.93333","3,236.28564","0.01947","0.00210","82.91514"
"118.10000","3.93662","3,238.28564","0.01950","0.00212","82.96638"
"118.20000","3.93990","3,239.55713","0.01951","0.00209","82.99895"
"118.30000","3.94319","3,241.25220","0.01951","0.00205","83.04238"
"118.40000","3.94671","3,243.08984","0.01956","0.00210","83.08946"
"118.50000","3.95007","3,245.49048","0.01956","0.00206","83.15097"
"118.60000","3.95328","3,245.84424","0.01960","0.00204","83.16003"
"118.70000","3.95665","3,248.74414","0.01958","0.00202","83.23433"
"118.80000","3.96001","3,249.66748","0.01966","0.00200","83.25799"
"118.90000","3.96322","3,250.82397","0.01966","0.00194","83.28762"
"119.00000","3.96659","3,253.12280","0.01965","0.00178","83.34651"
"119.10000","3.97002","3,254.85010","0.01969","0.00182","83.39077"
"119.20000","3.97331","3,255.67432","0.01967","0.00172","83.41189"
"119.30000","3.97668","3,256.95508","0.01970","0.00160","83.44470"
"119.40000","3.98011","3,260.19165","0.01971","0.00159","83.52762"
"119.50000","3.98325","3,261.35669","0.01972","0.00162","83.55747"
"119.60000","3.98654","3,262.83862","0.01971","0.00155","83.59544"
"119.70000","3.99005","3,264.79858","0.01974","0.00165","83.64565"
"119.80000","3.99334","3,266.28711","0.01975","0.00166","83.68379"
"119.90000","3.99663","3,267.41895","0.01973","0.00162","83.71279"
"120.00000","4.00007","3,269.11670","0.01975","0.00166","83.75629"
"120.10000","4.00343","3,270.88281","0.01974","0.00177","83.80154"
"120.20000","4.00657","3,272.14722","0.01976","0.00184","83.83393"
"120.30000","4.00993","3,274.03540","0.01980","0.00176","83.88230"
"120.40000","4.01337","3,275.85303","0.01981","0.00198","83.92887"
"120.50000","4.01658","3,277.09497","0.01982","0.00184","83.96069"
"120.60000","4.02002","3,278.15820","0.01990","0.00209","83.98793"
"120.70000","4.02346","3,280.46265","0.01986","0.00215","84.04697"
"120.80000","4.02660","3,282.08203","0.01989","0.00202","84.08846"
"120.90000","4.02989","3,283.18774","0.01989","0.00207","84.11679"
"121.00000","4.03333","3,284.95874","0.01992","0.00202","84.16216"
"121.10000","4.03661","3,286.72852","0.01993","0.00206","84.20751"
"121.20000","4.03990","3,288.79468","0.01997","0.00209","84.26044"
"121.30000","4.04334","3,290.06958","0.01998","0.00216","84.29311"
"121.40000","4.04678","3,292.60718","0.01999","0.00216","84.35812"
"121.50000","4.04992","3,293.61743","0.02006","0.00215","84.38400"
"121.60000","4.05328","3,295.60596","0.02007","0.00216","84.43495"
"121.70000","4.05672","3,297.11206","0.02009","0.00215","84.47354"
"121.80000","4.05986","3,298.62085","0.02009","0.00212","84.51219"
"121.90000","4.06330","3,299.77759","0.02010","0.00210","84.54183"
"122.00000","4.06681","3,301.88696","0.02010","0.00205","84.59587"
"122.10000","4.06995","3,304.04346","0.02014","0.00202","84.65112"
"122.20000","4.07338","3,305.38037","0.02016","0.00191","84.68538"
"122.30000","4.07667","3,306.47534","0.02016","0.00195","84.71343"
"122.40000","4.07996","3,308.67139","0.02018","0.00188","84.76969"
"122.50000","4.08325","3,309.85864","0.02020","0.00169","84.80011"
"122.60000","4.08661","3,311.67236","0.02020","0.00169","84.84658"
"122.70000","4.09005","3,313.70532","0.02021","0.00163","84.89867"
"122.80000","4.09326","3,315.51172","0.02021","0.00164","84.94495"
"122.90000","4.09670","3,316.45020","0.02024","0.00168","84.96899"
"123.00000","4.10014","3,318.29272","0.02028","0.00165","85.01620"
"123.10000","4.10313","3,319.82812","0.02024","0.00168","85.05553"
"123.20000","4.10664","3,321.55005","0.02024","0.00162","85.09966"
"123.30000","4.11008","3,323.81348","0.02028","0.00170","85.15764"
"123.40000","4.11322","3,324.46436","0.02025","0.00180","85.17432"
"123.50000","4.11673","3,326.89136","0.02031","0.00191","85.23650"
"123.60000","4.12010","3,328.34619","0.02029","0.00181","85.27377"
"123.70000","4.12331","3,329.15942","0.02028","0.00201","85.29461"
"123.80000","4.12660","3,331.36987","0.02033","0.00212","85.35124"
"123.90000","4.12996","3,333.55322","0.02035","0.00223","85.40718"
"124.00000","4.13332","3,334.84082","0.02036","0.00233","85.44017"
"124.10000","4.13661","3,336.40576","0.02041","0.00214","85.48026"
"124.20000","4.14005","3,338.40771","0.02044","0.00207","85.53156"
"124.30000","4.14349","3,340.84521","0.02041","0.00206","85.59400"
"124.40000","4.14655","3,341.85107","0.02045","0.00210","85.61977"
"124.50000","4.14999","3,343.14526","0.02043","0.00212","85.65293"
"124.60000","4.15335","3,345.21558","0.02051","0.00217","85.70597"
"124.70000","4.15649","3,346.54126","0.02050","0.00220","85.73994"
"124.80000","4.16008","3,347.43140","0.02052","0.00212","85.76274"
"124.90000","4.16337","3,349.36792","0.02054","0.00216","85.81236"
"125.00000","4.16666","3,350.75659","0.02057","0.00212","85.84794"
"125.10000","4.17002","3,353.16919","0.02060","0.00211","85.90975"
"125.20000","4.17323","3,354.40454","0.02064","0.00222","85.94140"
"125.30000","4.17667","3,355.39307","0.02064","0.00210","85.96673"
"125.40000","4.17988","3,357.28516","0.02065","0.00209","86.01521"
"125.50000","4.18332","3,358.99512","0.02066","0.00195","86.05901"
"125.60000","4.18676","3,360.17041","0.02067","0.00196","86.08913"
"125.70000","4.18990","3,362.50366","0.02068","0.00186","86.14890"
"125.80000","4.19341","3,364.30103","0.02069","0.00180","86.19495"
"125.90000","4.19670","3,365.70410","0.02073","0.00175","86.23090"
"126.00000","4.19984","3,366.86646","0.02071","0.00169","86.26068"
"126.10000","4.20335","3,368.57300","0.02074","0.00174","86.30441"
"126.20000","4.20672","3,370.34790","0.02074","0.00169","86.34988"
"126.30000","4.20993","3,372.39014","0.02075","0.00170","86.40220"
"126.40000","4.21337","3,373.54175","0.02077","0.00173","86.43170"
"126.50000","4.21673","3,374.47607","0.02077","0.00169","86.45564"
"126.60000","4.22002","3,376.97754","0.02076","0.00176","86.51973"
"126.70000","4.22323","3,377.86499","0.02077","0.00183","86.54247"
"126.80000","4.22659","3,379.48364","0.02079","0.00197","86.58394"
"126.90000","4.23003","3,381.91870","0.02079","0.00208","86.64632"
"127.00000","4.23317","3,383.83423","0.02082","0.00198","86.69540"
"127.10000","4.23668","3,384.80737","0.02080","0.00220","86.72034"
"127.20000","4.24012","3,387.31250","0.02085","0.00227","86.78452"
"127.30000","4.24326","3,387.66309","0.02085","0.00234","86.79350"
"127.40000","4.24670","3,389.44727","0.02086","0.00228","86.83921"
"127.50000","4.24999","3,391.29932","0.02090","0.00226","86.88666"
"127.60000","4.25320","3,392.79175","0.02091","0.00213","86.92490"
"127.70000","4.25664","3,394.32202","0.02094","0.00219","86.96410"
"127.80000","4.26008","3,396.49048","0.02096","0.00226","87.01966"
"127.90000","4.26337","3,398.31372","0.02098","0.00225","87.06638"
"128.00000","4.26658","3,398.49561","0.02099","0.00223","87.07103"
"128.10000","4.27002","3,401.07495","0.02102","0.00226","87.13712"
"128.20000","4.27331","3,402.40454","0.02105","0.00228","87.17118"
"128.30000","4.27652","3,404.03394","0.02106","0.00222","87.21293"
"128.40000","4.28011","3,405.78882","0.02106","0.00226","87.25789"
"128.50000","4.28340","3,407.54199","0.02111","0.00222","87.30280"
"128.60000","4.28668","3,408.44067","0.02113","0.00217","87.32583"
"128.70000","4.29005","3,410.31299","0.02114","0.00216","87.37380"
"128.80000","4.29341","3,412.49561","0.02116","0.00202","87.42972"
"128.90000","4.29655","3,413.51367","0.02118","0.00198","87.45580"
"129.00000","4.29991","3,415.10742","0.02117","0.00193","87.49664"
"129.10000","4.30343","3,417.73413","0.02117","0.00183","87.56393"
"129.20000","4.30664","3,418.61743","0.02121","0.00178","87.58656"
"129.30000","4.31000","3,420.15698","0.02125","0.00187","87.62601"
"129.40000","4.31344","3,421.66943","0.02122","0.00180","87.66476"
"129.50000","4.31665","3,423.92651","0.02124","0.00180","87.72259"
"129.60000","4.31987","3,425.78394","0.02126","0.00178","87.77017"
"129.70000","4.32331","3,427.07300","0.02124","0.00184","87.80320"
"129.80000","4.32667","3,428.11426","0.02127","0.00177","87.82988"
"129.90000","4.32988","3,429.83130","0.02128","0.00178","87.87387"
"130.00000","4.33339","3,431.76196","0.02128","0.00196","87.92333"
"130.10000","4.33683","3,433.78662","0.02128","0.00224","87.97520"
"130.20000","4.33990","3,435.06738","0.02131","0.00218","88.00802"
"130.30000","4.34326","3,436.50610","0.02135","0.00215","88.04488"
"130.40000","4.34670","3,438.75220","0.02138","0.00230","88.10242"
"130.50000","4.34991","3,439.78296","0.02137","0.00236","88.12884"
"130.60000","4.35335","3,441.35620","0.02136","0.00247","88.16914"
"130.70000","4.35679","3,443.31104","0.02139","0.00242","88.21922"
"130.80000","4.35993","3,444.80884","0.02143","0.00228","88.25760"
"130.90000","4.36329","3,446.03882","0.02139","0.00229","88.28911"
"131.00000","4.36665","3,447.94507","0.02146","0.00225","88.33795"
"131.10000","4.37002","3,449.35693","0.02146","0.00228","88.37412"
"131.20000","4.37323","3,450.40308","0.02151","0.00235","88.40092"
"131.30000","4.37667","3,452.61182","0.02155","0.00230","88.45751"
"131.40000","4.38011","3,454.64429","0.02157","0.00234","88.50959"
"131.50000","4.38324","3,456.12061","0.02156","0.00227","88.54741"
"131.60000","4.38661","3,457.65381","0.02159","0.00223","88.58669"
"131.70000","4.39005","3,459.15918","0.02160","0.00226","88.62526"
"131.80000","4.39311","3,460.42407","0.02160","0.00228","88.65767"
"131.90000","4.39670","3,461.88013","0.02163","0.00226","88.69498"
"132.00000","4.40013","3,463.73218","0.02164","0.00214","88.74242"
"132.10000","4.40327","3,465.23633","0.02166","0.00213","88.78096"
"132.20000","4.40671","3,466.84668","0.02168","0.00197","88.82222"
"132.30000","4.41007","3,468.09033","0.02168","0.00197","88.85408"
"132.40000","4.41329","3,469.80420","0.02170","0.00195","88.89799"
"132.50000","4.41658","3,471.29443","0.02171","0.00186","88.93617"
"132.60000","4.41994","3,473.17383","0.02172","0.00186","88.98432"
"132.70000","4.42338","3,474.79321","0.02173","0.00184","89.02581"
"132.80000","4.42659","3,477.10547","0.02172","0.00179","89.08505"
"132.90000","4.43003","3,477.96045","0.02175","0.00186","89.10696"
"133.00000","4.43347","3,480.39575","0.02175","0.00185","89.16935"
"133.10000","4.43653","3,481.37622","0.02176","0.00188","89.19447"
"133.20000","4.44004","3,482.74780","0.02177","0.00194","89.22961"
"133.30000","4.44341","3,483.94580","0.02184","0.00196","89.26031"
"133.40000","4.44655","3,486.36035","0.02181","0.00226","89.32217"
"133.50000","4.45006","3,487.36597","0.02185","0.00240","89.34793"
"133.60000","4.45342","3,489.36279","0.02186","0.00229","89.39909"
"133.70000","4.45664","3,491.57080","0.02185","0.00237","89.45567"
"133.80000","4.45992","3,492.99170","0.02191","0.00249","89.49207"
"133.90000","4.46321","3,493.30566","0.02191","0.00257","89.50011"
"134.00000","4.46665","3,496.22339","0.02190","0.00255","89.57487"
"134.10000","4.46986","3,496.85181","0.02193","0.00231","89.59097"
"134.20000","4.47338","3,499.45801","0.02196","0.00230","89.65774"
"134.30000","4.47681","3,500.96289","0.02200","0.00231","89.69629"
"134.40000","4.47988","3,501.69434","0.02196","0.00237","89.71503"
"134.50000","4.48339","3,503.49292","0.02201","0.00242","89.76112"
"134.60000","4.48675","3,505.73511","0.02204","0.00242","89.81856"
"134.70000","4.48989","3,506.54346","0.02203","0.00235","89.83927"
"134.80000","4.49341","3,509.26636","0.02206","0.00236","89.90903"
"134.90000","4.49669","3,510.90405","0.02205","0.00241","89.95099"
"135.00000","4.49998","3,511.81470","0.02209","0.00231","89.97432"
"135.10000","4.50335","3,513.70117","0.02209","0.00229","90.02265"
"135.20000","4.50663","3,515.28271","0.02211","0.00228","90.06317"
"135.30000","4.51000","3,516.91553","0.02213","0.00224","90.10500"
"135.40000","4.51321","3,518.75415","0.02216","0.00207","90.15211"
"135.50000","4.51665","3,520.40601","0.02215","0.00191","90.19444"
"135.60000","4.52009","3,522.29517","0.02219","0.00198","90.24284"
"135.70000","4.52323","3,523.30127","0.02221","0.00201","90.26861"
"135.80000","4.52674","3,525.08398","0.02220","0.00195","90.31429"
"135.90000","4.53010","3,526.41528","0.02225","0.00190","90.34840"
"136.00000","4.53324","3,528.20532","0.02224","0.00194","90.39426"
"136.10000","4.53660","3,529.46069","0.02223","0.00196","90.42642"
"136.20000","4.53997","3,530.97168","0.02225","0.00192","90.46513"
"136.30000","4.54326","3,532.68237","0.02226","0.00186","90.50896"
"136.40000","4.54669","3,533.74194","0.02228","0.00194","90.53611"
"136.50000","4.55006","3,535.89917","0.02228","0.00204","90.59138"
"136.60000","4.55335","3,537.64404","0.02230","0.00230","90.63608"
"136.70000","4.55656","3,538.53662","0.02235","0.00251","90.65895"
"136.80000","4.56000","3,540.05835","0.02239","0.00238","90.69794"
"136.90000","4.56336","3,542.10986","0.02239","0.00243","90.75050"
"137.00000","4.56657","3,543.37769","0.02240","0.00256","90.78298"
"137.10000","4.57009","3,545.43994","0.02241","0.00262","90.83582"
"137.20000","4.57345","3,547.14771","0.02244","0.00261","90.87957"
"137.30000","4.57666","3,547.83643","0.02244","0.00256","90.89722"
"137.40000","4.58003","3,549.53345","0.02246","0.00242","90.94069"
"137.50000","4.58331","3,551.62988","0.02250","0.00242","90.99441"
"137.60000","4.58660","3,552.55566","0.02251","0.00243","91.01812"
"137.70000","4.58997","3,554.95215","0.02252","0.00252","91.07952"
"137.80000","4.59340","3,555.94409","0.02255","0.00257","91.10493"
"137.90000","4.59669","3,557.68066","0.02253","0.00253","91.14943"
"138.00000","4.59998","3,559.03467","0.02253","0.00249","91.18412"
"138.10000","4.60334","3,561.08130","0.02255","0.00245","91.23656"
"138.20000","4.60663","3,562.42920","0.02258","0.00248","91.27109"
"138.30000","4.60985","3,562.89526","0.02260","0.00245","91.28303"
"138.40000","4.61336","3,565.11987","0.02256","0.00245","91.34003"
"138.50000","4.61672","3,566.47412","0.02264","0.00234","91.37472"
"138.60000","4.62001","3,568.44922","0.02263","0.00230","91.42532"
"138.70000","4.62337","3,571.07812","0.02262","0.00201","91.49268"
"138.80000","4.62674","3,571.50439","0.02265","0.00209","91.50360"
"138.90000","4.62988","3,572.80005","0.02266","0.00208","91.53680"
"139.00000","4.63331","3,575.67212","0.02268","0.00212","91.61037"
"139.10000","4.63675","3,576.18066","0.02271","0.00210","91.62341"
"139.20000","4.63997","3,578.36548","0.02271","0.00205","91.67938"
"139.30000","4.64333","3,579.06714","0.02275","0.00212","91.69736"
"139.40000","4.64684","3,580.84180","0.02273","0.00205","91.74283"
"139.50000","4.64998","3,583.45068","0.02276","0.00203","91.80967"
"139.60000","4.65327","3,584.08057","0.02278","0.00207","91.82581"
"139.70000","4.65663","3,585.48340","0.02279","0.00218","91.86175"
"139.80000","4.66007","3,587.52051","0.02280","0.00219","91.91394"
"139.90000","4.66328","3,588.79053","0.02284","0.00248","91.94648"
"140.00000","4.66672","3,591.07959","0.02285","0.00250","92.00513"
"140.10000","4.67016","3,592.51807","0.02289","0.00262","92.04198"
"140.20000","4.67322","3,593.53271","0.02290","0.00254","92.06797"
"140.30000","4.67659","3,595.31299","0.02294","0.00257","92.11359"
"140.40000","4.68010","3,596.81519","0.02296","0.00283","92.15207"
"140.50000","4.68316","3,598.64111","0.02298","0.00274","92.19885"
"140.60000","4.68660","3,599.73486","0.02299","0.00260","92.22688"
"140.70000","4.69011","3,601.89722","0.02303","0.00257","92.28228"
"140.80000","4.69325","3,603.63208","0.02302","0.00252","92.32672"
"140.90000","4.69669","3,605.03833","0.02303","0.00253","92.36275"
"141.00000","4.69998","3,605.93286","0.02306","0.00263","92.38567"
"141.10000","4.70327","3,608.19507","0.02305","0.00267","92.44363"
"141.20000","4.70656","3,609.27319","0.02305","0.00259","92.47125"
"141.30000","4.70999","3,611.32983","0.02307","0.00260","92.52394"
"141.40000","4.71343","3,612.82788","0.02307","0.00256","92.56232"
"141.50000","4.71657","3,615.16895","0.02306","0.00255","92.62231"
"141.60000","4.72001","3,615.94678","0.02306","0.00258","92.64223"
"141.70000","4.72345","3,617.71655","0.02311","0.00253","92.68758"
"141.80000","4.72651","3,618.93018","0.02309","0.00245","92.71867"
"141.90000","4.73002","3,620.96680","0.02311","0.00235","92.77085"
"142.00000","4.73339","3,622.59229","0.02313","0.00233","92.81249"
"142.10000","4.73660","3,623.98560","0.02314","0.00229","92.84819"
"142.20000","4.74004","3,625.53027","0.02319","0.00229","92.88776"
"142.30000","4.74340","3,627.06567","0.02323","0.00220","92.92710"
"142.40000","4.74661","3,628.92480","0.02320","0.00219","92.97474"
"142.50000","4.74990","3,630.38330","0.02322","0.00217","93.01210"
"142.60000","4.75327","3,631.34326","0.02321","0.00216","93.03670"
"142.70000","4.75670","3,632.87402","0.02324","0.00216","93.07592"
"142.80000","4.75992","3,634.99438","0.02325","0.00217","93.13024"
"142.90000","4.76336","3,636.78442","0.02330","0.00213","93.17610"
"143.00000","4.76679","3,638.06982","0.02332","0.00223","93.20904"
"143.10000","4.76986","3,639.56812","0.02335","0.00223","93.24742"
"143.20000","4.77330","3,641.17480","0.02334","0.00263","93.28859"
"143.30000","4.77666","3,642.60889","0.02338","0.00271","93.32533"
"143.40000","4.77987","3,645.18433","0.02340","0.00253","93.39131"
"143.50000","4.78339","3,646.26978","0.02346","0.00258","93.41912"
"143.60000","4.78675","3,648.40503","0.02347","0.00269","93.47383"
"143.70000","4.79004","3,649.86890","0.02348","0.00285","93.51133"
"143.80000","4.79333","3,650.36401","0.02352","0.00291","93.52402"
"143.90000","4.79661","3,652.98535","0.02353","0.00262","93.59118"
"144.00000","4.79998","3,654.02612","0.02355","0.00258","93.61784"
"144.10000","4.80319","3,655.76587","0.02354","0.00253","93.66241"
"144.20000","4.80663","3,656.63770","0.02356","0.00261","93.68475"
"144.30000","4.81014","3,658.45605","0.02359","0.00261","93.73134"
"144.40000","4.81328","3,660.03149","0.02357","0.00268","93.77171"
"144.50000","4.81672","3,661.57373","0.02360","0.00260","93.81122"
"144.60000","4.82008","3,663.60181","0.02357","0.00267","93.86317"
"144.70000","4.82322","3,664.38062","0.02359","0.00262","93.88313"
"144.80000","4.82666","3,666.38086","0.02361","0.00268","93.93438"
"144.90000","4.82995","3,667.60938","0.02364","0.00267","93.96585"
"145.00000","4.83331","3,668.76807","0.02363","0.00255","93.99554"
"145.10000","4.83667","3,670.62793","0.02366","0.00247","94.04319"
"145.20000","4.84004","3,671.75562","0.02365","0.00244","94.07208"
"145.30000","4.84340","3,674.79688","0.02365","0.00237","94.15000"
"145.40000","4.84654","3,675.51147","0.02366","0.00226","94.16830"
"145.50000","4.84998","3,676.33301","0.02366","0.00227","94.18935"
"145.60000","4.85341","3,678.21558","0.02371","0.00226","94.23759"
"145.70000","4.85655","3,680.41089","0.02373","0.00226","94.29383"
"145.80000","4.86007","3,681.18506","0.02373","0.00224","94.31367"
"145.90000","4.86343","3,683.23511","0.02377","0.00223","94.36619"
"146.00000","4.86657","3,684.40552","0.02377","0.00229","94.39618"
"146.10000","4.87001","3,685.92822","0.02378","0.00227","94.43519"
"146.20000","4.87329","3,687.28833","0.02382","0.00220","94.47004"
"146.30000","4.87666","3,689.37451","0.02381","0.00236","94.52348"
"146.40000","4.87995","3,690.24805","0.02385","0.00250","94.54587"
"146.50000","4.88331","3,692.10791","0.02388","0.00271","94.59351"
"146.60000","4.88675","3,694.18115","0.02389","0.00278","94.64664"
"146.70000","4.88989","3,694.63794","0.02393","0.00261","94.65834"
"146.80000","4.89325","3,696.50562","0.02396","0.00275","94.70618"
"146.90000","4.89661","3,698.55127","0.02400","0.00277","94.75860"
"147.00000","4.89983","3,700.18994","0.02403","0.00289","94.80058"
"147.10000","4.90341","3,702.02588","0.02404","0.00299","94.84762"
"147.20000","4.90678","3,702.73657","0.02406","0.00288","94.86583"
"147.30000","4.90991","3,704.46924","0.02404","0.00270","94.91022"
"147.40000","4.91343","3,706.37354","0.02405","0.00267","94.95901"
"147.50000","4.91672","3,708.16553","0.02406","0.00270","95.00492"
"147.60000","4.91993","3,708.86768","0.02408","0.00276","95.02291"
"147.70000","4.92329","3,710.33911","0.02408","0.00279","95.06061"
"147.80000","4.92673","3,712.23242","0.02409","0.00280","95.10912"
"147.90000","4.93002","3,713.94312","0.02412","0.00276","95.15295"
"148.00000","4.93331","3,715.45776","0.02410","0.00273","95.19175"
"148.10000","4.93675","3,717.71973","0.02411","0.00272","95.24970"
"148.20000","4.93996","3,718.53516","0.02413","0.00273","95.27059"
"148.30000","4.94317","3,719.67554","0.02415","0.00271","95.29981"
"148.40000","4.94661","3,721.90405","0.02415","0.00264","95.35691"
"148.50000","4.95005","3,722.75635","0.02417","0.00256","95.37875"
"148.60000","4.95326","3,724.36499","0.02416","0.00253","95.41996"
"148.70000","4.95670","3,726.66650","0.02416","0.00248","95.47892"
"148.80000","4.96014","3,727.97949","0.02416","0.00239","95.51257"
"148.90000","4.96328","3,728.81250","0.02419","0.00238","95.53391"
"149.00000","4.96664","3,730.74829","0.02420","0.00232","95.58350"
"149.10000","4.97000","3,731.86694","0.02421","0.00230","95.61216"
"149.20000","4.97322","3,734.06226","0.02425","0.00228","95.66840"
"149.30000","4.97666","3,735.21606","0.02424","0.00233","95.69797"
"149.40000","4.98009","3,737.62427","0.02431","0.00240","95.75967"
"149.50000","4.98331","3,738.06836","0.02435","0.00245","95.77104"
"149.60000","4.98659","3,739.82495","0.02437","0.00252","95.81605"
"149.70000","4.98996","3,740.94727","0.02439","0.00271","95.84480"
"149.80000","4.99332","3,742.31567","0.02440","0.00274","95.87986"
"149.90000","4.99661","3,742.81934","0.02442","0.00279","95.89277"
"150.00000","5.00005","3,744.01514","0.02443","0.00275","95.92340"
"150.10000","5.00348","3,746.62549","0.02446","0.00275","95.99028"
"150.20000","5.00662","3,747.22583","0.02449","0.00283","96.00566"
"150.30000","5.00999","3,748.27881","0.02452","0.00300","96.03264"
"150.40000","5.01343","3,749.41162","0.02452","0.00307","96.06166"
"150.50000","5.01649","3,751.47095","0.02452","0.00291","96.11443"
"150.60000","5.02000","3,751.85645","0.02454","0.00293","96.12430"
"150.70000","5.02344","3,754.30054","0.02453","0.00268","96.18692"
"150.80000","5.02665","3,755.36230","0.02454","0.00270","96.21413"
"150.90000","5.03002","3,757.02197","0.02457","0.00270","96.25665"
"151.00000","5.03338","3,758.47070","0.02458","0.00278","96.29376"
"151.10000","5.03667","3,759.57666","0.02460","0.00284","96.32210"
"151.20000","5.03988","3,761.43457","0.02460","0.00281","96.36970"
"151.30000","5.04332","3,762.45605","0.02463","0.00283","96.39587"
"151.40000","5.04676","3,763.67188","0.02463","0.00279","96.42702"
"151.50000","5.04990","3,764.96045","0.02462","0.00275","96.46003"
"151.60000","5.05333","3,764.37891","0.02463","0.00276","96.44513"
"151.69200","5.05662","3,463.75562","0.02469","0.00267","88.74303"
"151.69600","5.05677","3,124.01318","0.02469","0.00267","80.03867"
"151.70000","5.05692","2,725.31836","0.02469","0.00267","69.82392"
"151.70400","5.05707","2,306.81421","0.02469","0.00267","59.10165"
"151.70600","5.05722","2,099.30933","0.02469","0.00267","53.78528"
