Modulus (Segment 0.001 mm/mm - 0.008 mm/mm) : Modulus (Segment 0.001 mm/mm - 0.008 mm/mm),"5,944.22571",MPa
Poisson's ratio (Least squares fit) : Poisson's ratio (Least squares fit),"0.19314"
Specimen properties : Gauge length,"14.99000",mm
Specimen properties : Gauge length transverse,"4.93300",mm
Specimen properties : Thickness,"2.60000",mm
Specimen properties : Width,"15.04000",mm

Time,Extension,Load,Video axial strain,Video transverse strain,Calculated Stress
(s),(mm),(N),(mm/mm),(mm/mm),(MPa)
"0.00000","-0.00007","77.22079","0.00000","0.00007","1.97475"
"0.10000","0.00127","77.17603","0.00003","0.00005","1.97361"
"0.20000","0.00568","83.59464","0.00005","0.00001","2.13775"
"0.30000","0.00987","91.19162","-0.00001","-0.00003","2.33203"
"0.40000","0.01323","97.70535","-0.00005","-0.00003","2.49860"
"0.50000","0.01652","103.19099","-0.00011","-0.00007","2.63889"
"0.60000","0.01995","108.06165","-0.00010","-0.00011","2.76344"
"0.70000","0.02339","114.17580","-0.00008","-0.00013","2.91980"
"0.80000","0.02661","119.72181","-0.00002","-0.00023","3.06163"
"0.90000","0.03004","125.60971","0.00004","-0.00036","3.21220"
"1.00000","0.03348","131.88495","0.00004","-0.00034","3.37267"
"1.10000","0.03647","137.01439","-0.00004","-0.00033","3.50385"
"1.20000","0.03998","142.73170","0.00000","-0.00039","3.65005"
"1.30000","0.04342","148.78040","-0.00002","-0.00038","3.80474"
"1.40000","0.04656","154.15117","0.00009","-0.00037","3.94208"
"1.50000","0.05007","159.19392","0.00009","-0.00040","4.07104"
"1.60000","0.05336","165.91908","0.00004","-0.00041","4.24302"
"1.70000","0.05665","170.64659","0.00004","-0.00033","4.36392"
"1.80000","0.05994","176.57640","0.00012","-0.00034","4.51556"
"1.90000","0.06330","182.53436","0.00016","-0.00036","4.66792"
"2.00000","0.06667","188.09241","0.00013","-0.00033","4.81006"
"2.10000","0.06988","193.03633","0.00019","-0.00018","4.93649"
"2.20000","0.07339","198.06792","0.00018","-0.00015","5.06516"
"2.30000","0.07683","204.22662","0.00022","-0.00007","5.22265"
"2.40000","0.07989","209.45757","0.00026","0.00001","5.35642"
"2.50000","0.08341","214.38243","0.00029","0.00004","5.48237"
"2.60000","0.08677","220.86459","0.00023","0.00014","5.64813"
"2.70000","0.08983","225.44994","0.00028","0.00016","5.76539"
"2.80000","0.09342","231.61562","0.00028","0.00021","5.92307"
"2.90000","0.09671","236.73244","0.00030","0.00015","6.05392"
"3.00000","0.10000","241.86482","0.00033","0.00010","6.18517"
"3.10000","0.10336","247.84491","0.00033","0.00015","6.33810"
"3.20000","0.10665","252.95723","0.00032","0.00028","6.46883"
"3.30000","0.10994","258.97183","0.00033","0.00023","6.62264"
"3.40000","0.11315","263.67426","0.00031","0.00023","6.74290"
"3.50000","0.11666","268.90497","0.00033","0.00015","6.87666"
"3.60000","0.12010","275.28717","0.00032","0.00011","7.03987"
"3.70000","0.12324","280.10312","0.00032","0.00013","7.16303"
"3.80000","0.12675","285.49887","0.00033","-0.00001","7.30101"
"3.90000","0.13004","291.12253","0.00035","0.00000","7.44483"
"4.00000","0.13318","295.64383","0.00036","-0.00020","7.56045"
"4.10000","0.13669","300.88763","0.00039","-0.00020","7.69455"
"4.20000","0.13998","305.89203","0.00038","-0.00021","7.82253"
"4.30000","0.14327","311.47025","0.00040","-0.00020","7.96518"
"4.40000","0.14671","315.96652","0.00043","-0.00028","8.08016"
"4.50000","0.15007","322.75662","0.00045","-0.00023","8.25380"
"4.60000","0.15336","328.18436","0.00047","-0.00030","8.39260"
"4.70000","0.15657","332.56625","0.00049","-0.00030","8.50466"
"4.80000","0.15994","338.06607","0.00053","-0.00032","8.64531"
"4.90000","0.16330","343.44250","0.00054","-0.00026","8.78280"
"5.00000","0.16651","348.85718","0.00055","-0.00025","8.92127"
"5.10000","0.17003","354.49902","0.00060","-0.00016","9.06554"
"5.20000","0.17339","359.27725","0.00064","-0.00003","9.18774"
"5.30000","0.17660","363.62192","0.00062","0.00004","9.29884"
"5.40000","0.17997","369.90262","0.00064","0.00007","9.45946"
"5.50000","0.18333","374.92883","0.00066","0.00015","9.58799"
"5.60000","0.18654","379.27933","0.00067","0.00017","9.69925"
"5.70000","0.18998","385.07516","0.00069","0.00028","9.84746"
"5.80000","0.19342","390.40506","0.00072","0.00034","9.98376"
"5.90000","0.19663","394.88272","0.00071","0.00030","10.09827"
"6.00000","0.19992","400.43900","0.00074","0.00032","10.24036"
"6.10000","0.20328","404.80429","0.00078","0.00036","10.35199"
"6.20000","0.20665","411.39069","0.00078","0.00032","10.52042"
"6.30000","0.20986","416.39047","0.00080","0.00031","10.64828"
"6.40000","0.21337","420.59207","0.00081","0.00028","10.75573"
"6.50000","0.21674","426.63696","0.00081","0.00035","10.91032"
"6.60000","0.22003","430.54895","0.00079","0.00033","11.01036"
"6.70000","0.22339","436.22925","0.00083","0.00028","11.15562"
"6.80000","0.22675","441.06668","0.00083","0.00023","11.27932"
"6.90000","0.22989","445.66058","0.00085","0.00020","11.39680"
"7.00000","0.23325","450.86215","0.00080","0.00010","11.52982"
"7.10000","0.23669","455.93378","0.00087","0.00004","11.65952"
"7.20000","0.23998","460.46408","0.00087","-0.00004","11.77537"
"7.30000","0.24334","465.18109","0.00087","-0.00013","11.89600"
"7.40000","0.24678","470.03723","0.00093","-0.00012","12.02018"
"7.50000","0.24999","475.25488","0.00091","-0.00017","12.15361"
"7.60000","0.25321","479.26074","0.00095","-0.00013","12.25605"
"7.70000","0.25665","483.99750","0.00096","-0.00012","12.37719"
"7.80000","0.26001","488.87259","0.00098","-0.00011","12.50186"
"7.90000","0.26322","493.29666","0.00101","-0.00007","12.61499"
"8.00000","0.26674","498.45334","0.00104","-0.00005","12.74686"
"8.10000","0.27010","503.57581","0.00105","-0.00008","12.87786"
"8.20000","0.27324","508.01495","0.00106","0.00002","12.99138"
"8.30000","0.27660","512.63605","0.00110","0.00002","13.10956"
"8.40000","0.28004","518.21356","0.00109","0.00010","13.25219"
"8.50000","0.28325","522.53979","0.00111","0.00020","13.36282"
"8.60000","0.28669","528.27460","0.00117","0.00020","13.50948"
"8.70000","0.29013","532.24487","0.00119","0.00035","13.61101"
"8.80000","0.29327","537.13983","0.00115","0.00031","13.73619"
"8.90000","0.29663","541.31329","0.00121","0.00032","13.84291"
"9.00000","0.29999","547.50354","0.00121","0.00043","14.00122"
"9.10000","0.30336","550.94812","0.00121","0.00046","14.08930"
"9.20000","0.30657","556.10010","0.00124","0.00046","14.22105"
"9.30000","0.31001","560.44611","0.00124","0.00043","14.33219"
"9.40000","0.31345","565.55688","0.00131","0.00037","14.46289"
"9.50000","0.31659","569.56268","0.00127","0.00041","14.56533"
"9.60000","0.31995","573.56604","0.00128","0.00044","14.66771"
"9.70000","0.32339","579.15381","0.00132","0.00042","14.81060"
"9.80000","0.32653","583.53784","0.00133","0.00040","14.92272"
"9.90000","0.33004","587.67438","0.00133","0.00029","15.02850"
"10.00000","0.33340","592.83881","0.00133","0.00029","15.16057"
"10.10000","0.33661","596.89709","0.00138","0.00020","15.26435"
"10.20000","0.34005","601.32660","0.00143","0.00017","15.37762"
"10.30000","0.34342","606.61633","0.00141","0.00013","15.51290"
"10.40000","0.34663","611.07257","0.00145","0.00003","15.62686"
"10.50000","0.34992","615.60895","0.00149","-0.00004","15.74286"
"10.60000","0.35328","620.18597","0.00148","-0.00008","15.85991"
"10.70000","0.35672","625.26099","0.00151","-0.00005","15.98969"
"10.80000","0.35993","629.01874","0.00151","-0.00014","16.08579"
"10.90000","0.36337","633.20129","0.00151","-0.00010","16.19275"
"11.00000","0.36681","637.68256","0.00151","-0.00011","16.30735"
"11.10000","0.36987","642.42041","0.00154","-0.00006","16.42851"
"11.20000","0.37331","646.35114","0.00155","-0.00008","16.52903"
"11.30000","0.37667","651.23315","0.00158","-0.00008","16.65388"
"11.40000","0.37989","655.32025","0.00164","-0.00001","16.75839"
"11.50000","0.38340","659.36304","0.00169","0.00012","16.86178"
"11.60000","0.38676","664.97174","0.00171","0.00014","17.00521"
"11.70000","0.38998","668.52380","0.00172","0.00017","17.09605"
"11.80000","0.39327","672.42468","0.00171","0.00031","17.19580"
"11.90000","0.39655","676.90399","0.00171","0.00039","17.31035"
"12.00000","0.39999","680.93909","0.00172","0.00034","17.41354"
"12.10000","0.40313","686.09717","0.00176","0.00040","17.54545"
"12.20000","0.40672","689.73907","0.00180","0.00043","17.63858"
"12.30000","0.41016","693.88684","0.00181","0.00047","17.74465"
"12.40000","0.41322","698.75842","0.00188","0.00055","17.86923"
"12.50000","0.41673","702.01520","0.00185","0.00049","17.95252"
"12.60000","0.42002","707.33044","0.00188","0.00054","18.08844"
"12.70000","0.42324","711.17328","0.00185","0.00052","18.18671"
"12.80000","0.42667","714.65466","0.00188","0.00049","18.27574"
"12.90000","0.43004","719.30115","0.00186","0.00044","18.39457"
"13.00000","0.43332","723.81848","0.00191","0.00039","18.51009"
"13.10000","0.43676","727.44061","0.00193","0.00038","18.60272"
"13.20000","0.43998","731.69904","0.00195","0.00032","18.71162"
"13.30000","0.44334","735.65094","0.00195","0.00032","18.81268"
"13.40000","0.44655","740.16895","0.00200","0.00020","18.92822"
"13.50000","0.44999","744.64069","0.00207","0.00013","19.04257"
"13.60000","0.45343","748.76984","0.00206","0.00007","19.14816"
"13.70000","0.45657","752.62653","0.00209","0.00005","19.24679"
"13.80000","0.46008","757.63123","0.00207","0.00000","19.37477"
"13.90000","0.46344","761.92059","0.00209","-0.00006","19.48447"
"14.00000","0.46651","766.10809","0.00208","-0.00002","19.59155"
"14.10000","0.47002","769.28363","0.00207","0.00000","19.67276"
"14.20000","0.47323","774.47229","0.00210","0.00006","19.80545"
"14.30000","0.47660","778.26227","0.00214","0.00003","19.90237"
"14.40000","0.47996","782.66022","0.00223","0.00002","20.01484"
"14.50000","0.48340","786.46307","0.00224","0.00001","20.11209"
"14.60000","0.48669","791.05853","0.00225","0.00011","20.22961"
"14.70000","0.48983","794.11401","0.00227","0.00013","20.30774"
"14.80000","0.49334","798.32581","0.00222","0.00022","20.41545"
"14.90000","0.49670","801.97156","0.00224","0.00028","20.50868"
"15.00000","0.49984","806.92181","0.00228","0.00030","20.63527"
"15.10000","0.50335","810.54791","0.00230","0.00032","20.72800"
"15.20000","0.50679","814.99628","0.00234","0.00053","20.84176"
"15.30000","0.50993","819.24408","0.00236","0.00047","20.95039"
"15.40000","0.51337","823.49414","0.00237","0.00051","21.05908"
"15.50000","0.51666","826.56665","0.00237","0.00057","21.13765"
"15.60000","0.51994","830.92554","0.00237","0.00056","21.24912"
"15.70000","0.52331","835.13696","0.00241","0.00066","21.35682"
"15.80000","0.52667","839.11859","0.00243","0.00064","21.45864"
"15.90000","0.53003","843.70032","0.00245","0.00057","21.57581"
"16.00000","0.53325","846.61218","0.00251","0.00058","21.65027"
"16.10000","0.53669","850.74695","0.00251","0.00053","21.75601"
"16.20000","0.54005","854.89301","0.00250","0.00058","21.86203"
"16.30000","0.54319","859.11237","0.00255","0.00050","21.96994"
"16.40000","0.54670","862.76251","0.00256","0.00038","22.06328"
"16.50000","0.55006","866.94385","0.00259","0.00032","22.17021"
"16.60000","0.55328","870.96533","0.00262","0.00030","22.27305"
"16.70000","0.55672","874.91681","0.00261","0.00021","22.37410"
"16.80000","0.56008","878.43610","0.00261","0.00022","22.46410"
"16.90000","0.56329","882.50934","0.00266","0.00011","22.56826"
"17.00000","0.56658","886.97394","0.00267","0.00002","22.68243"
"17.10000","0.57002","890.16187","0.00270","0.00003","22.76396"
"17.20000","0.57331","894.78259","0.00270","0.00004","22.88212"
"17.30000","0.57667","897.69305","0.00274","0.00010","22.95655"
"17.40000","0.58011","901.77570","0.00271","0.00010","23.06096"
"17.50000","0.58332","905.90698","0.00275","0.00007","23.16661"
"17.60000","0.58654","909.89990","0.00281","0.00004","23.26872"
"17.70000","0.58997","913.33984","0.00276","0.00013","23.35669"
"17.80000","0.59341","918.50842","0.00281","0.00016","23.48886"
"17.90000","0.59655","921.23096","0.00278","0.00020","23.55848"
"18.00000","0.59999","925.03021","0.00281","0.00031","23.65564"
"18.10000","0.60343","929.30414","0.00287","0.00032","23.76494"
"18.20000","0.60664","932.65436","0.00287","0.00033","23.85061"
"18.30000","0.60993","936.30066","0.00290","0.00044","23.94386"
"18.40000","0.61337","940.92841","0.00288","0.00051","24.06220"
"18.50000","0.61658","943.92279","0.00292","0.00055","24.13878"
"18.60000","0.61994","947.39569","0.00293","0.00053","24.22759"
"18.70000","0.62346","951.74091","0.00292","0.00064","24.33871"
"18.80000","0.62667","956.12683","0.00295","0.00065","24.45087"
"18.90000","0.62996","959.17236","0.00300","0.00062","24.52875"
"19.00000","0.63332","963.60797","0.00302","0.00064","24.64218"
"19.10000","0.63661","966.59821","0.00302","0.00067","24.71865"
"19.20000","0.63990","970.97821","0.00302","0.00067","24.83066"
"19.30000","0.64334","975.30542","0.00305","0.00061","24.94132"
"19.40000","0.64677","978.91296","0.00308","0.00059","25.03358"
"19.50000","0.64991","982.67578","0.00310","0.00051","25.12980"
"19.60000","0.65335","986.83929","0.00314","0.00045","25.23627"
"19.70000","0.65679","990.16187","0.00317","0.00039","25.32124"
"19.80000","0.65985","995.02734","0.00317","0.00035","25.44567"
"19.90000","0.66336","997.40393","0.00319","0.00031","25.50644"
"20.00000","0.66673","1,001.15759","0.00323","0.00015","25.60243"
"20.10000","0.66994","1,004.93280","0.00322","0.00017","25.69898"
"20.20000","0.67338","1,008.46130","0.00323","0.00011","25.78921"
"20.30000","0.67674","1,011.83203","0.00322","0.00017","25.87541"
"20.40000","0.67996","1,016.00189","0.00326","0.00017","25.98204"
"20.50000","0.68324","1,020.08691","0.00324","0.00022","26.08651"
"20.60000","0.68653","1,023.89728","0.00329","0.00020","26.18395"
"20.70000","0.69005","1,026.86377","0.00333","0.00016","26.25981"
"20.80000","0.69318","1,030.83337","0.00329","0.00025","26.36133"
"20.90000","0.69670","1,034.37439","0.00333","0.00023","26.45188"
"21.00000","0.70014","1,038.23816","0.00332","0.00028","26.55069"
"21.10000","0.70320","1,041.76892","0.00334","0.00029","26.64098"
"21.20000","0.70664","1,045.57288","0.00338","0.00044","26.73826"
"21.30000","0.71000","1,049.45142","0.00335","0.00041","26.83744"
"21.40000","0.71329","1,053.02002","0.00339","0.00051","26.92870"
"21.50000","0.71673","1,056.33374","0.00332","0.00059","27.01344"
"21.60000","0.72002","1,061.05823","0.00337","0.00066","27.13426"
"21.70000","0.72338","1,063.61548","0.00339","0.00067","27.19966"
"21.80000","0.72667","1,068.18481","0.00336","0.00067","27.31651"
"21.90000","0.72996","1,070.89331","0.00337","0.00073","27.38577"
"22.00000","0.73332","1,074.89856","0.00340","0.00073","27.48820"
"22.10000","0.73653","1,078.10303","0.00343","0.00082","27.57015"
"22.20000","0.73997","1,082.29944","0.00344","0.00074","27.67746"
"22.30000","0.74348","1,085.48364","0.00349","0.00065","27.75889"
"22.40000","0.74662","1,089.56616","0.00354","0.00067","27.86329"
"22.50000","0.75006","1,093.41443","0.00357","0.00072","27.96170"
"22.60000","0.75335","1,096.80322","0.00361","0.00064","28.04836"
"22.70000","0.75656","1,100.09497","0.00357","0.00057","28.13254"
"22.80000","0.76000","1,103.16614","0.00361","0.00054","28.21108"
"22.90000","0.76329","1,106.91882","0.00360","0.00034","28.30705"
"23.00000","0.76665","1,110.39648","0.00365","0.00033","28.39598"
"23.10000","0.76994","1,115.01501","0.00366","0.00029","28.51409"
"23.20000","0.77338","1,117.31580","0.00367","0.00020","28.57293"
"23.30000","0.77674","1,121.24939","0.00377","0.00020","28.67352"
"23.40000","0.77988","1,124.58289","0.00374","0.00015","28.75877"
"23.50000","0.78332","1,127.94910","0.00372","0.00018","28.84485"
"23.60000","0.78676","1,131.42383","0.00379","0.00018","28.93371"
"23.70000","0.78989","1,135.18457","0.00376","0.00017","29.02988"
"23.80000","0.79341","1,139.07080","0.00376","0.00027","29.12926"
"23.90000","0.79677","1,142.26404","0.00383","0.00019","29.21093"
"24.00000","0.79991","1,145.85803","0.00370","0.00024","29.30283"
"24.10000","0.80335","1,149.71875","0.00373","0.00028","29.40156"
"24.20000","0.80664","1,153.65320","0.00378","0.00038","29.50218"
"24.30000","0.81000","1,157.29407","0.00378","0.00028","29.59529"
"24.40000","0.81329","1,160.47131","0.00377","0.00036","29.67654"
"24.50000","0.81665","1,164.06531","0.00380","0.00043","29.76845"
"24.60000","0.82009","1,167.93970","0.00378","0.00058","29.86753"
"24.70000","0.82323","1,171.38330","0.00381","0.00052","29.95559"
"24.80000","0.82666","1,174.44116","0.00382","0.00061","30.03379"
"24.90000","0.83003","1,178.18042","0.00382","0.00062","30.12941"
"25.00000","0.83317","1,181.14429","0.00386","0.00072","30.20520"
"25.10000","0.83675","1,184.09290","0.00388","0.00077","30.28061"
"25.20000","0.84012","1,189.25183","0.00390","0.00073","30.41254"
"25.30000","0.84326","1,192.95386","0.00392","0.00076","30.50721"
"25.40000","0.84669","1,195.96692","0.00394","0.00078","30.58426"
"25.50000","0.84991","1,199.29749","0.00392","0.00075","30.66943"
"25.60000","0.85320","1,202.51843","0.00399","0.00078","30.75180"
"25.70000","0.85663","1,205.91687","0.00402","0.00069","30.83871"
"25.80000","0.86000","1,208.71045","0.00404","0.00067","30.91015"
"25.90000","0.86344","1,212.97900","0.00406","0.00059","31.01931"
"26.00000","0.86665","1,215.98230","0.00405","0.00047","31.09611"
"26.10000","0.87009","1,220.11780","0.00410","0.00047","31.20187"
"26.20000","0.87338","1,223.00720","0.00412","0.00035","31.27576"
"26.30000","0.87651","1,226.26013","0.00416","0.00033","31.35894"
"26.40000","0.88003","1,230.29932","0.00416","0.00029","31.46224"
"26.50000","0.88339","1,234.21619","0.00416","0.00025","31.56240"
"26.60000","0.88660","1,237.03882","0.00418","0.00029","31.63458"
"26.70000","0.89004","1,240.99207","0.00420","0.00024","31.73568"
"26.80000","0.89348","1,243.92188","0.00421","0.00030","31.81060"
"26.90000","0.89662","1,248.01538","0.00422","0.00030","31.91529"
"27.00000","0.89991","1,250.46313","0.00419","0.00036","31.97788"
"27.10000","0.90334","1,253.87659","0.00425","0.00027","32.06517"
"27.20000","0.90663","1,257.77612","0.00425","0.00033","32.16490"
"27.30000","0.90992","1,260.79956","0.00422","0.00042","32.24221"
"27.40000","0.91343","1,264.15686","0.00422","0.00044","32.32807"
"27.50000","0.91672","1,267.62903","0.00422","0.00047","32.41686"
"27.60000","0.91986","1,269.99231","0.00421","0.00056","32.47730"
"27.70000","0.92337","1,274.38135","0.00425","0.00061","32.58954"
"27.80000","0.92666","1,278.05383","0.00425","0.00074","32.68346"
"27.90000","0.92988","1,280.59729","0.00431","0.00070","32.74850"
"28.00000","0.93331","1,283.70911","0.00429","0.00078","32.82808"
"28.10000","0.93683","1,287.47693","0.00430","0.00076","32.92443"
"28.20000","0.93997","1,290.56934","0.00431","0.00082","33.00351"
"28.30000","0.94333","1,294.19482","0.00435","0.00095","33.09623"
"28.40000","0.94677","1,297.68250","0.00436","0.00102","33.18542"
"28.50000","0.94991","1,300.32886","0.00438","0.00095","33.25309"
"28.60000","0.95327","1,302.51843","0.00437","0.00088","33.30909"
"28.70000","0.95678","1,307.49524","0.00442","0.00083","33.43636"
"28.80000","0.96000","1,310.03772","0.00445","0.00080","33.50137"
"28.90000","0.96336","1,312.90442","0.00449","0.00076","33.57468"
"29.00000","0.96665","1,316.99146","0.00450","0.00078","33.67920"
"29.10000","0.97001","1,320.11316","0.00458","0.00059","33.75903"
"29.20000","0.97322","1,322.31140","0.00460","0.00058","33.81525"
"29.30000","0.97666","1,326.17615","0.00460","0.00048","33.91408"
"29.40000","0.98010","1,329.34924","0.00459","0.00049","33.99522"
"29.50000","0.98331","1,332.24060","0.00460","0.00040","34.06916"
"29.60000","0.98668","1,336.41260","0.00460","0.00036","34.17585"
"29.70000","0.99011","1,339.04614","0.00466","0.00034","34.24320"
"29.80000","0.99318","1,342.43384","0.00464","0.00039","34.32983"
"29.90000","0.99662","1,345.29883","0.00464","0.00037","34.40310"
"30.00000","0.99998","1,349.07910","0.00465","0.00040","34.49977"
"30.10000","1.00327","1,352.27856","0.00469","0.00042","34.58159"
"30.20000","1.00663","1,355.33606","0.00466","0.00042","34.65978"
"30.30000","1.00999","1,358.36243","0.00467","0.00041","34.73717"
"30.40000","1.01343","1,360.90820","0.00466","0.00041","34.80228"
"30.50000","1.01657","1,364.52856","0.00466","0.00049","34.89486"
"30.60000","1.01993","1,367.13843","0.00471","0.00051","34.96160"
"30.70000","1.02337","1,370.73682","0.00472","0.00065","35.05362"
"30.80000","1.02651","1,374.14551","0.00475","0.00065","35.14079"
"30.90000","1.03002","1,377.29333","0.00476","0.00070","35.22129"
"31.00000","1.03346","1,380.13464","0.00477","0.00078","35.29395"
"31.10000","1.03660","1,382.77673","0.00479","0.00076","35.36152"
"31.20000","1.03996","1,386.29932","0.00482","0.00091","35.45160"
"31.30000","1.04333","1,389.91272","0.00479","0.00092","35.54400"
"31.40000","1.04654","1,392.55884","0.00486","0.00102","35.61167"
"31.50000","1.04998","1,395.31689","0.00485","0.00106","35.68221"
"31.60000","1.05334","1,400.03577","0.00488","0.00102","35.80288"
"31.70000","1.05670","1,401.95825","0.00490","0.00099","35.85204"
"31.80000","1.05999","1,405.45312","0.00494","0.00093","35.94142"
"31.90000","1.06328","1,408.83582","0.00493","0.00085","36.02792"
"32.00000","1.06672","1,411.34363","0.00498","0.00085","36.09205"
"32.10000","1.06986","1,413.98889","0.00501","0.00083","36.15970"
"32.20000","1.07330","1,418.31531","0.00500","0.00075","36.27034"
"32.30000","1.07681","1,421.26135","0.00504","0.00070","36.34568"
"32.40000","1.07995","1,424.07739","0.00503","0.00062","36.41769"
"32.50000","1.08339","1,427.18848","0.00506","0.00053","36.49725"
"32.60000","1.08675","1,430.28101","0.00511","0.00053","36.57634"
"32.70000","1.08996","1,433.95337","0.00508","0.00047","36.67025"
"32.80000","1.09333","1,436.76050","0.00508","0.00050","36.74203"
"32.90000","1.09661","1,440.44055","0.00512","0.00049","36.83614"
"33.00000","1.09998","1,443.30444","0.00516","0.00049","36.90938"
"33.10000","1.10327","1,446.29590","0.00516","0.00047","36.98588"
"33.20000","1.10670","1,449.77295","0.00514","0.00052","37.07480"
"33.30000","1.11014","1,452.65540","0.00513","0.00058","37.14851"
"33.40000","1.11313","1,454.66553","0.00514","0.00052","37.19992"
"33.50000","1.11664","1,459.32190","0.00516","0.00053","37.31899"
"33.60000","1.12001","1,461.62854","0.00517","0.00055","37.37798"
"33.70000","1.12315","1,465.73816","0.00520","0.00063","37.48307"
"33.80000","1.12673","1,467.98865","0.00519","0.00068","37.54063"
"33.90000","1.13010","1,470.22729","0.00522","0.00079","37.59787"
"34.00000","1.13331","1,474.21716","0.00524","0.00079","37.69991"
"34.10000","1.13667","1,477.77783","0.00526","0.00093","37.79096"
"34.20000","1.13996","1,479.82153","0.00529","0.00099","37.84323"
"34.30000","1.14332","1,482.94324","0.00531","0.00101","37.92306"
"34.40000","1.14661","1,485.83740","0.00535","0.00105","37.99707"
"34.50000","1.15005","1,489.57312","0.00534","0.00100","38.09260"
"34.60000","1.15349","1,492.72693","0.00534","0.00102","38.17326"
"34.70000","1.15663","1,495.29993","0.00537","0.00118","38.23905"
"34.80000","1.16007","1,498.11987","0.00539","0.00109","38.31117"
"34.90000","1.16335","1,500.82056","0.00542","0.00109","38.38023"
"35.00000","1.16649","1,504.61145","0.00541","0.00106","38.47718"
"35.10000","1.17008","1,506.89795","0.00543","0.00106","38.53565"
"35.20000","1.17344","1,509.72656","0.00545","0.00097","38.60798"
"35.30000","1.17666","1,512.96179","0.00547","0.00093","38.69072"
"35.40000","1.18002","1,516.28992","0.00545","0.00085","38.77583"
"35.50000","1.18338","1,518.73181","0.00551","0.00071","38.83827"
"35.60000","1.18667","1,521.98743","0.00553","0.00071","38.92153"
"35.70000","1.18989","1,524.01343","0.00553","0.00067","38.97334"
"35.80000","1.19332","1,528.18921","0.00554","0.00058","39.08012"
"35.90000","1.19669","1,530.73169","0.00556","0.00060","39.14514"
"36.00000","1.19990","1,532.40540","0.00559","0.00058","39.18795"
"36.10000","1.20341","1,536.24646","0.00560","0.00063","39.28617"
"36.20000","1.20670","1,539.29468","0.00560","0.00056","39.36412"
"36.30000","1.20984","1,542.00610","0.00560","0.00062","39.43346"
"36.40000","1.21335","1,545.73120","0.00562","0.00062","39.52872"
"36.50000","1.21672","1,548.18176","0.00561","0.00062","39.59139"
"36.60000","1.21993","1,549.98950","0.00563","0.00067","39.63762"
"36.70000","1.22337","1,553.49573","0.00565","0.00064","39.72728"
"36.80000","1.22681","1,556.05225","0.00570","0.00071","39.79266"
"36.90000","1.22994","1,559.26025","0.00573","0.00073","39.87470"
"37.00000","1.23331","1,562.00244","0.00574","0.00078","39.94482"
"37.10000","1.23667","1,565.46118","0.00572","0.00082","40.03328"
"37.20000","1.23996","1,568.36792","0.00576","0.00094","40.10761"
"37.30000","1.24332","1,571.50378","0.00580","0.00101","40.18780"
"37.40000","1.24676","1,574.09985","0.00586","0.00101","40.25419"
"37.50000","1.25005","1,577.40881","0.00584","0.00112","40.33881"
"37.60000","1.25326","1,579.24207","0.00585","0.00103","40.38569"
"37.70000","1.25670","1,583.19995","0.00586","0.00110","40.48690"
"37.80000","1.25999","1,585.82983","0.00589","0.00117","40.55416"
"37.90000","1.26320","1,587.57971","0.00591","0.00117","40.59891"
"38.00000","1.26664","1,591.94653","0.00588","0.00118","40.71058"
"38.10000","1.27008","1,594.82434","0.00592","0.00119","40.78418"
"38.20000","1.27329","1,596.91052","0.00594","0.00103","40.83752"
"38.30000","1.27666","1,600.15466","0.00591","0.00103","40.92049"
"38.40000","1.28002","1,602.42688","0.00595","0.00107","40.97859"
"38.50000","1.28323","1,605.64990","0.00596","0.00097","41.06102"
"38.60000","1.28660","1,608.46362","0.00599","0.00093","41.13297"
"38.70000","1.29003","1,610.85962","0.00601","0.00084","41.19424"
"38.80000","1.29332","1,614.29089","0.00601","0.00082","41.28199"
"38.90000","1.29669","1,616.83704","0.00604","0.00079","41.34710"
"39.00000","1.30005","1,619.66174","0.00605","0.00078","41.41934"
"39.10000","1.30341","1,622.38501","0.00608","0.00075","41.48898"
"39.20000","1.30655","1,625.22400","0.00608","0.00071","41.56158"
"39.30000","1.30999","1,628.37805","0.00609","0.00070","41.64224"
"39.40000","1.31343","1,631.06641","0.00609","0.00082","41.71099"
"39.50000","1.31657","1,633.80200","0.00614","0.00081","41.78094"
"39.60000","1.32000","1,636.90710","0.00614","0.00079","41.86035"
"39.70000","1.32344","1,639.14990","0.00613","0.00080","41.91771"
"39.80000","1.32658","1,642.33093","0.00618","0.00089","41.99905"
"39.90000","1.32994","1,644.63538","0.00623","0.00084","42.05798"
"40.00000","1.33331","1,647.70300","0.00622","0.00085","42.13643"
"40.10000","1.33659","1,650.78784","0.00626","0.00089","42.21532"
"40.20000","1.33996","1,653.20044","0.00630","0.00098","42.27702"
"40.30000","1.34332","1,655.97485","0.00630","0.00103","42.34797"
"40.40000","1.34676","1,659.01965","0.00629","0.00105","42.42583"
"40.50000","1.34997","1,661.19897","0.00630","0.00115","42.48156"
"40.60000","1.35326","1,664.36951","0.00633","0.00121","42.56264"
"40.70000","1.35670","1,667.27136","0.00633","0.00122","42.63685"
"40.80000","1.35984","1,669.98914","0.00634","0.00121","42.70635"
"40.90000","1.36335","1,673.06848","0.00632","0.00129","42.78510"
"41.00000","1.36686","1,675.21497","0.00636","0.00130","42.83999"
"41.10000","1.36993","1,678.03333","0.00638","0.00132","42.91206"
"41.20000","1.37337","1,680.73511","0.00640","0.00131","42.98116"
"41.30000","1.37673","1,683.27283","0.00638","0.00125","43.04605"
"41.40000","1.37994","1,686.24072","0.00639","0.00131","43.12195"
"41.50000","1.38331","1,688.28625","0.00640","0.00122","43.17426"
"41.60000","1.38667","1,691.35815","0.00640","0.00113","43.25282"
"41.70000","1.39011","1,694.38867","0.00645","0.00109","43.33031"
"41.80000","1.39332","1,697.40210","0.00647","0.00104","43.40738"
"41.90000","1.39668","1,699.81946","0.00650","0.00097","43.46920"
"42.00000","1.40012","1,701.44824","0.00653","0.00089","43.51085"
"42.10000","1.40319","1,704.11462","0.00648","0.00090","43.57904"
"42.20000","1.40662","1,708.05566","0.00651","0.00087","43.67982"
"42.30000","1.41014","1,710.72131","0.00655","0.00087","43.74799"
"42.40000","1.41327","1,712.84155","0.00655","0.00092","43.80221"
"42.50000","1.41671","1,715.46521","0.00658","0.00083","43.86930"
"42.60000","1.42008","1,718.08215","0.00661","0.00089","43.93623"
"42.70000","1.42329","1,721.13586","0.00662","0.00087","44.01432"
"42.80000","1.42665","1,723.98840","0.00666","0.00094","44.08727"
"42.90000","1.42994","1,726.09998","0.00668","0.00097","44.14126"
"43.00000","1.43330","1,728.74036","0.00669","0.00100","44.20879"
"43.10000","1.43659","1,731.20740","0.00674","0.00101","44.27187"
"43.20000","1.44003","1,733.89893","0.00671","0.00098","44.34071"
"43.30000","1.44347","1,736.25708","0.00674","0.00100","44.40101"
"43.40000","1.44653","1,739.83887","0.00679","0.00116","44.49261"
"43.50000","1.44997","1,741.81909","0.00677","0.00124","44.54325"
"43.60000","1.45341","1,744.57837","0.00680","0.00121","44.61381"
"43.70000","1.45655","1,746.42505","0.00681","0.00126","44.66103"
"43.80000","1.46013","1,749.92664","0.00683","0.00132","44.75058"
"43.90000","1.46342","1,752.74353","0.00686","0.00138","44.82262"
"44.00000","1.46664","1,755.62634","0.00690","0.00141","44.89634"
"44.10000","1.46993","1,757.87207","0.00686","0.00145","44.95377"
"44.20000","1.47321","1,759.65759","0.00689","0.00143","44.99943"
"44.30000","1.47665","1,762.84351","0.00692","0.00148","45.08090"
"44.40000","1.47994","1,764.55396","0.00693","0.00142","45.12464"
"44.50000","1.48338","1,767.96704","0.00695","0.00138","45.21192"
"44.60000","1.48674","1,771.07324","0.00699","0.00138","45.29136"
"44.70000","1.48988","1,773.07385","0.00698","0.00133","45.34252"
"44.80000","1.49339","1,776.33020","0.00699","0.00131","45.42579"
"44.90000","1.49668","1,778.75818","0.00701","0.00118","45.48788"
"45.00000","1.49982","1,780.75476","0.00699","0.00114","45.53894"
"45.10000","1.50333","1,783.51868","0.00698","0.00109","45.60962"
"45.20000","1.50670","1,786.11243","0.00701","0.00106","45.67595"
"45.30000","1.50998","1,788.91309","0.00704","0.00103","45.74757"
"45.40000","1.51342","1,791.36194","0.00706","0.00104","45.81020"
"45.50000","1.51671","1,793.80627","0.00711","0.00100","45.87271"
"45.60000","1.51992","1,796.72217","0.00712","0.00102","45.94727"
"45.70000","1.52329","1,799.08484","0.00713","0.00105","46.00769"
"45.80000","1.52673","1,801.69897","0.00711","0.00102","46.07454"
"45.90000","1.53001","1,804.54956","0.00717","0.00105","46.14744"
"46.00000","1.53323","1,806.27551","0.00719","0.00110","46.19158"
"46.10000","1.53674","1,809.74939","0.00721","0.00113","46.28041"
"46.20000","1.54003","1,812.13025","0.00723","0.00116","46.34130"
"46.30000","1.54317","1,814.35071","0.00722","0.00121","46.39809"
"46.40000","1.54661","1,816.97388","0.00726","0.00120","46.46517"
"46.50000","1.55004","1,819.55212","0.00729","0.00126","46.53110"
"46.60000","1.55318","1,821.77002","0.00730","0.00131","46.58782"
"46.70000","1.55669","1,824.19788","0.00731","0.00140","46.64991"
"46.80000","1.56006","1,827.10229","0.00736","0.00138","46.72418"
"46.90000","1.56327","1,828.97278","0.00738","0.00151","46.77201"
"47.00000","1.56656","1,830.78503","0.00741","0.00147","46.81836"
"47.10000","1.57000","1,835.04675","0.00739","0.00159","46.92734"
"47.20000","1.57321","1,836.64258","0.00741","0.00158","46.96815"
"47.30000","1.57665","1,838.95215","0.00741","0.00150","47.02721"
"47.40000","1.58009","1,841.81848","0.00741","0.00160","47.10051"
"47.50000","1.58338","1,843.76685","0.00745","0.00157","47.15034"
"47.60000","1.58666","1,846.38208","0.00748","0.00158","47.21722"
"47.70000","1.59003","1,849.40588","0.00748","0.00151","47.29454"
"47.80000","1.59332","1,851.37427","0.00754","0.00141","47.34488"
"47.90000","1.59653","1,853.48840","0.00753","0.00145","47.39894"
"48.00000","1.59997","1,856.35168","0.00752","0.00135","47.47217"
"48.10000","1.60341","1,858.55310","0.00753","0.00137","47.52847"
"48.20000","1.60662","1,861.26550","0.00754","0.00118","47.59783"
"48.30000","1.60998","1,863.82434","0.00753","0.00124","47.66327"
"48.40000","1.61342","1,866.07275","0.00752","0.00119","47.72076"
"48.50000","1.61656","1,868.51282","0.00758","0.00120","47.78316"
"48.60000","1.61992","1,870.69568","0.00759","0.00111","47.83899"
"48.70000","1.62329","1,873.92139","0.00760","0.00110","47.92147"
"48.80000","1.62665","1,875.89038","0.00762","0.00112","47.97183"
"48.90000","1.63001","1,877.85364","0.00764","0.00110","48.02203"
"49.00000","1.63337","1,880.99048","0.00770","0.00119","48.10225"
"49.10000","1.63674","1,882.93787","0.00770","0.00125","48.15205"
"49.20000","1.63988","1,885.18506","0.00771","0.00124","48.20952"
"49.30000","1.64324","1,887.42017","0.00773","0.00127","48.26668"
"49.40000","1.64668","1,890.93054","0.00777","0.00124","48.35645"
"49.50000","1.64989","1,892.67883","0.00775","0.00130","48.40116"
"49.60000","1.65333","1,895.00977","0.00777","0.00136","48.46077"
"49.70000","1.65684","1,897.44214","0.00781","0.00142","48.52297"
"49.80000","1.65991","1,899.12354","0.00784","0.00143","48.56597"
"49.90000","1.66334","1,902.00391","0.00786","0.00155","48.63963"
"50.00000","1.66671","1,903.83936","0.00787","0.00157","48.68656"
"50.10000","1.67000","1,906.90308","0.00792","0.00166","48.76491"
"50.20000","1.67328","1,909.01624","0.00797","0.00170","48.81895"
"50.30000","1.67672","1,911.15833","0.00792","0.00173","48.87373"
"50.40000","1.68009","1,913.53284","0.00795","0.00169","48.93445"
"50.50000","1.68330","1,915.44690","0.00795","0.00164","48.98340"
"50.60000","1.68659","1,918.36658","0.00798","0.00173","49.05806"
"50.70000","1.69010","1,920.91504","0.00803","0.00169","49.12324"
"50.80000","1.69316","1,922.07153","0.00801","0.00172","49.15281"
"50.90000","1.69668","1,925.14392","0.00804","0.00161","49.23138"
"51.00000","1.70011","1,927.85303","0.00800","0.00154","49.30066"
"51.10000","1.70325","1,929.88367","0.00803","0.00156","49.35259"
"51.20000","1.70669","1,932.17639","0.00807","0.00156","49.41122"
"51.30000","1.70998","1,934.87683","0.00805","0.00147","49.48028"
"51.40000","1.71327","1,936.23950","0.00808","0.00141","49.51513"
"51.50000","1.71663","1,938.20544","0.00811","0.00134","49.56540"
"51.60000","1.71992","1,941.27673","0.00813","0.00135","49.64394"
"51.70000","1.72343","1,943.96521","0.00814","0.00131","49.71270"
"51.80000","1.72665","1,945.55469","0.00813","0.00132","49.75334"
"51.90000","1.73001","1,947.84143","0.00816","0.00135","49.81182"
"52.00000","1.73345","1,950.22803","0.00817","0.00137","49.87285"
"52.10000","1.73651","1,952.91968","0.00818","0.00134","49.94168"
"52.20000","1.74002","1,955.35632","0.00817","0.00142","50.00400"
"52.30000","1.74339","1,957.96130","0.00825","0.00142","50.07061"
"52.40000","1.74660","1,959.78528","0.00824","0.00148","50.11726"
"52.50000","1.75011","1,962.76099","0.00827","0.00150","50.19336"
"52.60000","1.75348","1,964.46008","0.00827","0.00145","50.23680"
"52.70000","1.75662","1,966.85010","0.00833","0.00156","50.29793"
"52.80000","1.75998","1,968.96680","0.00832","0.00155","50.35205"
"52.90000","1.76327","1,971.54333","0.00833","0.00157","50.41795"
"53.00000","1.76663","1,972.94202","0.00836","0.00166","50.45371"
"53.10000","1.76984","1,974.90356","0.00839","0.00178","50.50388"
"53.20000","1.77336","1,978.02332","0.00840","0.00184","50.58366"
"53.30000","1.77679","1,979.87927","0.00839","0.00184","50.63112"
"53.40000","1.77986","1,983.11523","0.00844","0.00183","50.71387"
"53.50000","1.78337","1,985.41931","0.00850","0.00184","50.77279"
"53.60000","1.78673","1,987.74207","0.00850","0.00189","50.83219"
"53.70000","1.78987","1,989.51794","0.00848","0.00183","50.87761"
"53.80000","1.79339","1,992.15857","0.00848","0.00186","50.94514"
"53.90000","1.79675","1,994.04211","0.00849","0.00186","50.99330"
"54.00000","1.80004","1,996.41345","0.00853","0.00175","51.05394"
"54.10000","1.80333","1,998.63391","0.00858","0.00171","51.11073"
"54.20000","1.80669","2,001.10229","0.00854","0.00168","51.17385"
"54.30000","1.80998","2,003.87390","0.00856","0.00171","51.24473"
"54.40000","1.81327","2,005.32434","0.00857","0.00156","51.28182"
"54.50000","1.81670","2,008.27490","0.00860","0.00153","51.35728"
"54.60000","1.82007","2,011.09277","0.00862","0.00150","51.42934"
"54.70000","1.82328","2,012.47656","0.00865","0.00141","51.46473"
"54.80000","1.82672","2,014.54663","0.00860","0.00146","51.51766"
"54.90000","1.83001","2,017.18604","0.00865","0.00136","51.58516"
"55.00000","1.83315","2,019.29456","0.00868","0.00143","51.63908"
"55.10000","1.83666","2,022.15198","0.00868","0.00133","51.71215"
"55.20000","1.84002","2,024.24060","0.00874","0.00138","51.76556"
"55.30000","1.84331","2,026.28687","0.00871","0.00148","51.81789"
"55.40000","1.84675","2,028.58545","0.00874","0.00155","51.87667"
"55.50000","1.85004","2,030.55566","0.00878","0.00152","51.92706"
"55.60000","1.85333","2,032.78735","0.00878","0.00157","51.98413"
"55.70000","1.85654","2,034.90295","0.00881","0.00158","52.03823"
"55.80000","1.85998","2,037.31567","0.00883","0.00162","52.09993"
"55.90000","1.86334","2,038.96912","0.00884","0.00159","52.14221"
"56.00000","1.86663","2,041.46277","0.00884","0.00171","52.20598"
"56.10000","1.87007","2,043.79712","0.00888","0.00182","52.26568"
"56.20000","1.87343","2,046.55530","0.00893","0.00186","52.33621"
"56.30000","1.87657","2,047.22607","0.00894","0.00193","52.35337"
"56.40000","1.88001","2,049.60718","0.00892","0.00192","52.41426"
"56.50000","1.88337","2,052.98950","0.00896","0.00194","52.50076"
"56.60000","1.88658","2,055.00220","0.00894","0.00202","52.55222"
"56.70000","1.89002","2,057.56787","0.00898","0.00198","52.61784"
"56.80000","1.89338","2,058.89746","0.00899","0.00198","52.65184"
"56.90000","1.89667","2,061.36450","0.00898","0.00193","52.71493"
"57.00000","1.89996","2,063.85864","0.00902","0.00188","52.77871"
"57.10000","1.90332","2,065.14551","0.00906","0.00193","52.81162"
"57.20000","1.90661","2,068.16821","0.00908","0.00189","52.88892"
"57.30000","1.90990","2,070.59595","0.00910","0.00182","52.95100"
"57.40000","1.91334","2,072.66113","0.00909","0.00179","53.00381"
"57.50000","1.91670","2,074.85498","0.00911","0.00169","53.05992"
"57.60000","1.91999","2,076.85156","0.00914","0.00164","53.11097"
"57.70000","1.92335","2,079.73828","0.00914","0.00161","53.18480"
"57.80000","1.92664","2,081.98413","0.00915","0.00160","53.24223"
"57.90000","1.92986","2,083.40039","0.00916","0.00160","53.27845"
"58.00000","1.93329","2,084.65503","0.00921","0.00156","53.31053"
"58.10000","1.93673","2,088.17480","0.00921","0.00161","53.40054"
"58.20000","1.93995","2,090.11011","0.00920","0.00158","53.45004"
"58.30000","1.94338","2,091.89160","0.00926","0.00158","53.49559"
"58.40000","1.94682","2,093.49414","0.00926","0.00164","53.53657"
"58.50000","1.94996","2,096.92920","0.00926","0.00165","53.62442"
"58.60000","1.95332","2,097.28369","0.00929","0.00166","53.63348"
"58.70000","1.95669","2,100.17700","0.00929","0.00168","53.70747"
"58.80000","1.96005","2,102.89575","0.00931","0.00175","53.77700"
"58.90000","1.96334","2,104.61377","0.00932","0.00177","53.82093"
"59.00000","1.96670","2,106.96558","0.00936","0.00173","53.88108"
"59.10000","1.97006","2,109.57666","0.00940","0.00180","53.94785"
"59.20000","1.97328","2,111.29028","0.00940","0.00198","53.99167"
"59.30000","1.97657","2,113.16919","0.00944","0.00202","54.03972"
"59.40000","1.98008","2,114.61035","0.00941","0.00203","54.07657"
"59.50000","1.98322","2,117.09229","0.00946","0.00208","54.14005"
"59.60000","1.98666","2,120.07373","0.00949","0.00212","54.21629"
"59.70000","1.99017","2,121.83179","0.00949","0.00211","54.26125"
"59.80000","1.99323","2,123.51147","0.00950","0.00210","54.30420"
"59.90000","1.99667","2,125.09399","0.00950","0.00207","54.34467"
"60.00000","1.99996","2,126.89404","0.00951","0.00207","54.39070"
"60.10000","2.00325","2,130.64673","0.00953","0.00200","54.48667"
"60.20000","2.00661","2,131.96387","0.00958","0.00201","54.52035"
"60.30000","2.00997","2,134.54761","0.00959","0.00193","54.58643"
"60.40000","2.01341","2,136.05176","0.00960","0.00188","54.62489"
"60.50000","2.01663","2,137.63892","0.00960","0.00191","54.66548"
"60.60000","2.01999","2,140.58032","0.00964","0.00177","54.74070"
"60.70000","2.02343","2,142.41650","0.00966","0.00174","54.78765"
"60.80000","2.02649","2,144.52637","0.00967","0.00178","54.84161"
"60.90000","2.03000","2,147.03101","0.00967","0.00165","54.90566"
"61.00000","2.03344","2,148.83521","0.00969","0.00170","54.95180"
"61.10000","2.03658","2,150.34058","0.00971","0.00167","54.99030"
"61.20000","2.04002","2,151.95874","0.00974","0.00160","55.03168"
"61.30000","2.04338","2,154.79590","0.00978","0.00169","55.10423"
"61.40000","2.04660","2,156.65283","0.00979","0.00164","55.15172"
"61.50000","2.04996","2,158.75073","0.00981","0.00177","55.20537"
"61.60000","2.05332","2,160.20630","0.00980","0.00175","55.24259"
"61.70000","2.05668","2,163.43481","0.00984","0.00175","55.32515"
"61.80000","2.05990","2,164.10449","0.00981","0.00177","55.34228"
"61.90000","2.06334","2,166.80493","0.00982","0.00177","55.41134"
"62.00000","2.06677","2,168.41870","0.00986","0.00185","55.45261"
"62.10000","2.06976","2,170.17554","0.00989","0.00192","55.49753"
"62.20000","2.07328","2,172.74976","0.00995","0.00200","55.56336"
"62.30000","2.07671","2,174.82959","0.00995","0.00210","55.61655"
"62.40000","2.07993","2,176.90332","0.00993","0.00213","55.66958"
"62.50000","2.08344","2,179.09814","0.00994","0.00222","55.72571"
"62.60000","2.08673","2,180.91724","0.00998","0.00222","55.77223"
"62.70000","2.08994","2,182.89722","0.00995","0.00223","55.82286"
"62.80000","2.09331","2,185.37012","0.01000","0.00222","55.88610"
"62.90000","2.09659","2,187.61108","0.01005","0.00222","55.94341"
"63.00000","2.09996","2,189.24976","0.01005","0.00221","55.98531"
"63.10000","2.10325","2,190.72241","0.01001","0.00217","56.02298"
"63.20000","2.10676","2,194.19702","0.01006","0.00216","56.11183"
"63.30000","2.11012","2,196.13184","0.01006","0.00215","56.16131"
"63.40000","2.11326","2,197.78369","0.01011","0.00212","56.20355"
"63.50000","2.11670","2,199.84692","0.01010","0.00209","56.25631"
"63.60000","2.12006","2,202.46582","0.01013","0.00204","56.32329"
"63.70000","2.12313","2,203.21313","0.01017","0.00202","56.34240"
"63.80000","2.12671","2,205.78003","0.01018","0.00191","56.40804"
"63.90000","2.13008","2,208.28247","0.01019","0.00186","56.47203"
"64.00000","2.13329","2,209.28125","0.01021","0.00190","56.49758"
"64.10000","2.13665","2,212.35938","0.01023","0.00183","56.57629"
"64.20000","2.14002","2,213.60034","0.01023","0.00180","56.60803"
"64.30000","2.14330","2,215.92041","0.01026","0.00183","56.66736"
"64.40000","2.14652","2,217.70825","0.01027","0.00181","56.71308"
"64.50000","2.15003","2,219.51318","0.01029","0.00184","56.75924"
"64.60000","2.15339","2,222.38623","0.01031","0.00191","56.83271"
"64.70000","2.15653","2,223.82349","0.01037","0.00194","56.86946"
"64.80000","2.16005","2,226.36328","0.01034","0.00192","56.93441"
"64.90000","2.16341","2,227.68213","0.01036","0.00197","56.96814"
"65.00000","2.16655","2,229.81934","0.01038","0.00197","57.02279"
"65.10000","2.16999","2,231.94629","0.01036","0.00207","57.07719"
"65.20000","2.17335","2,234.01733","0.01039","0.00207","57.13015"
"65.30000","2.17664","2,235.73120","0.01040","0.00218","57.17398"
"65.40000","2.18007","2,238.41040","0.01042","0.00219","57.24249"
"65.50000","2.18344","2,240.53687","0.01041","0.00232","57.29687"
"65.60000","2.18665","2,242.54028","0.01044","0.00236","57.34811"
"65.70000","2.18994","2,243.77319","0.01045","0.00233","57.37963"
"65.80000","2.19330","2,245.75293","0.01049","0.00236","57.43026"
"65.90000","2.19667","2,248.19238","0.01053","0.00236","57.49265"
"66.00000","2.19988","2,250.52173","0.01052","0.00235","57.55221"
"66.10000","2.20339","2,252.16284","0.01055","0.00236","57.59418"
"66.20000","2.20676","2,254.14062","0.01057","0.00229","57.64476"
"66.30000","2.20990","2,255.95728","0.01057","0.00232","57.69122"
"66.40000","2.21326","2,258.53271","0.01060","0.00231","57.75708"
"66.50000","2.21662","2,260.19434","0.01061","0.00219","57.79957"
"66.60000","2.21984","2,262.93506","0.01064","0.00217","57.86966"
"66.70000","2.22327","2,264.24927","0.01066","0.00212","57.90326"
"66.80000","2.22679","2,266.92676","0.01069","0.00208","57.97174"
"66.90000","2.23007","2,268.91870","0.01067","0.00205","58.02267"
"67.00000","2.23336","2,270.93140","0.01071","0.00201","58.07415"
"67.10000","2.23673","2,272.82129","0.01075","0.00191","58.12247"
"67.20000","2.23994","2,274.64160","0.01076","0.00195","58.16903"
"67.30000","2.24323","2,276.32544","0.01080","0.00195","58.21209"
"67.40000","2.24674","2,278.87378","0.01080","0.00184","58.27726"
"67.50000","2.25003","2,281.02832","0.01082","0.00188","58.33235"
"67.60000","2.25332","2,282.50903","0.01082","0.00198","58.37022"
"67.70000","2.25676","2,285.28687","0.01087","0.00197","58.44126"
"67.80000","2.26012","2,287.19458","0.01088","0.00200","58.49004"
"67.90000","2.26326","2,289.14233","0.01085","0.00209","58.53985"
"68.00000","2.26662","2,290.38086","0.01090","0.00207","58.57152"
"68.10000","2.27006","2,292.42310","0.01090","0.00204","58.62375"
"68.20000","2.27327","2,294.88037","0.01093","0.00219","58.68659"
"68.30000","2.27664","2,296.68701","0.01093","0.00223","58.73279"
"68.40000","2.28007","2,298.02368","0.01093","0.00223","58.76697"
"68.50000","2.28329","2,300.84668","0.01093","0.00229","58.83916"
"68.60000","2.28658","2,302.27148","0.01096","0.00236","58.87560"
"68.70000","2.29001","2,305.19556","0.01100","0.00238","58.95038"
"68.80000","2.29330","2,306.55078","0.01099","0.00241","58.98503"
"68.90000","2.29659","2,307.76221","0.01103","0.00238","59.01601"
"69.00000","2.30003","2,310.02051","0.01103","0.00238","59.07376"
"69.10000","2.30354","2,312.49683","0.01106","0.00242","59.13709"
"69.20000","2.30653","2,314.02222","0.01106","0.00237","59.17610"
"69.30000","2.30989","2,315.73193","0.01107","0.00239","59.21982"
"69.40000","2.31341","2,318.02222","0.01108","0.00237","59.27839"
"69.50000","2.31654","2,320.33057","0.01111","0.00237","59.33742"
"69.60000","2.31998","2,322.03735","0.01116","0.00226","59.38107"
"69.70000","2.32350","2,324.19287","0.01116","0.00226","59.43619"
"69.80000","2.32663","2,325.66235","0.01117","0.00221","59.47377"
"69.90000","2.33000","2,327.23608","0.01120","0.00217","59.51402"
"70.00000","2.33336","2,330.04932","0.01121","0.00216","59.58596"
"70.10000","2.33665","2,331.76514","0.01126","0.00209","59.62984"
"70.20000","2.33994","2,332.85229","0.01125","0.00203","59.65764"
"70.30000","2.34330","2,335.64893","0.01129","0.00199","59.72916"
"70.40000","2.34689","2,336.98389","0.01129","0.00199","59.76329"
"70.50000","2.34995","2,340.03540","0.01129","0.00199","59.84133"
"70.60000","2.35332","2,341.87134","0.01133","0.00207","59.88828"
"70.70000","2.35668","2,343.02393","0.01134","0.00207","59.91776"
"70.80000","2.35982","2,344.50977","0.01140","0.00210","59.95575"
"70.90000","2.36333","2,347.60669","0.01138","0.00215","60.03495"
"71.00000","2.36677","2,348.86572","0.01143","0.00221","60.06715"
"71.10000","2.36991","2,350.96240","0.01139","0.00223","60.12077"
"71.20000","2.37334","2,352.88843","0.01145","0.00217","60.17002"
"71.30000","2.37671","2,355.00977","0.01142","0.00232","60.22427"
"71.40000","2.38000","2,356.61938","0.01144","0.00228","60.26543"
"71.50000","2.38328","2,358.19409","0.01143","0.00235","60.30570"
"71.60000","2.38665","2,359.84985","0.01146","0.00243","60.34804"
"71.70000","2.39009","2,361.68018","0.01148","0.00246","60.39485"
"71.80000","2.39322","2,364.45752","0.01152","0.00252","60.46587"
"71.90000","2.39674","2,366.70312","0.01152","0.00248","60.52330"
"72.00000","2.40018","2,368.29321","0.01154","0.00246","60.56396"
"72.10000","2.40316","2,369.36255","0.01153","0.00257","60.59131"
"72.20000","2.40668","2,371.56787","0.01158","0.00253","60.64771"
"72.30000","2.41012","2,373.83057","0.01160","0.00253","60.70557"
"72.40000","2.41318","2,375.52881","0.01160","0.00253","60.74900"
"72.50000","2.41669","2,377.93970","0.01167","0.00242","60.81065"
"72.60000","2.42006","2,379.81665","0.01164","0.00241","60.85865"
"72.70000","2.42327","2,381.17456","0.01166","0.00240","60.89338"
"72.80000","2.42663","2,383.26147","0.01169","0.00215","60.94674"
"72.90000","2.42992","2,384.39429","0.01172","0.00216","60.97571"
"73.00000","2.43328","2,387.82788","0.01172","0.00226","61.06352"
"73.10000","2.43650","2,388.16431","0.01175","0.00215","61.07212"
"73.20000","2.44001","2,391.08179","0.01174","0.00220","61.14673"
"73.30000","2.44345","2,393.02832","0.01178","0.00210","61.19651"
"73.40000","2.44651","2,394.21289","0.01180","0.00211","61.22680"
"73.50000","2.45002","2,397.20459","0.01181","0.00211","61.30331"
"73.60000","2.45339","2,398.86621","0.01184","0.00206","61.34580"
"73.70000","2.45653","2,401.27686","0.01186","0.00213","61.40745"
"73.80000","2.46004","2,402.84619","0.01188","0.00220","61.44758"
"73.90000","2.46340","2,405.57715","0.01191","0.00220","61.51742"
"74.00000","2.46669","2,407.21875","0.01194","0.00221","61.55940"
"74.10000","2.47005","2,408.43701","0.01192","0.00215","61.59055"
"74.20000","2.47334","2,410.38062","0.01192","0.00227","61.64026"
"74.30000","2.47663","2,412.55322","0.01195","0.00236","61.69582"
"74.40000","2.47992","2,414.17114","0.01197","0.00237","61.73719"
"74.50000","2.48328","2,416.60669","0.01200","0.00242","61.79948"
"74.60000","2.48672","2,417.88379","0.01199","0.00241","61.83213"
"74.70000","2.48993","2,419.83936","0.01202","0.00241","61.88214"
"74.80000","2.49337","2,422.25854","0.01200","0.00249","61.94401"
"74.90000","2.49674","2,423.54541","0.01203","0.00255","61.97692"
"75.00000","2.49987","2,425.73535","0.01205","0.00263","62.03292"
"75.10000","2.50331","2,427.23291","0.01206","0.00260","62.07122"
"75.20000","2.50668","2,428.57886","0.01206","0.00256","62.10564"
"75.30000","2.50989","2,431.12524","0.01209","0.00251","62.17076"
"75.40000","2.51333","2,433.02271","0.01210","0.00257","62.21928"
"75.50000","2.51669","2,434.90576","0.01214","0.00252","62.26743"
"75.60000","2.52005","2,436.67139","0.01213","0.00258","62.31259"
"75.70000","2.52327","2,437.73779","0.01214","0.00259","62.33986"
"75.80000","2.52671","2,439.66553","0.01218","0.00237","62.38916"
"75.90000","2.52999","2,442.14990","0.01221","0.00241","62.45269"
"76.00000","2.53321","2,443.38452","0.01221","0.00227","62.48426"
"76.10000","2.53679","2,446.51318","0.01223","0.00232","62.56427"
"76.20000","2.54016","2,447.30981","0.01225","0.00235","62.58464"
"76.30000","2.54330","2,449.82593","0.01229","0.00231","62.64899"
"76.40000","2.54673","2,452.11865","0.01229","0.00228","62.70762"
"76.50000","2.55002","2,453.25391","0.01231","0.00231","62.73665"
"76.60000","2.55324","2,454.90381","0.01233","0.00219","62.77884"
"76.70000","2.55660","2,457.17261","0.01235","0.00216","62.83686"
"76.80000","2.56004","2,459.29175","0.01237","0.00223","62.89105"
"76.90000","2.56333","2,461.18091","0.01240","0.00225","62.93937"
"77.00000","2.56661","2,462.90894","0.01239","0.00237","62.98355"
"77.10000","2.57005","2,464.55322","0.01240","0.00228","63.02560"
"77.20000","2.57334","2,466.39429","0.01241","0.00240","63.07269"
"77.30000","2.57655","2,468.48755","0.01245","0.00242","63.12622"
"77.40000","2.57999","2,470.50781","0.01245","0.00253","63.17788"
"77.50000","2.58336","2,473.01685","0.01249","0.00247","63.24204"
"77.60000","2.58664","2,474.25928","0.01248","0.00252","63.27382"
"77.70000","2.59008","2,475.93848","0.01250","0.00256","63.31676"
"77.80000","2.59337","2,478.26147","0.01250","0.00258","63.37616"
"77.90000","2.59658","2,479.91138","0.01255","0.00265","63.41835"
"78.00000","2.59995","2,481.61377","0.01253","0.00265","63.46189"
"78.10000","2.60338","2,484.33081","0.01253","0.00267","63.53137"
"78.20000","2.60660","2,485.41553","0.01255","0.00269","63.55911"
"78.30000","2.61004","2,487.30078","0.01262","0.00270","63.60732"
"78.40000","2.61347","2,488.93042","0.01255","0.00278","63.64900"
"78.50000","2.61661","2,491.20679","0.01260","0.00275","63.70721"
"78.60000","2.61990","2,492.14819","0.01263","0.00272","63.73129"
"78.70000","2.62334","2,494.60791","0.01264","0.00267","63.79419"
"78.80000","2.62670","2,497.00830","0.01269","0.00258","63.85557"
"78.90000","2.62992","2,497.68823","0.01268","0.00257","63.87296"
"79.00000","2.63335","2,499.87036","0.01271","0.00252","63.92876"
"79.10000","2.63679","2,502.16943","0.01273","0.00240","63.98756"
"79.20000","2.63993","2,503.72314","0.01273","0.00242","64.02729"
"79.30000","2.64329","2,505.85229","0.01275","0.00236","64.08174"
"79.40000","2.64673","2,507.05566","0.01279","0.00233","64.11251"
"79.50000","2.64987","2,509.02686","0.01280","0.00235","64.16292"
"79.60000","2.65331","2,510.29077","0.01282","0.00231","64.19524"
"79.70000","2.65675","2,513.05469","0.01286","0.00235","64.26592"
"79.80000","2.65996","2,514.51318","0.01287","0.00223","64.30322"
"79.90000","2.66332","2,516.04932","0.01288","0.00229","64.34251"
"80.00000","2.66669","2,518.34668","0.01287","0.00237","64.40125"
"80.10000","2.66998","2,519.81104","0.01289","0.00239","64.43871"
"80.20000","2.67326","2,521.89111","0.01289","0.00239","64.49190"
"80.30000","2.67670","2,524.18506","0.01294","0.00241","64.55056"
"80.40000","2.68014","2,525.63354","0.01293","0.00252","64.58760"
"80.50000","2.68320","2,526.85596","0.01297","0.00253","64.61886"
"80.60000","2.68672","2,529.22241","0.01297","0.00248","64.67937"
"80.70000","2.69008","2,531.12476","0.01302","0.00258","64.72803"
"80.80000","2.69322","2,532.00391","0.01300","0.00265","64.75051"
"80.90000","2.69666","2,534.96289","0.01302","0.00275","64.82618"
"81.00000","2.70009","2,536.16138","0.01302","0.00278","64.85683"
"81.10000","2.70323","2,538.13428","0.01305","0.00277","64.90728"
"81.20000","2.70675","2,540.31152","0.01305","0.00277","64.96296"
"81.30000","2.71011","2,542.19214","0.01306","0.00284","65.01105"
"81.40000","2.71325","2,543.85571","0.01310","0.00281","65.05360"
"81.50000","2.71654","2,544.34180","0.01306","0.00284","65.06602"
"81.60000","2.71990","2,547.69702","0.01313","0.00281","65.15182"
"81.70000","2.72334","2,549.49438","0.01316","0.00282","65.19779"
"81.80000","2.72655","2,550.19580","0.01316","0.00283","65.21573"
"81.90000","2.72999","2,552.91821","0.01318","0.00269","65.28535"
"82.00000","2.73350","2,554.43115","0.01318","0.00269","65.32404"
"82.10000","2.73649","2,555.83521","0.01317","0.00259","65.35994"
"82.20000","2.74000","2,558.24609","0.01321","0.00260","65.42159"
"82.30000","2.74337","2,559.61060","0.01322","0.00247","65.45649"
"82.40000","2.74658","2,561.36353","0.01326","0.00245","65.50132"
"82.50000","2.75002","2,563.18604","0.01328","0.00242","65.54793"
"82.60000","2.75338","2,565.95068","0.01327","0.00252","65.61862"
"82.70000","2.75667","2,566.86621","0.01328","0.00242","65.64204"
"82.80000","2.75996","2,568.87085","0.01333","0.00239","65.69330"
"82.90000","2.76332","2,569.62207","0.01334","0.00245","65.71251"
"83.00000","2.76668","2,572.47510","0.01331","0.00244","65.78547"
"83.10000","2.76990","2,573.97266","0.01336","0.00248","65.82377"
"83.20000","2.77334","2,575.95972","0.01334","0.00255","65.87458"
"83.30000","2.77677","2,578.37939","0.01341","0.00258","65.93646"
"83.40000","2.77991","2,579.54004","0.01340","0.00255","65.96614"
"83.50000","2.78335","2,581.96411","0.01339","0.00277","66.02813"
"83.60000","2.78671","2,583.18384","0.01339","0.00276","66.05933"
"83.70000","2.78985","2,585.40161","0.01342","0.00273","66.11604"
"83.80000","2.79337","2,586.88916","0.01346","0.00280","66.15408"
"83.90000","2.79665","2,588.86914","0.01347","0.00282","66.20471"
"84.00000","2.79994","2,591.28198","0.01346","0.00286","66.26642"
"84.10000","2.80331","2,592.64429","0.01349","0.00292","66.30125"
"84.20000","2.80667","2,595.01709","0.01353","0.00293","66.36193"
"84.30000","2.80996","2,596.33569","0.01355","0.00290","66.39565"
"84.40000","2.81317","2,597.93408","0.01355","0.00295","66.43653"
"84.50000","2.81668","2,600.15503","0.01356","0.00296","66.49332"
"84.60000","2.82012","2,602.68530","0.01361","0.00304","66.55803"
"84.70000","2.82326","2,603.58594","0.01361","0.00295","66.58106"
"84.80000","2.82677","2,606.19849","0.01361","0.00295","66.64787"
"84.90000","2.83014","2,608.15088","0.01363","0.00296","66.69780"
"85.00000","2.83320","2,608.80469","0.01370","0.00288","66.71452"
"85.10000","2.83671","2,611.45312","0.01366","0.00277","66.78225"
"85.20000","2.84000","2,613.49829","0.01371","0.00276","66.83455"
"85.30000","2.84329","2,614.76343","0.01371","0.00271","66.86691"
"85.40000","2.84665","2,616.70581","0.01370","0.00260","66.91658"
"85.50000","2.85002","2,618.24829","0.01372","0.00259","66.95602"
"85.60000","2.85338","2,620.76538","0.01372","0.00255","67.02039"
"85.70000","2.85659","2,622.35840","0.01377","0.00258","67.06113"
"85.80000","2.85996","2,623.97778","0.01381","0.00254","67.10254"
"85.90000","2.86332","2,625.18335","0.01384","0.00252","67.13337"
"86.00000","2.86653","2,626.94800","0.01384","0.00251","67.17850"
"86.10000","2.87005","2,629.55249","0.01384","0.00259","67.24510"
"86.20000","2.87341","2,630.92969","0.01388","0.00259","67.28032"
"86.30000","2.87662","2,632.88916","0.01390","0.00261","67.33043"
"86.40000","2.88006","2,634.32080","0.01387","0.00265","67.36704"
"86.50000","2.88335","2,636.79688","0.01392","0.00277","67.43036"
"86.60000","2.88656","2,638.76367","0.01388","0.00278","67.48066"
"86.70000","2.88993","2,639.78198","0.01395","0.00278","67.50670"
"86.80000","2.89336","2,641.41455","0.01393","0.00286","67.54845"
"86.90000","2.89665","2,643.41577","0.01393","0.00288","67.59962"
"87.00000","2.89994","2,644.10645","0.01400","0.00291","67.61729"
"87.10000","2.90338","2,647.10083","0.01398","0.00294","67.69386"
"87.20000","2.90667","2,648.76807","0.01403","0.00298","67.73650"
"87.30000","2.90988","2,650.62500","0.01402","0.00304","67.78399"
"87.40000","2.91339","2,652.82422","0.01404","0.00307","67.84023"
"87.50000","2.91676","2,654.37988","0.01403","0.00313","67.88001"
"87.60000","2.91997","2,655.80664","0.01408","0.00310","67.91650"
"87.70000","2.92341","2,657.52490","0.01410","0.00305","67.96043"
"87.80000","2.92677","2,659.43677","0.01412","0.00306","68.00933"
"87.90000","2.92991","2,660.81909","0.01413","0.00310","68.04468"
"88.00000","2.93327","2,662.90430","0.01416","0.00300","68.09800"
"88.10000","2.93671","2,665.21606","0.01417","0.00302","68.15712"
"88.20000","2.93985","2,666.83740","0.01421","0.00290","68.19859"
"88.30000","2.94329","2,668.76807","0.01420","0.00283","68.24796"
"88.40000","2.94680","2,670.96899","0.01418","0.00281","68.30424"
"88.50000","2.94994","2,672.20581","0.01421","0.00281","68.33587"
"88.60000","2.95323","2,673.70557","0.01422","0.00271","68.37422"
"88.70000","2.95667","2,676.23706","0.01424","0.00266","68.43896"
"88.80000","2.95995","2,677.44678","0.01424","0.00267","68.46989"
"88.90000","2.96324","2,679.09326","0.01426","0.00270","68.51200"
"89.00000","2.96668","2,681.32690","0.01428","0.00271","68.56912"
"89.10000","2.97012","2,683.31348","0.01430","0.00266","68.61993"
"89.20000","2.97326","2,684.66895","0.01430","0.00272","68.65459"
"89.30000","2.97662","2,686.83813","0.01433","0.00274","68.71006"
"89.40000","2.98006","2,688.00732","0.01437","0.00275","68.73996"
"89.50000","2.98320","2,689.59985","0.01439","0.00279","68.78069"
"89.60000","2.98664","2,692.29736","0.01441","0.00290","68.84967"
"89.70000","2.99015","2,693.67041","0.01443","0.00291","68.88478"
"89.80000","2.99329","2,696.17334","0.01448","0.00300","68.94878"
"89.90000","2.99665","2,696.48242","0.01442","0.00304","68.95669"
"90.00000","3.00001","2,698.74243","0.01450","0.00310","69.01449"
"90.10000","3.00330","2,701.40332","0.01445","0.00308","69.08253"
"90.20000","3.00659","2,702.33789","0.01451","0.00309","69.10643"
"90.30000","3.00995","2,704.26074","0.01450","0.00318","69.15560"
"90.40000","3.01339","2,706.85522","0.01453","0.00309","69.22195"
"90.50000","3.01661","2,708.61353","0.01455","0.00323","69.26691"
"90.60000","3.02004","2,710.82056","0.01456","0.00322","69.32336"
"90.70000","3.02348","2,711.30127","0.01457","0.00321","69.33565"
"90.80000","3.02647","2,713.07471","0.01459","0.00320","69.38100"
"90.90000","3.02998","2,714.69287","0.01460","0.00327","69.42239"
"91.00000","3.03342","2,716.71387","0.01462","0.00325","69.47407"
"91.10000","3.03663","2,718.94800","0.01465","0.00320","69.53120"
"91.20000","3.04007","2,720.54858","0.01465","0.00320","69.57213"
"91.30000","3.04336","2,721.94922","0.01468","0.00308","69.60795"
"91.40000","3.04665","2,724.16406","0.01471","0.00295","69.66459"
"91.50000","3.04994","2,725.38770","0.01471","0.00298","69.69588"
"91.60000","3.05323","2,727.53662","0.01474","0.00281","69.75083"
"91.70000","3.05666","2,729.37939","0.01472","0.00288","69.79796"
"91.80000","3.05988","2,731.09790","0.01475","0.00280","69.84190"
"91.90000","3.06339","2,732.32739","0.01473","0.00282","69.87334"
"92.00000","3.06683","2,734.51929","0.01477","0.00282","69.92940"
"92.10000","3.06989","2,736.35059","0.01476","0.00279","69.97623"
"92.20000","3.07333","2,737.74902","0.01481","0.00279","70.01199"
"92.30000","3.07669","2,740.25098","0.01479","0.00293","70.07597"
"92.40000","3.07991","2,741.21582","0.01482","0.00286","70.10065"
"92.50000","3.08334","2,743.80054","0.01485","0.00285","70.16675"
"92.60000","3.08663","2,745.29004","0.01484","0.00297","70.20484"
"92.70000","3.09000","2,746.83887","0.01489","0.00301","70.24445"
"92.80000","3.09336","2,748.92871","0.01488","0.00303","70.29789"
"92.90000","3.09665","2,750.27441","0.01489","0.00305","70.33231"
"93.00000","3.10001","2,751.74072","0.01496","0.00308","70.36980"
"93.10000","3.10315","2,753.61133","0.01495","0.00306","70.41764"
"93.20000","3.10666","2,756.15771","0.01495","0.00315","70.48276"
"93.30000","3.11010","2,757.53296","0.01505","0.00317","70.51793"
"93.40000","3.11324","2,758.85620","0.01497","0.00323","70.55177"
"93.50000","3.11675","2,760.43750","0.01501","0.00329","70.59220"
"93.60000","3.12012","2,762.54004","0.01501","0.00337","70.64597"
"93.70000","3.12325","2,764.59961","0.01507","0.00331","70.69864"
"93.80000","3.12669","2,766.44653","0.01506","0.00336","70.74587"
"93.90000","3.12998","2,767.81714","0.01508","0.00335","70.78092"
"94.00000","3.13334","2,769.62891","0.01510","0.00334","70.82726"
"94.10000","3.13663","2,770.42847","0.01510","0.00331","70.84770"
"94.20000","3.14000","2,772.94702","0.01513","0.00332","70.91211"
"94.30000","3.14336","2,774.72241","0.01515","0.00323","70.95751"
"94.40000","3.14650","2,775.76880","0.01516","0.00319","70.98427"
"94.50000","3.14994","2,777.97729","0.01519","0.00315","71.04075"
"94.60000","3.15337","2,779.60547","0.01517","0.00310","71.08238"
"94.70000","3.15659","2,781.91577","0.01516","0.00303","71.14146"
"94.80000","3.16003","2,782.91040","0.01522","0.00300","71.16690"
"94.90000","3.16346","2,785.06885","0.01525","0.00299","71.22210"
"95.00000","3.16660","2,786.55103","0.01523","0.00292","71.26000"
"95.10000","3.16997","2,788.13428","0.01525","0.00293","71.30049"
"95.20000","3.17333","2,789.63281","0.01526","0.00303","71.33881"
"95.30000","3.17654","2,791.69873","0.01528","0.00321","71.39164"
"95.40000","3.17998","2,793.69165","0.01527","0.00324","71.44260"
"95.50000","3.18349","2,795.08398","0.01530","0.00307","71.47821"
"95.60000","3.18678","2,796.72876","0.01531","0.00306","71.52027"
"95.70000","3.19000","2,798.41895","0.01533","0.00313","71.56350"
"95.80000","3.19336","2,801.06860","0.01534","0.00315","71.63126"
"95.90000","3.19665","2,801.69434","0.01538","0.00325","71.64725"
"96.00000","3.19986","2,804.03003","0.01539","0.00322","71.70699"
"96.10000","3.20337","2,806.03931","0.01542","0.00325","71.75837"
"96.20000","3.20681","2,807.96558","0.01544","0.00334","71.80763"
"96.30000","3.20995","2,809.41260","0.01547","0.00335","71.84464"
"96.40000","3.21339","2,811.32251","0.01547","0.00338","71.89348"
"96.50000","3.21675","2,813.46387","0.01550","0.00338","71.94823"
"96.60000","3.21989","2,814.64502","0.01552","0.00346","71.97844"
"96.70000","3.22325","2,816.79565","0.01553","0.00340","72.03344"
"96.80000","3.22669","2,818.33960","0.01553","0.00349","72.07292"
"96.90000","3.22998","2,820.69434","0.01554","0.00348","72.13314"
"97.00000","3.23327","2,821.91797","0.01559","0.00352","72.16443"
"97.10000","3.23671","2,823.48730","0.01559","0.00350","72.20457"
"97.20000","3.23999","2,824.70093","0.01561","0.00347","72.23560"
"97.30000","3.24321","2,827.09570","0.01561","0.00344","72.29684"
"97.40000","3.24672","2,828.77515","0.01563","0.00344","72.33979"
"97.50000","3.25001","2,830.51416","0.01563","0.00335","72.38426"
"97.60000","3.25330","2,832.17773","0.01566","0.00335","72.42680"
"97.70000","3.25673","2,834.30249","0.01569","0.00323","72.48114"
"97.80000","3.26017","2,835.53589","0.01559","0.00319","72.51268"
"97.90000","3.26324","2,837.80054","0.01569","0.00312","72.57059"
"98.00000","3.26660","2,838.91064","0.01574","0.00308","72.59898"
"98.10000","3.27004","2,840.03101","0.01574","0.00310","72.62763"
"98.20000","3.27325","2,842.81958","0.01578","0.00309","72.69894"
"98.30000","3.27669","2,845.23193","0.01571","0.00319","72.76064"
"98.40000","3.28013","2,846.22729","0.01577","0.00309","72.78609"
"98.50000","3.28334","2,847.91284","0.01580","0.00333","72.82919"
"98.60000","3.28663","2,849.40015","0.01578","0.00317","72.86723"
"98.70000","3.28999","2,851.40503","0.01580","0.00313","72.91850"
"98.80000","3.29328","2,853.20142","0.01586","0.00326","72.96444"
"98.90000","3.29657","2,854.59399","0.01587","0.00326","73.00005"
"99.00000","3.30001","2,856.86768","0.01588","0.00332","73.05820"
"99.10000","3.30345","2,858.71655","0.01587","0.00338","73.10548"
"99.20000","3.30658","2,859.96216","0.01589","0.00342","73.13733"
"99.30000","3.31002","2,861.45630","0.01591","0.00342","73.17554"
"99.40000","3.31339","2,864.00220","0.01592","0.00338","73.24065"
"99.50000","3.31652","2,864.39819","0.01599","0.00350","73.25077"
"99.60000","3.31996","2,866.94922","0.01596","0.00352","73.31601"
"99.70000","3.32340","2,868.50342","0.01598","0.00350","73.35575"
"99.80000","3.32669","2,870.63989","0.01599","0.00355","73.41039"
"99.90000","3.33005","2,872.41382","0.01600","0.00363","73.45576"
"100.00000","3.33334","2,874.12061","0.01605","0.00367","73.49940"
"100.10000","3.33670","2,876.09106","0.01609","0.00360","73.54979"
"100.20000","3.33992","2,877.56201","0.01606","0.00358","73.58741"
"100.30000","3.34328","2,878.52246","0.01608","0.00358","73.61197"
"100.40000","3.34672","2,881.38013","0.01615","0.00355","73.68505"
"100.50000","3.34986","2,882.71436","0.01609","0.00366","73.71917"
"100.60000","3.35337","2,885.20239","0.01615","0.00348","73.78279"
"100.70000","3.35673","2,886.86011","0.01607","0.00356","73.82519"
"100.80000","3.35987","2,888.11646","0.01607","0.00339","73.85732"
"100.90000","3.36331","2,890.46045","0.01616","0.00330","73.91726"
"101.00000","3.36667","2,892.24097","0.01616","0.00332","73.96279"
"101.10000","3.36989","2,893.49268","0.01615","0.00323","73.99480"
"101.20000","3.37332","2,895.27515","0.01623","0.00327","74.04038"
"101.30000","3.37669","2,897.23120","0.01622","0.00330","74.09041"
"101.40000","3.38005","2,898.80225","0.01624","0.00322","74.13058"
"101.50000","3.38326","2,900.66016","0.01628","0.00342","74.17809"
"101.60000","3.38655","2,902.70459","0.01625","0.00356","74.23038"
"101.70000","3.39007","2,904.08667","0.01627","0.00326","74.26572"
"101.80000","3.39320","2,905.35254","0.01629","0.00346","74.29809"
"101.90000","3.39672","2,908.11426","0.01635","0.00343","74.36871"
"102.00000","3.40016","2,909.48315","0.01635","0.00351","74.40372"
"102.10000","3.40322","2,910.01367","0.01638","0.00353","74.41729"
"102.20000","3.40673","2,912.90137","0.01634","0.00355","74.49113"
"102.30000","3.41009","2,914.80029","0.01641","0.00357","74.53970"
"102.40000","3.41323","2,916.22827","0.01642","0.00361","74.57622"
"102.50000","3.41667","2,917.39600","0.01645","0.00365","74.60608"
"102.60000","3.42004","2,918.79468","0.01647","0.00366","74.64185"
"102.70000","3.42340","2,921.25073","0.01648","0.00368","74.70465"
"102.80000","3.42669","2,923.00977","0.01648","0.00372","74.74963"
"102.90000","3.42997","2,924.41455","0.01645","0.00371","74.78556"
"103.00000","3.43341","2,926.13013","0.01653","0.00369","74.82943"
"103.10000","3.43648","2,926.92065","0.01645","0.00377","74.84965"
"103.20000","3.43999","2,929.16260","0.01654","0.00397","74.90698"
"103.30000","3.44343","2,931.65454","0.01654","0.00379","74.97071"
"103.40000","3.44657","2,933.13696","0.01654","0.00373","75.00861"
"103.50000","3.45008","2,934.27734","0.01656","0.00378","75.03778"
"103.60000","3.45344","2,936.75806","0.01657","0.00365","75.10122"
"103.70000","3.45658","2,937.79443","0.01656","0.00369","75.12772"
"103.80000","3.46002","2,939.76538","0.01664","0.00357","75.17812"
"103.90000","3.46331","2,940.51270","0.01659","0.00354","75.19724"
"104.00000","3.46667","2,943.33911","0.01652","0.00347","75.26952"
"104.10000","3.47003","2,944.82593","0.01662","0.00336","75.30753"
"104.20000","3.47347","2,946.14185","0.01664","0.00337","75.34119"
"104.30000","3.47676","2,948.48315","0.01669","0.00340","75.40106"
"104.40000","3.47982","2,950.19116","0.01670","0.00341","75.44474"
"104.50000","3.48334","2,951.21021","0.01675","0.00345","75.47080"
"104.60000","3.48670","2,953.53711","0.01674","0.00366","75.53030"
"104.70000","3.48984","2,954.13428","0.01676","0.00360","75.54558"
"104.80000","3.49343","2,956.36182","0.01681","0.00335","75.60254"
"104.90000","3.49679","2,958.36279","0.01675","0.00360","75.65371"
"105.00000","3.49993","2,959.97998","0.01674","0.00352","75.69507"
"105.10000","3.50329","2,961.26343","0.01680","0.00364","75.72789"
"105.20000","3.50666","2,962.76904","0.01685","0.00365","75.76640"
"105.30000","3.50994","2,964.75317","0.01687","0.00364","75.81713"
"105.40000","3.51323","2,965.95142","0.01689","0.00365","75.84778"
"105.50000","3.51667","2,968.34058","0.01693","0.00377","75.90887"
"105.60000","3.52003","2,969.26099","0.01693","0.00377","75.93241"
"105.70000","3.52325","2,970.90894","0.01693","0.00365","75.97456"
"105.80000","3.52668","2,973.17114","0.01696","0.00378","76.03240"
"105.90000","3.52997","2,975.59595","0.01692","0.00386","76.09441"
"106.00000","3.53319","2,976.30981","0.01692","0.00378","76.11267"
"106.10000","3.53670","2,977.60693","0.01695","0.00386","76.14584"
"106.20000","3.54006","2,980.40967","0.01703","0.00385","76.21751"
"106.30000","3.54328","2,981.25000","0.01699","0.00390","76.23901"
"106.40000","3.54679","2,983.67139","0.01705","0.00386","76.30093"
"106.50000","3.55008","2,984.39185","0.01704","0.00386","76.31935"
"106.60000","3.55329","2,986.35913","0.01702","0.00382","76.36966"
"106.70000","3.55658","2,988.12817","0.01705","0.00378","76.41490"
"106.80000","3.56002","2,990.38086","0.01709","0.00379","76.47250"
"106.90000","3.56331","2,991.89307","0.01708","0.00375","76.51118"
"107.00000","3.56659","2,993.05957","0.01708","0.00368","76.54101"
"107.10000","3.57011","2,995.42627","0.01706","0.00362","76.60153"
"107.20000","3.57332","2,997.27100","0.01714","0.00350","76.64870"
"107.30000","3.57653","2,998.35156","0.01722","0.00348","76.67634"
"107.40000","3.57997","3,000.33887","0.01720","0.00347","76.72716"
"107.50000","3.58333","3,002.46362","0.01719","0.00366","76.78149"
"107.60000","3.58655","3,003.15088","0.01712","0.00400","76.79907"
"107.70000","3.59006","3,005.24634","0.01715","0.00390","76.85266"
"107.80000","3.59350","3,006.64111","0.01727","0.00374","76.88833"
"107.90000","3.59664","3,008.88184","0.01728","0.00363","76.94563"
"108.00000","3.59993","3,010.48779","0.01727","0.00378","76.98669"
"108.10000","3.60336","3,012.20776","0.01734","0.00369","77.03068"
"108.20000","3.60658","3,012.97778","0.01733","0.00377","77.05037"
"108.30000","3.60994","3,015.05835","0.01738","0.00377","77.10358"
"108.40000","3.61338","3,017.10815","0.01738","0.00378","77.15600"
"108.50000","3.61667","3,019.09570","0.01738","0.00381","77.20683"
"108.60000","3.61996","3,020.83057","0.01735","0.00380","77.25119"
"108.70000","3.62332","3,022.39062","0.01742","0.00386","77.29108"
"108.80000","3.62668","3,024.51050","0.01740","0.00392","77.34530"
"108.90000","3.62990","3,025.37012","0.01735","0.00393","77.36728"
"109.00000","3.63326","3,027.10571","0.01740","0.00397","77.41167"
"109.10000","3.63677","3,029.18286","0.01746","0.00397","77.46478"
"109.20000","3.63999","3,030.72729","0.01748","0.00399","77.50428"
"109.30000","3.64335","3,032.37524","0.01749","0.00397","77.54642"
"109.40000","3.64671","3,034.32324","0.01746","0.00403","77.59624"
"109.50000","3.64985","3,035.31519","0.01747","0.00429","77.62160"
"109.60000","3.65329","3,037.49146","0.01746","0.00417","77.67725"
"109.70000","3.65673","3,039.34521","0.01750","0.00414","77.72466"
"109.80000","3.66002","3,040.86279","0.01747","0.00421","77.76347"
"109.90000","3.66338","3,042.57080","0.01758","0.00417","77.80715"
"110.00000","3.66667","3,044.04639","0.01751","0.00385","77.84489"
"110.10000","3.67003","3,045.37329","0.01752","0.00378","77.87881"
"110.20000","3.67324","3,047.43701","0.01757","0.00364","77.93159"
"110.30000","3.67661","3,048.53320","0.01760","0.00364","77.95963"
"110.40000","3.68004","3,051.56201","0.01767","0.00360","78.03708"
"110.50000","3.68318","3,051.87915","0.01768","0.00385","78.04519"
"110.60000","3.68670","3,053.99292","0.01763","0.00392","78.09924"
"110.70000","3.69013","3,056.13940","0.01763","0.00417","78.15414"
"110.80000","3.69320","3,057.75171","0.01774","0.00403","78.19537"
"110.90000","3.69664","3,058.62573","0.01767","0.00392","78.21772"
"111.00000","3.70000","3,060.50049","0.01778","0.00387","78.26566"
"111.10000","3.70329","3,062.61499","0.01780","0.00384","78.31974"
"111.20000","3.70665","3,064.45020","0.01781","0.00376","78.36667"
"111.30000","3.71001","3,066.22632","0.01783","0.00385","78.41209"
"111.40000","3.71345","3,067.61108","0.01782","0.00390","78.44750"
"111.50000","3.71667","3,068.88379","0.01790","0.00391","78.48005"
"111.60000","3.71995","3,071.04150","0.01783","0.00384","78.53522"
"111.70000","3.72339","3,072.45215","0.01792","0.00393","78.57130"
"111.80000","3.72653","3,073.83789","0.01789","0.00393","78.60674"
"111.90000","3.72997","3,076.41504","0.01790","0.00401","78.67265"
"112.00000","3.73348","3,077.59546","0.01794","0.00395","78.70283"
"112.10000","3.73655","3,079.10620","0.01789","0.00401","78.74146"
"112.20000","3.74006","3,081.25439","0.01785","0.00399","78.79640"
"112.30000","3.74335","3,082.60010","0.01783","0.00398","78.83081"
"112.40000","3.74656","3,084.41064","0.01785","0.00413","78.87711"
"112.50000","3.75000","3,086.20239","0.01787","0.00406","78.92294"
"112.60000","3.75336","3,087.88379","0.01791","0.00405","78.96593"
"112.70000","3.75672","3,089.66089","0.01798","0.00409","79.01138"
"112.80000","3.75994","3,090.84399","0.01801","0.00411","79.04163"
"112.90000","3.76338","3,092.73999","0.01798","0.00403","79.09012"
"113.00000","3.76674","3,094.74536","0.01803","0.00393","79.14140"
"113.10000","3.76980","3,095.52466","0.01803","0.00392","79.16133"
"113.20000","3.77332","3,097.82422","0.01799","0.00391","79.22014"
"113.30000","3.77675","3,099.44141","0.01800","0.00378","79.26149"
"113.40000","3.77989","3,101.34888","0.01803","0.00379","79.31027"
"113.50000","3.78341","3,102.95093","0.01807","0.00377","79.35124"
"113.60000","3.78677","3,104.74902","0.01816","0.00398","79.39722"
"113.70000","3.78991","3,105.76099","0.01817","0.00408","79.42310"
"113.80000","3.79327","3,108.09668","0.01821","0.00427","79.48283"
"113.90000","3.79663","3,109.40332","0.01822","0.00399","79.51625"
"114.00000","3.80000","3,111.39868","0.01822","0.00410","79.56728"
"114.10000","3.80321","3,112.56836","0.01826","0.00411","79.59718"
"114.20000","3.80665","3,114.95386","0.01822","0.00400","79.65819"
"114.30000","3.81009","3,116.80469","0.01823","0.00409","79.70552"
"114.40000","3.81315","3,117.55347","0.01826","0.00405","79.72467"
"114.50000","3.81666","3,119.24829","0.01827","0.00399","79.76801"
"114.60000","3.82003","3,121.61279","0.01833","0.00402","79.82848"
"114.70000","3.82324","3,122.46240","0.01835","0.00405","79.85020"
"114.80000","3.82675","3,125.03247","0.01839","0.00408","79.91593"
"114.90000","3.83012","3,126.09814","0.01841","0.00414","79.94318"
"115.00000","3.83333","3,127.54688","0.01840","0.00422","79.98023"
"115.10000","3.83669","3,129.35449","0.01837","0.00417","80.02645"
"115.20000","3.84006","3,131.15332","0.01840","0.00416","80.07246"
"115.30000","3.84327","3,133.08716","0.01830","0.00410","80.12191"
"115.40000","3.84663","3,134.17993","0.01836","0.00427","80.14986"
"115.50000","3.85000","3,136.01392","0.01835","0.00418","80.19675"
"115.60000","3.85343","3,137.51465","0.01842","0.00448","80.23513"
"115.70000","3.85665","3,139.81885","0.01843","0.00428","80.29406"
"115.80000","3.86009","3,141.32861","0.01854","0.00422","80.33266"
"115.90000","3.86337","3,142.08301","0.01849","0.00419","80.35196"
"116.00000","3.86651","3,143.67383","0.01852","0.00417","80.39264"
"116.10000","3.87010","3,145.51636","0.01846","0.00416","80.43976"
"116.20000","3.87339","3,148.17920","0.01847","0.00401","80.50786"
"116.30000","3.87660","3,149.23364","0.01847","0.00422","80.53482"
"116.40000","3.88004","3,151.60352","0.01849","0.00394","80.59543"
"116.50000","3.88340","3,152.59424","0.01851","0.00396","80.62076"
"116.60000","3.88662","3,155.45044","0.01863","0.00393","80.69380"
"116.70000","3.88991","3,156.54053","0.01861","0.00414","80.72168"
"116.80000","3.89334","3,158.26831","0.01869","0.00437","80.76586"
"116.90000","3.89663","3,160.03931","0.01865","0.00442","80.81115"
"117.00000","3.89992","3,161.17188","0.01868","0.00440","80.84012"
"117.10000","3.90343","3,162.34155","0.01871","0.00426","80.87003"
"117.20000","3.90672","3,164.65112","0.01873","0.00414","80.92909"
"117.30000","3.90994","3,165.62915","0.01875","0.00403","80.95410"
"117.40000","3.91330","3,167.96045","0.01878","0.00411","81.01372"
"117.50000","3.91674","3,169.68896","0.01881","0.00404","81.05792"
"117.60000","3.91995","3,171.53979","0.01881","0.00417","81.10526"
"117.70000","3.92339","3,172.42529","0.01884","0.00419","81.12790"
"117.80000","3.92683","3,174.96997","0.01884","0.00423","81.19297"
"117.90000","3.92996","3,175.33398","0.01886","0.00423","81.20228"
"118.00000","3.93333","3,177.63843","0.01882","0.00421","81.26122"
"118.10000","3.93662","3,178.92920","0.01887","0.00430","81.29422"
"118.20000","3.93990","3,180.81787","0.01879","0.00424","81.34252"
"118.30000","3.94327","3,181.74561","0.01881","0.00429","81.36624"
"118.40000","3.94671","3,184.37744","0.01883","0.00448","81.43355"
"118.50000","3.94999","3,185.44214","0.01888","0.00423","81.46078"
"118.60000","3.95336","3,187.81128","0.01891","0.00428","81.52136"
"118.70000","3.95665","3,189.41650","0.01894","0.00428","81.56241"
"118.80000","3.96001","3,189.98291","0.01893","0.00433","81.57690"
"118.90000","3.96315","3,191.50879","0.01897","0.00435","81.61591"
"119.00000","3.96659","3,193.63745","0.01892","0.00434","81.67035"
"119.10000","3.97010","3,196.14478","0.01895","0.00450","81.73447"
"119.20000","3.97331","3,197.22778","0.01897","0.00425","81.76217"
"119.30000","3.97675","3,198.74707","0.01903","0.00418","81.80102"
"119.40000","3.98011","3,200.61743","0.01910","0.00411","81.84885"
"119.50000","3.98318","3,202.53491","0.01906","0.00405","81.89789"
"119.60000","3.98662","3,203.46313","0.01907","0.00405","81.92162"
"119.70000","3.99005","3,205.67114","0.01904","0.00419","81.97809"
"119.80000","3.99334","3,206.94482","0.01908","0.00438","82.01066"
"119.90000","3.99670","3,209.16553","0.01915","0.00445","82.06745"
"120.00000","3.99999","3,210.31128","0.01912","0.00457","82.09675"
"120.10000","4.00343","3,211.86084","0.01919","0.00488","82.13638"
"120.20000","4.00664","3,213.44434","0.01921","0.00465","82.17687"
"120.30000","4.00993","3,214.92334","0.01921","0.00438","82.21469"
"120.40000","4.01345","3,216.45654","0.01923","0.00415","82.25390"
"120.50000","4.01651","3,217.77197","0.01927","0.00429","82.28754"
"120.60000","4.02002","3,219.58984","0.01927","0.00431","82.33403"
"120.70000","4.02346","3,222.36914","0.01929","0.00430","82.40511"
"120.80000","4.02652","3,223.19751","0.01932","0.00427","82.42628"
"120.90000","4.02996","3,225.01782","0.01934","0.00442","82.47284"
"121.00000","4.03333","3,227.43774","0.01935","0.00437","82.53472"
"121.10000","4.03661","3,227.84741","0.01932","0.00444","82.54520"
"121.20000","4.03998","3,230.83130","0.01935","0.00442","82.62151"
"121.30000","4.04334","3,231.69897","0.01928","0.00443","82.64369"
"121.40000","4.04678","3,233.62866","0.01934","0.00443","82.69304"
"121.50000","4.04999","3,235.07935","0.01926","0.00448","82.73014"
"121.60000","4.05328","3,237.01660","0.01935","0.00444","82.77968"
"121.70000","4.05672","3,238.84033","0.01936","0.00449","82.82632"
"121.80000","4.05986","3,239.69800","0.01941","0.00448","82.84825"
"121.90000","4.06337","3,241.73877","0.01944","0.00472","82.90044"
"122.00000","4.06681","3,243.70483","0.01944","0.00447","82.95071"
"122.10000","4.06987","3,245.28809","0.01950","0.00446","82.99120"
"122.20000","4.07346","3,246.20752","0.01951","0.00440","83.01472"
"122.30000","4.07675","3,248.57373","0.01945","0.00440","83.07523"
"122.40000","4.07996","3,249.80103","0.01947","0.00433","83.10661"
"122.50000","4.08332","3,251.55322","0.01944","0.00441","83.15142"
"122.60000","4.08661","3,253.18213","0.01950","0.00415","83.19308"
"122.70000","4.09005","3,254.81934","0.01950","0.00429","83.23495"
"122.80000","4.09326","3,256.71875","0.01955","0.00414","83.28352"
"122.90000","4.09670","3,257.99780","0.01959","0.00435","83.31623"
"123.00000","4.10007","3,259.94824","0.01963","0.00463","83.36610"
"123.10000","4.10313","3,260.46533","0.01966","0.00458","83.37933"
"123.20000","4.10672","3,262.74121","0.01968","0.00459","83.43753"
"123.30000","4.11008","3,264.29614","0.01970","0.00452","83.47729"
"123.40000","4.11322","3,265.66431","0.01967","0.00472","83.51228"
"123.50000","4.11681","3,267.50269","0.01970","0.00453","83.55930"
"123.60000","4.12010","3,269.35083","0.01965","0.00432","83.60656"
"123.70000","4.12323","3,271.11694","0.01967","0.00443","83.65173"
"123.80000","4.12667","3,272.54785","0.01973","0.00436","83.68832"
"123.90000","4.13004","3,274.29614","0.01972","0.00447","83.73302"
"124.00000","4.13332","3,275.99878","0.01978","0.00444","83.77657"
"124.10000","4.13661","3,277.49634","0.01979","0.00441","83.81487"
"124.20000","4.14012","3,279.44019","0.01979","0.00448","83.86457"
"124.30000","4.14341","3,281.10938","0.01981","0.00477","83.90726"
"124.40000","4.14655","3,281.75391","0.01977","0.00451","83.92374"
"124.50000","4.14999","3,283.60791","0.01975","0.00445","83.97115"
"124.60000","4.15335","3,285.61768","0.01981","0.00454","84.02254"
"124.70000","4.15649","3,286.52832","0.01987","0.00451","84.04584"
"124.80000","4.16008","3,288.62378","0.01992","0.00465","84.09942"
"124.90000","4.16344","3,290.61304","0.01994","0.00459","84.15029"
"125.00000","4.16666","3,291.94043","0.01992","0.00467","84.18423"
"125.10000","4.17002","3,293.31567","0.01989","0.00487","84.21941"
"125.20000","4.17331","3,295.40942","0.01987","0.00460","84.27295"
"125.30000","4.17660","3,297.17554","0.01990","0.00456","84.31812"
"125.40000","4.17988","3,298.22778","0.01995","0.00451","84.34502"
"125.50000","4.18332","3,300.68994","0.02001","0.00439","84.40799"
"125.60000","4.18676","3,302.19873","0.02000","0.00454","84.44657"
"125.70000","4.18997","3,303.37964","0.02006","0.00432","84.47677"
"125.80000","4.19341","3,305.45459","0.02009","0.00438","84.52983"
"125.90000","4.19670","3,306.61377","0.02009","0.00428","84.55948"
"126.00000","4.19991","3,307.51587","0.02011","0.00448","84.58254"
"126.10000","4.20335","3,310.93848","0.02011","0.00479","84.67007"
"126.20000","4.20664","3,312.25659","0.02010","0.00505","84.70378"
"126.30000","4.20993","3,313.68408","0.02014","0.00507","84.74029"
"126.40000","4.21337","3,315.42383","0.02015","0.00497","84.78477"
"126.50000","4.21680","3,317.23389","0.02015","0.00489","84.83106"
"126.60000","4.21994","3,319.36597","0.02019","0.00451","84.88559"
"126.70000","4.22323","3,319.31445","0.02016","0.00448","84.88427"
"126.80000","4.22667","3,321.98145","0.02023","0.00446","84.95247"
"126.90000","4.22996","3,323.47900","0.02016","0.00452","84.99077"
"127.00000","4.23325","3,324.54370","0.02020","0.00453","85.01800"
"127.10000","4.23668","3,327.48657","0.02017","0.00453","85.09325"
"127.20000","4.24005","3,327.84131","0.02018","0.00458","85.10233"
"127.30000","4.24326","3,329.46021","0.02018","0.00453","85.14372"
"127.40000","4.24662","3,331.49023","0.02019","0.00459","85.19564"
"127.50000","4.24999","3,332.33911","0.02037","0.00465","85.21735"
"127.60000","4.25320","3,334.87207","0.02026","0.00480","85.28212"
"127.70000","4.25664","3,335.87646","0.02025","0.00474","85.30781"
"127.80000","4.26015","3,337.51514","0.02032","0.00483","85.34971"
"127.90000","4.26329","3,339.12671","0.02033","0.00466","85.39092"
"128.00000","4.26658","3,341.13940","0.02031","0.00467","85.44240"
"128.10000","4.27002","3,342.36206","0.02043","0.00483","85.47366"
"128.20000","4.27323","3,344.82764","0.02041","0.00466","85.53671"
"128.30000","4.27659","3,345.63818","0.02037","0.00493","85.55744"
"128.40000","4.28003","3,346.93188","0.02047","0.00485","85.59052"
"128.50000","4.28340","3,348.45776","0.02049","0.00474","85.62955"
"128.60000","4.28668","3,350.33081","0.02048","0.00459","85.67744"
"128.70000","4.29005","3,352.19141","0.02054","0.00450","85.72503"
"128.80000","4.29334","3,354.52563","0.02054","0.00449","85.78472"
"128.90000","4.29655","3,354.80615","0.02057","0.00436","85.79189"
"129.00000","4.29991","3,357.06836","0.02056","0.00432","85.84975"
"129.10000","4.30343","3,358.79370","0.02061","0.00457","85.89387"
"129.20000","4.30656","3,360.95728","0.02063","0.00484","85.94920"
"129.30000","4.31000","3,361.19897","0.02060","0.00484","85.95538"
"129.40000","4.31344","3,363.60254","0.02061","0.00479","86.01684"
"129.50000","4.31658","3,364.89014","0.02066","0.00504","86.04977"
"129.60000","4.31994","3,366.27002","0.02065","0.00467","86.08505"
"129.70000","4.32331","3,368.24146","0.02067","0.00495","86.13547"
"129.80000","4.32667","3,369.55566","0.02064","0.00496","86.16908"
"129.90000","4.32996","3,370.56934","0.02064","0.00460","86.19500"
"130.00000","4.33339","3,373.34204","0.02064","0.00449","86.26591"
"130.10000","4.33676","3,374.94727","0.02070","0.00456","86.30696"
"130.20000","4.33990","3,375.64502","0.02064","0.00461","86.32480"
"130.30000","4.34326","3,376.93018","0.02068","0.00467","86.35767"
"130.40000","4.34677","3,379.75806","0.02074","0.00460","86.42999"
"130.50000","4.34991","3,380.77441","0.02075","0.00463","86.45597"
"130.60000","4.35342","3,382.40527","0.02070","0.00471","86.49768"
"130.70000","4.35686","3,384.54907","0.02074","0.00468","86.55251"
"130.80000","4.35993","3,385.25537","0.02079","0.00485","86.57056"
"130.90000","4.36336","3,387.37061","0.02080","0.00470","86.62466"
"131.00000","4.36673","3,389.00684","0.02079","0.00465","86.66650"
"131.10000","4.37002","3,390.66211","0.02080","0.00486","86.70883"
"131.20000","4.37330","3,391.72192","0.02087","0.00484","86.73593"
"131.30000","4.37674","3,393.94067","0.02095","0.00501","86.79267"
"131.40000","4.38011","3,395.79980","0.02096","0.00462","86.84022"
"131.50000","4.38324","3,397.06494","0.02099","0.00466","86.87257"
"131.60000","4.38661","3,398.63892","0.02098","0.00496","86.91282"
"131.70000","4.39005","3,400.04004","0.02101","0.00503","86.94865"
"131.80000","4.39311","3,400.64697","0.02105","0.00455","86.96417"
"131.90000","4.39670","3,403.35864","0.02105","0.00459","87.03352"
"132.00000","4.40006","3,404.66504","0.02105","0.00442","87.06693"
"132.10000","4.40320","3,406.45898","0.02111","0.00484","87.11280"
"132.20000","4.40679","3,408.89087","0.02108","0.00493","87.17499"
"132.30000","4.41007","3,410.14478","0.02109","0.00490","87.20705"
"132.40000","4.41329","3,411.28931","0.02112","0.00493","87.23633"
"132.50000","4.41665","3,412.53247","0.02114","0.00516","87.26812"
"132.60000","4.42001","3,414.65845","0.02115","0.00510","87.32249"
"132.70000","4.42338","3,417.12939","0.02114","0.00506","87.38567"
"132.80000","4.42659","3,417.43530","0.02110","0.00510","87.39349"
"132.90000","4.43010","3,419.81128","0.02114","0.00463","87.45425"
"133.00000","4.43339","3,421.56958","0.02112","0.00458","87.49922"
"133.10000","4.43653","3,422.97192","0.02114","0.00457","87.53509"
"133.20000","4.44004","3,424.81396","0.02116","0.00462","87.58219"
"133.30000","4.44341","3,427.03638","0.02116","0.00469","87.63902"
"133.40000","4.44647","3,427.20752","0.02122","0.00467","87.64340"
"133.50000","4.45013","3,428.86450","0.02128","0.00470","87.68578"
"133.60000","4.45342","3,430.75610","0.02129","0.00475","87.73415"
"133.70000","4.45664","3,432.64258","0.02126","0.00483","87.78239"
"133.80000","4.46000","3,434.10596","0.02127","0.00501","87.81981"
"133.90000","4.46321","3,436.22632","0.02131","0.00480","87.87404"
"134.00000","4.46658","3,437.32544","0.02130","0.00496","87.90215"
"134.10000","4.46986","3,438.38672","0.02133","0.00490","87.92928"
"134.20000","4.47338","3,440.83936","0.02135","0.00477","87.99200"
"134.30000","4.47674","3,442.43188","0.02137","0.00508","88.03273"
"134.40000","4.47988","3,444.14600","0.02144","0.00535","88.07657"
"134.50000","4.48339","3,446.07129","0.02143","0.00510","88.12580"
"134.60000","4.48675","3,447.50732","0.02149","0.00487","88.16252"
"134.70000","4.48989","3,448.58350","0.02148","0.00515","88.19004"
"134.80000","4.49341","3,450.65552","0.02153","0.00482","88.24303"
"134.90000","4.49677","3,452.32373","0.02154","0.00493","88.28569"
"135.00000","4.49998","3,453.34106","0.02158","0.00458","88.31171"
"135.10000","4.50335","3,455.48950","0.02155","0.00482","88.36665"
"135.20000","4.50671","3,456.40967","0.02161","0.00499","88.39018"
"135.30000","4.50992","3,457.80688","0.02161","0.00502","88.42591"
"135.40000","4.51329","3,459.39282","0.02162","0.00495","88.46647"
"135.50000","4.51665","3,461.81201","0.02164","0.00495","88.52834"
"135.60000","4.52001","3,462.37598","0.02166","0.00552","88.54276"
"135.70000","4.52330","3,464.67090","0.02164","0.00517","88.60145"
"135.80000","4.52674","3,466.51782","0.02162","0.00516","88.64867"
"135.90000","4.53003","3,468.35400","0.02164","0.00506","88.69563"
"136.00000","4.53324","3,469.03027","0.02161","0.00484","88.71293"
"136.10000","4.53660","3,471.21777","0.02161","0.00480","88.76887"
"136.20000","4.53997","3,472.28003","0.02167","0.00459","88.79603"
"136.30000","4.54326","3,474.11621","0.02171","0.00463","88.84299"
"136.40000","4.54669","3,475.72974","0.02171","0.00472","88.88425"
"136.50000","4.55013","3,476.86597","0.02174","0.00470","88.91331"
"136.60000","4.55327","3,478.39258","0.02171","0.00478","88.95235"
"136.70000","4.55656","3,479.89917","0.02176","0.00479","88.99088"
"136.80000","4.56000","3,481.93384","0.02175","0.00485","89.04291"
"136.90000","4.56328","3,483.84570","0.02174","0.00482","89.09180"
"137.00000","4.56657","3,485.34912","0.02178","0.00480","89.13025"
"137.10000","4.57009","3,486.56177","0.02185","0.00488","89.16125"
"137.20000","4.57337","3,488.32690","0.02183","0.00478","89.20640"
"137.30000","4.57666","3,489.46411","0.02189","0.00482","89.23548"
"137.40000","4.58003","3,491.73389","0.02190","0.00494","89.29353"
"137.50000","4.58339","3,492.86304","0.02194","0.00527","89.32240"
"137.60000","4.58660","3,494.20166","0.02198","0.00485","89.35663"
"137.70000","4.58997","3,496.09302","0.02201","0.00474","89.40500"
"137.80000","4.59340","3,498.11157","0.02201","0.00520","89.45662"
"137.90000","4.59662","3,499.23633","0.02202","0.00501","89.48538"
"138.00000","4.59998","3,500.84106","0.02205","0.00469","89.52642"
"138.10000","4.60334","3,503.35840","0.02207","0.00472","89.59080"
"138.20000","4.60656","3,504.74121","0.02208","0.00473","89.62616"
"138.30000","4.60992","3,505.92700","0.02211","0.00483","89.65648"
"138.40000","4.61336","3,507.30908","0.02214","0.00509","89.69183"
"138.50000","4.61672","3,508.89795","0.02215","0.00505","89.73245"
"138.60000","4.62001","3,510.16455","0.02214","0.00503","89.76485"
"138.70000","4.62337","3,511.78271","0.02208","0.00507","89.80623"
"138.80000","4.62674","3,513.30981","0.02207","0.00541","89.84528"
"138.90000","4.62988","3,515.00024","0.02216","0.00525","89.88851"
"139.00000","4.63331","3,516.97510","0.02210","0.00515","89.93901"
"139.10000","4.63675","3,519.07910","0.02218","0.00487","89.99281"
"139.20000","4.63997","3,519.92432","0.02218","0.00527","90.01443"
"139.30000","4.64333","3,521.85107","0.02222","0.00472","90.06371"
"139.40000","4.64684","3,523.60645","0.02219","0.00474","90.10860"
"139.50000","4.64991","3,524.83057","0.02222","0.00479","90.13990"
"139.60000","4.65327","3,527.05078","0.02224","0.00481","90.19668"
"139.70000","4.65663","3,528.10327","0.02222","0.00490","90.22359"
"139.80000","4.65999","3,529.79907","0.02228","0.00491","90.26696"
"139.90000","4.66328","3,530.95728","0.02227","0.00493","90.29658"
"140.00000","4.66672","3,533.14307","0.02232","0.00491","90.35247"
"140.10000","4.67008","3,534.62183","0.02238","0.00496","90.39029"
"140.20000","4.67322","3,535.58813","0.02237","0.00498","90.41500"
"140.30000","4.67659","3,537.35571","0.02240","0.00505","90.46021"
"140.40000","4.68010","3,539.48291","0.02244","0.00535","90.51460"
"140.50000","4.68316","3,539.71460","0.02243","0.00510","90.52052"
"140.60000","4.68668","3,542.05859","0.02246","0.00493","90.58047"
"140.70000","4.69011","3,544.03369","0.02251","0.00501","90.63097"
"140.80000","4.69325","3,545.44531","0.02248","0.00485","90.66708"
"140.90000","4.69669","3,546.84766","0.02250","0.00496","90.70293"
"141.00000","4.69998","3,548.11987","0.02256","0.00485","90.73547"
"141.10000","4.70327","3,550.28760","0.02257","0.00491","90.79091"
"141.20000","4.70663","3,551.71118","0.02258","0.00508","90.82731"
"141.30000","4.70999","3,553.46826","0.02262","0.00508","90.87225"
"141.40000","4.71336","3,554.93799","0.02262","0.00532","90.90983"
"141.50000","4.71665","3,556.13599","0.02261","0.00524","90.94047"
"141.60000","4.72001","3,557.29321","0.02258","0.00522","90.97006"
"141.70000","4.72345","3,559.53125","0.02260","0.00514","91.02729"
"141.80000","4.72651","3,560.33667","0.02265","0.00514","91.04789"
"141.90000","4.73002","3,563.39111","0.02262","0.00515","91.12600"
"142.00000","4.73339","3,564.04712","0.02263","0.00534","91.14278"
"142.10000","4.73653","3,565.36060","0.02262","0.00529","91.17637"
"142.20000","4.74011","3,566.77319","0.02265","0.00509","91.21249"
"142.30000","4.74340","3,568.23535","0.02274","0.00527","91.24988"
"142.40000","4.74654","3,570.35815","0.02268","0.00478","91.30417"
"142.50000","4.74998","3,571.75952","0.02270","0.00490","91.34000"
"142.60000","4.75327","3,572.95435","0.02270","0.00489","91.37056"
"142.70000","4.75663","3,575.02148","0.02279","0.00492","91.42342"
"142.80000","4.75992","3,575.47729","0.02280","0.00497","91.43508"
"142.90000","4.76336","3,578.52612","0.02279","0.00505","91.51305"
"143.00000","4.76679","3,579.34131","0.02280","0.00500","91.53389"
"143.10000","4.76986","3,580.25537","0.02279","0.00505","91.55727"
"143.20000","4.77330","3,583.70068","0.02286","0.00511","91.64537"
"143.30000","4.77666","3,584.12964","0.02292","0.00507","91.65634"
"143.40000","4.77987","3,585.39233","0.02293","0.00507","91.68864"
"143.50000","4.78339","3,587.54541","0.02294","0.00507","91.74369"
"143.60000","4.78675","3,589.65430","0.02296","0.00503","91.79762"
"143.70000","4.79004","3,590.68433","0.02297","0.00510","91.82397"
"143.80000","4.79333","3,592.58960","0.02297","0.00508","91.87269"
"143.90000","4.79661","3,594.53418","0.02299","0.00504","91.92242"
"144.00000","4.79998","3,594.70361","0.02301","0.00507","91.92675"
"144.10000","4.80327","3,596.50732","0.02303","0.00494","91.97288"
"144.20000","4.80663","3,598.64233","0.02307","0.00497","92.02747"
"144.30000","4.81007","3,600.20508","0.02308","0.00515","92.06744"
"144.40000","4.81328","3,601.56421","0.02308","0.00498","92.10220"
"144.50000","4.81672","3,603.63721","0.02307","0.00522","92.15520"
"144.60000","4.82001","3,604.50220","0.02304","0.00536","92.17733"
"144.70000","4.82315","3,605.82910","0.02303","0.00528","92.21126"
"144.80000","4.82666","3,608.47119","0.02307","0.00527","92.27882"
"144.90000","4.82995","3,609.20679","0.02309","0.00534","92.29764"
"145.00000","4.83331","3,611.10913","0.02312","0.00532","92.34628"
"145.10000","4.83667","3,613.28540","0.02312","0.00546","92.40194"
"145.20000","4.84011","3,614.53784","0.02321","0.00530","92.43397"
"145.30000","4.84332","3,615.63452","0.02320","0.00539","92.46201"
"145.40000","4.84654","3,616.53052","0.02319","0.00488","92.48492"
"145.50000","4.84998","3,619.03711","0.02321","0.00488","92.54903"
"145.60000","4.85334","3,620.58740","0.02321","0.00498","92.58867"
"145.70000","4.85655","3,622.07007","0.02322","0.00492","92.62659"
"145.80000","4.86007","3,623.82422","0.02326","0.00503","92.67145"
"145.90000","4.86343","3,625.01147","0.02325","0.00506","92.70181"
"146.00000","4.86657","3,625.99072","0.02330","0.00509","92.72685"
"146.10000","4.87001","3,628.59546","0.02331","0.00511","92.79346"
"146.20000","4.87329","3,629.95093","0.02337","0.00515","92.82812"
"146.30000","4.87658","3,631.50757","0.02339","0.00521","92.86793"
"146.40000","4.87995","3,633.00439","0.02337","0.00516","92.90621"
"146.50000","4.88346","3,634.79443","0.02343","0.00519","92.95199"
"146.60000","4.88667","3,636.71143","0.02344","0.00510","93.00101"
"146.70000","4.88989","3,636.80786","0.02346","0.00518","93.00347"
"146.80000","4.89332","3,639.03638","0.02351","0.00513","93.06046"
"146.90000","4.89661","3,641.04736","0.02344","0.00519","93.11189"
"147.00000","4.89990","3,641.90942","0.02349","0.00513","93.13393"
"147.10000","4.90341","3,644.99121","0.02351","0.00516","93.21275"
"147.20000","4.90678","3,646.59839","0.02354","0.00514","93.25385"
"147.30000","4.90991","3,647.10327","0.02351","0.00510","93.26675"
"147.40000","4.91335","3,648.89941","0.02351","0.00500","93.31269"
"147.50000","4.91672","3,651.05078","0.02355","0.00511","93.36771"
"147.60000","4.91993","3,651.62524","0.02355","0.00538","93.38240"
"147.70000","4.92329","3,653.49805","0.02354","0.00522","93.43029"
"147.80000","4.92673","3,655.21606","0.02358","0.00536","93.47423"
"147.90000","4.92994","3,657.11255","0.02356","0.00528","93.52272"
"148.00000","4.93338","3,658.05469","0.02358","0.00532","93.54681"
"148.10000","4.93675","3,659.81006","0.02358","0.00546","93.59171"
"148.20000","4.93988","3,661.66602","0.02359","0.00540","93.63917"
"148.30000","4.94325","3,662.74976","0.02365","0.00547","93.66689"
"148.40000","4.94669","3,664.45142","0.02363","0.00551","93.71040"
"148.50000","4.94997","3,665.33838","0.02368","0.00543","93.73308"
"148.60000","4.95326","3,667.25732","0.02371","0.00547","93.78215"
"148.70000","4.95670","3,668.94019","0.02374","0.00502","93.82519"
"148.80000","4.96014","3,670.65747","0.02370","0.00508","93.86910"
"148.90000","4.96328","3,671.74268","0.02380","0.00505","93.89686"
"149.00000","4.96657","3,673.70361","0.02382","0.00509","93.94701"
"149.10000","4.97008","3,674.89233","0.02383","0.00512","93.97740"
"149.20000","4.97314","3,676.64648","0.02385","0.00520","94.02226"
"149.30000","4.97666","3,678.29883","0.02383","0.00525","94.06451"
"149.40000","4.98009","3,679.84741","0.02390","0.00528","94.10412"
"149.50000","4.98331","3,681.17871","0.02390","0.00519","94.13816"
"149.60000","4.98659","3,683.03760","0.02392","0.00530","94.18570"
"149.70000","4.99003","3,684.59009","0.02389","0.00528","94.22540"
"149.80000","4.99332","3,685.83643","0.02391","0.00527","94.25727"
"149.90000","4.99661","3,686.77930","0.02398","0.00519","94.28139"
"150.00000","5.00005","3,689.06787","0.02398","0.00518","94.33991"
"150.10000","5.00348","3,690.52319","0.02400","0.00525","94.37713"
"150.20000","5.00662","3,691.73291","0.02402","0.00528","94.40807"
"150.30000","5.00999","3,692.74512","0.02398","0.00515","94.43394"
"150.40000","5.01343","3,694.46802","0.02400","0.00521","94.47800"
"150.50000","5.01649","3,696.04907","0.02400","0.00551","94.51844"
"150.60000","5.02000","3,697.53052","0.02396","0.00553","94.55633"
"150.70000","5.02351","3,699.91211","0.02398","0.00557","94.61723"
"150.80000","5.02658","3,701.02344","0.02401","0.00549","94.64565"
"150.90000","5.03009","3,703.14722","0.02403","0.00555","94.69996"
"151.00000","5.03338","3,704.24194","0.02404","0.00540","94.72795"
"151.10000","5.03659","3,706.42065","0.02408","0.00572","94.78367"
"151.20000","5.03996","3,706.57544","0.02420","0.00536","94.78763"
"151.30000","5.04332","3,709.50146","0.02412","0.00555","94.86246"
"151.40000","5.04668","3,710.87378","0.02414","0.00571","94.89755"
"151.50000","5.04990","3,711.92285","0.02412","0.00565","94.92438"
"151.60000","5.05341","3,714.09692","0.02420","0.00548","94.97997"
"151.70000","5.05677","3,715.72339","0.02422","0.00514","95.02157"
"151.80000","5.05976","3,716.43726","0.02420","0.00523","95.03983"
"151.90000","5.06335","3,718.51660","0.02424","0.00520","95.09299"
"152.00000","5.06679","3,720.54736","0.02431","0.00526","95.14493"
"152.10000","5.06993","3,721.32690","0.02429","0.00527","95.16486"
"152.20000","5.07344","3,722.98999","0.02431","0.00529","95.20740"
"152.30000","5.07673","3,724.93237","0.02436","0.00524","95.25706"
"152.40000","5.08002","3,726.27417","0.02437","0.00531","95.29138"
"152.50000","5.08330","3,727.34106","0.02441","0.00535","95.31866"
"152.60000","5.08659","3,729.69922","0.02441","0.00543","95.37897"
"152.70000","5.08996","3,730.12842","0.02445","0.00548","95.38995"
"152.80000","5.09324","3,732.29468","0.02443","0.00550","95.44534"
"152.90000","5.09668","3,733.95410","0.02442","0.00542","95.48778"
"153.00000","5.10012","3,735.09595","0.02446","0.00564","95.51698"
"153.10000","5.10318","3,735.63794","0.02448","0.00545","95.53084"
"153.20000","5.10662","3,737.27393","0.02448","0.00535","95.57268"
"153.30000","5.10999","3,739.34741","0.02445","0.00562","95.62570"
"153.40000","5.11320","3,740.18774","0.02445","0.00533","95.64719"
"153.50000","5.11671","3,743.17456","0.02448","0.00555","95.72357"
"153.60000","5.12000","3,743.95557","0.02443","0.00552","95.74355"
"153.70000","5.12336","3,745.24072","0.02455","0.00560","95.77641"
"153.80000","5.12673","3,747.67212","0.02447","0.00585","95.83858"
"153.90000","5.13001","3,748.75781","0.02451","0.00576","95.86635"
"154.00000","5.13330","3,750.13794","0.02456","0.00560","95.90164"
"154.10000","5.13652","3,751.54980","0.02454","0.00561","95.93775"
"154.20000","5.14003","3,752.96436","0.02456","0.00557","95.97392"
"154.30000","5.14347","3,754.07178","0.02460","0.00559","96.00224"
"154.40000","5.14661","3,755.44873","0.02459","0.00597","96.03746"
"154.50000","5.15004","3,757.17554","0.02467","0.00573","96.08162"
"154.60000","5.15341","3,759.26562","0.02468","0.00576","96.13506"
"154.70000","5.15655","3,760.29077","0.02464","0.00585","96.16129"
"154.80000","5.15998","3,761.82227","0.02473","0.00564","96.20045"
"154.90000","5.16335","3,763.03271","0.02476","0.00555","96.23140"
"155.00000","5.16664","3,764.85620","0.02479","0.00527","96.27803"
"155.10000","5.17000","3,766.51709","0.02480","0.00541","96.32050"
"155.20000","5.17344","3,767.44409","0.02479","0.00541","96.34422"
"155.30000","5.17665","3,769.61792","0.02486","0.00541","96.39980"
"155.40000","5.17986","3,771.03052","0.02487","0.00539","96.43593"
"155.50000","5.18330","3,772.49634","0.02487","0.00552","96.47341"
"155.60000","5.18667","3,774.83447","0.02493","0.00550","96.53320"
"155.70000","5.18988","3,774.50464","0.02495","0.00549","96.52477"
"155.80000","5.19339","3,776.45239","0.02495","0.00553","96.57458"
"155.90000","5.19675","3,778.22900","0.02495","0.00556","96.62001"
"156.00000","5.19989","3,780.00293","0.02495","0.00581","96.66537"
"156.10000","5.20333","3,781.11035","0.02498","0.00552","96.69370"
"156.20000","5.20669","3,783.00024","0.02495","0.00568","96.74203"
"156.30000","5.20991","3,784.97803","0.02497","0.00546","96.79260"
"156.40000","5.21335","3,785.08008","0.02490","0.00547","96.79521"
"156.50000","5.21678","3,786.13574","0.02492","0.00574","96.82221"
"156.60000","5.22000","3,789.35303","0.02495","0.00565","96.90449"
"156.70000","5.22329","3,790.24438","0.02495","0.00555","96.92728"
"156.80000","5.22665","3,791.50000","0.02498","0.00596","96.95939"
"156.90000","5.22994","3,792.87012","0.02503","0.00604","96.99443"
"157.00000","5.23323","3,793.65918","0.02503","0.00588","97.01461"
"157.10000","5.23674","3,795.31689","0.02508","0.00575","97.05700"
"157.20000","5.24010","3,797.10083","0.02510","0.00577","97.10262"
"157.30000","5.24324","3,798.74829","0.02513","0.00568","97.14475"
"157.40000","5.24668","3,800.23706","0.02510","0.00627","97.18282"
"157.50000","5.25004","3,801.91577","0.02514","0.00625","97.22575"
"157.60000","5.25326","3,802.14893","0.02518","0.00580","97.23171"
"157.70000","5.25662","3,803.90259","0.02515","0.00583","97.27656"
"157.80000","5.26013","3,805.76636","0.02520","0.00568","97.32422"
"157.90000","5.26327","3,807.61890","0.02520","0.00568","97.37160"
"158.00000","5.26663","3,808.24512","0.02524","0.00545","97.38761"
"158.10000","5.27007","3,809.48975","0.02528","0.00558","97.41944"
"158.20000","5.27329","3,811.71729","0.02527","0.00545","97.47640"
"158.30000","5.27657","3,813.08203","0.02533","0.00553","97.51131"
"158.40000","5.28001","3,815.17407","0.02532","0.00549","97.56480"
"158.50000","5.28337","3,815.42456","0.02537","0.00549","97.57121"
"158.60000","5.28666","3,817.13818","0.02537","0.00566","97.61503"
"158.70000","5.29003","3,818.89648","0.02541","0.00587","97.66000"
"158.80000","5.29346","3,819.89819","0.02541","0.00581","97.68562"
"158.90000","5.29653","3,821.02393","0.02543","0.00570","97.71440"
"159.00000","5.29997","3,823.08301","0.02542","0.00558","97.76706"
"159.10000","5.30340","3,824.73950","0.02542","0.00564","97.80942"
"159.20000","5.30654","3,825.45264","0.02540","0.00614","97.82765"
"159.30000","5.31006","3,826.91699","0.02547","0.00586","97.86510"
"159.40000","5.31342","3,828.47998","0.02542","0.00571","97.90508"
"159.50000","5.31663","3,829.48291","0.02541","0.00585","97.93072"
"159.60000","5.32000","3,830.98682","0.02551","0.00568","97.96918"
"159.70000","5.32336","3,832.75439","0.02550","0.00576","98.01438"
"159.80000","5.32665","3,835.09058","0.02546","0.00585","98.07413"
"159.90000","5.32986","3,835.61743","0.02550","0.00609","98.08760"
"160.00000","5.33337","3,836.85864","0.02551","0.00608","98.11934"
"160.10000","5.33681","3,837.73560","0.02554","0.00595","98.14176"
"160.20000","5.33995","3,838.94336","0.02558","0.00590","98.17265"
"160.30000","5.34331","3,839.95093","0.02558","0.00582","98.19842"
"160.40000","5.34675","3,841.89893","0.02559","0.00576","98.24823"
"160.50000","5.34982","3,842.66724","0.02564","0.00602","98.26788"
"160.60000","5.35333","3,844.10913","0.02565","0.00617","98.30476"
"160.70000","5.35677","3,845.46924","0.02570","0.00625","98.33954"
"160.80000","5.35998","3,847.53491","0.02571","0.00600","98.39236"
"160.90000","5.36342","3,848.51367","0.02569","0.00574","98.41739"
"161.00000","5.36671","3,849.81323","0.02576","0.00595","98.45062"
"161.10000","5.36999","3,851.62231","0.02578","0.00578","98.49689"
"161.20000","5.37328","3,851.11499","0.02577","0.00550","98.48392"
"161.29800","5.37657","3,582.35303","0.02578","0.00560","91.61091"
"161.30200","5.37680","3,245.80859","0.02578","0.00560","83.00452"
"161.30600","5.37695","2,844.05640","0.02578","0.00560","72.73058"
"161.31000","5.37710","2,416.44897","0.02578","0.00560","61.79544"
"161.31200","5.37717","2,203.21753","0.02578","0.00560","56.34251"
