Modulus (Segment 0.001 mm/mm - 0.008 mm/mm) : Modulus (Segment 0.001 mm/mm - 0.008 mm/mm),"5,323.00362",MPa
Poisson's ratio (Least squares fit) : Poisson's ratio (Least squares fit),"0.14528"
Specimen properties : Gauge length,"14.46000",mm
Specimen properties : Gauge length transverse,"5.09800",mm
Specimen properties : Thickness,"2.65000",mm
Specimen properties : Width,"15.14000",mm

Time,Extension,Load,Video axial strain,Video transverse strain,Calculated Stress
(s),(mm),(N),(mm/mm),(mm/mm),(MPa)
"0.00000","0.01622","21.97651","-0.00002","-0.00003","0.54776"
"0.10000","0.01711","22.76323","-0.00005","-0.00005","0.56736"
"0.20000","0.02108","27.40218","0.00006","0.00001","0.68299"
"0.30000","0.02578","35.05626","0.00013","0.00002","0.87376"
"0.40000","0.02960","42.68089","0.00005","0.00013","1.06380"
"0.50000","0.03303","48.53419","0.00008","0.00011","1.20970"
"0.60000","0.03617","53.79048","0.00044","0.00008","1.34071"
"0.70000","0.03954","59.37004","0.00031","0.00016","1.47977"
"0.80000","0.04297","66.10296","0.00034","0.00014","1.64759"
"0.90000","0.04619","70.32074","0.00036","0.00028","1.75272"
"1.00000","0.04963","76.48756","0.00041","0.00041","1.90642"
"1.10000","0.05306","82.22224","0.00041","0.00053","2.04936"
"1.20000","0.05620","88.37344","0.00049","0.00054","2.20267"
"1.30000","0.05957","93.02870","0.00047","0.00055","2.31870"
"1.40000","0.06300","99.48032","0.00034","0.00076","2.47951"
"1.50000","0.06629","105.47263","0.00036","0.00089","2.62886"
"1.60000","0.06951","110.78094","0.00040","0.00090","2.76117"
"1.70000","0.07294","115.54974","0.00035","0.00095","2.88003"
"1.80000","0.07638","120.92371","0.00040","0.00093","3.01398"
"1.90000","0.07952","127.12424","0.00036","0.00094","3.16852"
"2.00000","0.08288","132.66922","0.00044","0.00094","3.30673"
"2.10000","0.08632","137.07520","0.00045","0.00084","3.41654"
"2.20000","0.08946","143.35750","0.00045","0.00089","3.57313"
"2.30000","0.09290","148.59384","0.00049","0.00087","3.70364"
"2.40000","0.09634","154.88399","0.00049","0.00072","3.86042"
"2.50000","0.09955","159.51405","0.00054","0.00074","3.97582"
"2.60000","0.10299","165.28764","0.00057","0.00053","4.11973"
"2.70000","0.10635","170.51959","0.00058","0.00052","4.25013"
"2.80000","0.10964","175.90112","0.00054","0.00050","4.38427"
"2.90000","0.11285","181.79718","0.00057","0.00014","4.53122"
"3.00000","0.11622","187.02402","0.00064","0.00006","4.66150"
"3.10000","0.11965","192.11507","0.00066","0.00004","4.78839"
"3.20000","0.12287","197.92943","0.00070","0.00014","4.93331"
"3.30000","0.12631","202.56219","0.00088","0.00001","5.04878"
"3.40000","0.12974","208.41263","0.00073","0.00007","5.19460"
"3.50000","0.13281","213.60684","0.00104","0.00004","5.32407"
"3.60000","0.13632","219.76353","0.00104","0.00006","5.47752"
"3.70000","0.13968","225.36139","0.00109","0.00006","5.61704"
"3.80000","0.14282","230.16171","0.00109","0.00005","5.73669"
"3.90000","0.14633","234.94989","0.00113","0.00023","5.85603"
"4.00000","0.14970","240.45543","0.00112","0.00028","5.99326"
"4.10000","0.15299","246.48190","0.00107","0.00031","6.14346"
"4.20000","0.15620","251.31752","0.00110","0.00041","6.26399"
"4.30000","0.15949","256.42661","0.00114","0.00066","6.39133"
"4.40000","0.16293","262.16638","0.00119","0.00071","6.53439"
"4.50000","0.16614","266.46365","0.00115","0.00092","6.64150"
"4.60000","0.16965","272.34381","0.00086","0.00097","6.78806"
"4.70000","0.17302","278.20438","0.00094","0.00096","6.93413"
"4.80000","0.17615","282.04114","0.00101","0.00093","7.02976"
"4.90000","0.17967","287.83127","0.00099","0.00093","7.17408"
"5.00000","0.18303","293.93704","0.00105","0.00097","7.32626"
"5.10000","0.18617","298.55618","0.00103","0.00096","7.44139"
"5.20000","0.18961","303.63632","0.00106","0.00091","7.56801"
"5.30000","0.19297","309.07578","0.00105","0.00096","7.70359"
"5.40000","0.19626","314.61578","0.00111","0.00074","7.84167"
"5.50000","0.19962","319.90622","0.00119","0.00088","7.97354"
"5.60000","0.20291","324.81229","0.00117","0.00073","8.09582"
"5.70000","0.20627","330.08008","0.00121","0.00066","8.22711"
"5.80000","0.20949","334.87390","0.00121","0.00055","8.34660"
"5.90000","0.21293","340.19522","0.00125","0.00057","8.47923"
"6.00000","0.21636","345.73264","0.00143","0.00045","8.61725"
"6.10000","0.21950","350.05402","0.00140","0.00034","8.72496"
"6.20000","0.22301","355.54153","0.00141","0.00006","8.86173"
"6.30000","0.22638","360.55908","0.00150","0.00007","8.98679"
"6.40000","0.22944","365.56223","0.00156","0.00014","9.11149"
"6.50000","0.23295","369.61975","0.00152","0.00009","9.21263"
"6.60000","0.23624","374.92773","0.00151","0.00000","9.34492"
"6.70000","0.23953","381.29990","0.00158","0.00006","9.50375"
"6.80000","0.24297","385.61218","0.00164","0.00002","9.61123"
"6.90000","0.24633","389.88058","0.00164","0.00026","9.71762"
"7.00000","0.24962","396.06509","0.00158","0.00022","9.87177"
"7.10000","0.25283","400.10614","0.00161","0.00026","9.97249"
"7.20000","0.25627","404.87680","0.00159","0.00045","10.09139"
"7.30000","0.25964","410.00745","0.00164","0.00042","10.21927"
"7.40000","0.26285","414.82874","0.00168","0.00058","10.33944"
"7.50000","0.26636","419.86151","0.00163","0.00073","10.46488"
"7.60000","0.26973","425.31845","0.00166","0.00094","10.60089"
"7.70000","0.27286","429.68927","0.00163","0.00096","10.70983"
"7.80000","0.27630","434.90808","0.00154","0.00101","10.83991"
"7.90000","0.27959","439.15384","0.00158","0.00108","10.94573"
"8.00000","0.28288","444.66519","0.00160","0.00100","11.08310"
"8.10000","0.28624","449.37967","0.00154","0.00107","11.20061"
"8.20000","0.28961","453.98535","0.00158","0.00105","11.31540"
"8.30000","0.29297","459.10333","0.00158","0.00103","11.44297"
"8.40000","0.29618","463.76599","0.00158","0.00097","11.55918"
"8.50000","0.29962","468.72757","0.00157","0.00106","11.68285"
"8.60000","0.30298","473.74689","0.00170","0.00095","11.80795"
"8.70000","0.30612","477.51273","0.00164","0.00081","11.90182"
"8.80000","0.30963","483.15115","0.00174","0.00076","12.04235"
"8.90000","0.31307","487.39697","0.00179","0.00065","12.14818"
"9.00000","0.31621","492.75812","0.00173","0.00054","12.28180"
"9.10000","0.31965","496.13739","0.00181","0.00046","12.36603"
"9.20000","0.32301","501.50281","0.00188","0.00053","12.49976"
"9.30000","0.32623","506.75577","0.00193","0.00029","12.63069"
"9.40000","0.32951","510.88068","0.00191","0.00016","12.73350"
"9.50000","0.33295","515.96716","0.00191","0.00025","12.86028"
"9.60000","0.33624","520.03961","0.00182","0.00011","12.96178"
"9.70000","0.33953","524.13678","0.00189","0.00016","13.06390"
"9.80000","0.34304","529.91571","0.00200","0.00006","13.20794"
"9.90000","0.34626","534.55804","0.00194","0.00016","13.32365"
"10.00000","0.34954","537.79413","0.00192","0.00018","13.40431"
"10.10000","0.35298","542.85352","0.00196","0.00015","13.53041"
"10.20000","0.35635","548.03516","0.00198","0.00038","13.65956"
"10.30000","0.35956","551.99921","0.00199","0.00040","13.75836"
"10.40000","0.36300","556.01294","0.00199","0.00051","13.85840"
"10.50000","0.36643","560.94733","0.00194","0.00055","13.98139"
"10.60000","0.36957","564.78607","0.00197","0.00060","14.07707"
"10.70000","0.37286","569.93365","0.00201","0.00073","14.20537"
"10.80000","0.37630","574.52734","0.00201","0.00088","14.31987"
"10.90000","0.37951","578.07019","0.00203","0.00106","14.40817"
"11.00000","0.38288","582.39081","0.00202","0.00114","14.51586"
"11.10000","0.38639","587.33252","0.00198","0.00114","14.63903"
"11.20000","0.38960","591.88611","0.00200","0.00109","14.75253"
"11.30000","0.39289","595.74597","0.00213","0.00108","14.84873"
"11.40000","0.39633","600.02484","0.00207","0.00116","14.95538"
"11.50000","0.39962","604.29834","0.00214","0.00107","15.06190"
"11.60000","0.40283","608.42645","0.00207","0.00105","15.16479"
"11.70000","0.40627","612.92834","0.00211","0.00110","15.27700"
"11.80000","0.40971","616.79700","0.00214","0.00086","15.37342"
"11.90000","0.41285","620.80536","0.00219","0.00085","15.47333"
"12.00000","0.41628","625.67041","0.00210","0.00074","15.59459"
"12.10000","0.41972","629.58673","0.00225","0.00075","15.69220"
"12.20000","0.42279","633.93237","0.00211","0.00071","15.80051"
"12.30000","0.42622","638.39026","0.00228","0.00075","15.91162"
"12.40000","0.42966","643.59344","0.00232","0.00062","16.04131"
"12.50000","0.43288","647.61212","0.00228","0.00062","16.14148"
"12.60000","0.43624","651.14679","0.00228","0.00018","16.22958"
"12.70000","0.43968","656.02753","0.00237","0.00021","16.35122"
"12.80000","0.44297","659.66046","0.00232","0.00014","16.44177"
"12.90000","0.44618","664.25055","0.00238","0.00032","16.55618"
"13.00000","0.44954","668.54156","0.00238","0.00026","16.66313"
"13.10000","0.45298","672.99493","0.00237","0.00019","16.77413"
"13.20000","0.45619","677.38019","0.00241","0.00048","16.88343"
"13.30000","0.45963","681.70007","0.00244","0.00042","16.99110"
"13.40000","0.46314","686.65039","0.00245","0.00056","17.11449"
"13.50000","0.46613","689.37372","0.00248","0.00067","17.18237"
"13.60000","0.46965","693.36041","0.00244","0.00059","17.28173"
"13.70000","0.47294","697.73340","0.00245","0.00069","17.39073"
"13.80000","0.47615","702.72424","0.00249","0.00083","17.51512"
"13.90000","0.47966","706.76794","0.00247","0.00111","17.61591"
"14.00000","0.48302","710.82983","0.00250","0.00103","17.71715"
"14.10000","0.48631","715.54724","0.00248","0.00103","17.83473"
"14.20000","0.48960","719.08771","0.00260","0.00130","17.92298"
"14.30000","0.49289","723.15186","0.00260","0.00130","18.02427"
"14.40000","0.49625","727.54492","0.00256","0.00136","18.13377"
"14.50000","0.49947","730.80829","0.00261","0.00135","18.21511"
"14.60000","0.50290","736.28552","0.00276","0.00126","18.35162"
"14.70000","0.50642","739.42944","0.00259","0.00126","18.42999"
"14.80000","0.50956","743.17249","0.00275","0.00120","18.52328"
"14.90000","0.51299","747.68542","0.00277","0.00101","18.63576"
"15.00000","0.51628","752.11139","0.00275","0.00096","18.74608"
"15.10000","0.51942","754.58417","0.00265","0.00096","18.80771"
"15.20000","0.52293","760.04034","0.00279","0.00087","18.94370"
"15.30000","0.52622","764.14520","0.00270","0.00085","19.04602"
"15.40000","0.52959","768.66663","0.00272","0.00077","19.15871"
"15.50000","0.53295","772.03589","0.00287","0.00069","19.24269"
"15.60000","0.53631","776.02808","0.00278","0.00038","19.34219"
"15.70000","0.53968","780.92090","0.00277","0.00047","19.46414"
"15.80000","0.54281","784.19934","0.00278","0.00023","19.54586"
"15.90000","0.54625","787.52313","0.00283","0.00030","19.62870"
"16.00000","0.54969","791.67706","0.00286","0.00020","19.73224"
"16.10000","0.55283","795.22736","0.00287","0.00041","19.82073"
"16.20000","0.55634","799.83862","0.00289","0.00029","19.93566"
"16.30000","0.55970","804.37793","0.00291","0.00037","20.04880"
"16.40000","0.56284","807.58362","0.00298","0.00049","20.12870"
"16.50000","0.56628","811.24908","0.00301","0.00054","20.22006"
"16.60000","0.56957","815.62427","0.00312","0.00046","20.32911"
"16.70000","0.57293","819.42090","0.00315","0.00078","20.42374"
"16.80000","0.57630","822.92139","0.00306","0.00091","20.51099"
"16.90000","0.57958","826.86658","0.00322","0.00098","20.60932"
"17.00000","0.58302","831.22198","0.00324","0.00094","20.71788"
"17.10000","0.58616","834.88812","0.00325","0.00088","20.80926"
"17.20000","0.58960","838.94379","0.00321","0.00112","20.91034"
"17.30000","0.59296","843.13489","0.00327","0.00133","21.01480"
"17.40000","0.59603","846.82983","0.00320","0.00139","21.10690"
"17.50000","0.59961","851.01013","0.00324","0.00142","21.21109"
"17.60000","0.60305","854.51324","0.00320","0.00142","21.29840"
"17.70000","0.60619","857.80627","0.00318","0.00140","21.38048"
"17.80000","0.60963","861.91864","0.00321","0.00132","21.48298"
"17.90000","0.61284","865.64337","0.00320","0.00134","21.57582"
"18.00000","0.61621","869.38452","0.00337","0.00121","21.66906"
"18.10000","0.61949","873.04425","0.00344","0.00120","21.76028"
"18.20000","0.62293","877.56085","0.00345","0.00100","21.87286"
"18.30000","0.62637","882.19958","0.00347","0.00100","21.98847"
"18.40000","0.62958","884.60242","0.00336","0.00098","22.04836"
"18.50000","0.63302","888.81543","0.00351","0.00094","22.15337"
"18.60000","0.63631","892.67474","0.00356","0.00085","22.24956"
"18.70000","0.63945","895.13995","0.00356","0.00055","22.31101"
"18.80000","0.64296","899.69672","0.00359","0.00041","22.42458"
"18.90000","0.64632","904.38611","0.00360","0.00051","22.54146"
"19.00000","0.64954","907.26752","0.00350","0.00050","22.61328"
"19.10000","0.65298","911.37189","0.00365","0.00034","22.71558"
"19.20000","0.65641","915.66064","0.00367","0.00030","22.82248"
"19.30000","0.65955","918.64502","0.00360","0.00042","22.89686"
"19.40000","0.66284","922.13525","0.00366","0.00041","22.98385"
"19.50000","0.66628","925.67438","0.00370","0.00049","23.07207"
"19.60000","0.66957","929.69214","0.00364","0.00074","23.17221"
"19.70000","0.67286","933.00537","0.00364","0.00076","23.25479"
"19.80000","0.67637","937.50964","0.00370","0.00078","23.36706"
"19.90000","0.67966","941.03412","0.00364","0.00098","23.45490"
"20.00000","0.68287","944.77087","0.00371","0.00106","23.54804"
"20.10000","0.68631","949.35522","0.00368","0.00112","23.66230"
"20.20000","0.68960","952.09705","0.00367","0.00108","23.73064"
"20.30000","0.69281","956.13568","0.00368","0.00128","23.83130"
"20.40000","0.69632","960.40637","0.00367","0.00139","23.93775"
"20.50000","0.69976","964.21680","0.00367","0.00142","24.03272"
"20.60000","0.70290","967.52338","0.00369","0.00159","24.11514"
"20.70000","0.70626","970.28857","0.00367","0.00151","24.18406"
"20.80000","0.70963","974.83655","0.00369","0.00142","24.29741"
"20.90000","0.71284","977.94525","0.00366","0.00145","24.37490"
"21.00000","0.71620","981.09412","0.00424","0.00137","24.45338"
"21.10000","0.71972","985.35779","0.00410","0.00132","24.55965"
"21.20000","0.72293","989.18817","0.00421","0.00133","24.65512"
"21.30000","0.72622","991.73151","0.00411","0.00125","24.71851"
"21.40000","0.72966","996.68585","0.00410","0.00115","24.84200"
"21.50000","0.73294","999.90387","0.00402","0.00106","24.92221"
"21.60000","0.73616","1,003.54932","0.00406","0.00118","25.01307"
"21.70000","0.73960","1,007.56317","0.00401","0.00109","25.11311"
"21.80000","0.74303","1,010.47437","0.00403","0.00063","25.18567"
"21.90000","0.74625","1,014.20618","0.00412","0.00054","25.27869"
"22.00000","0.74961","1,017.93286","0.00416","0.00050","25.37157"
"22.10000","0.75305","1,021.43475","0.00408","0.00061","25.45886"
"22.20000","0.75619","1,025.20764","0.00409","0.00051","25.55289"
"22.30000","0.75955","1,028.46619","0.00408","0.00055","25.63411"
"22.40000","0.76299","1,032.23083","0.00420","0.00057","25.72794"
"22.50000","0.76620","1,035.68066","0.00413","0.00072","25.81393"
"22.60000","0.76957","1,039.82434","0.00415","0.00065","25.91721"
"22.70000","0.77293","1,042.34045","0.00420","0.00074","25.97992"
"22.80000","0.77637","1,046.86816","0.00416","0.00084","26.09277"
"22.90000","0.77958","1,049.73401","0.00419","0.00094","26.16420"
"23.00000","0.78287","1,054.03796","0.00420","0.00091","26.27148"
"23.10000","0.78631","1,056.91675","0.00421","0.00114","26.34323"
"23.20000","0.78945","1,060.57153","0.00416","0.00119","26.43432"
"23.30000","0.79296","1,065.14441","0.00420","0.00127","26.54830"
"23.40000","0.79640","1,067.95471","0.00421","0.00127","26.61835"
"23.50000","0.79954","1,071.49756","0.00419","0.00139","26.70665"
"23.60000","0.80290","1,074.89319","0.00425","0.00162","26.79129"
"23.70000","0.80626","1,078.04456","0.00422","0.00159","26.86983"
"23.80000","0.80948","1,082.37573","0.00424","0.00154","26.97779"
"23.90000","0.81291","1,085.88635","0.00461","0.00165","27.06529"
"24.00000","0.81628","1,088.80933","0.00470","0.00160","27.13814"
"24.10000","0.81964","1,091.81689","0.00466","0.00128","27.21310"
"24.20000","0.82293","1,096.35046","0.00469","0.00119","27.32610"
"24.30000","0.82622","1,100.31653","0.00448","0.00135","27.42495"
"24.40000","0.82965","1,102.68713","0.00469","0.00118","27.48404"
"24.50000","0.83279","1,106.00159","0.00460","0.00121","27.56665"
"24.60000","0.83631","1,109.17432","0.00462","0.00098","27.64573"
"24.70000","0.83974","1,112.73877","0.00442","0.00090","27.73457"
"24.80000","0.84288","1,116.12842","0.00442","0.00087","27.81906"
"24.90000","0.84640","1,119.33643","0.00443","0.00070","27.89902"
"25.00000","0.84968","1,122.68445","0.00446","0.00067","27.98246"
"25.10000","0.85290","1,126.71362","0.00447","0.00070","28.08289"
"25.20000","0.85626","1,130.44470","0.00457","0.00066","28.17589"
"25.30000","0.85955","1,132.76990","0.00455","0.00065","28.23384"
"25.40000","0.86291","1,136.43091","0.00460","0.00065","28.32509"
"25.50000","0.86628","1,139.85876","0.00462","0.00072","28.41053"
"25.60000","0.86956","1,143.87756","0.00463","0.00083","28.51069"
"25.70000","0.87300","1,146.98975","0.00461","0.00083","28.58826"
"25.80000","0.87607","1,150.02698","0.00455","0.00080","28.66397"
"25.90000","0.87950","1,153.07910","0.00465","0.00098","28.74004"
"26.00000","0.88302","1,156.76611","0.00469","0.00102","28.83194"
"26.10000","0.88616","1,160.36646","0.00473","0.00111","28.92167"
"26.20000","0.88967","1,164.22852","0.00470","0.00122","29.01793"
"26.30000","0.89303","1,166.93726","0.00463","0.00126","29.08545"
"26.40000","0.89624","1,169.50061","0.00466","0.00134","29.14934"
"26.50000","0.89961","1,173.06604","0.00483","0.00149","29.23820"
"26.60000","0.90290","1,176.64575","0.00499","0.00164","29.32743"
"26.70000","0.90626","1,179.60400","0.00473","0.00163","29.40116"
"26.80000","0.90955","1,182.89111","0.00508","0.00166","29.48309"
"26.90000","0.91299","1,186.58203","0.00503","0.00180","29.57509"
"27.00000","0.91642","1,189.33435","0.00511","0.00158","29.64369"
"27.10000","0.91956","1,193.10938","0.00511","0.00166","29.73778"
"27.20000","0.92300","1,196.19141","0.00515","0.00148","29.81460"
"27.30000","0.92636","1,199.36182","0.00514","0.00141","29.89362"
"27.40000","0.92943","1,202.02271","0.00516","0.00126","29.95994"
"27.50000","0.93302","1,205.79541","0.00492","0.00132","30.05397"
"27.60000","0.93638","1,208.92200","0.00501","0.00137","30.13190"
"27.70000","0.93959","1,212.61462","0.00491","0.00121","30.22394"
"27.80000","0.94296","1,215.18054","0.00496","0.00109","30.28789"
"27.90000","0.94632","1,218.81995","0.00495","0.00088","30.37860"
"28.00000","0.94953","1,221.64526","0.00502","0.00089","30.44902"
"28.10000","0.95282","1,225.60315","0.00492","0.00073","30.54767"
"28.20000","0.95626","1,228.14734","0.00495","0.00071","30.61109"
"28.30000","0.95962","1,231.08118","0.00499","0.00075","30.68421"
"28.40000","0.96284","1,234.71191","0.00504","0.00077","30.77470"
"28.50000","0.96635","1,237.93542","0.00510","0.00072","30.85505"
"28.60000","0.96964","1,241.28662","0.00515","0.00079","30.93858"
"28.70000","0.97285","1,244.32764","0.00516","0.00100","31.01437"
"28.80000","0.97629","1,246.98865","0.00514","0.00090","31.08070"
"28.90000","0.97965","1,249.60742","0.00521","0.00099","31.14597"
"29.00000","0.98286","1,253.07947","0.00525","0.00103","31.23251"
"29.10000","0.98630","1,256.34680","0.00526","0.00103","31.31395"
"29.20000","0.98974","1,259.45251","0.00526","0.00122","31.39135"
"29.30000","0.99288","1,262.52344","0.00527","0.00128","31.46790"
"29.40000","0.99624","1,265.55762","0.00529","0.00125","31.54352"
"29.50000","0.99961","1,268.48059","0.00525","0.00148","31.61637"
"29.60000","1.00289","1,272.15588","0.00552","0.00155","31.70798"
"29.70000","1.00618","1,274.78320","0.00559","0.00170","31.77347"
"29.80000","1.00970","1,277.73950","0.00560","0.00176","31.84715"
"29.90000","1.01298","1,281.91479","0.00551","0.00168","31.95122"
"30.00000","1.01620","1,283.41772","0.00556","0.00177","31.98868"
"30.10000","1.01964","1,287.56030","0.00562","0.00166","32.09193"
"30.20000","1.02292","1,290.43213","0.00562","0.00162","32.16351"
"30.30000","1.02614","1,293.78162","0.00562","0.00156","32.24699"
"30.40000","1.02958","1,296.98047","0.00562","0.00133","32.32673"
"30.50000","1.03301","1,300.49866","0.00564","0.00130","32.41441"
"30.60000","1.03623","1,302.34302","0.00549","0.00135","32.46038"
"30.70000","1.03959","1,305.90503","0.00546","0.00121","32.54916"
"30.80000","1.04295","1,309.33582","0.00549","0.00124","32.63467"
"30.90000","1.04617","1,311.62134","0.00553","0.00105","32.69164"
"31.00000","1.04953","1,314.76135","0.00550","0.00091","32.76991"
"31.10000","1.05297","1,317.58850","0.00551","0.00084","32.84037"
"31.20000","1.05626","1,321.23267","0.00554","0.00081","32.93120"
"31.30000","1.05962","1,323.96655","0.00552","0.00081","32.99934"
"31.40000","1.06298","1,327.58521","0.00553","0.00075","33.08953"
"31.50000","1.06635","1,329.81702","0.00560","0.00073","33.14516"
"31.60000","1.06948","1,333.25281","0.00566","0.00075","33.23080"
"31.70000","1.07292","1,336.81458","0.00567","0.00081","33.31957"
"31.80000","1.07636","1,339.93835","0.00559","0.00079","33.39743"
"31.90000","1.07957","1,342.76697","0.00555","0.00090","33.46793"
"32.00000","1.08294","1,345.22241","0.00560","0.00098","33.52913"
"32.10000","1.08638","1,348.74670","0.00557","0.00096","33.61698"
"32.20000","1.08951","1,351.75684","0.00565","0.00101","33.69200"
"32.30000","1.09288","1,354.81958","0.00574","0.00115","33.76834"
"32.40000","1.09624","1,356.68579","0.00597","0.00116","33.81485"
"32.50000","1.09953","1,360.66675","0.00588","0.00162","33.91408"
"32.60000","1.10297","1,362.92871","0.00594","0.00157","33.97046"
"32.70000","1.10633","1,366.12695","0.00602","0.00159","34.05017"
"32.80000","1.10969","1,368.71643","0.00600","0.00174","34.11472"
"32.90000","1.11291","1,371.99243","0.00594","0.00174","34.19637"
"33.00000","1.11620","1,375.38306","0.00593","0.00165","34.28088"
"33.10000","1.11963","1,377.83215","0.00600","0.00171","34.34192"
"33.20000","1.12277","1,381.05518","0.00607","0.00168","34.42225"
"33.30000","1.12628","1,383.43542","0.00609","0.00155","34.48158"
"33.40000","1.12980","1,386.43237","0.00605","0.00147","34.55628"
"33.50000","1.13286","1,388.99426","0.00600","0.00137","34.62013"
"33.60000","1.13630","1,391.80823","0.00605","0.00142","34.69027"
"33.70000","1.13966","1,395.46582","0.00607","0.00126","34.78143"
"33.80000","1.14288","1,398.35840","0.00592","0.00135","34.85353"
"33.90000","1.14624","1,400.39026","0.00591","0.00112","34.90417"
"34.00000","1.14960","1,403.94714","0.00588","0.00106","34.99282"
"34.10000","1.15304","1,407.09485","0.00594","0.00105","35.07128"
"34.20000","1.15625","1,409.56018","0.00596","0.00097","35.13273"
"34.30000","1.15962","1,412.86353","0.00599","0.00080","35.21506"
"34.40000","1.16306","1,414.75623","0.00597","0.00091","35.26224"
"34.50000","1.16612","1,417.77917","0.00596","0.00090","35.33758"
"34.60000","1.16956","1,420.84290","0.00596","0.00082","35.41394"
"34.70000","1.17307","1,423.80591","0.00603","0.00085","35.48780"
"34.80000","1.17613","1,425.75012","0.00601","0.00088","35.53625"
"34.90000","1.17965","1,429.27222","0.00613","0.00095","35.62404"
"35.00000","1.18301","1,432.17468","0.00605","0.00087","35.69638"
"35.10000","1.18622","1,434.38330","0.00614","0.00107","35.75143"
"35.20000","1.18959","1,437.50085","0.00624","0.00110","35.82914"
"35.30000","1.19288","1,439.78308","0.00633","0.00111","35.88602"
"35.40000","1.19631","1,443.31860","0.00635","0.00120","35.97414"
"35.50000","1.19953","1,444.89709","0.00633","0.00140","36.01348"
"35.60000","1.20297","1,448.56177","0.00635","0.00144","36.10483"
"35.70000","1.20633","1,451.42688","0.00641","0.00166","36.17624"
"35.80000","1.20947","1,454.35229","0.00637","0.00159","36.24915"
"35.90000","1.21298","1,456.95959","0.00642","0.00168","36.31414"
"36.00000","1.21634","1,459.85583","0.00646","0.00163","36.38633"
"36.10000","1.21948","1,462.74097","0.00641","0.00178","36.45824"
"36.20000","1.22307","1,465.69141","0.00646","0.00172","36.53178"
"36.30000","1.22636","1,468.00378","0.00647","0.00174","36.58941"
"36.40000","1.22957","1,471.39844","0.00643","0.00167","36.67402"
"36.50000","1.23293","1,473.96936","0.00651","0.00141","36.73810"
"36.60000","1.23622","1,476.39001","0.00648","0.00152","36.79844"
"36.70000","1.23959","1,479.39111","0.00651","0.00145","36.87324"
"36.80000","1.24280","1,482.18213","0.00651","0.00139","36.94280"
"36.90000","1.24631","1,484.24573","0.00656","0.00132","36.99424"
"37.00000","1.24968","1,487.77356","0.00651","0.00142","37.08216"
"37.10000","1.25281","1,490.17615","0.00655","0.00137","37.14205"
"37.20000","1.25633","1,492.33398","0.00636","0.00108","37.19583"
"37.30000","1.25969","1,495.69324","0.00650","0.00096","37.27956"
"37.40000","1.26283","1,498.38257","0.00651","0.00097","37.34659"
"37.50000","1.26627","1,501.23657","0.00656","0.00092","37.41772"
"37.60000","1.26970","1,504.35291","0.00656","0.00083","37.49540"
"37.70000","1.27292","1,505.78845","0.00658","0.00090","37.53118"
"37.80000","1.27636","1,509.12000","0.00657","0.00086","37.61422"
"37.90000","1.27965","1,512.05115","0.00659","0.00102","37.68727"
"38.00000","1.28286","1,514.63220","0.00661","0.00101","37.75161"
"38.10000","1.28615","1,517.00098","0.00659","0.00109","37.81065"
"38.20000","1.28958","1,519.67371","0.00678","0.00134","37.87726"
"38.30000","1.29295","1,522.98987","0.00680","0.00127","37.95992"
"38.40000","1.29616","1,525.39355","0.00679","0.00137","38.01983"
"38.50000","1.29967","1,527.57141","0.00677","0.00129","38.07411"
"38.60000","1.30296","1,531.08215","0.00677","0.00151","38.16161"
"38.70000","1.30610","1,532.95886","0.00682","0.00165","38.20839"
"38.80000","1.30961","1,535.50610","0.00687","0.00187","38.27188"
"38.90000","1.31298","1,538.42590","0.00687","0.00188","38.34465"
"39.00000","1.31612","1,541.47021","0.00686","0.00184","38.42053"
"39.10000","1.31963","1,544.16870","0.00687","0.00201","38.48779"
"39.20000","1.32299","1,546.77405","0.00688","0.00200","38.55273"
"39.30000","1.32621","1,549.82776","0.00693","0.00184","38.62884"
"39.40000","1.32957","1,552.15918","0.00691","0.00197","38.68695"
"39.50000","1.33293","1,554.87793","0.00694","0.00176","38.75471"
"39.60000","1.33622","1,556.47510","0.00691","0.00173","38.79453"
"39.70000","1.33951","1,559.94116","0.00697","0.00174","38.88091"
"39.80000","1.34302","1,562.49194","0.00700","0.00170","38.94449"
"39.90000","1.34639","1,564.92700","0.00698","0.00153","39.00518"
"40.00000","1.34960","1,567.51941","0.00705","0.00162","39.06980"
"40.10000","1.35296","1,570.47974","0.00703","0.00148","39.14359"
"40.20000","1.35625","1,571.62207","0.00702","0.00123","39.17206"
"40.30000","1.35946","1,574.51978","0.00705","0.00126","39.24428"
"40.40000","1.36290","1,578.05493","0.00704","0.00104","39.33239"
"40.50000","1.36634","1,580.12598","0.00704","0.00116","39.38401"
"40.60000","1.36955","1,583.09912","0.00709","0.00108","39.45812"
"40.70000","1.37299","1,584.32605","0.00711","0.00095","39.48870"
"40.80000","1.37628","1,587.29590","0.00710","0.00103","39.56272"
"40.90000","1.37957","1,590.71350","0.00711","0.00111","39.64790"
"41.00000","1.38286","1,593.05005","0.00711","0.00116","39.70614"
"41.10000","1.38622","1,595.24609","0.00719","0.00113","39.76088"
"41.20000","1.38958","1,598.14636","0.00722","0.00112","39.83316"
"41.30000","1.39295","1,600.71997","0.00727","0.00122","39.89731"
"41.40000","1.39631","1,602.85645","0.00723","0.00123","39.95056"
"41.50000","1.39967","1,606.17273","0.00727","0.00144","40.03322"
"41.60000","1.40281","1,608.52368","0.00728","0.00151","40.09182"
"41.70000","1.40625","1,611.14172","0.00728","0.00173","40.15707"
"41.80000","1.40969","1,613.97388","0.00734","0.00181","40.22766"
"41.90000","1.41283","1,615.77502","0.00732","0.00182","40.27255"
"42.00000","1.41626","1,618.19397","0.00735","0.00178","40.33284"
"42.10000","1.41978","1,620.90161","0.00736","0.00207","40.40033"
"42.20000","1.42284","1,624.10901","0.00740","0.00216","40.48027"
"42.30000","1.42620","1,625.99817","0.00740","0.00212","40.52736"
"42.40000","1.42964","1,628.15845","0.00742","0.00210","40.58120"
"42.50000","1.43293","1,630.83862","0.00743","0.00208","40.64801"
"42.60000","1.43622","1,633.40271","0.00741","0.00188","40.71191"
"42.70000","1.43966","1,635.87219","0.00749","0.00181","40.77346"
"42.80000","1.44309","1,638.16663","0.00746","0.00178","40.83065"
"42.90000","1.44623","1,640.32275","0.00746","0.00179","40.88439"
"43.00000","1.44952","1,643.09314","0.00750","0.00172","40.95345"
"43.10000","1.45303","1,645.82080","0.00766","0.00157","41.02143"
"43.20000","1.45610","1,648.08240","0.00753","0.00145","41.07780"
"43.30000","1.45954","1,650.53418","0.00754","0.00139","41.13891"
"43.40000","1.46305","1,653.58350","0.00766","0.00126","41.21491"
"43.50000","1.46626","1,655.42603","0.00758","0.00124","41.26084"
"43.60000","1.46963","1,658.05737","0.00759","0.00117","41.32642"
"43.70000","1.47299","1,660.53528","0.00754","0.00117","41.38818"
"43.80000","1.47620","1,663.33545","0.00760","0.00113","41.45798"
"43.90000","1.47957","1,665.52258","0.00772","0.00114","41.51249"
"44.00000","1.48293","1,668.18872","0.00764","0.00129","41.57894"
"44.10000","1.48637","1,670.94434","0.00765","0.00125","41.64762"
"44.20000","1.48958","1,673.11267","0.00765","0.00131","41.70167"
"44.30000","1.49294","1,676.29565","0.00769","0.00132","41.78100"
"44.40000","1.49638","1,677.92957","0.00769","0.00133","41.82173"
"44.50000","1.49945","1,680.38013","0.00769","0.00148","41.88281"
"44.60000","1.50296","1,683.83191","0.00773","0.00178","41.96884"
"44.70000","1.50632","1,685.11389","0.00775","0.00173","42.00079"
"44.80000","1.50954","1,687.30371","0.00777","0.00177","42.05537"
"44.90000","1.51305","1,690.75916","0.00778","0.00194","42.14150"
"45.00000","1.51641","1,693.00806","0.00789","0.00200","42.19756"
"45.10000","1.51955","1,694.56152","0.00783","0.00190","42.23627"
"45.20000","1.52291","1,697.04480","0.00791","0.00201","42.29817"
"45.30000","1.52620","1,700.62952","0.00792","0.00216","42.38752"
"45.40000","1.52957","1,702.30603","0.00797","0.00217","42.42930"
"45.50000","1.53285","1,704.48499","0.00788","0.00217","42.48361"
"45.60000","1.53629","1,707.27563","0.00803","0.00206","42.55317"
"45.70000","1.53973","1,710.09192","0.00810","0.00194","42.62336"
"45.80000","1.54279","1,712.10095","0.00820","0.00197","42.67344"
"45.90000","1.54631","1,714.28943","0.00822","0.00183","42.72799"
"46.00000","1.54967","1,716.40869","0.00825","0.00183","42.78080"
"46.10000","1.55281","1,719.40515","0.00825","0.00179","42.85549"
"46.20000","1.55640","1,721.69922","0.00827","0.00159","42.91267"
"46.30000","1.55968","1,724.01196","0.00827","0.00146","42.97031"
"46.40000","1.56297","1,726.78906","0.00828","0.00145","43.03953"
"46.50000","1.56626","1,727.99841","0.00820","0.00146","43.06968"
"46.60000","1.56962","1,730.74170","0.00831","0.00137","43.13805"
"46.70000","1.57291","1,733.91284","0.00820","0.00135","43.21709"
"46.80000","1.57620","1,735.56177","0.00818","0.00144","43.25819"
"46.90000","1.57964","1,737.64453","0.00822","0.00146","43.31010"
"47.00000","1.58308","1,740.41357","0.00824","0.00146","43.37912"
"47.10000","1.58622","1,742.30933","0.00822","0.00143","43.42637"
"47.20000","1.58965","1,746.18921","0.00821","0.00143","43.52307"
"47.30000","1.59302","1,747.97070","0.00818","0.00144","43.56747"
"47.40000","1.59608","1,749.74805","0.00851","0.00156","43.61177"
"47.50000","1.59967","1,752.10706","0.00858","0.00178","43.67057"
"47.60000","1.60303","1,754.91138","0.00823","0.00182","43.74047"
"47.70000","1.60625","1,756.56689","0.00831","0.00176","43.78173"
"47.80000","1.60968","1,758.88477","0.00853","0.00197","43.83950"
"47.90000","1.61305","1,761.41528","0.00845","0.00185","43.90258"
"48.00000","1.61626","1,763.67981","0.00861","0.00193","43.95902"
"48.10000","1.61955","1,765.95190","0.00859","0.00200","44.01565"
"48.20000","1.62291","1,767.90845","0.00862","0.00210","44.06441"
"48.30000","1.62627","1,770.20764","0.00866","0.00217","44.12172"
"48.40000","1.62949","1,772.79968","0.00868","0.00241","44.18633"
"48.50000","1.63308","1,775.11609","0.00867","0.00238","44.24406"
"48.60000","1.63636","1,776.76416","0.00871","0.00225","44.28514"
"48.70000","1.63950","1,779.10754","0.00871","0.00203","44.34355"
"48.80000","1.64294","1,781.32117","0.00874","0.00201","44.39872"
"48.90000","1.64630","1,783.94446","0.00877","0.00223","44.46411"
"49.00000","1.64952","1,786.27612","0.00872","0.00212","44.52222"
"49.10000","1.65296","1,787.85120","0.00880","0.00178","44.56148"
"49.20000","1.65632","1,789.67358","0.00878","0.00199","44.60690"
"49.30000","1.65961","1,792.75537","0.00877","0.00161","44.68372"
"49.40000","1.66290","1,794.73962","0.00880","0.00163","44.73317"
"49.50000","1.66626","1,796.94653","0.00877","0.00150","44.78818"
"49.60000","1.66955","1,798.95569","0.00889","0.00156","44.83826"
"49.70000","1.67284","1,801.84839","0.00883","0.00148","44.91035"
"49.80000","1.67627","1,804.79602","0.00892","0.00152","44.98383"
"49.90000","1.67964","1,806.65015","0.00908","0.00153","45.03004"
"50.00000","1.68293","1,808.73877","0.00886","0.00159","45.08210"
"50.10000","1.68629","1,811.29150","0.00883","0.00154","45.14572"
"50.20000","1.68958","1,812.55859","0.00899","0.00163","45.17730"
"50.30000","1.69279","1,815.70105","0.00873","0.00161","45.25563"
"50.40000","1.69623","1,817.65796","0.00896","0.00182","45.30440"
"50.50000","1.69967","1,819.70154","0.00904","0.00196","45.35534"
"50.60000","1.70288","1,822.45056","0.00901","0.00203","45.42386"
"50.70000","1.70632","1,824.56409","0.00908","0.00205","45.47654"
"50.80000","1.70976","1,826.25366","0.00902","0.00211","45.51865"
"50.90000","1.71289","1,829.12219","0.00903","0.00207","45.59015"
"51.00000","1.71618","1,830.82800","0.00910","0.00206","45.63266"
"51.10000","1.71962","1,832.76343","0.00911","0.00220","45.68090"
"51.20000","1.72298","1,835.77197","0.00915","0.00243","45.75589"
"51.30000","1.72627","1,837.52576","0.00912","0.00262","45.79960"
"51.40000","1.72964","1,839.53235","0.00920","0.00263","45.84961"
"51.50000","1.73307","1,841.90796","0.00916","0.00235","45.90882"
"51.60000","1.73621","1,843.60181","0.00920","0.00233","45.95104"
"51.70000","1.73950","1,846.33569","0.00926","0.00228","46.01918"
"51.80000","1.74294","1,848.38477","0.00925","0.00228","46.07026"
"51.90000","1.74623","1,850.17419","0.00927","0.00223","46.11486"
"52.00000","1.74959","1,853.00293","0.00928","0.00206","46.18536"
"52.10000","1.75310","1,854.95081","0.00921","0.00195","46.23391"
"52.20000","1.75624","1,857.49084","0.00930","0.00197","46.29722"
"52.30000","1.75953","1,859.06360","0.00926","0.00196","46.33642"
"52.40000","1.76297","1,862.11597","0.00944","0.00178","46.41250"
"52.50000","1.76618","1,863.77136","0.00943","0.00176","46.45376"
"52.60000","1.76955","1,865.79773","0.00958","0.00166","46.50427"
"52.70000","1.77291","1,869.07300","0.00981","0.00178","46.58590"
"52.80000","1.77635","1,871.16321","0.00963","0.00170","46.63800"
"52.90000","1.77956","1,872.24744","0.00967","0.00171","46.66502"
"53.00000","1.78292","1,875.68091","0.00976","0.00170","46.75060"
"53.10000","1.78636","1,878.00085","0.00987","0.00176","46.80843"
"53.20000","1.78943","1,879.51526","0.00987","0.00181","46.84617"
"53.30000","1.79294","1,881.65442","0.00989","0.00181","46.89949"
"53.40000","1.79645","1,884.49121","0.00978","0.00181","46.97020"
"53.50000","1.79951","1,886.19751","0.00956","0.00188","47.01273"
"53.60000","1.80295","1,888.27234","0.00965","0.00213","47.06444"
"53.70000","1.80632","1,890.44629","0.00972","0.00213","47.11862"
"53.80000","1.80960","1,892.78687","0.00966","0.00227","47.17696"
"53.90000","1.81289","1,895.61084","0.00969","0.00230","47.24735"
"54.00000","1.81626","1,896.87366","0.00963","0.00243","47.27882"
"54.10000","1.81969","1,898.42920","0.00964","0.00238","47.31759"
"54.20000","1.82283","1,901.75159","0.00970","0.00250","47.40040"
"54.30000","1.82627","1,903.69360","0.00967","0.00268","47.44881"
"54.40000","1.82971","1,905.89075","0.00970","0.00256","47.50357"
"54.50000","1.83270","1,908.62122","0.00974","0.00255","47.57162"
"54.60000","1.83629","1,909.36255","0.00978","0.00253","47.59010"
"54.70000","1.83965","1,912.08386","0.00980","0.00232","47.65793"
"54.80000","1.84286","1,914.61108","0.00979","0.00246","47.72092"
"54.90000","1.84637","1,916.29602","0.00982","0.00222","47.76292"
"55.00000","1.84966","1,919.12781","0.00979","0.00217","47.83350"
"55.10000","1.85288","1,920.02063","0.00977","0.00209","47.85575"
"55.20000","1.85624","1,922.83972","0.00976","0.00205","47.92602"
"55.30000","1.85953","1,924.98059","0.01017","0.00206","47.97938"
"55.40000","1.86289","1,927.57251","0.01021","0.00189","48.04398"
"55.50000","1.86618","1,928.73181","0.01024","0.00180","48.07288"
"55.60000","1.86969","1,932.22607","0.01029","0.00186","48.15997"
"55.70000","1.87306","1,933.86450","0.01029","0.00184","48.20081"
"55.80000","1.87619","1,935.85583","0.01033","0.00185","48.25044"
"55.90000","1.87963","1,937.49646","0.01031","0.00188","48.29133"
"56.00000","1.88300","1,940.52979","0.01033","0.00186","48.36694"
"56.10000","1.88606","1,941.87744","0.01031","0.00190","48.40052"
"56.20000","1.88972","1,943.97473","0.01037","0.00197","48.45280"
"56.30000","1.89301","1,946.94250","0.01036","0.00197","48.52677"
"56.40000","1.89622","1,949.41833","0.01036","0.00198","48.58848"
"56.50000","1.89966","1,950.18616","0.01035","0.00194","48.60762"
"56.60000","1.90295","1,954.03784","0.01018","0.00198","48.70362"
"56.70000","1.90624","1,955.41528","0.01016","0.00231","48.73795"
"56.80000","1.90945","1,957.33008","0.01019","0.00217","48.78568"
"56.90000","1.91297","1,959.93018","0.01019","0.00243","48.85048"
"57.00000","1.91633","1,961.88281","0.01016","0.00224","48.89915"
"57.10000","1.91947","1,963.03589","0.01020","0.00243","48.92789"
"57.20000","1.92298","1,965.65869","0.01027","0.00270","48.99326"
"57.30000","1.92634","1,968.15918","0.01024","0.00272","49.05559"
"57.40000","1.92948","1,969.70984","0.01027","0.00261","49.09423"
"57.50000","1.93299","1,972.33948","0.01011","0.00280","49.15978"
"57.60000","1.93628","1,974.16675","0.01018","0.00261","49.20532"
"57.70000","1.93957","1,975.28613","0.01018","0.00256","49.23322"
"57.80000","1.94301","1,978.50488","0.01014","0.00233","49.31345"
"57.90000","1.94637","1,981.00342","0.01015","0.00248","49.37572"
"58.00000","1.94959","1,982.61267","0.00984","0.00245","49.41583"
"58.10000","1.95280","1,984.71643","0.01046","0.00215","49.46827"
"58.20000","1.95624","1,986.22791","0.01053","0.00215","49.50594"
"58.30000","1.95960","1,988.77954","0.01066","0.00212","49.56954"
"58.40000","1.96281","1,991.20105","0.01061","0.00213","49.62989"
"58.50000","1.96633","1,992.52832","0.01049","0.00200","49.66298"
"58.60000","1.96969","1,994.96411","0.01039","0.00195","49.72369"
"58.70000","1.97283","1,997.25037","0.01059","0.00196","49.78067"
"58.80000","1.97619","1,998.89807","0.01069","0.00198","49.82174"
"58.90000","1.97956","2,000.71423","0.01059","0.00194","49.86701"
"59.00000","1.98284","2,003.65796","0.01055","0.00196","49.94038"
"59.10000","1.98628","2,004.54736","0.01059","0.00197","49.96255"
"59.20000","1.98972","2,006.77454","0.01070","0.00195","50.01806"
"59.30000","1.99301","2,009.18945","0.01075","0.00197","50.07825"
"59.40000","1.99622","2,010.83997","0.01085","0.00203","50.11939"
"59.50000","1.99966","2,012.74792","0.01072","0.00204","50.16694"
"59.60000","2.00287","2,015.73804","0.01044","0.00208","50.24147"
"59.70000","2.00616","2,017.73193","0.01054","0.00213","50.29117"
"59.80000","2.00968","2,020.20447","0.01053","0.00217","50.35279"
"59.90000","2.01304","2,021.90320","0.01054","0.00232","50.39513"
"60.00000","2.01625","2,023.71985","0.01055","0.00253","50.44041"
"60.10000","2.01969","2,025.77002","0.01031","0.00247","50.49151"
"60.20000","2.02305","2,027.84814","0.01050","0.00241","50.54331"
"60.30000","2.02619","2,029.48767","0.01051","0.00258","50.58418"
"60.40000","2.02955","2,031.73938","0.01039","0.00271","50.64030"
"60.50000","2.03299","2,034.56482","0.01042","0.00258","50.71072"
"60.60000","2.03621","2,035.89160","0.01037","0.00256","50.74379"
"60.70000","2.03957","2,037.50916","0.01030","0.00253","50.78411"
"60.80000","2.04301","2,040.49780","0.01057","0.00262","50.85860"
"60.90000","2.04622","2,041.79077","0.01030","0.00242","50.89082"
"61.00000","2.04951","2,044.81274","0.01030","0.00246","50.96614"
"61.10000","2.05295","2,045.67517","0.01028","0.00249","50.98764"
"61.20000","2.05624","2,048.05273","0.01083","0.00234","51.04690"
"61.30000","2.05960","2,049.23950","0.01087","0.00225","51.07648"
"61.40000","2.06296","2,052.66260","0.01098","0.00230","51.16180"
"61.50000","2.06640","2,053.52148","0.01083","0.00221","51.18321"
"61.60000","2.06954","2,055.79077","0.01081","0.00222","51.23977"
"61.70000","2.07283","2,057.87598","0.01087","0.00208","51.29174"
"61.80000","2.07634","2,059.83130","0.01089","0.00207","51.34048"
"61.90000","2.07948","2,061.81030","0.01087","0.00205","51.38980"
"62.00000","2.08299","2,064.44580","0.01093","0.00216","51.45549"
"62.10000","2.08643","2,066.65967","0.01093","0.00202","51.51067"
"62.20000","2.08957","2,068.84668","0.01094","0.00208","51.56518"
"62.30000","2.09301","2,071.11548","0.01079","0.00210","51.62173"
"62.40000","2.09630","2,072.25244","0.01072","0.00218","51.65007"
"62.50000","2.09958","2,074.76367","0.01073","0.00219","51.71266"
"62.60000","2.10287","2,076.73730","0.01076","0.00214","51.76185"
"62.70000","2.10631","2,078.17480","0.01070","0.00219","51.79768"
"62.80000","2.10975","2,079.92749","0.01071","0.00231","51.84137"
"62.90000","2.11289","2,082.83594","0.01074","0.00235","51.91386"
"63.00000","2.11618","2,084.76929","0.01074","0.00245","51.96205"
"63.10000","2.11961","2,086.95483","0.01074","0.00243","52.01652"
"63.20000","2.12275","2,088.09424","0.01074","0.00255","52.04492"
"63.30000","2.12626","2,091.50195","0.01073","0.00277","52.12986"
"63.40000","2.12970","2,093.23169","0.01074","0.00271","52.17297"
"63.50000","2.13284","2,094.78857","0.01076","0.00287","52.21177"
"63.60000","2.13628","2,096.74438","0.01076","0.00282","52.26052"
"63.70000","2.13964","2,099.07617","0.01077","0.00281","52.31864"
"63.80000","2.14293","2,100.42383","0.01079","0.00273","52.35223"
"63.90000","2.14622","2,102.42041","0.01077","0.00248","52.40199"
"64.00000","2.14958","2,104.52148","0.01128","0.00254","52.45436"
"64.10000","2.15302","2,107.17920","0.01131","0.00246","52.52061"
"64.20000","2.15623","2,108.37451","0.01125","0.00248","52.55040"
"64.30000","2.15967","2,110.02686","0.01128","0.00252","52.59158"
"64.40000","2.16311","2,112.86182","0.01130","0.00243","52.66224"
"64.50000","2.16610","2,115.19385","0.01123","0.00240","52.72037"
"64.60000","2.16961","2,117.02441","0.01130","0.00225","52.76600"
"64.70000","2.17305","2,119.33325","0.01128","0.00230","52.82354"
"64.80000","2.17611","2,120.72363","0.01132","0.00213","52.85820"
"64.90000","2.17970","2,122.28223","0.01133","0.00221","52.89704"
"65.00000","2.18299","2,124.00757","0.01133","0.00216","52.94004"
"65.10000","2.18628","2,126.32495","0.01136","0.00221","52.99781"
"65.20000","2.18957","2,128.60840","0.01137","0.00224","53.05472"
"65.30000","2.19286","2,129.84741","0.01139","0.00222","53.08560"
"65.40000","2.19629","2,131.59595","0.01137","0.00222","53.12918"
"65.50000","2.19951","2,134.30493","0.01130","0.00224","53.19670"
"65.60000","2.20294","2,136.10254","0.01120","0.00223","53.24151"
"65.70000","2.20638","2,138.39575","0.01118","0.00235","53.29866"
"65.80000","2.20952","2,140.04419","0.01117","0.00235","53.33975"
"65.90000","2.21296","2,142.07031","0.01121","0.00235","53.39025"
"66.00000","2.21632","2,144.17700","0.01122","0.00249","53.44276"
"66.10000","2.21946","2,146.56909","0.01117","0.00248","53.50238"
"66.20000","2.22297","2,148.09375","0.01123","0.00259","53.54038"
"66.30000","2.22634","2,149.88452","0.01118","0.00278","53.58502"
"66.40000","2.22963","2,151.93091","0.01124","0.00292","53.63602"
"66.50000","2.23299","2,153.72021","0.01124","0.00289","53.68062"
"66.60000","2.23628","2,156.06592","0.01120","0.00298","53.73909"
"66.70000","2.23964","2,158.02222","0.01121","0.00288","53.78785"
"66.80000","2.24278","2,159.82788","0.01140","0.00271","53.83285"
"66.90000","2.24622","2,162.81177","0.01169","0.00262","53.90723"
"67.00000","2.24966","2,163.56738","0.01162","0.00267","53.92606"
"67.10000","2.25287","2,166.19458","0.01161","0.00260","53.99154"
"67.20000","2.25638","2,168.52490","0.01163","0.00261","54.04962"
"67.30000","2.25967","2,169.75488","0.01166","0.00256","54.08028"
"67.40000","2.26281","2,172.15356","0.01166","0.00251","54.14006"
"67.50000","2.26625","2,173.38599","0.01171","0.00250","54.17078"
"67.60000","2.26954","2,176.50342","0.01171","0.00249","54.24849"
"67.70000","2.27282","2,177.81934","0.01172","0.00239","54.28128"
"67.80000","2.27626","2,179.43652","0.01171","0.00229","54.32159"
"67.90000","2.27962","2,181.44824","0.01174","0.00233","54.37173"
"68.00000","2.28299","2,183.44751","0.01180","0.00237","54.42156"
"68.10000","2.28613","2,185.76929","0.01178","0.00227","54.47943"
"68.20000","2.28956","2,188.12500","0.01184","0.00237","54.53815"
"68.30000","2.29300","2,190.39087","0.01181","0.00233","54.59462"
"68.40000","2.29614","2,191.78882","0.01183","0.00235","54.62947"
"68.50000","2.29973","2,193.09863","0.01183","0.00242","54.66211"
"68.60000","2.30302","2,195.63794","0.01185","0.00240","54.72540"
"68.70000","2.30616","2,196.74658","0.01165","0.00245","54.75304"
"68.80000","2.30959","2,199.00537","0.01166","0.00250","54.80934"
"68.90000","2.31296","2,201.24365","0.01168","0.00256","54.86512"
"69.00000","2.31625","2,203.07715","0.01172","0.00251","54.91082"
"69.10000","2.31953","2,205.13379","0.01173","0.00259","54.96209"
"69.20000","2.32297","2,206.38867","0.01171","0.00268","54.99336"
"69.30000","2.32626","2,208.60425","0.01176","0.00291","55.04858"
"69.40000","2.32955","2,210.20898","0.01180","0.00288","55.08858"
"69.50000","2.33299","2,212.41113","0.01174","0.00300","55.14347"
"69.60000","2.33620","2,214.20825","0.01212","0.00306","55.18826"
"69.70000","2.33949","2,216.09399","0.01213","0.00304","55.23526"
"69.80000","2.34293","2,218.21436","0.01220","0.00306","55.28811"
"69.90000","2.34636","2,220.06079","0.01217","0.00291","55.33413"
"70.00000","2.34958","2,222.03467","0.01216","0.00278","55.38333"
"70.10000","2.35302","2,223.91919","0.01213","0.00282","55.43030"
"70.20000","2.35638","2,226.44360","0.01214","0.00274","55.49322"
"70.30000","2.35952","2,228.06396","0.01217","0.00270","55.53361"
"70.40000","2.36288","2,228.84570","0.01219","0.00269","55.55309"
"70.50000","2.36632","2,232.06104","0.01219","0.00263","55.63324"
"70.60000","2.36953","2,233.47534","0.01219","0.00263","55.66849"
"70.70000","2.37290","2,235.07666","0.01221","0.00251","55.70840"
"70.80000","2.37641","2,237.29346","0.01221","0.00249","55.76365"
"70.90000","2.37955","2,238.53491","0.01219","0.00249","55.79459"
"71.00000","2.38284","2,241.51196","0.01225","0.00241","55.86880"
"71.10000","2.38627","2,242.48608","0.01228","0.00246","55.89307"
"71.20000","2.38964","2,244.57373","0.01225","0.00250","55.94511"
"71.30000","2.39285","2,246.40918","0.01230","0.00245","55.99086"
"71.40000","2.39629","2,249.01904","0.01232","0.00242","56.05591"
"71.50000","2.39973","2,250.21606","0.01231","0.00248","56.08574"
"71.60000","2.40287","2,251.32739","0.01227","0.00250","56.11344"
"71.70000","2.40623","2,253.68604","0.01227","0.00251","56.17223"
"71.80000","2.40967","2,255.57764","0.01211","0.00256","56.21938"
"71.90000","2.41281","2,257.53345","0.01213","0.00256","56.26812"
"72.00000","2.41624","2,259.31323","0.01222","0.00267","56.31248"
"72.10000","2.41968","2,261.24072","0.01219","0.00277","56.36053"
"72.20000","2.42290","2,263.14600","0.01239","0.00280","56.40802"
"72.30000","2.42633","2,265.71191","0.01236","0.00301","56.47197"
"72.40000","2.42962","2,266.92090","0.01251","0.00319","56.50210"
"72.50000","2.43291","2,269.58813","0.01260","0.00318","56.56858"
"72.60000","2.43620","2,270.37231","0.01262","0.00325","56.58813"
"72.70000","2.43964","2,272.40649","0.01262","0.00324","56.63883"
"72.80000","2.44307","2,274.42969","0.01259","0.00314","56.68926"
"72.90000","2.44621","2,276.25024","0.01262","0.00312","56.73463"
"73.00000","2.44965","2,278.75610","0.01265","0.00290","56.79709"
"73.10000","2.45309","2,279.78296","0.01261","0.00305","56.82269"
"73.20000","2.45615","2,281.91846","0.01261","0.00296","56.87591"
"73.30000","2.45959","2,283.92700","0.01263","0.00290","56.92598"
"73.40000","2.46303","2,285.89941","0.01261","0.00288","56.97514"
"73.50000","2.46617","2,287.00317","0.01262","0.00278","57.00265"
"73.60000","2.46968","2,289.38599","0.01268","0.00278","57.06204"
"73.70000","2.47297","2,291.41333","0.01270","0.00273","57.11257"
"73.80000","2.47626","2,293.31909","0.01269","0.00269","57.16007"
"73.90000","2.47947","2,294.92969","0.01268","0.00263","57.20021"
"74.00000","2.48283","2,297.69507","0.01272","0.00258","57.26914"
"74.10000","2.48627","2,298.85059","0.01273","0.00258","57.29794"
"74.20000","2.48949","2,301.23535","0.01274","0.00251","57.35738"
"74.30000","2.49300","2,302.58765","0.01280","0.00254","57.39108"
"74.40000","2.49644","2,304.60498","0.01281","0.00251","57.44136"
"74.50000","2.49943","2,305.98999","0.01283","0.00252","57.47588"
"74.60000","2.50294","2,308.73096","0.01286","0.00259","57.54420"
"74.70000","2.50630","2,309.91675","0.01287","0.00265","57.57376"
"74.80000","2.50952","2,311.07959","0.01289","0.00267","57.60274"
"74.90000","2.51303","2,313.64893","0.01285","0.00267","57.66678"
"75.00000","2.51632","2,316.11841","0.01293","0.00279","57.72833"
"75.10000","2.51960","2,317.88062","0.01294","0.00280","57.77225"
"75.20000","2.52297","2,319.59204","0.01292","0.00291","57.81491"
"75.30000","2.52626","2,321.16968","0.01306","0.00291","57.85423"
"75.40000","2.52962","2,322.84937","0.01305","0.00296","57.89610"
"75.50000","2.53283","2,325.15015","0.01306","0.00298","57.95345"
"75.60000","2.53627","2,327.13037","0.01311","0.00314","58.00280"
"75.70000","2.53971","2,328.97607","0.01311","0.00335","58.04881"
"75.80000","2.54285","2,331.06812","0.01309","0.00337","58.10095"
"75.90000","2.54636","2,333.00317","0.01309","0.00321","58.14918"
"76.00000","2.54965","2,333.75122","0.01309","0.00325","58.16782"
"76.10000","2.55279","2,336.00146","0.01312","0.00319","58.22391"
"76.20000","2.55630","2,338.05615","0.01310","0.00305","58.27512"
"76.30000","2.55959","2,339.79883","0.01313","0.00297","58.31856"
"76.40000","2.56295","2,341.80762","0.01315","0.00308","58.36863"
"76.50000","2.56624","2,343.00757","0.01313","0.00297","58.39853"
"76.60000","2.56960","2,346.17163","0.01319","0.00294","58.47740"
"76.70000","2.57297","2,347.61182","0.01320","0.00290","58.51329"
"76.80000","2.57611","2,349.56226","0.01319","0.00286","58.56190"
"76.90000","2.57954","2,351.18750","0.01317","0.00277","58.60242"
"77.00000","2.58298","2,353.18311","0.01324","0.00266","58.65215"
"77.10000","2.58620","2,355.00220","0.01324","0.00275","58.69749"
"77.20000","2.58971","2,356.98218","0.01330","0.00270","58.74685"
"77.30000","2.59307","2,359.01709","0.01332","0.00266","58.79757"
"77.40000","2.59614","2,360.61133","0.01330","0.00272","58.83730"
"77.50000","2.59957","2,361.74097","0.01336","0.00269","58.86546"
"77.60000","2.60286","2,363.91846","0.01334","0.00275","58.91973"
"77.70000","2.60623","2,366.61475","0.01337","0.00278","58.98693"
"77.80000","2.60959","2,368.00708","0.01338","0.00279","59.02164"
"77.90000","2.61295","2,369.13477","0.01341","0.00273","59.04974"
"78.00000","2.61631","2,371.57617","0.01339","0.00287","59.11060"
"78.10000","2.61953","2,373.12817","0.01348","0.00291","59.14928"
"78.20000","2.62289","2,375.90845","0.01353","0.00303","59.21857"
"78.30000","2.62625","2,377.34131","0.01354","0.00297","59.25429"
"78.40000","2.62939","2,379.53906","0.01358","0.00303","59.30907"
"78.50000","2.63298","2,381.55713","0.01357","0.00318","59.35937"
"78.60000","2.63634","2,382.73584","0.01360","0.00317","59.38874"
"78.70000","2.63956","2,384.22021","0.01355","0.00307","59.42574"
"78.80000","2.64300","2,385.89966","0.01360","0.00330","59.46760"
"78.90000","2.64628","2,388.41992","0.01357","0.00340","59.53042"
"79.00000","2.64950","2,390.14136","0.01358","0.00348","59.57333"
"79.10000","2.65286","2,391.88159","0.01363","0.00326","59.61670"
"79.20000","2.65630","2,393.41113","0.01362","0.00321","59.65482"
"79.30000","2.65966","2,395.61914","0.01365","0.00317","59.70986"
"79.40000","2.66288","2,397.14551","0.01365","0.00307","59.74790"
"79.50000","2.66639","2,398.99341","0.01363","0.00307","59.79396"
"79.60000","2.66953","2,401.40039","0.01371","0.00302","59.85395"
"79.70000","2.67282","2,402.73975","0.01368","0.00303","59.88733"
"79.80000","2.67633","2,405.09985","0.01367","0.00296","59.94616"
"79.90000","2.67969","2,406.65869","0.01371","0.00298","59.98501"
"80.00000","2.68290","2,407.75830","0.01373","0.00290","60.01242"
"80.10000","2.68634","2,409.75854","0.01378","0.00282","60.06227"
"80.20000","2.68971","2,411.57422","0.01379","0.00283","60.10753"
"80.30000","2.69284","2,413.33960","0.01379","0.00277","60.15153"
"80.40000","2.69621","2,415.42432","0.01380","0.00279","60.20349"
"80.50000","2.69965","2,417.73560","0.01382","0.00288","60.26110"
"80.60000","2.70286","2,419.23511","0.01385","0.00285","60.29847"
"80.70000","2.70630","2,421.23950","0.01387","0.00289","60.34843"
"80.80000","2.70974","2,423.35376","0.01387","0.00287","60.40113"
"80.90000","2.71295","2,424.67725","0.01391","0.00293","60.43412"
"81.00000","2.71616","2,426.05981","0.01391","0.00297","60.46858"
"81.10000","2.71960","2,428.18213","0.01404","0.00305","60.52148"
"81.20000","2.72289","2,430.24609","0.01402","0.00314","60.57292"
"81.30000","2.72618","2,431.45435","0.01405","0.00324","60.60303"
"81.40000","2.72962","2,433.25391","0.01405","0.00317","60.64789"
"81.50000","2.73313","2,436.23413","0.01407","0.00328","60.72217"
"81.60000","2.73619","2,437.34058","0.01407","0.00326","60.74975"
"81.70000","2.73956","2,438.89893","0.01405","0.00324","60.78859"
"81.80000","2.74299","2,440.54443","0.01404","0.00330","60.82960"
"81.90000","2.74613","2,442.35425","0.01410","0.00354","60.87471"
"82.00000","2.74957","2,444.59814","0.01409","0.00352","60.93064"
"82.10000","2.75308","2,446.36377","0.01414","0.00355","60.97465"
"82.20000","2.75622","2,447.46802","0.01413","0.00344","61.00217"
"82.30000","2.75966","2,450.15259","0.01418","0.00332","61.06908"
"82.40000","2.76295","2,451.70337","0.01422","0.00332","61.10773"
"82.50000","2.76624","2,453.16870","0.01423","0.00324","61.14426"
"82.60000","2.76953","2,454.61523","0.01421","0.00325","61.18031"
"82.70000","2.77289","2,457.05688","0.01424","0.00326","61.24117"
"82.80000","2.77640","2,458.73511","0.01428","0.00326","61.28300"
"82.90000","2.77954","2,459.69067","0.01426","0.00319","61.30681"
"83.00000","2.78298","2,462.92285","0.01429","0.00315","61.38737"
"83.10000","2.78642","2,464.95605","0.01431","0.00309","61.43805"
"83.20000","2.78941","2,465.11597","0.01434","0.00295","61.44204"
"83.30000","2.79292","2,467.93750","0.01432","0.00297","61.51236"
"83.40000","2.79636","2,469.64380","0.01436","0.00289","61.55489"
"83.50000","2.79957","2,471.71240","0.01435","0.00300","61.60645"
"83.60000","2.80301","2,472.99683","0.01437","0.00299","61.63847"
"83.70000","2.80630","2,475.08545","0.01436","0.00301","61.69052"
"83.80000","2.80966","2,476.39648","0.01438","0.00306","61.72320"
"83.90000","2.81287","2,479.23877","0.01440","0.00305","61.79404"
"84.00000","2.81616","2,480.33130","0.01444","0.00311","61.82127"
"84.10000","2.81960","2,482.00659","0.01452","0.00314","61.86303"
"84.20000","2.82281","2,483.82886","0.01451","0.00310","61.90845"
"84.30000","2.82633","2,485.69189","0.01452","0.00337","61.95488"
"84.40000","2.82976","2,486.77197","0.01453","0.00329","61.98180"
"84.50000","2.83290","2,489.19067","0.01455","0.00334","62.04209"
"84.60000","2.83627","2,491.23804","0.01460","0.00335","62.09312"
"84.70000","2.83955","2,492.64771","0.01460","0.00337","62.12825"
"84.80000","2.84277","2,494.77661","0.01484","0.00338","62.18132"
"84.90000","2.84628","2,495.80688","0.01463","0.00339","62.20700"
"85.00000","2.84964","2,498.34082","0.01463","0.00335","62.27015"
"85.10000","2.85293","2,500.29517","0.01469","0.00367","62.31886"
"85.20000","2.85629","2,502.30981","0.01467","0.00352","62.36908"
"85.30000","2.85958","2,503.49243","0.01467","0.00347","62.39856"
"85.40000","2.86295","2,506.12915","0.01469","0.00343","62.46428"
"85.50000","2.86616","2,507.55151","0.01470","0.00343","62.49973"
"85.60000","2.86967","2,509.08984","0.01475","0.00342","62.53807"
"85.70000","2.87311","2,511.27417","0.01480","0.00339","62.59251"
"85.80000","2.87617","2,513.12769","0.01477","0.00334","62.63871"
"85.90000","2.87969","2,514.22461","0.01482","0.00335","62.66605"
"86.00000","2.88305","2,516.44336","0.01483","0.00322","62.72135"
"86.10000","2.88619","2,519.01050","0.01479","0.00328","62.78534"
"86.20000","2.88963","2,519.94629","0.01479","0.00308","62.80866"
"86.30000","2.89299","2,521.03613","0.01485","0.00309","62.83582"
"86.40000","2.89628","2,523.67993","0.01483","0.00314","62.90172"
"86.50000","2.89964","2,525.04224","0.01484","0.00317","62.93568"
"86.60000","2.90300","2,527.06958","0.01485","0.00320","62.98621"
"86.70000","2.90637","2,529.34424","0.01486","0.00316","63.04290"
"86.80000","2.90943","2,530.34912","0.01489","0.00324","63.06795"
"86.90000","2.91295","2,532.54614","0.01495","0.00321","63.12271"
"87.00000","2.91631","2,534.60400","0.01498","0.00327","63.17400"
"87.10000","2.91952","2,535.24927","0.01500","0.00328","63.19008"
"87.20000","2.92303","2,537.63867","0.01503","0.00333","63.24964"
"87.30000","2.92640","2,539.12378","0.01501","0.00337","63.28665"
"87.40000","2.92954","2,540.96533","0.01501","0.00348","63.33255"
"87.50000","2.93290","2,543.08594","0.01514","0.00352","63.38541"
"87.60000","2.93626","2,544.49683","0.01509","0.00350","63.42057"
"87.70000","2.93948","2,546.60596","0.01509","0.00352","63.47314"
"87.80000","2.94291","2,549.06494","0.01525","0.00351","63.53443"
"87.90000","2.94635","2,549.23999","0.01524","0.00361","63.53880"
"88.00000","2.94964","2,551.77075","0.01513","0.00359","63.60187"
"88.10000","2.95285","2,553.35962","0.01522","0.00369","63.64148"
"88.20000","2.95629","2,555.09375","0.01520","0.00380","63.68470"
"88.30000","2.95958","2,556.90210","0.01526","0.00378","63.72977"
"88.40000","2.96279","2,559.00220","0.01522","0.00366","63.78212"
"88.50000","2.96631","2,561.26709","0.01532","0.00355","63.83857"
"88.60000","2.96967","2,562.44604","0.01531","0.00357","63.86795"
"88.70000","2.97288","2,563.99658","0.01525","0.00353","63.90660"
"88.80000","2.97632","2,566.33667","0.01536","0.00352","63.96492"
"88.90000","2.97969","2,568.23291","0.01534","0.00348","64.01218"
"89.00000","2.98282","2,569.03076","0.01540","0.00337","64.03207"
"89.10000","2.98619","2,571.69800","0.01549","0.00343","64.09855"
"89.20000","2.98962","2,572.75366","0.01543","0.00322","64.12486"
"89.30000","2.99291","2,576.05811","0.01533","0.00330","64.20722"
"89.40000","2.99620","2,576.50830","0.01536","0.00324","64.21844"
"89.50000","2.99971","2,578.77002","0.01531","0.00327","64.27482"
"89.60000","3.00293","2,580.07812","0.01535","0.00330","64.30743"
"89.70000","3.00614","2,582.78320","0.01547","0.00331","64.37485"
"89.80000","3.00965","2,584.01440","0.01546","0.00336","64.40553"
"89.90000","3.01302","2,585.41724","0.01548","0.00331","64.44050"
"90.00000","3.01623","2,587.02515","0.01546","0.00331","64.48058"
"90.10000","3.01967","2,588.56665","0.01548","0.00341","64.51900"
"90.20000","3.02311","2,590.45435","0.01545","0.00341","64.56605"
"90.30000","3.02617","2,591.57739","0.01561","0.00344","64.59404"
"90.40000","3.02953","2,594.53589","0.01555","0.00349","64.66778"
"90.50000","3.03297","2,596.18433","0.01581","0.00360","64.70886"
"90.60000","3.03619","2,597.56104","0.01584","0.00364","64.74318"
"90.70000","3.03962","2,599.74561","0.01582","0.00358","64.79763"
"90.80000","3.04306","2,601.80786","0.01588","0.00370","64.84903"
"90.90000","3.04620","2,602.09570","0.01579","0.00365","64.85620"
"91.00000","3.04956","2,604.73853","0.01573","0.00373","64.92207"
"91.10000","3.05293","2,606.43237","0.01564","0.00371","64.96429"
"91.20000","3.05622","2,608.57910","0.01576","0.00378","65.01780"
"91.30000","3.05943","2,609.75146","0.01574","0.00404","65.04702"
"91.40000","3.06294","2,611.57202","0.01581","0.00383","65.09240"
"91.50000","3.06638","2,613.83594","0.01581","0.00373","65.14883"
"91.60000","3.06952","2,614.86328","0.01586","0.00373","65.17443"
"91.70000","3.07296","2,616.70605","0.01585","0.00363","65.22036"
"91.80000","3.07632","2,618.65308","0.01589","0.00365","65.26889"
"91.90000","3.07946","2,620.35889","0.01591","0.00365","65.31140"
"92.00000","3.08297","2,622.03955","0.01588","0.00363","65.35329"
"92.10000","3.08633","2,623.58032","0.01595","0.00354","65.39170"
"92.20000","3.08955","2,625.69385","0.01596","0.00349","65.44437"
"92.30000","3.09299","2,627.90381","0.01593","0.00351","65.49946"
"92.40000","3.09627","2,629.23901","0.01597","0.00339","65.53274"
"92.50000","3.09964","2,631.22119","0.01600","0.00344","65.58215"
"92.60000","3.10285","2,632.33569","0.01591","0.00346","65.60992"
"92.70000","3.10621","2,634.31323","0.01602","0.00346","65.65921"
"92.80000","3.10965","2,635.84546","0.01607","0.00349","65.69740"
"92.90000","3.11287","2,638.01562","0.01604","0.00349","65.75150"
"93.00000","3.11630","2,639.21875","0.01597","0.00352","65.78148"
"93.10000","3.11974","2,641.24219","0.01598","0.00354","65.83192"
"93.20000","3.12288","2,643.00415","0.01597","0.00359","65.87583"
"93.30000","3.12624","2,644.27930","0.01619","0.00360","65.90762"
"93.40000","3.12961","2,646.59766","0.01624","0.00362","65.96539"
"93.50000","3.13282","2,648.06592","0.01628","0.00377","66.00199"
"93.60000","3.13633","2,649.65869","0.01632","0.00373","66.04169"
"93.70000","3.13962","2,651.23633","0.01623","0.00370","66.08102"
"93.80000","3.14299","2,654.81299","0.01624","0.00382","66.17016"
"93.90000","3.14620","2,654.90356","0.01615","0.00388","66.17242"
"94.00000","3.14949","2,656.77515","0.01614","0.00386","66.21906"
"94.10000","3.15293","2,659.15015","0.01616","0.00390","66.27826"
"94.20000","3.15614","2,660.63037","0.01624","0.00388","66.31516"
"94.30000","3.15965","2,661.76245","0.01631","0.00400","66.34338"
"94.40000","3.16309","2,664.05249","0.01631","0.00392","66.40045"
"94.50000","3.16615","2,665.42090","0.01622","0.00396","66.43456"
"94.60000","3.16967","2,667.78735","0.01629","0.00388","66.49354"
"94.70000","3.17295","2,669.66431","0.01635","0.00392","66.54032"
"94.80000","3.17617","2,670.53003","0.01632","0.00383","66.56190"
"94.90000","3.17961","2,672.64282","0.01630","0.00386","66.61456"
"95.00000","3.18297","2,674.39233","0.01643","0.00383","66.65816"
"95.10000","3.18633","2,676.35083","0.01635","0.00374","66.70699"
"95.20000","3.18962","2,676.60938","0.01641","0.00378","66.71342"
"95.30000","3.19291","2,678.47705","0.01639","0.00376","66.75998"
"95.40000","3.19635","2,681.00269","0.01635","0.00360","66.82293"
"95.50000","3.19941","2,683.01440","0.01632","0.00359","66.87307"
"95.60000","3.20292","2,684.93042","0.01651","0.00362","66.92082"
"95.70000","3.20636","2,686.72437","0.01651","0.00364","66.96554"
"95.80000","3.20950","2,688.35059","0.01650","0.00362","67.00607"
"95.90000","3.21309","2,689.65356","0.01656","0.00368","67.03854"
"96.00000","3.21638","2,691.51318","0.01660","0.00360","67.08490"
"96.10000","3.21944","2,693.27832","0.01670","0.00365","67.12889"
"96.20000","3.22295","2,695.04199","0.01682","0.00372","67.17285"
"96.30000","3.22624","2,696.66895","0.01681","0.00375","67.21340"
"96.40000","3.22961","2,698.22095","0.01677","0.00369","67.25208"
"96.50000","3.23289","2,700.38306","0.01687","0.00377","67.30598"
"96.60000","3.23633","2,702.28540","0.01683","0.00380","67.35339"
"96.70000","3.23970","2,702.98730","0.01685","0.00391","67.37089"
"96.80000","3.24283","2,705.83057","0.01695","0.00394","67.44175"
"96.90000","3.24627","2,706.72461","0.01679","0.00398","67.46404"
"97.00000","3.24963","2,709.33252","0.01689","0.00401","67.52904"
"97.10000","3.25277","2,709.98364","0.01681","0.00398","67.54527"
"97.20000","3.25636","2,712.67529","0.01673","0.00398","67.61236"
"97.30000","3.25972","2,713.45459","0.01679","0.00398","67.63177"
"97.40000","3.26286","2,715.48657","0.01693","0.00408","67.68243"
"97.50000","3.26623","2,717.17114","0.01672","0.00397","67.72441"
"97.60000","3.26952","2,718.57983","0.01679","0.00411","67.75952"
"97.70000","3.27288","2,721.68823","0.01691","0.00410","67.83700"
"97.80000","3.27617","2,721.77881","0.01685","0.00403","67.83926"
"97.90000","3.27968","2,724.39502","0.01698","0.00401","67.90446"
"98.00000","3.28297","2,725.74023","0.01679","0.00399","67.93800"
"98.10000","3.28611","2,727.50635","0.01686","0.00397","67.98201"
"98.20000","3.28962","2,728.68677","0.01697","0.00399","68.01144"
"98.30000","3.29291","2,731.75537","0.01689","0.00390","68.08792"
"98.40000","3.29612","2,732.69482","0.01696","0.00387","68.11134"
"98.50000","3.29971","2,734.31104","0.01700","0.00384","68.15162"
"98.60000","3.30300","2,736.28857","0.01703","0.00369","68.20090"
"98.70000","3.30621","2,737.52686","0.01711","0.00365","68.23177"
"98.80000","3.30972","2,739.19629","0.01711","0.00374","68.27338"
"98.90000","3.31301","2,741.81836","0.01722","0.00379","68.33874"
"99.00000","3.31623","2,742.97144","0.01728","0.00375","68.36748"
"99.10000","3.31959","2,744.95508","0.01733","0.00385","68.41692"
"99.20000","3.32295","2,746.51953","0.01731","0.00379","68.45591"
"99.30000","3.32624","2,748.60498","0.01733","0.00387","68.50789"
"99.40000","3.32953","2,749.60571","0.01733","0.00381","68.53283"
"99.50000","3.33304","2,751.52588","0.01730","0.00388","68.58069"
"99.60000","3.33625","2,753.48999","0.01729","0.00391","68.62965"
"99.70000","3.33947","2,754.58911","0.01750","0.00398","68.65704"
"99.80000","3.34291","2,756.51587","0.01747","0.00401","68.70506"
"99.90000","3.34627","2,758.20947","0.01750","0.00413","68.74728"
"100.00000","3.34948","2,759.88330","0.01755","0.00411","68.78899"
"100.10000","3.35300","2,761.25635","0.01728","0.00410","68.82322"
"100.20000","3.35636","2,764.31274","0.01729","0.00411","68.89940"
"100.30000","3.35957","2,765.11694","0.01735","0.00418","68.91944"
"100.40000","3.36294","2,766.66724","0.01737","0.00419","68.95808"
"100.50000","3.36630","2,769.32788","0.01730","0.00428","69.02440"
"100.60000","3.36951","2,770.37915","0.01740","0.00424","69.05060"
"100.70000","3.37288","2,772.16089","0.01729","0.00428","69.09501"
"100.80000","3.37639","2,773.89258","0.01727","0.00418","69.13817"
"100.90000","3.37960","2,774.78003","0.01728","0.00419","69.16029"
"101.00000","3.38297","2,777.87402","0.01749","0.00416","69.23740"
"101.10000","3.38625","2,778.85840","0.01736","0.00413","69.26194"
"101.20000","3.38962","2,780.40601","0.01725","0.00402","69.30051"
"101.30000","3.39283","2,782.40698","0.01746","0.00401","69.35039"
"101.40000","3.39627","2,784.89062","0.01740","0.00407","69.41229"
"101.50000","3.39971","2,785.93481","0.01745","0.00401","69.43832"
"101.60000","3.40285","2,787.74243","0.01752","0.00386","69.48338"
"101.70000","3.40628","2,789.68970","0.01765","0.00382","69.53191"
"101.80000","3.40972","2,791.09595","0.01759","0.00384","69.56696"
"101.90000","3.41286","2,792.07031","0.01771","0.00387","69.59125"
"102.00000","3.41622","2,794.58545","0.01763","0.00379","69.65393"
"102.10000","3.41966","2,796.57959","0.01779","0.00390","69.70364"
"102.20000","3.42287","2,798.70386","0.01774","0.00392","69.75658"
"102.30000","3.42631","2,799.67651","0.01785","0.00391","69.78082"
"102.40000","3.42960","2,800.44238","0.01795","0.00385","69.79991"
"102.50000","3.43296","2,802.45947","0.01795","0.00394","69.85019"
"102.60000","3.43618","2,805.23999","0.01791","0.00399","69.91949"
"102.70000","3.43954","2,806.19385","0.01802","0.00408","69.94327"
"102.80000","3.44305","2,807.49902","0.01794","0.00401","69.97580"
"102.90000","3.44612","2,809.40332","0.01790","0.00414","70.02326"
"103.00000","3.44963","2,811.16187","0.01789","0.00414","70.06709"
"103.10000","3.45314","2,812.93823","0.01780","0.00415","70.11137"
"103.20000","3.45613","2,814.61597","0.01782","0.00421","70.15318"
"103.30000","3.45957","2,815.76172","0.01786","0.00422","70.18174"
"103.40000","3.46293","2,817.69043","0.01784","0.00431","70.22981"
"103.50000","3.46622","2,819.52393","0.01777","0.00431","70.27551"
"103.60000","3.46966","2,821.42041","0.01781","0.00427","70.32278"
"103.70000","3.47302","2,823.33130","0.01783","0.00432","70.37041"
"103.80000","3.47639","2,824.43115","0.01785","0.00437","70.39783"
"103.90000","3.47960","2,826.16382","0.01785","0.00434","70.44101"
"104.00000","3.48289","2,828.74536","0.01781","0.00429","70.50536"
"104.10000","3.48633","2,829.81128","0.01771","0.00426","70.53192"
"104.20000","3.48947","2,831.51611","0.01795","0.00425","70.57442"
"104.30000","3.49290","2,833.73877","0.01783","0.00419","70.62981"
"104.40000","3.49642","2,834.81079","0.01796","0.00424","70.65653"
"104.50000","3.49948","2,835.58374","0.01805","0.00414","70.67580"
"104.60000","3.50299","2,837.89111","0.01815","0.00417","70.73331"
"104.70000","3.50628","2,840.01245","0.01805","0.00408","70.78619"
"104.80000","3.50950","2,840.81909","0.01817","0.00404","70.80629"
"104.90000","3.51293","2,843.11279","0.01831","0.00394","70.86346"
"105.00000","3.51630","2,845.05835","0.01836","0.00396","70.91195"
"105.10000","3.51966","2,847.33276","0.01831","0.00399","70.96864"
"105.20000","3.52287","2,848.49536","0.01836","0.00392","70.99762"
"105.30000","3.52631","2,849.57544","0.01834","0.00404","71.02454"
"105.40000","3.52967","2,851.63818","0.01835","0.00406","71.07595"
"105.50000","3.53281","2,852.59595","0.01842","0.00410","71.09982"
"105.60000","3.53633","2,854.70044","0.01841","0.00410","71.15228"
"105.70000","3.53976","2,856.29395","0.01846","0.00410","71.19199"
"105.80000","3.54283","2,857.84741","0.01845","0.00419","71.23071"
"105.90000","3.54634","2,859.40234","0.01830","0.00419","71.26947"
"106.00000","3.54970","2,860.59570","0.01826","0.00419","71.29921"
"106.10000","3.55284","2,862.79224","0.01823","0.00431","71.35396"
"106.20000","3.55621","2,864.81519","0.01825","0.00441","71.40438"
"106.30000","3.55957","2,865.85229","0.01830","0.00438","71.43023"
"106.40000","3.56293","2,868.06763","0.01826","0.00440","71.48545"
"106.50000","3.56622","2,869.73657","0.01825","0.00439","71.52705"
"106.60000","3.56966","2,871.79614","0.01826","0.00441","71.57838"
"106.70000","3.57302","2,873.50684","0.01828","0.00439","71.62102"
"106.80000","3.57609","2,874.06641","0.01832","0.00441","71.63496"
"106.90000","3.57960","2,875.99292","0.01833","0.00449","71.68298"
"107.00000","3.58296","2,878.10229","0.01831","0.00447","71.73556"
"107.10000","3.58618","2,879.49341","0.01821","0.00442","71.77023"
"107.20000","3.58969","2,880.93506","0.01831","0.00443","71.80616"
"107.30000","3.59305","2,882.86963","0.01837","0.00437","71.85438"
"107.40000","3.59626","2,884.48608","0.01848","0.00434","71.89467"
"107.50000","3.59963","2,886.52319","0.01850","0.00431","71.94544"
"107.60000","3.60299","2,887.96680","0.01862","0.00431","71.98142"
"107.70000","3.60628","2,889.56592","0.01864","0.00425","72.02129"
"107.80000","3.60957","2,891.52417","0.01866","0.00422","72.07009"
"107.90000","3.61301","2,892.91211","0.01869","0.00409","72.10468"
"108.00000","3.61629","2,895.48120","0.01870","0.00415","72.16872"
"108.10000","3.61951","2,896.79785","0.01881","0.00413","72.20154"
"108.20000","3.62302","2,897.78174","0.01886","0.00412","72.22606"
"108.30000","3.62631","2,900.11475","0.01882","0.00413","72.28421"
"108.40000","3.62945","2,901.71362","0.01889","0.00412","72.32406"
"108.50000","3.63304","2,902.93945","0.01889","0.00423","72.35461"
"108.60000","3.63632","2,905.89453","0.01890","0.00419","72.42827"
"108.70000","3.63954","2,906.21533","0.01891","0.00424","72.43626"
"108.80000","3.64290","2,908.65649","0.01883","0.00424","72.49711"
"108.90000","3.64634","2,910.67139","0.01871","0.00430","72.54733"
"109.00000","3.64955","2,911.73364","0.01870","0.00436","72.57381"
"109.10000","3.65292","2,914.09985","0.01871","0.00432","72.63278"
"109.20000","3.65628","2,914.91797","0.01874","0.00441","72.65318"
"109.30000","3.65964","2,918.05835","0.01873","0.00446","72.73145"
"109.40000","3.66286","2,919.13330","0.01874","0.00451","72.75824"
"109.50000","3.66637","2,921.25684","0.01875","0.00453","72.81116"
"109.60000","3.66966","2,922.32202","0.01878","0.00450","72.83772"
"109.70000","3.67287","2,923.74097","0.01874","0.00456","72.87309"
"109.80000","3.67631","2,925.65771","0.01877","0.00444","72.92086"
"109.90000","3.67967","2,928.24561","0.01875","0.00457","72.98536"
"110.00000","3.68288","2,929.49316","0.01874","0.00465","73.01646"
"110.10000","3.68632","2,931.15796","0.01893","0.00462","73.05795"
"110.20000","3.68976","2,932.41260","0.01913","0.00457","73.08922"
"110.30000","3.69290","2,934.27905","0.01909","0.00449","73.13574"
"110.40000","3.69626","2,935.66846","0.01911","0.00442","73.17037"
"110.50000","3.69955","2,937.19165","0.01896","0.00447","73.20834"
"110.60000","3.70284","2,939.25952","0.01920","0.00443","73.25988"
"110.70000","3.70620","2,941.36646","0.01926","0.00449","73.31239"
"110.80000","3.70964","2,941.89282","0.01927","0.00437","73.32551"
"110.90000","3.71293","2,945.29565","0.01909","0.00432","73.41032"
"111.00000","3.71629","2,945.89648","0.01923","0.00433","73.42530"
"111.10000","3.71958","2,947.72656","0.01933","0.00429","73.47092"
"111.20000","3.72287","2,948.94165","0.01933","0.00423","73.50120"
"111.30000","3.72608","2,950.54590","0.01931","0.00419","73.54118"
"111.40000","3.72952","2,952.63989","0.01934","0.00427","73.59338"
"111.50000","3.73303","2,954.07349","0.01939","0.00435","73.62911"
"111.60000","3.73617","2,955.19263","0.01938","0.00439","73.65701"
"111.70000","3.73961","2,957.12988","0.01941","0.00435","73.70529"
"111.80000","3.74305","2,960.05835","0.01943","0.00441","73.77828"
"111.90000","3.74619","2,960.03638","0.01923","0.00447","73.77773"
"112.00000","3.74955","2,962.38062","0.01926","0.00446","73.83616"
"112.10000","3.75299","2,964.67310","0.01922","0.00444","73.89330"
"112.20000","3.75628","2,966.12256","0.01923","0.00447","73.92943"
"112.30000","3.75964","2,967.40820","0.01925","0.00458","73.96147"
"112.40000","3.76293","2,969.04541","0.01927","0.00459","74.00228"
"112.50000","3.76637","2,971.38062","0.01924","0.00465","74.06049"
"112.60000","3.76950","2,972.34253","0.01925","0.00463","74.08446"
"112.70000","3.77287","2,973.54688","0.01932","0.00474","74.11448"
"112.80000","3.77638","2,975.15015","0.01938","0.00471","74.15443"
"112.90000","3.77952","2,976.73438","0.01960","0.00457","74.19392"
"113.00000","3.78296","2,979.12183","0.01915","0.00480","74.25343"
"113.10000","3.78640","2,980.46802","0.01940","0.00473","74.28698"
"113.20000","3.78953","2,982.17749","0.01940","0.00481","74.32959"
"113.30000","3.79290","2,983.57812","0.01965","0.00471","74.36450"
"113.40000","3.79626","2,985.92554","0.01966","0.00461","74.42301"
"113.50000","3.79955","2,987.41016","0.01951","0.00462","74.46001"
"113.60000","3.80291","2,988.54980","0.01972","0.00470","74.48842"
"113.70000","3.80628","2,989.92773","0.01973","0.00461","74.52276"
"113.80000","3.80971","2,991.24634","0.01972","0.00461","74.55563"
"113.90000","3.81285","2,994.42773","0.01975","0.00457","74.63493"
"114.00000","3.81622","2,995.76978","0.01975","0.00435","74.66837"
"114.10000","3.81965","2,997.80884","0.01980","0.00438","74.71919"
"114.20000","3.82279","2,997.90405","0.01977","0.00438","74.72157"
"114.30000","3.82630","3,000.92871","0.01981","0.00438","74.79696"
"114.40000","3.82974","3,002.23169","0.01983","0.00443","74.82943"
"114.50000","3.83288","3,003.58057","0.01982","0.00440","74.86305"
"114.60000","3.83632","3,005.82422","0.01985","0.00442","74.91898"
"114.70000","3.83968","3,007.50610","0.01989","0.00452","74.96090"
"114.80000","3.84290","3,008.97583","0.01980","0.00454","74.99753"
"114.90000","3.84626","3,010.45898","0.01980","0.00452","75.03449"
"115.00000","3.84962","3,012.42554","0.01981","0.00453","75.08351"
"115.10000","3.85299","3,014.16602","0.01980","0.00457","75.12689"
"115.20000","3.85620","3,014.81079","0.01971","0.00457","75.14296"
"115.30000","3.85964","3,017.33398","0.01974","0.00466","75.20585"
"115.40000","3.86308","3,018.85986","0.01975","0.00463","75.24388"
"115.50000","3.86606","3,019.88525","0.01974","0.00477","75.26944"
"115.60000","3.86965","3,022.02588","0.01991","0.00477","75.32279"
"115.70000","3.87302","3,024.03076","0.02009","0.00476","75.37276"
"115.80000","3.87615","3,025.28540","0.01983","0.00478","75.40404"
"115.90000","3.87967","3,026.92529","0.01999","0.00477","75.44491"
"116.00000","3.88303","3,029.22510","0.02008","0.00481","75.50224"
"116.10000","3.88624","3,030.47070","0.02009","0.00490","75.53328"
"116.20000","3.88961","3,031.76099","0.02011","0.00484","75.56544"
"116.30000","3.89297","3,033.06763","0.02015","0.00483","75.59801"
"116.40000","3.89626","3,035.00366","0.02017","0.00484","75.64626"
"116.50000","3.89955","3,036.46021","0.02010","0.00477","75.68256"
"116.60000","3.90298","3,038.58423","0.02019","0.00476","75.73550"
"116.70000","3.90642","3,041.14160","0.02020","0.00479","75.79925"
"116.80000","3.90949","3,041.74414","0.02019","0.00465","75.81426"
"116.90000","3.91300","3,043.62183","0.02026","0.00468","75.86107"
"117.00000","3.91629","3,044.52881","0.02029","0.00453","75.88367"
"117.10000","3.91943","3,046.89087","0.02030","0.00457","75.94254"
"117.20000","3.92301","3,048.18237","0.02032","0.00455","75.97474"
"117.30000","3.92630","3,050.36865","0.02031","0.00449","76.02923"
"117.40000","3.92959","3,051.77148","0.02036","0.00450","76.06419"
"117.50000","3.93295","3,054.06323","0.02038","0.00448","76.12132"
"117.60000","3.93624","3,054.74146","0.02039","0.00452","76.13822"
"117.70000","3.93946","3,056.08936","0.02036","0.00456","76.17181"
"117.80000","3.94282","3,057.82471","0.02035","0.00459","76.21507"
"117.90000","3.94633","3,059.84106","0.02037","0.00460","76.26533"
"118.00000","3.94962","3,061.62549","0.02017","0.00465","76.30980"
"118.10000","3.95291","3,063.33032","0.02023","0.00469","76.35229"
"118.20000","3.95635","3,064.60400","0.02022","0.00466","76.38404"
"118.30000","3.95964","3,065.92285","0.02020","0.00472","76.41691"
"118.40000","3.96277","3,068.68286","0.02022","0.00472","76.48570"
"118.50000","3.96629","3,070.00928","0.02058","0.00469","76.51876"
"118.60000","3.96965","3,071.80713","0.02054","0.00482","76.56358"
"118.70000","3.97294","3,072.83252","0.02044","0.00493","76.58913"
"118.80000","3.97630","3,074.10181","0.02063","0.00498","76.62077"
"118.90000","3.97974","3,076.37622","0.02045","0.00495","76.67746"
"119.00000","3.98288","3,077.67773","0.02063","0.00491","76.70989"
"119.10000","3.98624","3,079.48584","0.02065","0.00490","76.75496"
"119.20000","3.98960","3,080.57471","0.02059","0.00499","76.78210"
"119.30000","3.99289","3,082.96606","0.02064","0.00502","76.84171"
"119.40000","3.99618","3,084.11963","0.02062","0.00499","76.87046"
"119.50000","3.99962","3,085.32983","0.02065","0.00490","76.90062"
"119.60000","4.00298","3,088.16602","0.02066","0.00490","76.97131"
"119.70000","4.00620","3,088.82910","0.02069","0.00489","76.98784"
"119.80000","4.00956","3,091.01245","0.02071","0.00487","77.04226"
"119.90000","4.01292","3,092.22803","0.02075","0.00475","77.07256"
"120.00000","4.01621","3,093.66016","0.02073","0.00479","77.10825"
"120.10000","4.01957","3,095.97754","0.02074","0.00474","77.16601"
"120.20000","4.02301","3,097.45264","0.02077","0.00474","77.20277"
"120.30000","4.02623","3,099.10425","0.02082","0.00465","77.24394"
"120.40000","4.02951","3,100.66040","0.02078","0.00461","77.28273"
"120.50000","4.03295","3,103.30884","0.02080","0.00463","77.34874"
"120.60000","4.03617","3,103.51562","0.02083","0.00459","77.35390"
"120.70000","4.03960","3,105.49902","0.02088","0.00470","77.40333"
"120.80000","4.04304","3,108.14136","0.02077","0.00475","77.46919"
"120.90000","4.04633","3,108.92847","0.02070","0.00483","77.48881"
"121.00000","4.04962","3,110.60693","0.02072","0.00469","77.53064"
"121.10000","4.05298","3,112.40625","0.02067","0.00476","77.57549"
"121.20000","4.05634","3,114.53979","0.02069","0.00475","77.62867"
"121.30000","4.05948","3,114.82520","0.02106","0.00482","77.63578"
"121.40000","4.06292","3,117.51416","0.02105","0.00485","77.70280"
"121.50000","4.06636","3,119.05566","0.02111","0.00484","77.74123"
"121.60000","4.06950","3,120.62305","0.02109","0.00485","77.78029"
"121.70000","4.07294","3,121.77417","0.02108","0.00495","77.80898"
"121.80000","4.07637","3,124.12500","0.02107","0.00497","77.86758"
"121.90000","4.07951","3,125.58716","0.02113","0.00504","77.90402"
"122.00000","4.08288","3,127.58643","0.02114","0.00510","77.95385"
"122.10000","4.08631","3,128.84424","0.02111","0.00501","77.98520"
"122.20000","4.08960","3,130.67871","0.02113","0.00514","78.03092"
"122.30000","4.09289","3,132.09375","0.02111","0.00517","78.06619"
"122.40000","4.09625","3,133.57300","0.02114","0.00517","78.10307"
"122.50000","4.09969","3,135.55640","0.02113","0.00510","78.15250"
"122.60000","4.10283","3,136.54810","0.02115","0.00509","78.17722"
"122.70000","4.10619","3,138.56787","0.02121","0.00506","78.22756"
"122.80000","4.10971","3,140.38013","0.02120","0.00503","78.27273"
"122.90000","4.11285","3,141.40405","0.02121","0.00500","78.29825"
"123.00000","4.11636","3,142.77368","0.02121","0.00505","78.33239"
"123.10000","4.11972","3,145.55884","0.02124","0.00489","78.40180"
"123.20000","4.12286","3,146.79443","0.02129","0.00488","78.43260"
"123.30000","4.12630","3,147.88062","0.02128","0.00478","78.45968"
"123.40000","4.12966","3,149.83325","0.02132","0.00477","78.50835"
"123.50000","4.13295","3,151.67578","0.02132","0.00476","78.55427"
"123.60000","4.13624","3,152.91992","0.02132","0.00483","78.58528"
"123.70000","4.13960","3,154.77954","0.02130","0.00479","78.63163"
"123.80000","4.14304","3,157.06689","0.02137","0.00477","78.68864"
"123.90000","4.14618","3,157.93457","0.02121","0.00481","78.71027"
"124.00000","4.14954","3,159.19971","0.02112","0.00485","78.74180"
"124.10000","4.15298","3,160.66772","0.02125","0.00490","78.77839"
"124.20000","4.15604","3,162.41357","0.02133","0.00488","78.82190"
"124.30000","4.15963","3,164.73242","0.02156","0.00489","78.87970"
"124.40000","4.16307","3,165.94458","0.02156","0.00486","78.90991"
"124.50000","4.16621","3,167.44995","0.02158","0.00493","78.94743"
"124.60000","4.16972","3,169.74121","0.02157","0.00496","79.00454"
"124.70000","4.17301","3,170.76270","0.02158","0.00500","79.03000"
"124.80000","4.17622","3,172.03955","0.02163","0.00501","79.06183"
"124.90000","4.17951","3,173.99951","0.02163","0.00515","79.11068"
"125.00000","4.18295","3,175.34497","0.02160","0.00518","79.14421"
"125.10000","4.18631","3,178.28687","0.02166","0.00517","79.21754"
"125.20000","4.18953","3,178.79761","0.02162","0.00522","79.23027"
"125.30000","4.19304","3,180.29150","0.02165","0.00522","79.26750"
"125.40000","4.19640","3,182.94287","0.02163","0.00538","79.33359"
"125.50000","4.19947","3,184.42432","0.02167","0.00525","79.37051"
"125.60000","4.20298","3,185.51611","0.02166","0.00523","79.39773"
"125.70000","4.20634","3,187.33716","0.02170","0.00522","79.44312"
"125.80000","4.20948","3,189.30713","0.02168","0.00528","79.49222"
"125.90000","4.21307","3,190.81738","0.02169","0.00518","79.52985"
"126.00000","4.21636","3,192.67651","0.02177","0.00510","79.57619"
"126.10000","4.21957","3,194.16528","0.02177","0.00500","79.61330"
"126.20000","4.22293","3,195.51343","0.02174","0.00509","79.64690"
"126.30000","4.22622","3,196.83032","0.02176","0.00502","79.67973"
"126.40000","4.22958","3,198.93701","0.02176","0.00501","79.73224"
"126.50000","4.23287","3,201.02197","0.02163","0.00489","79.78420"
"126.60000","4.23631","3,201.99048","0.02177","0.00492","79.80834"
"126.70000","4.23967","3,203.73779","0.02182","0.00489","79.85189"
"126.80000","4.24281","3,205.34595","0.02186","0.00495","79.89198"
"126.90000","4.24633","3,207.26221","0.02169","0.00494","79.93974"
"127.00000","4.24969","3,209.74414","0.02167","0.00492","80.00160"
"127.10000","4.25283","3,210.07446","0.02198","0.00500","80.00983"
"127.20000","4.25634","3,212.53125","0.02207","0.00506","80.07107"
"127.30000","4.25970","3,214.10400","0.02204","0.00506","80.11027"
"127.40000","4.26292","3,215.99170","0.02206","0.00505","80.15732"
"127.50000","4.26636","3,217.55347","0.02201","0.00501","80.19624"
"127.60000","4.26964","3,218.52930","0.02206","0.00514","80.22057"
"127.70000","4.27293","3,220.84985","0.02206","0.00511","80.27840"
"127.80000","4.27622","3,222.31641","0.02209","0.00506","80.31496"
"127.90000","4.27966","3,224.46826","0.02211","0.00514","80.36859"
"128.00000","4.28295","3,225.38208","0.02213","0.00525","80.39137"
"128.10000","4.28624","3,226.25195","0.02216","0.00529","80.41305"
"128.20000","4.28967","3,228.29102","0.02213","0.00528","80.46387"
"128.30000","4.29296","3,229.82788","0.02213","0.00527","80.50217"
"128.40000","4.29618","3,231.93555","0.02221","0.00549","80.55471"
"128.50000","4.29954","3,233.21045","0.02216","0.00537","80.58649"
"128.60000","4.30290","3,233.85254","0.02218","0.00543","80.60249"
"128.70000","4.30619","3,236.42749","0.02224","0.00543","80.66667"
"128.80000","4.30963","3,238.44263","0.02226","0.00533","80.71690"
"128.90000","4.31307","3,240.49487","0.02225","0.00534","80.76805"
"129.00000","4.31620","3,241.43701","0.02223","0.00533","80.79153"
"129.10000","4.31957","3,242.74487","0.02220","0.00533","80.82413"
"129.20000","4.32293","3,244.73315","0.02223","0.00527","80.87369"
"129.30000","4.32622","3,246.18335","0.02228","0.00518","80.90983"
"129.40000","4.32951","3,247.78027","0.02227","0.00517","80.94963"
"129.50000","4.33302","3,248.64307","0.02228","0.00511","80.97114"
"129.60000","4.33638","3,250.97974","0.02227","0.00504","81.02938"
"129.70000","4.33960","3,252.35571","0.02217","0.00512","81.06367"
"129.80000","4.34296","3,254.86768","0.02238","0.00512","81.12628"
"129.90000","4.34625","3,255.42944","0.02246","0.00500","81.14029"
"130.00000","4.34954","3,256.86548","0.02249","0.00510","81.17608"
"130.10000","4.35290","3,259.64355","0.02250","0.00512","81.24532"
"130.20000","4.35634","3,260.37109","0.02249","0.00513","81.26346"
"130.30000","4.35955","3,262.11890","0.02252","0.00506","81.30702"
"130.40000","4.36292","3,263.44629","0.02252","0.00517","81.34010"
"130.50000","4.36628","3,265.29395","0.02251","0.00518","81.38615"
"130.60000","4.36949","3,267.07739","0.02254","0.00519","81.43061"
"130.70000","4.37286","3,268.66772","0.02258","0.00522","81.47025"
"130.80000","4.37629","3,269.99414","0.02253","0.00523","81.50330"
"130.90000","4.37966","3,272.32300","0.02254","0.00536","81.56136"
"131.00000","4.38295","3,273.08325","0.02256","0.00522","81.58030"
"131.10000","4.38631","3,275.47314","0.02260","0.00543","81.63987"
"131.20000","4.38967","3,276.51123","0.02265","0.00537","81.66574"
"131.30000","4.39281","3,277.99927","0.02261","0.00546","81.70283"
"131.40000","4.39625","3,279.33545","0.02259","0.00548","81.73614"
"131.50000","4.39969","3,281.48267","0.02265","0.00547","81.78965"
"131.60000","4.40283","3,282.93262","0.02271","0.00564","81.82579"
"131.70000","4.40626","3,284.82715","0.02269","0.00555","81.87302"
"131.80000","4.40978","3,285.62329","0.02269","0.00556","81.89285"
"131.90000","4.41284","3,287.16040","0.02271","0.00552","81.93117"
"132.00000","4.41628","3,289.96338","0.02274","0.00558","82.00103"
"132.10000","4.41957","3,290.56567","0.02268","0.00550","82.01604"
"132.20000","4.42293","3,292.66602","0.02271","0.00542","82.06839"
"132.30000","4.42622","3,293.80786","0.02272","0.00545","82.09686"
"132.40000","4.42966","3,295.49658","0.02278","0.00536","82.13895"
"132.50000","4.43302","3,296.66626","0.02263","0.00533","82.16810"
"132.60000","4.43616","3,298.35669","0.02260","0.00527","82.21023"
"132.70000","4.43952","3,301.07202","0.02276","0.00522","82.27791"
"132.80000","4.44303","3,302.13159","0.02296","0.00527","82.30432"
"132.90000","4.44610","3,303.72534","0.02296","0.00526","82.34404"
"133.00000","4.44961","3,305.30542","0.02297","0.00525","82.38342"
"133.10000","4.45305","3,307.28369","0.02290","0.00526","82.43273"
"133.20000","4.45619","3,307.91968","0.02301","0.00531","82.44859"
"133.30000","4.45963","3,310.24048","0.02295","0.00532","82.50643"
"133.40000","4.46291","3,311.91113","0.02294","0.00529","82.54807"
"133.50000","4.46620","3,312.98047","0.02295","0.00535","82.57472"
"133.60000","4.46956","3,314.42065","0.02297","0.00540","82.61062"
"133.70000","4.47293","3,316.80103","0.02302","0.00537","82.66995"
"133.80000","4.47637","3,318.76611","0.02306","0.00541","82.71893"
"133.90000","4.47958","3,319.76709","0.02302","0.00539","82.74387"
"134.00000","4.48302","3,321.28955","0.02300","0.00555","82.78182"
"134.10000","4.48638","3,323.30273","0.02314","0.00546","82.83200"
"134.20000","4.48945","3,325.15063","0.02309","0.00561","82.87806"
"134.30000","4.49296","3,326.52222","0.02308","0.00562","82.91225"
"134.40000","4.49640","3,328.35205","0.02310","0.00566","82.95786"
"134.50000","4.49946","3,329.81714","0.02319","0.00558","82.99437"
"134.60000","4.50305","3,331.54468","0.02315","0.00564","83.03743"
"134.70000","4.50634","3,332.58813","0.02316","0.00575","83.06344"
"134.80000","4.50955","3,334.35303","0.02319","0.00581","83.10743"
"134.90000","4.51291","3,336.02539","0.02321","0.00581","83.14911"
"135.00000","4.51620","3,337.75122","0.02325","0.00564","83.19212"
"135.10000","4.51964","3,339.37231","0.02314","0.00566","83.23253"
"135.20000","4.52285","3,340.41382","0.02320","0.00569","83.25849"
"135.30000","4.52629","3,341.95898","0.02320","0.00559","83.29700"
"135.40000","4.52973","3,343.88721","0.02328","0.00561","83.34506"
"135.50000","4.53279","3,345.22729","0.02319","0.00565","83.37846"
"135.60000","4.53623","3,346.72974","0.02345","0.00552","83.41591"
"135.70000","4.53959","3,348.54761","0.02339","0.00541","83.46122"
"135.80000","4.54281","3,350.21753","0.02343","0.00536","83.50285"
"135.90000","4.54639","3,352.85132","0.02344","0.00537","83.56849"
"136.00000","4.54968","3,354.18848","0.02348","0.00538","83.60181"
"136.10000","4.55290","3,355.40698","0.02349","0.00545","83.63219"
"136.20000","4.55626","3,356.38037","0.02346","0.00544","83.65645"
"136.30000","4.55962","3,357.80493","0.02346","0.00550","83.69196"
"136.40000","4.56291","3,359.65601","0.02352","0.00547","83.73809"
"136.50000","4.56620","3,361.08911","0.02350","0.00556","83.77381"
"136.60000","4.56964","3,362.63135","0.02345","0.00553","83.81225"
"136.70000","4.57300","3,364.65161","0.02352","0.00554","83.86260"
"136.80000","4.57621","3,365.83252","0.02353","0.00550","83.89204"
"136.90000","4.57965","3,367.28589","0.02358","0.00554","83.92826"
"137.00000","4.58294","3,368.70068","0.02355","0.00564","83.96352"
"137.10000","4.58608","3,370.27905","0.02357","0.00561","84.00287"
"137.20000","4.58959","3,372.64990","0.02358","0.00569","84.06196"
"137.30000","4.59296","3,373.30762","0.02364","0.00573","84.07835"
"137.40000","4.59624","3,375.19019","0.02363","0.00576","84.12527"
"137.50000","4.59961","3,375.90137","0.02369","0.00584","84.14301"
"137.60000","4.60304","3,378.12036","0.02369","0.00588","84.19831"
"137.70000","4.60626","3,379.90112","0.02367","0.00592","84.24269"
"137.80000","4.60947","3,381.70605","0.02371","0.00595","84.28768"
"137.90000","4.61291","3,382.74390","0.02368","0.00591","84.31355"
"138.00000","4.61627","3,384.32202","0.02366","0.00586","84.35288"
"138.10000","4.61949","3,386.19238","0.02368","0.00588","84.39950"
"138.20000","4.62300","3,386.76416","0.02373","0.00574","84.41375"
"138.30000","4.62636","3,389.79785","0.02358","0.00584","84.48936"
"138.40000","4.62950","3,390.33154","0.02365","0.00585","84.50267"
"138.50000","4.63294","3,392.90430","0.02397","0.00578","84.56680"
"138.60000","4.63630","3,393.59521","0.02390","0.00574","84.58401"
"138.70000","4.63959","3,395.53760","0.02394","0.00572","84.63242"
"138.80000","4.64295","3,396.91650","0.02394","0.00555","84.66679"
"138.90000","4.64632","3,398.90747","0.02389","0.00555","84.71642"
"139.00000","4.64961","3,400.08545","0.02399","0.00557","84.74578"
"139.10000","4.65282","3,402.25659","0.02397","0.00563","84.79990"
"139.20000","4.65626","3,403.42700","0.02393","0.00565","84.82906"
"139.30000","4.65955","3,405.25586","0.02394","0.00558","84.87465"
"139.40000","4.66283","3,406.66333","0.02393","0.00567","84.90973"
"139.50000","4.66635","3,408.45703","0.02392","0.00569","84.95444"
"139.60000","4.66971","3,409.94263","0.02399","0.00571","84.99146"
"139.70000","4.67292","3,411.48145","0.02397","0.00576","85.02982"
"139.80000","4.67629","3,413.08740","0.02402","0.00574","85.06985"
"139.90000","4.67965","3,414.48926","0.02402","0.00573","85.10479"
"140.00000","4.68279","3,416.34302","0.02407","0.00571","85.15099"
"140.10000","4.68623","3,417.23218","0.02398","0.00574","85.17316"
"140.20000","4.68966","3,420.14722","0.02416","0.00580","85.24581"
"140.30000","4.69288","3,420.76562","0.02408","0.00586","85.26122"
"140.40000","4.69624","3,422.77661","0.02405","0.00587","85.31135"
"140.50000","4.69968","3,425.27808","0.02405","0.00601","85.37370"
"140.60000","4.70282","3,425.11499","0.02404","0.00604","85.36963"
"140.70000","4.70618","3,426.40845","0.02413","0.00614","85.40187"
"140.80000","4.70962","3,428.97290","0.02415","0.00605","85.46579"
"140.90000","4.71298","3,430.71362","0.02415","0.00608","85.50918"
"141.00000","4.71620","3,431.66821","0.02412","0.00608","85.53297"
"141.10000","4.71963","3,433.47144","0.02410","0.00601","85.57791"
"141.20000","4.72307","3,435.01685","0.02406","0.00598","85.61643"
"141.30000","4.72621","3,436.67407","0.02420","0.00600","85.65774"
"141.40000","4.72957","3,438.56104","0.02420","0.00596","85.70477"
"141.50000","4.73301","3,440.03735","0.02439","0.00599","85.74156"
"141.60000","4.73615","3,440.61841","0.02444","0.00596","85.75605"
"141.70000","4.73959","3,443.35132","0.02437","0.00589","85.82417"
"141.80000","4.74303","3,444.80005","0.02439","0.00582","85.86028"
"141.90000","4.74617","3,445.84619","0.02445","0.00583","85.88634"
"142.00000","4.74953","3,447.31201","0.02445","0.00577","85.92288"
"142.10000","4.75289","3,448.31470","0.02443","0.00578","85.94788"
"142.20000","4.75626","3,450.46191","0.02445","0.00574","86.00140"
"142.30000","4.75962","3,452.36060","0.02449","0.00575","86.04872"
"142.40000","4.76291","3,453.98999","0.02448","0.00576","86.08933"
"142.50000","4.76642","3,455.51514","0.02441","0.00576","86.12734"
"142.60000","4.76956","3,457.30078","0.02455","0.00576","86.17185"
"142.70000","4.77292","3,457.61475","0.02454","0.00587","86.17967"
"142.80000","4.77636","3,459.87183","0.02455","0.00588","86.23593"
"142.90000","4.77942","3,461.17505","0.02443","0.00592","86.26842"
"143.00000","4.78294","3,463.41016","0.02456","0.00585","86.32413"
"143.10000","4.78638","3,465.37378","0.02457","0.00587","86.37307"
"143.20000","4.78951","3,465.76562","0.02455","0.00587","86.38284"
"143.30000","4.79295","3,467.49878","0.02461","0.00591","86.42603"
"143.40000","4.79632","3,468.10718","0.02466","0.00594","86.44119"
"143.50000","4.79953","3,470.59961","0.02452","0.00605","86.50332"
"143.60000","4.80289","3,472.47534","0.02455","0.00612","86.55007"
"143.70000","4.80625","3,473.30151","0.02460","0.00624","86.57066"
"143.80000","4.80969","3,475.51660","0.02459","0.00638","86.62587"
"143.90000","4.81283","3,476.43726","0.02458","0.00620","86.64882"
"144.00000","4.81627","3,478.65820","0.02467","0.00626","86.70418"
"144.10000","4.81971","3,480.27563","0.02453","0.00621","86.74449"
"144.20000","4.82277","3,481.41162","0.02464","0.00622","86.77280"
"144.30000","4.82628","3,482.73267","0.02488","0.00621","86.80573"
"144.40000","4.82965","3,484.83105","0.02490","0.00615","86.85803"
"144.50000","4.83286","3,486.35791","0.02491","0.00615","86.89609"
"144.60000","4.83637","3,486.47900","0.02488","0.00612","86.89911"
"144.70000","4.83966","3,489.40649","0.02489","0.00613","86.97207"
"144.80000","4.84295","3,490.01929","0.02490","0.00614","86.98734"
"144.90000","4.84624","3,491.88745","0.02494","0.00594","87.03391"
"145.00000","4.84953","3,493.58203","0.02491","0.00590","87.07615"
"145.10000","4.85289","3,495.25879","0.02490","0.00582","87.11794"
"145.20000","4.85618","3,496.55518","0.02492","0.00595","87.15025"
"145.30000","4.85962","3,497.83252","0.02502","0.00596","87.18209"
"145.40000","4.86305","3,501.01025","0.02486","0.00597","87.26129"
"145.50000","4.86612","3,500.67529","0.02495","0.00594","87.25294"
"145.60000","4.86956","3,503.03760","0.02490","0.00601","87.31182"
"145.70000","4.87292","3,504.31201","0.02506","0.00604","87.34358"
"145.80000","4.87613","3,505.61035","0.02493","0.00602","87.37595"
"145.90000","4.87972","3,507.63086","0.02511","0.00609","87.42631"
"146.00000","4.88301","3,509.19702","0.02496","0.00606","87.46534"
"146.10000","4.88630","3,510.23267","0.02505","0.00607","87.49116"
"146.20000","4.88966","3,512.04199","0.02503","0.00611","87.53625"
"146.30000","4.89295","3,513.36792","0.02511","0.00607","87.56930"
"146.40000","4.89624","3,515.01807","0.02507","0.00612","87.61043"
"146.50000","4.89945","3,516.69824","0.02512","0.00614","87.65231"
"146.60000","4.90296","3,518.32471","0.02517","0.00620","87.69285"
"146.70000","4.90640","3,519.94287","0.02510","0.00633","87.73318"
"146.80000","4.90954","3,521.33032","0.02510","0.00635","87.76776"
"146.90000","4.91305","3,523.09229","0.02507","0.00645","87.81168"
"147.00000","4.91634","3,524.40918","0.02511","0.00653","87.84450"
"147.10000","4.91948","3,525.55176","0.02513","0.00646","87.87298"
"147.20000","4.92299","3,528.02539","0.02515","0.00638","87.93463"
"147.30000","4.92628","3,529.47339","0.02536","0.00635","87.97073"
"147.40000","4.92965","3,530.69336","0.02545","0.00644","88.00113"
"147.50000","4.93301","3,532.33618","0.02539","0.00643","88.04208"
"147.60000","4.93637","3,533.93896","0.02535","0.00636","88.08202"
"147.70000","4.93966","3,535.61279","0.02540","0.00622","88.12375"
"147.80000","4.94280","3,537.03271","0.02539","0.00629","88.15913"
"147.90000","4.94624","3,538.47217","0.02542","0.00628","88.19501"
"148.00000","4.94960","3,539.77124","0.02538","0.00617","88.22739"
"148.10000","4.95281","3,540.88696","0.02543","0.00609","88.25520"
"148.20000","4.95633","3,543.21143","0.02546","0.00610","88.31314"
"148.30000","4.95969","3,544.34277","0.02549","0.00610","88.34134"
"148.40000","4.96290","3,546.20630","0.02543","0.00622","88.38779"
"148.50000","4.96627","3,547.53101","0.02546","0.00619","88.42080"
"148.60000","4.96963","3,549.46021","0.02545","0.00611","88.46889"
"148.70000","4.97284","3,550.35986","0.02545","0.00614","88.49131"
"148.80000","4.97621","3,551.83252","0.02551","0.00621","88.52802"
"148.90000","4.97964","3,553.11743","0.02553","0.00627","88.56004"
"149.00000","4.98293","3,555.89648","0.02545","0.00629","88.62931"
"149.10000","4.98622","3,556.41064","0.02552","0.00625","88.64212"
"149.20000","4.98966","3,558.42407","0.02548","0.00630","88.69231"
"149.30000","4.99295","3,559.93286","0.02559","0.00627","88.72991"
"149.40000","4.99616","3,560.90112","0.02552","0.00635","88.75404"
"149.50000","4.99967","3,563.18433","0.02556","0.00639","88.81095"
"149.60000","5.00296","3,564.54736","0.02556","0.00640","88.84492"
"149.70000","5.00625","3,565.89258","0.02556","0.00651","88.87846"
"149.80000","5.00961","3,567.29883","0.02555","0.00657","88.91351"
"149.90000","5.01298","3,568.93164","0.02568","0.00655","88.95420"
"150.00000","5.01619","3,569.50610","0.02559","0.00681","88.96852"
"150.10000","5.01955","3,572.01440","0.02562","0.00667","89.03104"
"150.20000","5.02299","3,572.91699","0.02560","0.00664","89.05354"
"150.30000","5.02621","3,574.42285","0.02582","0.00662","89.09107"
"150.40000","5.02957","3,575.46387","0.02583","0.00659","89.11702"
"150.50000","5.03301","3,577.95947","0.02585","0.00657","89.17922"
"150.60000","5.03622","3,578.94312","0.02586","0.00650","89.20374"
"150.70000","5.03951","3,581.26489","0.02586","0.00651","89.26160"
"150.80000","5.04295","3,582.13818","0.02590","0.00654","89.28337"
"150.90000","5.04631","3,583.40356","0.02589","0.00649","89.31491"
"151.00000","5.04960","3,585.41382","0.02585","0.00646","89.36501"
"151.10000","5.05304","3,586.83960","0.02590","0.00641","89.40055"
"151.20000","5.05640","3,588.70703","0.02591","0.00632","89.44710"
"151.30000","5.05946","3,589.67969","0.02594","0.00627","89.47134"
"151.40000","5.06290","3,591.43286","0.02593","0.00630","89.51504"
"151.50000","5.06634","3,592.83936","0.02593","0.00632","89.55009"
"151.60000","5.06948","3,594.63257","0.02596","0.00636","89.59479"
"151.70000","5.07299","3,595.48877","0.02595","0.00632","89.61613"
"151.80000","5.07635","3,597.57666","0.02594","0.00641","89.66817"
"151.90000","5.07949","3,599.11499","0.02596","0.00640","89.70651"
"152.00000","5.08293","3,600.47559","0.02597","0.00646","89.74043"
"152.10000","5.08629","3,601.31372","0.02600","0.00644","89.76131"
"152.20000","5.08958","3,602.96191","0.02596","0.00642","89.80240"
"152.30000","5.09280","3,604.96411","0.02598","0.00638","89.85230"
"152.40000","5.09623","3,605.88330","0.02601","0.00639","89.87521"
"152.50000","5.09975","3,607.70972","0.02601","0.00650","89.92073"
"152.60000","5.10288","3,608.75244","0.02604","0.00646","89.94672"
"152.70000","5.10625","3,610.50415","0.02603","0.00649","89.99038"
"152.80000","5.10969","3,611.40063","0.02606","0.00661","90.01273"
"152.90000","5.11275","3,613.50439","0.02608","0.00670","90.06516"
"153.00000","5.11626","3,614.25098","0.02606","0.00675","90.08377"
"153.10000","5.11970","3,615.99390","0.02628","0.00665","90.12721"
"153.20000","5.12291","3,617.56714","0.02629","0.00680","90.16643"
"153.30000","5.12628","3,619.21338","0.02637","0.00675","90.20746"
"153.40000","5.12964","3,620.71582","0.02632","0.00666","90.24490"
"153.50000","5.13293","3,621.82324","0.02635","0.00668","90.27251"
"153.60000","5.13622","3,623.07056","0.02633","0.00668","90.30360"
"153.70000","5.13958","3,625.14624","0.02633","0.00670","90.35533"
"153.80000","5.14302","3,626.58472","0.02638","0.00668","90.39118"
"153.90000","5.14616","3,627.28882","0.02639","0.00664","90.40874"
"154.00000","5.14960","3,628.86499","0.02635","0.00662","90.44802"
"154.10000","5.15303","3,630.14526","0.02638","0.00661","90.47993"
"154.20000","5.15617","3,631.59326","0.02637","0.00645","90.51602"
"154.30000","5.15961","3,633.56982","0.02642","0.00636","90.56528"
"154.40000","5.16297","3,634.44946","0.02639","0.00648","90.58721"
"154.50000","5.16619","3,635.67212","0.02643","0.00644","90.61768"
"154.60000","5.16970","3,637.86255","0.02640","0.00645","90.67228"
"154.70000","5.17299","3,639.64111","0.02644","0.00643","90.71661"
"154.80000","5.17628","3,640.58325","0.02653","0.00647","90.74009"
"154.90000","5.17956","3,641.42505","0.02646","0.00648","90.76107"
"155.00000","5.18285","3,642.26440","0.02644","0.00652","90.78200"
"155.10000","5.18629","3,644.22900","0.02645","0.00656","90.83096"
"155.20000","5.18951","3,646.26880","0.02649","0.00653","90.88181"
"155.30000","5.19294","3,647.20605","0.02649","0.00654","90.90517"
"155.40000","5.19646","3,649.82861","0.02650","0.00663","90.97053"
"155.50000","5.19952","3,650.04541","0.02651","0.00656","90.97593"
"155.60000","5.20296","3,651.39844","0.02650","0.00662","91.00966"
"155.70000","5.20632","3,652.36670","0.02646","0.00664","91.03379"
"155.80000","5.20954","3,653.78418","0.02658","0.00677","91.06912"
"155.90000","5.21297","3,655.52905","0.02657","0.00667","91.11261"
"156.00000","5.21634","3,657.31567","0.02654","0.00675","91.15714"
"156.10000","5.21962","3,658.12671","0.02674","0.00685","91.17735"
"156.20000","5.22299","3,659.34961","0.02674","0.00698","91.20784"
"156.30000","5.22628","3,661.54321","0.02676","0.00697","91.26251"
"156.40000","5.22964","3,662.76514","0.02674","0.00688","91.29297"
"156.50000","5.23278","3,663.77710","0.02679","0.00688","91.31819"
"156.60000","5.23629","3,664.66943","0.02675","0.00686","91.34043"
"156.70000","5.23973","3,667.07104","0.02681","0.00683","91.40029"
"156.80000","5.24279","3,667.42285","0.02681","0.00670","91.40906"
"156.90000","5.24638","3,670.45776","0.02682","0.00678","91.48470"
"157.00000","5.24967","3,671.07349","0.02682","0.00682","91.50005"
"157.10000","5.25281","3,672.36035","0.02685","0.00673","91.53213"
"157.20000","5.25625","3,673.78955","0.02684","0.00674","91.56775"
"157.30000","5.25961","3,675.02490","0.02691","0.00657","91.59853"
"157.40000","5.26290","3,676.81909","0.02687","0.00649","91.64326"
"157.50000","5.26626","3,677.38013","0.02690","0.00661","91.65724"
"157.60000","5.26970","3,679.30762","0.02688","0.00655","91.70528"
"157.70000","5.27299","3,680.13867","0.02691","0.00652","91.72600"
"157.80000","5.27620","3,681.76318","0.02687","0.00662","91.76649"
"157.90000","5.27964","3,683.30103","0.02694","0.00662","91.80482"
"158.00000","5.28300","3,683.96411","0.02693","0.00662","91.82134"
"158.10000","5.28614","3,685.59277","0.02695","0.00663","91.86194"
"158.20000","5.28973","3,687.07300","0.02693","0.00669","91.89883"
"158.30000","5.29309","3,688.86890","0.02696","0.00668","91.94360"
"158.40000","5.29623","3,689.48755","0.02703","0.00661","91.95901"
"158.50000","5.29959","3,690.56421","0.02694","0.00673","91.98585"
"158.60000","5.30296","3,692.13965","0.02696","0.00676","92.02512"
"158.70000","5.30617","3,693.41406","0.02697","0.00675","92.05688"
"158.80000","5.30953","3,694.57202","0.02702","0.00671","92.08574"
"158.90000","5.31305","3,696.11426","0.02699","0.00689","92.12418"
"159.00000","5.31626","3,697.17065","0.02717","0.00687","92.15051"
"159.10000","5.31955","3,698.20190","0.02721","0.00697","92.17622"
"159.20000","5.32299","3,699.74219","0.02718","0.00700","92.21461"
"159.30000","5.32627","3,700.61426","0.02717","0.00724","92.23634"
"159.40000","5.32949","3,701.89258","0.02718","0.00704","92.26820"
"159.50000","5.33300","3,702.88940","0.02719","0.00708","92.29305"
"159.60000","5.33629","3,704.15820","0.02720","0.00701","92.32468"
"159.70000","5.33958","3,705.50830","0.02722","0.00691","92.35832"
"159.80000","5.34302","3,707.21582","0.02722","0.00688","92.40089"
"159.90000","5.34638","3,707.37842","0.02722","0.00692","92.40494"
"160.00000","5.34952","3,709.01416","0.02728","0.00681","92.44571"
"160.10000","5.35288","3,711.19482","0.02725","0.00694","92.50006"
"160.20000","5.35639","3,710.95874","0.02730","0.00685","92.49417"
"160.30000","5.35953","3,712.74658","0.02735","0.00688","92.53873"
"160.40000","5.36290","3,713.48486","0.02734","0.00680","92.55714"
"160.50000","5.36641","3,714.24268","0.02734","0.00672","92.57603"
"160.60000","5.36955","3,715.26733","0.02734","0.00669","92.60156"
"160.70000","5.37291","3,717.13452","0.02734","0.00667","92.64810"
"160.80000","5.37627","3,717.99146","0.02733","0.00672","92.66946"
"160.90000","5.37964","3,719.36035","0.02741","0.00675","92.70358"
"161.00000","5.38285","3,720.31079","0.02747","0.00676","92.72727"
"161.10000","5.38629","3,721.81201","0.02738","0.00680","92.76469"
"161.20000","5.38973","3,721.75586","0.02741","0.00674","92.76329"
"161.30000","5.39286","3,723.13867","0.02751","0.00675","92.79775"
"161.40000","5.39623","3,722.17676","0.02752","0.00686","92.77378"
"161.50000","5.39967","3,724.85864","0.02756","0.00684","92.84062"
"161.60000","5.40280","3,726.17798","0.02752","0.00684","92.87350"
"161.70000","5.40624","3,727.40845","0.02758","0.00687","92.90417"
"161.80000","5.40968","3,727.42041","0.02754","0.00685","92.90447"
"161.90000","5.41289","3,727.27856","0.02772","0.00694","92.90094"
"162.00000","5.41626","3,728.50586","0.02767","0.00694","92.93153"
"162.10000","5.41955","3,729.13989","0.02768","0.00698","92.94733"
"162.20000","5.42291","3,729.00366","0.02766","0.00693","92.94394"
"162.30000","5.42620","3,728.58838","0.02768","0.00730","92.93359"
"162.40000","5.42964","3,453.39429","0.02757","0.00708","86.07448"
"162.40400","5.42986","3,115.96753","0.02757","0.00708","77.66425"
"162.40800","5.43001","2,714.88794","0.02757","0.00708","67.66750"
"162.41200","5.43016","2,289.73145","0.02757","0.00708","57.07065"
"162.41400","5.43023","2,077.85083","0.02757","0.00708","51.78961"
