Modulus (Segment 0.001 mm/mm - 0.008 mm/mm) : Modulus (Segment 0.001 mm/mm - 0.008 mm/mm),"5,831.20213",MPa
Poisson's ratio (Least squares fit) : Poisson's ratio (Least squares fit),"0.17346"
Specimen properties : Gauge length,"15.02000",mm
Specimen properties : Gauge length transverse,"4.84800",mm
Specimen properties : Thickness,"2.56000",mm
Specimen properties : Width,"15.11000",mm

Time,Extension,Load,Video axial strain,Video transverse strain,Calculated Stress
(s),(mm),(N),(mm/mm),(mm/mm),(MPa)
"0.00000","0.03946","19.48989","-0.00001","0.00000","0.50385"
"0.10000","0.04028","19.85378","-0.00003","0.00004","0.51326"
"0.20000","0.04447","25.43221","-0.00001","0.00002","0.65748"
"0.30000","0.04903","33.57047","0.00003","-0.00003","0.86787"
"0.40000","0.05284","40.74400","0.00010","-0.00004","1.05332"
"0.50000","0.05605","46.90455","0.00015","-0.00005","1.21258"
"0.60000","0.05942","52.45428","0.00017","-0.00002","1.35605"
"0.70000","0.06285","57.68885","0.00014","-0.00003","1.49138"
"0.80000","0.06614","63.62511","0.00017","-0.00005","1.64484"
"0.90000","0.06943","69.28072","0.00018","-0.00012","1.79105"
"1.00000","0.07279","75.05264","0.00016","-0.00016","1.94027"
"1.10000","0.07631","81.96697","0.00021","-0.00024","2.11902"
"1.20000","0.07945","86.43880","0.00020","-0.00034","2.23462"
"1.30000","0.08281","92.36966","0.00021","-0.00037","2.38795"
"1.40000","0.08617","97.58514","0.00023","-0.00042","2.52278"
"1.50000","0.08931","103.59713","0.00025","-0.00041","2.67820"
"1.60000","0.09275","108.64185","0.00026","-0.00036","2.80862"
"1.70000","0.09619","114.94552","0.00030","-0.00038","2.97158"
"1.80000","0.09947","120.68005","0.00030","-0.00031","3.11983"
"1.90000","0.10284","124.76011","0.00033","0.00021","3.22531"
"2.00000","0.10620","131.44418","0.00036","0.00024","3.39811"
"2.10000","0.10949","136.22130","0.00037","0.00024","3.52160"
"2.20000","0.11270","142.27405","0.00040","0.00021","3.67808"
"2.30000","0.11607","147.64078","0.00042","0.00019","3.81682"
"2.40000","0.11958","153.18913","0.00046","0.00018","3.96026"
"2.50000","0.12272","158.85062","0.00045","0.00023","4.10662"
"2.60000","0.12616","164.28897","0.00047","0.00028","4.24721"
"2.70000","0.12967","169.79759","0.00051","0.00030","4.38962"
"2.80000","0.13266","174.85608","0.00049","0.00030","4.52039"
"2.90000","0.13617","180.08174","0.00051","0.00022","4.65549"
"3.00000","0.13953","186.53073","0.00052","0.00012","4.82221"
"3.10000","0.14267","191.90070","0.00059","0.00009","4.96103"
"3.20000","0.14626","196.87523","0.00055","0.00006","5.08963"
"3.30000","0.14955","202.36198","0.00057","0.00007","5.23148"
"3.40000","0.15284","207.77899","0.00058","0.00002","5.37152"
"3.50000","0.15613","213.36624","0.00060","0.00002","5.51596"
"3.60000","0.15941","218.11288","0.00067","0.00002","5.63867"
"3.70000","0.16278","224.35587","0.00063","0.00002","5.80007"
"3.80000","0.16599","230.25705","0.00067","0.00013","5.95262"
"3.90000","0.16950","234.65909","0.00069","0.00010","6.06643"
"4.00000","0.17294","240.94246","0.00070","-0.00005","6.22886"
"4.10000","0.17601","245.58855","0.00071","-0.00011","6.34898"
"4.20000","0.17952","251.71405","0.00073","-0.00018","6.50733"
"4.30000","0.18288","256.61548","0.00075","-0.00027","6.63405"
"4.40000","0.18602","262.77023","0.00078","-0.00031","6.79316"
"4.50000","0.18946","267.06537","0.00082","-0.00041","6.90420"
"4.60000","0.19290","272.52496","0.00081","-0.00034","7.04534"
"4.70000","0.19618","279.01547","0.00086","-0.00036","7.21313"
"4.80000","0.19955","282.84219","0.00086","-0.00031","7.31206"
"4.90000","0.20284","288.54987","0.00086","-0.00027","7.45962"
"5.00000","0.20612","294.26562","0.00091","0.00006","7.60738"
"5.10000","0.20934","298.90216","0.00095","0.00027","7.72724"
"5.20000","0.21278","304.54813","0.00095","0.00033","7.87320"
"5.30000","0.21621","309.90579","0.00099","0.00035","8.01171"
"5.40000","0.21935","314.42245","0.00099","0.00028","8.12848"
"5.50000","0.22287","319.90015","0.00102","0.00027","8.27009"
"5.60000","0.22623","325.27322","0.00103","0.00032","8.40899"
"5.70000","0.22937","329.94742","0.00107","0.00034","8.52983"
"5.80000","0.23281","334.64685","0.00106","0.00038","8.65132"
"5.90000","0.23609","340.69449","0.00108","0.00031","8.80766"
"6.00000","0.23938","345.34842","0.00109","0.00035","8.92798"
"6.10000","0.24282","350.03665","0.00111","0.00026","9.04918"
"6.20000","0.24618","356.15536","0.00112","0.00021","9.20736"
"6.30000","0.24955","361.46463","0.00113","0.00013","9.34461"
"6.40000","0.25269","365.74753","0.00113","0.00019","9.45534"
"6.50000","0.25612","370.79471","0.00120","0.00012","9.58582"
"6.60000","0.25949","376.71988","0.00119","0.00015","9.73899"
"6.70000","0.26270","380.49078","0.00119","0.00011","9.83648"
"6.80000","0.26621","386.13608","0.00118","0.00010","9.98242"
"6.90000","0.26958","392.10446","0.00124","0.00029","10.13672"
"7.00000","0.27271","395.91519","0.00129","0.00021","10.23523"
"7.10000","0.27615","401.74649","0.00132","0.00012","10.38598"
"7.20000","0.27944","405.74689","0.00132","0.00007","10.48940"
"7.30000","0.28273","410.88797","0.00136","0.00003","10.62231"
"7.40000","0.28609","416.37909","0.00135","-0.00007","10.76427"
"7.50000","0.28946","421.42725","0.00137","-0.00011","10.89477"
"7.60000","0.29282","426.12399","0.00140","-0.00018","11.01619"
"7.70000","0.29603","430.93375","0.00141","-0.00027","11.14054"
"7.80000","0.29947","436.08304","0.00143","-0.00026","11.27366"
"7.90000","0.30283","440.92783","0.00148","-0.00021","11.39890"
"8.00000","0.30597","445.10547","0.00150","-0.00017","11.50690"
"8.10000","0.30949","450.83823","0.00152","0.00018","11.65511"
"8.20000","0.31292","456.59457","0.00155","0.00048","11.80392"
"8.30000","0.31606","461.31363","0.00158","0.00041","11.92592"
"8.40000","0.31950","465.37173","0.00155","0.00041","12.03083"
"8.50000","0.32286","470.90189","0.00159","0.00040","12.17380"
"8.60000","0.32608","475.46661","0.00158","0.00041","12.29180"
"8.70000","0.32944","479.75714","0.00166","0.00040","12.40272"
"8.80000","0.33280","483.98361","0.00162","0.00042","12.51199"
"8.90000","0.33617","489.44833","0.00164","0.00052","12.65326"
"9.00000","0.33938","494.86765","0.00163","0.00046","12.79336"
"9.10000","0.34297","498.91370","0.00167","0.00043","12.89796"
"9.20000","0.34618","503.98697","0.00168","0.00037","13.02911"
"9.30000","0.34932","508.52490","0.00169","0.00034","13.14643"
"9.40000","0.35283","513.33508","0.00168","0.00036","13.27078"
"9.50000","0.35620","519.18469","0.00174","0.00034","13.42201"
"9.60000","0.35941","523.20135","0.00170","0.00031","13.52585"
"9.70000","0.36285","526.93909","0.00180","0.00027","13.62247"
"9.80000","0.36629","531.54395","0.00175","0.00025","13.74152"
"9.90000","0.36942","535.09802","0.00179","0.00025","13.83340"
"10.00000","0.37271","539.15179","0.00182","0.00023","13.93820"
"10.10000","0.37615","542.48523","0.00182","0.00036","14.02437"
"10.20000","0.37936","548.25763","0.00185","0.00032","14.17360"
"10.30000","0.38273","552.01483","0.00185","0.00035","14.27073"
"10.40000","0.38624","556.86554","0.00186","0.00020","14.39614"
"10.50000","0.38945","562.16443","0.00189","0.00008","14.53312"
"10.60000","0.39274","565.18384","0.00192","0.00001","14.61118"
"10.70000","0.39618","569.94781","0.00195","-0.00001","14.73434"
"10.80000","0.39947","575.41547","0.00193","-0.00003","14.87569"
"10.90000","0.40268","577.83344","0.00199","-0.00004","14.93820"
"11.00000","0.40612","584.09662","0.00201","-0.00001","15.10011"
"11.10000","0.40963","588.45758","0.00205","-0.00004","15.21286"
"11.20000","0.41277","591.99139","0.00206","0.00010","15.30421"
"11.30000","0.41621","597.02271","0.00207","0.00046","15.43428"
"11.40000","0.41965","600.58588","0.00212","0.00073","15.52640"
"11.50000","0.42271","605.10162","0.00214","0.00063","15.64314"
"11.60000","0.42608","607.80621","0.00216","0.00057","15.71306"
"11.70000","0.42951","612.67889","0.00219","0.00050","15.83903"
"11.80000","0.43280","616.38953","0.00222","0.00060","15.93495"
"11.90000","0.43609","621.00586","0.00222","0.00062","16.05430"
"12.00000","0.43953","625.87274","0.00225","0.00065","16.18011"
"12.10000","0.44282","630.84955","0.00227","0.00061","16.30878"
"12.20000","0.44603","636.05878","0.00227","0.00056","16.44345"
"12.30000","0.44939","639.76782","0.00230","0.00057","16.53933"
"12.40000","0.45283","643.93085","0.00230","0.00059","16.64696"
"12.50000","0.45604","648.83289","0.00229","0.00056","16.77368"
"12.60000","0.45948","653.52393","0.00232","0.00056","16.89496"
"12.70000","0.46300","657.75922","0.00233","0.00046","17.00445"
"12.80000","0.46606","662.17517","0.00234","0.00047","17.11861"
"12.90000","0.46950","665.68188","0.00234","0.00051","17.20926"
"13.00000","0.47279","669.99384","0.00235","0.00054","17.32074"
"13.10000","0.47607","675.36566","0.00236","0.00048","17.45961"
"13.20000","0.47951","679.42700","0.00236","0.00051","17.56460"
"13.30000","0.48288","683.81366","0.00237","0.00058","17.67801"
"13.40000","0.48616","687.99078","0.00239","0.00050","17.78600"
"13.50000","0.48945","691.53241","0.00241","0.00042","17.87755"
"13.60000","0.49274","696.55359","0.00243","0.00038","18.00736"
"13.70000","0.49618","700.45276","0.00244","0.00033","18.10816"
"13.80000","0.49932","704.48297","0.00246","0.00019","18.21235"
"13.90000","0.50283","709.66711","0.00249","0.00017","18.34637"
"14.00000","0.50627","713.64825","0.00253","0.00018","18.44930"
"14.10000","0.50941","717.69904","0.00255","0.00021","18.55402"
"14.20000","0.51284","722.36353","0.00259","0.00022","18.67460"
"14.30000","0.51621","726.52136","0.00261","0.00024","18.78209"
"14.40000","0.51935","730.88635","0.00262","0.00069","18.89494"
"14.50000","0.52278","735.19226","0.00264","0.00097","19.00625"
"14.60000","0.52607","738.42670","0.00266","0.00084","19.08987"
"14.70000","0.52951","743.13397","0.00269","0.00083","19.21156"
"14.80000","0.53280","746.98596","0.00271","0.00084","19.31114"
"14.90000","0.53616","751.16931","0.00271","0.00082","19.41929"
"15.00000","0.53960","755.93774","0.00272","0.00088","19.54257"
"15.10000","0.54266","759.66528","0.00275","0.00084","19.63893"
"15.20000","0.54610","763.69592","0.00277","0.00086","19.74313"
"15.30000","0.54954","767.44275","0.00279","0.00076","19.83999"
"15.40000","0.55268","771.52393","0.00283","0.00082","19.94550"
"15.50000","0.55627","775.21533","0.00282","0.00081","20.04093"
"15.60000","0.55956","779.95325","0.00295","0.00076","20.16342"
"15.70000","0.56277","784.16736","0.00292","0.00074","20.27236"
"15.80000","0.56613","788.24292","0.00284","0.00072","20.37772"
"15.90000","0.56942","792.56995","0.00290","0.00072","20.48959"
"16.00000","0.57286","797.03174","0.00298","0.00066","20.60493"
"16.10000","0.57615","799.87103","0.00286","0.00066","20.67833"
"16.20000","0.57944","804.21429","0.00285","0.00062","20.79062"
"16.30000","0.58295","808.21460","0.00288","0.00063","20.89403"
"16.40000","0.58601","812.27448","0.00291","0.00052","20.99899"
"16.50000","0.58945","816.50775","0.00292","0.00058","21.10843"
"16.60000","0.59281","820.26831","0.00294","0.00059","21.20565"
"16.70000","0.59595","823.65161","0.00296","0.00048","21.29311"
"16.80000","0.59954","828.05530","0.00296","0.00044","21.40696"
"16.90000","0.60290","832.16577","0.00301","0.00035","21.51322"
"17.00000","0.60604","836.09454","0.00301","0.00034","21.61479"
"17.10000","0.60948","839.63458","0.00304","0.00033","21.70630"
"17.20000","0.61277","844.02588","0.00307","0.00040","21.81983"
"17.30000","0.61606","847.86035","0.00309","0.00038","21.91896"
"17.40000","0.61942","851.50787","0.00312","0.00035","22.01325"
"17.50000","0.62278","855.31342","0.00313","0.00070","22.11164"
"17.60000","0.62630","860.75018","0.00317","0.00089","22.25219"
"17.70000","0.62943","863.07220","0.00317","0.00099","22.31222"
"17.80000","0.63287","868.56262","0.00318","0.00096","22.45415"
"17.90000","0.63616","871.49432","0.00320","0.00101","22.52995"
"18.00000","0.63930","875.60767","0.00323","0.00097","22.63628"
"18.10000","0.64281","880.05737","0.00323","0.00098","22.75132"
"18.20000","0.64625","883.69800","0.00327","0.00105","22.84544"
"18.30000","0.64946","887.09790","0.00330","0.00102","22.93333"
"18.40000","0.65283","891.45520","0.00337","0.00096","23.04597"
"18.50000","0.65626","895.43695","0.00342","0.00094","23.14891"
"18.60000","0.65948","898.76465","0.00345","0.00091","23.23494"
"18.70000","0.66269","903.04700","0.00349","0.00085","23.34565"
"18.80000","0.66613","906.34991","0.00348","0.00076","23.43103"
"18.90000","0.66942","911.60919","0.00349","0.00077","23.56700"
"19.00000","0.67271","913.57037","0.00350","0.00072","23.61770"
"19.10000","0.67622","918.55164","0.00352","0.00069","23.74648"
"19.20000","0.67951","922.68018","0.00354","0.00070","23.85321"
"19.30000","0.68272","925.94324","0.00353","0.00067","23.93756"
"19.40000","0.68616","930.30481","0.00355","0.00060","24.05032"
"19.50000","0.68945","935.04724","0.00357","0.00051","24.17292"
"19.60000","0.69266","937.23016","0.00359","0.00062","24.22935"
"19.70000","0.69617","940.99091","0.00361","0.00053","24.32658"
"19.80000","0.69961","945.26971","0.00359","0.00058","24.43719"
"19.90000","0.70275","949.12451","0.00361","0.00045","24.53685"
"20.00000","0.70611","953.20630","0.00366","0.00037","24.64237"
"20.10000","0.70955","957.11041","0.00367","0.00040","24.74330"
"20.20000","0.71277","960.32520","0.00366","0.00034","24.82641"
"20.30000","0.71605","964.27649","0.00368","0.00038","24.92856"
"20.40000","0.71957","968.35577","0.00370","0.00043","25.03402"
"20.50000","0.72278","971.58728","0.00368","0.00040","25.11756"
"20.60000","0.72607","975.30017","0.00372","0.00068","25.21354"
"20.70000","0.72951","979.68542","0.00370","0.00083","25.32691"
"20.80000","0.73280","983.36401","0.00375","0.00104","25.42201"
"20.90000","0.73601","986.78729","0.00373","0.00107","25.51051"
"21.00000","0.73945","990.80121","0.00376","0.00104","25.61428"
"21.10000","0.74288","994.93384","0.00381","0.00111","25.72111"
"21.20000","0.74610","998.16199","0.00385","0.00107","25.80457"
"21.30000","0.74954","1,001.67999","0.00388","0.00115","25.89552"
"21.40000","0.75290","1,005.34198","0.00387","0.00111","25.99019"
"21.50000","0.75604","1,009.65009","0.00389","0.00109","26.10156"
"21.60000","0.75940","1,013.35480","0.00390","0.00098","26.19733"
"21.70000","0.76284","1,016.40326","0.00393","0.00096","26.27614"
"21.80000","0.76613","1,020.36896","0.00394","0.00090","26.37866"
"21.90000","0.76942","1,024.14075","0.00395","0.00089","26.47617"
"22.00000","0.77285","1,027.27966","0.00396","0.00078","26.55732"
"22.10000","0.77622","1,031.74402","0.00396","0.00068","26.67273"
"22.20000","0.77943","1,035.11499","0.00399","0.00072","26.75988"
"22.30000","0.78272","1,039.19373","0.00402","0.00070","26.86532"
"22.40000","0.78616","1,042.49988","0.00404","0.00069","26.95079"
"22.50000","0.78937","1,046.84119","0.00407","0.00066","27.06303"
"22.60000","0.79288","1,050.29626","0.00407","0.00055","27.15235"
"22.70000","0.79625","1,053.87769","0.00409","0.00056","27.24494"
"22.80000","0.79939","1,057.58081","0.00411","0.00058","27.34067"
"22.90000","0.80275","1,061.18762","0.00412","0.00052","27.43391"
"23.00000","0.80611","1,064.59399","0.00412","0.00044","27.52197"
"23.10000","0.80933","1,068.36243","0.00415","0.00046","27.61940"
"23.20000","0.81276","1,072.11438","0.00414","0.00032","27.71639"
"23.30000","0.81613","1,076.26257","0.00417","0.00045","27.82363"
"23.40000","0.81956","1,079.21741","0.00418","0.00039","27.90002"
"23.50000","0.82278","1,083.23108","0.00419","0.00032","28.00378"
"23.60000","0.82614","1,086.84717","0.00421","0.00039","28.09727"
"23.70000","0.82958","1,089.91187","0.00420","0.00037","28.17649"
"23.80000","0.83264","1,094.20544","0.00421","0.00077","28.28749"
"23.90000","0.83616","1,096.50793","0.00423","0.00079","28.34702"
"24.00000","0.83959","1,100.57532","0.00425","0.00109","28.45217"
"24.10000","0.84273","1,104.39636","0.00428","0.00103","28.55095"
"24.20000","0.84625","1,108.67065","0.00429","0.00109","28.66145"
"24.30000","0.84953","1,111.36084","0.00431","0.00110","28.73100"
"24.40000","0.85275","1,114.88965","0.00435","0.00117","28.82222"
"24.50000","0.85611","1,118.65857","0.00434","0.00113","28.91966"
"24.60000","0.85940","1,122.17175","0.00436","0.00103","29.01048"
"24.70000","0.86284","1,125.27832","0.00441","0.00096","29.09079"
"24.80000","0.86613","1,129.56982","0.00443","0.00093","29.20173"
"24.90000","0.86949","1,132.80444","0.00446","0.00094","29.28536"
"25.00000","0.87293","1,136.03564","0.00448","0.00083","29.36889"
"25.10000","0.87599","1,139.52783","0.00448","0.00086","29.45917"
"25.20000","0.87943","1,143.31555","0.00450","0.00078","29.55709"
"25.30000","0.88287","1,146.83508","0.00454","0.00073","29.64808"
"25.40000","0.88601","1,150.11169","0.00454","0.00071","29.73278"
"25.50000","0.88952","1,154.15271","0.00453","0.00064","29.83725"
"25.60000","0.89288","1,156.52563","0.00458","0.00062","29.89860"
"25.70000","0.89610","1,160.62866","0.00460","0.00060","30.00467"
"25.80000","0.89946","1,164.14417","0.00462","0.00066","30.09555"
"25.90000","0.90275","1,167.41357","0.00464","0.00065","30.18007"
"26.00000","0.90611","1,170.24963","0.00465","0.00055","30.25339"
"26.10000","0.90940","1,174.60120","0.00467","0.00056","30.36589"
"26.20000","0.91284","1,177.69788","0.00467","0.00046","30.44595"
"26.30000","0.91627","1,181.31091","0.00470","0.00039","30.53935"
"26.40000","0.91941","1,184.57288","0.00471","0.00043","30.62368"
"26.50000","0.92285","1,187.85144","0.00471","0.00034","30.70844"
"26.60000","0.92621","1,191.80994","0.00471","0.00040","30.81077"
"26.70000","0.92928","1,194.52661","0.00473","0.00042","30.88100"
"26.80000","0.93287","1,198.27747","0.00473","0.00047","30.97797"
"26.90000","0.93623","1,201.58508","0.00474","0.00058","31.06348"
"27.00000","0.93944","1,205.06396","0.00477","0.00092","31.15342"
"27.10000","0.94288","1,207.61633","0.00479","0.00112","31.21940"
"27.20000","0.94617","1,211.97559","0.00482","0.00121","31.33210"
"27.30000","0.94946","1,214.93481","0.00483","0.00117","31.40860"
"27.40000","0.95267","1,218.31079","0.00480","0.00121","31.49587"
"27.50000","0.95611","1,222.08533","0.00487","0.00127","31.59345"
"27.60000","0.95955","1,224.39600","0.00487","0.00121","31.65319"
"27.70000","0.96269","1,228.80737","0.00492","0.00109","31.76723"
"27.80000","0.96620","1,231.95251","0.00488","0.00106","31.84854"
"27.90000","0.96956","1,235.06287","0.00485","0.00095","31.92895"
"28.00000","0.97270","1,238.53650","0.00484","0.00095","32.01875"
"28.10000","0.97614","1,241.59583","0.00485","0.00092","32.09784"
"28.20000","0.97950","1,244.78125","0.00495","0.00090","32.18019"
"28.30000","0.98272","1,248.06970","0.00494","0.00086","32.26521"
"28.40000","0.98615","1,251.06519","0.00503","0.00080","32.34264"
"28.50000","0.98959","1,254.53809","0.00501","0.00079","32.43243"
"28.60000","0.99273","1,257.58167","0.00506","0.00074","32.51111"
"28.70000","0.99602","1,260.70190","0.00513","0.00073","32.59177"
"28.80000","0.99946","1,264.52344","0.00512","0.00065","32.69057"
"28.90000","1.00274","1,267.86926","0.00518","0.00070","32.77707"
"29.00000","1.00603","1,270.82874","0.00519","0.00074","32.85357"
"29.10000","1.00962","1,274.60278","0.00522","0.00063","32.95114"
"29.20000","1.01283","1,277.77051","0.00522","0.00055","33.03303"
"29.30000","1.01605","1,280.40649","0.00523","0.00055","33.10118"
"29.40000","1.01949","1,284.35864","0.00524","0.00045","33.20335"
"29.50000","1.02285","1,287.60229","0.00524","0.00046","33.28720"
"29.60000","1.02599","1,290.42590","0.00528","0.00038","33.36020"
"29.70000","1.02943","1,293.75549","0.00528","0.00044","33.44628"
"29.80000","1.03286","1,297.54871","0.00528","0.00049","33.54434"
"29.90000","1.03608","1,300.36768","0.00528","0.00056","33.61721"
"30.00000","1.03944","1,302.86792","0.00530","0.00073","33.68185"
"30.10000","1.04280","1,307.06653","0.00531","0.00107","33.79039"
"30.20000","1.04602","1,310.30383","0.00530","0.00134","33.87408"
"30.30000","1.04938","1,313.26184","0.00528","0.00136","33.95056"
"30.40000","1.05282","1,316.54163","0.00527","0.00136","34.03535"
"30.50000","1.05618","1,320.07874","0.00526","0.00140","34.12679"
"30.60000","1.05947","1,323.11560","0.00528","0.00141","34.20530"
"30.70000","1.06283","1,326.51367","0.00527","0.00126","34.29314"
"30.80000","1.06620","1,329.50928","0.00532","0.00115","34.37059"
"30.90000","1.06934","1,332.28174","0.00534","0.00117","34.44226"
"31.00000","1.07277","1,336.32349","0.00535","0.00112","34.54675"
"31.10000","1.07621","1,339.77539","0.00539","0.00110","34.63599"
"31.20000","1.07942","1,342.77515","0.00541","0.00105","34.71354"
"31.30000","1.08286","1,345.07751","0.00542","0.00100","34.77306"
"31.40000","1.08623","1,349.22998","0.00547","0.00096","34.88041"
"31.50000","1.08944","1,352.02759","0.00548","0.00095","34.95273"
"31.60000","1.09273","1,354.88391","0.00551","0.00090","35.02657"
"31.70000","1.09609","1,358.95544","0.00560","0.00089","35.13183"
"31.80000","1.09945","1,360.79468","0.00555","0.00085","35.17938"
"31.90000","1.10282","1,364.73987","0.00560","0.00077","35.28137"
"32.00000","1.10618","1,366.91663","0.00563","0.00078","35.33764"
"32.10000","1.10954","1,370.22095","0.00572","0.00083","35.42307"
"32.20000","1.11276","1,373.24683","0.00573","0.00077","35.50129"
"32.30000","1.11605","1,376.82349","0.00575","0.00070","35.59376"
"32.40000","1.11948","1,380.09814","0.00574","0.00060","35.67841"
"32.50000","1.12262","1,382.92346","0.00573","0.00057","35.75145"
"32.60000","1.12614","1,386.44324","0.00571","0.00054","35.84245"
"32.70000","1.12965","1,389.57385","0.00569","0.00057","35.92338"
"32.80000","1.13271","1,392.27039","0.00579","0.00053","35.99309"
"32.90000","1.13615","1,395.05603","0.00575","0.00053","36.06511"
"33.00000","1.13951","1,398.75879","0.00574","0.00065","36.16083"
"33.10000","1.14273","1,401.80164","0.00575","0.00070","36.23949"
"33.20000","1.14609","1,404.05188","0.00576","0.00112","36.29767"
"33.30000","1.14945","1,407.80444","0.00576","0.00138","36.39468"
"33.40000","1.15289","1,410.60071","0.00577","0.00142","36.46697"
"33.50000","1.15610","1,414.32727","0.00578","0.00140","36.56331"
"33.60000","1.15947","1,416.87671","0.00579","0.00148","36.62922"
"33.70000","1.16298","1,419.60962","0.00582","0.00133","36.69987"
"33.80000","1.16597","1,422.95996","0.00584","0.00132","36.78648"
"33.90000","1.16941","1,426.03003","0.00585","0.00124","36.86585"
"34.00000","1.17292","1,429.26196","0.00586","0.00125","36.94940"
"34.10000","1.17598","1,432.13330","0.00589","0.00120","37.02363"
"34.20000","1.17950","1,434.69995","0.00591","0.00115","37.08998"
"34.30000","1.18286","1,437.54468","0.00595","0.00118","37.16353"
"34.40000","1.18607","1,440.61841","0.00597","0.00115","37.24299"
"34.50000","1.18944","1,443.20862","0.00601","0.00112","37.30995"
"34.60000","1.19273","1,445.91833","0.00605","0.00108","37.38000"
"34.70000","1.19616","1,449.81970","0.00608","0.00105","37.48086"
"34.80000","1.19945","1,452.95837","0.00604","0.00102","37.56200"
"34.90000","1.20282","1,456.04578","0.00607","0.00094","37.64182"
"35.00000","1.20625","1,459.25671","0.00609","0.00089","37.72483"
"35.10000","1.20932","1,461.33228","0.00610","0.00087","37.77848"
"35.20000","1.21283","1,463.77222","0.00614","0.00088","37.84156"
"35.30000","1.21619","1,467.90393","0.00613","0.00092","37.94838"
"35.40000","1.21933","1,470.92395","0.00623","0.00084","38.02645"
"35.50000","1.22292","1,473.54272","0.00622","0.00073","38.09415"
"35.60000","1.22628","1,476.73279","0.00620","0.00068","38.17662"
"35.70000","1.22942","1,480.17468","0.00622","0.00064","38.26560"
"35.80000","1.23278","1,482.47437","0.00622","0.00060","38.32505"
"35.90000","1.23607","1,485.49353","0.00623","0.00065","38.40310"
"36.00000","1.23944","1,487.93567","0.00626","0.00061","38.46624"
"36.10000","1.24265","1,491.49377","0.00626","0.00073","38.55822"
"36.20000","1.24616","1,493.54077","0.00627","0.00089","38.61114"
"36.30000","1.24960","1,497.17261","0.00627","0.00129","38.70503"
"36.40000","1.25267","1,499.68140","0.00630","0.00152","38.76989"
"36.50000","1.25618","1,503.69763","0.00629","0.00154","38.87372"
"36.60000","1.25954","1,505.95361","0.00631","0.00150","38.93204"
"36.70000","1.26268","1,508.59875","0.00639","0.00149","39.00042"
"36.80000","1.26612","1,511.55176","0.00637","0.00144","39.07676"
"36.90000","1.26956","1,514.81995","0.00638","0.00141","39.16125"
"37.00000","1.27277","1,517.63147","0.00640","0.00138","39.23394"
"37.10000","1.27628","1,520.32800","0.00645","0.00134","39.30365"
"37.20000","1.27957","1,523.91614","0.00649","0.00138","39.39641"
"37.30000","1.28278","1,526.32996","0.00652","0.00136","39.45881"
"37.40000","1.28607","1,528.98828","0.00653","0.00131","39.52753"
"37.50000","1.28951","1,532.73840","0.00655","0.00131","39.62448"
"37.60000","1.29287","1,534.98242","0.00656","0.00123","39.68250"
"37.70000","1.29601","1,537.55066","0.00660","0.00124","39.74889"
"37.80000","1.29960","1,541.00830","0.00659","0.00120","39.83828"
"37.90000","1.30289","1,544.27368","0.00663","0.00114","39.92270"
"38.00000","1.30595","1,547.09436","0.00661","0.00105","39.99561"
"38.10000","1.30947","1,549.13184","0.00660","0.00103","40.04829"
"38.20000","1.31283","1,551.76868","0.00668","0.00109","40.11646"
"38.30000","1.31604","1,555.66248","0.00670","0.00112","40.21712"
"38.40000","1.31948","1,557.68384","0.00669","0.00111","40.26937"
"38.50000","1.32292","1,560.82898","0.00667","0.00100","40.35068"
"38.60000","1.32613","1,564.14001","0.00668","0.00093","40.43628"
"38.70000","1.32942","1,566.72205","0.00671","0.00087","40.50303"
"38.80000","1.33278","1,569.37170","0.00677","0.00080","40.57153"
"38.90000","1.33607","1,573.24390","0.00674","0.00090","40.67163"
"39.00000","1.33936","1,574.95459","0.00676","0.00084","40.71586"
"39.10000","1.34287","1,577.83398","0.00675","0.00091","40.79030"
"39.20000","1.34624","1,580.26648","0.00678","0.00095","40.85318"
"39.30000","1.34945","1,583.42163","0.00679","0.00107","40.93475"
"39.40000","1.35281","1,586.14539","0.00686","0.00142","41.00517"
"39.50000","1.35618","1,588.84583","0.00685","0.00172","41.07498"
"39.60000","1.35931","1,591.91711","0.00683","0.00172","41.15438"
"39.70000","1.36275","1,595.20227","0.00688","0.00176","41.23930"
"39.80000","1.36619","1,596.97253","0.00692","0.00167","41.28507"
"39.90000","1.36948","1,600.48694","0.00696","0.00161","41.37592"
"40.00000","1.37284","1,602.59082","0.00698","0.00165","41.43031"
"40.10000","1.37620","1,605.92346","0.00700","0.00159","41.51647"
"40.20000","1.37942","1,608.56580","0.00702","0.00156","41.58478"
"40.30000","1.38271","1,610.38916","0.00703","0.00157","41.63192"
"40.40000","1.38615","1,613.89417","0.00706","0.00161","41.72253"
"40.50000","1.38943","1,616.18091","0.00706","0.00148","41.78165"
"40.60000","1.39280","1,619.02161","0.00709","0.00150","41.85508"
"40.70000","1.39616","1,622.22253","0.00710","0.00144","41.93784"
"40.80000","1.39952","1,624.32507","0.00713","0.00143","41.99219"
"40.90000","1.40266","1,626.74561","0.00714","0.00140","42.05476"
"41.00000","1.40610","1,630.07935","0.00715","0.00138","42.14095"
"41.10000","1.40954","1,632.44421","0.00717","0.00133","42.20209"
"41.20000","1.41268","1,635.55945","0.00718","0.00130","42.28262"
"41.30000","1.41611","1,637.70911","0.00719","0.00128","42.33820"
"41.40000","1.41963","1,641.10852","0.00722","0.00139","42.42607"
"41.50000","1.42277","1,643.05945","0.00722","0.00127","42.47651"
"41.60000","1.42605","1,645.79260","0.00724","0.00120","42.54717"
"41.70000","1.42949","1,648.73755","0.00725","0.00116","42.62330"
"41.80000","1.43278","1,651.88940","0.00729","0.00108","42.70478"
"41.90000","1.43607","1,654.06445","0.00729","0.00104","42.76101"
"42.00000","1.43951","1,657.01270","0.00731","0.00110","42.83723"
"42.10000","1.44295","1,659.00305","0.00727","0.00099","42.88869"
"42.20000","1.44608","1,662.68591","0.00734","0.00119","42.98390"
"42.30000","1.44937","1,665.23181","0.00739","0.00121","43.04971"
"42.40000","1.45289","1,667.60925","0.00739","0.00129","43.11118"
"42.50000","1.45595","1,669.82471","0.00733","0.00145","43.16845"
"42.60000","1.45946","1,672.21692","0.00737","0.00177","43.23029"
"42.70000","1.46290","1,676.09290","0.00745","0.00198","43.33049"
"42.80000","1.46611","1,678.04004","0.00745","0.00196","43.38083"
"42.90000","1.46948","1,680.52393","0.00747","0.00188","43.44505"
"43.00000","1.47284","1,683.84802","0.00750","0.00191","43.53098"
"43.10000","1.47605","1,686.02051","0.00750","0.00185","43.58715"
"43.20000","1.47942","1,688.67322","0.00752","0.00179","43.65572"
"43.30000","1.48271","1,691.28162","0.00754","0.00178","43.72316"
"43.40000","1.48622","1,694.82300","0.00757","0.00175","43.81471"
"43.50000","1.48943","1,696.94067","0.00759","0.00179","43.86945"
"43.60000","1.49287","1,699.61023","0.00760","0.00178","43.93847"
"43.70000","1.49631","1,702.40417","0.00762","0.00174","44.01070"
"43.80000","1.49930","1,704.89099","0.00762","0.00174","44.07499"
"43.90000","1.50288","1,707.57507","0.00766","0.00168","44.14437"
"44.00000","1.50625","1,709.78955","0.00767","0.00166","44.20163"
"44.10000","1.50939","1,712.72327","0.00768","0.00165","44.27747"
"44.20000","1.51290","1,715.76575","0.00767","0.00156","44.35612"
"44.30000","1.51626","1,717.68591","0.00771","0.00147","44.40576"
"44.40000","1.51948","1,720.47729","0.00773","0.00144","44.47792"
"44.50000","1.52276","1,722.01807","0.00773","0.00154","44.51776"
"44.60000","1.52613","1,725.51904","0.00774","0.00159","44.60826"
"44.70000","1.52949","1,728.16809","0.00776","0.00142","44.67675"
"44.80000","1.53270","1,730.45605","0.00779","0.00126","44.73590"
"44.90000","1.53614","1,733.32202","0.00780","0.00128","44.80999"
"45.00000","1.53965","1,736.07300","0.00781","0.00130","44.88111"
"45.10000","1.54264","1,738.18445","0.00784","0.00134","44.93569"
"45.20000","1.54616","1,741.16602","0.00785","0.00143","45.01277"
"45.30000","1.54952","1,743.92651","0.00787","0.00140","45.08414"
"45.40000","1.55266","1,746.28308","0.00790","0.00146","45.14506"
"45.50000","1.55625","1,748.87512","0.00792","0.00159","45.21207"
"45.60000","1.55953","1,751.73474","0.00793","0.00166","45.28600"
"45.70000","1.56282","1,753.75793","0.00794","0.00219","45.33830"
"45.80000","1.56611","1,756.66711","0.00796","0.00209","45.41351"
"45.90000","1.56947","1,759.49109","0.00801","0.00203","45.48651"
"46.00000","1.57276","1,761.34424","0.00803","0.00211","45.53442"
"46.10000","1.57605","1,763.40417","0.00803","0.00202","45.58767"
"46.20000","1.57949","1,766.54663","0.00806","0.00207","45.66891"
"46.30000","1.58293","1,769.27795","0.00808","0.00204","45.73952"
"46.40000","1.58607","1,771.85889","0.00810","0.00202","45.80625"
"46.50000","1.58958","1,773.73962","0.00812","0.00199","45.85487"
"46.60000","1.59287","1,776.33984","0.00812","0.00209","45.92209"
"46.70000","1.59593","1,778.90393","0.00814","0.00203","45.98838"
"46.80000","1.59952","1,780.99121","0.00815","0.00198","46.04234"
"46.90000","1.60281","1,783.63867","0.00817","0.00200","46.11078"
"47.00000","1.60610","1,786.14368","0.00818","0.00189","46.17554"
"47.10000","1.60946","1,788.33289","0.00819","0.00190","46.23213"
"47.20000","1.61290","1,791.21887","0.00822","0.00192","46.30674"
"47.30000","1.61611","1,793.14368","0.00824","0.00179","46.35650"
"47.40000","1.61940","1,795.69727","0.00822","0.00175","46.42252"
"47.50000","1.62276","1,798.49487","0.00825","0.00165","46.49484"
"47.60000","1.62613","1,800.95264","0.00827","0.00171","46.55838"
"47.70000","1.62934","1,803.52368","0.00828","0.00169","46.62485"
"47.80000","1.63293","1,805.46326","0.00831","0.00169","46.67499"
"47.90000","1.63621","1,807.79248","0.00833","0.00156","46.73520"
"48.00000","1.63935","1,810.73596","0.00833","0.00158","46.81130"
"48.10000","1.64287","1,813.13599","0.00833","0.00152","46.87334"
"48.20000","1.64615","1,815.39734","0.00836","0.00165","46.93180"
"48.30000","1.64937","1,817.95435","0.00838","0.00164","46.99791"
"48.40000","1.65281","1,819.90002","0.00842","0.00171","47.04821"
"48.50000","1.65617","1,822.30603","0.00845","0.00174","47.11041"
"48.60000","1.65953","1,824.54736","0.00847","0.00176","47.16835"
"48.70000","1.66275","1,828.09180","0.00848","0.00209","47.25998"
"48.80000","1.66611","1,829.95325","0.00849","0.00252","47.30811"
"48.90000","1.66940","1,832.18677","0.00853","0.00239","47.36585"
"49.00000","1.67269","1,834.37500","0.00853","0.00238","47.42242"
"49.10000","1.67620","1,837.72729","0.00854","0.00233","47.50908"
"49.20000","1.67956","1,839.94617","0.00856","0.00241","47.56644"
"49.30000","1.68270","1,841.93005","0.00861","0.00230","47.61773"
"49.40000","1.68614","1,844.71313","0.00862","0.00229","47.68968"
"49.50000","1.68943","1,847.29578","0.00866","0.00228","47.75645"
"49.60000","1.69272","1,849.17688","0.00866","0.00228","47.80508"
"49.70000","1.69608","1,852.19885","0.00864","0.00228","47.88320"
"49.80000","1.69952","1,853.79138","0.00868","0.00224","47.92437"
"49.90000","1.70281","1,856.32837","0.00868","0.00223","47.98996"
"50.00000","1.70617","1,859.24084","0.00871","0.00225","48.06525"
"50.10000","1.70961","1,861.01685","0.00872","0.00217","48.11116"
"50.20000","1.71275","1,863.35107","0.00872","0.00217","48.17151"
"50.30000","1.71603","1,866.23816","0.00874","0.00214","48.24615"
"50.40000","1.71947","1,868.73401","0.00875","0.00214","48.31067"
"50.50000","1.72283","1,871.74048","0.00875","0.00201","48.38839"
"50.60000","1.72612","1,873.24719","0.00879","0.00198","48.42735"
"50.70000","1.72949","1,876.49524","0.00879","0.00192","48.51131"
"50.80000","1.73292","1,878.42078","0.00881","0.00189","48.56109"
"50.90000","1.73606","1,881.13208","0.00880","0.00198","48.63119"
"51.00000","1.73935","1,883.26001","0.00884","0.00190","48.68620"
"51.10000","1.74279","1,885.10291","0.00884","0.00189","48.73384"
"51.20000","1.74608","1,888.38110","0.00887","0.00187","48.81859"
"51.30000","1.74944","1,890.48987","0.00890","0.00190","48.87310"
"51.40000","1.75295","1,892.88647","0.00891","0.00196","48.93506"
"51.50000","1.75609","1,895.34277","0.00892","0.00201","48.99856"
"51.60000","1.75938","1,897.46167","0.00896","0.00203","49.05334"
"51.70000","1.76282","1,899.91370","0.00897","0.00206","49.11673"
"51.80000","1.76611","1,903.24561","0.00902","0.00258","49.20287"
"51.90000","1.76940","1,905.57446","0.00902","0.00273","49.26307"
"52.00000","1.77276","1,907.58875","0.00905","0.00267","49.31515"
"52.10000","1.77620","1,910.25830","0.00907","0.00269","49.38416"
"52.20000","1.77941","1,912.23657","0.00912","0.00271","49.43530"
"52.30000","1.78277","1,914.61743","0.00915","0.00263","49.49685"
"52.40000","1.78629","1,917.60181","0.00916","0.00254","49.57401"
"52.50000","1.78935","1,919.57666","0.00916","0.00258","49.62506"
"52.60000","1.79286","1,921.55444","0.00917","0.00264","49.67619"
"52.70000","1.79630","1,923.79297","0.00919","0.00260","49.73406"
"52.80000","1.79944","1,925.87170","0.00919","0.00259","49.78780"
"52.90000","1.80280","1,927.58008","0.00922","0.00266","49.83196"
"53.00000","1.80617","1,930.97522","0.00922","0.00254","49.91973"
"53.10000","1.80946","1,932.58301","0.00923","0.00260","49.96130"
"53.20000","1.81274","1,935.57275","0.00925","0.00254","50.03859"
"53.30000","1.81611","1,937.66577","0.00927","0.00249","50.09270"
"53.40000","1.81954","1,940.35559","0.00926","0.00242","50.16224"
"53.50000","1.82276","1,942.33228","0.00928","0.00235","50.21334"
"53.60000","1.82612","1,944.54211","0.00929","0.00236","50.27047"
"53.70000","1.82956","1,947.55005","0.00930","0.00231","50.34823"
"53.80000","1.83262","1,949.49707","0.00931","0.00227","50.39856"
"53.90000","1.83614","1,951.99963","0.00934","0.00221","50.46326"
"54.00000","1.83957","1,954.07861","0.00934","0.00225","50.51701"
"54.10000","1.84271","1,957.04700","0.00937","0.00223","50.59375"
"54.20000","1.84623","1,958.91394","0.00938","0.00223","50.64201"
"54.30000","1.84951","1,961.61328","0.00938","0.00223","50.71179"
"54.40000","1.85280","1,963.07690","0.00943","0.00223","50.74963"
"54.50000","1.85609","1,965.98865","0.00944","0.00227","50.82491"
"54.60000","1.85945","1,968.52344","0.00947","0.00223","50.89043"
"54.70000","1.86282","1,970.51184","0.00948","0.00237","50.94184"
"54.80000","1.86603","1,972.59583","0.00949","0.00273","50.99572"
"54.90000","1.86954","1,975.66138","0.00961","0.00275","51.07497"
"55.00000","1.87298","1,977.03540","0.00958","0.00303","51.11049"
"55.10000","1.87605","1,977.93079","0.00957","0.00304","51.13363"
"55.20000","1.87948","1,980.47595","0.00962","0.00301","51.19943"
"55.30000","1.88285","1,983.84241","0.00962","0.00300","51.28646"
"55.40000","1.88599","1,985.52734","0.00970","0.00295","51.33002"
"55.50000","1.88957","1,989.37817","0.00972","0.00294","51.42957"
"55.60000","1.89286","1,990.32202","0.00977","0.00294","51.45397"
"55.70000","1.89615","1,992.00171","0.00979","0.00285","51.49740"
"55.80000","1.89951","1,995.08960","0.00975","0.00287","51.57722"
"55.90000","1.90280","1,996.57080","0.00980","0.00285","51.61552"
"56.00000","1.90616","1,999.04846","0.00976","0.00283","51.67957"
"56.10000","1.90930","2,001.53613","0.00973","0.00283","51.74388"
"56.20000","1.91282","2,003.61292","0.00975","0.00282","51.79757"
"56.30000","1.91625","2,005.90601","0.00976","0.00274","51.85685"
"56.40000","1.91932","2,008.65515","0.00984","0.00271","51.92792"
"56.50000","1.92291","2,010.65247","0.00980","0.00268","51.97956"
"56.60000","1.92619","2,012.98279","0.00981","0.00267","52.03980"
"56.70000","1.92933","2,014.94958","0.00981","0.00258","52.09065"
"56.80000","1.93285","2,017.24207","0.00983","0.00254","52.14991"
"56.90000","1.93621","2,020.15271","0.00987","0.00237","52.22516"
"57.00000","1.93942","2,021.67578","0.00982","0.00236","52.26453"
"57.10000","1.94286","2,024.12683","0.00987","0.00246","52.32790"
"57.20000","1.94622","2,026.89026","0.00984","0.00249","52.39934"
"57.30000","1.94951","2,028.50403","0.00990","0.00244","52.44106"
"57.40000","1.95273","2,030.59912","0.00989","0.00244","52.49522"
"57.50000","1.95609","2,032.90381","0.00990","0.00243","52.55480"
"57.60000","1.95945","2,034.92908","0.00994","0.00246","52.60716"
"57.70000","1.96274","2,037.34155","0.00997","0.00251","52.66953"
"57.80000","1.96618","2,039.50391","0.01001","0.00253","52.72543"
"57.90000","1.96954","2,041.68860","0.01001","0.00266","52.78191"
"58.00000","1.97275","2,044.24451","0.01004","0.00293","52.84798"
"58.10000","1.97612","2,046.41724","0.01015","0.00327","52.90415"
"58.20000","1.97941","2,048.01489","0.01015","0.00330","52.94545"
"58.30000","1.98269","2,049.72217","0.01010","0.00329","52.98959"
"58.40000","1.98613","2,052.77539","0.01022","0.00317","53.06852"
"58.50000","1.98957","2,055.52734","0.01020","0.00317","53.13967"
"58.60000","1.99286","2,057.20776","0.01023","0.00318","53.18311"
"58.70000","1.99615","2,060.11890","0.01027","0.00312","53.25837"
"58.80000","1.99951","2,062.08862","0.01027","0.00314","53.30929"
"58.90000","2.00280","2,063.94189","0.01029","0.00312","53.35720"
"59.00000","2.00601","2,065.48657","0.01029","0.00306","53.39713"
"59.10000","2.00953","2,068.81958","0.01036","0.00311","53.48330"
"59.20000","2.01289","2,070.51196","0.01037","0.00310","53.52705"
"59.30000","2.01610","2,073.18604","0.01035","0.00294","53.59618"
"59.40000","2.01954","2,075.40308","0.01036","0.00292","53.65350"
"59.50000","2.02290","2,077.99048","0.01038","0.00293","53.72039"
"59.60000","2.02612","2,079.88818","0.01038","0.00286","53.76945"
"59.70000","2.02941","2,082.23022","0.01039","0.00289","53.82999"
"59.80000","2.03284","2,083.89380","0.01039","0.00279","53.87300"
"59.90000","2.03613","2,086.54883","0.01041","0.00268","53.94164"
"60.00000","2.03949","2,088.79590","0.01041","0.00264","53.99973"
"60.10000","2.04286","2,090.54199","0.01039","0.00261","54.04487"
"60.20000","2.04607","2,093.16113","0.01039","0.00249","54.11258"
"60.30000","2.04936","2,095.17749","0.01040","0.00269","54.16471"
"60.40000","2.05280","2,097.55298","0.01039","0.00269","54.22612"
"60.50000","2.05616","2,099.98901","0.01045","0.00268","54.28909"
"60.60000","2.05945","2,102.51343","0.01045","0.00269","54.35435"
"60.70000","2.06289","2,104.13623","0.01050","0.00274","54.39631"
"60.80000","2.06625","2,106.40063","0.01048","0.00277","54.45485"
"60.90000","2.06939","2,108.66211","0.01053","0.00283","54.51331"
"61.00000","2.07275","2,110.21802","0.01053","0.00288","54.55354"
"61.10000","2.07619","2,113.47021","0.01064","0.00314","54.63761"
"61.20000","2.07940","2,114.87744","0.01057","0.00330","54.67399"
"61.30000","2.08284","2,117.31641","0.01060","0.00351","54.73704"
"61.40000","2.08628","2,118.85474","0.01068","0.00343","54.77681"
"61.50000","2.08942","2,120.68188","0.01071","0.00339","54.82405"
"61.60000","2.09286","2,123.54224","0.01071","0.00332","54.89799"
"61.70000","2.09615","2,125.87061","0.01070","0.00332","54.95819"
"61.80000","2.09951","2,127.49976","0.01078","0.00341","55.00031"
"61.90000","2.10272","2,130.10913","0.01078","0.00335","55.06776"
"62.00000","2.10616","2,132.65283","0.01078","0.00327","55.13352"
"62.10000","2.10960","2,134.09692","0.01077","0.00321","55.17085"
"62.20000","2.11281","2,136.93726","0.01082","0.00324","55.24428"
"62.30000","2.11610","2,138.06250","0.01083","0.00320","55.27337"
"62.40000","2.11946","2,140.90820","0.01088","0.00324","55.34694"
"62.50000","2.12260","2,143.05420","0.01088","0.00318","55.40242"
"62.60000","2.12612","2,145.81079","0.01087","0.00307","55.47368"
"62.70000","2.12955","2,147.20996","0.01090","0.00303","55.50985"
"62.80000","2.13277","2,149.04907","0.01091","0.00294","55.55740"
"62.90000","2.13613","2,151.52051","0.01093","0.00295","55.62129"
"63.00000","2.13949","2,153.89307","0.01097","0.00285","55.68262"
"63.10000","2.14278","2,155.95312","0.01095","0.00281","55.73588"
"63.20000","2.14607","2,158.22559","0.01100","0.00272","55.79463"
"63.30000","2.14943","2,159.51758","0.01103","0.00284","55.82803"
"63.40000","2.15287","2,162.49683","0.01104","0.00289","55.90505"
"63.50000","2.15608","2,164.16821","0.01105","0.00288","55.94826"
"63.60000","2.15952","2,166.81470","0.01101","0.00289","56.01668"
"63.70000","2.16296","2,168.47729","0.01111","0.00280","56.05966"
"63.80000","2.16602","2,170.67310","0.01106","0.00290","56.11642"
"63.90000","2.16946","2,173.12793","0.01105","0.00292","56.17989"
"64.00000","2.17290","2,175.34277","0.01115","0.00300","56.23714"
"64.10000","2.17604","2,178.09277","0.01114","0.00300","56.30824"
"64.20000","2.17955","2,178.98560","0.01116","0.00317","56.33132"
"64.30000","2.18284","2,181.96899","0.01115","0.00368","56.40845"
"64.40000","2.18613","2,184.25562","0.01117","0.00365","56.46756"
"64.50000","2.18942","2,186.32324","0.01119","0.00361","56.52102"
"64.60000","2.19271","2,187.17407","0.01120","0.00354","56.54301"
"64.70000","2.19614","2,190.92725","0.01120","0.00352","56.64004"
"64.80000","2.19936","2,192.83740","0.01123","0.00350","56.68942"
"64.90000","2.20280","2,194.94971","0.01122","0.00346","56.74403"
"65.00000","2.20631","2,196.40625","0.01126","0.00348","56.78168"
"65.10000","2.20937","2,198.27637","0.01127","0.00346","56.83003"
"65.20000","2.21288","2,200.54565","0.01128","0.00347","56.88869"
"65.30000","2.21617","2,202.70239","0.01130","0.00338","56.94445"
"65.40000","2.21939","2,204.65674","0.01131","0.00340","56.99497"
"65.50000","2.22282","2,206.99194","0.01134","0.00342","57.05534"
"65.60000","2.22619","2,209.07935","0.01135","0.00330","57.10931"
"65.70000","2.22948","2,210.83643","0.01139","0.00334","57.15473"
"65.80000","2.23291","2,212.83936","0.01141","0.00325","57.20651"
"65.90000","2.23620","2,215.55957","0.01143","0.00307","57.27683"
"66.00000","2.23949","2,217.10986","0.01147","0.00311","57.31691"
"66.10000","2.24270","2,219.25610","0.01148","0.00298","57.37240"
"66.20000","2.24614","2,221.62744","0.01150","0.00293","57.43370"
"66.30000","2.24951","2,223.86157","0.01154","0.00299","57.49146"
"66.40000","2.25272","2,225.42163","0.01153","0.00289","57.53179"
"66.50000","2.25623","2,227.30469","0.01156","0.00295","57.58047"
"66.60000","2.25952","2,229.42773","0.01158","0.00306","57.63535"
"66.70000","2.26266","2,231.57007","0.01161","0.00302","57.69074"
"66.80000","2.26610","2,233.06372","0.01161","0.00304","57.72935"
"66.90000","2.26946","2,235.01685","0.01161","0.00308","57.77985"
"67.00000","2.27275","2,237.76343","0.01164","0.00300","57.85085"
"67.10000","2.27611","2,239.69946","0.01165","0.00311","57.90090"
"67.20000","2.27948","2,241.71143","0.01166","0.00316","57.95292"
"67.30000","2.28284","2,243.21362","0.01167","0.00329","57.99175"
"67.40000","2.28605","2,245.50562","0.01168","0.00357","58.05100"
"67.50000","2.28942","2,247.74902","0.01171","0.00383","58.10900"
"67.60000","2.29285","2,249.93872","0.01171","0.00377","58.16561"
"67.70000","2.29599","2,252.20898","0.01173","0.00372","58.22430"
"67.80000","2.29958","2,253.43066","0.01172","0.00371","58.25588"
"67.90000","2.30294","2,255.77515","0.01175","0.00370","58.31649"
"68.00000","2.30608","2,258.25610","0.01174","0.00374","58.38063"
"68.10000","2.30952","2,260.58887","0.01175","0.00365","58.44093"
"68.20000","2.31281","2,262.13623","0.01179","0.00362","58.48094"
"68.30000","2.31610","2,264.30225","0.01180","0.00369","58.53693"
"68.40000","2.31946","2,265.37036","0.01182","0.00363","58.56454"
"68.50000","2.32290","2,268.39893","0.01184","0.00357","58.64284"
"68.60000","2.32611","2,270.00537","0.01185","0.00353","58.68437"
"68.70000","2.32940","2,271.37573","0.01187","0.00346","58.71980"
"68.80000","2.33284","2,273.95825","0.01189","0.00347","58.78656"
"68.90000","2.33613","2,276.01025","0.01196","0.00338","58.83961"
"69.00000","2.33934","2,278.16284","0.01195","0.00333","58.89526"
"69.10000","2.34285","2,280.67188","0.01197","0.00325","58.96012"
"69.20000","2.34622","2,279.93677","0.01199","0.00320","58.94112"
"69.30000","2.34943","2,282.34131","0.01202","0.00318","59.00328"
"69.40000","2.35287","2,285.54834","0.01206","0.00317","59.08619"
"69.50000","2.35623","2,287.66699","0.01208","0.00310","59.14096"
"69.60000","2.35937","2,289.16675","0.01208","0.00325","59.17973"
"69.70000","2.36273","2,292.80908","0.01212","0.00319","59.27390"
"69.80000","2.36624","2,294.41309","0.01212","0.00317","59.31536"
"69.90000","2.36946","2,295.77222","0.01214","0.00322","59.35050"
"70.00000","2.37282","2,296.00024","0.01214","0.00321","59.35639"
"70.10000","2.37626","2,298.82495","0.01215","0.00322","59.42942"
"70.20000","2.37947","2,301.04785","0.01217","0.00327","59.48689"
"70.30000","2.38269","2,302.34424","0.01220","0.00335","59.52040"
"70.40000","2.38612","2,305.26318","0.01220","0.00343","59.59586"
"70.50000","2.38949","2,306.21167","0.01221","0.00389","59.62038"
"70.60000","2.39270","2,309.62085","0.01220","0.00400","59.70852"
"70.70000","2.39614","2,310.93066","0.01223","0.00400","59.74237"
"70.80000","2.39958","2,312.55444","0.01225","0.00395","59.78436"
"70.90000","2.40272","2,313.38721","0.01227","0.00392","59.80588"
"71.00000","2.40608","2,315.33057","0.01227","0.00387","59.85612"
"71.10000","2.40952","2,315.71973","0.01230","0.00385","59.86618"
"71.20000","2.41266","2,317.49072","0.01230","0.00380","59.91197"
"71.30000","2.41609","2,320.59229","0.01231","0.00383","59.99215"
"71.40000","2.41961","2,322.23926","0.01233","0.00377","60.03473"
"71.50000","2.42275","2,324.66187","0.01233","0.00379","60.09735"
"71.60000","2.42618","2,327.12671","0.01236","0.00372","60.16108"
"71.70000","2.42947","2,328.69751","0.01240","0.00366","60.20169"
"71.80000","2.43276","2,330.47876","0.01239","0.00367","60.24773"
"71.90000","2.43605","2,331.93848","0.01245","0.00361","60.28547"
"72.00000","2.43949","2,333.41577","0.01246","0.00351","60.32366"
"72.10000","2.44292","2,334.39160","0.01246","0.00349","60.34889"
"72.20000","2.44606","2,335.60767","0.01250","0.00342","60.38033"
"72.30000","2.44950","2,338.13477","0.01253","0.00343","60.44566"
"72.40000","2.45294","2,339.67310","0.01254","0.00342","60.48543"
"72.50000","2.45600","2,341.63843","0.01259","0.00334","60.53624"
"72.60000","2.45944","2,342.62598","0.01259","0.00338","60.56176"
"72.70000","2.46288","2,344.22681","0.01262","0.00339","60.60315"
"72.80000","2.46609","2,347.88721","0.01266","0.00339","60.69778"
"72.90000","2.46953","2,349.61597","0.01265","0.00336","60.74247"
"73.00000","2.47289","2,351.37622","0.01270","0.00336","60.78798"
"73.10000","2.47611","2,352.50757","0.01267","0.00340","60.81723"
"73.20000","2.47932","2,353.69727","0.01272","0.00338","60.84798"
"73.30000","2.48276","2,356.72266","0.01274","0.00353","60.92619"
"73.40000","2.48620","2,358.09595","0.01273","0.00349","60.96170"
"73.50000","2.48934","2,359.33667","0.01274","0.00351","60.99377"
"73.60000","2.49285","2,360.30396","0.01275","0.00368","61.01878"
"73.70000","2.49629","2,363.08154","0.01276","0.00405","61.09058"
"73.80000","2.49935","2,364.91699","0.01277","0.00415","61.13803"
"73.90000","2.50286","2,365.99609","0.01279","0.00410","61.16593"
"74.00000","2.50615","2,367.96973","0.01279","0.00406","61.21695"
"74.10000","2.50937","2,369.56641","0.01280","0.00406","61.25823"
"74.20000","2.51288","2,371.87598","0.01282","0.00403","61.31794"
"74.30000","2.51617","2,373.68945","0.01284","0.00404","61.36482"
"74.40000","2.51953","2,374.78271","0.01285","0.00401","61.39309"
"74.50000","2.52282","2,377.19946","0.01288","0.00398","61.45556"
"74.60000","2.52611","2,379.46289","0.01288","0.00389","61.51408"
"74.70000","2.52947","2,381.80640","0.01292","0.00392","61.57466"
"74.80000","2.53268","2,383.57129","0.01291","0.00388","61.62029"
"74.90000","2.53612","2,385.70264","0.01293","0.00380","61.67539"
"75.00000","2.53956","2,387.38013","0.01295","0.00374","61.71875"
"75.10000","2.54277","2,389.10474","0.01297","0.00371","61.76334"
"75.20000","2.54621","2,391.18774","0.01300","0.00359","61.81719"
"75.30000","2.54950","2,393.00391","0.01303","0.00365","61.86414"
"75.40000","2.55264","2,395.12329","0.01306","0.00359","61.91893"
"75.50000","2.55615","2,396.95020","0.01306","0.00349","61.96616"
"75.60000","2.55951","2,399.53442","0.01309","0.00342","62.03297"
"75.70000","2.56280","2,400.36743","0.01309","0.00347","62.05450"
"75.80000","2.56609","2,402.25317","0.01313","0.00363","62.10325"
"75.90000","2.56945","2,404.62744","0.01314","0.00356","62.16463"
"76.00000","2.57282","2,406.49976","0.01318","0.00361","62.21304"
"76.10000","2.57596","2,408.00659","0.01318","0.00349","62.25199"
"76.20000","2.57947","2,410.41406","0.01321","0.00351","62.31423"
"76.30000","2.58291","2,412.46484","0.01320","0.00359","62.36724"
"76.40000","2.58605","2,414.24048","0.01320","0.00364","62.41315"
"76.50000","2.58956","2,416.66089","0.01324","0.00368","62.47572"
"76.60000","2.59292","2,418.11841","0.01323","0.00379","62.51340"
"76.70000","2.59599","2,419.61597","0.01328","0.00410","62.55212"
"76.80000","2.59950","2,422.12207","0.01328","0.00433","62.61691"
"76.90000","2.60279","2,423.96362","0.01328","0.00435","62.66451"
"77.00000","2.60615","2,426.11499","0.01329","0.00432","62.72013"
"77.10000","2.60944","2,428.13818","0.01321","0.00427","62.77243"
"77.20000","2.61288","2,429.14404","0.01335","0.00427","62.79844"
"77.30000","2.61616","2,432.13110","0.01335","0.00418","62.87566"
"77.40000","2.61938","2,433.59326","0.01335","0.00418","62.91346"
"77.50000","2.62274","2,435.69092","0.01337","0.00421","62.96769"
"77.60000","2.62611","2,437.56738","0.01338","0.00419","63.01620"
"77.70000","2.62932","2,439.48560","0.01341","0.00409","63.06579"
"77.80000","2.63291","2,442.08154","0.01343","0.00411","63.13290"
"77.90000","2.63619","2,443.10303","0.01345","0.00404","63.15931"
"78.00000","2.63941","2,444.82104","0.01347","0.00398","63.20372"
"78.10000","2.64285","2,446.50073","0.01349","0.00392","63.24714"
"78.20000","2.64621","2,449.43408","0.01351","0.00390","63.32298"
"78.30000","2.64942","2,451.87988","0.01352","0.00383","63.38621"
"78.40000","2.65279","2,452.47461","0.01353","0.00380","63.40158"
"78.50000","2.65622","2,455.47119","0.01356","0.00370","63.47905"
"78.60000","2.65951","2,457.06128","0.01358","0.00368","63.52016"
"78.70000","2.66273","2,458.56055","0.01360","0.00366","63.55891"
"78.80000","2.66624","2,460.46704","0.01363","0.00373","63.60820"
"78.90000","2.66945","2,463.27783","0.01362","0.00375","63.68087"
"79.00000","2.67267","2,464.49561","0.01365","0.00372","63.71235"
"79.10000","2.67618","2,466.22607","0.01366","0.00372","63.75708"
"79.20000","2.67954","2,468.67529","0.01369","0.00371","63.82040"
"79.30000","2.68276","2,471.14453","0.01371","0.00374","63.88424"
"79.40000","2.68619","2,472.72949","0.01372","0.00369","63.92521"
"79.50000","2.68956","2,474.50464","0.01375","0.00378","63.97110"
"79.60000","2.69270","2,476.63550","0.01374","0.00377","64.02619"
"79.70000","2.69606","2,478.38965","0.01379","0.00383","64.07154"
"79.80000","2.69950","2,480.72266","0.01379","0.00405","64.13185"
"79.90000","2.70278","2,482.16064","0.01377","0.00457","64.16903"
"80.00000","2.70615","2,484.29004","0.01376","0.00451","64.22408"
"80.10000","2.70959","2,485.59717","0.01381","0.00443","64.25787"
"80.20000","2.71280","2,488.61816","0.01388","0.00445","64.33597"
"80.30000","2.71601","2,489.16431","0.01387","0.00443","64.35009"
"80.40000","2.71945","2,492.02930","0.01388","0.00437","64.42416"
"80.50000","2.72281","2,493.69287","0.01391","0.00440","64.46716"
"80.60000","2.72603","2,495.28003","0.01392","0.00431","64.50819"
"80.70000","2.72947","2,497.28638","0.01392","0.00427","64.56006"
"80.80000","2.73298","2,499.55664","0.01394","0.00427","64.61875"
"80.90000","2.73612","2,501.78271","0.01400","0.00419","64.67630"
"81.00000","2.73948","2,503.40723","0.01399","0.00413","64.71829"
"81.10000","2.74284","2,505.48022","0.01397","0.00416","64.77189"
"81.20000","2.74606","2,507.13354","0.01401","0.00401","64.81463"
"81.30000","2.74942","2,509.06396","0.01405","0.00402","64.86453"
"81.40000","2.75293","2,511.63867","0.01405","0.00398","64.93110"
"81.50000","2.75607","2,512.32788","0.01408","0.00389","64.94891"
"81.60000","2.75944","2,514.49902","0.01408","0.00386","65.00504"
"81.70000","2.76287","2,516.60767","0.01409","0.00380","65.05956"
"81.80000","2.76609","2,518.80664","0.01412","0.00382","65.11640"
"81.90000","2.76938","2,520.27222","0.01414","0.00382","65.15429"
"82.00000","2.77274","2,522.12085","0.01413","0.00392","65.20208"
"82.10000","2.77625","2,524.21021","0.01408","0.00387","65.25610"
"82.20000","2.77939","2,525.95239","0.01418","0.00385","65.30113"
"82.30000","2.78283","2,527.99390","0.01422","0.00380","65.35391"
"82.40000","2.78627","2,529.89380","0.01415","0.00382","65.40303"
"82.50000","2.78933","2,531.58130","0.01425","0.00385","65.44666"
"82.60000","2.79284","2,533.96509","0.01415","0.00382","65.50828"
"82.70000","2.79621","2,535.95679","0.01419","0.00392","65.55977"
"82.80000","2.79942","2,536.85376","0.01418","0.00397","65.58296"
"82.90000","2.80286","2,539.08179","0.01426","0.00405","65.64056"
"83.00000","2.80615","2,541.92773","0.01429","0.00435","65.71413"
"83.10000","2.80951","2,543.39233","0.01424","0.00461","65.75199"
"83.20000","2.81272","2,544.78027","0.01429","0.00461","65.78787"
"83.30000","2.81609","2,547.32788","0.01428","0.00457","65.85374"
"83.40000","2.81945","2,549.09912","0.01443","0.00454","65.89953"
"83.50000","2.82266","2,549.94751","0.01439","0.00452","65.92146"
"83.60000","2.82618","2,553.27441","0.01447","0.00452","66.00747"
"83.70000","2.82961","2,554.69409","0.01443","0.00452","66.04417"
"83.80000","2.83275","2,556.35791","0.01450","0.00444","66.08718"
"83.90000","2.83612","2,558.63306","0.01452","0.00443","66.14600"
"84.00000","2.83948","2,560.10547","0.01452","0.00436","66.18407"
"84.10000","2.84262","2,562.26587","0.01453","0.00433","66.23991"
"84.20000","2.84613","2,563.18823","0.01452","0.00427","66.26376"
"84.30000","2.84949","2,565.77173","0.01455","0.00420","66.33055"
"84.40000","2.85278","2,567.78931","0.01456","0.00415","66.38271"
"84.50000","2.85615","2,570.07080","0.01457","0.00406","66.44169"
"84.60000","2.85943","2,571.44482","0.01458","0.00403","66.47721"
"84.70000","2.86280","2,573.54175","0.01462","0.00394","66.53142"
"84.80000","2.86601","2,575.54688","0.01453","0.00393","66.58326"
"84.90000","2.86952","2,576.11523","0.01464","0.00401","66.59795"
"85.00000","2.87296","2,579.55127","0.01461","0.00405","66.68678"
"85.10000","2.87603","2,581.28296","0.01469","0.00403","66.73154"
"85.20000","2.87954","2,583.56592","0.01454","0.00407","66.79057"
"85.30000","2.88290","2,584.28369","0.01459","0.00402","66.80912"
"85.40000","2.88604","2,586.32910","0.01465","0.00399","66.86200"
"85.50000","2.88948","2,588.27979","0.01464","0.00397","66.91243"
"85.60000","2.89284","2,590.17529","0.01465","0.00392","66.96143"
"85.70000","2.89613","2,591.84912","0.01466","0.00400","67.00470"
"85.80000","2.89942","2,593.56836","0.01468","0.00400","67.04915"
"85.90000","2.90286","2,595.62427","0.01469","0.00411","67.10229"
"86.00000","2.90614","2,597.69727","0.01472","0.00416","67.15589"
"86.10000","2.90928","2,599.32739","0.01473","0.00448","67.19803"
"86.20000","2.91272","2,600.00073","0.01477","0.00486","67.21544"
"86.30000","2.91623","2,603.32544","0.01481","0.00476","67.30139"
"86.40000","2.91937","2,604.61060","0.01482","0.00481","67.33461"
"86.50000","2.92289","2,606.76855","0.01482","0.00475","67.39040"
"86.60000","2.92625","2,608.62329","0.01495","0.00464","67.43835"
"86.70000","2.92939","2,610.02026","0.01496","0.00472","67.47446"
"86.80000","2.93283","2,612.00854","0.01498","0.00468","67.52586"
"86.90000","2.93611","2,614.07617","0.01504","0.00456","67.57932"
"87.00000","2.93933","2,616.03882","0.01505","0.00456","67.63006"
"87.10000","2.94277","2,618.13403","0.01510","0.00450","67.68422"
"87.20000","2.94620","2,619.28662","0.01509","0.00444","67.71402"
"87.30000","2.94957","2,621.47363","0.01504","0.00438","67.77056"
"87.40000","2.95278","2,622.66064","0.01511","0.00429","67.80125"
"87.50000","2.95614","2,625.21582","0.01508","0.00426","67.86730"
"87.60000","2.95951","2,627.23218","0.01510","0.00429","67.91943"
"87.70000","2.96265","2,628.64258","0.01510","0.00416","67.95589"
"87.80000","2.96623","2,630.42725","0.01513","0.00419","68.00203"
"87.90000","2.96960","2,631.37158","0.01509","0.00412","68.02644"
"88.00000","2.97281","2,633.84668","0.01508","0.00418","68.09043"
"88.10000","2.97617","2,636.41748","0.01505","0.00408","68.15689"
"88.20000","2.97954","2,638.05884","0.01511","0.00422","68.19932"
"88.30000","2.98267","2,639.58789","0.01509","0.00421","68.23885"
"88.40000","2.98604","2,640.97974","0.01510","0.00420","68.27483"
"88.50000","2.98948","2,643.54150","0.01512","0.00418","68.34106"
"88.60000","2.99276","2,645.27759","0.01512","0.00416","68.38594"
"88.70000","2.99613","2,647.04395","0.01514","0.00416","68.43160"
"88.80000","2.99957","2,649.07861","0.01516","0.00418","68.48421"
"88.90000","3.00278","2,651.36328","0.01520","0.00415","68.54327"
"89.00000","3.00599","2,652.84546","0.01520","0.00422","68.58159"
"89.10000","3.00951","2,654.72729","0.01521","0.00437","68.63023"
"89.20000","3.01287","2,656.38037","0.01524","0.00439","68.67297"
"89.30000","3.01608","2,658.08984","0.01527","0.00471","68.71716"
"89.40000","3.01952","2,660.15820","0.01529","0.00497","68.77064"
"89.50000","3.02296","2,661.52759","0.01541","0.00499","68.80604"
"89.60000","3.02602","2,663.98291","0.01544","0.00492","68.86951"
"89.70000","3.02939","2,665.21143","0.01539","0.00493","68.90127"
"89.80000","3.03282","2,666.54761","0.01543","0.00489","68.93581"
"89.90000","3.03604","2,668.72583","0.01551","0.00491","68.99213"
"90.00000","3.03947","2,670.95874","0.01557","0.00485","69.04985"
"90.10000","3.04291","2,672.57422","0.01550","0.00482","69.09161"
"90.20000","3.04605","2,674.06909","0.01556","0.00475","69.13026"
"90.30000","3.04941","2,675.96460","0.01557","0.00470","69.17926"
"90.40000","3.05278","2,678.24170","0.01560","0.00463","69.23813"
"90.50000","3.05614","2,679.79565","0.01556","0.00456","69.27831"
"90.60000","3.05935","2,681.68091","0.01557","0.00453","69.32704"
"90.70000","3.06279","2,683.24072","0.01557","0.00445","69.36736"
"90.80000","3.06623","2,685.63086","0.01561","0.00438","69.42915"
"90.90000","3.06937","2,687.51636","0.01557","0.00440","69.47790"
"91.00000","3.07281","2,689.36914","0.01564","0.00437","69.52580"
"91.10000","3.07617","2,691.31177","0.01565","0.00426","69.57602"
"91.20000","3.07931","2,692.38696","0.01558","0.00422","69.60381"
"91.30000","3.08282","2,693.70459","0.01561","0.00445","69.63788"
"91.40000","3.08619","2,696.53735","0.01562","0.00441","69.71111"
"91.50000","3.08947","2,697.78149","0.01568","0.00437","69.74328"
"91.60000","3.09284","2,699.91235","0.01568","0.00436","69.79836"
"91.70000","3.09613","2,701.96729","0.01564","0.00436","69.85149"
"91.80000","3.09949","2,704.12378","0.01567","0.00436","69.90723"
"91.90000","3.10270","2,704.77954","0.01570","0.00438","69.92419"
"92.00000","3.10607","2,707.49097","0.01569","0.00441","69.99429"
"92.10000","3.10958","2,709.28784","0.01570","0.00448","70.04074"
"92.20000","3.11272","2,710.59302","0.01573","0.00449","70.07448"
"92.30000","3.11615","2,712.89990","0.01574","0.00458","70.13412"
"92.40000","3.11959","2,714.78906","0.01579","0.00491","70.18296"
"92.50000","3.12273","2,716.34570","0.01584","0.00514","70.22320"
"92.60000","3.12617","2,718.38745","0.01590","0.00522","70.27599"
"92.70000","3.12946","2,719.93384","0.01588","0.00516","70.31596"
"92.80000","3.13275","2,721.71484","0.01593","0.00517","70.36200"
"92.90000","3.13618","2,723.53931","0.01596","0.00515","70.40917"
"93.00000","3.13947","2,724.51221","0.01600","0.00506","70.43432"
"93.10000","3.14284","2,726.75928","0.01602","0.00510","70.49241"
"93.20000","3.14612","2,728.74829","0.01605","0.00499","70.54383"
"93.30000","3.14941","2,730.36572","0.01605","0.00495","70.58565"
"93.40000","3.15285","2,732.53442","0.01607","0.00491","70.64171"
"93.50000","3.15599","2,734.41479","0.01609","0.00479","70.69032"
"93.60000","3.15950","2,736.71753","0.01607","0.00475","70.74986"
"93.70000","3.16294","2,738.14526","0.01611","0.00472","70.78677"
"93.80000","3.16608","2,739.93115","0.01613","0.00457","70.83293"
"93.90000","3.16952","2,742.05933","0.01612","0.00464","70.88795"
"94.00000","3.17281","2,743.53540","0.01615","0.00459","70.92611"
"94.10000","3.17609","2,745.36768","0.01614","0.00449","70.97348"
"94.20000","3.17946","2,747.03174","0.01615","0.00449","71.01649"
"94.30000","3.18282","2,748.95947","0.01616","0.00450","71.06633"
"94.40000","3.18618","2,751.14355","0.01618","0.00459","71.12280"
"94.50000","3.18947","2,752.33472","0.01620","0.00462","71.15359"
"94.60000","3.19276","2,754.13452","0.01620","0.00460","71.20012"
"94.70000","3.19620","2,756.25464","0.01622","0.00457","71.25493"
"94.80000","3.19934","2,757.86841","0.01622","0.00455","71.29665"
"94.90000","3.20277","2,759.73462","0.01625","0.00453","71.34489"
"95.00000","3.20621","2,761.71948","0.01626","0.00453","71.39621"
"95.10000","3.20935","2,763.57520","0.01627","0.00461","71.44418"
"95.20000","3.21294","2,765.74658","0.01628","0.00465","71.50031"
"95.30000","3.21623","2,767.04883","0.01626","0.00474","71.53398"
"95.40000","3.21937","2,768.42920","0.01626","0.00482","71.56966"
"95.50000","3.22280","2,770.64990","0.01635","0.00491","71.62708"
"95.60000","3.22609","2,772.50757","0.01630","0.00518","71.67510"
"95.70000","3.22946","2,774.62109","0.01633","0.00516","71.72974"
"95.80000","3.23274","2,776.00073","0.01643","0.00537","71.76540"
"95.90000","3.23618","2,778.42554","0.01642","0.00540","71.82809"
"96.00000","3.23962","2,779.89331","0.01646","0.00529","71.86604"
"96.10000","3.24268","2,781.67114","0.01649","0.00535","71.91199"
"96.20000","3.24612","2,784.07861","0.01650","0.00532","71.97424"
"96.30000","3.24956","2,785.29028","0.01652","0.00524","72.00556"
"96.40000","3.25262","2,786.85938","0.01654","0.00520","72.04613"
"96.50000","3.25629","2,788.90088","0.01657","0.00515","72.09890"
"96.60000","3.25957","2,790.49292","0.01658","0.00506","72.14006"
"96.70000","3.26279","2,792.59570","0.01662","0.00503","72.19442"
"96.80000","3.26608","2,794.36694","0.01661","0.00493","72.24021"
"96.90000","3.26944","2,796.13037","0.01665","0.00484","72.28580"
"97.00000","3.27273","2,798.14453","0.01667","0.00483","72.33787"
"97.10000","3.27609","2,799.24658","0.01664","0.00481","72.36636"
"97.20000","3.27953","2,800.69360","0.01668","0.00469","72.40377"
"97.30000","3.28282","2,802.66821","0.01667","0.00470","72.45482"
"97.40000","3.28603","2,804.32617","0.01670","0.00467","72.49768"
"97.50000","3.28954","2,806.80493","0.01672","0.00479","72.56176"
"97.60000","3.29283","2,810.16211","0.01671","0.00476","72.64855"
"97.70000","3.29597","2,810.04639","0.01671","0.00482","72.64555"
"97.80000","3.29956","2,812.00342","0.01672","0.00478","72.69615"
"97.90000","3.30292","2,813.54785","0.01672","0.00477","72.73608"
"98.00000","3.30614","2,815.89185","0.01673","0.00478","72.79668"
"98.10000","3.30957","2,817.23267","0.01676","0.00482","72.83134"
"98.20000","3.31286","2,819.41235","0.01678","0.00491","72.88769"
"98.30000","3.31608","2,821.08301","0.01681","0.00483","72.93088"
"98.40000","3.31944","2,822.30273","0.01682","0.00490","72.96241"
"98.50000","3.32288","2,824.36035","0.01685","0.00495","73.01560"
"98.60000","3.32617","2,826.42773","0.01686","0.00500","73.06905"
"98.70000","3.32945","2,828.53247","0.01687","0.00512","73.12346"
"98.80000","3.33297","2,829.57202","0.01689","0.00539","73.15034"
"98.90000","3.33618","2,832.01123","0.01690","0.00568","73.21339"
"99.00000","3.33932","2,832.89990","0.01693","0.00562","73.23637"
"99.10000","3.34276","2,835.09619","0.01694","0.00556","73.29314"
"99.20000","3.34612","2,836.78662","0.01697","0.00556","73.33685"
"99.30000","3.34933","2,838.39111","0.01700","0.00556","73.37833"
"99.40000","3.35285","2,840.48950","0.01700","0.00551","73.43258"
"99.50000","3.35628","2,842.48120","0.01706","0.00541","73.48406"
"99.60000","3.35950","2,844.24219","0.01705","0.00536","73.52959"
"99.70000","3.36279","2,845.74219","0.01708","0.00535","73.56837"
"99.80000","3.36615","2,848.02271","0.01711","0.00533","73.62733"
"99.90000","3.36936","2,849.21460","0.01713","0.00527","73.65813"
"100.00000","3.37273","2,850.53345","0.01713","0.00513","73.69223"
"100.10000","3.37624","2,852.61377","0.01715","0.00505","73.74601"
"100.20000","3.37953","2,856.27783","0.01717","0.00511","73.84074"
"100.30000","3.38282","2,856.52905","0.01718","0.00502","73.84723"
"100.40000","3.38618","2,858.74780","0.01720","0.00491","73.90459"
"100.50000","3.38947","2,860.50757","0.01722","0.00484","73.95008"
"100.60000","3.39268","2,861.79858","0.01724","0.00503","73.98346"
"100.70000","3.39612","2,864.22192","0.01726","0.00496","74.04610"
"100.80000","3.39963","2,865.88574","0.01727","0.00502","74.08912"
"100.90000","3.40277","2,867.57593","0.01726","0.00499","74.13281"
"101.00000","3.40613","2,869.63135","0.01727","0.00487","74.18595"
"101.10000","3.40957","2,871.10303","0.01728","0.00490","74.22400"
"101.20000","3.41271","2,872.83350","0.01730","0.00497","74.26874"
"101.30000","3.41607","2,874.22266","0.01731","0.00496","74.30465"
"101.40000","3.41951","2,875.88696","0.01734","0.00496","74.34767"
"101.50000","3.42280","2,878.52173","0.01735","0.00496","74.41579"
"101.60000","3.42616","2,879.89062","0.01736","0.00510","74.45118"
"101.70000","3.42945","2,882.05493","0.01740","0.00521","74.50713"
"101.80000","3.43289","2,883.75928","0.01739","0.00526","74.55119"
"101.90000","3.43603","2,885.85718","0.01739","0.00533","74.60542"
"102.00000","3.43939","2,887.54883","0.01741","0.00598","74.64915"
"102.10000","3.44290","2,889.00806","0.01747","0.00586","74.68688"
"102.20000","3.44604","2,890.51611","0.01746","0.00581","74.72587"
"102.30000","3.44948","2,893.17285","0.01749","0.00576","74.79455"
"102.40000","3.45299","2,894.28467","0.01751","0.00578","74.82330"
"102.50000","3.45606","2,895.84668","0.01750","0.00572","74.86367"
"102.60000","3.45950","2,897.76050","0.01756","0.00571","74.91315"
"102.70000","3.46278","2,899.80640","0.01756","0.00548","74.96604"
"102.80000","3.46607","2,902.44507","0.01757","0.00554","75.03426"
"102.90000","3.46944","2,903.32666","0.01762","0.00547","75.05704"
"103.00000","3.47280","2,905.13647","0.01763","0.00551","75.10384"
"103.10000","3.47624","2,907.30176","0.01765","0.00537","75.15981"
"103.20000","3.47945","2,909.20093","0.01766","0.00542","75.20891"
"103.30000","3.48274","2,910.28760","0.01767","0.00522","75.23700"
"103.40000","3.48618","2,912.64966","0.01771","0.00513","75.29807"
"103.50000","3.48932","2,913.93530","0.01772","0.00509","75.33130"
"103.60000","3.49275","2,916.67993","0.01776","0.00508","75.40226"
"103.70000","3.49627","2,917.59326","0.01776","0.00515","75.42587"
"103.80000","3.49933","2,920.00708","0.01777","0.00524","75.48827"
"103.90000","3.50284","2,921.53418","0.01778","0.00522","75.52775"
"104.00000","3.50621","2,923.04956","0.01778","0.00518","75.56693"
"104.10000","3.50942","2,925.01123","0.01779","0.00521","75.61764"
"104.20000","3.51278","2,927.06104","0.01781","0.00518","75.67063"
"104.30000","3.51615","2,928.60938","0.01783","0.00523","75.71066"
"104.40000","3.51958","2,930.65356","0.01783","0.00519","75.76350"
"104.50000","3.52272","2,932.30664","0.01787","0.00523","75.80624"
"104.60000","3.52616","2,934.19385","0.01787","0.00521","75.85503"
"104.70000","3.52960","2,935.92139","0.01789","0.00531","75.89969"
"104.80000","3.53266","2,936.78809","0.01790","0.00531","75.92210"
"104.90000","3.53618","2,939.24951","0.01791","0.00537","75.98573"
"105.00000","3.53961","2,940.91602","0.01794","0.00547","76.02881"
"105.10000","3.54268","2,942.32153","0.01793","0.00587","76.06515"
"105.20000","3.54627","2,944.54883","0.01797","0.00614","76.12273"
"105.30000","3.54955","2,946.69385","0.01798","0.00605","76.17818"
"105.40000","3.55277","2,948.40063","0.01797","0.00602","76.22231"
"105.50000","3.55606","2,949.64600","0.01799","0.00605","76.25450"
"105.60000","3.55942","2,951.39551","0.01801","0.00593","76.29973"
"105.70000","3.56278","2,953.73315","0.01805","0.00603","76.36016"
"105.80000","3.56607","2,955.15430","0.01805","0.00587","76.39690"
"105.90000","3.56951","2,956.41333","0.01808","0.00569","76.42945"
"106.00000","3.57287","2,959.06226","0.01810","0.00562","76.49792"
"106.10000","3.57594","2,960.35327","0.01814","0.00567","76.53130"
"106.20000","3.57945","2,962.18555","0.01813","0.00566","76.57867"
"106.30000","3.58281","2,964.02100","0.01818","0.00555","76.62612"
"106.40000","3.58603","2,965.45288","0.01817","0.00548","76.66314"
"106.50000","3.58954","2,966.98169","0.01822","0.00537","76.70266"
"106.60000","3.59290","2,969.38818","0.01823","0.00522","76.76488"
"106.70000","3.59611","2,970.48193","0.01825","0.00524","76.79315"
"106.80000","3.59948","2,972.77563","0.01829","0.00530","76.85245"
"106.90000","3.60284","2,974.34546","0.01830","0.00538","76.89303"
"107.00000","3.60613","2,975.89819","0.01831","0.00537","76.93317"
"107.10000","3.60942","2,977.84937","0.01835","0.00530","76.98361"
"107.20000","3.61286","2,979.58301","0.01836","0.00535","77.02843"
"107.30000","3.61622","2,981.82935","0.01836","0.00524","77.08650"
"107.40000","3.61943","2,983.60327","0.01836","0.00530","77.13236"
"107.50000","3.62287","2,985.13452","0.01839","0.00529","77.17195"
"107.60000","3.62616","2,987.27002","0.01839","0.00546","77.22716"
"107.70000","3.62930","2,988.32666","0.01841","0.00537","77.25447"
"107.80000","3.63289","2,990.76782","0.01844","0.00542","77.31758"
"107.90000","3.63617","2,992.10840","0.01844","0.00542","77.35224"
"108.00000","3.63939","2,993.65552","0.01848","0.00555","77.39223"
"108.10000","3.64283","2,996.15308","0.01847","0.00564","77.45680"
"108.20000","3.64619","2,998.28687","0.01847","0.00600","77.51196"
"108.30000","3.64940","2,999.45117","0.01848","0.00626","77.54207"
"108.40000","3.65277","3,001.00098","0.01852","0.00622","77.58213"
"108.50000","3.65620","3,002.74780","0.01854","0.00618","77.62729"
"108.60000","3.65949","3,004.42505","0.01853","0.00631","77.67065"
"108.70000","3.66271","3,006.44629","0.01854","0.00610","77.72290"
"108.80000","3.66622","3,008.09033","0.01857","0.00612","77.76540"
"108.90000","3.66951","3,009.57080","0.01858","0.00607","77.80368"
"109.00000","3.67272","3,011.24561","0.01860","0.00615","77.84698"
"109.10000","3.67616","3,013.71460","0.01861","0.00596","77.91080"
"109.20000","3.67952","3,015.13989","0.01864","0.00597","77.94765"
"109.30000","3.68274","3,017.50391","0.01866","0.00591","78.00877"
"109.40000","3.68617","3,019.31348","0.01866","0.00578","78.05555"
"109.50000","3.68961","3,020.40625","0.01869","0.00575","78.08380"
"109.60000","3.69282","3,022.40332","0.01871","0.00567","78.13543"
"109.70000","3.69611","3,023.61621","0.01874","0.00568","78.16679"
"109.80000","3.69948","3,025.72778","0.01877","0.00564","78.22137"
"109.90000","3.70269","3,026.95605","0.01877","0.00544","78.25313"
"110.00000","3.70613","3,028.79248","0.01880","0.00542","78.30060"
"110.10000","3.70949","3,030.66699","0.01883","0.00550","78.34906"
"110.20000","3.71285","3,032.66577","0.01881","0.00557","78.40073"
"110.30000","3.71614","3,033.78516","0.01884","0.00559","78.42967"
"110.40000","3.71943","3,035.25488","0.01889","0.00556","78.46767"
"110.50000","3.72279","3,037.87378","0.01891","0.00557","78.53537"
"110.60000","3.72593","3,038.98071","0.01892","0.00555","78.56399"
"110.70000","3.72945","3,041.17676","0.01892","0.00560","78.62076"
"110.80000","3.73288","3,042.64453","0.01893","0.00563","78.65871"
"110.90000","3.73602","3,044.86890","0.01897","0.00554","78.71621"
"111.00000","3.73946","3,046.03467","0.01897","0.00564","78.74635"
"111.10000","3.74290","3,048.62305","0.01899","0.00565","78.81326"
"111.20000","3.74604","3,049.34546","0.01897","0.00582","78.83194"
"111.30000","3.74940","3,051.16235","0.01900","0.00593","78.87891"
"111.40000","3.75284","3,053.27368","0.01903","0.00619","78.93349"
"111.50000","3.75613","3,055.66455","0.01905","0.00647","78.99530"
"111.60000","3.75949","3,056.94580","0.01904","0.00643","79.02842"
"111.70000","3.76285","3,057.48364","0.01905","0.00646","79.04233"
"111.80000","3.76622","3,059.83691","0.01905","0.00646","79.10316"
"111.90000","3.76943","3,062.05322","0.01906","0.00636","79.16046"
"112.00000","3.77272","3,063.28125","0.01911","0.00629","79.19221"
"112.10000","3.77623","3,065.29419","0.01911","0.00623","79.24425"
"112.20000","3.77937","3,065.83911","0.01913","0.00616","79.25833"
"112.30000","3.78281","3,068.10083","0.01913","0.00617","79.31680"
"112.40000","3.78625","3,070.76782","0.01914","0.00604","79.38575"
"112.50000","3.78938","3,071.76221","0.01915","0.00609","79.41145"
"112.60000","3.79282","3,073.14185","0.01919","0.00597","79.44712"
"112.70000","3.79611","3,074.90942","0.01919","0.00585","79.49282"
"112.80000","3.79940","3,076.04370","0.01923","0.00566","79.52214"
"112.90000","3.80276","3,078.36060","0.01924","0.00574","79.58204"
"113.00000","3.80613","3,080.49829","0.01934","0.00573","79.63731"
"113.10000","3.80956","3,082.25317","0.01925","0.00567","79.68267"
"113.20000","3.81278","3,083.32031","0.01932","0.00571","79.71026"
"113.30000","3.81614","3,085.11084","0.01935","0.00573","79.75655"
"113.40000","3.81958","3,086.28638","0.01940","0.00582","79.78693"
"113.50000","3.82264","3,088.44995","0.01937","0.00575","79.84287"
"113.60000","3.82616","3,090.03784","0.01941","0.00578","79.88392"
"113.70000","3.82967","3,092.46240","0.01946","0.00579","79.94660"
"113.80000","3.83273","3,092.76904","0.01947","0.00573","79.95453"
"113.90000","3.83624","3,095.14136","0.01950","0.00574","80.01585"
"114.00000","3.83953","3,096.32056","0.01949","0.00578","80.04634"
"114.10000","3.84275","3,099.05200","0.01950","0.00576","80.11696"
"114.20000","3.84611","3,100.31128","0.01951","0.00583","80.14951"
"114.30000","3.84947","3,101.16211","0.01952","0.00593","80.17151"
"114.40000","3.85284","3,103.88110","0.01954","0.00591","80.24180"
"114.50000","3.85605","3,105.27710","0.01954","0.00614","80.27789"
"114.60000","3.85949","3,107.02637","0.01957","0.00645","80.32311"
"114.70000","3.86293","3,109.00684","0.01957","0.00657","80.37431"
"114.80000","3.86592","3,109.68262","0.01958","0.00659","80.39178"
"114.90000","3.86943","3,112.34619","0.01958","0.00660","80.46064"
"115.00000","3.87287","3,113.99731","0.01962","0.00666","80.50332"
"115.10000","3.87608","3,115.81494","0.01961","0.00661","80.55031"
"115.20000","3.87952","3,116.76074","0.01962","0.00649","80.57476"
"115.30000","3.88288","3,118.92188","0.01965","0.00654","80.63063"
"115.40000","3.88609","3,120.59375","0.01965","0.00635","80.67385"
"115.50000","3.88946","3,122.00415","0.01967","0.00629","80.71032"
"115.60000","3.89282","3,123.34277","0.01967","0.00623","80.74492"
"115.70000","3.89611","3,125.55103","0.01967","0.00616","80.80201"
"115.80000","3.89940","3,126.69824","0.01972","0.00603","80.83167"
"115.90000","3.90284","3,128.81519","0.01973","0.00604","80.88640"
"116.00000","3.90627","3,130.60425","0.01972","0.00594","80.93265"
"116.10000","3.90934","3,132.20557","0.01979","0.00590","80.97404"
"116.20000","3.91285","3,133.73926","0.01989","0.00586","81.01369"
"116.30000","3.91621","3,135.32129","0.01985","0.00581","81.05459"
"116.40000","3.91928","3,136.52124","0.01986","0.00585","81.08561"
"116.50000","3.92286","3,139.22461","0.01988","0.00596","81.15550"
"116.60000","3.92623","3,139.74438","0.01992","0.00590","81.16894"
"116.70000","3.92944","3,141.94629","0.01992","0.00593","81.22586"
"116.80000","3.93280","3,143.46143","0.01998","0.00593","81.26503"
"116.90000","3.93609","3,145.26709","0.01996","0.00598","81.31171"
"117.00000","3.93938","3,145.99902","0.01999","0.00593","81.33064"
"117.10000","3.94267","3,147.90894","0.02002","0.00595","81.38000"
"117.20000","3.94618","3,149.95508","0.02006","0.00595","81.43291"
"117.30000","3.94955","3,151.73828","0.02005","0.00602","81.47900"
"117.40000","3.95276","3,152.85474","0.02006","0.00603","81.50787"
"117.50000","3.95620","3,154.94653","0.02007","0.00603","81.56194"
"117.60000","3.95949","3,156.78003","0.02008","0.00619","81.60934"
"117.70000","3.96270","3,157.55078","0.02010","0.00655","81.62927"
"117.80000","3.96614","3,159.90332","0.02010","0.00671","81.69009"
"117.90000","3.96950","3,161.58447","0.02012","0.00681","81.73355"
"118.00000","3.97279","3,163.62866","0.02014","0.00684","81.78640"
"118.10000","3.97623","3,164.22949","0.02016","0.00673","81.80193"
"118.20000","3.97959","3,165.92163","0.02015","0.00674","81.84567"
"118.30000","3.98280","3,167.92529","0.02016","0.00670","81.89748"
"118.40000","3.98609","3,169.18262","0.02016","0.00669","81.92998"
"118.50000","3.98946","3,171.36768","0.02018","0.00658","81.98647"
"118.60000","3.99282","3,172.65088","0.02017","0.00650","82.01964"
"118.70000","3.99603","3,174.58179","0.02019","0.00641","82.06956"
"118.80000","3.99954","3,175.98608","0.02018","0.00633","82.10586"
"118.90000","4.00283","3,177.43042","0.02025","0.00622","82.14320"
"119.00000","4.00605","3,179.60522","0.02027","0.00620","82.19942"
"119.10000","4.00948","3,181.50586","0.02024","0.00610","82.24856"
"119.20000","4.01285","3,183.27759","0.02027","0.00607","82.29436"
"119.30000","4.01606","3,184.60693","0.02030","0.00601","82.32873"
"119.40000","4.01942","3,186.90869","0.02031","0.00603","82.38824"
"119.50000","4.02286","3,189.71240","0.02046","0.00598","82.46072"
"119.60000","4.02615","3,191.47119","0.02044","0.00600","82.50618"
"119.70000","4.02944","3,193.05444","0.02042","0.00609","82.54711"
"119.80000","4.03288","3,195.08716","0.02044","0.00615","82.59966"
"119.90000","4.03609","3,197.93530","0.02050","0.00616","82.67329"
"120.00000","4.03945","3,198.83936","0.02054","0.00611","82.69666"
"120.10000","4.04289","3,202.56616","0.02055","0.00613","82.79301"
"120.20000","4.04618","3,204.45923","0.02055","0.00611","82.84195"
"120.30000","4.04947","3,206.10254","0.02058","0.00609","82.88444"
"120.40000","4.05283","3,208.02295","0.02056","0.00615","82.93408"
"120.50000","4.05620","3,210.16748","0.02059","0.00616","82.98952"
"120.60000","4.05933","3,212.67480","0.02061","0.00621","83.05434"
"120.70000","4.06277","3,215.19263","0.02060","0.00632","83.11943"
"120.80000","4.06621","3,217.98560","0.02063","0.00635","83.19164"
"120.90000","4.06942","3,220.81226","0.02064","0.00668","83.26471"
"121.00000","4.07279","3,221.79639","0.02062","0.00697","83.29015"
"121.10000","4.07622","3,225.30933","0.02066","0.00697","83.38097"
"121.20000","4.07936","3,228.17236","0.02063","0.00690","83.45499"
"121.30000","4.08273","3,229.46191","0.02068","0.00690","83.48832"
"121.40000","4.08616","3,232.15576","0.02068","0.00690","83.55797"
"121.50000","4.08945","3,234.14062","0.02067","0.00679","83.60928"
"121.60000","4.09274","3,235.44214","0.02065","0.00678","83.64292"
"121.70000","4.09618","3,237.12158","0.02069","0.00671","83.68634"
"121.80000","4.09954","3,239.14282","0.02070","0.00658","83.73859"
"121.90000","4.10276","3,240.77979","0.02071","0.00652","83.78091"
"122.00000","4.10604","3,242.17944","0.02074","0.00643","83.81710"
"122.10000","4.10956","3,244.32764","0.02076","0.00639","83.87263"
"122.20000","4.11270","3,245.65649","0.02076","0.00636","83.90699"
"122.30000","4.11621","3,247.05103","0.02079","0.00624","83.94304"
"122.40000","4.11965","3,248.70752","0.02084","0.00621","83.98586"
"122.50000","4.12271","3,250.37207","0.02085","0.00623","84.02889"
"122.60000","4.12615","3,251.93750","0.02085","0.00617","84.06937"
"122.70000","4.12951","3,253.99219","0.02094","0.00609","84.12248"
"122.80000","4.13280","3,255.40088","0.02093","0.00621","84.15890"
"122.90000","4.13609","3,256.90405","0.02100","0.00634","84.19776"
"123.00000","4.13945","3,258.77808","0.02103","0.00632","84.24621"
"123.10000","4.14289","3,260.77905","0.02101","0.00630","84.29794"
"123.20000","4.14603","3,262.28809","0.02112","0.00634","84.33694"
"123.30000","4.14947","3,263.33984","0.02110","0.00630","84.36414"
"123.40000","4.15283","3,265.45117","0.02111","0.00627","84.41872"
"123.50000","4.15589","3,267.65894","0.02114","0.00632","84.47579"
"123.60000","4.15948","3,269.04395","0.02114","0.00628","84.51160"
"123.70000","4.16292","3,270.69971","0.02119","0.00632","84.55441"
"123.80000","4.16606","3,271.68262","0.02120","0.00635","84.57982"
"123.90000","4.16957","3,274.14990","0.02117","0.00645","84.64360"
"124.00000","4.17286","3,274.97974","0.02113","0.00656","84.66505"
"124.10000","4.17607","3,277.45776","0.02123","0.00685","84.72912"
"124.20000","4.17936","3,278.91553","0.02120","0.00712","84.76680"
"124.30000","4.18280","3,280.41138","0.02116","0.00713","84.80547"
"124.40000","4.18616","3,282.25000","0.02115","0.00713","84.85300"
"124.50000","4.18938","3,283.22266","0.02114","0.00705","84.87815"
"124.60000","4.19289","3,285.08691","0.02116","0.00699","84.92635"
"124.70000","4.19625","3,287.55762","0.02119","0.00696","84.99022"
"124.80000","4.19932","3,288.16919","0.02119","0.00690","85.00603"
"124.90000","4.20283","3,291.21606","0.02125","0.00677","85.08479"
"125.00000","4.20627","3,292.22876","0.02127","0.00664","85.11098"
"125.10000","4.20933","3,293.25684","0.02136","0.00660","85.13756"
"125.20000","4.21292","3,295.86792","0.02129","0.00654","85.20506"
"125.30000","4.21621","3,297.45459","0.02137","0.00643","85.24608"
"125.40000","4.21942","3,298.96289","0.02136","0.00644","85.28506"
"125.50000","4.22278","3,300.28076","0.02142","0.00639","85.31914"
"125.60000","4.22607","3,301.81299","0.02144","0.00630","85.35875"
"125.70000","4.22944","3,303.53125","0.02146","0.00631","85.40317"
"125.80000","4.23272","3,305.30518","0.02139","0.00634","85.44903"
"125.90000","4.23616","3,307.02466","0.02150","0.00633","85.49348"
"126.00000","4.23952","3,309.21606","0.02152","0.00642","85.55013"
"126.10000","4.24266","3,309.50684","0.02153","0.00649","85.55765"
"126.20000","4.24618","3,312.04907","0.02155","0.00648","85.62337"
"126.30000","4.24954","3,314.48120","0.02161","0.00648","85.68625"
"126.40000","4.25268","3,315.61377","0.02158","0.00643","85.71553"
"126.50000","4.25619","3,317.65796","0.02166","0.00644","85.76837"
"126.60000","4.25955","3,319.24585","0.02169","0.00646","85.80943"
"126.70000","4.26277","3,320.45557","0.02167","0.00649","85.84070"
"126.80000","4.26621","3,321.85132","0.02168","0.00647","85.87679"
"126.90000","4.26949","3,323.46289","0.02171","0.00657","85.91844"
"127.00000","4.27278","3,325.62207","0.02169","0.00660","85.97427"
"127.10000","4.27607","3,326.95239","0.02174","0.00664","86.00865"
"127.20000","4.27951","3,328.91675","0.02174","0.00675","86.05944"
"127.30000","4.28280","3,330.56006","0.02175","0.00713","86.10192"
"127.40000","4.28609","3,331.93945","0.02170","0.00707","86.13758"
"127.50000","4.28952","3,334.59229","0.02173","0.00734","86.20616"
"127.60000","4.29281","3,335.82715","0.02172","0.00720","86.23808"
"127.70000","4.29603","3,337.33081","0.02174","0.00718","86.27696"
"127.80000","4.29946","3,338.83960","0.02185","0.00712","86.31596"
"127.90000","4.30283","3,340.16943","0.02174","0.00708","86.35034"
"128.00000","4.30604","3,342.30737","0.02175","0.00698","86.40562"
"128.10000","4.30948","3,343.98975","0.02180","0.00688","86.44910"
"128.20000","4.31292","3,344.82520","0.02180","0.00685","86.47070"
"128.30000","4.31613","3,347.14722","0.02182","0.00676","86.53073"
"128.40000","4.31942","3,348.81177","0.02181","0.00671","86.57377"
"128.50000","4.32286","3,350.30884","0.02182","0.00660","86.61246"
"128.60000","4.32607","3,351.95483","0.02191","0.00662","86.65502"
"128.70000","4.32936","3,354.10718","0.02192","0.00653","86.71066"
"128.80000","4.33287","3,355.19360","0.02190","0.00649","86.73875"
"128.90000","4.33623","3,356.43481","0.02199","0.00645","86.77084"
"129.00000","4.33945","3,358.37671","0.02194","0.00654","86.82104"
"129.10000","4.34281","3,360.60571","0.02196","0.00663","86.87866"
"129.20000","4.34617","3,362.55029","0.02203","0.00661","86.92893"
"129.30000","4.34939","3,363.14746","0.02201","0.00668","86.94437"
"129.40000","4.35275","3,365.05029","0.02208","0.00664","86.99357"
"129.50000","4.35626","3,366.85547","0.02209","0.00663","87.04023"
"129.60000","4.35948","3,367.81030","0.02209","0.00659","87.06492"
"129.70000","4.36277","3,369.73218","0.02215","0.00664","87.11460"
"129.80000","4.36613","3,371.01514","0.02216","0.00658","87.14777"
"129.90000","4.36942","3,373.63306","0.02214","0.00655","87.21545"
"130.00000","4.37271","3,374.00537","0.02218","0.00666","87.22507"
"130.10000","4.37614","3,376.66504","0.02220","0.00664","87.29383"
"130.20000","4.37951","3,378.09595","0.02224","0.00669","87.33083"
"130.30000","4.38280","3,379.53687","0.02226","0.00677","87.36807"
"130.40000","4.38616","3,381.42847","0.02226","0.00704","87.41698"
"130.50000","4.38952","3,383.02930","0.02225","0.00736","87.45836"
"130.60000","4.39266","3,383.84912","0.02230","0.00737","87.47955"
"130.70000","4.39610","3,386.32544","0.02230","0.00734","87.54357"
"130.80000","4.39954","3,388.47607","0.02235","0.00739","87.59917"
"130.90000","4.40275","3,389.10864","0.02236","0.00731","87.61552"
"131.00000","4.40611","3,390.96680","0.02238","0.00723","87.66356"
"131.10000","4.40963","3,392.85498","0.02238","0.00709","87.71237"
"131.20000","4.41269","3,394.21973","0.02230","0.00707","87.74766"
"131.30000","4.41613","3,395.61743","0.02239","0.00694","87.78379"
"131.40000","4.41942","3,397.76660","0.02230","0.00684","87.83935"
"131.50000","4.42278","3,399.90820","0.02234","0.00684","87.89471"
"131.60000","4.42607","3,400.88379","0.02243","0.00673","87.91994"
"131.70000","4.42951","3,403.49365","0.02245","0.00668","87.98740"
"131.80000","4.43294","3,405.10693","0.02247","0.00673","88.02911"
"131.90000","4.43601","3,405.73535","0.02248","0.00662","88.04536"
"132.00000","4.43945","3,408.05420","0.02248","0.00664","88.10531"
"132.10000","4.44288","3,409.32910","0.02245","0.00663","88.13827"
"132.20000","4.44595","3,410.64844","0.02248","0.00670","88.17237"
"132.30000","4.44946","3,412.68481","0.02258","0.00674","88.22501"
"132.40000","4.45290","3,414.35327","0.02254","0.00684","88.26815"
"132.50000","4.45604","3,415.46533","0.02256","0.00678","88.29690"
"132.60000","4.45955","3,417.27686","0.02252","0.00684","88.34373"
"132.70000","4.46276","3,419.12280","0.02263","0.00680","88.39145"
"132.80000","4.46605","3,421.33765","0.02258","0.00676","88.44871"
"132.90000","4.46942","3,422.36377","0.02260","0.00680","88.47523"
"133.00000","4.47278","3,423.68335","0.02263","0.00677","88.50935"
"133.10000","4.47622","3,425.45483","0.02264","0.00677","88.55515"
"133.20000","4.47943","3,427.23389","0.02265","0.00676","88.60114"
"133.30000","4.48287","3,429.51465","0.02268","0.00681","88.66010"
"133.40000","4.48631","3,430.88623","0.02272","0.00686","88.69556"
"133.50000","4.48930","3,432.53418","0.02273","0.00700","88.73817"
"133.60000","4.49288","3,433.60596","0.02274","0.00709","88.76587"
"133.70000","4.49625","3,435.60059","0.02275","0.00757","88.81744"
"133.80000","4.49939","3,437.06836","0.02280","0.00754","88.85538"
"133.90000","4.50290","3,438.75562","0.02287","0.00750","88.89900"
"134.00000","4.50619","3,440.22095","0.02286","0.00743","88.93688"
"134.10000","4.50940","3,441.80981","0.02288","0.00739","88.97796"
"134.20000","4.51276","3,442.79224","0.02289","0.00737","89.00336"
"134.30000","4.51605","3,444.86426","0.02292","0.00723","89.05692"
"134.40000","4.51949","3,446.16187","0.02290","0.00712","89.09047"
"134.50000","4.52270","3,448.24976","0.02289","0.00716","89.14445"
"134.60000","4.52622","3,450.37476","0.02296","0.00702","89.19938"
"134.70000","4.52958","3,451.81445","0.02300","0.00694","89.23660"
"134.80000","4.53264","3,452.81226","0.02298","0.00688","89.26240"
"134.90000","4.53616","3,454.34961","0.02299","0.00682","89.30214"
"135.00000","4.53944","3,457.24780","0.02298","0.00690","89.37706"
"135.10000","4.54266","3,457.79883","0.02301","0.00679","89.39131"
"135.20000","4.54625","3,459.30981","0.02303","0.00682","89.43037"
"135.30000","4.54953","3,462.60474","0.02303","0.00690","89.51555"
"135.40000","4.55282","3,463.34155","0.02300","0.00698","89.53460"
"135.50000","4.55619","3,464.56616","0.02305","0.00702","89.56626"
"135.60000","4.55947","3,466.02490","0.02305","0.00704","89.60397"
"135.70000","4.56276","3,468.06763","0.02308","0.00698","89.65678"
"135.80000","4.56605","3,469.24927","0.02309","0.00691","89.68732"
"135.90000","4.56949","3,470.30786","0.02309","0.00693","89.71469"
"136.00000","4.57293","3,473.04639","0.02309","0.00691","89.78549"
"136.10000","4.57607","3,474.16772","0.02315","0.00690","89.81448"
"136.20000","4.57958","3,476.23535","0.02314","0.00687","89.86793"
"136.30000","4.58279","3,477.46655","0.02315","0.00689","89.89976"
"136.40000","4.58601","3,478.52295","0.02316","0.00691","89.92707"
"136.50000","4.58952","3,480.59717","0.02318","0.00697","89.98069"
"136.60000","4.59281","3,481.87573","0.02323","0.00706","90.01375"
"136.70000","4.59609","3,483.83179","0.02325","0.00704","90.06432"
"136.80000","4.59946","3,485.17627","0.02328","0.00724","90.09908"
"136.90000","4.60290","3,486.82544","0.02328","0.00760","90.14171"
"137.00000","4.60611","3,489.18848","0.02331","0.00763","90.20280"
"137.10000","4.60940","3,490.19458","0.02334","0.00764","90.22881"
"137.20000","4.61276","3,491.49976","0.02336","0.00761","90.26255"
"137.30000","4.61620","3,493.18726","0.02340","0.00743","90.30618"
"137.40000","4.61941","3,494.38159","0.02341","0.00748","90.33705"
"137.50000","4.62285","3,496.03589","0.02344","0.00736","90.37981"
"137.60000","4.62621","3,497.88452","0.02347","0.00723","90.42760"
"137.70000","4.62935","3,499.03857","0.02349","0.00723","90.45744"
"137.80000","4.63279","3,501.00781","0.02348","0.00713","90.50835"
"137.90000","4.63615","3,502.74585","0.02352","0.00713","90.55328"
"138.00000","4.63944","3,504.50684","0.02352","0.00702","90.59881"
"138.10000","4.64281","3,505.48999","0.02353","0.00704","90.62422"
"138.20000","4.64624","3,507.46655","0.02353","0.00700","90.67532"
"138.30000","4.64953","3,508.77539","0.02354","0.00703","90.70916"
"138.40000","4.65275","3,510.49634","0.02357","0.00698","90.75365"
"138.50000","4.65611","3,512.16895","0.02356","0.00702","90.79689"
"138.60000","4.65940","3,513.80444","0.02358","0.00709","90.83917"
"138.70000","4.66268","3,515.34326","0.02359","0.00717","90.87895"
"138.80000","4.66620","3,517.40039","0.02358","0.00714","90.93214"
"138.90000","4.66956","3,518.38794","0.02360","0.00711","90.95766"
"139.00000","4.67277","3,520.70337","0.02362","0.00715","91.01752"
"139.10000","4.67621","3,522.42334","0.02362","0.00704","91.06199"
"139.20000","4.67950","3,523.51025","0.02364","0.00705","91.09009"
"139.30000","4.68271","3,525.99780","0.02364","0.00705","91.15440"
"139.40000","4.68608","3,527.19434","0.02368","0.00709","91.18533"
"139.50000","4.68959","3,529.75391","0.02367","0.00706","91.25150"
"139.60000","4.69280","3,529.84741","0.02370","0.00706","91.25391"
"139.70000","4.69617","3,531.93213","0.02372","0.00707","91.30781"
"139.80000","4.69960","3,533.87524","0.02371","0.00713","91.35804"
"139.90000","4.70274","3,535.17505","0.02377","0.00723","91.39165"
"140.00000","4.70611","3,537.18188","0.02379","0.00738","91.44353"
"140.10000","4.70947","3,538.30786","0.02381","0.00782","91.47263"
"140.20000","4.71283","3,540.67358","0.02382","0.00777","91.53379"
"140.30000","4.71612","3,541.84204","0.02385","0.00777","91.56400"
"140.40000","4.71949","3,542.66211","0.02388","0.00765","91.58520"
"140.50000","4.72300","3,544.39551","0.02392","0.00763","91.63001"
"140.60000","4.72606","3,546.07251","0.02394","0.00754","91.67337"
"140.70000","4.72942","3,548.52759","0.02398","0.00743","91.73684"
"140.80000","4.73286","3,549.61523","0.02398","0.00740","91.76495"
"140.90000","4.73600","3,551.39404","0.02402","0.00726","91.81094"
"141.00000","4.73944","3,552.26147","0.02405","0.00729","91.83337"
"141.10000","4.74295","3,554.32788","0.02406","0.00722","91.88679"
"141.20000","4.74609","3,555.76978","0.02405","0.00722","91.92406"
"141.30000","4.74945","3,557.74976","0.02408","0.00715","91.97525"
"141.40000","4.75282","3,558.96802","0.02410","0.00714","92.00674"
"141.50000","4.75611","3,561.20776","0.02412","0.00721","92.06464"
"141.60000","4.75947","3,561.28711","0.02412","0.00727","92.06670"
"141.70000","4.76283","3,563.48682","0.02406","0.00725","92.12357"
"141.80000","4.76627","3,565.39160","0.02408","0.00733","92.17281"
"141.90000","4.76941","3,566.37573","0.02413","0.00734","92.19825"
"142.00000","4.77277","3,567.71436","0.02414","0.00728","92.23286"
"142.10000","4.77621","3,570.01392","0.02417","0.00728","92.29230"
"142.20000","4.77935","3,571.94702","0.02416","0.00728","92.34228"
"142.30000","4.78279","3,573.07935","0.02416","0.00722","92.37155"
"142.40000","4.78630","3,574.39819","0.02420","0.00722","92.40565"
"142.50000","4.78936","3,576.30225","0.02419","0.00716","92.45487"
"142.60000","4.79280","3,577.13843","0.02420","0.00724","92.47649"
"142.70000","4.79617","3,578.78613","0.02424","0.00723","92.51908"
"142.80000","4.79938","3,581.02612","0.02423","0.00722","92.57699"
"142.90000","4.80274","3,582.19360","0.02425","0.00730","92.60717"
"143.00000","4.80611","3,584.36841","0.02427","0.00733","92.66340"
"143.10000","4.80954","3,585.22095","0.02430","0.00747","92.68543"
"143.20000","4.81268","3,586.96362","0.02433","0.00797","92.73048"
"143.30000","4.81612","3,587.82080","0.02437","0.00786","92.75265"
"143.40000","4.81956","3,589.73706","0.02436","0.00796","92.80219"
"143.50000","4.82262","3,591.16870","0.02435","0.00788","92.83920"
"143.60000","4.82614","3,593.08838","0.02440","0.00782","92.88882"
"143.70000","4.82950","3,594.70093","0.02444","0.00778","92.93051"
"143.80000","4.83271","3,595.11157","0.02445","0.00773","92.94113"
"143.90000","4.83622","3,596.78760","0.02446","0.00762","92.98446"
"144.00000","4.83951","3,598.81812","0.02450","0.00752","93.03695"
"144.10000","4.84288","3,600.54810","0.02453","0.00741","93.08167"
"144.20000","4.84609","3,601.45264","0.02453","0.00748","93.10506"
"144.30000","4.84938","3,603.24561","0.02458","0.00746","93.15141"
"144.40000","4.85274","3,605.11011","0.02460","0.00735","93.19962"
"144.50000","4.85603","3,606.42700","0.02462","0.00742","93.23366"
"144.60000","4.85947","3,607.84644","0.02464","0.00742","93.27036"
"144.70000","4.86291","3,610.00513","0.02463","0.00738","93.32616"
"144.80000","4.86604","3,610.22241","0.02465","0.00749","93.33177"
"144.90000","4.86941","3,612.97021","0.02465","0.00753","93.40281"
"145.00000","4.87277","3,614.55566","0.02468","0.00752","93.44380"
"145.10000","4.87598","3,615.95776","0.02466","0.00758","93.48005"
"145.20000","4.87950","3,617.07275","0.02466","0.00746","93.50887"
"145.30000","4.88286","3,618.58276","0.02469","0.00747","93.54790"
"145.40000","4.88615","3,619.94702","0.02470","0.00743","93.58318"
"145.50000","4.88951","3,621.83813","0.02470","0.00741","93.63206"
"145.60000","4.89280","3,624.00122","0.02473","0.00741","93.68799"
"145.70000","4.89609","3,624.91724","0.02472","0.00741","93.71167"
"145.80000","4.89930","3,625.91968","0.02476","0.00734","93.73758"
"145.90000","4.90281","3,628.18848","0.02477","0.00738","93.79623"
"146.00000","4.90625","3,629.55713","0.02480","0.00741","93.83162"
"146.10000","4.90939","3,630.68457","0.02479","0.00755","93.86076"
"146.20000","4.91290","3,632.32617","0.02482","0.00759","93.90321"
"146.30000","4.91627","3,633.26196","0.02482","0.00789","93.92740"
"146.40000","4.91933","3,634.83496","0.02485","0.00775","93.96806"
"146.50000","4.92284","3,637.08472","0.02485","0.00821","94.02622"
"146.60000","4.92613","3,637.81934","0.02489","0.00816","94.04521"
"146.70000","4.92942","3,639.45190","0.02491","0.00814","94.08742"
"146.80000","4.93286","3,640.56860","0.02494","0.00802","94.11629"
"146.90000","4.93622","3,643.35669","0.02493","0.00797","94.18836"
"147.00000","4.93951","3,644.01904","0.02494","0.00783","94.20549"
"147.10000","4.94265","3,645.38428","0.02498","0.00781","94.24078"
"147.20000","4.94609","3,646.59351","0.02499","0.00773","94.27204"
"147.30000","4.94953","3,648.62012","0.02502","0.00771","94.32444"
"147.40000","4.95266","3,649.61133","0.02504","0.00763","94.35006"
"147.50000","4.95618","3,651.44800","0.02507","0.00760","94.39754"
"147.60000","4.95961","3,652.55469","0.02509","0.00758","94.42616"
"147.70000","4.96275","3,654.06641","0.02511","0.00760","94.46523"
"147.80000","4.96619","3,656.43750","0.02515","0.00768","94.52654"
"147.90000","4.96948","3,657.25244","0.02515","0.00773","94.54760"
"148.00000","4.97277","3,658.35840","0.02518","0.00771","94.57619"
"148.10000","4.97613","3,659.11792","0.02521","0.00771","94.59583"
"148.20000","4.97957","3,660.29004","0.02524","0.00780","94.62613"
"148.30000","4.98278","3,661.33081","0.02522","0.00768","94.65304"
"148.40000","4.98607","3,663.02246","0.02525","0.00764","94.69677"
"148.50000","4.98951","3,664.40576","0.02524","0.00766","94.73253"
"148.60000","4.99280","3,666.26489","0.02525","0.00760","94.78059"
"148.70000","4.99609","3,666.62695","0.02527","0.00761","94.78995"
"148.80000","4.99952","3,665.26025","0.02526","0.00758","94.75462"
"148.90000","5.00289","3,665.15259","0.02529","0.00758","94.75184"
"149.00000","5.00610","3,665.46143","0.02532","0.00758","94.75982"
"149.10000","5.00954","3,667.70166","0.02534","0.00758","94.81773"
"149.20000","5.01290","3,668.75220","0.02534","0.00763","94.84489"
"149.30000","5.01597","3,670.93750","0.02535","0.00767","94.90139"
"149.40000","5.01940","3,672.77710","0.02537","0.00776","94.94894"
"149.50000","5.02284","3,675.06567","0.02537","0.00802","95.00811"
"149.60000","5.02613","3,676.40479","0.02538","0.00849","95.04272"
"149.70000","5.02942","3,679.85400","0.02537","0.00834","95.13190"
"149.80000","5.03286","3,684.06396","0.02541","0.00827","95.24073"
"149.90000","5.03615","3,683.49219","0.02543","0.00821","95.22595"
"150.00000","5.03936","3,686.52197","0.02546","0.00811","95.30428"
"150.10000","5.04280","3,687.14746","0.02545","0.00810","95.32045"
"150.20000","5.04616","3,687.76587","0.02548","0.00799","95.33643"
"150.30000","5.04937","3,690.80127","0.02550","0.00798","95.41491"
"150.40000","5.05289","3,692.26587","0.02553","0.00794","95.45277"
"150.50000","5.05625","3,693.70850","0.02556","0.00786","95.49007"
"150.60000","5.05931","3,694.21729","0.02558","0.00786","95.50322"
"150.70000","5.06275","3,696.24268","0.02559","0.00779","95.55558"
"150.80000","5.06619","3,696.83691","0.02560","0.00783","95.57094"
"150.90000","5.06933","3,698.44775","0.02564","0.00780","95.61259"
"151.00000","5.07284","3,699.88110","0.02566","0.00790","95.64964"
"151.10000","5.07628","3,701.02344","0.02569","0.00792","95.67917"
"151.20000","5.07942","3,701.93042","0.02567","0.00785","95.70262"
"151.30000","5.08278","3,703.69043","0.02575","0.00793","95.74812"
"151.40000","5.08614","3,704.83203","0.02569","0.00800","95.77763"
"151.50000","5.08943","3,705.79688","0.02570","0.00789","95.80257"
"151.60000","5.09265","3,707.29443","0.02571","0.00790","95.84129"
"151.70000","5.09608","3,708.50195","0.02569","0.00786","95.87251"
"151.80000","5.09960","3,709.90039","0.02575","0.00789","95.90866"
"151.90000","5.10274","3,710.04272","0.02570","0.00787","95.91234"
"152.00000","5.10610","3,711.39160","0.02571","0.00782","95.94721"
"152.03800","5.10744","3,387.68994","0.02571","0.00783","87.57885"
"152.04200","5.10759","3,038.40161","0.02571","0.00783","78.54902"
"152.04600","5.10782","2,632.07275","0.02571","0.00783","68.04457"
"152.05000","5.10797","2,208.15039","0.02571","0.00783","57.08529"
