Modulus (Segment 0.001 mm/mm - 0.008 mm/mm) : Modulus (Segment 0.001 mm/mm - 0.008 mm/mm),"6,040.98517",MPa
Poisson's ratio (Least squares fit) : Poisson's ratio (Least squares fit),"1.15788"
Specimen properties : Gauge length,"15.17000",mm
Specimen properties : Gauge length transverse,"4.53200",mm
Specimen properties : Thickness,"2.52000",mm
Specimen properties : Width,"15.05000",mm

Time,Extension,Load,Video axial strain,Video transverse strain,Calculated Stress
(s),(mm),(N),(mm/mm),(mm/mm),(MPa)
"0.00000","-0.00007","69.77715","-0.00001","-0.00013","1.83982"
"0.10000","0.00120","69.72550","0.00003","0.00017","1.83846"
"0.20000","0.00553","75.98077","0.00009","-0.00061","2.00340"
"0.30000","0.00987","82.78710","0.00018","-0.00051","2.18286"
"0.40000","0.01330","88.00745","0.00027","-0.00049","2.32050"
"0.50000","0.01652","92.44686","0.00034","-0.00053","2.43756"
"0.60000","0.01995","98.06924","0.00041","-0.00062","2.58581"
"0.70000","0.02339","103.06339","0.00048","-0.00037","2.71749"
"0.80000","0.02661","107.12637","0.00053","-0.00034","2.82462"
"0.90000","0.03004","112.17981","0.00054","-0.00026","2.95786"
"1.00000","0.03348","118.44536","0.00065","-0.00037","3.12306"
"1.10000","0.03655","122.90626","0.00070","-0.00035","3.24069"
"1.20000","0.03991","128.08260","0.00072","-0.00038","3.37717"
"1.30000","0.04342","132.98602","0.00082","-0.00042","3.50646"
"1.40000","0.04664","138.33043","0.00088","-0.00043","3.64738"
"1.50000","0.05007","143.93181","0.00087","-0.00044","3.79507"
"1.60000","0.05336","148.48196","0.00098","-0.00029","3.91504"
"1.70000","0.05665","154.25456","0.00099","-0.00024","4.06725"
"1.80000","0.05994","159.39496","0.00102","-0.00038","4.20279"
"1.90000","0.06330","164.13666","0.00104","-0.00033","4.32781"
"2.00000","0.06667","170.04263","0.00110","-0.00043","4.48354"
"2.10000","0.06988","175.19511","0.00108","-0.00033","4.61939"
"2.20000","0.07339","180.00169","0.00113","-0.00039","4.74613"
"2.30000","0.07683","185.17368","0.00123","-0.00030","4.88250"
"2.40000","0.07989","190.69524","0.00125","-0.00041","5.02809"
"2.50000","0.08333","195.15976","0.00125","-0.00054","5.14580"
"2.60000","0.08677","200.77420","0.00129","-0.00060","5.29384"
"2.70000","0.08983","205.98355","0.00139","-0.00047","5.43120"
"2.80000","0.09342","211.82416","0.00141","-0.00047","5.58520"
"2.90000","0.09671","216.72099","0.00147","-0.00039","5.71431"
"3.00000","0.10000","221.74231","0.00145","-0.00056","5.84671"
"3.10000","0.10336","226.51894","0.00143","-0.00057","5.97266"
"3.20000","0.10665","231.81630","0.00146","-0.00053","6.11233"
"3.30000","0.11001","237.01610","0.00149","-0.00049","6.24944"
"3.40000","0.11315","242.57024","0.00151","-0.00072","6.39588"
"3.50000","0.11666","247.73148","0.00154","-0.00105","6.53197"
"3.60000","0.12010","253.56548","0.00157","-0.00133","6.68580"
"3.70000","0.12324","258.04398","0.00163","-0.00111","6.80388"
"3.80000","0.12675","263.38574","0.00161","-0.00110","6.94473"
"3.90000","0.13012","268.03745","0.00163","-0.00110","7.06738"
"4.00000","0.13318","273.93915","0.00169","-0.00093","7.22299"
"4.10000","0.13669","278.97766","0.00170","-0.00076","7.35584"
"4.20000","0.14006","284.09085","0.00173","-0.00080","7.49066"
"4.30000","0.14335","288.69739","0.00176","-0.00075","7.61212"
"4.40000","0.14671","293.54572","0.00185","-0.00070","7.73996"
"4.50000","0.15007","299.37158","0.00186","-0.00067","7.89357"
"4.60000","0.15336","304.83057","0.00185","-0.00073","8.03751"
"4.70000","0.15657","309.14069","0.00187","-0.00065","8.15115"
"4.80000","0.15994","314.43460","0.00191","-0.00079","8.29074"
"4.90000","0.16337","319.07809","0.00191","-0.00058","8.41318"
"5.00000","0.16651","325.24347","0.00195","-0.00074","8.57574"
"5.10000","0.17003","329.70255","0.00198","-0.00061","8.69331"
"5.20000","0.17339","334.67487","0.00201","-0.00064","8.82442"
"5.30000","0.17660","339.63037","0.00203","-0.00055","8.95508"
"5.40000","0.18004","345.31137","0.00204","-0.00078","9.10487"
"5.50000","0.18325","350.41473","0.00208","-0.00060","9.23943"
"5.60000","0.18654","355.63034","0.00211","-0.00082","9.37695"
"5.70000","0.18998","360.61847","0.00212","-0.00077","9.50848"
"5.80000","0.19334","365.67484","0.00213","-0.00074","9.64180"
"5.90000","0.19671","370.43365","0.00217","-0.00072","9.76727"
"6.00000","0.19992","375.81757","0.00217","-0.00077","9.90923"
"6.10000","0.20328","380.31219","0.00222","-0.00081","10.02774"
"6.20000","0.20672","385.57642","0.00221","-0.00080","10.16655"
"6.30000","0.20986","390.69733","0.00224","-0.00067","10.30157"
"6.40000","0.21337","396.27048","0.00230","-0.00065","10.44852"
"6.50000","0.21681","401.16714","0.00230","-0.00073","10.57763"
"6.60000","0.21995","405.10260","0.00230","-0.00064","10.68140"
"6.70000","0.22339","410.83685","0.00235","-0.00072","10.83259"
"6.80000","0.22668","415.87427","0.00237","-0.00099","10.96541"
"6.90000","0.22989","420.85187","0.00238","-0.00114","11.09666"
"7.00000","0.23325","425.85349","0.00241","-0.00114","11.22854"
"7.10000","0.23662","430.15707","0.00244","-0.00131","11.34201"
"7.20000","0.23998","436.29916","0.00247","-0.00127","11.50396"
"7.30000","0.24327","440.50491","0.00249","-0.00131","11.61485"
"7.40000","0.24671","445.32260","0.00252","-0.00082","11.74188"
"7.50000","0.24999","450.75626","0.00255","-0.00085","11.88515"
"7.60000","0.25321","454.91843","0.00257","-0.00089","11.99490"
"7.70000","0.25665","459.44281","0.00260","-0.00086","12.11419"
"7.80000","0.26001","464.59134","0.00260","-0.00085","12.24994"
"7.90000","0.26322","468.52618","0.00265","-0.00094","12.35369"
"8.00000","0.26674","473.64365","0.00264","-0.00088","12.48863"
"8.10000","0.27010","478.76053","0.00266","-0.00073","12.62354"
"8.20000","0.27331","483.11902","0.00270","-0.00077","12.73847"
"8.30000","0.27660","488.21570","0.00271","-0.00062","12.87285"
"8.40000","0.27996","492.71555","0.00274","-0.00075","12.99150"
"8.50000","0.28325","497.52722","0.00275","-0.00063","13.11837"
"8.60000","0.28662","502.50116","0.00277","-0.00075","13.24952"
"8.70000","0.29013","507.22729","0.00278","-0.00099","13.37413"
"8.80000","0.29334","511.92252","0.00279","-0.00082","13.49793"
"8.90000","0.29663","516.40967","0.00281","-0.00089","13.61624"
"9.00000","0.29999","521.22638","0.00283","-0.00090","13.74325"
"9.10000","0.30336","525.27655","0.00283","-0.00086","13.85004"
"9.20000","0.30657","530.89087","0.00283","-0.00083","13.99807"
"9.30000","0.31001","534.98315","0.00285","-0.00086","14.10597"
"9.40000","0.31345","539.90961","0.00287","-0.00087","14.23587"
"9.50000","0.31666","544.74286","0.00290","-0.00087","14.36331"
"9.60000","0.32002","549.04175","0.00288","-0.00089","14.47666"
"9.70000","0.32339","553.16504","0.00291","-0.00071","14.58538"
"9.80000","0.32660","558.12927","0.00297","-0.00068","14.71627"
"9.90000","0.32989","563.68896","0.00299","-0.00071","14.86286"
"10.00000","0.33340","567.97729","0.00302","-0.00067","14.97593"
"10.10000","0.33669","572.50275","0.00305","-0.00097","15.09526"
"10.20000","0.34005","577.02118","0.00308","-0.00104","15.21440"
"10.30000","0.34342","582.39539","0.00311","-0.00132","15.35610"
"10.40000","0.34670","586.72699","0.00311","-0.00128","15.47031"
"10.50000","0.34992","591.01630","0.00314","-0.00129","15.58341"
"10.60000","0.35328","595.01746","0.00319","-0.00120","15.68891"
"10.70000","0.35672","599.75647","0.00318","-0.00107","15.81386"
"10.80000","0.35993","604.15247","0.00323","-0.00111","15.92977"
"10.90000","0.36337","608.98291","0.00324","-0.00111","16.05713"
"11.00000","0.36681","613.32611","0.00328","-0.00083","16.17165"
"11.10000","0.36995","617.32190","0.00327","-0.00088","16.27701"
"11.20000","0.37331","622.88831","0.00331","-0.00079","16.42378"
"11.30000","0.37667","627.00323","0.00331","-0.00085","16.53228"
"11.40000","0.37989","630.94141","0.00332","-0.00075","16.63612"
"11.50000","0.38333","636.11932","0.00333","-0.00068","16.77264"
"11.60000","0.38676","641.20551","0.00334","-0.00070","16.90675"
"11.70000","0.39005","645.12402","0.00339","-0.00068","17.01007"
"11.80000","0.39327","649.55725","0.00338","-0.00098","17.12696"
"11.90000","0.39655","652.61292","0.00340","-0.00106","17.20753"
"12.00000","0.39999","657.09839","0.00342","-0.00104","17.32580"
"12.10000","0.40313","662.18268","0.00343","-0.00100","17.45986"
"12.20000","0.40672","665.89722","0.00342","-0.00076","17.55780"
"12.30000","0.41016","670.50586","0.00345","-0.00096","17.67932"
"12.40000","0.41322","674.28253","0.00348","-0.00107","17.77890"
"12.50000","0.41673","678.43048","0.00348","-0.00081","17.88827"
"12.60000","0.42010","683.69238","0.00349","-0.00091","18.02701"
"12.70000","0.42324","687.10089","0.00350","-0.00078","18.11688"
"12.80000","0.42667","691.48889","0.00352","-0.00077","18.23258"
"12.90000","0.43004","695.96509","0.00355","-0.00085","18.35061"
"13.00000","0.43340","700.10455","0.00359","-0.00079","18.45975"
"13.10000","0.43669","704.47803","0.00360","-0.00088","18.57507"
"13.20000","0.44005","708.77631","0.00360","-0.00082","18.68840"
"13.30000","0.44334","712.27563","0.00362","-0.00090","18.78067"
"13.40000","0.44655","716.52795","0.00368","-0.00103","18.89279"
"13.50000","0.44999","720.31726","0.00371","-0.00098","18.99270"
"13.60000","0.45350","725.21997","0.00373","-0.00135","19.12197"
"13.70000","0.45657","728.39240","0.00380","-0.00132","19.20562"
"13.80000","0.46008","732.89209","0.00376","-0.00129","19.32426"
"13.90000","0.46344","737.72449","0.00379","-0.00132","19.45168"
"14.00000","0.46651","741.99835","0.00383","-0.00125","19.56437"
"14.10000","0.47002","747.04498","0.00381","-0.00117","19.69744"
"14.20000","0.47323","750.29883","0.00385","-0.00124","19.78323"
"14.30000","0.47660","754.34698","0.00384","-0.00105","19.88997"
"14.40000","0.47996","758.40845","0.00390","-0.00085","19.99706"
"14.50000","0.48332","762.65460","0.00391","-0.00095","20.10902"
"14.60000","0.48676","767.39880","0.00395","-0.00103","20.23411"
"14.70000","0.48983","770.68500","0.00391","-0.00079","20.32076"
"14.80000","0.49326","774.61011","0.00394","-0.00067","20.42425"
"14.90000","0.49670","779.79614","0.00394","-0.00077","20.56099"
"15.00000","0.49984","782.84314","0.00396","-0.00103","20.64133"
"15.10000","0.50343","786.54456","0.00399","-0.00103","20.73893"
"15.20000","0.50679","791.77563","0.00399","-0.00100","20.87686"
"15.30000","0.50993","795.90485","0.00402","-0.00099","20.98573"
"15.40000","0.51337","798.71716","0.00404","-0.00105","21.05988"
"15.50000","0.51666","803.80847","0.00405","-0.00108","21.19413"
"15.60000","0.51994","806.62305","0.00409","-0.00108","21.26834"
"15.70000","0.52331","810.98834","0.00413","-0.00093","21.38344"
"15.80000","0.52667","815.32959","0.00411","-0.00092","21.49791"
"15.90000","0.53011","819.71204","0.00415","-0.00106","21.61346"
"16.00000","0.53325","822.39117","0.00417","-0.00095","21.68410"
"16.10000","0.53669","827.76312","0.00418","-0.00092","21.82574"
"16.20000","0.54005","832.09119","0.00418","-0.00087","21.93986"
"16.30000","0.54319","835.92712","0.00417","-0.00086","22.04100"
"16.40000","0.54670","839.29700","0.00423","-0.00084","22.12986"
"16.50000","0.55006","844.25098","0.00426","-0.00085","22.26048"
"16.60000","0.55328","847.04730","0.00427","-0.00100","22.33421"
"16.70000","0.55679","851.32794","0.00428","-0.00077","22.44708"
"16.80000","0.56000","854.99939","0.00430","-0.00111","22.54388"
"16.90000","0.56329","859.50391","0.00433","-0.00140","22.66266"
"17.00000","0.56658","862.67908","0.00434","-0.00130","22.74638"
"17.10000","0.57002","867.45398","0.00438","-0.00293","22.87228"
"17.20000","0.57338","870.82117","0.00440","-0.00270","22.96106"
"17.30000","0.57660","874.78149","0.00442","-0.00275","23.06548"
"17.40000","0.58011","879.01105","0.00444","-0.00283","23.17700"
"17.50000","0.58340","882.85925","0.00446","-0.00268","23.27847"
"17.60000","0.58654","886.11328","0.00446","-0.00250","23.36427"
"17.70000","0.59005","891.08069","0.00450","-0.00255","23.49524"
"17.80000","0.59341","894.19940","0.00451","-0.00250","23.57748"
"17.90000","0.59655","898.46234","0.00450","-0.00235","23.68988"
"18.00000","0.59999","901.98694","0.00455","-0.00238","23.78281"
"18.10000","0.60343","906.09491","0.00454","-0.00230","23.89113"
"18.20000","0.60664","909.66119","0.00452","-0.00249","23.98516"
"18.30000","0.60993","913.71576","0.00453","-0.00245","24.09207"
"18.40000","0.61329","917.45911","0.00452","-0.00239","24.19077"
"18.50000","0.61658","920.81567","0.00456","-0.00231","24.27927"
"18.60000","0.61987","925.19696","0.00456","-0.00102","24.39479"
"18.70000","0.62346","929.10162","0.00459","-0.00114","24.49775"
"18.80000","0.62674","933.21149","0.00466","-0.00114","24.60611"
"18.90000","0.62996","936.29108","0.00466","-0.00101","24.68731"
"19.00000","0.63340","940.32874","0.00467","-0.00097","24.79378"
"19.10000","0.63668","943.89246","0.00469","-0.00098","24.88774"
"19.20000","0.63990","947.54919","0.00467","-0.00090","24.98416"
"19.30000","0.64334","951.96387","0.00473","-0.00206","25.10056"
"19.40000","0.64677","955.62811","0.00474","-0.00191","25.19718"
"19.50000","0.64991","958.97571","0.00475","-0.00091","25.28544"
"19.60000","0.65335","963.37787","0.00479","-0.00097","25.40152"
"19.70000","0.65679","966.66577","0.00482","-0.00088","25.48821"
"19.80000","0.65993","971.00714","0.00483","-0.00078","25.60268"
"19.90000","0.66329","973.97211","0.00490","-0.00204","25.68085"
"20.00000","0.66673","977.99420","0.00490","-0.00191","25.78691"
"20.10000","0.66994","981.72479","0.00490","-0.00266","25.88527"
"20.20000","0.67330","985.42914","0.00492","-0.00296","25.98294"
"20.30000","0.67674","989.33783","0.00490","-0.00284","26.08600"
"20.40000","0.68003","992.86884","0.00493","-0.00275","26.17911"
"20.50000","0.68324","996.78876","0.00494","-0.00276","26.28246"
"20.60000","0.68661","1,000.52869","0.00499","-0.00282","26.38108"
"20.70000","0.69005","1,003.88770","0.00496","-0.00274","26.46964"
"20.80000","0.69326","1,008.22534","0.00496","-0.00150","26.58401"
"20.90000","0.69670","1,011.36963","0.00502","-0.00148","26.66692"
"21.00000","0.70014","1,015.44531","0.00506","-0.00274","26.77439"
"21.10000","0.70327","1,019.13586","0.00505","-0.00254","26.87169"
"21.20000","0.70664","1,022.57068","0.00504","-0.00274","26.96226"
"21.30000","0.71000","1,026.11279","0.00504","-0.00272","27.05566"
"21.40000","0.71329","1,029.68494","0.00502","-0.00236","27.14984"
"21.50000","0.71673","1,034.53113","0.00505","-0.00241","27.27762"
"21.60000","0.72002","1,038.30603","0.00508","-0.00256","27.37716"
"21.70000","0.72338","1,041.13879","0.00511","-0.00242","27.45185"
"21.80000","0.72667","1,044.97717","0.00510","-0.00261","27.55305"
"21.90000","0.72996","1,049.15198","0.00515","-0.00259","27.66313"
"22.00000","0.73339","1,053.05591","0.00519","-0.00235","27.76607"
"22.10000","0.73653","1,056.04468","0.00522","-0.00251","27.84487"
"22.20000","0.74004","1,059.73560","0.00523","-0.00253","27.94219"
"22.30000","0.74348","1,063.13623","0.00528","-0.00252","28.03186"
"22.40000","0.74662","1,068.29187","0.00532","-0.00255","28.16780"
"22.50000","0.75006","1,070.62146","0.00534","-0.00259","28.22922"
"22.60000","0.75335","1,073.88977","0.00529","-0.00237","28.31540"
"22.70000","0.75656","1,077.61023","0.00532","-0.00243","28.41350"
"22.80000","0.76000","1,081.37451","0.00535","-0.00238","28.51275"
"22.90000","0.76329","1,085.03088","0.00536","-0.00239","28.60916"
"23.00000","0.76665","1,089.20471","0.00542","-0.00253","28.71921"
"23.10000","0.76994","1,091.81702","0.00544","-0.00239","28.78809"
"23.20000","0.77330","1,095.25732","0.00544","-0.00229","28.87880"
"23.30000","0.77682","1,099.84521","0.00546","-0.00259","28.99977"
"23.40000","0.77988","1,102.68738","0.00549","-0.00288","29.07471"
"23.50000","0.78332","1,106.36414","0.00547","-0.00285","29.17165"
"23.60000","0.78676","1,109.40027","0.00553","-0.00283","29.25171"
"23.70000","0.78989","1,113.35010","0.00550","-0.00275","29.35585"
"23.80000","0.79341","1,117.14282","0.00550","-0.00271","29.45586"
"23.90000","0.79677","1,120.26990","0.00551","-0.00279","29.53831"
"24.00000","0.79991","1,123.90979","0.00548","-0.00270","29.63428"
"24.10000","0.80335","1,127.34387","0.00550","-0.00274","29.72483"
"24.20000","0.80664","1,131.59839","0.00553","-0.00264","29.83701"
"24.30000","0.81000","1,134.75708","0.00555","-0.00257","29.92029"
"24.40000","0.81329","1,137.34412","0.00558","-0.00264","29.98851"
"24.50000","0.81665","1,141.84753","0.00560","-0.00275","30.10725"
"24.60000","0.82016","1,144.56323","0.00561","-0.00267","30.17885"
"24.70000","0.82323","1,148.41931","0.00560","-0.00260","30.28053"
"24.80000","0.82659","1,153.43408","0.00561","-0.00267","30.41275"
"24.90000","0.83003","1,156.56006","0.00562","-0.00267","30.49518"
"25.00000","0.83317","1,159.13940","0.00566","-0.00249","30.56319"
"25.10000","0.83668","1,163.87927","0.00570","-0.00239","30.68816"
"25.20000","0.84012","1,167.70068","0.00573","-0.00248","30.78892"
"25.30000","0.84326","1,170.09302","0.00572","-0.00231","30.85200"
"25.40000","0.84669","1,173.93262","0.00571","0.00013","30.95324"
"25.50000","0.84991","1,177.17371","0.00577","0.00013","31.03870"
"25.60000","0.85327","1,181.38696","0.00576","0.00015","31.14979"
"25.70000","0.85656","1,183.84705","0.00577","0.00007","31.21466"
"25.80000","0.86000","1,188.43323","0.00584","0.00015","31.33558"
"25.90000","0.86351","1,191.68018","0.00584","0.00033","31.42119"
"26.00000","0.86665","1,195.53381","0.00586","0.00031","31.52280"
"26.10000","0.87009","1,199.51965","0.00588","0.00034","31.62790"
"26.20000","0.87338","1,201.82666","0.00592","0.00021","31.68873"
"26.30000","0.87651","1,204.71497","0.00593","0.00032","31.76488"
"26.40000","0.88003","1,209.03552","0.00593","0.00042","31.87880"
"26.50000","0.88339","1,211.92395","0.00592","0.00014","31.95496"
"26.60000","0.88660","1,215.89929","0.00594","-0.00020","32.05978"
"26.70000","0.89004","1,219.57239","0.00596","-0.00030","32.15663"
"26.80000","0.89340","1,222.65857","0.00595","-0.00011","32.23801"
"26.90000","0.89669","1,225.60461","0.00596","-0.00004","32.31569"
"27.00000","0.89991","1,228.90039","0.00600","0.00003","32.40258"
"27.10000","0.90334","1,232.90894","0.00599","0.00022","32.50828"
"27.20000","0.90671","1,236.49414","0.00600","0.00021","32.60281"
"27.30000","0.90985","1,239.66443","0.00600","0.00027","32.68640"
"27.40000","0.91343","1,243.24316","0.00599","0.00014","32.78076"
"27.50000","0.91672","1,246.46277","0.00600","0.00025","32.86565"
"27.60000","0.91986","1,249.64050","0.00602","0.00026","32.94944"
"27.70000","0.92337","1,253.07910","0.00604","0.00033","33.04011"
"27.80000","0.92666","1,257.22815","0.00607","0.00047","33.14951"
"27.90000","0.92988","1,259.98071","0.00607","0.00047","33.22208"
"28.00000","0.93331","1,263.56311","0.00609","0.00045","33.31654"
"28.10000","0.93675","1,266.49268","0.00614","0.00038","33.39378"
"28.20000","0.94004","1,270.09839","0.00612","0.00030","33.48886"
"28.30000","0.94333","1,273.50818","0.00613","0.00051","33.57876"
"28.40000","0.94669","1,276.75073","0.00624","0.00044","33.66426"
"28.50000","0.94991","1,280.59241","0.00626","0.00032","33.76555"
"28.60000","0.95319","1,283.58252","0.00628","0.00023","33.84439"
"28.70000","0.95678","1,287.31592","0.00636","0.00026","33.94283"
"28.80000","0.96007","1,290.21021","0.00628","0.00009","34.01915"
"28.90000","0.96328","1,292.69897","0.00630","0.00015","34.08477"
"29.00000","0.96672","1,295.79688","0.00639","0.00031","34.16645"
"29.10000","0.97001","1,299.65637","0.00637","0.00021","34.26822"
"29.20000","0.97322","1,301.97485","0.00635","0.00013","34.32935"
"29.30000","0.97666","1,306.81140","0.00640","0.00035","34.45687"
"29.40000","0.98010","1,308.90417","0.00642","0.00031","34.51205"
"29.50000","0.98331","1,313.11243","0.00641","0.00038","34.62301"
"29.60000","0.98668","1,316.14795","0.00640","0.00037","34.70305"
"29.70000","0.99011","1,319.36792","0.00640","0.00037","34.78795"
"29.80000","0.99325","1,322.04150","0.00641","0.00011","34.85845"
"29.90000","0.99654","1,325.69739","0.00641","0.00016","34.95484"
"30.00000","0.99998","1,328.89636","0.00643","-0.00018","35.03919"
"30.10000","1.00327","1,332.27051","0.00644","-0.00021","35.12816"
"30.20000","1.00663","1,335.06714","0.00645","0.00021","35.20190"
"30.30000","1.01007","1,338.16089","0.00646","0.00024","35.28347"
"30.40000","1.01343","1,341.91370","0.00650","0.00032","35.38242"
"30.50000","1.01657","1,344.86462","0.00649","0.00021","35.46023"
"30.60000","1.01993","1,348.08313","0.00650","0.00012","35.54509"
"30.70000","1.02337","1,351.18726","0.00651","0.00028","35.62694"
"30.80000","1.02651","1,354.18262","0.00651","0.00053","35.70592"
"30.90000","1.03002","1,357.66235","0.00656","0.00046","35.79767"
"31.00000","1.03346","1,360.61938","0.00656","0.00057","35.87564"
"31.10000","1.03660","1,364.07556","0.00657","0.00049","35.96677"
"31.20000","1.03996","1,366.72729","0.00660","0.00051","36.03669"
"31.30000","1.04333","1,370.19543","0.00663","0.00047","36.12813"
"31.40000","1.04662","1,373.40625","0.00665","0.00029","36.21279"
"31.50000","1.04998","1,376.37305","0.00663","0.00045","36.29102"
"31.60000","1.05334","1,378.61768","0.00672","0.00058","36.35020"
"31.70000","1.05670","1,382.93994","0.00678","0.00032","36.46416"
"31.80000","1.05999","1,385.85461","0.00675","0.00022","36.54102"
"31.90000","1.06336","1,389.30493","0.00679","0.00016","36.63199"
"32.00000","1.06679","1,392.33496","0.00684","0.00022","36.71188"
"32.10000","1.06986","1,395.08679","0.00678","0.00016","36.78444"
"32.20000","1.07330","1,398.10889","0.00680","0.00027","36.86413"
"32.30000","1.07681","1,401.87683","0.00681","0.00019","36.96348"
"32.40000","1.07995","1,405.09705","0.00687","0.00039","37.04839"
"32.50000","1.08339","1,407.38354","0.00683","0.00038","37.10867"
"32.60000","1.08675","1,411.90820","0.00684","0.00030","37.22797"
"32.70000","1.08996","1,414.09717","0.00685","0.00043","37.28569"
"32.80000","1.09333","1,417.21411","0.00686","0.00051","37.36788"
"32.90000","1.09661","1,420.61902","0.00687","0.00055","37.45765"
"33.00000","1.09998","1,424.06335","0.00689","0.00051","37.54847"
"33.10000","1.10334","1,427.06763","0.00691","0.00011","37.62769"
"33.20000","1.10670","1,430.60559","0.00692","-0.00009","37.72097"
"33.30000","1.11014","1,433.63220","0.00693","-0.00006","37.80077"
"33.40000","1.11313","1,435.81995","0.00692","0.00003","37.85846"
"33.50000","1.11664","1,439.34790","0.00693","0.00019","37.95148"
"33.60000","1.12001","1,442.70325","0.00693","0.00031","38.03995"
"33.70000","1.12315","1,446.55786","0.00697","0.00035","38.14159"
"33.80000","1.12673","1,449.56812","0.00700","0.00035","38.22096"
"33.90000","1.13010","1,451.91284","0.00702","0.00022","38.28278"
"34.00000","1.13331","1,454.83337","0.00701","0.00044","38.35979"
"34.10000","1.13667","1,458.32739","0.00702","0.00052","38.45192"
"34.20000","1.13996","1,461.74829","0.00702","0.00049","38.54211"
"34.30000","1.14332","1,465.02087","0.00710","0.00056","38.62841"
"34.40000","1.14654","1,467.80457","0.00709","0.00055","38.70180"
"34.50000","1.14998","1,471.10596","0.00711","0.00055","38.78885"
"34.60000","1.15349","1,473.73560","0.00710","0.00053","38.85819"
"34.70000","1.15663","1,476.70740","0.00717","0.00045","38.93655"
"34.80000","1.15999","1,480.28906","0.00722","0.00042","39.03098"
"34.90000","1.16343","1,483.32483","0.00723","0.00056","39.11103"
"35.00000","1.16649","1,485.76318","0.00725","0.00034","39.17532"
"35.10000","1.17008","1,489.25513","0.00724","0.00031","39.26739"
"35.20000","1.17344","1,491.26904","0.00726","0.00030","39.32049"
"35.30000","1.17666","1,494.59863","0.00727","0.00030","39.40829"
"35.40000","1.18002","1,498.33777","0.00730","0.00031","39.50687"
"35.50000","1.18338","1,500.82166","0.00730","0.00044","39.57237"
"35.60000","1.18667","1,504.11780","0.00732","0.00043","39.65928"
"35.70000","1.18989","1,506.69983","0.00735","0.00034","39.72736"
"35.80000","1.19332","1,509.98950","0.00734","0.00048","39.81410"
"35.90000","1.19669","1,513.43884","0.00733","0.00059","39.90505"
"36.00000","1.19990","1,515.69861","0.00736","0.00058","39.96463"
"36.10000","1.20341","1,519.53516","0.00738","0.00044","40.06579"
"36.20000","1.20678","1,522.66785","0.00738","0.00068","40.14839"
"36.30000","1.20984","1,524.54492","0.00738","0.00017","40.19788"
"36.40000","1.21335","1,527.68542","0.00739","0.00009","40.28069"
"36.50000","1.21672","1,531.28845","0.00741","0.00011","40.37569"
"36.60000","1.21993","1,533.30579","0.00742","0.00014","40.42888"
"36.70000","1.22337","1,536.47351","0.00744","0.00014","40.51241"
"36.80000","1.22681","1,539.82104","0.00745","0.00027","40.60067"
"36.90000","1.23002","1,542.48682","0.00747","0.00046","40.67096"
"37.00000","1.23323","1,544.48389","0.00751","0.00040","40.72362"
"37.10000","1.23667","1,548.53833","0.00752","0.00049","40.83052"
"37.20000","1.23996","1,550.99231","0.00750","0.00064","40.89523"
"37.30000","1.24325","1,553.42419","0.00752","0.00072","40.95935"
"37.40000","1.24676","1,557.06653","0.00755","0.00062","41.05539"
"37.50000","1.25005","1,559.98816","0.00758","0.00062","41.13242"
"37.60000","1.25319","1,562.21301","0.00758","0.00070","41.19108"
"37.70000","1.25670","1,565.89172","0.00762","0.00062","41.28808"
"37.80000","1.26006","1,569.03491","0.00765","0.00060","41.37096"
"37.90000","1.26320","1,570.90466","0.00767","0.00062","41.42026"
"38.00000","1.26664","1,574.08228","0.00768","0.00066","41.50404"
"38.10000","1.27008","1,577.84143","0.00767","0.00069","41.60316"
"38.20000","1.27329","1,580.40784","0.00769","0.00050","41.67083"
"38.30000","1.27666","1,583.18762","0.00772","0.00041","41.74412"
"38.40000","1.28002","1,586.69421","0.00773","0.00061","41.83658"
"38.50000","1.28323","1,589.55676","0.00775","0.00053","41.91206"
"38.60000","1.28652","1,591.52820","0.00777","0.00051","41.96404"
"38.70000","1.29003","1,594.26575","0.00780","0.00048","42.03622"
"38.80000","1.29340","1,597.82056","0.00781","0.00050","42.12995"
"38.90000","1.29669","1,600.58252","0.00782","0.00061","42.20278"
"39.00000","1.30005","1,604.05969","0.00785","0.00054","42.29446"
"39.10000","1.30341","1,606.63611","0.00786","0.00069","42.36239"
"39.20000","1.30655","1,609.20789","0.00787","0.00059","42.43020"
"39.30000","1.30999","1,611.80383","0.00786","0.00071","42.49865"
"39.40000","1.31335","1,614.82520","0.00787","0.00084","42.57832"
"39.50000","1.31664","1,617.83997","0.00794","0.00023","42.65781"
"39.60000","1.32000","1,620.44751","0.00791","-0.00001","42.72656"
"39.70000","1.32344","1,622.85229","0.00790","0.00011","42.78997"
"39.80000","1.32665","1,625.18640","0.00793","0.00016","42.85151"
"39.90000","1.32994","1,627.89075","0.00795","0.00017","42.92282"
"40.00000","1.33331","1,631.85632","0.00793","0.00017","43.02738"
"40.10000","1.33667","1,634.04810","0.00796","0.00052","43.08517"
"40.20000","1.33996","1,637.15686","0.00798","0.00057","43.16714"
"40.30000","1.34340","1,640.53796","0.00797","0.00059","43.25629"
"40.40000","1.34676","1,643.32104","0.00799","0.00070","43.32967"
"40.50000","1.34997","1,645.55811","0.00801","0.00063","43.38865"
"40.60000","1.35326","1,648.76416","0.00801","0.00079","43.47319"
"40.70000","1.35670","1,651.61914","0.00808","0.00077","43.54847"
"40.80000","1.35991","1,654.68347","0.00804","0.00085","43.62926"
"40.90000","1.36335","1,657.23083","0.00808","0.00075","43.69643"
"41.00000","1.36679","1,660.63379","0.00812","0.00076","43.78616"
"41.10000","1.36993","1,663.06665","0.00815","0.00084","43.85030"
"41.20000","1.37329","1,665.50500","0.00815","0.00074","43.91460"
"41.30000","1.37673","1,668.67932","0.00819","0.00083","43.99829"
"41.40000","1.37994","1,671.54077","0.00818","0.00055","44.07374"
"41.50000","1.38331","1,673.40027","0.00820","0.00054","44.12277"
"41.60000","1.38667","1,676.74866","0.00820","0.00071","44.21106"
"41.70000","1.39011","1,679.29590","0.00825","0.00057","44.27822"
"41.80000","1.39332","1,682.55737","0.00825","0.00065","44.36422"
"41.90000","1.39668","1,684.57983","0.00828","0.00077","44.41755"
"42.00000","1.40012","1,687.37231","0.00830","0.00073","44.49118"
"42.10000","1.40319","1,690.31396","0.00832","0.00071","44.56874"
"42.20000","1.40662","1,693.08032","0.00833","0.00070","44.64168"
"42.30000","1.41014","1,695.61414","0.00835","0.00082","44.70849"
"42.40000","1.41327","1,699.02185","0.00839","0.00071","44.79834"
"42.50000","1.41671","1,702.03040","0.00838","0.00080","44.87767"
"42.60000","1.42008","1,703.78699","0.00838","0.00105","44.92398"
"42.70000","1.42329","1,706.30090","0.00837","0.00037","44.99027"
"42.80000","1.42658","1,709.39343","0.00839","0.00023","45.07181"
"42.90000","1.42994","1,711.85266","0.00843","0.00030","45.13665"
"43.00000","1.43338","1,714.74988","0.00844","0.00023","45.21304"
"43.10000","1.43659","1,718.21875","0.00843","0.00043","45.30451"
"43.20000","1.44003","1,719.97180","0.00843","0.00043","45.35073"
"43.30000","1.44347","1,722.64600","0.00845","0.00045","45.42124"
"43.40000","1.44653","1,725.30359","0.00849","0.00087","45.49131"
"43.50000","1.44997","1,727.94763","0.00852","0.00073","45.56103"
"43.60000","1.45341","1,731.38232","0.00850","0.00078","45.65159"
"43.70000","1.45655","1,734.36182","0.00851","0.00091","45.73015"
"43.80000","1.46006","1,736.51782","0.00853","0.00086","45.78700"
"43.90000","1.46342","1,739.44495","0.00856","0.00098","45.86418"
"44.00000","1.46664","1,741.95691","0.00859","0.00098","45.93042"
"44.10000","1.47000","1,744.40515","0.00862","0.00096","45.99497"
"44.20000","1.47321","1,746.43640","0.00860","0.00107","46.04853"
"44.30000","1.47665","1,749.85400","0.00863","0.00079","46.13864"
"44.40000","1.47994","1,751.38245","0.00863","0.00101","46.17894"
"44.50000","1.48338","1,754.69690","0.00867","0.00090","46.26633"
"44.60000","1.48682","1,757.60522","0.00867","0.00079","46.34302"
"44.70000","1.48988","1,759.53528","0.00869","0.00078","46.39391"
"44.80000","1.49339","1,762.40955","0.00871","0.00077","46.46969"
"44.90000","1.49668","1,765.81140","0.00873","0.00087","46.55939"
"45.00000","1.49982","1,767.83777","0.00873","0.00086","46.61282"
"45.10000","1.50333","1,770.55371","0.00875","0.00084","46.68443"
"45.20000","1.50670","1,773.58984","0.00877","0.00087","46.76448"
"45.30000","1.50998","1,775.79724","0.00882","0.00088","46.82269"
"45.40000","1.51342","1,778.62256","0.00883","0.00101","46.89718"
"45.50000","1.51671","1,781.27551","0.00884","0.00099","46.96713"
"45.60000","1.52000","1,783.65613","0.00883","0.00098","47.02990"
"45.70000","1.52329","1,785.42981","0.00886","0.00106","47.07667"
"45.80000","1.52665","1,789.82007","0.00888","0.00117","47.19243"
"45.90000","1.53001","1,791.87488","0.00889","0.00117","47.24661"
"46.00000","1.53323","1,793.83081","0.00891","0.00061","47.29818"
"46.10000","1.53674","1,797.37695","0.00894","0.00052","47.39168"
"46.20000","1.54003","1,799.50488","0.00893","0.00054","47.44779"
"46.30000","1.54317","1,802.25330","0.00895","0.00055","47.52026"
"46.40000","1.54668","1,805.77844","0.00897","0.00061","47.61320"
"46.50000","1.54997","1,808.62244","0.00894","0.00079","47.68819"
"46.60000","1.55318","1,809.89685","0.00896","0.00092","47.72180"
"46.70000","1.55669","1,812.73425","0.00898","0.00085","47.79661"
"46.80000","1.56006","1,816.37476","0.00899","0.00092","47.89260"
"46.90000","1.56335","1,818.05212","0.00900","0.00124","47.93683"
"47.00000","1.56656","1,820.08582","0.00902","0.00112","47.99045"
"47.10000","1.57000","1,823.59131","0.00903","0.00125","48.08288"
"47.20000","1.57329","1,825.62195","0.00906","0.00113","48.13642"
"47.30000","1.57657","1,827.69397","0.00906","0.00109","48.19106"
"47.40000","1.58009","1,830.48901","0.00908","0.00118","48.26475"
"47.50000","1.58345","1,833.33313","0.00909","0.00133","48.33974"
"47.60000","1.58666","1,835.84314","0.00908","0.00111","48.40593"
"47.70000","1.59003","1,838.77551","0.00913","0.00104","48.48325"
"47.80000","1.59332","1,840.99939","0.00916","0.00091","48.54188"
"47.90000","1.59653","1,842.48242","0.00916","0.00101","48.58099"
"48.00000","1.59997","1,845.69690","0.00916","0.00106","48.66574"
"48.10000","1.60341","1,847.58118","0.00918","0.00093","48.71542"
"48.20000","1.60669","1,850.10620","0.00921","0.00091","48.78200"
"48.30000","1.60998","1,853.12744","0.00923","0.00094","48.86166"
"48.40000","1.61335","1,855.79114","0.00927","0.00102","48.93190"
"48.50000","1.61663","1,858.61646","0.00925","0.00112","49.00639"
"48.60000","1.61985","1,859.99573","0.00928","0.00115","49.04276"
"48.70000","1.62329","1,862.41699","0.00931","0.00116","49.10660"
"48.80000","1.62665","1,865.38135","0.00934","0.00112","49.18476"
"48.90000","1.63001","1,867.88184","0.00933","0.00111","49.25069"
"49.00000","1.63337","1,870.01465","0.00933","0.00134","49.30693"
"49.10000","1.63666","1,873.33545","0.00935","0.00145","49.39449"
"49.20000","1.63988","1,874.86487","0.00940","0.00106","49.43482"
"49.30000","1.64324","1,877.22729","0.00940","0.00081","49.49711"
"49.40000","1.64668","1,880.55750","0.00944","0.00070","49.58492"
"49.50000","1.64989","1,882.68701","0.00944","0.00072","49.64106"
"49.60000","1.65333","1,884.33508","0.00944","0.00079","49.68452"
"49.70000","1.65684","1,887.74500","0.00945","0.00076","49.77443"
"49.80000","1.65998","1,889.90527","0.00949","0.00088","49.83139"
"49.90000","1.66319","1,891.18945","0.00949","0.00098","49.86525"
"50.00000","1.66663","1,894.92920","0.00952","0.00114","49.96386"
"50.10000","1.67000","1,896.98413","0.00950","0.00129","50.01804"
"50.20000","1.67328","1,898.56128","0.00951","0.00148","50.05962"
"50.30000","1.67672","1,902.00281","0.00953","0.00143","50.15037"
"50.40000","1.68016","1,904.65564","0.00955","0.00145","50.22031"
"50.50000","1.68330","1,905.29041","0.00957","0.00142","50.23705"
"50.60000","1.68659","1,908.58765","0.00957","0.00141","50.32399"
"50.70000","1.69003","1,911.83020","0.00961","0.00153","50.40949"
"50.80000","1.69324","1,914.03088","0.00961","0.00142","50.46751"
"50.90000","1.69668","1,915.60217","0.00965","0.00120","50.50894"
"51.00000","1.70011","1,918.59180","0.00964","0.00130","50.58777"
"51.10000","1.70333","1,920.08740","0.00963","0.00123","50.62720"
"51.20000","1.70669","1,923.01501","0.00966","0.00115","50.70440"
"51.30000","1.71005","1,925.78162","0.00968","0.00122","50.77735"
"51.40000","1.71327","1,927.81775","0.00971","0.00109","50.83103"
"51.50000","1.71663","1,930.36682","0.00971","0.00126","50.89824"
"51.60000","1.71992","1,932.56177","0.00974","0.00128","50.95612"
"51.70000","1.72343","1,935.29895","0.00974","0.00136","51.02829"
"51.80000","1.72665","1,937.28613","0.00977","0.00129","51.08069"
"51.90000","1.73001","1,939.71191","0.00978","0.00131","51.14465"
"52.00000","1.73345","1,942.39929","0.00978","0.00138","51.21551"
"52.10000","1.73651","1,944.87537","0.00983","0.00138","51.28079"
"52.20000","1.74002","1,947.38416","0.00983","0.00149","51.34694"
"52.30000","1.74339","1,949.24170","0.00983","0.00159","51.39592"
"52.40000","1.74660","1,951.73560","0.00984","0.00107","51.46168"
"52.50000","1.75004","1,953.12036","0.00988","0.00089","51.49819"
"52.60000","1.75348","1,955.95996","0.00987","0.00098","51.57306"
"52.70000","1.75662","1,958.03406","0.00992","0.00099","51.62775"
"52.80000","1.75990","1,960.46350","0.00993","0.00102","51.69181"
"52.90000","1.76327","1,963.36523","0.00995","0.00110","51.76832"
"53.00000","1.76663","1,966.29578","0.00998","0.00100","51.84559"
"53.10000","1.76984","1,967.29102","0.01000","0.00109","51.87183"
"53.20000","1.77336","1,970.65747","0.01001","0.00127","51.96059"
"53.30000","1.77679","1,972.90649","0.01000","0.00161","52.01989"
"53.40000","1.77978","1,975.08557","0.01002","0.00152","52.07735"
"53.50000","1.78330","1,977.76184","0.01003","0.00165","52.14791"
"53.60000","1.78666","1,979.84497","0.01006","0.00170","52.20284"
"53.70000","1.78987","1,981.97046","0.01004","0.00160","52.25888"
"53.80000","1.79339","1,984.41357","0.01003","0.00176","52.32330"
"53.90000","1.79675","1,987.44763","0.01004","0.00163","52.40330"
"54.00000","1.79996","1,989.19824","0.01007","0.00173","52.44946"
"54.10000","1.80333","1,991.90503","0.01010","0.00155","52.52083"
"54.20000","1.80661","1,993.84851","0.01012","0.00152","52.57207"
"54.30000","1.80998","1,996.07837","0.01011","0.00139","52.63087"
"54.40000","1.81319","1,997.80273","0.01011","0.00150","52.67634"
"54.50000","1.81663","2,000.61633","0.01014","0.00153","52.75052"
"54.60000","1.82014","2,003.71484","0.01016","0.00142","52.83222"
"54.70000","1.82328","2,005.41406","0.01017","0.00152","52.87703"
"54.80000","1.82672","2,008.50745","0.01018","0.00157","52.95859"
"54.90000","1.83008","2,010.32715","0.01019","0.00151","53.00657"
"55.00000","1.83315","2,011.97522","0.01021","0.00150","53.05003"
"55.10000","1.83673","2,014.33838","0.01024","0.00151","53.11234"
"55.20000","1.84002","2,017.51147","0.01025","0.00161","53.19600"
"55.30000","1.84331","2,020.11243","0.01027","0.00164","53.26458"
"55.40000","1.84667","2,021.79089","0.01031","0.00177","53.30883"
"55.50000","1.85004","2,023.82263","0.01032","0.00176","53.36241"
"55.60000","1.85333","2,026.57227","0.01031","0.00161","53.43491"
"55.70000","1.85654","2,027.95337","0.01036","0.00104","53.47132"
"55.80000","1.85998","2,031.26172","0.01037","0.00121","53.55856"
"55.90000","1.86334","2,033.26135","0.01042","0.00129","53.61128"
"56.00000","1.86655","2,035.36169","0.01040","0.00129","53.66666"
"56.10000","1.87007","2,037.78235","0.01042","0.00142","53.73048"
"56.20000","1.87343","2,039.74231","0.01046","0.00138","53.78216"
"56.30000","1.87657","2,042.07861","0.01051","0.00135","53.84377"
"56.40000","1.88001","2,044.46387","0.01049","0.00160","53.90666"
"56.50000","1.88337","2,046.98718","0.01049","0.00187","53.97319"
"56.60000","1.88658","2,049.57959","0.01050","0.00186","54.04154"
"56.70000","1.89002","2,051.61499","0.01051","0.00208","54.09521"
"56.80000","1.89338","2,054.10474","0.01056","0.00187","54.16086"
"56.90000","1.89667","2,055.60596","0.01053","0.00202","54.20044"
"57.00000","1.89996","2,058.03467","0.01055","0.00208","54.26448"
"57.10000","1.90332","2,060.14624","0.01057","0.00201","54.32016"
"57.20000","1.90661","2,063.04419","0.01057","0.00207","54.39657"
"57.30000","1.90983","2,065.04126","0.01059","0.00191","54.44922"
"57.40000","1.91334","2,067.68970","0.01058","0.00185","54.51905"
"57.50000","1.91670","2,069.72803","0.01060","0.00178","54.57280"
"57.60000","1.91999","2,072.08618","0.01060","0.00187","54.63498"
"57.70000","1.92335","2,074.13721","0.01061","0.00164","54.68906"
"57.80000","1.92672","2,076.52295","0.01065","0.00168","54.75196"
"57.90000","1.92986","2,079.00244","0.01065","0.00180","54.81734"
"58.00000","1.93329","2,081.54346","0.01067","0.00180","54.88434"
"58.10000","1.93673","2,083.19189","0.01068","0.00183","54.92780"
"58.20000","1.94002","2,085.62964","0.01067","0.00188","54.99208"
"58.30000","1.94331","2,086.99609","0.01071","0.00181","55.02811"
"58.40000","1.94675","2,090.04907","0.01071","0.00188","55.10861"
"58.50000","1.94996","2,091.82959","0.01074","0.00200","55.15556"
"58.60000","1.95317","2,093.98682","0.01076","0.00207","55.21244"
"58.70000","1.95669","2,095.77295","0.01079","0.00214","55.25953"
"58.80000","1.96005","2,098.23169","0.01079","0.00181","55.32436"
"58.90000","1.96334","2,100.59448","0.01081","0.00144","55.38666"
"59.00000","1.96670","2,102.87598","0.01082","0.00151","55.44682"
"59.10000","1.97014","2,104.51636","0.01085","0.00164","55.49007"
"59.20000","1.97328","2,106.76611","0.01088","0.00155","55.54939"
"59.30000","1.97657","2,110.36255","0.01088","0.00164","55.64421"
"59.40000","1.98008","2,110.92163","0.01089","0.00174","55.65896"
"59.50000","1.98322","2,113.05200","0.01091","0.00192","55.71513"
"59.60000","1.98666","2,115.66089","0.01092","0.00200","55.78392"
"59.70000","1.99009","2,117.38184","0.01094","0.00204","55.82930"
"59.80000","1.99331","2,120.21338","0.01096","0.00215","55.90395"
"59.90000","1.99660","2,121.55518","0.01101","0.00226","55.93933"
"60.00000","1.99996","2,124.12354","0.01101","0.00234","56.00705"
"60.10000","2.00325","2,126.23462","0.01100","0.00236","56.06272"
"60.20000","2.00661","2,128.10913","0.01100","0.00226","56.11214"
"60.30000","2.00997","2,130.31592","0.01103","0.00231","56.17033"
"60.40000","2.01341","2,133.02466","0.01105","0.00239","56.24175"
"60.50000","2.01663","2,135.31689","0.01103","0.00227","56.30219"
"60.60000","2.01999","2,136.71997","0.01104","0.00204","56.33919"
"60.70000","2.02343","2,139.08154","0.01106","0.00208","56.40145"
"60.80000","2.02657","2,140.94043","0.01109","0.00201","56.45047"
"60.90000","2.03000","2,143.22339","0.01110","0.00199","56.51066"
"61.00000","2.03344","2,145.67529","0.01110","0.00203","56.57531"
"61.10000","2.03658","2,147.33594","0.01111","0.00205","56.61910"
"61.20000","2.04002","2,149.56177","0.01108","0.00218","56.67779"
"61.30000","2.04338","2,151.58105","0.01112","0.00213","56.73103"
"61.40000","2.04667","2,153.93066","0.01112","0.00215","56.79298"
"61.50000","2.04988","2,155.61841","0.01116","0.00211","56.83748"
"61.60000","2.05332","2,158.12354","0.01115","0.00222","56.90354"
"61.70000","2.05676","2,159.82959","0.01118","0.00224","56.94852"
"61.80000","2.05997","2,161.72925","0.01118","0.00230","56.99861"
"61.90000","2.06334","2,164.31689","0.01123","0.00244","57.06684"
"62.00000","2.06677","2,166.06519","0.01125","0.00244","57.11293"
"62.10000","2.06984","2,168.03662","0.01129","0.00174","57.16492"
"62.20000","2.07335","2,169.79419","0.01129","0.00177","57.21126"
"62.30000","2.07671","2,172.12402","0.01130","0.00197","57.27269"
"62.40000","2.07993","2,174.72046","0.01129","0.00211","57.34115"
"62.50000","2.08337","2,176.36938","0.01133","0.00198","57.38463"
"62.60000","2.08673","2,178.84229","0.01135","0.00195","57.44983"
"62.70000","2.08994","2,180.61450","0.01141","0.00192","57.49656"
"62.80000","2.09331","2,183.03491","0.01142","0.00212","57.56038"
"62.90000","2.09659","2,184.90503","0.01140","0.00255","57.60969"
"63.00000","2.09996","2,187.38599","0.01143","0.00252","57.67510"
"63.10000","2.10325","2,188.85278","0.01146","0.00257","57.71378"
"63.20000","2.10668","2,191.41309","0.01146","0.00269","57.78129"
"63.30000","2.11020","2,193.37134","0.01147","0.00280","57.83292"
"63.40000","2.11326","2,195.44287","0.01147","0.00271","57.88754"
"63.50000","2.11670","2,198.23462","0.01150","0.00269","57.96115"
"63.60000","2.12006","2,200.84937","0.01149","0.00262","58.03009"
"63.70000","2.12313","2,201.54614","0.01152","0.00240","58.04847"
"63.80000","2.12671","2,204.02808","0.01154","0.00250","58.11391"
"63.90000","2.13008","2,206.12939","0.01153","0.00236","58.16932"
"64.00000","2.13329","2,208.27661","0.01153","0.00233","58.22593"
"64.10000","2.13665","2,210.84961","0.01155","0.00225","58.29377"
"64.20000","2.14002","2,212.26636","0.01158","0.00222","58.33113"
"64.30000","2.14330","2,214.67871","0.01157","0.00238","58.39473"
"64.40000","2.14652","2,215.97021","0.01155","0.00244","58.42879"
"64.50000","2.15003","2,218.68652","0.01159","0.00242","58.50041"
"64.60000","2.15347","2,221.35522","0.01159","0.00246","58.57077"
"64.70000","2.15653","2,222.97607","0.01161","0.00242","58.61351"
"64.80000","2.16005","2,225.05249","0.01164","0.00255","58.66826"
"64.90000","2.16341","2,226.80542","0.01169","0.00253","58.71448"
"65.00000","2.16655","2,228.81299","0.01168","0.00253","58.76741"
"65.10000","2.17006","2,231.16724","0.01171","0.00272","58.82949"
"65.20000","2.17335","2,233.31738","0.01168","0.00274","58.88618"
"65.30000","2.17664","2,235.28418","0.01171","0.00214","58.93804"
"65.40000","2.18007","2,236.96216","0.01173","0.00215","58.98228"
"65.50000","2.18336","2,239.42358","0.01181","0.00226","59.04719"
"65.60000","2.18673","2,241.41528","0.01178","0.00214","59.09970"
"65.70000","2.18987","2,242.49121","0.01181","0.00211","59.12807"
"65.80000","2.19330","2,244.20874","0.01185","0.00219","59.17336"
"65.90000","2.19667","2,246.88477","0.01185","0.00237","59.24392"
"66.00000","2.19988","2,249.09521","0.01184","0.00270","59.30220"
"66.10000","2.20339","2,251.54102","0.01184","0.00294","59.36669"
"66.20000","2.20676","2,253.45361","0.01190","0.00290","59.41712"
"66.30000","2.20990","2,255.51538","0.01190","0.00280","59.47148"
"66.40000","2.21333","2,256.64258","0.01195","0.00297","59.50120"
"66.50000","2.21655","2,259.55518","0.01195","0.00283","59.57800"
"66.60000","2.21984","2,261.29761","0.01197","0.00297","59.62394"
"66.70000","2.22335","2,263.06763","0.01195","0.00296","59.67061"
"66.80000","2.22671","2,265.60425","0.01196","0.00296","59.73750"
"66.90000","2.23007","2,268.11182","0.01198","0.00279","59.80361"
"67.00000","2.23329","2,269.93457","0.01199","0.00250","59.85167"
"67.10000","2.23665","2,271.25977","0.01205","0.00249","59.88662"
"67.20000","2.24001","2,273.96411","0.01203","0.00256","59.95792"
"67.30000","2.24315","2,275.56763","0.01202","0.00271","60.00020"
"67.40000","2.24674","2,278.24292","0.01204","0.00256","60.07074"
"67.50000","2.25010","2,280.10669","0.01204","0.00261","60.11988"
"67.60000","2.25332","2,281.58936","0.01206","0.00263","60.15898"
"67.70000","2.25676","2,283.98608","0.01208","0.00260","60.22217"
"67.80000","2.26004","2,287.52881","0.01211","0.00269","60.31558"
"67.90000","2.26326","2,288.01270","0.01211","0.00266","60.32834"
"68.00000","2.26662","2,289.45752","0.01212","0.00271","60.36644"
"68.10000","2.27006","2,292.50366","0.01213","0.00281","60.44675"
"68.20000","2.27335","2,294.64673","0.01213","0.00292","60.50326"
"68.30000","2.27664","2,295.63330","0.01213","0.00296","60.52927"
"68.40000","2.28007","2,298.67773","0.01215","0.00306","60.60955"
"68.50000","2.28336","2,299.82593","0.01217","0.00234","60.63982"
"68.60000","2.28650","2,301.99463","0.01220","0.00245","60.69701"
"68.70000","2.28994","2,303.87866","0.01220","0.00252","60.74668"
"68.80000","2.29338","2,306.32764","0.01223","0.00251","60.81125"
"68.90000","2.29659","2,308.01123","0.01226","0.00255","60.85564"
"69.00000","2.30010","2,310.26440","0.01226","0.00258","60.91505"
"69.10000","2.30347","2,312.77051","0.01229","0.00256","60.98114"
"69.20000","2.30660","2,314.13574","0.01231","0.00285","61.01713"
"69.30000","2.30997","2,315.66479","0.01234","0.00316","61.05745"
"69.40000","2.31341","2,318.10327","0.01237","0.00315","61.12175"
"69.50000","2.31654","2,319.65747","0.01237","0.00319","61.16272"
"69.60000","2.31998","2,321.93164","0.01241","0.00330","61.22269"
"69.70000","2.32350","2,323.80859","0.01239","0.00336","61.27218"
"69.80000","2.32671","2,325.80151","0.01240","0.00347","61.32473"
"69.90000","2.32992","2,327.53516","0.01241","0.00336","61.37044"
"70.00000","2.33336","2,329.15674","0.01247","0.00328","61.41319"
"70.10000","2.33672","2,331.80469","0.01250","0.00302","61.48301"
"70.20000","2.33986","2,332.82275","0.01247","0.00288","61.50985"
"70.30000","2.34330","2,335.01465","0.01246","0.00289","61.56765"
"70.40000","2.34689","2,337.40479","0.01249","0.00289","61.63067"
"70.50000","2.34995","2,339.51978","0.01247","0.00306","61.68644"
"70.60000","2.35332","2,341.69019","0.01250","0.00297","61.74366"
"70.70000","2.35668","2,343.28345","0.01257","0.00297","61.78568"
"70.80000","2.35982","2,344.90625","0.01259","0.00298","61.82846"
"70.90000","2.36333","2,346.97827","0.01260","0.00406","61.88309"
"71.00000","2.36669","2,349.09448","0.01259","0.00291","61.93889"
"71.10000","2.36991","2,350.58447","0.01260","0.00300","61.97818"
"71.20000","2.37334","2,353.23706","0.01262","0.00303","62.04812"
"71.30000","2.37671","2,355.16138","0.01258","0.00327","62.09886"
"71.40000","2.38000","2,356.76367","0.01264","0.00348","62.14111"
"71.50000","2.38328","2,359.07642","0.01265","0.00321","62.20209"
"71.60000","2.38665","2,360.81323","0.01262","0.00339","62.24788"
"71.70000","2.39009","2,363.25122","0.01266","0.00310","62.31217"
"71.80000","2.39330","2,364.09424","0.01269","0.00274","62.33439"
"71.90000","2.39674","2,367.09229","0.01269","0.00279","62.41344"
"72.00000","2.40018","2,368.73901","0.01271","0.00277","62.45686"
"72.10000","2.40324","2,369.85449","0.01273","0.00289","62.48627"
"72.20000","2.40668","2,371.23389","0.01274","0.00282","62.52265"
"72.30000","2.41004","2,373.31909","0.01279","0.00292","62.57763"
"72.40000","2.41325","2,376.15332","0.01282","0.00282","62.65236"
"72.50000","2.41669","2,377.42041","0.01279","0.00346","62.68577"
"72.60000","2.42006","2,379.86841","0.01280","0.00347","62.75031"
"72.70000","2.42334","2,382.27295","0.01281","0.00361","62.81371"
"72.80000","2.42663","2,383.51294","0.01283","0.00355","62.84641"
"72.90000","2.42992","2,385.59497","0.01283","0.00365","62.90131"
"73.00000","2.43336","2,388.13940","0.01286","0.00371","62.96840"
"73.10000","2.43650","2,389.56641","0.01288","0.00355","63.00602"
"73.20000","2.44001","2,391.67969","0.01291","0.00337","63.06174"
"73.30000","2.44345","2,393.05640","0.01294","0.00322","63.09805"
"73.40000","2.44659","2,395.47266","0.01296","0.00307","63.16175"
"73.50000","2.45002","2,397.29468","0.01298","0.00323","63.20979"
"73.60000","2.45339","2,398.67065","0.01298","0.00318","63.24607"
"73.70000","2.45660","2,401.62329","0.01299","0.00317","63.32393"
"73.80000","2.45996","2,403.05322","0.01304","0.00320","63.36163"
"73.90000","2.46333","2,405.54614","0.01305","0.00303","63.42736"
"74.00000","2.46669","2,407.14795","0.01304","0.00319","63.46960"
"74.10000","2.47005","2,408.90479","0.01308","0.00321","63.51592"
"74.20000","2.47334","2,411.08154","0.01308","0.00336","63.57331"
"74.30000","2.47671","2,413.09570","0.01309","0.00336","63.62642"
"74.40000","2.47984","2,414.80908","0.01309","0.00334","63.67160"
"74.50000","2.48328","2,416.01587","0.01312","0.00459","63.70342"
"74.60000","2.48672","2,419.62500","0.01312","0.00333","63.79858"
"74.70000","2.48986","2,420.85522","0.01315","0.00350","63.83102"
"74.80000","2.49337","2,423.00806","0.01315","0.00347","63.88778"
"74.90000","2.49674","2,424.46094","0.01316","0.00303","63.92609"
"75.00000","2.49987","2,426.05371","0.01318","0.00314","63.96809"
"75.10000","2.50331","2,427.95190","0.01318","0.00313","64.01814"
"75.20000","2.50660","2,429.85059","0.01318","0.00321","64.06820"
"75.30000","2.50996","2,431.68311","0.01322","0.00313","64.11652"
"75.40000","2.51333","2,434.18335","0.01323","0.00309","64.18244"
"75.50000","2.51669","2,435.16455","0.01324","0.00328","64.20831"
"75.60000","2.52005","2,437.87500","0.01325","0.00343","64.27979"
"75.70000","2.52319","2,439.33716","0.01326","0.00347","64.31834"
"75.80000","2.52663","2,441.39771","0.01328","0.00383","64.37267"
"75.90000","2.53007","2,443.32886","0.01327","0.00393","64.42358"
"76.00000","2.53321","2,444.57959","0.01331","0.00398","64.45657"
"76.10000","2.53679","2,446.75098","0.01330","0.00398","64.51382"
"76.20000","2.54016","2,448.35620","0.01335","0.00388","64.55614"
"76.30000","2.54330","2,450.66431","0.01336","0.00389","64.61700"
"76.40000","2.54673","2,452.76514","0.01337","0.00377","64.67239"
"76.50000","2.54995","2,454.02295","0.01341","0.00371","64.70556"
"76.60000","2.55331","2,455.99976","0.01341","0.00354","64.75768"
"76.70000","2.55660","2,458.36938","0.01344","0.00342","64.82016"
"76.80000","2.56004","2,460.32812","0.01345","0.00343","64.87180"
"76.90000","2.56333","2,462.12622","0.01345","0.00350","64.91922"
"77.00000","2.56661","2,463.33789","0.01357","0.00359","64.95116"
"77.10000","2.57005","2,465.70825","0.01353","0.00356","65.01366"
"77.20000","2.57334","2,467.78271","0.01353","0.00357","65.06836"
"77.30000","2.57648","2,468.93848","0.01357","0.00409","65.09884"
"77.40000","2.57999","2,471.73364","0.01357","0.00416","65.17254"
"77.50000","2.58343","2,473.64502","0.01360","0.00360","65.22293"
"77.60000","2.58664","2,476.03442","0.01362","0.00398","65.28593"
"77.70000","2.59008","2,476.98511","0.01361","0.00410","65.31100"
"77.80000","2.59337","2,478.89355","0.01360","0.00374","65.36132"
"77.90000","2.59658","2,480.91846","0.01363","0.00472","65.41471"
"78.00000","2.59995","2,482.45068","0.01365","0.00379","65.45512"
"78.10000","2.60338","2,484.71558","0.01365","0.00329","65.51483"
"78.20000","2.60667","2,486.48267","0.01367","0.00327","65.56142"
"78.30000","2.60996","2,488.06714","0.01369","0.00324","65.60320"
"78.40000","2.61347","2,490.23584","0.01367","0.00342","65.66039"
"78.50000","2.61669","2,492.01367","0.01366","0.00350","65.70726"
"78.60000","2.61990","2,493.59082","0.01369","0.00345","65.74885"
"78.70000","2.62334","2,496.50928","0.01371","0.00364","65.82580"
"78.80000","2.62670","2,497.52222","0.01371","0.00366","65.85251"
"78.90000","2.62992","2,498.82812","0.01375","0.00386","65.88694"
"79.00000","2.63335","2,501.51001","0.01375","0.00415","65.95766"
"79.10000","2.63679","2,503.16602","0.01375","0.00418","66.00132"
"79.20000","2.63993","2,504.59473","0.01376","0.00423","66.03899"
"79.30000","2.64329","2,505.92163","0.01378","0.00423","66.07397"
"79.40000","2.64666","2,508.60791","0.01384","0.00418","66.14481"
"79.50000","2.64987","2,509.53979","0.01382","0.00405","66.16938"
"79.60000","2.65323","2,511.37305","0.01386","0.00396","66.21771"
"79.70000","2.65675","2,514.26709","0.01391","0.00366","66.29402"
"79.80000","2.66004","2,515.62939","0.01390","0.00368","66.32994"
"79.90000","2.66332","2,517.34888","0.01393","0.00366","66.37528"
"80.00000","2.66669","2,519.23926","0.01393","0.00375","66.42513"
"80.10000","2.66998","2,520.63989","0.01396","0.00374","66.46205"
"80.20000","2.67319","2,522.40503","0.01400","0.00359","66.50860"
"80.30000","2.67670","2,524.32129","0.01400","0.00368","66.55912"
"80.40000","2.68014","2,526.06421","0.01405","0.00418","66.60508"
"80.50000","2.68328","2,527.68359","0.01402","0.00386","66.64777"
"80.60000","2.68672","2,530.32861","0.01402","0.00377","66.71752"
"80.70000","2.69008","2,532.46948","0.01405","0.00383","66.77396"
"80.80000","2.69322","2,534.07739","0.01406","0.00389","66.81636"
"80.90000","2.69666","2,535.38306","0.01406","0.00395","66.85079"
"81.00000","2.70002","2,537.04785","0.01411","0.00432","66.89468"
"81.10000","2.70331","2,539.09668","0.01409","0.00523","66.94871"
"81.20000","2.70667","2,541.02368","0.01413","0.00476","66.99952"
"81.30000","2.71003","2,542.70386","0.01413","0.00360","67.04382"
"81.40000","2.71332","2,544.15063","0.01411","0.00357","67.08196"
"81.50000","2.71654","2,546.23413","0.01413","0.00361","67.13690"
"81.60000","2.71990","2,548.48535","0.01415","0.00371","67.19626"
"81.70000","2.72334","2,549.94604","0.01416","0.00368","67.23477"
"81.80000","2.72655","2,551.88965","0.01416","0.00370","67.28602"
"81.90000","2.72999","2,553.51270","0.01416","0.00435","67.32882"
"82.00000","2.73350","2,555.77393","0.01423","0.00452","67.38844"
"82.10000","2.73657","2,557.67822","0.01418","0.00519","67.43865"
"82.20000","2.74000","2,558.96216","0.01419","0.00491","67.47250"
"82.30000","2.74337","2,560.25317","0.01426","0.00530","67.50655"
"82.40000","2.74658","2,562.67969","0.01425","0.00535","67.57053"
"82.50000","2.75002","2,563.76929","0.01428","0.00501","67.59925"
"82.60000","2.75338","2,565.63916","0.01430","0.00507","67.64856"
"82.70000","2.75675","2,568.77954","0.01434","0.00451","67.73136"
"82.80000","2.76003","2,569.59937","0.01437","0.00561","67.75298"
"82.90000","2.76332","2,572.37891","0.01438","0.00564","67.82626"
"83.00000","2.76676","2,573.20581","0.01438","0.00551","67.84807"
"83.10000","2.76990","2,574.66113","0.01440","0.00561","67.88644"
"83.20000","2.77334","2,576.78271","0.01440","0.00555","67.94238"
"83.30000","2.77677","2,579.19629","0.01444","0.00558","68.00602"
"83.40000","2.77991","2,580.38965","0.01447","0.00559","68.03748"
"83.50000","2.78335","2,582.56152","0.01447","0.00551","68.09475"
"83.60000","2.78671","2,584.73169","0.01448","0.00558","68.15197"
"83.70000","2.78985","2,585.72388","0.01450","0.00561","68.17813"
"83.80000","2.79337","2,587.86304","0.01452","0.00576","68.23454"
"83.90000","2.79665","2,590.27026","0.01452","0.00577","68.29801"
"84.00000","2.80002","2,592.36377","0.01456","0.00579","68.35321"
"84.10000","2.80331","2,593.88452","0.01457","0.00587","68.39330"
"84.20000","2.80667","2,595.46460","0.01458","0.00558","68.43497"
"84.30000","2.81003","2,596.71240","0.01458","0.00567","68.46787"
"84.40000","2.81317","2,599.06299","0.01458","0.00534","68.52985"
"84.50000","2.81661","2,600.90161","0.01462","0.00534","68.57832"
"84.60000","2.82012","2,603.04443","0.01460","0.00539","68.63483"
"84.70000","2.82326","2,604.60034","0.01463","0.00540","68.67585"
"84.80000","2.82677","2,606.81689","0.01462","0.00548","68.73430"
"84.90000","2.83014","2,608.08984","0.01465","0.00522","68.76786"
"85.00000","2.83320","2,610.20020","0.01466","0.00412","68.82350"
"85.10000","2.83664","2,611.65552","0.01467","0.00556","68.86188"
"85.20000","2.84000","2,613.21338","0.01467","0.00584","68.90295"
"85.30000","2.84329","2,615.63379","0.01470","0.00499","68.96677"
"85.40000","2.84665","2,617.13574","0.01470","0.00590","69.00637"
"85.50000","2.85002","2,619.18604","0.01469","0.00598","69.06043"
"85.60000","2.85338","2,620.99121","0.01474","0.00593","69.10803"
"85.70000","2.85659","2,622.29004","0.01476","0.00604","69.14228"
"85.80000","2.85996","2,625.21680","0.01476","0.00626","69.21945"
"85.90000","2.86332","2,626.51025","0.01479","0.00602","69.25356"
"86.00000","2.86646","2,627.74219","0.01481","0.00590","69.28603"
"86.10000","2.87005","2,629.99585","0.01482","0.00573","69.34546"
"86.20000","2.87341","2,631.30396","0.01484","0.00577","69.37995"
"86.30000","2.87662","2,633.03662","0.01485","0.00572","69.42564"
"86.40000","2.88006","2,634.82471","0.01488","0.00574","69.47278"
"86.50000","2.88335","2,636.12036","0.01494","0.00593","69.50694"
"86.60000","2.88664","2,639.06104","0.01494","0.00594","69.58448"
"86.70000","2.88993","2,640.84766","0.01498","0.00582","69.63159"
"86.80000","2.89336","2,641.62549","0.01497","0.00589","69.65210"
"86.90000","2.89673","2,643.87012","0.01501","0.00596","69.71128"
"87.00000","2.89994","2,644.40674","0.01498","0.00593","69.72543"
"87.10000","2.90338","2,647.67993","0.01504","0.00591","69.81174"
"87.20000","2.90667","2,648.89844","0.01506","0.00590","69.84386"
"87.30000","2.90981","2,650.39575","0.01504","0.00570","69.88335"
"87.40000","2.91339","2,652.77466","0.01505","0.00580","69.94607"
"87.50000","2.91676","2,654.92114","0.01506","0.00557","70.00267"
"87.60000","2.91997","2,656.11841","0.01508","0.00556","70.03423"
"87.70000","2.92341","2,657.49292","0.01510","0.00561","70.07048"
"87.80000","2.92677","2,659.31519","0.01510","0.00564","70.11852"
"87.90000","2.92991","2,661.58130","0.01510","0.00577","70.17828"
"88.00000","2.93327","2,662.68970","0.01509","0.00436","70.20750"
"88.10000","2.93671","2,664.58789","0.01511","0.00437","70.25755"
"88.20000","2.93992","2,666.54590","0.01514","0.00446","70.30918"
"88.30000","2.94329","2,667.96753","0.01516","0.00505","70.34666"
"88.40000","2.94680","2,670.84937","0.01514","0.00600","70.42265"
"88.50000","2.95001","2,672.31494","0.01525","0.00623","70.46129"
"88.60000","2.95323","2,673.22485","0.01519","0.00619","70.48528"
"88.70000","2.95667","2,675.99121","0.01526","0.00637","70.55823"
"88.80000","2.96003","2,677.22241","0.01520","0.00641","70.59069"
"88.90000","2.96324","2,679.49683","0.01522","0.00643","70.65066"
"89.00000","2.96668","2,681.72607","0.01530","0.00648","70.70943"
"89.10000","2.97012","2,682.67920","0.01531","0.00609","70.73457"
"89.20000","2.97333","2,684.70654","0.01528","0.00605","70.78802"
"89.30000","2.97670","2,685.96948","0.01527","0.00591","70.82132"
"89.40000","2.98006","2,687.96484","0.01532","0.00592","70.87393"
"89.50000","2.98320","2,690.13379","0.01534","0.00602","70.93112"
"89.60000","2.98664","2,691.74829","0.01535","0.00601","70.97369"
"89.70000","2.99007","2,693.34985","0.01537","0.00598","71.01592"
"89.80000","2.99329","2,695.13550","0.01539","0.00600","71.06300"
"89.90000","2.99665","2,696.47046","0.01541","0.00617","71.09821"
"90.00000","3.00009","2,699.17114","0.01543","0.00612","71.16941"
"90.10000","3.00330","2,700.20117","0.01548","0.00622","71.19657"
"90.20000","3.00652","2,702.25146","0.01548","0.00626","71.25063"
"90.30000","3.00995","2,703.70728","0.01550","0.00619","71.28902"
"90.40000","3.01339","2,705.93799","0.01552","0.00638","71.34783"
"90.50000","3.01661","2,707.42090","0.01551","0.00616","71.38693"
"90.60000","3.02004","2,708.84863","0.01551","0.00609","71.42458"
"90.70000","3.02348","2,710.33447","0.01553","0.00587","71.46376"
"90.80000","3.02655","2,712.51392","0.01557","0.00577","71.52122"
"90.90000","3.02998","2,713.96240","0.01555","0.00586","71.55942"
"91.00000","3.03342","2,717.11597","0.01558","0.00597","71.64256"
"91.10000","3.03663","2,717.99121","0.01560","0.00593","71.66564"
"91.20000","3.04000","2,720.27637","0.01561","0.00608","71.72590"
"91.30000","3.04336","2,721.41260","0.01565","0.00606","71.75586"
"91.40000","3.04672","2,723.15405","0.01563","0.00601","71.80177"
"91.50000","3.04994","2,724.66357","0.01568","0.00607","71.84158"
"91.60000","3.05330","2,726.80493","0.01569","0.00613","71.89803"
"91.70000","3.05674","2,728.41260","0.01568","0.00639","71.94043"
"91.80000","3.05988","2,729.85767","0.01576","0.00648","71.97853"
"91.90000","3.06332","2,732.24902","0.01570","0.00655","72.04158"
"92.00000","3.06683","2,733.69800","0.01572","0.00573","72.07979"
"92.10000","3.06989","2,734.76538","0.01573","0.00678","72.10793"
"92.20000","3.07333","2,736.27930","0.01576","0.00654","72.14785"
"92.30000","3.07662","2,738.44043","0.01578","0.00644","72.20483"
"92.40000","3.07991","2,739.82764","0.01579","0.00646","72.24141"
"92.50000","3.08334","2,742.20215","0.01579","0.00631","72.30402"
"92.60000","3.08663","2,743.72827","0.01581","0.00621","72.34425"
"92.70000","3.09007","2,745.62256","0.01583","0.00619","72.39420"
"92.80000","3.09336","2,747.88232","0.01584","0.00627","72.45379"
"92.90000","3.09665","2,749.63452","0.01588","0.00632","72.49998"
"93.00000","3.10009","2,751.31860","0.01594","0.00641","72.54440"
"93.10000","3.10315","2,751.91187","0.01589","0.00628","72.56004"
"93.20000","3.10666","2,753.66968","0.01590","0.00634","72.60638"
"93.30000","3.11010","2,756.34570","0.01596","0.00643","72.67694"
"93.40000","3.11324","2,757.74292","0.01594","0.00656","72.71378"
"93.50000","3.11675","2,759.50342","0.01597","0.00653","72.76020"
"93.60000","3.12012","2,760.84424","0.01598","0.00622","72.79556"
"93.70000","3.12325","2,762.17480","0.01599","0.00611","72.83064"
"93.80000","3.12669","2,764.65967","0.01603","0.00590","72.89616"
"93.90000","3.12991","2,766.49658","0.01601","0.00610","72.94460"
"94.00000","3.13327","2,767.43750","0.01603","0.00618","72.96940"
"94.10000","3.13663","2,769.95386","0.01605","0.00615","73.03575"
"94.20000","3.14000","2,771.04199","0.01608","0.00609","73.06444"
"94.30000","3.14343","2,773.26807","0.01608","0.00611","73.12314"
"94.40000","3.14650","2,774.61206","0.01619","0.00620","73.15858"
"94.50000","3.14994","2,776.43652","0.01621","0.00631","73.20668"
"94.60000","3.15337","2,777.56128","0.01621","0.00638","73.23634"
"94.70000","3.15651","2,779.55542","0.01617","0.00633","73.28892"
"94.80000","3.16003","2,782.04614","0.01616","0.00649","73.35459"
"94.90000","3.16346","2,783.12598","0.01616","0.00670","73.38306"
"95.00000","3.16660","2,784.99268","0.01627","0.00699","73.43228"
"95.10000","3.16997","2,786.98926","0.01619","0.00693","73.48492"
"95.20000","3.17325","2,788.51318","0.01620","0.00695","73.52511"
"95.30000","3.17662","2,789.81299","0.01624","0.00713","73.55938"
"95.40000","3.17991","2,791.46924","0.01622","0.00695","73.60305"
"95.50000","3.18342","2,793.28613","0.01625","0.00659","73.65096"
"95.60000","3.18678","2,794.96875","0.01627","0.00658","73.69532"
"95.70000","3.18992","2,796.04810","0.01628","0.00648","73.72378"
"95.80000","3.19336","2,798.68237","0.01628","0.00649","73.79324"
"95.90000","3.19672","2,800.66772","0.01629","0.00644","73.84559"
"96.00000","3.19986","2,801.17773","0.01632","0.00653","73.85903"
"96.10000","3.20345","2,804.17529","0.01635","0.00653","73.93807"
"96.20000","3.20674","2,805.60181","0.01633","0.00667","73.97569"
"96.30000","3.20995","2,807.04004","0.01639","0.00666","74.01360"
"96.40000","3.21339","2,808.43848","0.01638","0.00670","74.05048"
"96.50000","3.21675","2,810.50122","0.01637","0.00660","74.10487"
"96.60000","3.21996","2,811.96582","0.01641","0.00673","74.14349"
"96.70000","3.22325","2,813.09497","0.01642","0.00685","74.17326"
"96.80000","3.22669","2,815.73804","0.01650","0.00660","74.24295"
"96.90000","3.22998","2,816.91406","0.01645","0.00661","74.27396"
"97.00000","3.23327","2,819.09229","0.01653","0.00638","74.33139"
"97.10000","3.23671","2,821.24268","0.01649","0.00630","74.38809"
"97.20000","3.23999","2,822.53467","0.01650","0.00627","74.42216"
"97.30000","3.24321","2,824.52393","0.01654","0.00634","74.47461"
"97.40000","3.24672","2,825.96680","0.01657","0.00644","74.51265"
"97.50000","3.25008","2,827.97021","0.01664","0.00650","74.56548"
"97.60000","3.25330","2,828.66870","0.01666","0.00652","74.58389"
"97.70000","3.25673","2,831.38062","0.01667","0.00661","74.65540"
"97.80000","3.26017","2,832.72778","0.01664","0.00664","74.69092"
"97.90000","3.26324","2,834.82251","0.01663","0.00661","74.74615"
"98.00000","3.26660","2,835.77686","0.01672","0.00689","74.77132"
"98.10000","3.27004","2,837.46973","0.01669","0.00709","74.81595"
"98.20000","3.27333","2,839.99731","0.01666","0.00704","74.88260"
"98.30000","3.27661","2,841.24707","0.01670","0.00719","74.91555"
"98.40000","3.28005","2,843.14209","0.01671","0.00717","74.96552"
"98.50000","3.28334","2,844.70532","0.01671","0.00717","75.00673"
"98.60000","3.28655","2,846.40601","0.01674","0.00682","75.05157"
"98.70000","3.28999","2,848.99707","0.01673","0.00687","75.11990"
"98.80000","3.29336","2,850.13403","0.01675","0.00682","75.14987"
"98.90000","3.29649","2,850.68311","0.01679","0.00680","75.16435"
"99.00000","3.30001","2,853.01685","0.01681","0.00687","75.22588"
"99.10000","3.30345","2,854.89966","0.01683","0.00695","75.27553"
"99.20000","3.30658","2,856.69238","0.01680","0.00698","75.32280"
"99.30000","3.31002","2,858.18726","0.01684","0.00687","75.36221"
"99.40000","3.31339","2,859.68311","0.01684","0.00681","75.40166"
"99.50000","3.31660","2,861.64258","0.01684","0.00686","75.45332"
"99.60000","3.31996","2,862.70728","0.01687","0.00700","75.48139"
"99.70000","3.32340","2,864.90796","0.01687","0.00703","75.53942"
"99.80000","3.32669","2,867.13989","0.01691","0.00713","75.59827"
"99.90000","3.32998","2,868.54834","0.01691","0.00679","75.63541"
"100.00000","3.33341","2,870.12305","0.01693","0.00676","75.67693"
"100.10000","3.33670","2,872.01318","0.01702","0.00660","75.72676"
"100.20000","3.33992","2,873.82764","0.01698","0.00662","75.77460"
"100.30000","3.34328","2,875.58911","0.01703","0.00662","75.82105"
"100.40000","3.34672","2,878.24561","0.01706","0.00673","75.89109"
"100.50000","3.34993","2,879.21216","0.01706","0.00677","75.91658"
"100.60000","3.35337","2,880.82617","0.01713","0.00671","75.95914"
"100.70000","3.35673","2,883.17114","0.01711","0.00680","76.02097"
"100.80000","3.35987","2,884.13599","0.01708","0.00676","76.04641"
"100.90000","3.36331","2,885.68823","0.01712","0.00687","76.08733"
"101.00000","3.36667","2,887.47559","0.01714","0.00700","76.13446"
"101.10000","3.36989","2,889.31592","0.01714","0.00700","76.18298"
"101.20000","3.37332","2,890.67358","0.01718","0.00732","76.21878"
"101.30000","3.37669","2,893.21411","0.01722","0.00751","76.28577"
"101.40000","3.38005","2,894.60718","0.01719","0.00759","76.32250"
"101.50000","3.38326","2,896.96606","0.01717","0.00765","76.38470"
"101.60000","3.38655","2,898.58179","0.01717","0.00746","76.42730"
"101.70000","3.39007","2,899.95044","0.01722","0.00728","76.46339"
"101.80000","3.39320","2,902.23486","0.01722","0.00709","76.52362"
"101.90000","3.39672","2,903.44556","0.01725","0.00707","76.55554"
"102.00000","3.40016","2,904.52734","0.01723","0.00709","76.58407"
"102.10000","3.40322","2,906.51172","0.01726","0.00696","76.63639"
"102.20000","3.40673","2,908.02490","0.01724","0.00702","76.67628"
"102.30000","3.41002","2,910.83374","0.01725","0.00712","76.75035"
"102.40000","3.41323","2,910.87524","0.01728","0.00722","76.75144"
"102.50000","3.41667","2,912.71851","0.01727","0.00719","76.80004"
"102.60000","3.42004","2,915.15747","0.01730","0.00720","76.86436"
"102.70000","3.42347","2,916.28589","0.01729","0.00716","76.89410"
"102.80000","3.42669","2,918.90356","0.01730","0.00720","76.96313"
"102.90000","3.42997","2,919.64478","0.01732","0.00734","76.98267"
"103.00000","3.43341","2,921.25928","0.01735","0.00741","77.02524"
"103.10000","3.43655","2,922.78979","0.01736","0.00699","77.06560"
"103.20000","3.43999","2,925.26782","0.01741","0.00674","77.13094"
"103.30000","3.44343","2,927.64819","0.01752","0.00697","77.19370"
"103.40000","3.44657","2,927.65454","0.01753","0.00704","77.19386"
"103.50000","3.45008","2,929.48462","0.01758","0.00696","77.24212"
"103.60000","3.45344","2,931.85010","0.01755","0.00706","77.30449"
"103.70000","3.45658","2,933.45630","0.01749","0.00688","77.34684"
"103.80000","3.46002","2,935.26270","0.01757","0.00712","77.39447"
"103.90000","3.46331","2,936.68750","0.01755","0.00709","77.43204"
"104.00000","3.46667","2,938.40527","0.01762","0.00718","77.47733"
"104.10000","3.46996","2,939.71606","0.01761","0.00737","77.51189"
"104.20000","3.47340","2,942.11035","0.01760","0.00728","77.57503"
"104.30000","3.47676","2,942.95581","0.01761","0.00770","77.59731"
"104.40000","3.47982","2,944.75757","0.01767","0.00769","77.64482"
"104.50000","3.48334","2,946.35522","0.01765","0.00773","77.68695"
"104.60000","3.48678","2,947.99316","0.01767","0.00768","77.73013"
"104.70000","3.48984","2,949.29321","0.01768","0.00778","77.76441"
"104.80000","3.49343","2,950.88306","0.01772","0.00776","77.80634"
"104.90000","3.49679","2,952.66797","0.01773","0.00742","77.85340"
"105.00000","3.49993","2,954.36450","0.01771","0.00748","77.89813"
"105.10000","3.50329","2,955.90430","0.01776","0.00757","77.93873"
"105.20000","3.50658","2,958.16187","0.01774","0.00762","77.99825"
"105.30000","3.50994","2,959.75757","0.01772","0.00754","78.04033"
"105.40000","3.51323","2,961.65308","0.01772","0.00742","78.09031"
"105.50000","3.51667","2,962.82422","0.01772","0.00741","78.12119"
"105.60000","3.52011","2,964.51318","0.01773","0.00740","78.16573"
"105.70000","3.52317","2,966.16992","0.01777","0.00744","78.20940"
"105.80000","3.52668","2,968.14282","0.01779","0.00749","78.26143"
"105.90000","3.53005","2,969.88403","0.01778","0.00758","78.30733"
"106.00000","3.53319","2,970.58887","0.01784","0.00757","78.32592"
"106.10000","3.53670","2,972.28516","0.01791","0.00779","78.37064"
"106.20000","3.54014","2,974.91992","0.01793","0.00777","78.44012"
"106.30000","3.54328","2,976.15234","0.01794","0.00716","78.47261"
"106.40000","3.54679","2,977.12036","0.01798","0.00723","78.49814"
"106.50000","3.55008","2,979.48950","0.01794","0.00721","78.56061"
"106.60000","3.55329","2,981.34619","0.01794","0.00727","78.60956"
"106.70000","3.55658","2,981.79004","0.01794","0.00723","78.62126"
"106.80000","3.56002","2,984.17676","0.01797","0.00716","78.68420"
"106.90000","3.56338","2,985.47363","0.01798","0.00735","78.71839"
"107.00000","3.56659","2,987.05762","0.01803","0.00741","78.76015"
"107.10000","3.57011","2,988.75269","0.01805","0.00757","78.80485"
"107.20000","3.57332","2,990.63892","0.01806","0.00747","78.85458"
"107.30000","3.57646","2,992.17651","0.01807","0.00778","78.89513"
"107.40000","3.57997","2,993.05566","0.01806","0.00781","78.91830"
"107.50000","3.58333","2,995.24878","0.01808","0.00810","78.97614"
"107.60000","3.58647","2,997.38525","0.01809","0.00809","79.03246"
"107.70000","3.59006","2,999.07422","0.01810","0.00810","79.07700"
"107.80000","3.59342","3,000.39087","0.01812","0.00810","79.11172"
"107.90000","3.59664","3,001.95825","0.01813","0.00814","79.15304"
"108.00000","3.59993","3,003.68652","0.01818","0.00787","79.19861"
"108.10000","3.60336","3,004.66113","0.01819","0.00773","79.22431"
"108.20000","3.60665","3,007.25684","0.01820","0.00773","79.29275"
"108.30000","3.60994","3,008.33374","0.01819","0.00776","79.32114"
"108.40000","3.61338","3,010.17065","0.01819","0.00772","79.36958"
"108.50000","3.61667","3,012.39746","0.01819","0.00766","79.42829"
"108.60000","3.61996","3,014.24536","0.01823","0.00777","79.47702"
"108.70000","3.62339","3,015.28931","0.01825","0.00775","79.50454"
"108.80000","3.62668","3,017.54614","0.01818","0.00774","79.56405"
"108.90000","3.62990","3,018.71240","0.01822","0.00770","79.59480"
"109.00000","3.63333","3,020.40942","0.01823","0.00774","79.63955"
"109.10000","3.63677","3,021.96509","0.01829","0.00779","79.68056"
"109.20000","3.63999","3,023.82397","0.01835","0.00791","79.72958"
"109.30000","3.64335","3,025.60938","0.01838","0.00803","79.77666"
"109.40000","3.64671","3,027.78809","0.01841","0.00789","79.83410"
"109.50000","3.64993","3,029.02808","0.01841","0.00745","79.86680"
"109.60000","3.65329","3,029.67139","0.01839","0.00748","79.88376"
"109.70000","3.65665","3,032.53442","0.01839","0.00737","79.95924"
"109.80000","3.66002","3,033.28198","0.01842","0.00757","79.97896"
"109.90000","3.66330","3,035.00854","0.01843","0.00761","80.02448"
"110.00000","3.66667","3,037.16895","0.01846","0.00756","80.08144"
"110.10000","3.67003","3,038.22729","0.01844","0.00751","80.10935"
"110.20000","3.67324","3,039.77100","0.01847","0.00755","80.15005"
"110.30000","3.67661","3,041.18530","0.01851","0.00757","80.18735"
"110.40000","3.68004","3,043.36353","0.01849","0.00790","80.24478"
"110.50000","3.68318","3,044.92651","0.01854","0.00823","80.28599"
"110.60000","3.68670","3,046.98779","0.01855","0.00831","80.34034"
"110.70000","3.69013","3,048.93994","0.01859","0.00823","80.39182"
"110.80000","3.69327","3,049.30713","0.01854","0.00831","80.40150"
"110.90000","3.69664","3,051.09839","0.01858","0.00840","80.44872"
"111.00000","3.70000","3,052.78687","0.01862","0.00837","80.49325"
"111.10000","3.70329","3,054.74854","0.01858","0.00793","80.54497"
"111.20000","3.70665","3,056.15063","0.01863","0.00781","80.58194"
"111.30000","3.71001","3,058.12891","0.01862","0.00775","80.63410"
"111.40000","3.71345","3,060.21899","0.01869","0.00785","80.68921"
"111.50000","3.71667","3,061.25488","0.01868","0.00767","80.71652"
"111.60000","3.71995","3,062.77002","0.01869","0.00794","80.75648"
"111.70000","3.72339","3,064.42798","0.01871","0.00796","80.80019"
"111.80000","3.72653","3,065.94653","0.01873","0.00789","80.84023"
"111.90000","3.72997","3,068.37207","0.01877","0.00788","80.90418"
"112.00000","3.73348","3,069.90015","0.01878","0.00798","80.94447"
"112.10000","3.73655","3,070.70996","0.01880","0.00804","80.96583"
"112.20000","3.73998","3,072.58154","0.01879","0.00805","81.01517"
"112.30000","3.74335","3,073.52832","0.01880","0.00795","81.04014"
"112.40000","3.74656","3,075.93140","0.01887","0.00815","81.10350"
"112.50000","3.75000","3,077.85889","0.01888","0.00799","81.15433"
"112.60000","3.75336","3,079.20288","0.01887","0.00766","81.18976"
"112.70000","3.75672","3,080.83643","0.01891","0.00764","81.23283"
"112.80000","3.75994","3,081.81421","0.01886","0.00768","81.25861"
"112.90000","3.76330","3,083.68628","0.01887","0.00772","81.30798"
"113.00000","3.76674","3,085.89648","0.01887","0.00780","81.36625"
"113.10000","3.76980","3,086.86304","0.01891","0.00783","81.39174"
"113.20000","3.77332","3,088.78687","0.01893","0.00791","81.44247"
"113.30000","3.77675","3,090.74561","0.01895","0.00777","81.49411"
"113.40000","3.77989","3,092.45874","0.01895","0.00782","81.53928"
"113.50000","3.78341","3,093.45312","0.01899","0.00793","81.56550"
"113.60000","3.78677","3,095.59155","0.01899","0.00824","81.62189"
"113.70000","3.78991","3,096.83691","0.01902","0.00837","81.65472"
"113.80000","3.79327","3,098.55591","0.01903","0.00858","81.70004"
"113.90000","3.79663","3,100.82715","0.01900","0.00841","81.75993"
"114.00000","3.80000","3,101.77295","0.01902","0.00850","81.78487"
"114.10000","3.80321","3,103.63745","0.01904","0.00866","81.83403"
"114.20000","3.80665","3,105.15869","0.01909","0.00825","81.87414"
"114.30000","3.81009","3,106.81445","0.01914","0.00841","81.91780"
"114.40000","3.81315","3,108.43408","0.01918","0.00810","81.96050"
"114.50000","3.81666","3,110.76025","0.01913","0.00817","82.02184"
"114.60000","3.82003","3,111.29419","0.01918","0.00810","82.03592"
"114.70000","3.82317","3,113.04907","0.01920","0.00826","82.08219"
"114.80000","3.82675","3,114.99414","0.01923","0.00825","82.13348"
"114.90000","3.83012","3,116.08545","0.01924","0.00821","82.16225"
"115.00000","3.83333","3,118.33862","0.01925","0.00824","82.22166"
"115.10000","3.83669","3,119.27612","0.01928","0.00823","82.24638"
"115.20000","3.84006","3,121.52832","0.01928","0.00827","82.30576"
"115.30000","3.84334","3,122.99487","0.01931","0.00832","82.34443"
"115.40000","3.84656","3,123.88013","0.01932","0.00837","82.36777"
"115.50000","3.85000","3,126.41553","0.01930","0.00834","82.43462"
"115.60000","3.85343","3,128.62915","0.01928","0.00813","82.49299"
"115.70000","3.85657","3,129.77246","0.01932","0.00834","82.52313"
"115.80000","3.86001","3,131.20703","0.01932","0.00783","82.56096"
"115.90000","3.86337","3,132.61963","0.01931","0.00808","82.59821"
"116.00000","3.86651","3,133.87256","0.01934","0.00799","82.63124"
"116.10000","3.87003","3,136.41284","0.01938","0.00800","82.69823"
"116.20000","3.87339","3,137.86938","0.01937","0.00800","82.73663"
"116.30000","3.87660","3,138.82153","0.01937","0.00810","82.76173"
"116.40000","3.87997","3,140.92871","0.01939","0.00806","82.81729"
"116.50000","3.88333","3,141.90210","0.01942","0.00803","82.84296"
"116.60000","3.88662","3,143.28345","0.01943","0.00825","82.87938"
"116.70000","3.88991","3,145.24805","0.01944","0.00829","82.93118"
"116.80000","3.89334","3,146.88159","0.01946","0.00835","82.97426"
"116.90000","3.89663","3,149.03442","0.01949","0.00889","83.03102"
"117.00000","3.89992","3,150.32227","0.01951","0.00886","83.06497"
"117.10000","3.90336","3,152.67969","0.01948","0.00891","83.12714"
"117.20000","3.90672","3,153.68066","0.01956","0.00888","83.15353"
"117.30000","3.90986","3,154.42041","0.01954","0.00887","83.17303"
"117.40000","3.91337","3,157.26367","0.01957","0.00850","83.24800"
"117.50000","3.91666","3,159.12915","0.01960","0.00853","83.29719"
"117.60000","3.91995","3,159.79541","0.01956","0.00828","83.31476"
"117.70000","3.92339","3,161.09692","0.01963","0.00833","83.34908"
"117.80000","3.92675","3,163.64282","0.01968","0.00839","83.41620"
"117.90000","3.92996","3,164.76270","0.01969","0.00845","83.44573"
"118.00000","3.93333","3,166.18604","0.01973","0.00848","83.48326"
"118.10000","3.93662","3,168.11304","0.01973","0.00847","83.53407"
"118.20000","3.93990","3,170.12939","0.01975","0.00845","83.58723"
"118.30000","3.94327","3,170.55103","0.01976","0.00854","83.59835"
"118.40000","3.94671","3,172.97998","0.01975","0.00854","83.66239"
"118.50000","3.94999","3,174.80566","0.01976","0.00866","83.71053"
"118.60000","3.95328","3,175.81812","0.01976","0.00874","83.73723"
"118.70000","3.95665","3,177.62720","0.01976","0.00842","83.78493"
"118.80000","3.96001","3,179.09375","0.01979","0.00831","83.82360"
"118.90000","3.96315","3,180.47290","0.01978","0.00811","83.85996"
"119.00000","3.96659","3,182.53125","0.01981","0.00818","83.91424"
"119.10000","3.97002","3,184.64160","0.01983","0.00827","83.96988"
"119.20000","3.97331","3,185.67090","0.01982","0.00836","83.99702"
"119.30000","3.97668","3,187.74878","0.01983","0.00838","84.05180"
"119.40000","3.98011","3,188.94360","0.01985","0.00841","84.08331"
"119.50000","3.98325","3,190.70215","0.01984","0.00830","84.12968"
"119.60000","3.98662","3,191.84668","0.01987","0.00836","84.15986"
"119.70000","3.99005","3,193.85352","0.01990","0.00850","84.21277"
"119.80000","3.99334","3,195.34644","0.01991","0.00873","84.25214"
"119.90000","3.99663","3,197.06714","0.01990","0.00857","84.29750"
"120.00000","4.00007","3,198.45605","0.01991","0.00875","84.33413"
"120.10000","4.00343","3,199.71118","0.01995","0.00912","84.36722"
"120.20000","4.00664","3,200.79395","0.01993","0.00914","84.39577"
"120.30000","4.00993","3,203.08813","0.02001","0.00927","84.45626"
"120.40000","4.01337","3,204.41992","0.02005","0.00941","84.49138"
"120.50000","4.01658","3,206.35132","0.02009","0.00879","84.54230"
"120.60000","4.02002","3,207.79199","0.02009","0.00875","84.58028"
"120.70000","4.02346","3,208.57129","0.02010","0.00870","84.60084"
"120.80000","4.02660","3,211.01929","0.02011","0.00866","84.66538"
"120.90000","4.02996","3,212.14038","0.02012","0.00876","84.69494"
"121.00000","4.03333","3,214.50171","0.02015","0.00882","84.75720"
"121.10000","4.03661","3,216.36304","0.02019","0.00876","84.80628"
"121.20000","4.03998","3,217.32544","0.02023","0.00886","84.83166"
"121.30000","4.04334","3,219.42896","0.02021","0.00877","84.88712"
"121.40000","4.04678","3,220.85840","0.02021","0.00874","84.92481"
"121.50000","4.04999","3,223.05884","0.02023","0.00876","84.98283"
"121.60000","4.05328","3,223.62085","0.02023","0.00882","84.99765"
"121.70000","4.05672","3,225.07983","0.02021","0.00886","85.03612"
"121.80000","4.05986","3,226.65723","0.02023","0.00893","85.07771"
"121.90000","4.06337","3,229.17065","0.02026","0.00888","85.14398"
"122.00000","4.06681","3,230.93018","0.02025","0.00832","85.19038"
"122.10000","4.06995","3,232.16284","0.02028","0.00849","85.22288"
"122.20000","4.07338","3,233.60034","0.02029","0.00842","85.26078"
"122.30000","4.07675","3,235.31616","0.02029","0.00837","85.30602"
"122.40000","4.07996","3,236.15942","0.02031","0.00855","85.32825"
"122.50000","4.08325","3,237.98950","0.02031","0.00856","85.37651"
"122.60000","4.08669","3,239.94238","0.02031","0.00849","85.42800"
"122.70000","4.09005","3,241.65161","0.02030","0.00852","85.47307"
"122.80000","4.09334","3,242.84692","0.02031","0.00869","85.50459"
"122.90000","4.09670","3,244.76025","0.02030","0.00881","85.55504"
"123.00000","4.10014","3,246.67944","0.02042","0.00919","85.60564"
"123.10000","4.10320","3,247.15161","0.02037","0.00902","85.61809"
"123.20000","4.10664","3,249.31177","0.02041","0.00938","85.67505"
"123.30000","4.11008","3,251.78198","0.02051","0.00941","85.74018"
"123.40000","4.11322","3,252.17773","0.02048","0.00939","85.75061"
"123.50000","4.11673","3,254.16357","0.02052","0.00916","85.80297"
"123.60000","4.12010","3,255.89282","0.02053","0.00899","85.84857"
"123.70000","4.12331","3,257.44385","0.02052","0.00887","85.88947"
"123.80000","4.12667","3,258.52417","0.02058","0.00889","85.91795"
"123.90000","4.12996","3,260.18604","0.02061","0.00878","85.96177"
"124.00000","4.13332","3,262.39502","0.02062","0.00886","86.02001"
"124.10000","4.13654","3,263.86792","0.02064","0.00885","86.05885"
"124.20000","4.14005","3,265.79883","0.02067","0.00888","86.10976"
"124.30000","4.14349","3,267.13770","0.02067","0.00902","86.14507"
"124.40000","4.14655","3,267.77026","0.02068","0.00900","86.16174"
"124.50000","4.14999","3,269.44336","0.02066","0.00903","86.20586"
"124.60000","4.15343","3,271.13037","0.02067","0.00913","86.25034"
"124.70000","4.15649","3,272.92578","0.02065","0.00916","86.29768"
"124.80000","4.16008","3,274.31104","0.02067","0.00911","86.33421"
"124.90000","4.16337","3,275.31104","0.02069","0.00877","86.36057"
"125.00000","4.16666","3,277.57666","0.02070","0.00858","86.42031"
"125.10000","4.17002","3,279.84912","0.02073","0.00863","86.48022"
"125.20000","4.17331","3,280.41504","0.02074","0.00854","86.49515"
"125.30000","4.17660","3,281.59668","0.02077","0.00873","86.52631"
"125.40000","4.17988","3,283.51367","0.02076","0.00871","86.57685"
"125.50000","4.18332","3,285.53271","0.02076","0.00877","86.63009"
"125.60000","4.18676","3,287.77441","0.02078","0.00883","86.68919"
"125.70000","4.18990","3,288.31714","0.02079","0.00881","86.70351"
"125.80000","4.19341","3,290.06079","0.02077","0.00890","86.74948"
"125.90000","4.19677","3,292.33032","0.02078","0.00905","86.80932"
"126.00000","4.19984","3,293.84424","0.02083","0.00917","86.84924"
"126.10000","4.20335","3,295.10864","0.02080","0.00932","86.88258"
"126.20000","4.20664","3,297.08765","0.02083","0.00943","86.93476"
"126.30000","4.20993","3,298.78857","0.02090","0.00960","86.97961"
"126.40000","4.21337","3,300.19336","0.02091","0.00968","87.01665"
"126.50000","4.21673","3,301.99194","0.02096","0.00968","87.06407"
"126.60000","4.22002","3,302.61060","0.02095","0.00949","87.08038"
"126.70000","4.22323","3,303.94702","0.02095","0.00925","87.11562"
"126.80000","4.22667","3,306.06616","0.02099","0.00915","87.17149"
"126.90000","4.22996","3,308.81470","0.02105","0.00912","87.24397"
"127.00000","4.23325","3,309.32739","0.02107","0.00908","87.25748"
"127.10000","4.23668","3,311.44360","0.02108","0.00898","87.31329"
"127.20000","4.24005","3,312.45557","0.02105","0.00911","87.33997"
"127.30000","4.24326","3,313.93433","0.02108","0.00918","87.37896"
"127.40000","4.24670","3,316.47290","0.02110","0.00924","87.44589"
"127.50000","4.24999","3,316.86328","0.02110","0.00926","87.45618"
"127.60000","4.25320","3,318.29932","0.02109","0.00923","87.49405"
"127.70000","4.25664","3,320.67651","0.02111","0.00932","87.55673"
"127.80000","4.26008","3,322.32373","0.02113","0.00927","87.60016"
"127.90000","4.26329","3,323.54297","0.02116","0.00944","87.63231"
"128.00000","4.26658","3,324.71802","0.02116","0.00931","87.66329"
"128.10000","4.27002","3,326.56641","0.02120","0.00956","87.71203"
"128.20000","4.27331","3,328.21387","0.02119","0.00869","87.75547"
"128.30000","4.27659","3,329.49609","0.02119","0.00884","87.78928"
"128.40000","4.28003","3,331.19678","0.02121","0.00896","87.83412"
"128.50000","4.28340","3,332.60400","0.02123","0.00908","87.87122"
"128.60000","4.28668","3,334.25171","0.02120","0.00905","87.91467"
"128.70000","4.29005","3,335.87451","0.02121","0.00906","87.95746"
"128.80000","4.29341","3,337.56543","0.02122","0.00903","88.00204"
"128.90000","4.29655","3,338.37085","0.02121","0.00913","88.02328"
"129.00000","4.29991","3,341.06616","0.02129","0.00933","88.09435"
"129.10000","4.30343","3,341.97607","0.02134","0.00940","88.11834"
"129.20000","4.30664","3,344.36401","0.02130","0.00946","88.18130"
"129.30000","4.31000","3,345.22363","0.02135","0.00954","88.20396"
"129.40000","4.31344","3,346.93481","0.02132","0.00961","88.24908"
"129.50000","4.31658","3,348.35791","0.02136","0.00979","88.28661"
"129.60000","4.31994","3,349.75635","0.02135","0.00992","88.32348"
"129.70000","4.32331","3,350.97095","0.02140","0.00993","88.35551"
"129.80000","4.32667","3,353.40015","0.02142","0.00966","88.41956"
"129.90000","4.32996","3,354.49951","0.02148","0.00949","88.44855"
"130.00000","4.33339","3,355.58643","0.02149","0.00943","88.47720"
"130.10000","4.33676","3,357.61060","0.02145","0.00933","88.53058"
"130.20000","4.33997","3,359.32642","0.02151","0.00936","88.57581"
"130.30000","4.34326","3,360.66846","0.02150","0.00950","88.61121"
"130.40000","4.34670","3,362.51489","0.02155","0.00956","88.65989"
"130.50000","4.34991","3,364.08130","0.02151","0.00942","88.70119"
"130.60000","4.35335","3,364.59692","0.02155","0.00944","88.71478"
"130.70000","4.35679","3,367.52759","0.02153","0.00958","88.79206"
"130.80000","4.36000","3,368.40601","0.02155","0.00951","88.81522"
"130.90000","4.36329","3,369.60156","0.02157","0.00958","88.84674"
"131.00000","4.36665","3,371.58228","0.02157","0.00961","88.89897"
"131.10000","4.37002","3,373.26221","0.02160","0.00967","88.94326"
"131.20000","4.37323","3,374.23486","0.02161","0.00943","88.96891"
"131.30000","4.37667","3,376.71973","0.02162","0.00897","89.03443"
"131.40000","4.38011","3,377.79639","0.02164","0.00919","89.06282"
"131.50000","4.38332","3,379.49756","0.02167","0.00922","89.10767"
"131.60000","4.38661","3,380.39648","0.02165","0.00923","89.13137"
"131.70000","4.39005","3,383.12939","0.02166","0.00910","89.20343"
"131.80000","4.39318","3,383.65918","0.02166","0.00920","89.21740"
"131.90000","4.39662","3,386.01465","0.02171","0.00931","89.27951"
"132.00000","4.40006","3,387.34644","0.02178","0.00959","89.31462"
"132.10000","4.40327","3,388.49097","0.02176","0.00957","89.34480"
"132.20000","4.40671","3,389.96240","0.02174","0.00960","89.38360"
"132.30000","4.41000","3,391.59888","0.02177","0.00969","89.42675"
"132.40000","4.41329","3,393.49438","0.02182","0.00971","89.47673"
"132.50000","4.41658","3,395.21289","0.02181","0.01003","89.52204"
"132.60000","4.41994","3,396.26416","0.02184","0.01021","89.54976"
"132.70000","4.42338","3,398.25415","0.02186","0.01009","89.60223"
"132.80000","4.42659","3,398.83032","0.02189","0.01011","89.61742"
"132.90000","4.43003","3,401.39160","0.02190","0.00983","89.68495"
"133.00000","4.43347","3,402.80151","0.02189","0.00961","89.72213"
"133.10000","4.43653","3,403.94971","0.02195","0.00965","89.75240"
"133.20000","4.43997","3,405.71509","0.02194","0.00965","89.79895"
"133.30000","4.44341","3,407.13037","0.02191","0.00959","89.83627"
"133.40000","4.44655","3,408.49097","0.02195","0.00970","89.87215"
"133.50000","4.45006","3,410.56592","0.02196","0.00967","89.92686"
"133.60000","4.45342","3,411.36743","0.02198","0.00962","89.94799"
"133.70000","4.45664","3,413.35059","0.02199","0.00967","90.00028"
"133.80000","4.46000","3,415.04395","0.02201","0.00979","90.04493"
"133.90000","4.46321","3,416.53589","0.02204","0.00980","90.08427"
"134.00000","4.46665","3,418.80615","0.02204","0.00986","90.14413"
"134.10000","4.46986","3,419.49609","0.02205","0.00988","90.16232"
"134.20000","4.47338","3,421.42505","0.02207","0.01000","90.21318"
"134.30000","4.47674","3,422.92700","0.02207","0.00998","90.25278"
"134.40000","4.47988","3,424.29321","0.02207","0.00921","90.28880"
"134.50000","4.48332","3,426.93115","0.02208","0.00939","90.35836"
"134.60000","4.48675","3,428.17603","0.02212","0.00942","90.39118"
"134.70000","4.48989","3,429.17773","0.02208","0.00945","90.41759"
"134.80000","4.49333","3,431.01807","0.02213","0.00944","90.46612"
"134.90000","4.49669","3,432.62524","0.02216","0.00960","90.50850"
"135.00000","4.49998","3,434.16528","0.02215","0.00954","90.54910"
"135.10000","4.50335","3,436.03149","0.02223","0.00980","90.59831"
"135.20000","4.50663","3,437.65430","0.02225","0.00994","90.64110"
"135.30000","4.50992","3,439.02979","0.02227","0.00985","90.67737"
"135.40000","4.51321","3,440.31445","0.02227","0.00998","90.71124"
"135.50000","4.51665","3,441.82397","0.02227","0.01018","90.75104"
"135.60000","4.52001","3,443.86206","0.02231","0.01016","90.80478"
"135.70000","4.52323","3,444.61499","0.02232","0.01023","90.82463"
"135.80000","4.52674","3,446.75269","0.02225","0.01038","90.88100"
"135.90000","4.53010","3,448.07104","0.02232","0.01043","90.91576"
"136.00000","4.53324","3,449.35425","0.02233","0.01008","90.94959"
"136.10000","4.53660","3,450.67798","0.02234","0.01000","90.98450"
"136.20000","4.53997","3,452.20898","0.02233","0.00987","91.02486"
"136.30000","4.54326","3,453.91553","0.02238","0.00985","91.06986"
"136.40000","4.54669","3,455.47754","0.02237","0.00986","91.11105"
"136.50000","4.55013","3,457.28223","0.02239","0.00984","91.15863"
"136.60000","4.55335","3,458.39966","0.02240","0.00987","91.18810"
"136.70000","4.55656","3,460.20874","0.02245","0.01002","91.23579"
"136.80000","4.56000","3,461.97852","0.02245","0.01002","91.28246"
"136.90000","4.56328","3,462.92554","0.02247","0.01003","91.30743"
"137.00000","4.56657","3,464.37622","0.02250","0.01008","91.34568"
"137.10000","4.57009","3,465.71094","0.02250","0.01018","91.38087"
"137.20000","4.57345","3,467.76807","0.02247","0.01008","91.43511"
"137.30000","4.57666","3,468.10327","0.02248","0.01005","91.44395"
"137.40000","4.58003","3,471.20825","0.02251","0.01025","91.52582"
"137.50000","4.58331","3,471.57617","0.02254","0.00988","91.53552"
"137.60000","4.58653","3,473.99756","0.02259","0.00964","91.59937"
"137.70000","4.58997","3,475.02124","0.02263","0.00985","91.62636"
"137.80000","4.59348","3,476.28735","0.02259","0.00974","91.65974"
"137.90000","4.59662","3,478.60864","0.02264","0.00974","91.72095"
"138.00000","4.59998","3,478.95703","0.02263","0.00981","91.73013"
"138.10000","4.60334","3,481.70239","0.02270","0.00988","91.80252"
"138.20000","4.60663","3,483.06421","0.02268","0.01002","91.83842"
"138.30000","4.60992","3,483.70361","0.02274","0.01014","91.85529"
"138.40000","4.61336","3,486.19824","0.02273","0.01024","91.92107"
"138.50000","4.61672","3,487.30786","0.02278","0.01028","91.95032"
"138.60000","4.62001","3,488.89795","0.02281","0.01034","91.99225"
"138.70000","4.62337","3,490.50586","0.02275","0.01030","92.03465"
"138.80000","4.62674","3,491.79956","0.02281","0.01057","92.06876"
"138.90000","4.62988","3,492.69287","0.02279","0.01064","92.09231"
"139.00000","4.63324","3,495.17358","0.02281","0.01062","92.15771"
"139.10000","4.63675","3,496.47632","0.02282","0.01041","92.19207"
"139.20000","4.63997","3,497.99878","0.02281","0.01035","92.23221"
"139.30000","4.64333","3,498.77368","0.02282","0.01012","92.25264"
"139.40000","4.64684","3,501.43530","0.02281","0.01029","92.32282"
"139.50000","4.64998","3,502.48584","0.02283","0.01026","92.35052"
"139.60000","4.65327","3,503.75146","0.02286","0.01023","92.38389"
"139.70000","4.65663","3,505.82520","0.02288","0.01016","92.43857"
"139.80000","4.65999","3,507.61938","0.02291","0.01023","92.48588"
"139.90000","4.66328","3,508.99878","0.02292","0.01024","92.52225"
"140.00000","4.66672","3,511.17334","0.02292","0.01029","92.57958"
"140.10000","4.67016","3,511.91284","0.02295","0.01031","92.59908"
"140.20000","4.67322","3,513.35547","0.02294","0.01037","92.63712"
"140.30000","4.67659","3,515.47778","0.02296","0.01037","92.69308"
"140.40000","4.68002","3,516.81299","0.02299","0.01049","92.72829"
"140.50000","4.68316","3,517.83594","0.02298","0.01046","92.75526"
"140.60000","4.68660","3,519.55249","0.02298","0.01014","92.80052"
"140.70000","4.69011","3,521.53149","0.02301","0.00998","92.85270"
"140.80000","4.69333","3,523.20288","0.02303","0.00996","92.89677"
"140.90000","4.69669","3,524.55518","0.02306","0.01004","92.93243"
"141.00000","4.69998","3,525.24146","0.02312","0.01004","92.95052"
"141.10000","4.70327","3,526.85303","0.02311","0.01000","92.99301"
"141.20000","4.70656","3,528.87207","0.02315","0.01012","93.04625"
"141.30000","4.70999","3,531.01758","0.02318","0.01027","93.10282"
"141.40000","4.71343","3,532.17676","0.02319","0.01044","93.13338"
"141.50000","4.71665","3,533.45093","0.02322","0.01043","93.16698"
"141.60000","4.72001","3,534.59082","0.02325","0.01039","93.19704"
"141.70000","4.72345","3,537.28857","0.02325","0.01051","93.26817"
"141.80000","4.72651","3,537.41113","0.02326","0.01071","93.27140"
"141.90000","4.73002","3,539.85156","0.02325","0.01079","93.33575"
"142.00000","4.73339","3,541.50122","0.02325","0.01089","93.37924"
"142.10000","4.73653","3,542.39453","0.02325","0.01061","93.40280"
"142.20000","4.74011","3,543.78516","0.02325","0.01056","93.43947"
"142.30000","4.74340","3,545.30444","0.02328","0.01048","93.47952"
"142.40000","4.74661","3,547.04028","0.02328","0.01039","93.52529"
"142.50000","4.74990","3,548.16772","0.02328","0.01034","93.55502"
"142.60000","4.75327","3,549.97021","0.02329","0.01045","93.60255"
"142.70000","4.75670","3,551.34692","0.02332","0.01040","93.63885"
"142.80000","4.75992","3,552.57983","0.02332","0.01046","93.67136"
"142.90000","4.76336","3,553.94702","0.02333","0.01047","93.70741"
"143.00000","4.76687","3,556.61255","0.02335","0.01043","93.77769"
"143.10000","4.76986","3,557.07886","0.02336","0.01047","93.78999"
"143.20000","4.77337","3,558.78369","0.02338","0.01044","93.83493"
"143.30000","4.77673","3,559.95435","0.02338","0.01071","93.86580"
"143.40000","4.77987","3,561.73706","0.02343","0.01070","93.91280"
"143.50000","4.78339","3,563.60962","0.02343","0.01068","93.96218"
"143.60000","4.78675","3,564.72949","0.02351","0.01081","93.99171"
"143.70000","4.79004","3,565.77588","0.02346","0.01044","94.01929"
"143.80000","4.79333","3,568.07251","0.02352","0.01030","94.07986"
"143.90000","4.79661","3,569.31079","0.02357","0.01031","94.11250"
"144.00000","4.80005","3,570.91016","0.02356","0.01026","94.15467"
"144.10000","4.80319","3,572.50562","0.02358","0.01023","94.19674"
"144.20000","4.80663","3,573.89111","0.02358","0.01033","94.23328"
"144.30000","4.81007","3,575.16602","0.02366","0.01033","94.26689"
"144.40000","4.81328","3,576.80908","0.02368","0.01046","94.31021"
"144.50000","4.81672","3,578.48486","0.02367","0.01062","94.35440"
"144.60000","4.82008","3,579.50366","0.02370","0.01065","94.38126"
"144.70000","4.82315","3,580.86304","0.02372","0.01072","94.41710"
"144.80000","4.82666","3,582.47534","0.02371","0.01080","94.45962"
"144.90000","4.82995","3,584.38647","0.02369","0.01072","94.51000"
"145.00000","4.83331","3,585.46069","0.02370","0.01087","94.53833"
"145.10000","4.83667","3,586.88525","0.02372","0.01112","94.57589"
"145.20000","4.84004","3,589.07690","0.02372","0.01119","94.63368"
"145.30000","4.84332","3,590.17334","0.02376","0.01083","94.66259"
"145.40000","4.84654","3,591.85156","0.02375","0.01099","94.70684"
"145.50000","4.84998","3,593.60693","0.02376","0.01060","94.75312"
"145.60000","4.85341","3,595.23657","0.02377","0.01077","94.79609"
"145.70000","4.85655","3,595.83691","0.02380","0.01079","94.81192"
"145.80000","4.86007","3,598.34766","0.02379","0.01063","94.87812"
"145.90000","4.86343","3,599.05176","0.02381","0.01070","94.89669"
"146.00000","4.86657","3,600.66357","0.02380","0.01075","94.93919"
"146.10000","4.87001","3,602.70972","0.02382","0.01077","94.99313"
"146.20000","4.87329","3,603.80151","0.02381","0.01080","95.02193"
"146.30000","4.87666","3,605.36865","0.02384","0.01090","95.06325"
"146.40000","4.87995","3,605.61230","0.02385","0.01087","95.06967"
"146.50000","4.88338","3,607.61328","0.02390","0.01096","95.12243"
"146.60000","4.88675","3,610.03589","0.02391","0.01103","95.18631"
"146.70000","4.88989","3,611.18237","0.02397","0.01099","95.21654"
"146.80000","4.89332","3,612.38379","0.02396","0.01047","95.24821"
"146.90000","4.89661","3,614.40527","0.02402","0.01047","95.30151"
"147.00000","4.89990","3,615.69141","0.02401","0.01044","95.33543"
"147.10000","4.90341","3,617.39404","0.02406","0.01057","95.38032"
"147.20000","4.90678","3,618.43750","0.02408","0.01055","95.40784"
"147.30000","4.90991","3,620.02246","0.02409","0.01048","95.44962"
"147.40000","4.91335","3,621.12036","0.02414","0.01056","95.47858"
"147.50000","4.91672","3,623.88257","0.02409","0.01060","95.55141"
"147.60000","4.91993","3,624.72021","0.02412","0.01078","95.57349"
"147.70000","4.92329","3,626.65723","0.02414","0.01096","95.62457"
"147.80000","4.92673","3,628.08813","0.02412","0.01099","95.66229"
"147.90000","4.93002","3,629.34497","0.02413","0.01105","95.69543"
"148.00000","4.93331","3,630.80566","0.02415","0.01101","95.73395"
"148.10000","4.93675","3,632.71411","0.02416","0.01111","95.78426"
"148.20000","4.93996","3,633.98340","0.02418","0.01113","95.81773"
"148.30000","4.94325","3,634.84961","0.02417","0.01123","95.84058"
"148.40000","4.94669","3,637.18896","0.02422","0.01111","95.90226"
"148.50000","4.94997","3,637.93213","0.02421","0.01099","95.92185"
"148.60000","4.95326","3,639.52637","0.02424","0.01108","95.96389"
"148.70000","4.95670","3,641.49365","0.02423","0.01099","96.01575"
"148.80000","4.96014","3,643.43066","0.02423","0.01096","96.06683"
"148.90000","4.96328","3,644.73389","0.02423","0.01092","96.10120"
"149.00000","4.96657","3,646.33130","0.02426","0.01102","96.14331"
"149.10000","4.97000","3,647.82056","0.02427","0.01099","96.18258"
"149.20000","4.97322","3,649.50122","0.02432","0.01110","96.22690"
"149.30000","4.97666","3,650.14038","0.02434","0.01112","96.24375"
"149.40000","4.98009","3,651.94238","0.02432","0.01121","96.29126"
"149.50000","4.98331","3,653.65210","0.02435","0.01108","96.33634"
"149.60000","4.98659","3,654.94385","0.02435","0.01119","96.37040"
"149.70000","4.99003","3,656.61719","0.02437","0.01123","96.41452"
"149.80000","4.99332","3,657.98853","0.02443","0.01123","96.45068"
"149.90000","4.99661","3,658.74536","0.02441","0.01123","96.47063"
"150.00000","5.00005","3,660.37573","0.02443","0.01061","96.51363"
"150.10000","5.00348","3,661.86206","0.02447","0.01073","96.55282"
"150.20000","5.00662","3,663.86206","0.02448","0.01071","96.60555"
"150.30000","5.00999","3,665.27515","0.02450","0.01083","96.64281"
"150.40000","5.01343","3,666.71460","0.02456","0.01074","96.68076"
"150.50000","5.01649","3,667.73267","0.02451","0.01083","96.70760"
"150.60000","5.02000","3,669.52930","0.02457","0.01098","96.75497"
"150.70000","5.02344","3,671.52026","0.02456","0.01114","96.80747"
"150.80000","5.02658","3,671.59741","0.02452","0.01113","96.80951"
"150.90000","5.03002","3,674.00269","0.02458","0.01119","96.87292"
"151.00000","5.03338","3,675.43579","0.02461","0.01127","96.91071"
"151.10000","5.03667","3,676.44458","0.02460","0.01131","96.93732"
"151.20000","5.03988","3,677.26001","0.02459","0.01139","96.95882"
"151.30000","5.04324","3,679.42896","0.02465","0.01132","97.01601"
"151.40000","5.04676","3,680.78101","0.02467","0.01132","97.05165"
"151.50000","5.04990","3,682.51099","0.02465","0.01152","97.09727"
"151.60000","5.05333","3,684.62646","0.02468","0.01125","97.15305"
"151.70000","5.05677","3,685.38989","0.02469","0.01141","97.17318"
"151.80000","5.05984","3,686.58984","0.02475","0.01121","97.20482"
"151.90000","5.06335","3,687.67798","0.02471","0.01120","97.23351"
"152.00000","5.06671","3,689.92090","0.02470","0.01123","97.29265"
"152.10000","5.06993","3,691.28174","0.02472","0.01125","97.32853"
"152.20000","5.07344","3,692.12915","0.02475","0.01126","97.35087"
"152.30000","5.07673","3,694.05884","0.02475","0.01136","97.40175"
"152.40000","5.08002","3,695.01294","0.02483","0.01138","97.42691"
"152.50000","5.08330","3,696.36670","0.02483","0.01135","97.46260"
"152.60000","5.08659","3,698.05884","0.02487","0.01145","97.50722"
"152.70000","5.09003","3,699.58179","0.02487","0.01146","97.54738"
"152.80000","5.09324","3,700.22363","0.02487","0.01151","97.56430"
"152.90000","5.09668","3,702.29590","0.02490","0.01152","97.61894"
"153.00000","5.10012","3,703.96045","0.02491","0.01094","97.66283"
"153.10000","5.10318","3,705.06836","0.02487","0.01087","97.69204"
"153.20000","5.10662","3,706.84448","0.02496","0.01098","97.73888"
"153.30000","5.10999","3,708.91772","0.02500","0.01100","97.79354"
"153.40000","5.11320","3,709.49438","0.02497","0.01099","97.80875"
"153.50000","5.11671","3,710.14429","0.02500","0.01115","97.82588"
"153.60000","5.12000","3,712.84326","0.02503","0.01118","97.89704"
"153.70000","5.12336","3,713.87109","0.02498","0.01137","97.92414"
"153.80000","5.12665","3,715.92725","0.02497","0.01130","97.97836"
"153.90000","5.12994","3,716.60474","0.02503","0.01133","97.99622"
"154.00000","5.13330","3,718.67676","0.02504","0.01144","98.05086"
"154.10000","5.13644","3,719.33130","0.02507","0.01160","98.06812"
"154.20000","5.14003","3,721.43652","0.02509","0.01158","98.12363"
"154.30000","5.14347","3,723.92993","0.02509","0.01150","98.18937"
"154.40000","5.14653","3,723.59717","0.02509","0.01170","98.18060"
"154.50000","5.15004","3,725.79053","0.02511","0.01178","98.23843"
"154.60000","5.15341","3,727.39136","0.02513","0.01163","98.28063"
"154.70000","5.15655","3,729.01929","0.02514","0.01165","98.32355"
"154.80000","5.15998","3,730.66553","0.02513","0.01145","98.36697"
"154.90000","5.16335","3,731.30322","0.02514","0.01145","98.38378"
"155.00000","5.16664","3,733.08350","0.02516","0.01145","98.43072"
"155.10000","5.17000","3,734.52856","0.02514","0.01149","98.46883"
"155.20000","5.17336","3,736.70654","0.02520","0.01150","98.52625"
"155.30000","5.17673","3,737.02637","0.02525","0.01163","98.53468"
"155.40000","5.17986","3,738.11060","0.02523","0.01154","98.56327"
"155.50000","5.18330","3,739.66064","0.02526","0.01159","98.60414"
"155.60000","5.18674","3,741.65674","0.02530","0.01162","98.65677"
"155.70000","5.18988","3,742.50684","0.02530","0.01178","98.67918"
"155.80000","5.19339","3,744.64087","0.02532","0.01178","98.73546"
"155.90000","5.19675","3,745.40942","0.02535","0.01172","98.75572"
"156.00000","5.19989","3,747.12915","0.02534","0.01139","98.80106"
"156.10000","5.20333","3,748.48535","0.02538","0.01112","98.83682"
"156.20000","5.20662","3,749.72998","0.02531","0.01124","98.86964"
"156.30000","5.20991","3,751.34937","0.02539","0.01123","98.91234"
"156.40000","5.21327","3,752.65259","0.02542","0.01126","98.94670"
"156.50000","5.21678","3,753.60889","0.02541","0.01135","98.97192"
"156.60000","5.22007","3,756.05444","0.02541","0.01143","99.03640"
"156.70000","5.22321","3,756.47168","0.02543","0.01158","99.04740"
"156.80000","5.22665","3,758.65698","0.02543","0.01159","99.10502"
"156.90000","5.23001","3,759.65454","0.02550","0.01158","99.13132"
"157.00000","5.23323","3,760.49243","0.02547","0.01170","99.15341"
"157.10000","5.23674","3,762.56738","0.02549","0.01178","99.20812"
"157.20000","5.24010","3,763.53516","0.02551","0.01176","99.23364"
"157.30000","5.24324","3,765.57324","0.02553","0.01177","99.28738"
"157.40000","5.24668","3,766.84229","0.02555","0.01189","99.32085"
"157.50000","5.25012","3,768.36621","0.02555","0.01171","99.36102"
"157.60000","5.25326","3,768.98315","0.02556","0.01188","99.37729"
"157.70000","5.25662","3,768.82031","0.02556","0.01183","99.37300"
"157.80000","5.26006","3,770.66504","0.02559","0.01189","99.42164"
"157.90000","5.26335","3,770.94604","0.02559","0.01165","99.42905"
"158.00000","5.26663","3,771.34937","0.02560","0.01172","99.43968"
"158.10000","5.27007","3,771.79980","0.02562","0.01169","99.45156"
"158.20000","5.27329","3,772.79077","0.02562","0.01179","99.47768"
"158.30000","5.27657","3,773.71948","0.02565","0.01185","99.50217"
"158.40000","5.28001","3,775.55566","0.02566","0.01189","99.55059"
"158.50000","5.28337","3,775.17896","0.02564","0.01180","99.54066"
"158.60000","5.28659","3,775.64648","0.02567","0.01190","99.55299"
"158.70000","5.29003","3,776.88062","0.02568","0.01187","99.58553"
"158.80000","5.29346","3,777.62720","0.02566","0.01134","99.60521"
"158.90000","5.29660","3,777.61353","0.02570","0.01114","99.60485"
"159.00000","5.29997","3,778.03784","0.02567","0.01116","99.61604"
"159.10000","5.30333","3,779.03125","0.02569","0.01132","99.64223"
"159.20000","5.30654","3,777.65137","0.02571","0.01130","99.60585"
"159.22000","5.30729","3,375.60840","0.02571","0.01130","89.00513"
"159.22400","5.30744","3,012.73120","0.02571","0.01130","79.43710"
"159.22800","5.30766","2,602.49316","0.02571","0.01130","68.62029"
"159.23200","5.30781","2,182.92285","0.02571","0.01130","57.55742"
