Modulus (Segment 0.001 mm/mm - 0.008 mm/mm) : Modulus (Segment 0.001 mm/mm - 0.008 mm/mm),"5,910.10343",MPa
Poisson's ratio (Least squares fit) : Poisson's ratio (Least squares fit),"0.12679"
Specimen properties : Gauge length,"15.03000",mm
Specimen properties : Gauge length transverse,"5.16300",mm
Specimen properties : Thickness,"2.62000",mm
Specimen properties : Width,"15.08000",mm

Time,Extension,Load,Video axial strain,Video transverse strain,Calculated Stress
(s),(mm),(N),(mm/mm),(mm/mm),(MPa)
"0.00000","-0.00007","76.49737","0.00002","-0.00001","1.93617"
"0.10000","0.00135","76.46844","0.00001","0.00003","1.93544"
"0.20000","0.00568","83.65285","-0.00001","-0.00011","2.11728"
"0.30000","0.00979","89.94250","0.00002","-0.00015","2.27647"
"0.40000","0.01330","96.17475","0.00003","-0.00011","2.43421"
"0.50000","0.01652","101.53792","0.00004","-0.00014","2.56996"
"0.60000","0.01995","107.79411","0.00008","-0.00013","2.72830"
"0.70000","0.02339","111.90738","0.00007","-0.00014","2.83241"
"0.80000","0.02661","118.23487","0.00008","-0.00015","2.99256"
"0.90000","0.03004","123.55687","0.00010","-0.00009","3.12726"
"1.00000","0.03348","129.30382","0.00010","-0.00007","3.27272"
"1.10000","0.03655","134.64412","0.00009","-0.00011","3.40788"
"1.20000","0.03998","141.26268","0.00011","-0.00007","3.57540"
"1.30000","0.04342","145.78616","0.00014","-0.00007","3.68989"
"1.40000","0.04664","151.76665","0.00018","-0.00003","3.84126"
"1.50000","0.05007","156.83855","0.00017","0.00000","3.96963"
"1.60000","0.05336","162.23701","0.00019","-0.00002","4.10627"
"1.70000","0.05665","167.96991","0.00019","-0.00005","4.25137"
"1.80000","0.05994","173.65781","0.00018","-0.00008","4.39533"
"1.90000","0.06330","178.18626","0.00022","0.00023","4.50995"
"2.00000","0.06667","184.11208","0.00026","0.00020","4.65993"
"2.10000","0.06988","189.43137","0.00026","0.00020","4.79457"
"2.20000","0.07339","195.37273","0.00026","0.00024","4.94494"
"2.30000","0.07675","200.66805","0.00029","0.00023","5.07897"
"2.40000","0.07989","205.73975","0.00032","0.00024","5.20734"
"2.50000","0.08333","210.98573","0.00034","0.00021","5.34011"
"2.60000","0.08677","216.23701","0.00036","0.00020","5.47302"
"2.70000","0.08983","221.25330","0.00037","0.00024","5.59999"
"2.80000","0.09342","227.56055","0.00037","0.00022","5.75963"
"2.90000","0.09671","232.61320","0.00041","0.00028","5.88751"
"3.00000","0.10000","237.07515","0.00042","0.00017","6.00044"
"3.10000","0.10336","242.76567","0.00043","0.00020","6.14447"
"3.20000","0.10665","248.08713","0.00044","0.00019","6.27916"
"3.30000","0.11001","253.25778","0.00045","0.00004","6.41003"
"3.40000","0.11315","258.55997","0.00046","0.00006","6.54423"
"3.50000","0.11666","264.27200","0.00047","0.00002","6.68880"
"3.60000","0.12010","269.30966","0.00051","0.00002","6.81631"
"3.70000","0.12324","274.11584","0.00051","0.00000","6.93796"
"3.80000","0.12675","279.79129","0.00055","-0.00003","7.08160"
"3.90000","0.13012","284.96579","0.00055","0.00000","7.21257"
"4.00000","0.13318","289.66150","0.00054","-0.00001","7.33142"
"4.10000","0.13669","295.01236","0.00059","0.00002","7.46685"
"4.20000","0.13998","300.12891","0.00060","0.00004","7.59635"
"4.30000","0.14327","305.49435","0.00062","0.00003","7.73215"
"4.40000","0.14671","310.16534","0.00064","0.00003","7.85038"
"4.50000","0.15007","315.19772","0.00064","0.00010","7.97775"
"4.60000","0.15343","320.92944","0.00065","0.00008","8.12282"
"4.70000","0.15657","325.23010","0.00067","0.00011","8.23167"
"4.80000","0.15994","330.27695","0.00069","0.00010","8.35941"
"4.90000","0.16330","335.54495","0.00071","0.00003","8.49274"
"5.00000","0.16651","340.74710","0.00071","0.00030","8.62441"
"5.10000","0.17003","346.39902","0.00072","0.00022","8.76746"
"5.20000","0.17339","351.47491","0.00074","0.00026","8.89594"
"5.30000","0.17660","357.27457","0.00077","0.00034","9.04273"
"5.40000","0.18004","361.57611","0.00077","0.00040","9.15160"
"5.50000","0.18333","366.95801","0.00080","0.00040","9.28782"
"5.60000","0.18662","370.67780","0.00082","0.00040","9.38197"
"5.70000","0.18998","376.40430","0.00085","0.00040","9.52691"
"5.80000","0.19334","381.88123","0.00088","0.00042","9.66553"
"5.90000","0.19671","386.40152","0.00087","0.00039","9.77994"
"6.00000","0.19992","391.70673","0.00092","0.00038","9.91422"
"6.10000","0.20336","395.93680","0.00092","0.00030","10.02128"
"6.20000","0.20672","401.76193","0.00092","0.00031","10.16872"
"6.30000","0.20986","406.87210","0.00094","0.00038","10.29806"
"6.40000","0.21337","412.25284","0.00096","0.00030","10.43425"
"6.50000","0.21681","416.96884","0.00096","0.00025","10.55361"
"6.60000","0.21995","421.53122","0.00101","0.00014","10.66908"
"6.70000","0.22339","426.40311","0.00100","0.00016","10.79239"
"6.80000","0.22675","431.33398","0.00100","0.00016","10.91719"
"6.90000","0.22989","436.84995","0.00103","0.00010","11.05680"
"7.00000","0.23325","440.68204","0.00103","0.00012","11.15380"
"7.10000","0.23662","445.79227","0.00106","0.00013","11.28314"
"7.20000","0.23998","450.98355","0.00105","0.00010","11.41453"
"7.30000","0.24327","455.35568","0.00108","0.00017","11.52519"
"7.40000","0.24671","460.10873","0.00107","0.00012","11.64549"
"7.50000","0.24999","465.12750","0.00110","0.00012","11.77252"
"7.60000","0.25321","469.76511","0.00112","0.00012","11.88990"
"7.70000","0.25665","474.14066","0.00114","0.00014","12.00064"
"7.80000","0.26001","478.79031","0.00115","0.00019","12.11833"
"7.90000","0.26322","483.01193","0.00117","0.00024","12.22518"
"8.00000","0.26674","488.22452","0.00118","0.00040","12.35711"
"8.10000","0.27010","492.71970","0.00121","0.00010","12.47089"
"8.20000","0.27331","496.79767","0.00121","0.00026","12.57410"
"8.30000","0.27660","501.56085","0.00123","0.00041","12.69466"
"8.40000","0.27996","505.82672","0.00125","0.00046","12.80263"
"8.50000","0.28325","511.34814","0.00125","0.00050","12.94238"
"8.60000","0.28662","516.16681","0.00128","0.00053","13.06434"
"8.70000","0.29005","520.47266","0.00131","0.00044","13.17332"
"8.80000","0.29334","525.57367","0.00131","0.00051","13.30243"
"8.90000","0.29663","528.88763","0.00136","0.00047","13.38631"
"9.00000","0.29999","534.95288","0.00137","0.00049","13.53982"
"9.10000","0.30336","538.80804","0.00138","0.00050","13.63740"
"9.20000","0.30657","543.65222","0.00140","0.00047","13.76000"
"9.30000","0.31001","548.38092","0.00141","0.00036","13.87969"
"9.40000","0.31345","553.31781","0.00144","0.00037","14.00464"
"9.50000","0.31666","557.43561","0.00144","0.00036","14.10886"
"9.60000","0.31995","562.25970","0.00144","0.00046","14.23096"
"9.70000","0.32339","566.40295","0.00147","0.00035","14.33583"
"9.80000","0.32653","570.54816","0.00151","0.00025","14.44075"
"9.90000","0.32996","575.86383","0.00154","0.00020","14.57529"
"10.00000","0.33340","579.92548","0.00151","0.00019","14.67809"
"10.10000","0.33669","584.06140","0.00153","0.00017","14.78277"
"10.20000","0.33998","588.57800","0.00156","0.00015","14.89709"
"10.30000","0.34342","593.10291","0.00156","0.00016","15.01161"
"10.40000","0.34670","597.66571","0.00158","0.00019","15.12710"
"10.50000","0.34992","601.75226","0.00161","0.00009","15.23053"
"10.60000","0.35328","606.94836","0.00160","0.00011","15.36205"
"10.70000","0.35672","611.23700","0.00163","0.00016","15.47059"
"10.80000","0.35993","615.79993","0.00163","0.00020","15.58608"
"10.90000","0.36337","620.28979","0.00164","0.00022","15.69972"
"11.00000","0.36681","624.40509","0.00168","0.00021","15.80388"
"11.10000","0.36987","629.09949","0.00169","0.00024","15.92270"
"11.20000","0.37331","633.03790","0.00169","0.00028","16.02238"
"11.30000","0.37667","637.02924","0.00172","0.00014","16.12340"
"11.40000","0.37989","641.93311","0.00174","0.00031","16.24752"
"11.50000","0.38333","645.54651","0.00177","0.00042","16.33898"
"11.60000","0.38676","650.21948","0.00178","0.00045","16.45725"
"11.70000","0.39005","654.33911","0.00181","0.00054","16.56152"
"11.80000","0.39327","659.05859","0.00181","0.00053","16.68097"
"11.90000","0.39655","662.28613","0.00181","0.00055","16.76266"
"12.00000","0.39999","666.70447","0.00187","0.00061","16.87449"
"12.10000","0.40313","671.24335","0.00184","0.00058","16.98937"
"12.20000","0.40664","675.37018","0.00188","0.00057","17.09382"
"12.30000","0.41016","679.56586","0.00190","0.00060","17.20002"
"12.40000","0.41322","683.09021","0.00192","0.00056","17.28922"
"12.50000","0.41673","687.88928","0.00194","0.00051","17.41069"
"12.60000","0.42010","691.83160","0.00196","0.00043","17.51047"
"12.70000","0.42324","696.08136","0.00198","0.00045","17.61803"
"12.80000","0.42667","699.62610","0.00199","0.00045","17.70775"
"12.90000","0.43004","703.18817","0.00201","0.00042","17.79791"
"13.00000","0.43340","708.73224","0.00201","0.00029","17.93823"
"13.10000","0.43669","712.55273","0.00202","0.00031","18.03493"
"13.20000","0.43998","715.57422","0.00204","0.00023","18.11140"
"13.30000","0.44334","720.53711","0.00206","0.00023","18.23701"
"13.40000","0.44655","724.45453","0.00205","0.00027","18.33616"
"13.50000","0.44999","728.45801","0.00208","0.00024","18.43749"
"13.60000","0.45343","733.39752","0.00210","0.00028","18.56252"
"13.70000","0.45657","737.03546","0.00212","0.00026","18.65459"
"13.80000","0.46008","740.85065","0.00213","0.00026","18.75116"
"13.90000","0.46344","745.23193","0.00214","0.00026","18.86205"
"14.00000","0.46658","749.17987","0.00218","0.00024","18.96197"
"14.10000","0.47002","752.26587","0.00216","0.00027","19.04008"
"14.20000","0.47331","757.44269","0.00218","0.00030","19.17110"
"14.30000","0.47660","761.99030","0.00220","0.00036","19.28621"
"14.40000","0.47996","765.52869","0.00222","0.00034","19.37576"
"14.50000","0.48332","769.93347","0.00224","0.00021","19.48725"
"14.60000","0.48676","773.82263","0.00225","0.00017","19.58569"
"14.70000","0.48983","778.17377","0.00225","0.00044","19.69581"
"14.80000","0.49334","781.47473","0.00231","0.00052","19.77936"
"14.90000","0.49670","786.14075","0.00231","0.00059","19.89746"
"15.00000","0.49984","789.34033","0.00232","0.00052","19.97844"
"15.10000","0.50335","793.25073","0.00235","0.00059","20.07742"
"15.20000","0.50679","798.00085","0.00237","0.00062","20.19765"
"15.30000","0.50993","801.70923","0.00239","0.00066","20.29150"
"15.40000","0.51337","805.51813","0.00240","0.00061","20.38791"
"15.50000","0.51666","809.34186","0.00242","0.00061","20.48469"
"15.60000","0.51994","813.14978","0.00244","0.00060","20.58107"
"15.70000","0.52331","817.26367","0.00244","0.00061","20.68519"
"15.80000","0.52667","821.20404","0.00245","0.00059","20.78492"
"15.90000","0.53011","825.69830","0.00248","0.00043","20.89868"
"16.00000","0.53325","828.92987","0.00247","0.00049","20.98047"
"16.10000","0.53669","833.53101","0.00250","0.00055","21.09692"
"16.20000","0.54005","836.74512","0.00252","0.00057","21.17827"
"16.30000","0.54319","841.02136","0.00252","0.00044","21.28651"
"16.40000","0.54670","844.94165","0.00253","0.00034","21.38573"
"16.50000","0.55006","848.50293","0.00258","0.00034","21.47587"
"16.60000","0.55328","852.43695","0.00258","0.00028","21.57544"
"16.70000","0.55672","856.89557","0.00260","0.00029","21.68829"
"16.80000","0.56008","860.27618","0.00262","0.00031","21.77385"
"16.90000","0.56329","864.16772","0.00261","0.00030","21.87235"
"17.00000","0.56658","868.31506","0.00264","0.00031","21.97732"
"17.10000","0.57002","871.74756","0.00266","0.00026","22.06420"
"17.20000","0.57338","875.56000","0.00267","0.00027","22.16069"
"17.30000","0.57660","878.85114","0.00268","0.00035","22.24399"
"17.40000","0.58011","884.05945","0.00273","0.00039","22.37581"
"17.50000","0.58340","887.51062","0.00272","0.00038","22.46316"
"17.60000","0.58654","890.51270","0.00273","0.00042","22.53915"
"17.70000","0.59005","894.32623","0.00275","0.00036","22.63567"
"17.80000","0.59334","897.94501","0.00275","0.00037","22.72726"
"17.90000","0.59655","902.06183","0.00277","0.00045","22.83146"
"18.00000","0.59999","905.20282","0.00281","0.00045","22.91096"
"18.10000","0.60350","909.48248","0.00284","0.00059","23.01928"
"18.20000","0.60664","913.68726","0.00283","0.00061","23.12570"
"18.30000","0.60993","916.97723","0.00285","0.00068","23.20897"
"18.40000","0.61329","920.82721","0.00288","0.00071","23.30642"
"18.50000","0.61658","925.29596","0.00290","0.00066","23.41952"
"18.60000","0.61987","928.31689","0.00294","0.00072","23.49598"
"18.70000","0.62346","932.19086","0.00294","0.00071","23.59403"
"18.80000","0.62667","936.11292","0.00292","0.00074","23.69330"
"18.90000","0.62996","939.11383","0.00294","0.00077","23.76926"
"19.00000","0.63340","943.65387","0.00293","0.00072","23.88417"
"19.10000","0.63668","946.31964","0.00294","0.00055","23.95164"
"19.20000","0.63990","949.79547","0.00297","0.00065","24.03961"
"19.30000","0.64334","954.64874","0.00302","0.00057","24.16245"
"19.40000","0.64677","958.29175","0.00305","0.00053","24.25466"
"19.50000","0.64999","962.13965","0.00305","0.00052","24.35205"
"19.60000","0.65335","965.44989","0.00306","0.00039","24.43583"
"19.70000","0.65679","969.89563","0.00308","0.00041","24.54835"
"19.80000","0.65993","973.18555","0.00309","0.00049","24.63162"
"19.90000","0.66329","976.58289","0.00311","0.00037","24.71761"
"20.00000","0.66673","980.85431","0.00312","0.00037","24.82572"
"20.10000","0.66994","984.54840","0.00314","0.00033","24.91922"
"20.20000","0.67330","987.62244","0.00314","0.00041","24.99702"
"20.30000","0.67674","991.83350","0.00319","0.00035","25.10361"
"20.40000","0.68003","995.19977","0.00318","0.00040","25.18881"
"20.50000","0.68324","998.59283","0.00321","0.00039","25.27469"
"20.60000","0.68661","1,002.52533","0.00322","0.00041","25.37422"
"20.70000","0.69005","1,006.19531","0.00324","0.00046","25.46711"
"20.80000","0.69318","1,009.42609","0.00326","0.00052","25.54888"
"20.90000","0.69670","1,012.71906","0.00326","0.00036","25.63223"
"21.00000","0.70014","1,016.86987","0.00328","0.00037","25.73729"
"21.10000","0.70320","1,020.21454","0.00331","0.00046","25.82194"
"21.20000","0.70664","1,024.27454","0.00331","0.00055","25.92470"
"21.30000","0.71000","1,027.11609","0.00334","0.00066","25.99662"
"21.40000","0.71321","1,031.50964","0.00335","0.00074","26.10782"
"21.50000","0.71665","1,035.82666","0.00338","0.00072","26.21709"
"21.60000","0.72002","1,038.17383","0.00335","0.00078","26.27649"
"21.70000","0.72338","1,042.27209","0.00338","0.00077","26.38022"
"21.80000","0.72667","1,044.91174","0.00334","0.00078","26.44703"
"21.90000","0.72996","1,049.15527","0.00338","0.00083","26.55444"
"22.00000","0.73339","1,053.23328","0.00338","0.00081","26.65765"
"22.10000","0.73653","1,056.59485","0.00344","0.00078","26.74274"
"22.20000","0.73997","1,060.05273","0.00349","0.00081","26.83026"
"22.30000","0.74348","1,063.56519","0.00351","0.00060","26.91916"
"22.40000","0.74662","1,066.74121","0.00354","0.00061","26.99954"
"22.50000","0.75006","1,070.15515","0.00351","0.00072","27.08595"
"22.60000","0.75335","1,074.05396","0.00353","0.00070","27.18463"
"22.70000","0.75656","1,077.54285","0.00355","0.00067","27.27294"
"22.80000","0.76000","1,080.37585","0.00355","0.00060","27.34464"
"22.90000","0.76329","1,084.69812","0.00359","0.00057","27.45404"
"23.00000","0.76673","1,087.93933","0.00363","0.00050","27.53608"
"23.10000","0.76994","1,091.76038","0.00363","0.00042","27.63279"
"23.20000","0.77330","1,095.88098","0.00363","0.00044","27.73708"
"23.30000","0.77674","1,098.55090","0.00366","0.00045","27.80466"
"23.40000","0.77988","1,102.29309","0.00369","0.00045","27.89937"
"23.50000","0.78332","1,106.38965","0.00369","0.00042","28.00306"
"23.60000","0.78676","1,108.54700","0.00373","0.00043","28.05766"
"23.70000","0.78989","1,111.79749","0.00371","0.00046","28.13993"
"23.80000","0.79341","1,116.09570","0.00375","0.00046","28.24872"
"23.90000","0.79677","1,119.21887","0.00377","0.00047","28.32777"
"24.00000","0.79991","1,122.27478","0.00376","0.00059","28.40512"
"24.10000","0.80335","1,125.90906","0.00378","0.00044","28.49710"
"24.20000","0.80664","1,130.14404","0.00380","0.00036","28.60429"
"24.30000","0.81000","1,133.04163","0.00383","0.00035","28.67763"
"24.40000","0.81329","1,136.86511","0.00381","0.00057","28.77440"
"24.50000","0.81665","1,139.28137","0.00383","0.00073","28.83556"
"24.60000","0.82009","1,144.15002","0.00389","0.00074","28.95879"
"24.70000","0.82323","1,146.56738","0.00388","0.00086","29.01997"
"24.80000","0.82666","1,150.12610","0.00392","0.00083","29.11004"
"24.90000","0.83003","1,153.51477","0.00389","0.00084","29.19581"
"25.00000","0.83309","1,156.97888","0.00393","0.00088","29.28349"
"25.10000","0.83668","1,161.60864","0.00390","0.00093","29.40067"
"25.20000","0.84012","1,164.79468","0.00395","0.00089","29.48131"
"25.30000","0.84326","1,168.18884","0.00394","0.00087","29.56721"
"25.40000","0.84669","1,170.96094","0.00396","0.00093","29.63738"
"25.50000","0.84991","1,174.88342","0.00395","0.00088","29.73666"
"25.60000","0.85327","1,178.42139","0.00397","0.00074","29.82620"
"25.70000","0.85656","1,181.65015","0.00395","0.00081","29.90792"
"25.80000","0.86000","1,185.01575","0.00400","0.00085","29.99311"
"25.90000","0.86351","1,188.43323","0.00404","0.00075","30.07961"
"26.00000","0.86665","1,191.60229","0.00408","0.00072","30.15982"
"26.10000","0.87009","1,195.70691","0.00411","0.00056","30.26371"
"26.20000","0.87345","1,199.13074","0.00412","0.00057","30.35036"
"26.30000","0.87644","1,201.79663","0.00414","0.00047","30.41784"
"26.40000","0.88003","1,205.54932","0.00417","0.00052","30.51282"
"26.50000","0.88339","1,209.55359","0.00417","0.00052","30.61417"
"26.60000","0.88660","1,212.39771","0.00418","0.00056","30.68616"
"26.70000","0.89004","1,215.28015","0.00420","0.00051","30.75911"
"26.80000","0.89348","1,219.11902","0.00422","0.00055","30.85627"
"26.90000","0.89662","1,222.50964","0.00426","0.00055","30.94209"
"27.00000","0.89991","1,225.79089","0.00423","0.00064","31.02514"
"27.10000","0.90334","1,228.34497","0.00428","0.00059","31.08978"
"27.20000","0.90663","1,232.31958","0.00429","0.00057","31.19038"
"27.30000","0.90992","1,235.36353","0.00430","0.00054","31.26743"
"27.40000","0.91343","1,239.80225","0.00433","0.00049","31.37977"
"27.50000","0.91672","1,242.10632","0.00433","0.00041","31.43809"
"27.60000","0.91986","1,244.95630","0.00434","0.00042","31.51022"
"27.70000","0.92337","1,249.24707","0.00438","0.00088","31.61882"
"27.80000","0.92666","1,252.30029","0.00438","0.00090","31.69610"
"27.90000","0.92988","1,255.35083","0.00439","0.00088","31.77331"
"28.00000","0.93339","1,259.07483","0.00438","0.00093","31.86757"
"28.10000","0.93675","1,262.08630","0.00443","0.00091","31.94379"
"28.20000","0.93997","1,265.09607","0.00442","0.00092","32.01997"
"28.30000","0.94333","1,268.05139","0.00446","0.00093","32.09477"
"28.40000","0.94669","1,272.13440","0.00448","0.00096","32.19811"
"28.50000","0.94991","1,275.63367","0.00449","0.00093","32.28667"
"28.60000","0.95327","1,277.76697","0.00450","0.00096","32.34067"
"28.70000","0.95671","1,281.66650","0.00453","0.00100","32.43937"
"28.80000","0.96000","1,285.40417","0.00442","0.00086","32.53397"
"28.90000","0.96328","1,287.20020","0.00443","0.00086","32.57943"
"29.00000","0.96672","1,291.21655","0.00448","0.00087","32.68108"
"29.10000","0.97001","1,294.52612","0.00448","0.00086","32.76485"
"29.20000","0.97315","1,296.63647","0.00451","0.00074","32.81826"
"29.30000","0.97666","1,301.11511","0.00454","0.00075","32.93162"
"29.40000","0.98010","1,303.86450","0.00460","0.00064","33.00121"
"29.50000","0.98331","1,307.28369","0.00464","0.00062","33.08775"
"29.60000","0.98668","1,309.88000","0.00468","0.00061","33.15346"
"29.70000","0.99011","1,313.24976","0.00467","0.00056","33.23875"
"29.80000","0.99325","1,316.89209","0.00464","0.00061","33.33094"
"29.90000","0.99654","1,319.20862","0.00465","0.00061","33.38957"
"30.00000","0.99998","1,322.90027","0.00470","0.00063","33.48301"
"30.10000","1.00327","1,325.71790","0.00475","0.00065","33.55433"
"30.20000","1.00663","1,328.38306","0.00474","0.00064","33.62178"
"30.30000","1.01007","1,332.21558","0.00479","0.00066","33.71878"
"30.40000","1.01343","1,335.54956","0.00481","0.00065","33.80317"
"30.50000","1.01657","1,338.03650","0.00482","0.00053","33.86611"
"30.60000","1.01993","1,341.15027","0.00483","0.00047","33.94492"
"30.70000","1.02337","1,344.86206","0.00483","0.00048","34.03887"
"30.80000","1.02651","1,347.21057","0.00485","0.00049","34.09831"
"30.90000","1.03002","1,350.84290","0.00486","0.00061","34.19025"
"31.00000","1.03346","1,354.73291","0.00488","0.00095","34.28870"
"31.10000","1.03660","1,356.55164","0.00488","0.00083","34.33474"
"31.20000","1.03996","1,360.24939","0.00490","0.00086","34.42833"
"31.30000","1.04333","1,362.84534","0.00493","0.00094","34.49403"
"31.40000","1.04662","1,366.49731","0.00493","0.00101","34.58646"
"31.50000","1.04998","1,368.66687","0.00497","0.00100","34.64138"
"31.60000","1.05334","1,371.89893","0.00498","0.00097","34.72318"
"31.70000","1.05670","1,375.60413","0.00500","0.00111","34.81696"
"31.80000","1.05999","1,379.26440","0.00500","0.00105","34.90960"
"31.90000","1.06336","1,381.48694","0.00501","0.00101","34.96585"
"32.00000","1.06679","1,384.61597","0.00495","0.00096","35.04505"
"32.10000","1.06986","1,387.12073","0.00498","0.00084","35.10845"
"32.20000","1.07330","1,390.95752","0.00498","0.00093","35.20556"
"32.30000","1.07681","1,394.36121","0.00501","0.00102","35.29171"
"32.40000","1.07995","1,396.91223","0.00504","0.00091","35.35627"
"32.50000","1.08339","1,399.89124","0.00503","0.00080","35.43167"
"32.60000","1.08675","1,403.67542","0.00509","0.00073","35.52745"
"32.70000","1.08996","1,406.54333","0.00504","0.00072","35.60004"
"32.80000","1.09333","1,408.93018","0.00506","0.00063","35.66045"
"32.90000","1.09661","1,412.63184","0.00515","0.00067","35.75414"
"33.00000","1.09998","1,416.05786","0.00517","0.00073","35.84085"
"33.10000","1.10334","1,418.99109","0.00512","0.00072","35.91510"
"33.20000","1.10670","1,422.57922","0.00516","0.00067","36.00591"
"33.30000","1.11014","1,424.98706","0.00522","0.00074","36.06686"
"33.40000","1.11321","1,427.59814","0.00524","0.00074","36.13294"
"33.50000","1.11664","1,430.42798","0.00526","0.00071","36.20457"
"33.60000","1.12008","1,434.44153","0.00530","0.00067","36.30615"
"33.70000","1.12315","1,436.42114","0.00530","0.00065","36.35625"
"33.80000","1.12673","1,440.18982","0.00534","0.00058","36.45164"
"33.90000","1.13010","1,443.33472","0.00536","0.00054","36.53124"
"34.00000","1.13331","1,446.33252","0.00535","0.00050","36.60712"
"34.10000","1.13667","1,449.06360","0.00537","0.00068","36.67624"
"34.20000","1.13996","1,452.90430","0.00538","0.00068","36.77345"
"34.30000","1.14325","1,455.22400","0.00541","0.00101","36.83216"
"34.40000","1.14654","1,458.74646","0.00540","0.00101","36.92132"
"34.50000","1.14998","1,460.97815","0.00545","0.00108","36.97780"
"34.60000","1.15349","1,464.35400","0.00546","0.00105","37.06324"
"34.70000","1.15655","1,467.56189","0.00547","0.00108","37.14444"
"34.80000","1.15999","1,470.88928","0.00547","0.00111","37.22866"
"34.90000","1.16343","1,473.76904","0.00552","0.00109","37.30154"
"35.00000","1.16649","1,476.58459","0.00551","0.00112","37.37281"
"35.10000","1.17008","1,478.97461","0.00554","0.00109","37.43330"
"35.20000","1.17344","1,481.97913","0.00554","0.00109","37.50934"
"35.30000","1.17666","1,485.42212","0.00551","0.00104","37.59649"
"35.40000","1.18002","1,488.92053","0.00548","0.00103","37.68503"
"35.50000","1.18338","1,491.44446","0.00551","0.00099","37.74891"
"35.60000","1.18667","1,494.41638","0.00558","0.00097","37.82413"
"35.70000","1.18989","1,496.82507","0.00557","0.00090","37.88510"
"35.80000","1.19332","1,500.21814","0.00553","0.00083","37.97098"
"35.90000","1.19676","1,503.14294","0.00553","0.00077","38.04501"
"36.00000","1.19990","1,505.74121","0.00557","0.00078","38.11077"
"36.10000","1.20341","1,508.03979","0.00556","0.00072","38.16895"
"36.20000","1.20678","1,511.58337","0.00562","0.00071","38.25864"
"36.30000","1.20984","1,514.37610","0.00563","0.00075","38.32932"
"36.40000","1.21335","1,517.77637","0.00562","0.00073","38.41538"
"36.50000","1.21664","1,519.69019","0.00566","0.00070","38.46382"
"36.60000","1.21993","1,523.28613","0.00568","0.00076","38.55484"
"36.70000","1.22337","1,525.77246","0.00567","0.00081","38.61776"
"36.80000","1.22681","1,528.46240","0.00574","0.00072","38.68585"
"36.90000","1.22994","1,531.94214","0.00575","0.00066","38.77392"
"37.00000","1.23323","1,534.27539","0.00574","0.00055","38.83298"
"37.10000","1.23667","1,536.69604","0.00583","0.00056","38.89425"
"37.20000","1.23996","1,540.17346","0.00586","0.00048","38.98226"
"37.30000","1.24325","1,542.07336","0.00587","0.00065","39.03035"
"37.40000","1.24676","1,545.85889","0.00590","0.00075","39.12616"
"37.50000","1.25005","1,548.72327","0.00595","0.00078","39.19866"
"37.60000","1.25326","1,551.30518","0.00590","0.00085","39.26401"
"37.70000","1.25670","1,553.88281","0.00594","0.00108","39.32925"
"37.80000","1.25999","1,557.39417","0.00595","0.00107","39.41812"
"37.90000","1.26320","1,560.21130","0.00595","0.00112","39.48942"
"38.00000","1.26664","1,562.60168","0.00599","0.00115","39.54992"
"38.10000","1.27008","1,565.23645","0.00601","0.00118","39.61661"
"38.20000","1.27329","1,568.51062","0.00602","0.00116","39.69948"
"38.30000","1.27666","1,571.50537","0.00604","0.00113","39.77528"
"38.40000","1.28002","1,574.01465","0.00607","0.00103","39.83879"
"38.50000","1.28331","1,577.27417","0.00606","0.00107","39.92129"
"38.60000","1.28660","1,579.52722","0.00610","0.00111","39.97831"
"38.70000","1.29003","1,582.91418","0.00609","0.00109","40.06404"
"38.80000","1.29332","1,586.46387","0.00610","0.00093","40.15388"
"38.90000","1.29661","1,588.86633","0.00610","0.00093","40.21469"
"39.00000","1.30005","1,591.50647","0.00608","0.00095","40.28151"
"39.10000","1.30341","1,594.11133","0.00610","0.00087","40.34744"
"39.20000","1.30663","1,597.10315","0.00608","0.00075","40.42317"
"39.30000","1.30991","1,599.43628","0.00607","0.00078","40.48222"
"39.40000","1.31343","1,602.02063","0.00609","0.00075","40.54763"
"39.50000","1.31664","1,605.31201","0.00611","0.00080","40.63094"
"39.60000","1.32000","1,608.15979","0.00612","0.00080","40.70301"
"39.70000","1.32344","1,610.64270","0.00619","0.00083","40.76586"
"39.80000","1.32665","1,612.88367","0.00615","0.00085","40.82257"
"39.90000","1.32994","1,615.83630","0.00619","0.00081","40.89731"
"40.00000","1.33331","1,618.99780","0.00623","0.00079","40.97733"
"40.10000","1.33667","1,621.98438","0.00622","0.00067","41.05292"
"40.20000","1.33996","1,623.94141","0.00623","0.00064","41.10245"
"40.30000","1.34332","1,627.18579","0.00627","0.00058","41.18457"
"40.40000","1.34676","1,630.13269","0.00629","0.00052","41.25916"
"40.50000","1.34997","1,633.32043","0.00629","0.00069","41.33984"
"40.60000","1.35326","1,635.69617","0.00632","0.00062","41.39997"
"40.70000","1.35670","1,638.28784","0.00638","0.00083","41.46556"
"40.80000","1.35984","1,640.85632","0.00636","0.00088","41.53057"
"40.90000","1.36335","1,643.58484","0.00640","0.00096","41.59963"
"41.00000","1.36686","1,646.84595","0.00643","0.00108","41.68217"
"41.10000","1.36993","1,649.18750","0.00650","0.00118","41.74144"
"41.20000","1.37329","1,651.51807","0.00648","0.00112","41.80043"
"41.30000","1.37673","1,654.70862","0.00651","0.00116","41.88118"
"41.40000","1.37994","1,657.41296","0.00649","0.00114","41.94963"
"41.50000","1.38331","1,659.77722","0.00652","0.00116","42.00947"
"41.60000","1.38667","1,663.11633","0.00654","0.00110","42.09398"
"41.70000","1.39011","1,665.33704","0.00655","0.00107","42.15019"
"41.80000","1.39332","1,669.12805","0.00657","0.00111","42.24614"
"41.90000","1.39668","1,671.38647","0.00656","0.00114","42.30330"
"42.00000","1.40012","1,673.64465","0.00660","0.00103","42.36045"
"42.10000","1.40319","1,676.07019","0.00663","0.00101","42.42185"
"42.20000","1.40662","1,678.70264","0.00663","0.00095","42.48848"
"42.30000","1.41014","1,681.77368","0.00666","0.00098","42.56620"
"42.40000","1.41320","1,684.21655","0.00658","0.00084","42.62803"
"42.50000","1.41671","1,686.78003","0.00657","0.00075","42.69292"
"42.60000","1.42008","1,689.72424","0.00661","0.00081","42.76743"
"42.70000","1.42321","1,692.28589","0.00662","0.00074","42.83227"
"42.80000","1.42665","1,694.80237","0.00665","0.00079","42.89597"
"42.90000","1.42994","1,697.89160","0.00666","0.00083","42.97415"
"43.00000","1.43338","1,700.21826","0.00668","0.00087","43.03304"
"43.10000","1.43659","1,702.46069","0.00670","0.00091","43.08980"
"43.20000","1.43996","1,705.75452","0.00670","0.00089","43.17316"
"43.30000","1.44347","1,708.25696","0.00673","0.00068","43.23650"
"43.40000","1.44653","1,710.48474","0.00674","0.00062","43.29289"
"43.50000","1.44997","1,713.41370","0.00675","0.00061","43.36702"
"43.60000","1.45341","1,716.16919","0.00679","0.00058","43.43676"
"43.70000","1.45655","1,719.01514","0.00679","0.00070","43.50880"
"43.80000","1.46006","1,721.20105","0.00680","0.00083","43.56412"
"43.90000","1.46342","1,724.25745","0.00681","0.00085","43.64148"
"44.00000","1.46664","1,726.41833","0.00683","0.00083","43.69617"
"44.10000","1.47000","1,729.14319","0.00683","0.00088","43.76514"
"44.20000","1.47321","1,732.00476","0.00686","0.00102","43.83757"
"44.30000","1.47665","1,734.27014","0.00688","0.00108","43.89491"
"44.40000","1.47987","1,736.83276","0.00699","0.00125","43.95977"
"44.50000","1.48338","1,739.48169","0.00697","0.00126","44.02681"
"44.60000","1.48674","1,743.23267","0.00702","0.00123","44.12175"
"44.70000","1.48988","1,744.19055","0.00701","0.00117","44.14599"
"44.80000","1.49339","1,747.16138","0.00704","0.00118","44.22119"
"44.90000","1.49676","1,749.47083","0.00705","0.00116","44.27964"
"45.00000","1.49982","1,752.53809","0.00706","0.00109","44.35727"
"45.10000","1.50333","1,755.29480","0.00708","0.00118","44.42704"
"45.20000","1.50677","1,758.01587","0.00712","0.00102","44.49592"
"45.30000","1.50998","1,760.17566","0.00708","0.00101","44.55058"
"45.40000","1.51342","1,762.62292","0.00709","0.00097","44.61252"
"45.50000","1.51679","1,765.04736","0.00711","0.00096","44.67389"
"45.60000","1.51992","1,767.66968","0.00707","0.00095","44.74026"
"45.70000","1.52321","1,769.93237","0.00711","0.00083","44.79753"
"45.80000","1.52665","1,772.65576","0.00711","0.00084","44.86646"
"45.90000","1.53001","1,775.86731","0.00716","0.00087","44.94774"
"46.00000","1.53323","1,777.97595","0.00714","0.00088","45.00111"
"46.10000","1.53674","1,780.84656","0.00715","0.00090","45.07377"
"46.20000","1.54003","1,783.60156","0.00718","0.00093","45.14350"
"46.30000","1.54317","1,785.73486","0.00717","0.00090","45.19749"
"46.40000","1.54668","1,788.84045","0.00725","0.00079","45.27610"
"46.50000","1.54997","1,791.55115","0.00723","0.00069","45.34470"
"46.60000","1.55326","1,792.98486","0.00725","0.00066","45.38099"
"46.70000","1.55669","1,796.63147","0.00727","0.00061","45.47329"
"46.80000","1.56006","1,798.99988","0.00729","0.00063","45.53323"
"46.90000","1.56327","1,801.31519","0.00730","0.00077","45.59184"
"47.00000","1.56656","1,803.82153","0.00733","0.00082","45.65527"
"47.10000","1.57000","1,806.28369","0.00734","0.00085","45.71759"
"47.20000","1.57329","1,809.17847","0.00734","0.00089","45.79086"
"47.30000","1.57657","1,810.95508","0.00735","0.00105","45.83582"
"47.40000","1.58001","1,813.59241","0.00736","0.00110","45.90258"
"47.50000","1.58345","1,816.68958","0.00741","0.00115","45.98096"
"47.60000","1.58659","1,818.91809","0.00744","0.00122","46.03737"
"47.70000","1.59003","1,820.87500","0.00746","0.00126","46.08690"
"47.80000","1.59332","1,824.41394","0.00744","0.00127","46.17647"
"47.90000","1.59653","1,825.40479","0.00747","0.00125","46.20155"
"48.00000","1.59997","1,828.94250","0.00749","0.00117","46.29109"
"48.10000","1.60341","1,831.16736","0.00754","0.00120","46.34740"
"48.20000","1.60662","1,833.64807","0.00760","0.00129","46.41019"
"48.30000","1.60998","1,835.10498","0.00760","0.00112","46.44707"
"48.40000","1.61335","1,838.12170","0.00759","0.00109","46.52342"
"48.50000","1.61663","1,841.00293","0.00764","0.00097","46.59634"
"48.60000","1.61992","1,842.71863","0.00763","0.00106","46.63977"
"48.70000","1.62329","1,844.94458","0.00765","0.00102","46.69611"
"48.80000","1.62665","1,848.30261","0.00767","0.00100","46.78110"
"48.90000","1.62994","1,850.52551","0.00768","0.00091","46.83736"
"49.00000","1.63337","1,852.98474","0.00768","0.00081","46.89961"
"49.10000","1.63666","1,855.08044","0.00761","0.00088","46.95265"
"49.20000","1.63988","1,857.34143","0.00768","0.00088","47.00988"
"49.30000","1.64324","1,860.21716","0.00766","0.00089","47.08266"
"49.40000","1.64668","1,862.31616","0.00767","0.00089","47.13579"
"49.50000","1.64989","1,865.50659","0.00767","0.00095","47.21654"
"49.60000","1.65333","1,866.98267","0.00772","0.00079","47.25390"
"49.70000","1.65684","1,869.80029","0.00771","0.00076","47.32521"
"49.80000","1.65991","1,872.27954","0.00776","0.00065","47.38797"
"49.90000","1.66327","1,874.79370","0.00778","0.00060","47.45160"
"50.00000","1.66663","1,876.45593","0.00778","0.00061","47.49367"
"50.10000","1.67000","1,879.05469","0.00781","0.00082","47.55944"
"50.20000","1.67328","1,881.20251","0.00782","0.00084","47.61381"
"50.30000","1.67672","1,884.46118","0.00785","0.00086","47.69629"
"50.40000","1.68016","1,886.36633","0.00785","0.00087","47.74451"
"50.50000","1.68330","1,889.60754","0.00789","0.00089","47.82654"
"50.60000","1.68659","1,890.81299","0.00789","0.00095","47.85705"
"50.70000","1.69003","1,893.14001","0.00789","0.00104","47.91595"
"50.80000","1.69316","1,895.97351","0.00790","0.00123","47.98767"
"50.90000","1.69660","1,898.20227","0.00794","0.00132","48.04408"
"51.00000","1.70011","1,900.77234","0.00795","0.00131","48.10913"
"51.10000","1.70333","1,903.30945","0.00796","0.00127","48.17334"
"51.20000","1.70669","1,904.71765","0.00800","0.00119","48.20898"
"51.30000","1.71005","1,907.60889","0.00799","0.00124","48.28216"
"51.40000","1.71327","1,910.79346","0.00804","0.00126","48.36276"
"51.50000","1.71663","1,911.94861","0.00805","0.00127","48.39200"
"51.60000","1.71992","1,914.04431","0.00808","0.00111","48.44505"
"51.70000","1.72336","1,917.43164","0.00810","0.00106","48.53078"
"51.80000","1.72665","1,919.69971","0.00817","0.00107","48.58818"
"51.90000","1.73001","1,922.15796","0.00813","0.00102","48.65040"
"52.00000","1.73352","1,923.64343","0.00821","0.00100","48.68800"
"52.10000","1.73651","1,925.44702","0.00822","0.00093","48.73365"
"52.20000","1.74002","1,928.56348","0.00822","0.00092","48.81253"
"52.30000","1.74339","1,930.86060","0.00823","0.00093","48.87067"
"52.40000","1.74660","1,932.83850","0.00826","0.00092","48.92073"
"52.50000","1.75011","1,935.17505","0.00822","0.00100","48.97987"
"52.60000","1.75348","1,937.73047","0.00827","0.00088","49.04455"
"52.70000","1.75669","1,940.09839","0.00824","0.00079","49.10448"
"52.80000","1.75998","1,941.51331","0.00820","0.00072","49.14029"
"52.90000","1.76327","1,944.10669","0.00823","0.00065","49.20593"
"53.00000","1.76663","1,946.52466","0.00823","0.00058","49.26713"
"53.10000","1.76984","1,948.28589","0.00825","0.00065","49.31171"
"53.20000","1.77336","1,951.36365","0.00832","0.00062","49.38961"
"53.30000","1.77679","1,953.60059","0.00829","0.00085","49.44622"
"53.40000","1.77986","1,955.46191","0.00832","0.00086","49.49334"
"53.50000","1.78337","1,958.63623","0.00834","0.00086","49.57368"
"53.60000","1.78673","1,960.28943","0.00837","0.00094","49.61552"
"53.70000","1.78987","1,962.18225","0.00838","0.00092","49.66343"
"53.80000","1.79339","1,964.68884","0.00840","0.00100","49.72687"
"53.90000","1.79675","1,967.49756","0.00841","0.00113","49.79796"
"54.00000","1.80004","1,969.58179","0.00842","0.00136","49.85072"
"54.10000","1.80333","1,971.56128","0.00843","0.00136","49.90082"
"54.20000","1.80669","1,974.17810","0.00846","0.00132","49.96705"
"54.30000","1.80998","1,976.37195","0.00848","0.00129","50.02258"
"54.40000","1.81319","1,978.13562","0.00850","0.00125","50.06721"
"54.50000","1.81663","1,980.76428","0.00850","0.00118","50.13375"
"54.60000","1.82014","1,982.91223","0.00851","0.00133","50.18811"
"54.70000","1.82328","1,985.58179","0.00852","0.00126","50.25568"
"54.80000","1.82672","1,987.81506","0.00854","0.00105","50.31220"
"54.90000","1.83008","1,989.69043","0.00857","0.00108","50.35967"
"55.00000","1.83315","1,992.12744","0.00860","0.00106","50.42135"
"55.10000","1.83673","1,995.46387","0.00866","0.00097","50.50580"
"55.20000","1.84002","1,997.30566","0.00866","0.00100","50.55241"
"55.30000","1.84331","1,999.40710","0.00868","0.00093","50.60560"
"55.40000","1.84667","2,001.90820","0.00871","0.00093","50.66891"
"55.50000","1.85004","2,003.18896","0.00874","0.00091","50.70132"
"55.60000","1.85333","2,006.36438","0.00871","0.00089","50.78169"
"55.70000","1.85654","2,008.45081","0.00873","0.00087","50.83450"
"55.80000","1.85998","2,010.58667","0.00878","0.00085","50.88856"
"55.90000","1.86334","2,013.08911","0.00877","0.00071","50.95190"
"56.00000","1.86655","2,014.05237","0.00874","0.00072","50.97628"
"56.10000","1.87007","2,017.23071","0.00872","0.00059","51.05672"
"56.20000","1.87343","2,019.52722","0.00874","0.00058","51.11485"
"56.30000","1.87657","2,021.04077","0.00874","0.00051","51.15316"
"56.40000","1.88001","2,024.06714","0.00876","0.00061","51.22976"
"56.50000","1.88337","2,026.51782","0.00877","0.00087","51.29178"
"56.60000","1.88658","2,028.62561","0.00881","0.00086","51.34513"
"56.70000","1.89002","2,030.92712","0.00882","0.00084","51.40339"
"56.80000","1.89338","2,033.10071","0.00883","0.00090","51.45840"
"56.90000","1.89667","2,034.95959","0.00887","0.00093","51.50545"
"57.00000","1.89996","2,037.07385","0.00889","0.00100","51.55896"
"57.10000","1.90332","2,039.60059","0.00891","0.00106","51.62291"
"57.20000","1.90661","2,042.27588","0.00893","0.00121","51.69062"
"57.30000","1.90990","2,043.45959","0.00892","0.00121","51.72058"
"57.40000","1.91334","2,046.28406","0.00896","0.00123","51.79207"
"57.50000","1.91678","2,048.68286","0.00898","0.00127","51.85279"
"57.60000","1.91992","2,050.74561","0.00898","0.00123","51.90499"
"57.70000","1.92335","2,052.91650","0.00902","0.00119","51.95994"
"57.80000","1.92664","2,055.02148","0.00901","0.00126","52.01322"
"57.90000","1.92986","2,057.58057","0.00902","0.00124","52.07799"
"58.00000","1.93329","2,059.68335","0.00904","0.00107","52.13121"
"58.10000","1.93666","2,061.88696","0.00907","0.00102","52.18699"
"58.20000","1.94002","2,064.09497","0.00906","0.00096","52.24287"
"58.30000","1.94331","2,066.30054","0.00908","0.00102","52.29869"
"58.40000","1.94675","2,068.66284","0.00911","0.00101","52.35849"
"58.50000","1.94996","2,070.89697","0.00913","0.00089","52.41503"
"58.60000","1.95317","2,072.20654","0.00913","0.00079","52.44818"
"58.70000","1.95669","2,074.80835","0.00915","0.00086","52.51403"
"58.80000","1.96005","2,077.54248","0.00913","0.00084","52.58323"
"58.90000","1.96326","2,078.98706","0.00920","0.00083","52.61980"
"59.00000","1.96670","2,081.53027","0.00926","0.00073","52.68417"
"59.10000","1.97014","2,083.67139","0.00927","0.00063","52.73836"
"59.20000","1.97328","2,085.55249","0.00921","0.00055","52.78597"
"59.30000","1.97657","2,087.27710","0.00925","0.00054","52.82962"
"59.40000","1.98000","2,089.74097","0.00926","0.00051","52.89198"
"59.50000","1.98322","2,092.09082","0.00928","0.00047","52.95145"
"59.60000","1.98666","2,094.02368","0.00927","0.00063","53.00038"
"59.70000","1.99017","2,096.12720","0.00929","0.00076","53.05362"
"59.80000","1.99331","2,098.56250","0.00929","0.00078","53.11526"
"59.90000","1.99660","2,099.56885","0.00932","0.00087","53.14073"
"60.00000","2.00003","2,102.32227","0.00935","0.00079","53.21041"
"60.10000","2.00332","2,104.56445","0.00935","0.00087","53.26717"
"60.20000","2.00661","2,106.49585","0.00939","0.00089","53.31605"
"60.30000","2.01005","2,108.61499","0.00939","0.00107","53.36969"
"60.40000","2.01341","2,111.20312","0.00943","0.00107","53.43519"
"60.50000","2.01663","2,113.00903","0.00943","0.00129","53.48090"
"60.60000","2.01999","2,115.04126","0.00945","0.00123","53.53234"
"60.70000","2.02343","2,117.14941","0.00947","0.00121","53.58570"
"60.80000","2.02657","2,118.81177","0.00948","0.00116","53.62777"
"60.90000","2.03000","2,121.28369","0.00949","0.00114","53.69033"
"61.00000","2.03352","2,123.87842","0.00952","0.00116","53.75601"
"61.10000","2.03658","2,125.21436","0.00954","0.00119","53.78982"
"61.20000","2.04002","2,127.10986","0.00956","0.00103","53.83780"
"61.30000","2.04338","2,130.27124","0.00957","0.00093","53.91781"
"61.40000","2.04667","2,131.60962","0.00958","0.00094","53.95169"
"61.50000","2.04988","2,133.29980","0.00959","0.00092","53.99447"
"61.60000","2.05332","2,135.47803","0.00960","0.00088","54.04960"
"61.70000","2.05668","2,138.02441","0.00963","0.00084","54.11405"
"61.80000","2.05990","2,139.73682","0.00963","0.00082","54.15739"
"61.90000","2.06334","2,141.90137","0.00964","0.00085","54.21218"
"62.00000","2.06677","2,143.65625","0.00970","0.00081","54.25659"
"62.10000","2.06984","2,145.23926","0.00970","0.00073","54.29666"
"62.20000","2.07328","2,148.04102","0.00966","0.00057","54.36757"
"62.30000","2.07671","2,150.67603","0.00973","0.00050","54.43427"
"62.40000","2.07993","2,151.90991","0.00970","0.00046","54.46550"
"62.50000","2.08337","2,153.72681","0.00974","0.00046","54.51148"
"62.60000","2.08673","2,156.24170","0.00971","0.00046","54.57513"
"62.70000","2.09002","2,158.02759","0.00977","0.00040","54.62033"
"62.80000","2.09331","2,160.39014","0.00977","0.00066","54.68013"
"62.90000","2.09659","2,162.06152","0.00978","0.00063","54.72243"
"63.00000","2.10003","2,164.19678","0.00981","0.00074","54.77648"
"63.10000","2.10325","2,165.64087","0.00983","0.00071","54.81303"
"63.20000","2.10676","2,167.65356","0.00986","0.00078","54.86397"
"63.30000","2.11020","2,170.06543","0.00987","0.00084","54.92502"
"63.40000","2.11326","2,171.60376","0.00989","0.00094","54.96395"
"63.50000","2.11670","2,174.10229","0.00989","0.00090","55.02719"
"63.60000","2.12006","2,175.63184","0.00992","0.00109","55.06590"
"63.70000","2.12313","2,177.31104","0.00992","0.00110","55.10841"
"63.80000","2.12671","2,180.49365","0.00996","0.00124","55.18896"
"63.90000","2.13008","2,182.03613","0.00998","0.00106","55.22800"
"64.00000","2.13329","2,183.73511","0.01000","0.00110","55.27100"
"64.10000","2.13665","2,186.47095","0.01001","0.00115","55.34024"
"64.20000","2.14002","2,188.73975","0.01001","0.00117","55.39767"
"64.30000","2.14338","2,190.60254","0.01004","0.00105","55.44482"
"64.40000","2.14652","2,191.72241","0.01005","0.00098","55.47316"
"64.50000","2.14996","2,194.44214","0.01009","0.00090","55.54200"
"64.60000","2.15339","2,196.77148","0.01011","0.00093","55.60096"
"64.70000","2.15653","2,198.18848","0.01009","0.00095","55.63682"
"64.80000","2.16005","2,200.78320","0.01011","0.00091","55.70249"
"64.90000","2.16341","2,202.07153","0.01012","0.00079","55.73510"
"65.00000","2.16655","2,204.82788","0.01015","0.00080","55.80486"
"65.10000","2.17006","2,206.65332","0.01014","0.00072","55.85107"
"65.20000","2.17335","2,207.80615","0.01017","0.00053","55.88025"
"65.30000","2.17664","2,210.37012","0.01018","0.00055","55.94514"
"65.40000","2.18007","2,212.74561","0.01020","0.00047","56.00526"
"65.50000","2.18336","2,214.93848","0.01021","0.00044","56.06077"
"65.60000","2.18673","2,217.28638","0.01025","0.00038","56.12019"
"65.70000","2.18987","2,217.80322","0.01024","0.00038","56.13327"
"65.80000","2.19330","2,220.23218","0.01026","0.00037","56.19475"
"65.90000","2.19667","2,222.57910","0.01028","0.00038","56.25415"
"66.00000","2.19988","2,223.64087","0.01028","0.00057","56.28103"
"66.10000","2.20339","2,226.95752","0.01031","0.00063","56.36497"
"66.20000","2.20676","2,228.38232","0.01032","0.00069","56.40104"
"66.30000","2.20990","2,230.23047","0.01034","0.00076","56.44781"
"66.40000","2.21333","2,233.12329","0.01035","0.00073","56.52103"
"66.50000","2.21655","2,234.18896","0.01036","0.00077","56.54800"
"66.60000","2.21991","2,236.15283","0.01039","0.00086","56.59771"
"66.70000","2.22335","2,238.44971","0.01039","0.00090","56.65584"
"66.80000","2.22671","2,240.32617","0.01042","0.00113","56.70334"
"66.90000","2.23007","2,243.15479","0.01043","0.00119","56.77493"
"67.00000","2.23329","2,244.02051","0.01047","0.00120","56.79684"
"67.10000","2.23665","2,245.83643","0.01047","0.00108","56.84280"
"67.20000","2.23994","2,249.07520","0.01050","0.00106","56.92478"
"67.30000","2.24315","2,249.80078","0.01051","0.00104","56.94314"
"67.40000","2.24667","2,252.66431","0.01055","0.00110","57.01562"
"67.50000","2.25010","2,254.75122","0.01054","0.00097","57.06844"
"67.60000","2.25332","2,255.93311","0.01057","0.00088","57.09835"
"67.70000","2.25676","2,258.40259","0.01057","0.00078","57.16086"
"67.80000","2.26004","2,261.48486","0.01058","0.00081","57.23887"
"67.90000","2.26326","2,262.92993","0.01063","0.00078","57.27544"
"68.00000","2.26662","2,264.91309","0.01063","0.00077","57.32564"
"68.10000","2.26998","2,266.80103","0.01063","0.00078","57.37342"
"68.20000","2.27327","2,268.40796","0.01068","0.00078","57.41410"
"68.30000","2.27664","2,270.16919","0.01067","0.00058","57.45867"
"68.40000","2.28007","2,273.07275","0.01068","0.00038","57.53216"
"68.50000","2.28329","2,274.39038","0.01071","0.00037","57.56551"
"68.60000","2.28650","2,276.27856","0.01072","0.00034","57.61330"
"68.70000","2.29001","2,279.03027","0.01073","0.00031","57.68295"
"68.80000","2.29338","2,281.06616","0.01074","0.00028","57.73448"
"68.90000","2.29659","2,282.46216","0.01076","0.00026","57.76981"
"69.00000","2.30003","2,284.38354","0.01080","0.00031","57.81844"
"69.10000","2.30347","2,286.38525","0.01081","0.00028","57.86911"
"69.20000","2.30660","2,288.63330","0.01076","0.00052","57.92601"
"69.30000","2.30989","2,290.60986","0.01082","0.00061","57.97603"
"69.40000","2.31333","2,292.19409","0.01083","0.00064","58.01613"
"69.50000","2.31662","2,294.42114","0.01084","0.00068","58.07250"
"69.60000","2.32006","2,296.10254","0.01085","0.00072","58.11506"
"69.70000","2.32350","2,298.15869","0.01088","0.00069","58.16710"
"69.80000","2.32663","2,300.55737","0.01089","0.00079","58.22781"
"69.90000","2.33000","2,302.71533","0.01089","0.00091","58.28242"
"70.00000","2.33336","2,303.99170","0.01093","0.00086","58.31473"
"70.10000","2.33672","2,305.93701","0.01094","0.00099","58.36397"
"70.20000","2.33986","2,306.88379","0.01097","0.00103","58.38793"
"70.30000","2.34330","2,310.01172","0.01097","0.00104","58.46710"
"70.40000","2.34681","2,311.85449","0.01100","0.00097","58.51374"
"70.50000","2.34995","2,313.70435","0.01100","0.00097","58.56056"
"70.60000","2.35332","2,315.86841","0.01106","0.00098","58.61533"
"70.70000","2.35668","2,317.08813","0.01105","0.00092","58.64621"
"70.80000","2.35982","2,319.13257","0.01105","0.00081","58.69795"
"70.90000","2.36326","2,320.94482","0.01112","0.00076","58.74382"
"71.00000","2.36677","2,324.22046","0.01112","0.00074","58.82673"
"71.10000","2.36991","2,324.96704","0.01110","0.00075","58.84562"
"71.20000","2.37342","2,326.51807","0.01111","0.00073","58.88488"
"71.30000","2.37671","2,329.09741","0.01114","0.00063","58.95016"
"71.40000","2.38000","2,331.50903","0.01116","0.00050","59.01120"
"71.50000","2.38328","2,332.45166","0.01117","0.00042","59.03506"
"71.60000","2.38665","2,333.87158","0.01119","0.00032","59.07100"
"71.70000","2.39009","2,336.56592","0.01119","0.00029","59.13919"
"71.80000","2.39330","2,338.29053","0.01122","0.00024","59.18285"
"71.90000","2.39674","2,340.59229","0.01123","0.00023","59.24110"
"72.00000","2.40010","2,342.25244","0.01125","0.00022","59.28312"
"72.10000","2.40324","2,343.86328","0.01125","0.00021","59.32389"
"72.20000","2.40668","2,345.49756","0.01131","0.00030","59.36526"
"72.30000","2.41012","2,348.21729","0.01130","0.00036","59.43409"
"72.40000","2.41318","2,349.98193","0.01131","0.00053","59.47876"
"72.50000","2.41677","2,351.31177","0.01132","0.00058","59.51242"
"72.60000","2.42006","2,353.82300","0.01135","0.00056","59.57598"
"72.70000","2.42334","2,355.23535","0.01133","0.00061","59.61172"
"72.80000","2.42663","2,357.22192","0.01136","0.00067","59.66200"
"72.90000","2.42992","2,359.37012","0.01141","0.00067","59.71638"
"73.00000","2.43336","2,361.40967","0.01140","0.00075","59.76800"
"73.10000","2.43657","2,362.39331","0.01140","0.00078","59.79289"
"73.20000","2.44001","2,365.27612","0.01143","0.00080","59.86586"
"73.30000","2.44345","2,366.39600","0.01144","0.00096","59.89420"
"73.40000","2.44659","2,368.06812","0.01147","0.00102","59.93652"
"73.50000","2.45002","2,370.53979","0.01144","0.00093","59.99908"
"73.60000","2.45339","2,371.80322","0.01147","0.00093","60.03106"
"73.70000","2.45653","2,373.88770","0.01151","0.00096","60.08382"
"73.80000","2.46004","2,375.92993","0.01154","0.00091","60.13551"
"73.90000","2.46333","2,378.05811","0.01155","0.00088","60.18937"
"74.00000","2.46669","2,380.19531","0.01157","0.00073","60.24347"
"74.10000","2.47005","2,381.18237","0.01157","0.00067","60.26845"
"74.20000","2.47334","2,383.73584","0.01159","0.00070","60.33308"
"74.30000","2.47671","2,385.51587","0.01163","0.00063","60.37813"
"74.40000","2.47984","2,386.97437","0.01163","0.00065","60.41505"
"74.50000","2.48328","2,390.02783","0.01164","0.00055","60.49233"
"74.60000","2.48672","2,391.06177","0.01166","0.00060","60.51850"
"74.70000","2.48986","2,393.13721","0.01167","0.00031","60.57103"
"74.80000","2.49337","2,395.33716","0.01169","0.00022","60.62671"
"74.90000","2.49681","2,397.90771","0.01171","0.00015","60.69177"
"75.00000","2.49987","2,398.55420","0.01171","0.00022","60.70814"
"75.10000","2.50331","2,400.98633","0.01174","0.00019","60.76970"
"75.20000","2.50660","2,402.74805","0.01177","0.00017","60.81429"
"75.30000","2.50989","2,404.42749","0.01178","0.00021","60.85679"
"75.40000","2.51333","2,406.34058","0.01177","0.00034","60.90521"
"75.50000","2.51669","2,408.21826","0.01182","0.00042","60.95274"
"75.60000","2.52005","2,410.26050","0.01181","0.00050","61.00443"
"75.70000","2.52319","2,412.39453","0.01184","0.00057","61.05844"
"75.80000","2.52663","2,414.44067","0.01186","0.00061","61.11023"
"75.90000","2.53007","2,416.46777","0.01187","0.00056","61.16153"
"76.00000","2.53321","2,418.12720","0.01187","0.00062","61.20354"
"76.10000","2.53679","2,419.62646","0.01188","0.00069","61.24148"
"76.20000","2.54016","2,421.58643","0.01191","0.00072","61.29109"
"76.30000","2.54330","2,423.76831","0.01193","0.00074","61.34631"
"76.40000","2.54666","2,425.45947","0.01196","0.00076","61.38912"
"76.50000","2.55002","2,427.49365","0.01195","0.00098","61.44060"
"76.60000","2.55324","2,428.49634","0.01196","0.00095","61.46598"
"76.70000","2.55660","2,431.57715","0.01199","0.00093","61.54396"
"76.80000","2.56004","2,432.48560","0.01199","0.00094","61.56695"
"76.90000","2.56333","2,435.26807","0.01202","0.00096","61.63737"
"77.00000","2.56661","2,435.87891","0.01204","0.00086","61.65284"
"77.10000","2.56998","2,438.90088","0.01204","0.00080","61.72932"
"77.20000","2.57334","2,439.56226","0.01209","0.00075","61.74606"
"77.30000","2.57655","2,441.90479","0.01211","0.00067","61.80536"
"77.40000","2.57999","2,444.01123","0.01211","0.00068","61.85867"
"77.50000","2.58343","2,445.90503","0.01211","0.00068","61.90660"
"77.60000","2.58664","2,448.21826","0.01214","0.00066","61.96515"
"77.70000","2.59008","2,449.65039","0.01214","0.00061","62.00140"
"77.80000","2.59344","2,451.72144","0.01220","0.00035","62.05381"
"77.90000","2.59658","2,452.43652","0.01219","0.00034","62.07191"
"78.00000","2.59995","2,454.34253","0.01223","0.00016","62.12016"
"78.10000","2.60331","2,456.78320","0.01223","0.00018","62.18193"
"78.20000","2.60667","2,458.87842","0.01226","0.00025","62.23496"
"78.30000","2.60996","2,459.71729","0.01225","0.00025","62.25619"
"78.40000","2.61347","2,461.79785","0.01226","0.00022","62.30885"
"78.50000","2.61669","2,463.91211","0.01229","0.00017","62.36237"
"78.60000","2.61990","2,465.13623","0.01229","0.00032","62.39335"
"78.70000","2.62334","2,467.26831","0.01234","0.00049","62.44731"
"78.80000","2.62670","2,469.49585","0.01237","0.00052","62.50369"
"78.90000","2.62992","2,471.25635","0.01237","0.00064","62.54825"
"79.00000","2.63335","2,473.24805","0.01236","0.00064","62.59866"
"79.10000","2.63679","2,475.71899","0.01240","0.00068","62.66120"
"79.20000","2.63993","2,476.49097","0.01240","0.00069","62.68074"
"79.30000","2.64322","2,479.67603","0.01242","0.00077","62.76136"
"79.40000","2.64666","2,481.36865","0.01247","0.00075","62.80420"
"79.50000","2.64987","2,482.58569","0.01244","0.00076","62.83500"
"79.60000","2.65323","2,484.36182","0.01245","0.00084","62.87996"
"79.70000","2.65675","2,487.12500","0.01249","0.00084","62.94989"
"79.80000","2.66004","2,488.13135","0.01253","0.00095","62.97536"
"79.90000","2.66332","2,490.78101","0.01253","0.00093","63.04243"
"80.00000","2.66669","2,491.53516","0.01252","0.00092","63.06151"
"80.10000","2.66998","2,493.32422","0.01253","0.00095","63.10680"
"80.20000","2.67326","2,494.20728","0.01255","0.00087","63.12915"
"80.30000","2.67670","2,496.48315","0.01256","0.00081","63.18675"
"80.40000","2.68014","2,498.53809","0.01262","0.00073","63.23876"
"80.50000","2.68328","2,500.88770","0.01259","0.00071","63.29823"
"80.60000","2.68672","2,502.53882","0.01260","0.00068","63.34002"
"80.70000","2.69008","2,503.78076","0.01267","0.00063","63.37145"
"80.80000","2.69322","2,505.69165","0.01269","0.00056","63.41982"
"80.90000","2.69666","2,507.55127","0.01267","0.00048","63.46688"
"81.00000","2.70002","2,509.64526","0.01270","0.00037","63.51989"
"81.10000","2.70331","2,510.37842","0.01270","0.00029","63.53844"
"81.20000","2.70675","2,513.20996","0.01275","0.00025","63.61011"
"81.30000","2.71003","2,515.07764","0.01276","0.00024","63.65738"
"81.40000","2.71332","2,516.70679","0.01275","0.00025","63.69862"
"81.50000","2.71654","2,518.42725","0.01278","0.00022","63.74216"
"81.60000","2.71990","2,520.05859","0.01280","0.00020","63.78345"
"81.70000","2.72334","2,522.14819","0.01282","0.00031","63.83634"
"81.80000","2.72655","2,523.13599","0.01283","0.00046","63.86134"
"81.90000","2.73006","2,525.74756","0.01287","0.00049","63.92744"
"82.00000","2.73350","2,527.53125","0.01285","0.00058","63.97258"
"82.10000","2.73657","2,529.92700","0.01284","0.00063","64.03323"
"82.20000","2.74000","2,530.87524","0.01293","0.00066","64.05722"
"82.30000","2.74337","2,532.29541","0.01293","0.00065","64.09317"
"82.40000","2.74658","2,534.64990","0.01295","0.00072","64.15276"
"82.50000","2.75009","2,536.20215","0.01297","0.00075","64.19205"
"82.60000","2.75338","2,538.47998","0.01294","0.00072","64.24970"
"82.70000","2.75667","2,540.39648","0.01297","0.00076","64.29821"
"82.80000","2.75996","2,542.16968","0.01303","0.00082","64.34309"
"82.90000","2.76332","2,543.62012","0.01301","0.00096","64.37980"
"83.00000","2.76668","2,545.58374","0.01302","0.00094","64.42950"
"83.10000","2.76990","2,547.88989","0.01306","0.00090","64.48787"
"83.20000","2.77334","2,548.91431","0.01303","0.00093","64.51379"
"83.30000","2.77677","2,550.33252","0.01306","0.00093","64.54969"
"83.40000","2.77991","2,552.44067","0.01309","0.00089","64.60305"
"83.50000","2.78335","2,554.66895","0.01311","0.00083","64.65945"
"83.60000","2.78671","2,555.57300","0.01310","0.00070","64.68233"
"83.70000","2.78985","2,557.67676","0.01310","0.00073","64.73558"
"83.80000","2.79337","2,559.65454","0.01313","0.00070","64.78564"
"83.90000","2.79665","2,561.28320","0.01315","0.00063","64.82686"
"84.00000","2.80002","2,563.25439","0.01317","0.00050","64.87675"
"84.10000","2.80331","2,564.80347","0.01320","0.00042","64.91595"
"84.20000","2.80667","2,566.98755","0.01325","0.00034","64.97124"
"84.30000","2.81003","2,568.69116","0.01322","0.00027","65.01436"
"84.40000","2.81317","2,569.81836","0.01323","0.00025","65.04288"
"84.50000","2.81661","2,571.96436","0.01326","0.00025","65.09720"
"84.60000","2.82012","2,573.87988","0.01328","0.00024","65.14568"
"84.70000","2.82326","2,575.25464","0.01332","0.00023","65.18048"
"84.80000","2.82677","2,577.70752","0.01331","0.00024","65.24256"
"84.90000","2.83014","2,579.57959","0.01333","0.00038","65.28995"
"85.00000","2.83320","2,580.29248","0.01336","0.00048","65.30799"
"85.10000","2.83664","2,583.40845","0.01338","0.00055","65.38686"
"85.20000","2.84000","2,583.93579","0.01338","0.00054","65.40020"
"85.30000","2.84329","2,586.00146","0.01341","0.00058","65.45248"
"85.40000","2.84665","2,587.78296","0.01343","0.00068","65.49757"
"85.50000","2.85002","2,590.12012","0.01342","0.00069","65.55673"
"85.60000","2.85338","2,592.44653","0.01347","0.00075","65.61561"
"85.70000","2.85652","2,593.38062","0.01347","0.00076","65.63925"
"85.80000","2.85996","2,594.30908","0.01350","0.00071","65.66275"
"85.90000","2.86332","2,598.02856","0.01350","0.00075","65.75690"
"86.00000","2.86646","2,599.05322","0.01351","0.00074","65.78283"
"86.10000","2.87005","2,600.93701","0.01354","0.00098","65.83051"
"86.20000","2.87341","2,603.23706","0.01356","0.00099","65.88873"
"86.30000","2.87662","2,604.91577","0.01358","0.00093","65.93121"
"86.40000","2.88006","2,606.24194","0.01355","0.00094","65.96478"
"86.50000","2.88335","2,608.81323","0.01359","0.00094","66.02985"
"86.60000","2.88656","2,610.31592","0.01359","0.00093","66.06789"
"86.70000","2.89000","2,611.71899","0.01365","0.00086","66.10340"
"86.80000","2.89336","2,613.85620","0.01363","0.00078","66.15749"
"86.90000","2.89673","2,615.16968","0.01365","0.00073","66.19074"
"87.00000","2.89994","2,617.23633","0.01369","0.00070","66.24305"
"87.10000","2.90345","2,618.73779","0.01369","0.00056","66.28105"
"87.20000","2.90667","2,621.11279","0.01368","0.00046","66.34116"
"87.30000","2.90981","2,621.95776","0.01374","0.00042","66.36255"
"87.40000","2.91339","2,624.81689","0.01375","0.00034","66.43491"
"87.50000","2.91676","2,626.04517","0.01375","0.00033","66.46600"
"87.60000","2.91990","2,628.29297","0.01376","0.00025","66.52290"
"87.70000","2.92333","2,629.42163","0.01380","0.00022","66.55146"
"87.80000","2.92677","2,630.63599","0.01380","0.00023","66.58220"
"87.90000","2.92991","2,632.85571","0.01382","0.00022","66.63838"
"88.00000","2.93327","2,634.18213","0.01386","0.00033","66.67195"
"88.10000","2.93664","2,635.84961","0.01384","0.00044","66.71416"
"88.20000","2.93992","2,638.48682","0.01389","0.00050","66.78091"
"88.30000","2.94329","2,639.25146","0.01390","0.00057","66.80025"
"88.40000","2.94680","2,642.24268","0.01391","0.00064","66.87597"
"88.50000","2.95001","2,643.46338","0.01391","0.00063","66.90686"
"88.60000","2.95323","2,644.08643","0.01391","0.00071","66.92263"
"88.70000","2.95667","2,646.93604","0.01395","0.00074","66.99476"
"88.80000","2.95995","2,648.67920","0.01398","0.00072","67.03888"
"88.90000","2.96324","2,650.85791","0.01398","0.00073","67.09402"
"89.00000","2.96668","2,652.08789","0.01397","0.00076","67.12515"
"89.10000","2.97019","2,654.30713","0.01403","0.00072","67.18132"
"89.20000","2.97333","2,655.66162","0.01403","0.00093","67.21561"
"89.30000","2.97670","2,657.49561","0.01403","0.00101","67.26202"
"89.40000","2.98006","2,659.48242","0.01405","0.00097","67.31231"
"89.50000","2.98320","2,660.68750","0.01409","0.00097","67.34281"
"89.60000","2.98664","2,663.27344","0.01409","0.00097","67.40826"
"89.70000","2.99007","2,664.30151","0.01412","0.00096","67.43428"
"89.80000","2.99329","2,666.89917","0.01414","0.00094","67.50003"
"89.90000","2.99665","2,667.59595","0.01411","0.00083","67.51766"
"90.00000","3.00001","2,669.21338","0.01416","0.00075","67.55860"
"90.10000","3.00330","2,671.41821","0.01417","0.00078","67.61441"
"90.20000","3.00652","2,673.35596","0.01415","0.00068","67.66345"
"90.30000","3.00995","2,675.47095","0.01418","0.00047","67.71699"
"90.40000","3.01339","2,677.05005","0.01420","0.00045","67.75695"
"90.50000","3.01661","2,679.14209","0.01423","0.00038","67.80990"
"90.60000","3.02004","2,680.74121","0.01425","0.00035","67.85037"
"90.70000","3.02348","2,683.17285","0.01427","0.00032","67.91192"
"90.80000","3.02647","2,684.54028","0.01429","0.00026","67.94653"
"90.90000","3.02991","2,685.36646","0.01431","0.00027","67.96745"
"91.00000","3.03335","2,687.87769","0.01434","0.00027","68.03101"
"91.10000","3.03663","2,689.65576","0.01433","0.00024","68.07600"
"91.20000","3.04007","2,690.79761","0.01434","0.00036","68.10490"
"91.30000","3.04336","2,692.84595","0.01436","0.00045","68.15675"
"91.40000","3.04672","2,694.67871","0.01441","0.00055","68.20314"
"91.50000","3.04994","2,696.79102","0.01441","0.00061","68.25660"
"91.60000","3.05323","2,697.88623","0.01442","0.00069","68.28432"
"91.70000","3.05666","2,699.91064","0.01442","0.00065","68.33556"
"91.80000","3.05988","2,701.78320","0.01442","0.00069","68.38296"
"91.90000","3.06339","2,703.60889","0.01444","0.00073","68.42916"
"92.00000","3.06683","2,705.20801","0.01448","0.00070","68.46964"
"92.10000","3.06997","2,707.29663","0.01451","0.00068","68.52250"
"92.20000","3.07333","2,708.52832","0.01449","0.00072","68.55367"
"92.30000","3.07669","2,711.33130","0.01452","0.00093","68.62462"
"92.40000","3.07983","2,712.11450","0.01456","0.00100","68.64444"
"92.50000","3.08334","2,713.95630","0.01457","0.00101","68.69106"
"92.60000","3.08663","2,715.98413","0.01456","0.00103","68.74239"
"92.70000","3.09000","2,717.25220","0.01460","0.00103","68.77448"
"92.80000","3.09336","2,718.77515","0.01462","0.00099","68.81303"
"92.90000","3.09665","2,721.08813","0.01463","0.00100","68.87157"
"93.00000","3.10009","2,722.10986","0.01462","0.00083","68.89743"
"93.10000","3.10315","2,723.47681","0.01466","0.00087","68.93203"
"93.20000","3.10666","2,725.25806","0.01465","0.00069","68.97711"
"93.30000","3.11010","2,727.45044","0.01468","0.00065","69.03260"
"93.40000","3.11324","2,729.02222","0.01469","0.00053","69.07238"
"93.50000","3.11675","2,730.97754","0.01471","0.00043","69.12187"
"93.60000","3.12012","2,732.63184","0.01470","0.00039","69.16374"
"93.70000","3.12325","2,734.37891","0.01474","0.00044","69.20796"
"93.80000","3.12662","2,736.66724","0.01476","0.00037","69.26588"
"93.90000","3.12998","2,738.39258","0.01477","0.00032","69.30955"
"94.00000","3.13334","2,739.23047","0.01480","0.00033","69.33076"
"94.10000","3.13663","2,741.65454","0.01482","0.00032","69.39211"
"94.20000","3.14000","2,742.85425","0.01484","0.00025","69.42248"
"94.30000","3.14336","2,744.93408","0.01483","0.00035","69.47512"
"94.40000","3.14650","2,746.19238","0.01488","0.00047","69.50697"
"94.50000","3.14994","2,748.53638","0.01489","0.00052","69.56629"
"94.60000","3.15337","2,750.03809","0.01490","0.00058","69.60430"
"94.70000","3.15651","2,751.43750","0.01492","0.00067","69.63972"
"94.80000","3.16010","2,753.70361","0.01490","0.00071","69.69707"
"94.90000","3.16346","2,754.99780","0.01494","0.00067","69.72984"
"95.00000","3.16660","2,756.69189","0.01495","0.00070","69.77271"
"95.10000","3.16997","2,758.36206","0.01496","0.00074","69.81498"
"95.20000","3.17325","2,760.26733","0.01497","0.00072","69.86320"
"95.30000","3.17654","2,761.94580","0.01499","0.00070","69.90569"
"95.40000","3.17998","2,762.93677","0.01501","0.00070","69.93077"
"95.50000","3.18342","2,765.58545","0.01502","0.00085","69.99781"
"95.60000","3.18678","2,767.35620","0.01501","0.00092","70.04263"
"95.70000","3.18992","2,768.43726","0.01506","0.00101","70.06999"
"95.80000","3.19336","2,770.29297","0.01508","0.00102","70.11696"
"95.90000","3.19672","2,772.04932","0.01511","0.00100","70.16142"
"96.00000","3.19986","2,773.31689","0.01510","0.00098","70.19350"
"96.10000","3.20345","2,774.90747","0.01515","0.00100","70.23375"
"96.20000","3.20674","2,776.63965","0.01518","0.00097","70.27760"
"96.30000","3.20995","2,778.69019","0.01515","0.00098","70.32949"
"96.40000","3.21339","2,780.55420","0.01513","0.00078","70.37667"
"96.50000","3.21675","2,782.08887","0.01517","0.00061","70.41552"
"96.60000","3.21996","2,783.86108","0.01518","0.00051","70.46037"
"96.70000","3.22325","2,784.92017","0.01521","0.00044","70.48717"
"96.80000","3.22669","2,787.43384","0.01521","0.00047","70.55080"
"96.90000","3.22998","2,788.80664","0.01525","0.00044","70.58555"
"97.00000","3.23327","2,790.78662","0.01524","0.00040","70.63566"
"97.10000","3.23671","2,792.79785","0.01527","0.00037","70.68656"
"97.20000","3.23999","2,794.12646","0.01528","0.00035","70.72019"
"97.30000","3.24321","2,795.00195","0.01529","0.00028","70.74235"
"97.40000","3.24665","2,797.89429","0.01534","0.00029","70.81556"
"97.50000","3.25008","2,799.13623","0.01535","0.00049","70.84699"
"97.60000","3.25330","2,800.98608","0.01535","0.00048","70.89381"
"97.70000","3.25673","2,803.51855","0.01538","0.00060","70.95791"
"97.80000","3.26017","2,805.03027","0.01536","0.00062","70.99617"
"97.90000","3.26324","2,806.92773","0.01543","0.00069","71.04420"
"98.00000","3.26660","2,808.05688","0.01543","0.00071","71.07278"
"98.10000","3.27004","2,810.02051","0.01545","0.00080","71.12247"
"98.20000","3.27325","2,811.15674","0.01545","0.00077","71.15123"
"98.30000","3.27661","2,813.29614","0.01548","0.00073","71.20538"
"98.40000","3.28013","2,815.39185","0.01550","0.00076","71.25842"
"98.50000","3.28334","2,816.92725","0.01549","0.00073","71.29729"
"98.60000","3.28655","2,818.70654","0.01550","0.00084","71.34232"
"98.70000","3.28999","2,820.39429","0.01550","0.00085","71.38504"
"98.80000","3.29328","2,821.77490","0.01556","0.00108","71.41998"
"98.90000","3.29649","2,823.32935","0.01557","0.00103","71.45933"
"99.00000","3.30001","2,824.55005","0.01560","0.00109","71.49022"
"99.10000","3.30345","2,827.33447","0.01559","0.00104","71.56070"
"99.20000","3.30658","2,828.33691","0.01564","0.00106","71.58607"
"99.30000","3.31002","2,830.34839","0.01561","0.00099","71.63698"
"99.40000","3.31339","2,832.04028","0.01562","0.00098","71.67980"
"99.50000","3.31660","2,833.79565","0.01568","0.00096","71.72423"
"99.60000","3.31996","2,835.39575","0.01566","0.00088","71.76473"
"99.70000","3.32340","2,837.40503","0.01569","0.00080","71.81558"
"99.80000","3.32661","2,838.43530","0.01570","0.00073","71.84166"
"99.90000","3.33005","2,840.38306","0.01572","0.00053","71.89096"
"100.00000","3.33334","2,842.89502","0.01574","0.00050","71.95454"
"100.10000","3.33670","2,844.34058","0.01578","0.00053","71.99113"
"100.20000","3.33992","2,845.42773","0.01577","0.00049","72.01864"
"100.30000","3.34321","2,847.85767","0.01577","0.00043","72.08015"
"100.40000","3.34672","2,849.31104","0.01581","0.00043","72.11693"
"100.50000","3.34993","2,850.78003","0.01581","0.00042","72.15411"
"100.60000","3.35337","2,852.17529","0.01583","0.00043","72.18942"
"100.70000","3.35681","2,853.93286","0.01584","0.00051","72.23391"
"100.80000","3.35995","2,855.45508","0.01584","0.00064","72.27244"
"100.90000","3.36331","2,857.08057","0.01586","0.00071","72.31358"
"101.00000","3.36667","2,859.90552","0.01590","0.00075","72.38508"
"101.10000","3.36989","2,861.25269","0.01589","0.00075","72.41917"
"101.20000","3.37340","2,862.44531","0.01594","0.00081","72.44936"
"101.30000","3.37669","2,864.44263","0.01597","0.00083","72.49992"
"101.40000","3.38005","2,866.13770","0.01597","0.00083","72.54282"
"101.50000","3.38326","2,867.48535","0.01599","0.00076","72.57693"
"101.60000","3.38655","2,870.16602","0.01600","0.00078","72.64478"
"101.70000","3.38999","2,872.64038","0.01602","0.00079","72.70741"
"101.80000","3.39320","2,873.00024","0.01602","0.00082","72.71651"
"101.90000","3.39672","2,875.03345","0.01604","0.00098","72.76797"
"102.00000","3.40016","2,876.35986","0.01604","0.00110","72.80154"
"102.10000","3.40329","2,877.73804","0.01606","0.00110","72.83643"
"102.20000","3.40673","2,880.28809","0.01608","0.00107","72.90097"
"102.30000","3.41002","2,882.00366","0.01607","0.00109","72.94439"
"102.40000","3.41323","2,883.97144","0.01612","0.00106","72.99419"
"102.50000","3.41667","2,885.07764","0.01613","0.00108","73.02219"
"102.60000","3.42004","2,886.47998","0.01617","0.00101","73.05769"
"102.70000","3.42340","2,888.90210","0.01619","0.00105","73.11899"
"102.80000","3.42669","2,890.26831","0.01619","0.00098","73.15357"
"102.90000","3.42997","2,892.77759","0.01619","0.00072","73.21708"
"103.00000","3.43341","2,893.96631","0.01623","0.00057","73.24717"
"103.10000","3.43648","2,895.68384","0.01620","0.00058","73.29064"
"103.20000","3.43999","2,896.89746","0.01623","0.00051","73.32136"
"103.30000","3.44343","2,899.23706","0.01626","0.00048","73.38057"
"103.40000","3.44649","2,901.13623","0.01628","0.00051","73.42864"
"103.50000","3.45008","2,902.86694","0.01627","0.00048","73.47244"
"103.60000","3.45344","2,904.02856","0.01631","0.00046","73.50185"
"103.70000","3.45651","2,905.56104","0.01630","0.00041","73.54063"
"103.80000","3.46002","2,907.26489","0.01634","0.00053","73.58376"
"103.90000","3.46331","2,909.33936","0.01634","0.00058","73.63626"
"104.00000","3.46667","2,911.14722","0.01637","0.00072","73.68202"
"104.10000","3.46996","2,912.29785","0.01638","0.00073","73.71114"
"104.20000","3.47340","2,913.80908","0.01638","0.00078","73.74940"
"104.30000","3.47676","2,915.53125","0.01643","0.00082","73.79298"
"104.40000","3.47982","2,916.87671","0.01639","0.00078","73.82703"
"104.50000","3.48334","2,919.48828","0.01644","0.00081","73.89314"
"104.60000","3.48670","2,920.50586","0.01646","0.00089","73.91889"
"104.70000","3.48984","2,922.32178","0.01649","0.00081","73.96485"
"104.80000","3.49343","2,923.46582","0.01650","0.00082","73.99381"
"104.90000","3.49679","2,925.15698","0.01652","0.00087","74.03661"
"105.00000","3.50000","2,927.71362","0.01653","0.00092","74.10133"
"105.10000","3.50329","2,928.51709","0.01654","0.00101","74.12166"
"105.20000","3.50658","2,930.08936","0.01655","0.00112","74.16145"
"105.30000","3.50994","2,931.96558","0.01657","0.00111","74.20894"
"105.40000","3.51323","2,933.69678","0.01655","0.00116","74.25276"
"105.50000","3.51667","2,935.55249","0.01657","0.00109","74.29973"
"105.60000","3.52003","2,937.77368","0.01659","0.00107","74.35595"
"105.70000","3.52317","2,937.76807","0.01664","0.00103","74.35580"
"105.80000","3.52668","2,940.48999","0.01666","0.00108","74.42470"
"105.90000","3.53005","2,942.69067","0.01667","0.00095","74.48040"
"106.00000","3.53319","2,943.81445","0.01670","0.00078","74.50884"
"106.10000","3.53670","2,945.76001","0.01672","0.00077","74.55808"
"106.20000","3.54006","2,947.51758","0.01674","0.00057","74.60257"
"106.30000","3.54335","2,949.05542","0.01673","0.00054","74.64149"
"106.40000","3.54679","2,950.41284","0.01676","0.00055","74.67585"
"106.50000","3.55008","2,952.66724","0.01679","0.00052","74.73290"
"106.60000","3.55329","2,953.46313","0.01677","0.00052","74.75305"
"106.70000","3.55658","2,955.72974","0.01682","0.00053","74.81042"
"106.80000","3.56002","2,956.84473","0.01684","0.00053","74.83864"
"106.90000","3.56338","2,958.83618","0.01684","0.00059","74.88905"
"107.00000","3.56659","2,959.66064","0.01687","0.00057","74.90991"
"107.10000","3.57011","2,962.39062","0.01686","0.00063","74.97901"
"107.20000","3.57340","2,963.51172","0.01687","0.00064","75.00739"
"107.30000","3.57646","2,964.72632","0.01688","0.00074","75.03812"
"107.40000","3.57997","2,967.03027","0.01692","0.00082","75.09644"
"107.50000","3.58326","2,968.77686","0.01689","0.00084","75.14065"
"107.60000","3.58647","2,969.98145","0.01695","0.00090","75.17113"
"107.70000","3.58999","2,971.60474","0.01694","0.00087","75.21222"
"107.80000","3.59342","2,974.22827","0.01697","0.00083","75.27863"
"107.90000","3.59664","2,975.00830","0.01698","0.00085","75.29836"
"108.00000","3.59993","2,976.80298","0.01700","0.00084","75.34379"
"108.10000","3.60329","2,978.32397","0.01700","0.00089","75.38229"
"108.20000","3.60658","2,980.48022","0.01702","0.00083","75.43686"
"108.30000","3.60987","2,981.51416","0.01706","0.00107","75.46303"
"108.40000","3.61338","2,983.70288","0.01704","0.00106","75.51842"
"108.50000","3.61674","2,984.45703","0.01709","0.00118","75.53751"
"108.60000","3.61996","2,987.05591","0.01712","0.00116","75.60329"
"108.70000","3.62332","2,988.01416","0.01716","0.00123","75.62755"
"108.80000","3.62668","2,990.13770","0.01716","0.00110","75.68130"
"108.90000","3.62990","2,991.69214","0.01715","0.00117","75.72064"
"109.00000","3.63333","2,993.78833","0.01715","0.00110","75.77370"
"109.10000","3.63677","2,994.98438","0.01716","0.00094","75.80396"
"109.20000","3.63991","2,996.89062","0.01721","0.00080","75.85221"
"109.30000","3.64335","2,998.96948","0.01722","0.00081","75.90483"
"109.40000","3.64679","2,999.84448","0.01727","0.00069","75.92698"
"109.50000","3.64993","3,001.88647","0.01728","0.00064","75.97866"
"109.60000","3.65329","3,002.33301","0.01728","0.00058","75.98996"
"109.70000","3.65665","3,004.57935","0.01731","0.00056","76.04681"
"109.80000","3.65994","3,007.24219","0.01732","0.00060","76.11421"
"109.90000","3.66338","3,007.96265","0.01731","0.00057","76.13245"
"110.00000","3.66667","3,010.16650","0.01731","0.00054","76.18823"
"110.10000","3.67003","3,011.49854","0.01736","0.00059","76.22195"
"110.20000","3.67324","3,012.44165","0.01737","0.00067","76.24581"
"110.30000","3.67661","3,014.54370","0.01737","0.00074","76.29902"
"110.40000","3.68012","3,016.32983","0.01738","0.00078","76.34422"
"110.50000","3.68318","3,017.47461","0.01743","0.00082","76.37320"
"110.60000","3.68670","3,020.21045","0.01743","0.00085","76.44244"
"110.70000","3.69013","3,022.58472","0.01745","0.00094","76.50254"
"110.80000","3.69327","3,023.63818","0.01746","0.00092","76.52921"
"110.90000","3.69664","3,024.57300","0.01748","0.00091","76.55286"
"111.00000","3.70000","3,026.66260","0.01749","0.00091","76.60575"
"111.10000","3.70329","3,028.07568","0.01750","0.00088","76.64152"
"111.20000","3.70665","3,029.17432","0.01751","0.00089","76.66933"
"111.30000","3.71001","3,031.40723","0.01752","0.00092","76.72584"
"111.40000","3.71345","3,033.60645","0.01755","0.00107","76.78150"
"111.50000","3.71667","3,034.83960","0.01755","0.00103","76.81271"
"111.60000","3.71995","3,036.42480","0.01758","0.00113","76.85284"
"111.70000","3.72339","3,037.40698","0.01762","0.00130","76.87769"
"111.80000","3.72653","3,039.21436","0.01763","0.00124","76.92344"
"111.90000","3.72997","3,041.09521","0.01763","0.00124","76.97105"
"112.00000","3.73348","3,043.33325","0.01768","0.00120","77.02769"
"112.10000","3.73655","3,044.11768","0.01763","0.00114","77.04755"
"112.20000","3.74006","3,046.14819","0.01767","0.00103","77.09894"
"112.30000","3.74335","3,047.42603","0.01769","0.00090","77.13128"
"112.40000","3.74656","3,049.83179","0.01771","0.00084","77.19217"
"112.50000","3.75000","3,051.07422","0.01775","0.00081","77.22362"
"112.60000","3.75336","3,052.57544","0.01774","0.00078","77.26161"
"112.70000","3.75672","3,054.54639","0.01777","0.00068","77.31150"
"112.80000","3.75994","3,056.25195","0.01777","0.00058","77.35467"
"112.90000","3.76338","3,057.36133","0.01780","0.00058","77.38274"
"113.00000","3.76681","3,058.80933","0.01781","0.00065","77.41940"
"113.10000","3.76980","3,060.90845","0.01781","0.00055","77.47253"
"113.20000","3.77332","3,062.82349","0.01784","0.00061","77.52100"
"113.30000","3.77675","3,064.34448","0.01784","0.00069","77.55949"
"113.40000","3.77989","3,065.44238","0.01786","0.00080","77.58728"
"113.50000","3.78341","3,067.75024","0.01788","0.00080","77.64569"
"113.60000","3.78677","3,069.10229","0.01790","0.00082","77.67992"
"113.70000","3.78998","3,070.36499","0.01793","0.00087","77.71188"
"113.80000","3.79327","3,072.09253","0.01794","0.00095","77.75560"
"113.90000","3.79663","3,074.34351","0.01794","0.00094","77.81257"
"114.00000","3.80000","3,076.52002","0.01795","0.00101","77.86766"
"114.10000","3.80321","3,076.98022","0.01800","0.00095","77.87930"
"114.20000","3.80665","3,079.09448","0.01798","0.00097","77.93282"
"114.30000","3.81009","3,081.14673","0.01801","0.00095","77.98476"
"114.40000","3.81315","3,082.22266","0.01805","0.00099","78.01199"
"114.50000","3.81666","3,083.93921","0.01802","0.00108","78.05544"
"114.60000","3.82003","3,085.81226","0.01806","0.00110","78.10284"
"114.70000","3.82317","3,087.08594","0.01805","0.00124","78.13509"
"114.80000","3.82675","3,089.38037","0.01808","0.00130","78.19316"
"114.90000","3.83004","3,090.82520","0.01809","0.00128","78.22973"
"115.00000","3.83333","3,092.51099","0.01809","0.00127","78.27239"
"115.10000","3.83669","3,094.33862","0.01813","0.00128","78.31865"
"115.20000","3.84006","3,095.66260","0.01816","0.00130","78.35217"
"115.30000","3.84334","3,098.14282","0.01817","0.00125","78.41494"
"115.40000","3.84663","3,098.92847","0.01820","0.00108","78.43482"
"115.50000","3.85000","3,101.13525","0.01822","0.00102","78.49068"
"115.60000","3.85343","3,102.33496","0.01820","0.00084","78.52104"
"115.70000","3.85657","3,104.03101","0.01822","0.00079","78.56397"
"115.80000","3.86009","3,105.94238","0.01821","0.00079","78.61235"
"115.90000","3.86337","3,107.43188","0.01825","0.00075","78.65005"
"116.00000","3.86651","3,108.43579","0.01827","0.00068","78.67545"
"116.10000","3.87003","3,110.43726","0.01830","0.00069","78.72611"
"116.20000","3.87339","3,112.70898","0.01832","0.00072","78.78362"
"116.30000","3.87660","3,114.06543","0.01836","0.00070","78.81795"
"116.40000","3.87997","3,116.09204","0.01835","0.00066","78.86924"
"116.50000","3.88340","3,117.05518","0.01836","0.00077","78.89362"
"116.60000","3.88662","3,118.82983","0.01835","0.00084","78.93853"
"116.70000","3.88998","3,120.28247","0.01832","0.00090","78.97530"
"116.80000","3.89334","3,122.16699","0.01840","0.00094","79.02299"
"116.90000","3.89671","3,123.94604","0.01841","0.00102","79.06802"
"117.00000","3.89992","3,124.75073","0.01843","0.00103","79.08839"
"117.10000","3.90343","3,127.15210","0.01845","0.00105","79.14917"
"117.20000","3.90680","3,128.80688","0.01846","0.00106","79.19106"
"117.30000","3.90986","3,129.96313","0.01849","0.00101","79.22032"
"117.40000","3.91337","3,132.78101","0.01853","0.00095","79.29164"
"117.50000","3.91674","3,133.62915","0.01852","0.00103","79.31311"
"117.60000","3.91995","3,135.76050","0.01852","0.00104","79.36705"
"117.70000","3.92339","3,136.80176","0.01855","0.00112","79.39341"
"117.80000","3.92675","3,137.99487","0.01854","0.00108","79.42361"
"117.90000","3.92996","3,140.14136","0.01858","0.00134","79.47794"
"118.00000","3.93333","3,141.06787","0.01861","0.00135","79.50138"
"118.10000","3.93662","3,143.61157","0.01862","0.00136","79.56577"
"118.20000","3.93990","3,144.84692","0.01862","0.00135","79.59703"
"118.30000","3.94319","3,146.00732","0.01867","0.00138","79.62640"
"118.40000","3.94671","3,147.89526","0.01867","0.00134","79.67419"
"118.50000","3.95007","3,150.32495","0.01869","0.00121","79.73568"
"118.60000","3.95336","3,150.95557","0.01871","0.00109","79.75165"
"118.70000","3.95665","3,152.64722","0.01872","0.00101","79.79446"
"118.80000","3.95993","3,154.68872","0.01872","0.00093","79.84613"
"118.90000","3.96315","3,155.66626","0.01873","0.00088","79.87087"
"119.00000","3.96659","3,156.93384","0.01875","0.00081","79.90295"
"119.10000","3.97010","3,159.64478","0.01876","0.00075","79.97157"
"119.20000","3.97331","3,161.62744","0.01877","0.00072","80.02175"
"119.30000","3.97668","3,162.66406","0.01881","0.00070","80.04799"
"119.40000","3.98011","3,164.22778","0.01882","0.00069","80.08757"
"119.50000","3.98325","3,166.16260","0.01883","0.00067","80.13654"
"119.60000","3.98662","3,167.30518","0.01888","0.00080","80.16546"
"119.70000","3.99005","3,169.42554","0.01885","0.00088","80.21912"
"119.80000","3.99334","3,170.91724","0.01885","0.00099","80.25688"
"119.90000","3.99663","3,172.08057","0.01888","0.00101","80.28632"
"120.00000","3.99999","3,173.57715","0.01891","0.00105","80.32420"
"120.10000","4.00343","3,175.58301","0.01891","0.00105","80.37497"
"120.20000","4.00657","3,177.10571","0.01896","0.00111","80.41351"
"120.30000","4.00993","3,179.01636","0.01897","0.00109","80.46187"
"120.40000","4.01337","3,180.46143","0.01899","0.00107","80.49844"
"120.50000","4.01658","3,181.23657","0.01900","0.00104","80.51807"
"120.60000","4.02002","3,182.84473","0.01903","0.00102","80.55877"
"120.70000","4.02346","3,185.60815","0.01902","0.00101","80.62872"
"120.80000","4.02660","3,186.82666","0.01904","0.00102","80.65955"
"120.90000","4.02996","3,188.16040","0.01907","0.00121","80.69331"
"121.00000","4.03333","3,190.27051","0.01907","0.00130","80.74672"
"121.10000","4.03661","3,191.54785","0.01907","0.00127","80.77905"
"121.20000","4.03998","3,192.53101","0.01908","0.00138","80.80393"
"121.30000","4.04334","3,194.20312","0.01913","0.00145","80.84625"
"121.40000","4.04678","3,196.21265","0.01912","0.00149","80.89712"
"121.50000","4.04992","3,197.92920","0.01914","0.00142","80.94056"
"121.60000","4.05328","3,199.70068","0.01915","0.00127","80.98540"
"121.70000","4.05672","3,201.46802","0.01917","0.00114","81.03013"
"121.80000","4.05986","3,202.06250","0.01919","0.00111","81.04517"
"121.90000","4.06330","3,204.25000","0.01921","0.00104","81.10054"
"122.00000","4.06681","3,206.43555","0.01923","0.00100","81.15586"
"122.10000","4.06995","3,207.71045","0.01922","0.00088","81.18813"
"122.20000","4.07338","3,208.82227","0.01926","0.00094","81.21627"
"122.30000","4.07675","3,210.65186","0.01928","0.00093","81.26257"
"122.40000","4.07996","3,213.22266","0.01929","0.00075","81.32764"
"122.50000","4.08325","3,213.90259","0.01931","0.00076","81.34486"
"122.60000","4.08661","3,215.46240","0.01932","0.00069","81.38433"
"122.70000","4.09005","3,217.27051","0.01933","0.00078","81.43009"
"122.80000","4.09326","3,219.09375","0.01936","0.00089","81.47624"
"122.90000","4.09670","3,220.90942","0.01935","0.00098","81.52220"
"123.00000","4.10014","3,222.82617","0.01937","0.00107","81.57071"
"123.10000","4.10313","3,223.22876","0.01940","0.00109","81.58090"
"123.20000","4.10664","3,225.47192","0.01944","0.00114","81.63767"
"123.30000","4.11008","3,227.38135","0.01946","0.00110","81.68600"
"123.40000","4.11322","3,228.63770","0.01945","0.00116","81.71780"
"123.50000","4.11673","3,230.76855","0.01949","0.00118","81.77174"
"123.60000","4.12010","3,231.81738","0.01949","0.00117","81.79828"
"123.70000","4.12331","3,233.87280","0.01949","0.00114","81.85030"
"123.80000","4.12660","3,234.89990","0.01953","0.00111","81.87630"
"123.90000","4.12996","3,237.48877","0.01953","0.00111","81.94183"
"124.00000","4.13332","3,238.30054","0.01957","0.00111","81.96237"
"124.10000","4.13661","3,239.93701","0.01957","0.00122","82.00379"
"124.20000","4.14005","3,242.32495","0.01958","0.00122","82.06423"
"124.30000","4.14349","3,243.19385","0.01958","0.00148","82.08622"
"124.40000","4.14655","3,244.32178","0.01962","0.00152","82.11477"
"124.50000","4.14999","3,246.44531","0.01962","0.00150","82.16852"
"124.60000","4.15335","3,248.37378","0.01964","0.00154","82.21733"
"124.70000","4.15649","3,249.49292","0.01966","0.00142","82.24565"
"124.80000","4.16008","3,251.77100","0.01965","0.00139","82.30331"
"124.90000","4.16337","3,253.31543","0.01968","0.00128","82.34241"
"125.00000","4.16666","3,255.10352","0.01969","0.00116","82.38766"
"125.10000","4.17002","3,256.04077","0.01973","0.00111","82.41138"
"125.20000","4.17331","3,258.48975","0.01972","0.00103","82.47337"
"125.30000","4.17660","3,259.52759","0.01975","0.00098","82.49963"
"125.40000","4.17988","3,260.76660","0.01975","0.00100","82.53100"
"125.50000","4.18340","3,262.34888","0.01977","0.00099","82.57104"
"125.60000","4.18676","3,263.75366","0.01980","0.00088","82.60660"
"125.70000","4.18997","3,265.59399","0.01980","0.00083","82.65318"
"125.80000","4.19341","3,267.13184","0.01983","0.00085","82.69210"
"125.90000","4.19670","3,268.22510","0.01985","0.00090","82.71977"
"126.00000","4.19991","3,270.42407","0.01986","0.00097","82.77543"
"126.10000","4.20335","3,272.19775","0.01987","0.00103","82.82032"
"126.20000","4.20672","3,273.49390","0.01989","0.00112","82.85313"
"126.30000","4.20993","3,275.39136","0.01988","0.00119","82.90115"
"126.40000","4.21337","3,277.12158","0.01994","0.00125","82.94495"
"126.50000","4.21673","3,278.92627","0.01996","0.00121","82.99062"
"126.60000","4.21994","3,281.15747","0.01997","0.00119","83.04710"
"126.70000","4.22323","3,281.40405","0.02000","0.00124","83.05334"
"126.80000","4.22667","3,283.67383","0.01998","0.00121","83.11079"
"126.90000","4.22996","3,284.97852","0.02003","0.00120","83.14381"
"127.00000","4.23325","3,286.03809","0.02005","0.00116","83.17062"
"127.10000","4.23668","3,287.62866","0.02007","0.00117","83.21088"
"127.20000","4.24005","3,289.72266","0.02008","0.00123","83.26388"
"127.30000","4.24326","3,291.64795","0.02007","0.00125","83.31261"
"127.40000","4.24662","3,292.99976","0.02013","0.00129","83.34682"
"127.50000","4.24999","3,294.37476","0.02013","0.00160","83.38163"
"127.60000","4.25320","3,295.47070","0.02013","0.00162","83.40936"
"127.70000","4.25664","3,297.21387","0.02013","0.00159","83.45348"
"127.80000","4.26008","3,299.53906","0.02013","0.00159","83.51234"
"127.90000","4.26329","3,300.95190","0.02016","0.00150","83.54810"
"128.00000","4.26658","3,301.75391","0.02017","0.00148","83.56840"
"128.10000","4.27002","3,304.04980","0.02020","0.00132","83.62650"
"128.20000","4.27331","3,305.61206","0.02022","0.00120","83.66605"
"128.30000","4.27659","3,306.61523","0.02021","0.00115","83.69144"
"128.40000","4.28011","3,309.68726","0.02023","0.00112","83.76919"
"128.50000","4.28340","3,310.87476","0.02027","0.00104","83.79925"
"128.60000","4.28668","3,311.57031","0.02026","0.00107","83.81685"
"128.70000","4.29005","3,313.74707","0.02028","0.00107","83.87195"
"128.80000","4.29341","3,315.34741","0.02031","0.00098","83.91245"
"128.90000","4.29655","3,317.14966","0.02031","0.00094","83.95807"
"129.00000","4.29991","3,318.90259","0.02034","0.00091","84.00243"
"129.10000","4.30343","3,320.20898","0.02036","0.00100","84.03550"
"129.20000","4.30664","3,321.13013","0.02037","0.00109","84.05882"
"129.30000","4.31000","3,322.95557","0.02038","0.00118","84.10502"
"129.40000","4.31344","3,324.46875","0.02041","0.00122","84.14332"
"129.50000","4.31665","3,327.05371","0.02044","0.00126","84.20874"
"129.60000","4.31994","3,327.49634","0.02047","0.00127","84.21995"
"129.70000","4.32331","3,329.87305","0.02044","0.00136","84.28010"
"129.80000","4.32659","3,331.86768","0.02046","0.00130","84.33058"
"129.90000","4.32996","3,331.89624","0.02051","0.00127","84.33131"
"130.00000","4.33339","3,334.71753","0.02053","0.00128","84.40272"
"130.10000","4.33676","3,335.78320","0.02054","0.00125","84.42969"
"130.20000","4.33990","3,337.47852","0.02056","0.00123","84.47260"
"130.30000","4.34326","3,338.88525","0.02058","0.00122","84.50820"
"130.40000","4.34677","3,340.30347","0.02059","0.00131","84.54410"
"130.50000","4.34991","3,342.20093","0.02060","0.00134","84.59212"
"130.60000","4.35335","3,344.08984","0.02064","0.00147","84.63993"
"130.70000","4.35679","3,345.91870","0.02060","0.00150","84.68622"
"130.80000","4.35993","3,346.18848","0.02063","0.00163","84.69305"
"130.90000","4.36336","3,348.40869","0.02067","0.00164","84.74924"
"131.00000","4.36673","3,350.28540","0.02068","0.00159","84.79675"
"131.10000","4.37002","3,352.02368","0.02070","0.00148","84.84074"
"131.20000","4.37323","3,353.09497","0.02071","0.00144","84.86785"
"131.30000","4.37667","3,354.53662","0.02071","0.00135","84.90434"
"131.40000","4.38011","3,356.84790","0.02073","0.00127","84.96284"
"131.50000","4.38324","3,357.65186","0.02075","0.00129","84.98319"
"131.60000","4.38661","3,359.80249","0.02075","0.00112","85.03762"
"131.70000","4.39005","3,361.33179","0.02075","0.00111","85.07633"
"131.80000","4.39311","3,362.59277","0.02077","0.00112","85.10825"
"131.90000","4.39662","3,364.29150","0.02079","0.00110","85.15125"
"132.00000","4.40013","3,366.07422","0.02082","0.00102","85.19637"
"132.10000","4.40327","3,368.05469","0.02084","0.00102","85.24649"
"132.20000","4.40671","3,369.15747","0.02085","0.00106","85.27440"
"132.30000","4.41007","3,370.91235","0.02086","0.00108","85.31882"
"132.40000","4.41329","3,372.53442","0.02088","0.00115","85.35987"
"132.50000","4.41658","3,373.62549","0.02091","0.00120","85.38749"
"132.60000","4.42001","3,375.40942","0.02092","0.00134","85.43264"
"132.70000","4.42338","3,376.86401","0.02093","0.00134","85.46946"
"132.80000","4.42659","3,379.12402","0.02097","0.00131","85.52666"
"132.90000","4.43003","3,380.46436","0.02099","0.00136","85.56059"
"133.00000","4.43347","3,382.80127","0.02100","0.00137","85.61973"
"133.10000","4.43653","3,382.75586","0.02103","0.00143","85.61858"
"133.20000","4.44004","3,384.79419","0.02104","0.00130","85.67017"
"133.30000","4.44348","3,386.45288","0.02107","0.00133","85.71215"
"133.40000","4.44647","3,388.00879","0.02108","0.00130","85.75153"
"133.50000","4.45006","3,389.31152","0.02107","0.00131","85.78451"
"133.60000","4.45342","3,391.65527","0.02109","0.00134","85.84383"
"133.70000","4.45664","3,392.66479","0.02111","0.00136","85.86938"
"133.80000","4.46000","3,394.19165","0.02113","0.00158","85.90802"
"133.90000","4.46321","3,395.39575","0.02114","0.00166","85.93850"
"134.00000","4.46658","3,397.51172","0.02117","0.00174","85.99206"
"134.10000","4.46986","3,398.88062","0.02117","0.00170","86.02670"
"134.20000","4.47338","3,401.41919","0.02119","0.00160","86.09096"
"134.30000","4.47674","3,402.26514","0.02119","0.00152","86.11237"
"134.40000","4.47988","3,402.81421","0.02123","0.00144","86.12627"
"134.50000","4.48339","3,405.77393","0.02123","0.00141","86.20117"
"134.60000","4.48675","3,406.91089","0.02123","0.00130","86.22995"
"134.70000","4.48989","3,408.95605","0.02124","0.00124","86.28172"
"134.80000","4.49341","3,410.97900","0.02126","0.00124","86.33292"
"134.90000","4.49669","3,411.29272","0.02127","0.00119","86.34086"
"135.00000","4.49998","3,413.02002","0.02129","0.00117","86.38457"
"135.10000","4.50342","3,414.49390","0.02130","0.00121","86.42188"
"135.20000","4.50671","3,416.36157","0.02132","0.00117","86.46915"
"135.30000","4.51000","3,418.14111","0.02133","0.00107","86.51419"
"135.40000","4.51329","3,419.65405","0.02137","0.00113","86.55248"
"135.50000","4.51665","3,421.45215","0.02138","0.00115","86.59799"
"135.60000","4.52001","3,422.40259","0.02139","0.00128","86.62205"
"135.70000","4.52323","3,423.99780","0.02141","0.00131","86.66243"
"135.80000","4.52674","3,425.96655","0.02144","0.00133","86.71226"
"135.90000","4.53003","3,428.34595","0.02144","0.00138","86.77248"
"136.00000","4.53317","3,429.36694","0.02149","0.00146","86.79832"
"136.10000","4.53660","3,431.36084","0.02148","0.00149","86.84879"
"136.20000","4.53997","3,432.63232","0.02150","0.00140","86.88097"
"136.30000","4.54326","3,433.82617","0.02156","0.00144","86.91119"
"136.40000","4.54669","3,436.01782","0.02154","0.00133","86.96666"
"136.50000","4.55013","3,437.42676","0.02156","0.00136","87.00232"
"136.60000","4.55335","3,438.88403","0.02157","0.00136","87.03920"
"136.70000","4.55663","3,440.04004","0.02156","0.00136","87.06846"
"136.80000","4.56000","3,441.78125","0.02161","0.00140","87.11253"
"136.90000","4.56336","3,443.64087","0.02163","0.00158","87.15960"
"137.00000","4.56657","3,444.78223","0.02163","0.00169","87.18848"
"137.10000","4.57009","3,447.02075","0.02167","0.00174","87.24515"
"137.20000","4.57345","3,448.70312","0.02168","0.00176","87.28773"
"137.30000","4.57666","3,449.84058","0.02167","0.00172","87.31651"
"137.40000","4.58003","3,451.37646","0.02170","0.00161","87.35539"
"137.50000","4.58339","3,452.64600","0.02171","0.00167","87.38752"
"137.60000","4.58660","3,454.19238","0.02173","0.00149","87.42666"
"137.70000","4.58997","3,456.12061","0.02176","0.00146","87.47546"
"137.80000","4.59340","3,458.21899","0.02173","0.00135","87.52857"
"137.90000","4.59669","3,458.62549","0.02177","0.00131","87.53886"
"138.00000","4.59998","3,460.17432","0.02178","0.00131","87.57806"
"138.10000","4.60334","3,462.41699","0.02179","0.00129","87.63483"
"138.20000","4.60663","3,464.05542","0.02185","0.00128","87.67630"
"138.30000","4.60985","3,464.29321","0.02182","0.00125","87.68231"
"138.40000","4.61336","3,466.65186","0.02186","0.00125","87.74201"
"138.50000","4.61672","3,468.74292","0.02186","0.00124","87.79494"
"138.60000","4.62001","3,470.31543","0.02188","0.00120","87.83474"
"138.70000","4.62337","3,472.23657","0.02191","0.00124","87.88336"
"138.80000","4.62674","3,472.58179","0.02192","0.00135","87.89211"
"138.90000","4.62988","3,474.41699","0.02195","0.00140","87.93855"
"139.00000","4.63331","3,475.86523","0.02194","0.00144","87.97520"
"139.10000","4.63675","3,478.35229","0.02197","0.00148","88.03815"
"139.20000","4.63997","3,479.70020","0.02197","0.00153","88.07227"
"139.30000","4.64333","3,480.85767","0.02201","0.00150","88.10157"
"139.40000","4.64684","3,482.58276","0.02200","0.00160","88.14523"
"139.50000","4.64991","3,483.89331","0.02203","0.00157","88.17840"
"139.60000","4.65327","3,485.09985","0.02202","0.00152","88.20894"
"139.70000","4.65663","3,486.83398","0.02206","0.00144","88.25283"
"139.80000","4.65999","3,488.41406","0.02207","0.00146","88.29282"
"139.90000","4.66328","3,489.99512","0.02207","0.00143","88.33284"
"140.00000","4.66672","3,492.24170","0.02210","0.00152","88.38970"
"140.10000","4.67016","3,493.41919","0.02211","0.00158","88.41950"
"140.20000","4.67322","3,494.69556","0.02213","0.00170","88.45181"
"140.30000","4.67659","3,496.08545","0.02217","0.00189","88.48698"
"140.40000","4.68010","3,498.45581","0.02218","0.00188","88.54698"
"140.50000","4.68316","3,499.16992","0.02218","0.00181","88.56506"
"140.60000","4.68668","3,502.05566","0.02218","0.00176","88.63809"
"140.70000","4.69011","3,502.87817","0.02225","0.00166","88.65891"
"140.80000","4.69325","3,504.82324","0.02221","0.00151","88.70815"
"140.90000","4.69669","3,506.48096","0.02227","0.00152","88.75010"
"141.00000","4.69998","3,508.08276","0.02227","0.00153","88.79064"
"141.10000","4.70327","3,509.64819","0.02230","0.00150","88.83026"
"141.20000","4.70656","3,510.21143","0.02229","0.00145","88.84452"
"141.30000","4.70999","3,513.31616","0.02231","0.00141","88.92310"
"141.40000","4.71343","3,514.26855","0.02233","0.00138","88.94720"
"141.50000","4.71657","3,515.37061","0.02235","0.00140","88.97510"
"141.60000","4.72001","3,517.03662","0.02237","0.00129","89.01727"
"141.70000","4.72345","3,518.74048","0.02240","0.00136","89.06039"
"141.80000","4.72651","3,520.73120","0.02241","0.00135","89.11078"
"141.90000","4.73002","3,521.39258","0.02242","0.00143","89.12752"
"142.00000","4.73339","3,523.58716","0.02242","0.00150","89.18306"
"142.10000","4.73660","3,525.06348","0.02244","0.00151","89.22043"
"142.20000","4.74011","3,526.97681","0.02245","0.00154","89.26886"
"142.30000","4.74340","3,527.85059","0.02249","0.00159","89.29097"
"142.40000","4.74661","3,529.60522","0.02250","0.00160","89.33538"
"142.50000","4.74990","3,530.92041","0.02253","0.00167","89.36867"
"142.60000","4.75327","3,532.48853","0.02251","0.00177","89.40836"
"142.70000","4.75670","3,534.24292","0.02254","0.00164","89.45277"
"142.80000","4.75992","3,535.57471","0.02255","0.00157","89.48647"
"142.90000","4.76336","3,537.37061","0.02258","0.00155","89.53193"
"143.00000","4.76679","3,538.68091","0.02257","0.00150","89.56509"
"143.10000","4.76986","3,539.96265","0.02261","0.00155","89.59753"
"143.20000","4.77330","3,541.63647","0.02258","0.00153","89.63990"
"143.30000","4.77666","3,543.28833","0.02264","0.00159","89.68171"
"143.40000","4.77987","3,545.61816","0.02262","0.00179","89.74068"
"143.50000","4.78339","3,546.96997","0.02266","0.00196","89.77489"
"143.60000","4.78675","3,547.94189","0.02267","0.00190","89.79949"
"143.70000","4.78996","3,549.77539","0.02270","0.00190","89.84589"
"143.80000","4.79333","3,551.36987","0.02272","0.00183","89.88625"
"143.90000","4.79661","3,552.50049","0.02272","0.00173","89.91487"
"144.00000","4.79998","3,553.36816","0.02276","0.00170","89.93683"
"144.10000","4.80319","3,554.44800","0.02280","0.00158","89.96416"
"144.20000","4.80663","3,556.48779","0.02277","0.00153","90.01579"
"144.30000","4.81007","3,558.44800","0.02277","0.00157","90.06540"
"144.40000","4.81328","3,560.04126","0.02283","0.00149","90.10573"
"144.50000","4.81672","3,561.34131","0.02284","0.00143","90.13863"
"144.60000","4.82001","3,562.01294","0.02285","0.00146","90.15563"
"144.70000","4.82322","3,563.97485","0.02287","0.00142","90.20529"
"144.80000","4.82666","3,565.93774","0.02289","0.00149","90.25497"
"144.90000","4.82995","3,567.98438","0.02290","0.00140","90.30677"
"145.00000","4.83331","3,569.17090","0.02292","0.00156","90.33680"
"145.10000","4.83667","3,570.86890","0.02292","0.00152","90.37978"
"145.20000","4.84004","3,571.81177","0.02296","0.00161","90.40364"
"145.30000","4.84332","3,574.03564","0.02294","0.00162","90.45993"
"145.40000","4.84654","3,575.15918","0.02295","0.00163","90.48837"
"145.50000","4.84998","3,576.70703","0.02296","0.00169","90.52754"
"145.60000","4.85341","3,579.36548","0.02298","0.00172","90.59483"
"145.70000","4.85655","3,578.82422","0.02300","0.00177","90.58113"
"145.80000","4.86007","3,580.66846","0.02302","0.00175","90.62781"
"145.90000","4.86343","3,582.28125","0.02303","0.00169","90.66862"
"146.00000","4.86649","3,583.93042","0.02304","0.00167","90.71037"
"146.10000","4.87001","3,585.97461","0.02306","0.00166","90.76211"
"146.20000","4.87329","3,587.20386","0.02310","0.00164","90.79322"
"146.30000","4.87666","3,588.86792","0.02310","0.00165","90.83534"
"146.40000","4.88002","3,590.24634","0.02311","0.00171","90.87022"
"146.50000","4.88338","3,591.75098","0.02314","0.00172","90.90831"
"146.60000","4.88667","3,593.86328","0.02313","0.00179","90.96178"
"146.70000","4.88989","3,594.55493","0.02314","0.00209","90.97928"
"146.80000","4.89332","3,596.68774","0.02316","0.00203","91.03326"
"146.90000","4.89661","3,598.48413","0.02319","0.00186","91.07873"
"147.00000","4.89990","3,599.19263","0.02322","0.00189","91.09666"
"147.10000","4.90341","3,601.01172","0.02321","0.00180","91.14270"
"147.20000","4.90678","3,602.87354","0.02325","0.00182","91.18983"
"147.30000","4.90991","3,604.17334","0.02328","0.00168","91.22272"
"147.40000","4.91335","3,605.34302","0.02328","0.00165","91.25233"
"147.50000","4.91672","3,606.80249","0.02331","0.00164","91.28927"
"147.60000","4.91986","3,607.74512","0.02332","0.00159","91.31313"
"147.70000","4.92329","3,610.07275","0.02334","0.00161","91.37204"
"147.80000","4.92673","3,611.60718","0.02334","0.00157","91.41087"
"147.90000","4.93002","3,613.30542","0.02336","0.00154","91.45386"
"148.00000","4.93331","3,614.02637","0.02339","0.00156","91.47211"
"148.10000","4.93675","3,616.19360","0.02342","0.00163","91.52696"
"148.20000","4.93996","3,617.83276","0.02342","0.00170","91.56845"
"148.30000","4.94317","3,618.30786","0.02344","0.00169","91.58047"
"148.40000","4.94661","3,621.42139","0.02344","0.00167","91.65928"
"148.50000","4.94997","3,622.10864","0.02344","0.00175","91.67667"
"148.60000","4.95326","3,623.19189","0.02347","0.00176","91.70409"
"148.70000","4.95662","3,625.17993","0.02347","0.00183","91.75441"
"148.80000","4.96014","3,627.02710","0.02351","0.00181","91.80116"
"148.90000","4.96328","3,628.58667","0.02351","0.00185","91.84063"
"149.00000","4.96664","3,630.38916","0.02354","0.00187","91.88625"
"149.10000","4.97000","3,632.13721","0.02353","0.00182","91.93050"
"149.20000","4.97322","3,632.71533","0.02356","0.00178","91.94513"
"149.30000","4.97666","3,634.73413","0.02356","0.00170","91.99622"
"149.40000","4.98009","3,636.22534","0.02359","0.00174","92.03397"
"149.50000","4.98331","3,637.36377","0.02359","0.00180","92.06278"
"149.60000","4.98659","3,638.99438","0.02361","0.00176","92.10406"
"149.70000","4.98996","3,641.09399","0.02364","0.00177","92.15720"
"149.80000","4.99332","3,642.88135","0.02363","0.00188","92.20244"
"149.90000","4.99661","3,643.89722","0.02363","0.00195","92.22815"
"150.00000","5.00005","3,644.94629","0.02368","0.00208","92.25470"
"150.10000","5.00348","3,646.94849","0.02370","0.00196","92.30537"
"150.20000","5.00662","3,648.97852","0.02370","0.00192","92.35676"
"150.30000","5.00999","3,649.22168","0.02372","0.00188","92.36292"
"150.40000","5.01343","3,651.13208","0.02375","0.00185","92.41126"
"150.50000","5.01649","3,651.74536","0.02376","0.00178","92.42679"
"150.60000","5.02000","3,654.30640","0.02379","0.00177","92.49161"
"150.70000","5.02344","3,656.38574","0.02379","0.00172","92.54424"
"150.80000","5.02658","3,657.68823","0.02379","0.00171","92.57720"
"150.90000","5.03002","3,658.45923","0.02382","0.00168","92.59672"
"151.00000","5.03338","3,660.14941","0.02384","0.00168","92.63950"
"151.10000","5.03659","3,661.76294","0.02389","0.00164","92.68034"
"151.20000","5.03988","3,662.28931","0.02389","0.00158","92.69366"
"151.30000","5.04332","3,664.83789","0.02392","0.00168","92.75816"
"151.40000","5.04668","3,666.34204","0.02390","0.00175","92.79623"
"151.50000","5.04990","3,667.42676","0.02392","0.00184","92.82368"
"151.60000","5.05333","3,669.09326","0.02394","0.00186","92.86587"
"151.70000","5.05677","3,670.58032","0.02397","0.00182","92.90350"
"151.80000","5.05984","3,670.72681","0.02394","0.00184","92.90721"
"151.90000","5.06335","3,672.85547","0.02399","0.00191","92.96109"
"152.00000","5.06671","3,674.82935","0.02399","0.00189","93.01105"
"152.10000","5.06993","3,676.28271","0.02398","0.00196","93.04784"
"152.20000","5.07336","3,677.73511","0.02402","0.00191","93.08459"
"152.30000","5.07673","3,678.66650","0.02401","0.00189","93.10817"
"152.40000","5.08009","3,681.39258","0.02405","0.00192","93.17717"
"152.50000","5.08330","3,681.98975","0.02405","0.00186","93.19228"
"152.60000","5.08659","3,683.87891","0.02408","0.00184","93.24010"
"152.70000","5.08996","3,684.59863","0.02409","0.00186","93.25832"
"152.80000","5.09324","3,685.78369","0.02410","0.00185","93.28831"
"152.90000","5.09668","3,688.69263","0.02412","0.00182","93.36193"
"153.00000","5.10012","3,689.48950","0.02414","0.00192","93.38210"
"153.10000","5.10326","3,691.32349","0.02412","0.00215","93.42852"
"153.20000","5.10662","3,692.25928","0.02416","0.00206","93.45221"
"153.30000","5.10999","3,694.26953","0.02421","0.00207","93.50309"
"153.40000","5.11320","3,695.23193","0.02420","0.00206","93.52744"
"153.50000","5.11671","3,697.10596","0.02421","0.00197","93.57487"
"153.60000","5.12000","3,698.71899","0.02426","0.00186","93.61570"
"153.70000","5.12336","3,699.51343","0.02428","0.00191","93.63581"
"153.80000","5.12665","3,701.96069","0.02429","0.00188","93.69775"
"153.90000","5.12994","3,703.35400","0.02431","0.00188","93.73302"
"154.00000","5.13330","3,703.98389","0.02431","0.00178","93.74896"
"154.10000","5.13644","3,705.68555","0.02432","0.00181","93.79203"
"154.20000","5.14003","3,707.13843","0.02439","0.00183","93.82880"
"154.30000","5.14347","3,709.60156","0.02437","0.00177","93.89114"
"154.40000","5.14661","3,710.67163","0.02437","0.00167","93.91823"
"154.50000","5.15004","3,712.11499","0.02439","0.00177","93.95476"
"154.60000","5.15341","3,713.40332","0.02440","0.00191","93.98737"
"154.70000","5.15662","3,714.88525","0.02442","0.00196","94.02488"
"154.80000","5.15998","3,716.64429","0.02443","0.00193","94.06940"
"154.90000","5.16335","3,718.07690","0.02444","0.00190","94.10566"
"155.00000","5.16664","3,719.85059","0.02446","0.00195","94.15055"
"155.10000","5.17000","3,721.47119","0.02451","0.00201","94.19157"
"155.20000","5.17344","3,722.89502","0.02450","0.00200","94.22761"
"155.30000","5.17673","3,724.78320","0.02452","0.00199","94.27540"
"155.40000","5.17979","3,725.46826","0.02451","0.00196","94.29273"
"155.50000","5.18330","3,727.51196","0.02451","0.00203","94.34446"
"155.60000","5.18674","3,728.73438","0.02454","0.00195","94.37540"
"155.70000","5.18988","3,729.97998","0.02459","0.00197","94.40693"
"155.80000","5.19339","3,731.54126","0.02458","0.00197","94.44644"
"155.90000","5.19675","3,733.20850","0.02460","0.00204","94.48864"
"156.00000","5.19989","3,734.73804","0.02460","0.00200","94.52736"
"156.10000","5.20333","3,736.39844","0.02463","0.00200","94.56938"
"156.20000","5.20669","3,736.94629","0.02465","0.00204","94.58324"
"156.30000","5.20991","3,738.93896","0.02465","0.00205","94.63368"
"156.40000","5.21327","3,740.39966","0.02468","0.00215","94.67065"
"156.50000","5.21671","3,742.20239","0.02469","0.00208","94.71628"
"156.60000","5.22007","3,744.67920","0.02471","0.00213","94.77897"
"156.70000","5.22329","3,744.59839","0.02473","0.00206","94.77692"
"156.80000","5.22672","3,746.21680","0.02474","0.00202","94.81789"
"156.90000","5.23001","3,747.29517","0.02477","0.00193","94.84518"
"157.00000","5.23323","3,749.23022","0.02479","0.00193","94.89416"
"157.10000","5.23674","3,750.51489","0.02479","0.00197","94.92667"
"157.20000","5.24010","3,752.04858","0.02481","0.00190","94.96549"
"157.30000","5.24332","3,753.73853","0.02485","0.00191","95.00826"
"157.40000","5.24675","3,754.46338","0.02484","0.00188","95.02661"
"157.50000","5.25012","3,756.44409","0.02488","0.00182","95.07674"
"157.60000","5.25326","3,757.90234","0.02488","0.00185","95.11366"
"157.70000","5.25662","3,758.82910","0.02491","0.00192","95.13711"
"157.80000","5.26006","3,760.46851","0.02492","0.00201","95.17860"
"157.90000","5.26335","3,762.22949","0.02493","0.00203","95.22318"
"158.00000","5.26663","3,763.14819","0.02495","0.00208","95.24643"
"158.10000","5.27007","3,765.20117","0.02497","0.00209","95.29839"
"158.20000","5.27329","3,766.09497","0.02497","0.00205","95.32101"
"158.30000","5.27657","3,767.90845","0.02498","0.00202","95.36691"
"158.40000","5.28001","3,769.94946","0.02499","0.00207","95.41857"
"158.50000","5.28337","3,770.85620","0.02501","0.00219","95.44152"
"158.60000","5.28666","3,771.72168","0.02502","0.00211","95.46342"
"158.70000","5.29010","3,773.23877","0.02505","0.00215","95.50182"
"158.80000","5.29346","3,775.05469","0.02505","0.00213","95.54778"
"158.90000","5.29653","3,775.99121","0.02509","0.00202","95.57149"
"159.00000","5.29997","3,777.26147","0.02510","0.00206","95.60364"
"159.10000","5.30340","3,778.60229","0.02513","0.00211","95.63757"
"159.20000","5.30654","3,780.86938","0.02513","0.00206","95.69495"
"159.30000","5.30998","3,781.86963","0.02514","0.00213","95.72027"
"159.40000","5.31342","3,783.21997","0.02515","0.00206","95.75445"
"159.50000","5.31663","3,784.89746","0.02515","0.00235","95.79691"
"159.60000","5.31992","3,786.18799","0.02518","0.00227","95.82957"
"159.70000","5.32336","3,788.01904","0.02520","0.00216","95.87592"
"159.80000","5.32665","3,788.44580","0.02520","0.00212","95.88672"
"159.90000","5.32986","3,789.54565","0.02523","0.00216","95.91455"
"160.00000","5.33330","3,791.21631","0.02522","0.00211","95.95684"
"160.10000","5.33681","3,791.87476","0.02522","0.00202","95.97350"
"160.19600","5.33988","3,407.06641","0.02521","0.00204","86.23389"
"160.20000","5.34010","3,046.77295","0.02521","0.00204","77.11475"
"160.20400","5.34025","2,636.63525","0.02521","0.00204","66.73404"
"160.20800","5.34040","2,215.23486","0.02521","0.00204","56.06827"
