Modulus (Segment 0.001 mm/mm - 0.008 mm/mm) : Modulus (Segment 0.001 mm/mm - 0.008 mm/mm),"5,995.46778",MPa
Poisson's ratio (Least squares fit) : Poisson's ratio (Least squares fit),"0.52417"
Specimen properties : Gauge length,"15.03000",mm
Specimen properties : Gauge length transverse,"4.09800",mm
Specimen properties : Thickness,"2.56000",mm
Specimen properties : Width,"15.10000",mm

Time,Extension,Load,Video axial strain,Video transverse strain,Calculated Stress
(s),(mm),(N),(mm/mm),(mm/mm),(MPa)
"0.00000","0.03998","19.49748","-0.00005","0.00010","0.50438"
"0.10000","0.04088","20.21747","0.00000","-0.00004","0.52301"
"0.20000","0.04507","24.68287","0.00003","0.00009","0.63853"
"0.30000","0.04963","33.43940","-0.00011","-0.00012","0.86505"
"0.40000","0.05336","40.38496","-0.00008","-0.00013","1.04473"
"0.50000","0.05658","46.37883","-0.00013","-0.00009","1.19978"
"0.60000","0.06001","51.99567","-0.00015","-0.00028","1.34509"
"0.70000","0.06338","57.34374","-0.00002","-0.00042","1.48344"
"0.80000","0.06667","63.90017","-0.00004","-0.00054","1.65305"
"0.90000","0.06995","67.71849","0.00002","-0.00085","1.75182"
"1.00000","0.07332","73.22975","0.00002","-0.00125","1.89440"
"1.10000","0.07675","79.86448","0.00002","-0.00111","2.06603"
"1.20000","0.07989","84.90755","0.00000","-0.00134","2.19649"
"1.30000","0.08333","90.45834","-0.00001","-0.00153","2.34009"
"1.40000","0.08677","96.66789","0.00004","-0.00155","2.50072"
"1.50000","0.08983","101.49448","0.00005","-0.00157","2.62558"
"1.60000","0.09335","106.71172","0.00009","-0.00175","2.76055"
"1.70000","0.09678","113.04489","0.00007","0.00260","2.92438"
"1.80000","0.09992","117.60814","0.00008","0.00257","3.04243"
"1.90000","0.10344","123.72327","0.00009","0.00253","3.20062"
"2.00000","0.10672","129.25620","0.00013","0.00240","3.34376"
"2.10000","0.10994","134.44633","0.00015","0.00206","3.47802"
"2.20000","0.11323","139.90776","0.00018","0.00202","3.61930"
"2.30000","0.11666","145.62741","0.00019","0.00195","3.76727"
"2.40000","0.12003","151.13519","0.00022","0.00180","3.90975"
"2.50000","0.12324","156.26218","0.00030","0.00173","4.04238"
"2.60000","0.12675","161.59995","0.00032","0.00152","4.18046"
"2.70000","0.13012","167.30861","0.00041","0.00114","4.32814"
"2.80000","0.13318","172.52252","0.00043","0.00133","4.46302"
"2.90000","0.13669","177.70178","0.00047","0.00171","4.59700"
"3.00000","0.14006","183.10286","0.00041","0.00199","4.73673"
"3.10000","0.14320","187.75267","0.00028","0.00186","4.85701"
"3.20000","0.14678","193.46411","0.00045","0.00198","5.00476"
"3.30000","0.15015","198.63707","0.00033","0.00200","5.13858"
"3.40000","0.15329","204.24901","0.00043","0.00176","5.28376"
"3.50000","0.15665","209.26602","0.00044","0.00170","5.41355"
"3.60000","0.15994","214.79886","0.00038","0.00124","5.55668"
"3.70000","0.16330","219.78391","0.00036","0.00082","5.68564"
"3.80000","0.16659","224.83130","0.00052","0.00036","5.81621"
"3.90000","0.17003","230.92784","0.00040","-0.00011","5.97392"
"4.00000","0.17346","236.62195","0.00039","-0.00031","6.12122"
"4.10000","0.17653","240.71422","0.00041","-0.00048","6.22709"
"4.20000","0.18004","247.38339","0.00040","-0.00097","6.39961"
"4.30000","0.18340","252.20900","0.00041","-0.00107","6.52445"
"4.40000","0.18654","257.03964","0.00043","-0.00114","6.64941"
"4.50000","0.19006","262.47433","0.00044","-0.00128","6.79000"
"4.60000","0.19342","267.25406","0.00043","-0.00142","6.91365"
"4.70000","0.19663","272.76819","0.00050","-0.00151","7.05630"
"4.80000","0.20007","278.49548","0.00047","-0.00142","7.20446"
"4.90000","0.20336","282.72787","0.00048","-0.00055","7.31395"
"5.00000","0.20665","289.10849","0.00052","0.00289","7.47901"
"5.10000","0.20994","293.61902","0.00053","0.00274","7.59569"
"5.20000","0.21337","299.41434","0.00056","0.00251","7.74561"
"5.30000","0.21674","304.18698","0.00059","0.00245","7.86908"
"5.40000","0.21995","309.69995","0.00057","0.00227","8.01169"
"5.50000","0.22339","313.88187","0.00060","0.00232","8.11987"
"5.60000","0.22675","318.80466","0.00063","0.00220","8.24722"
"5.70000","0.22989","323.80435","0.00065","0.00198","8.37656"
"5.80000","0.23333","328.63358","0.00068","0.00128","8.50149"
"5.90000","0.23662","334.52042","0.00068","0.00143","8.65378"
"6.00000","0.23998","339.66687","0.00070","0.00137","8.78691"
"6.10000","0.24334","344.61475","0.00083","0.00138","8.91491"
"6.20000","0.24671","350.04773","0.00079","0.00130","9.05546"
"6.30000","0.24999","353.99579","0.00069","0.00179","9.15759"
"6.40000","0.25321","359.56909","0.00078","0.00185","9.30177"
"6.50000","0.25665","364.68164","0.00093","0.00217","9.43402"
"6.60000","0.26001","369.84763","0.00095","0.00180","9.56766"
"6.70000","0.26322","374.09000","0.00099","0.00157","9.67741"
"6.80000","0.26674","379.49216","0.00088","0.00131","9.81716"
"6.90000","0.27010","384.40143","0.00090","0.00123","9.94416"
"7.00000","0.27331","389.02563","0.00096","0.00133","10.06378"
"7.10000","0.27668","394.11914","0.00090","0.00109","10.19555"
"7.20000","0.28004","398.87399","0.00091","0.00078","10.31855"
"7.30000","0.28325","403.48621","0.00092","0.00055","10.43787"
"7.40000","0.28662","409.07455","0.00092","0.00033","10.58243"
"7.50000","0.29005","413.45642","0.00092","-0.00067","10.69579"
"7.60000","0.29334","418.39453","0.00092","-0.00102","10.82353"
"7.70000","0.29663","423.47229","0.00094","-0.00095","10.95489"
"7.80000","0.29999","428.62375","0.00096","-0.00117","11.08816"
"7.90000","0.30328","432.98657","0.00095","-0.00122","11.20102"
"8.00000","0.30650","437.94308","0.00096","-0.00127","11.32924"
"8.10000","0.31001","443.19058","0.00098","-0.00143","11.46499"
"8.20000","0.31337","448.04449","0.00102","-0.00149","11.59056"
"8.30000","0.31659","452.74640","0.00102","0.00144","11.71219"
"8.40000","0.32002","457.38467","0.00102","0.00270","11.83218"
"8.50000","0.32339","462.02014","0.00108","0.00259","11.95209"
"8.60000","0.32660","466.30670","0.00107","0.00246","12.06298"
"8.70000","0.32996","471.71512","0.00107","0.00239","12.20290"
"8.80000","0.33340","476.45258","0.00101","0.00227","12.32545"
"8.90000","0.33661","481.23645","0.00105","0.00178","12.44920"
"9.00000","0.33998","484.98502","0.00118","0.00173","12.54618"
"9.10000","0.34349","490.79373","0.00120","0.00168","12.69644"
"9.20000","0.34663","494.85745","0.00110","0.00143","12.80157"
"9.30000","0.34992","499.48917","0.00111","0.00108","12.92139"
"9.40000","0.35336","504.40231","0.00114","0.00130","13.04849"
"9.50000","0.35672","508.85440","0.00114","0.00179","13.16366"
"9.60000","0.35993","513.91888","0.00123","0.00185","13.29467"
"9.70000","0.36337","518.45630","0.00122","0.00178","13.41205"
"9.80000","0.36681","523.32257","0.00134","0.00179","13.53794"
"9.90000","0.36987","527.79095","0.00138","0.00172","13.65353"
"10.00000","0.37331","531.30829","0.00152","0.00053","13.74452"
"10.10000","0.37667","536.38318","0.00154","0.00099","13.87581"
"10.20000","0.37989","541.05579","0.00154","0.00099","13.99668"
"10.30000","0.38333","545.33917","0.00153","0.00138","14.10749"
"10.40000","0.38684","550.42456","0.00149","0.00098","14.23905"
"10.50000","0.38998","554.02710","0.00148","0.00021","14.33224"
"10.60000","0.39334","558.29388","0.00143","0.00083","14.44262"
"10.70000","0.39670","563.05530","0.00145","0.00022","14.56579"
"10.80000","0.39999","567.58044","0.00148","-0.00047","14.68285"
"10.90000","0.40328","571.72668","0.00145","-0.00112","14.79012"
"11.00000","0.40664","575.64026","0.00147","-0.00090","14.89136"
"11.10000","0.41016","581.27704","0.00145","-0.00113","15.03718"
"11.20000","0.41322","584.25732","0.00145","-0.00116","15.11427"
"11.30000","0.41673","589.42010","0.00145","-0.00118","15.24783"
"11.40000","0.42017","594.20142","0.00152","-0.00141","15.37152"
"11.50000","0.42316","597.79852","0.00151","0.00135","15.46457"
"11.60000","0.42667","602.90179","0.00152","0.00290","15.59659"
"11.70000","0.43011","606.42755","0.00157","0.00291","15.68780"
"11.80000","0.43325","610.78949","0.00156","0.00272","15.80064"
"11.90000","0.43669","616.11230","0.00159","0.00246","15.93834"
"12.00000","0.44005","619.95013","0.00159","0.00223","16.03762"
"12.10000","0.44334","623.97699","0.00152","0.00216","16.14179"
"12.20000","0.44655","627.31708","0.00154","0.00209","16.22820"
"12.30000","0.44992","632.71497","0.00153","0.00175","16.36783"
"12.40000","0.45343","636.96411","0.00157","0.00139","16.47775"
"12.50000","0.45657","640.72449","0.00155","0.00172","16.57503"
"12.60000","0.46001","645.78967","0.00159","0.00114","16.70607"
"12.70000","0.46344","649.61517","0.00166","0.00163","16.80503"
"12.80000","0.46651","653.77161","0.00164","0.00175","16.91255"
"12.90000","0.47002","657.88159","0.00172","0.00180","17.01887"
"13.00000","0.47338","662.63800","0.00174","0.00160","17.14192"
"13.10000","0.47660","666.79309","0.00179","0.00191","17.24941"
"13.20000","0.48011","671.58240","0.00183","0.00150","17.37330"
"13.30000","0.48340","675.54382","0.00194","0.00147","17.47578"
"13.40000","0.48669","680.38708","0.00202","0.00136","17.60107"
"13.50000","0.48998","683.53046","0.00200","0.00124","17.68239"
"13.60000","0.49326","687.88202","0.00205","0.00112","17.79496"
"13.70000","0.49670","692.53717","0.00210","0.00128","17.91539"
"13.80000","0.49992","695.98926","0.00206","0.00100","18.00469"
"13.90000","0.50335","700.56714","0.00200","0.00056","18.12312"
"14.00000","0.50679","705.67389","0.00199","0.00035","18.25522"
"14.10000","0.50993","708.87799","0.00201","-0.00058","18.33811"
"14.20000","0.51337","712.67609","0.00199","-0.00086","18.43636"
"14.30000","0.51673","717.43292","0.00198","-0.00089","18.55942"
"14.40000","0.51987","721.29248","0.00201","-0.00016","18.65926"
"14.50000","0.52338","726.42297","0.00202","-0.00098","18.79198"
"14.60000","0.52667","729.33563","0.00201","-0.00123","18.86733"
"14.70000","0.52996","733.58691","0.00204","0.00077","18.97731"
"14.80000","0.53332","737.50464","0.00202","0.00300","19.07866"
"14.90000","0.53669","742.47302","0.00207","0.00284","19.20719"
"15.00000","0.54005","745.94641","0.00210","0.00282","19.29704"
"15.10000","0.54319","749.99231","0.00195","0.00271","19.40170"
"15.20000","0.54663","753.98108","0.00207","0.00241","19.50489"
"15.30000","0.55006","757.80902","0.00204","0.00218","19.60392"
"15.40000","0.55320","761.74896","0.00200","0.00222","19.70584"
"15.50000","0.55679","766.83069","0.00201","0.00206","19.83730"
"15.60000","0.56015","770.23657","0.00207","0.00162","19.92541"
"15.70000","0.56322","773.94434","0.00205","0.00152","20.02132"
"15.80000","0.56673","778.47614","0.00212","0.00158","20.13856"
"15.90000","0.57002","782.33929","0.00217","0.00128","20.23849"
"16.00000","0.57331","786.63544","0.00223","0.00211","20.34963"
"16.10000","0.57667","789.45129","0.00228","0.00165","20.42248"
"16.20000","0.58003","793.55518","0.00230","0.00186","20.52864"
"16.30000","0.58340","798.71204","0.00230","0.00163","20.66205"
"16.40000","0.58654","802.44073","0.00238","0.00173","20.75850"
"16.50000","0.58997","806.65851","0.00243","0.00187","20.86761"
"16.60000","0.59334","810.20941","0.00245","0.00139","20.95947"
"16.70000","0.59648","814.12103","0.00249","0.00118","21.06066"
"16.80000","0.60006","817.40192","0.00253","0.00154","21.14554"
"16.90000","0.60343","822.04810","0.00255","0.00126","21.26573"
"17.00000","0.60664","825.25311","0.00260","0.00108","21.34864"
"17.10000","0.61000","829.62402","0.00256","0.00074","21.46171"
"17.20000","0.61329","833.18317","0.00259","0.00019","21.55379"
"17.30000","0.61658","837.25092","0.00259","-0.00042","21.65902"
"17.40000","0.61994","841.02863","0.00257","-0.00070","21.75674"
"17.50000","0.62338","845.12720","0.00261","0.00007","21.86277"
"17.60000","0.62674","849.94025","0.00258","0.00002","21.98728"
"17.70000","0.62996","853.43579","0.00258","0.00005","22.07771"
"17.80000","0.63347","857.26575","0.00255","-0.00024","22.17678"
"17.90000","0.63668","861.26392","0.00257","-0.00115","22.28021"
"18.00000","0.63982","864.41656","0.00243","0.00166","22.36177"
"18.10000","0.64341","868.55225","0.00242","0.00298","22.46876"
"18.20000","0.64670","872.82880","0.00256","0.00304","22.57939"
"18.30000","0.64999","876.19556","0.00243","0.00304","22.66648"
"18.40000","0.65335","881.28345","0.00246","0.00273","22.79810"
"18.50000","0.65679","883.87225","0.00248","0.00248","22.86507"
"18.60000","0.65993","888.06683","0.00250","0.00241","22.97358"
"18.70000","0.66329","891.79828","0.00249","0.00229","23.07011"
"18.80000","0.66673","895.08466","0.00252","0.00210","23.15513"
"18.90000","0.66994","899.60211","0.00256","0.00199","23.27199"
"19.00000","0.67330","903.27765","0.00260","0.00164","23.36707"
"19.10000","0.67674","906.54401","0.00272","0.00206","23.45157"
"19.20000","0.68003","910.98969","0.00274","0.00167","23.56658"
"19.30000","0.68324","913.71387","0.00279","0.00196","23.63705"
"19.40000","0.68668","918.12939","0.00278","0.00248","23.75128"
"19.50000","0.68997","922.07373","0.00282","0.00211","23.85332"
"19.60000","0.69326","926.24548","0.00285","0.00189","23.96124"
"19.70000","0.69670","929.85510","0.00287","0.00168","24.05461"
"19.80000","0.70021","933.81360","0.00293","0.00168","24.15701"
"19.90000","0.70327","937.29663","0.00291","0.00144","24.24712"
"20.00000","0.70664","941.56537","0.00300","0.00154","24.35755"
"20.10000","0.71008","944.74115","0.00299","0.00155","24.43970"
"20.20000","0.71321","949.18152","0.00299","0.00148","24.55457"
"20.30000","0.71665","951.92102","0.00313","0.00154","24.62544"
"20.40000","0.72009","956.22211","0.00311","0.00114","24.73671"
"20.50000","0.72330","960.66595","0.00313","0.00075","24.85167"
"20.60000","0.72674","963.30505","0.00317","0.00039","24.91994"
"20.70000","0.73003","967.73560","0.00320","-0.00018","25.03455"
"20.80000","0.73332","971.66357","0.00311","0.00029","25.13616"
"20.90000","0.73653","975.26459","0.00308","0.00016","25.22932"
"21.00000","0.73997","978.91138","0.00314","-0.00098","25.32366"
"21.10000","0.74348","982.36908","0.00298","-0.00095","25.41311"
"21.20000","0.74662","986.85956","0.00308","0.00381","25.52927"
"21.30000","0.75006","989.61407","0.00298","0.00337","25.60053"
"21.40000","0.75342","993.59711","0.00298","0.00323","25.70357"
"21.50000","0.75656","997.11401","0.00303","0.00280","25.79455"
"21.60000","0.76000","1,000.37976","0.00300","0.00286","25.87903"
"21.70000","0.76336","1,003.95074","0.00303","0.00278","25.97141"
"21.80000","0.76658","1,008.17859","0.00311","0.00271","26.08078"
"21.90000","0.77001","1,011.67859","0.00308","0.00242","26.17132"
"22.00000","0.77338","1,015.37762","0.00315","0.00239","26.26701"
"22.10000","0.77674","1,018.27875","0.00316","0.00202","26.34206"
"22.20000","0.77995","1,023.56915","0.00331","0.00225","26.47892"
"22.30000","0.78332","1,026.02454","0.00329","0.00174","26.54244"
"22.40000","0.78668","1,029.67407","0.00327","0.00174","26.63685"
"22.50000","0.78989","1,033.10352","0.00332","0.00206","26.72557"
"22.60000","0.79333","1,036.24207","0.00332","0.00237","26.80676"
"22.70000","0.79684","1,040.63245","0.00336","0.00213","26.92033"
"22.80000","0.79991","1,044.65247","0.00340","0.00191","27.02433"
"22.90000","0.80335","1,047.42786","0.00344","0.00183","27.09613"
"23.00000","0.80671","1,052.32275","0.00341","0.00189","27.22275"
"23.10000","0.80985","1,055.26392","0.00347","0.00137","27.29884"
"23.20000","0.81336","1,058.69910","0.00350","0.00167","27.38770"
"23.30000","0.81665","1,062.81458","0.00349","0.00149","27.49417"
"23.40000","0.82001","1,066.33435","0.00356","0.00157","27.58522"
"23.50000","0.82338","1,069.05981","0.00354","0.00151","27.65573"
"23.60000","0.82666","1,073.03687","0.00357","0.00118","27.75861"
"23.70000","0.83010","1,077.25574","0.00359","0.00089","27.86775"
"23.80000","0.83317","1,080.06714","0.00361","0.00075","27.94048"
"23.90000","0.83668","1,083.76392","0.00367","0.00056","28.03611"
"24.00000","0.84012","1,087.80920","0.00357","0.00048","28.14076"
"24.10000","0.84326","1,091.72937","0.00355","-0.00071","28.24217"
"24.20000","0.84677","1,095.13342","0.00355","-0.00070","28.33023"
"24.30000","0.85006","1,098.49158","0.00356","-0.00089","28.41710"
"24.40000","0.85327","1,101.22156","0.00360","-0.00077","28.48773"
"24.50000","0.85663","1,105.42725","0.00373","0.00346","28.59653"
"24.60000","0.85992","1,108.50037","0.00352","0.00326","28.67602"
"24.70000","0.86329","1,112.20190","0.00356","0.00321","28.77178"
"24.80000","0.86665","1,115.93457","0.00357","0.00297","28.86834"
"24.90000","0.87001","1,118.93201","0.00352","0.00270","28.94588"
"25.00000","0.87345","1,122.45825","0.00362","0.00283","29.03710"
"25.10000","0.87651","1,125.73621","0.00363","0.00278","29.12190"
"25.20000","0.87995","1,129.24866","0.00367","0.00246","29.21276"
"25.30000","0.88339","1,133.52356","0.00371","0.00242","29.32335"
"25.40000","0.88653","1,137.06323","0.00368","0.00203","29.41492"
"25.50000","0.89004","1,140.66443","0.00381","0.00229","29.50808"
"25.60000","0.89348","1,142.99048","0.00378","0.00218","29.56825"
"25.70000","0.89662","1,147.02295","0.00381","0.00241","29.67257"
"25.80000","0.90006","1,150.42346","0.00382","0.00241","29.76054"
"25.90000","0.90334","1,153.36145","0.00384","0.00240","29.83654"
"26.00000","0.90663","1,156.40344","0.00385","0.00238","29.91524"
"26.10000","0.90992","1,160.75195","0.00388","0.00215","30.02773"
"26.20000","0.91336","1,163.65076","0.00385","0.00194","30.10272"
"26.30000","0.91680","1,166.78760","0.00388","0.00208","30.18387"
"26.40000","0.91994","1,170.32678","0.00397","0.00196","30.27542"
"26.50000","0.92337","1,174.36206","0.00398","0.00194","30.37981"
"26.60000","0.92674","1,178.00452","0.00403","0.00178","30.47404"
"26.70000","0.92988","1,180.85999","0.00405","0.00153","30.54791"
"26.80000","0.93339","1,184.27185","0.00405","0.00136","30.63617"
"26.90000","0.93683","1,186.49426","0.00410","0.00108","30.69366"
"27.00000","0.93997","1,190.86182","0.00401","0.00071","30.80665"
"27.10000","0.94340","1,193.69763","0.00398","0.00075","30.88001"
"27.20000","0.94677","1,197.17590","0.00403","0.00058","30.96999"
"27.30000","0.94998","1,200.28992","0.00402","0.00056","31.05055"
"27.40000","0.95327","1,203.49841","0.00404","0.00043","31.13355"
"27.50000","0.95671","1,207.70117","0.00407","0.00020","31.24227"
"27.60000","0.96000","1,210.28564","0.00406","0.00280","31.30913"
"27.70000","0.96328","1,214.24670","0.00414","0.00348","31.41160"
"27.80000","0.96672","1,217.74133","0.00408","0.00358","31.50200"
"27.90000","0.97001","1,220.96423","0.00414","0.00326","31.58537"
"28.00000","0.97322","1,223.81360","0.00416","0.00335","31.65908"
"28.10000","0.97666","1,227.93030","0.00418","0.00299","31.76558"
"28.20000","0.98002","1,230.55884","0.00414","0.00304","31.83358"
"28.30000","0.98331","1,233.41687","0.00427","0.00288","31.90751"
"28.40000","0.98675","1,237.66797","0.00425","0.00241","32.01749"
"28.50000","0.99019","1,240.08484","0.00430","0.00243","32.08001"
"28.60000","0.99325","1,243.06897","0.00425","0.00228","32.15721"
"28.70000","0.99662","1,246.59338","0.00430","0.00258","32.24838"
"28.80000","1.00005","1,249.85059","0.00435","0.00240","32.33264"
"28.90000","1.00327","1,252.87305","0.00428","0.00222","32.41083"
"29.00000","1.00671","1,256.35046","0.00435","0.00248","32.50079"
"29.10000","1.01007","1,259.04382","0.00438","0.00250","32.57046"
"29.20000","1.01336","1,262.54407","0.00435","0.00247","32.66101"
"29.30000","1.01657","1,265.27893","0.00439","0.00239","32.73176"
"29.40000","1.02001","1,268.54382","0.00438","0.00236","32.81622"
"29.50000","1.02337","1,271.92175","0.00444","0.00208","32.90361"
"29.60000","1.02651","1,274.80420","0.00440","0.00187","32.97817"
"29.70000","1.02995","1,277.97961","0.00448","0.00206","33.06032"
"29.80000","1.03346","1,281.73499","0.00450","0.00171","33.15747"
"29.90000","1.03660","1,284.95312","0.00448","0.00200","33.24072"
"30.00000","1.03996","1,288.25586","0.00444","0.00201","33.32616"
"30.10000","1.04340","1,291.26184","0.00449","0.00091","33.40392"
"30.20000","1.04654","1,294.35010","0.00450","0.00108","33.48381"
"30.30000","1.04998","1,297.57129","0.00450","0.00089","33.56714"
"30.40000","1.05342","1,301.18921","0.00449","0.00093","33.66073"
"30.50000","1.05670","1,303.75244","0.00447","-0.00009","33.72704"
"30.60000","1.06007","1,306.97522","0.00457","0.00025","33.81041"
"30.70000","1.06343","1,310.41016","0.00454","-0.00045","33.89927"
"30.80000","1.06672","1,313.67273","0.00450","-0.00054","33.98367"
"30.90000","1.06993","1,316.62708","0.00459","0.00424","34.06010"
"31.00000","1.07330","1,320.43933","0.00471","0.00366","34.15871"
"31.10000","1.07681","1,323.70227","0.00464","0.00375","34.24313"
"31.20000","1.07995","1,326.68469","0.00473","0.00351","34.32028"
"31.30000","1.08339","1,329.62292","0.00474","0.00338","34.39629"
"31.40000","1.08675","1,332.94287","0.00474","0.00318","34.48217"
"31.50000","1.08989","1,335.76807","0.00482","0.00291","34.55526"
"31.60000","1.09333","1,338.63049","0.00480","0.00261","34.62931"
"31.70000","1.09669","1,342.55017","0.00475","0.00271","34.73071"
"31.80000","1.09990","1,345.78247","0.00470","0.00275","34.81432"
"31.90000","1.10334","1,348.54529","0.00471","0.00283","34.88580"
"32.00000","1.10670","1,352.04602","0.00482","0.00225","34.97636"
"32.10000","1.11007","1,354.46362","0.00486","0.00252","35.03890"
"32.20000","1.11328","1,358.07642","0.00483","0.00268","35.13236"
"32.30000","1.11657","1,361.05469","0.00483","0.00263","35.20940"
"32.40000","1.12001","1,364.62268","0.00483","0.00268","35.30170"
"32.50000","1.12322","1,366.54187","0.00485","0.00285","35.35135"
"32.60000","1.12666","1,370.68945","0.00485","0.00269","35.45865"
"32.70000","1.13017","1,373.79199","0.00487","0.00228","35.53891"
"32.80000","1.13324","1,376.37402","0.00489","0.00229","35.60570"
"32.90000","1.13675","1,379.40479","0.00495","0.00238","35.68410"
"33.00000","1.14004","1,383.04224","0.00495","0.00249","35.77820"
"33.10000","1.14325","1,385.76038","0.00496","0.00226","35.84852"
"33.20000","1.14669","1,387.86914","0.00491","0.00185","35.90307"
"33.30000","1.15005","1,391.40845","0.00490","0.00171","35.99463"
"33.40000","1.15341","1,394.97815","0.00495","0.00138","36.08698"
"33.50000","1.15670","1,397.97400","0.00489","0.00118","36.16447"
"33.60000","1.15999","1,400.40222","0.00493","0.00128","36.22729"
"33.70000","1.16343","1,404.14746","0.00498","0.00096","36.32418"
"33.80000","1.16657","1,406.46143","0.00497","0.00082","36.38404"
"33.90000","1.17001","1,409.63403","0.00511","0.00025","36.46611"
"34.00000","1.17344","1,412.94067","0.00511","0.00006","36.55165"
"34.10000","1.17658","1,415.64294","0.00524","0.00317","36.62156"
"34.20000","1.18010","1,418.92383","0.00523","0.00391","36.70643"
"34.30000","1.18346","1,421.31921","0.00520","0.00385","36.76840"
"34.40000","1.18660","1,424.77222","0.00529","0.00381","36.85772"
"34.50000","1.18996","1,427.05493","0.00529","0.00360","36.91678"
"34.60000","1.19332","1,430.17651","0.00531","0.00350","36.99753"
"34.70000","1.19669","1,433.66333","0.00533","0.00331","37.08773"
"34.80000","1.19998","1,436.15845","0.00532","0.00292","37.15228"
"34.90000","1.20341","1,438.92249","0.00528","0.00298","37.22378"
"35.00000","1.20678","1,442.10803","0.00531","0.00273","37.30619"
"35.10000","1.20992","1,445.07471","0.00530","0.00290","37.38293"
"35.20000","1.21335","1,448.32947","0.00530","0.00327","37.46713"
"35.30000","1.21679","1,451.68738","0.00533","0.00311","37.55400"
"35.40000","1.21986","1,453.60217","0.00525","0.00296","37.60353"
"35.50000","1.22344","1,456.78491","0.00530","0.00291","37.68587"
"35.60000","1.22681","1,460.42603","0.00536","0.00278","37.78006"
"35.70000","1.22994","1,463.11646","0.00540","0.00264","37.84966"
"35.80000","1.23331","1,465.82849","0.00535","0.00285","37.91982"
"35.90000","1.23660","1,468.50891","0.00540","0.00256","37.98916"
"36.00000","1.23996","1,471.75659","0.00546","0.00254","38.07317"
"36.10000","1.24325","1,474.74158","0.00543","0.00254","38.15039"
"36.20000","1.24669","1,477.93945","0.00538","0.00247","38.23312"
"36.30000","1.25005","1,480.93506","0.00546","0.00267","38.31061"
"36.40000","1.25326","1,483.86511","0.00539","0.00250","38.38641"
"36.50000","1.25670","1,486.70618","0.00535","0.00188","38.45991"
"36.60000","1.25999","1,488.72644","0.00544","0.00198","38.51217"
"36.70000","1.26320","1,491.76819","0.00535","0.00163","38.59086"
"36.80000","1.26672","1,495.42603","0.00535","0.00151","38.68548"
"36.90000","1.27008","1,498.14978","0.00539","0.00139","38.75594"
"37.00000","1.27329","1,501.02771","0.00552","0.00121","38.83039"
"37.10000","1.27680","1,503.22034","0.00552","0.00094","38.88712"
"37.20000","1.28009","1,507.04370","0.00560","0.00089","38.98602"
"37.30000","1.28331","1,509.57019","0.00564","0.00483","39.05138"
"37.40000","1.28660","1,512.03503","0.00574","0.00428","39.11514"
"37.50000","1.29003","1,515.30322","0.00574","0.00410","39.19969"
"37.60000","1.29332","1,518.24927","0.00578","0.00388","39.27590"
"37.70000","1.29661","1,519.94263","0.00579","0.00376","39.31971"
"37.80000","1.30012","1,523.21033","0.00580","0.00376","39.40424"
"37.90000","1.30334","1,526.17126","0.00579","0.00358","39.48084"
"38.00000","1.30655","1,529.05542","0.00579","0.00373","39.55545"
"38.10000","1.30999","1,532.77380","0.00587","0.00320","39.65164"
"38.20000","1.31335","1,535.12793","0.00586","0.00361","39.71254"
"38.30000","1.31657","1,537.75574","0.00589","0.00305","39.78052"
"38.40000","1.32000","1,541.14417","0.00582","0.00339","39.86818"
"38.50000","1.32344","1,543.53369","0.00579","0.00352","39.92999"
"38.60000","1.32658","1,546.80017","0.00583","0.00336","40.01449"
"38.70000","1.32994","1,549.31702","0.00584","0.00309","40.07960"
"38.80000","1.33338","1,552.81689","0.00585","0.00318","40.17014"
"38.90000","1.33652","1,554.84888","0.00589","0.00304","40.22271"
"39.00000","1.33996","1,558.41235","0.00585","0.00336","40.31489"
"39.10000","1.34347","1,560.43494","0.00596","0.00328","40.36721"
"39.20000","1.34668","1,563.32739","0.00593","0.00267","40.44204"
"39.30000","1.34997","1,566.11633","0.00585","0.00264","40.51418"
"39.40000","1.35334","1,569.74158","0.00589","0.00303","40.60797"
"39.50000","1.35670","1,571.33887","0.00586","0.00313","40.64929"
"39.60000","1.35991","1,573.49609","0.00591","0.00317","40.70509"
"39.70000","1.36328","1,576.94312","0.00585","0.00267","40.79427"
"39.80000","1.36679","1,580.17700","0.00589","0.00236","40.87792"
"39.90000","1.37000","1,582.42358","0.00591","0.00218","40.93604"
"40.00000","1.37337","1,585.46472","0.00601","0.00186","41.01471"
"40.10000","1.37673","1,587.98718","0.00606","0.00161","41.07997"
"40.20000","1.37994","1,590.69238","0.00603","0.00035","41.14995"
"40.30000","1.38331","1,593.32178","0.00606","0.00021","41.21797"
"40.40000","1.38667","1,596.02747","0.00607","0.00026","41.28796"
"40.50000","1.38996","1,598.96875","0.00612","0.00017","41.36405"
"40.60000","1.39332","1,601.37659","0.00611","0.00499","41.42634"
"40.70000","1.39668","1,604.79309","0.00617","0.00460","41.51472"
"40.80000","1.40005","1,607.69080","0.00620","0.00464","41.58968"
"40.90000","1.40319","1,609.40845","0.00619","0.00431","41.63412"
"41.00000","1.40662","1,612.26294","0.00626","0.00409","41.70796"
"41.10000","1.41006","1,615.94873","0.00624","0.00391","41.80331"
"41.20000","1.41320","1,617.60168","0.00632","0.00375","41.84607"
"41.30000","1.41671","1,620.39478","0.00629","0.00376","41.91832"
"41.40000","1.42015","1,623.62964","0.00637","0.00343","42.00201"
"41.50000","1.42321","1,625.78113","0.00629","0.00355","42.05767"
"41.60000","1.42665","1,629.10767","0.00636","0.00360","42.14372"
"41.70000","1.43002","1,631.54883","0.00632","0.00391","42.20687"
"41.80000","1.43323","1,634.25623","0.00639","0.00367","42.27691"
"41.90000","1.43667","1,636.39075","0.00637","0.00382","42.33213"
"42.00000","1.44003","1,639.42017","0.00642","0.00336","42.41050"
"42.10000","1.44347","1,642.50024","0.00641","0.00332","42.49018"
"42.20000","1.44661","1,643.73169","0.00640","0.00395","42.52203"
"42.30000","1.44990","1,647.43433","0.00636","0.00390","42.61782"
"42.40000","1.45341","1,650.03467","0.00639","0.00391","42.68509"
"42.50000","1.45655","1,652.83386","0.00640","0.00340","42.75750"
"42.60000","1.45999","1,654.69800","0.00640","0.00310","42.80572"
"42.70000","1.46350","1,657.64490","0.00630","0.00334","42.88196"
"42.80000","1.46656","1,659.90051","0.00642","0.00343","42.94031"
"42.90000","1.47007","1,662.87817","0.00646","0.00301","43.01734"
"43.00000","1.47336","1,665.64099","0.00644","0.00285","43.08881"
"43.10000","1.47658","1,667.59192","0.00648","0.00257","43.13928"
"43.20000","1.48001","1,670.80164","0.00650","0.00261","43.22231"
"43.30000","1.48330","1,674.08936","0.00651","0.00193","43.30736"
"43.40000","1.48674","1,676.29126","0.00652","0.00194","43.36432"
"43.50000","1.49003","1,679.44519","0.00656","0.00189","43.44591"
"43.60000","1.49339","1,682.03394","0.00662","0.00053","43.51288"
"43.70000","1.49676","1,684.59412","0.00660","0.00025","43.57911"
"43.80000","1.49982","1,686.58704","0.00660","0.00109","43.63066"
"43.90000","1.50333","1,690.31775","0.00662","0.00485","43.72718"
"44.00000","1.50677","1,692.46423","0.00663","0.00485","43.78270"
"44.10000","1.50991","1,694.34216","0.00663","0.00460","43.83128"
"44.20000","1.51350","1,697.64441","0.00671","0.00415","43.91671"
"44.30000","1.51679","1,699.94678","0.00671","0.00444","43.97627"
"44.40000","1.51992","1,703.02466","0.00674","0.00419","44.05589"
"44.50000","1.52329","1,704.61145","0.00678","0.00402","44.09694"
"44.60000","1.52665","1,707.84216","0.00679","0.00386","44.18052"
"44.70000","1.52994","1,710.71326","0.00686","0.00348","44.25479"
"44.80000","1.53323","1,712.49939","0.00687","0.00409","44.30100"
"44.90000","1.53674","1,715.52539","0.00685","0.00434","44.37928"
"45.00000","1.54010","1,718.16760","0.00687","0.00404","44.44763"
"45.10000","1.54317","1,720.60059","0.00686","0.00401","44.51057"
"45.20000","1.54668","1,723.36475","0.00696","0.00348","44.58208"
"45.30000","1.55004","1,726.37964","0.00693","0.00368","44.66007"
"45.40000","1.55318","1,728.16101","0.00694","0.00383","44.70615"
"45.50000","1.55677","1,730.02356","0.00688","0.00365","44.75433"
"45.60000","1.56013","1,733.35461","0.00691","0.00352","44.84051"
"45.70000","1.56335","1,736.26099","0.00689","0.00379","44.91569"
"45.80000","1.56671","1,737.94324","0.00696","0.00344","44.95921"
"45.90000","1.57000","1,740.32642","0.00689","0.00386","45.02086"
"46.00000","1.57329","1,743.25122","0.00688","0.00400","45.09652"
"46.10000","1.57657","1,745.43152","0.00695","0.00368","45.15293"
"46.20000","1.58001","1,747.89966","0.00698","0.00347","45.21677"
"46.30000","1.58345","1,750.09692","0.00700","0.00292","45.27362"
"46.40000","1.58666","1,752.96399","0.00698","0.00282","45.34779"
"46.50000","1.59010","1,755.67664","0.00702","0.00148","45.41796"
"46.60000","1.59332","1,758.75793","0.00701","0.00239","45.49767"
"46.70000","1.59645","1,760.48962","0.00702","0.00132","45.54247"
"46.80000","1.60004","1,763.25977","0.00706","0.00067","45.61413"
"46.90000","1.60341","1,765.92188","0.00705","0.00067","45.68299"
"47.00000","1.60662","1,768.54395","0.00711","0.00054","45.75083"
"47.10000","1.61006","1,770.45459","0.00713","0.00518","45.80025"
"47.20000","1.61342","1,772.50256","0.00709","0.00532","45.85323"
"47.30000","1.61663","1,775.34106","0.00712","0.00492","45.92666"
"47.40000","1.61992","1,777.49915","0.00712","0.00471","45.98249"
"47.50000","1.62336","1,779.86011","0.00715","0.00458","46.04357"
"47.60000","1.62665","1,781.82800","0.00722","0.00449","46.09447"
"47.70000","1.62994","1,784.92969","0.00724","0.00452","46.17471"
"47.80000","1.63345","1,786.92700","0.00728","0.00423","46.22638"
"47.90000","1.63674","1,789.22131","0.00729","0.00434","46.28573"
"48.00000","1.63988","1,792.07898","0.00733","0.00452","46.35966"
"48.10000","1.64331","1,795.12891","0.00732","0.00472","46.43856"
"48.20000","1.64668","1,797.18713","0.00739","0.00453","46.49180"
"48.30000","1.64989","1,798.13171","0.00743","0.00430","46.51624"
"48.40000","1.65333","1,801.85022","0.00743","0.00426","46.61243"
"48.50000","1.65677","1,804.22278","0.00740","0.00456","46.67381"
"48.60000","1.65998","1,806.63599","0.00741","0.00467","46.73624"
"48.70000","1.66334","1,808.56274","0.00746","0.00427","46.78608"
"48.80000","1.66663","1,811.48535","0.00736","0.00381","46.86169"
"48.90000","1.66992","1,814.12476","0.00750","0.00440","46.92997"
"49.00000","1.67328","1,816.04797","0.00742","0.00418","46.97972"
"49.10000","1.67672","1,818.50122","0.00742","0.00422","47.04318"
"49.20000","1.68001","1,821.80457","0.00745","0.00395","47.12864"
"49.30000","1.68330","1,823.34302","0.00746","0.00369","47.16843"
"49.40000","1.68666","1,825.78320","0.00749","0.00372","47.23156"
"49.50000","1.69003","1,828.48865","0.00750","0.00374","47.30155"
"49.60000","1.69324","1,831.00891","0.00748","0.00289","47.36674"
"49.70000","1.69660","1,832.91589","0.00748","0.00227","47.41608"
"49.80000","1.70011","1,835.09424","0.00751","0.00153","47.47243"
"49.90000","1.70333","1,838.49060","0.00750","0.00137","47.56029"
"50.00000","1.70669","1,839.45337","0.00753","0.00103","47.58520"
"50.10000","1.71013","1,841.62854","0.00755","0.00089","47.64147"
"50.20000","1.71319","1,844.87781","0.00758","0.00082","47.72552"
"50.30000","1.71663","1,846.71875","0.00765","0.00593","47.77315"
"50.40000","1.72007","1,849.69702","0.00759","0.00572","47.85019"
"50.50000","1.72336","1,851.17529","0.00761","0.00533","47.88844"
"50.60000","1.72672","1,853.91211","0.00763","0.00532","47.95923"
"50.70000","1.73001","1,856.58203","0.00767","0.00490","48.02830"
"50.80000","1.73345","1,859.60181","0.00769","0.00483","48.10642"
"50.90000","1.73659","1,860.89221","0.00771","0.00488","48.13980"
"51.00000","1.73987","1,863.58875","0.00773","0.00468","48.20956"
"51.10000","1.74339","1,866.04688","0.00775","0.00462","48.27315"
"51.20000","1.74653","1,868.39648","0.00780","0.00471","48.33393"
"51.30000","1.75004","1,871.01941","0.00779","0.00476","48.40179"
"51.40000","1.75348","1,874.19055","0.00787","0.00479","48.48382"
"51.50000","1.75654","1,875.90369","0.00788","0.00471","48.52814"
"51.60000","1.75998","1,877.93372","0.00789","0.00479","48.58065"
"51.70000","1.76334","1,880.28979","0.00789","0.00453","48.64160"
"51.80000","1.76656","1,882.95947","0.00794","0.00462","48.71067"
"51.90000","1.76999","1,885.42847","0.00795","0.00490","48.77454"
"52.00000","1.77328","1,887.62903","0.00799","0.00454","48.83146"
"52.10000","1.77672","1,889.91406","0.00795","0.00472","48.89058"
"52.20000","1.77993","1,892.81689","0.00801","0.00451","48.96567"
"52.30000","1.78330","1,895.09729","0.00799","0.00433","49.02466"
"52.40000","1.78673","1,897.47620","0.00799","0.00442","49.08620"
"52.50000","1.78987","1,899.15601","0.00796","0.00425","49.12966"
"52.60000","1.79339","1,901.79199","0.00806","0.00405","49.19785"
"52.70000","1.79682","1,904.03650","0.00806","0.00393","49.25591"
"52.80000","1.79989","1,905.95947","0.00803","0.00376","49.30566"
"52.90000","1.80340","1,908.21350","0.00805","0.00358","49.36397"
"53.00000","1.80676","1,911.29834","0.00806","0.00178","49.44377"
"53.10000","1.80990","1,913.86340","0.00802","0.00168","49.51012"
"53.20000","1.81327","1,915.58301","0.00804","0.00138","49.55461"
"53.30000","1.81663","1,918.25781","0.00804","0.00130","49.62381"
"53.40000","1.82007","1,920.70264","0.00807","0.00126","49.68705"
"53.50000","1.82328","1,922.63794","0.00809","0.00100","49.73711"
"53.60000","1.82664","1,924.61389","0.00813","0.00605","49.78823"
"53.70000","1.83008","1,927.61707","0.00813","0.00603","49.86592"
"53.80000","1.83315","1,929.07495","0.00811","0.00583","49.90364"
"53.90000","1.83666","1,932.18555","0.00813","0.00552","49.98410"
"54.00000","1.84010","1,933.73376","0.00816","0.00527","50.02415"
"54.10000","1.84324","1,936.72473","0.00821","0.00525","50.10153"
"54.20000","1.84682","1,938.91821","0.00824","0.00514","50.15827"
"54.30000","1.85011","1,941.06360","0.00822","0.00502","50.21377"
"54.40000","1.85325","1,943.11035","0.00826","0.00479","50.26672"
"54.50000","1.85661","1,945.67700","0.00830","0.00519","50.33312"
"54.60000","1.85998","1,947.73657","0.00832","0.00517","50.38640"
"54.70000","1.86327","1,949.97412","0.00833","0.00522","50.44428"
"54.80000","1.86663","1,952.11755","0.00841","0.00511","50.49973"
"54.90000","1.87007","1,955.02783","0.00838","0.00494","50.57502"
"55.00000","1.87343","1,957.45752","0.00849","0.00516","50.63787"
"55.10000","1.87657","1,959.18103","0.00843","0.00535","50.68246"
"55.20000","1.88001","1,961.38623","0.00844","0.00560","50.73950"
"55.30000","1.88337","1,964.53711","0.00852","0.00505","50.82101"
"55.40000","1.88651","1,966.95776","0.00854","0.00487","50.88363"
"55.50000","1.89010","1,968.22693","0.00856","0.00495","50.91647"
"55.60000","1.89346","1,970.36450","0.00852","0.00494","50.97176"
"55.70000","1.89660","1,973.05493","0.00854","0.00481","51.04136"
"55.80000","1.90004","1,975.52661","0.00856","0.00472","51.10530"
"55.90000","1.90332","1,977.55884","0.00861","0.00473","51.15788"
"56.00000","1.90661","1,980.02368","0.00854","0.00458","51.22164"
"56.10000","1.90990","1,981.63110","0.00858","0.00403","51.26322"
"56.20000","1.91334","1,984.11426","0.00854","0.00379","51.32746"
"56.30000","1.91670","1,986.38806","0.00857","0.00321","51.38628"
"56.40000","1.91992","1,988.83057","0.00856","0.00173","51.44947"
"56.50000","1.92335","1,990.82458","0.00860","0.00162","51.50105"
"56.60000","1.92672","1,992.36401","0.00856","0.00152","51.54087"
"56.70000","1.92993","1,995.91553","0.00861","0.00141","51.63275"
"56.80000","1.93337","1,997.94824","0.00862","0.00667","51.68533"
"56.90000","1.93673","1,999.86377","0.00866","0.00627","51.73489"
"57.00000","1.93995","2,001.32019","0.00872","0.00621","51.77256"
"57.10000","1.94338","2,003.70825","0.00870","0.00605","51.83434"
"57.20000","1.94682","2,006.25354","0.00871","0.00616","51.90018"
"57.30000","1.94996","2,008.98279","0.00873","0.00550","51.97079"
"57.40000","1.95325","2,010.36646","0.00876","0.00571","52.00658"
"57.50000","1.95669","2,012.39087","0.00874","0.00546","52.05895"
"57.60000","1.95997","2,014.77258","0.00878","0.00548","52.12057"
"57.70000","1.96326","2,017.51648","0.00878","0.00540","52.19155"
"57.80000","1.96670","2,019.33643","0.00886","0.00508","52.23863"
"57.90000","1.97006","2,021.65393","0.00883","0.00573","52.29858"
"58.00000","1.97328","2,024.05322","0.00885","0.00533","52.36065"
"58.10000","1.97657","2,025.75647","0.00890","0.00543","52.40471"
"58.20000","1.97993","2,028.60278","0.00893","0.00567","52.47834"
"58.30000","1.98322","2,030.53003","0.00899","0.00546","52.52820"
"58.40000","1.98666","2,032.92053","0.00896","0.00580","52.59004"
"58.50000","1.99017","2,035.01379","0.00900","0.00567","52.64419"
"58.60000","1.99338","2,037.03247","0.00901","0.00570","52.69641"
"58.70000","1.99667","2,038.84509","0.00905","0.00551","52.74330"
"58.80000","2.00003","2,041.87610","0.00906","0.00527","52.82171"
"58.90000","2.00332","2,043.77100","0.00910","0.00533","52.87073"
"59.00000","2.00661","2,045.54700","0.00911","0.00534","52.91668"
"59.10000","2.01005","2,048.17627","0.00912","0.00553","52.98469"
"59.20000","2.01334","2,049.97021","0.00908","0.00513","53.03110"
"59.30000","2.01663","2,052.34351","0.00912","0.00479","53.09249"
"59.40000","2.02006","2,054.90723","0.00914","0.00458","53.15882"
"59.50000","2.02343","2,056.79297","0.00914","0.00259","53.20760"
"59.60000","2.02657","2,058.81250","0.00910","0.00231","53.25984"
"59.70000","2.02993","2,061.28662","0.00908","0.00203","53.32384"
"59.80000","2.03344","2,063.48413","0.00912","0.00195","53.38070"
"59.90000","2.03666","2,065.64941","0.00913","0.00164","53.43671"
"60.00000","2.04002","2,067.03442","0.00915","0.00173","53.47254"
"60.10000","2.04338","2,069.71143","0.00918","0.00727","53.54179"
"60.20000","2.04660","2,071.95361","0.00919","0.00694","53.59979"
"60.30000","2.04996","2,074.78979","0.00918","0.00673","53.67316"
"60.40000","2.05332","2,076.10864","0.00920","0.00624","53.70728"
"60.50000","2.05668","2,078.85278","0.00924","0.00625","53.77827"
"60.60000","2.05997","2,080.98193","0.00923","0.00601","53.83335"
"60.70000","2.06341","2,083.17334","0.00925","0.00611","53.89004"
"60.80000","2.06677","2,085.69312","0.00928","0.00607","53.95522"
"60.90000","2.06991","2,088.03296","0.00929","0.00580","54.01575"
"61.00000","2.07328","2,089.74023","0.00929","0.00557","54.05992"
"61.10000","2.07679","2,092.22217","0.00934","0.00570","54.12413"
"61.20000","2.07985","2,093.97583","0.00933","0.00576","54.16949"
"61.30000","2.08337","2,095.77393","0.00935","0.00620","54.21601"
"61.40000","2.08680","2,098.53491","0.00937","0.00627","54.28743"
"61.50000","2.08994","2,101.25098","0.00939","0.00607","54.35769"
"61.60000","2.09338","2,102.31372","0.00946","0.00604","54.38519"
"61.70000","2.09674","2,105.32153","0.00946","0.00663","54.46299"
"61.80000","2.09996","2,106.64893","0.00948","0.00636","54.49733"
"61.90000","2.10325","2,108.78174","0.00948","0.00596","54.55251"
"62.00000","2.10668","2,111.76050","0.00952","0.00581","54.62957"
"62.10000","2.11012","2,113.67676","0.00956","0.00580","54.67914"
"62.20000","2.11334","2,115.47192","0.00958","0.00591","54.72558"
"62.30000","2.11662","2,118.09326","0.00961","0.00615","54.79339"
"62.40000","2.12006","2,119.62817","0.00959","0.00536","54.83310"
"62.50000","2.12313","2,121.98169","0.00962","0.00515","54.89398"
"62.60000","2.12664","2,124.78516","0.00962","0.00493","54.96650"
"62.70000","2.13008","2,126.40479","0.00962","0.00454","55.00840"
"62.80000","2.13322","2,128.73633","0.00965","0.00464","55.06872"
"62.90000","2.13673","2,130.96265","0.00965","0.00318","55.12631"
"63.00000","2.14009","2,132.47632","0.00972","0.00236","55.16547"
"63.10000","2.14330","2,134.82202","0.00972","0.00223","55.22615"
"63.20000","2.14659","2,136.85376","0.00969","0.00226","55.27871"
"63.30000","2.14996","2,139.51611","0.00966","0.00482","55.34758"
"63.40000","2.15339","2,140.91382","0.00967","0.00716","55.38374"
"63.50000","2.15661","2,143.18481","0.00971","0.00716","55.44249"
"63.60000","2.16005","2,145.18896","0.00969","0.00710","55.49434"
"63.70000","2.16341","2,147.11060","0.00970","0.00744","55.54404"
"63.80000","2.16655","2,149.12769","0.00975","0.00666","55.59623"
"63.90000","2.16999","2,151.24805","0.00977","0.00632","55.65108"
"64.00000","2.17342","2,152.62646","0.00977","0.00665","55.68674"
"64.10000","2.17649","2,155.01440","0.00978","0.00659","55.74851"
"64.20000","2.18007","2,157.88354","0.00982","0.00652","55.82273"
"64.30000","2.18344","2,160.69824","0.00985","0.00615","55.89555"
"64.40000","2.18665","2,162.18896","0.00987","0.00612","55.93411"
"64.50000","2.18994","2,164.36572","0.00986","0.00624","55.99042"
"64.60000","2.19323","2,166.20581","0.00985","0.00663","56.03802"
"64.70000","2.19667","2,168.20532","0.00986","0.00673","56.08975"
"64.80000","2.19988","2,170.84058","0.00991","0.00648","56.15792"
"64.90000","2.20339","2,172.63379","0.00993","0.00612","56.20431"
"65.00000","2.20676","2,174.70166","0.00994","0.00666","56.25780"
"65.10000","2.20990","2,176.67432","0.00998","0.00671","56.30883"
"65.20000","2.21341","2,179.22021","0.01002","0.00667","56.37469"
"65.30000","2.21670","2,181.54834","0.01001","0.00632","56.43492"
"65.40000","2.21991","2,183.47339","0.01005","0.00606","56.48472"
"65.50000","2.22335","2,185.83447","0.01007","0.00641","56.54580"
"65.60000","2.22679","2,187.91846","0.01013","0.00621","56.59971"
"65.70000","2.23000","2,189.61646","0.01009","0.00606","56.64364"
"65.80000","2.23344","2,191.56860","0.01014","0.00573","56.69414"
"65.90000","2.23673","2,193.97241","0.01018","0.00556","56.75632"
"66.00000","2.24001","2,195.59863","0.01017","0.00521","56.79839"
"66.10000","2.24323","2,197.60693","0.01017","0.00513","56.85035"
"66.20000","2.24667","2,200.11719","0.01017","0.00373","56.91528"
"66.30000","2.25003","2,201.90942","0.01019","0.00285","56.96165"
"66.40000","2.25324","2,203.83936","0.01022","0.00267","57.01157"
"66.50000","2.25676","2,206.29712","0.01018","0.00252","57.07515"
"66.60000","2.26004","2,208.35327","0.01020","0.00513","57.12835"
"66.70000","2.26326","2,209.99146","0.01022","0.00761","57.17072"
"66.80000","2.26670","2,212.59082","0.01020","0.00767","57.23796"
"66.90000","2.26998","2,214.76904","0.01023","0.00749","57.29432"
"67.00000","2.27327","2,216.00464","0.01025","0.00757","57.32628"
"67.10000","2.27664","2,217.84961","0.01025","0.00709","57.37401"
"67.20000","2.28007","2,220.25854","0.01027","0.00697","57.43633"
"67.30000","2.28336","2,222.23364","0.01026","0.00689","57.48742"
"67.40000","2.28658","2,224.22998","0.01028","0.00656","57.53906"
"67.50000","2.29001","2,226.31396","0.01030","0.00696","57.59297"
"67.60000","2.29330","2,228.90405","0.01035","0.00605","57.65998"
"67.70000","2.29659","2,230.20435","0.01033","0.00666","57.69361"
"67.80000","2.30010","2,232.51611","0.01038","0.00704","57.75342"
"67.90000","2.30339","2,234.11963","0.01036","0.00696","57.79490"
"68.00000","2.30660","2,235.94409","0.01037","0.00682","57.84210"
"68.10000","2.31004","2,238.44336","0.01041","0.00693","57.90675"
"68.20000","2.31333","2,240.57178","0.01042","0.00676","57.96181"
"68.30000","2.31662","2,242.59326","0.01042","0.00688","58.01411"
"68.40000","2.31998","2,244.62451","0.01044","0.00699","58.06665"
"68.50000","2.32342","2,246.36914","0.01046","0.00676","58.11179"
"68.60000","2.32663","2,248.29980","0.01051","0.00640","58.16173"
"68.70000","2.33000","2,250.76855","0.01051","0.00636","58.22559"
"68.80000","2.33336","2,252.75952","0.01057","0.00643","58.27710"
"68.90000","2.33665","2,254.59424","0.01058","0.00656","58.32456"
"69.00000","2.33994","2,256.00220","0.01060","0.00628","58.36098"
"69.10000","2.34338","2,258.40918","0.01062","0.00608","58.42325"
"69.20000","2.34674","2,260.93311","0.01068","0.00580","58.48854"
"69.30000","2.35003","2,262.54468","0.01070","0.00550","58.53023"
"69.40000","2.35339","2,264.59131","0.01073","0.00537","58.58318"
"69.50000","2.35675","2,266.23389","0.01072","0.00334","58.62567"
"69.60000","2.35989","2,268.32959","0.01073","0.00307","58.67988"
"69.70000","2.36326","2,270.43945","0.01072","0.00288","58.73446"
"69.80000","2.36677","2,272.90674","0.01075","0.00850","58.79829"
"69.90000","2.36998","2,274.19165","0.01075","0.00803","58.83153"
"70.00000","2.37334","2,276.48657","0.01074","0.00797","58.89090"
"70.10000","2.37678","2,278.67383","0.01078","0.00790","58.94748"
"70.20000","2.37992","2,280.29321","0.01076","0.00779","58.98937"
"70.30000","2.38328","2,281.42188","0.01077","0.00797","59.01857"
"70.40000","2.38665","2,282.21948","0.01080","0.00752","59.03920"
"70.50000","2.39001","2,284.14136","0.01082","0.00729","59.08892"
"70.60000","2.39330","2,285.59814","0.01080","0.00703","59.12661"
"70.70000","2.39674","2,288.64893","0.01080","0.00735","59.20553"
"70.80000","2.40018","2,290.44897","0.01083","0.00718","59.25209"
"70.90000","2.40324","2,292.95166","0.01085","0.00690","59.31684"
"71.00000","2.40660","2,294.64355","0.01088","0.00728","59.36060"
"71.10000","2.41004","2,296.61450","0.01086","0.00747","59.41159"
"71.20000","2.41318","2,298.39697","0.01089","0.00717","59.45770"
"71.30000","2.41669","2,300.48584","0.01085","0.00729","59.51174"
"71.40000","2.42013","2,302.77319","0.01091","0.00752","59.57091"
"71.50000","2.42327","2,304.42407","0.01094","0.00725","59.61362"
"71.60000","2.42671","2,306.70142","0.01099","0.00719","59.67253"
"71.70000","2.43000","2,309.11670","0.01097","0.00713","59.73501"
"71.80000","2.43328","2,310.66968","0.01097","0.00698","59.77519"
"71.90000","2.43657","2,312.41797","0.01100","0.00691","59.82042"
"72.00000","2.44001","2,315.02148","0.01102","0.00680","59.88777"
"72.10000","2.44345","2,316.29004","0.01108","0.00715","59.92058"
"72.20000","2.44659","2,318.29248","0.01109","0.00698","59.97239"
"72.30000","2.45002","2,320.83911","0.01109","0.00653","60.03827"
"72.40000","2.45346","2,322.21924","0.01115","0.00647","60.07397"
"72.50000","2.45653","2,324.60132","0.01115","0.00660","60.13559"
"72.60000","2.46004","2,326.44897","0.01117","0.00597","60.18339"
"72.70000","2.46340","2,328.44751","0.01120","0.00550","60.23509"
"72.80000","2.46654","2,331.33545","0.01122","0.00349","60.30980"
"72.90000","2.47013","2,332.27490","0.01123","0.00323","60.33410"
"73.00000","2.47342","2,333.46069","0.01126","0.00321","60.36477"
"73.10000","2.47663","2,336.02100","0.01124","0.00315","60.43101"
"73.20000","2.47992","2,338.06421","0.01128","0.00886","60.48386"
"73.30000","2.48321","2,339.99902","0.01124","0.00849","60.53392"
"73.40000","2.48672","2,342.41162","0.01127","0.00858","60.59633"
"73.50000","2.48993","2,344.50220","0.01127","0.00846","60.65041"
"73.60000","2.49337","2,346.26538","0.01130","0.00793","60.69602"
"73.70000","2.49681","2,348.77417","0.01135","0.00857","60.76092"
"73.80000","2.49987","2,350.40918","0.01132","0.00786","60.80322"
"73.90000","2.50331","2,352.04712","0.01133","0.00805","60.84559"
"74.00000","2.50668","2,354.49756","0.01130","0.00742","60.90898"
"74.10000","2.50989","2,356.36597","0.01132","0.00754","60.95731"
"74.20000","2.51340","2,358.70630","0.01133","0.00741","61.01786"
"74.30000","2.51676","2,359.95093","0.01135","0.00735","61.05006"
"74.40000","2.51998","2,362.03418","0.01140","0.00766","61.10395"
"74.50000","2.52334","2,363.73242","0.01140","0.00770","61.14788"
"74.60000","2.52663","2,366.55298","0.01139","0.00791","61.22084"
"74.70000","2.52999","2,369.44678","0.01141","0.00780","61.29570"
"74.80000","2.53328","2,369.47119","0.01139","0.00774","61.29634"
"74.90000","2.53664","2,371.83618","0.01144","0.00758","61.35752"
"75.00000","2.54008","2,373.48340","0.01148","0.00754","61.40013"
"75.10000","2.54330","2,375.14893","0.01146","0.00728","61.44321"
"75.20000","2.54673","2,378.11572","0.01148","0.00735","61.51996"
"75.30000","2.55002","2,379.80493","0.01151","0.00706","61.56366"
"75.40000","2.55316","2,381.60620","0.01149","0.00726","61.61026"
"75.50000","2.55667","2,383.34546","0.01158","0.00715","61.65525"
"75.60000","2.55996","2,386.04590","0.01157","0.00688","61.72511"
"75.70000","2.56333","2,387.91846","0.01159","0.00700","61.77355"
"75.80000","2.56669","2,390.10181","0.01165","0.00657","61.83004"
"75.90000","2.56998","2,391.00610","0.01165","0.00661","61.85343"
"76.00000","2.57327","2,393.36670","0.01166","0.00635","61.91449"
"76.10000","2.57655","2,395.35352","0.01173","0.00626","61.96589"
"76.20000","2.57999","2,397.34619","0.01179","0.00582","62.01744"
"76.30000","2.58343","2,399.01758","0.01179","0.00352","62.06068"
"76.40000","2.58664","2,400.46680","0.01175","0.00346","62.09817"
"76.50000","2.59016","2,403.18335","0.01175","0.00931","62.16844"
"76.60000","2.59344","2,405.14819","0.01179","0.00895","62.21927"
"76.70000","2.59658","2,406.67285","0.01184","0.00882","62.25871"
"76.80000","2.60002","2,409.12939","0.01183","0.00881","62.32226"
"76.90000","2.60331","2,410.50244","0.01182","0.00895","62.35778"
"77.00000","2.60660","2,412.72388","0.01181","0.00878","62.41525"
"77.10000","2.60996","2,414.58423","0.01183","0.00887","62.46338"
"77.20000","2.61347","2,416.44165","0.01183","0.00822","62.51143"
"77.30000","2.61669","2,417.73193","0.01185","0.00799","62.54480"
"77.40000","2.61990","2,420.22632","0.01186","0.00789","62.60933"
"77.50000","2.62334","2,422.59424","0.01184","0.00763","62.67059"
"77.60000","2.62663","2,423.85352","0.01183","0.00814","62.70316"
"77.70000","2.62984","2,425.42163","0.01187","0.00818","62.74373"
"77.80000","2.63335","2,427.71924","0.01190","0.00820","62.80317"
"77.90000","2.63672","2,430.56372","0.01193","0.00811","62.87675"
"78.00000","2.63993","2,430.78516","0.01192","0.00800","62.88248"
"78.10000","2.64337","2,433.59131","0.01192","0.00803","62.95507"
"78.20000","2.64673","2,435.81152","0.01194","0.00783","63.01251"
"78.30000","2.64987","2,436.99365","0.01196","0.00802","63.04309"
"78.40000","2.65331","2,439.21240","0.01200","0.00777","63.10049"
"78.50000","2.65682","2,440.95654","0.01201","0.00769","63.14561"
"78.60000","2.65996","2,443.01367","0.01200","0.00771","63.19882"
"78.70000","2.66332","2,444.81299","0.01205","0.00775","63.24537"
"78.80000","2.66676","2,446.83276","0.01207","0.00748","63.29762"
"78.90000","2.66998","2,448.58032","0.01210","0.00733","63.34283"
"79.00000","2.67326","2,449.46313","0.01213","0.00710","63.36567"
"79.10000","2.67670","2,452.51489","0.01215","0.00713","63.44461"
"79.20000","2.68006","2,454.40259","0.01214","0.00695","63.49344"
"79.30000","2.68328","2,456.76660","0.01217","0.00693","63.55460"
"79.40000","2.68672","2,458.46484","0.01219","0.00657","63.59853"
"79.50000","2.69015","2,460.44580","0.01227","0.00387","63.64978"
"79.60000","2.69322","2,462.04321","0.01225","0.00416","63.69110"
"79.70000","2.69658","2,463.61914","0.01231","0.00658","63.73187"
"79.80000","2.70002","2,465.14990","0.01230","0.00966","63.77147"
"79.90000","2.70323","2,467.39258","0.01231","0.00960","63.82949"
"80.00000","2.70675","2,469.79980","0.01233","0.00952","63.89176"
"80.10000","2.71011","2,471.27051","0.01233","0.00932","63.92981"
"80.20000","2.71332","2,473.09692","0.01233","0.00928","63.97705"
"80.30000","2.71661","2,474.76221","0.01237","0.00902","64.02013"
"80.40000","2.72005","2,477.23804","0.01237","0.00901","64.08418"
"80.50000","2.72326","2,478.84326","0.01239","0.00853","64.12570"
"80.60000","2.72663","2,480.89404","0.01237","0.00850","64.17876"
"80.70000","2.73006","2,482.85547","0.01237","0.00813","64.22950"
"80.80000","2.73350","2,484.33618","0.01239","0.00804","64.26780"
"80.90000","2.73664","2,485.52734","0.01242","0.00820","64.29861"
"81.00000","2.74000","2,489.22925","0.01242","0.00816","64.39438"
"81.10000","2.74344","2,489.83032","0.01243","0.00835","64.40993"
"81.20000","2.74651","2,492.34058","0.01243","0.00844","64.47487"
"81.30000","2.75002","2,493.32397","0.01246","0.00848","64.50031"
"81.40000","2.75346","2,495.45361","0.01246","0.00828","64.55540"
"81.50000","2.75660","2,497.57300","0.01250","0.00816","64.61023"
"81.60000","2.76011","2,499.51343","0.01249","0.00821","64.66042"
"81.70000","2.76340","2,501.43970","0.01250","0.00811","64.71026"
"81.80000","2.76661","2,502.92261","0.01251","0.00806","64.74862"
"81.90000","2.76990","2,504.46729","0.01254","0.00795","64.78858"
"82.00000","2.77326","2,506.81567","0.01255","0.00797","64.84933"
"82.10000","2.77670","2,508.64429","0.01257","0.00774","64.89664"
"82.20000","2.77991","2,511.16089","0.01261","0.00761","64.96174"
"82.30000","2.78335","2,512.58423","0.01262","0.00754","64.99856"
"82.40000","2.78679","2,514.30078","0.01261","0.00743","65.04296"
"82.50000","2.78985","2,516.12134","0.01264","0.00731","65.09006"
"82.60000","2.79337","2,517.59204","0.01268","0.00731","65.12811"
"82.70000","2.79673","2,520.13623","0.01273","0.00722","65.19392"
"82.80000","2.79994","2,521.70239","0.01274","0.00999","65.23444"
"82.90000","2.80346","2,524.10986","0.01274","0.01015","65.29671"
"83.00000","2.80674","2,525.40137","0.01278","0.01024","65.33012"
"83.10000","2.81003","2,527.67529","0.01278","0.01012","65.38895"
"83.20000","2.81332","2,529.61499","0.01284","0.00981","65.43913"
"83.30000","2.81661","2,531.01953","0.01283","0.00991","65.47546"
"83.40000","2.82005","2,533.33130","0.01286","0.00964","65.53527"
"83.50000","2.82326","2,534.60547","0.01288","0.00958","65.56823"
"83.60000","2.82670","2,537.28101","0.01287","0.00947","65.63744"
"83.70000","2.83014","2,538.80518","0.01290","0.00937","65.67687"
"83.80000","2.83320","2,540.47461","0.01290","0.00903","65.72006"
"83.90000","2.83664","2,542.79956","0.01292","0.00892","65.78020"
"84.00000","2.84000","2,544.60767","0.01290","0.00851","65.82698"
"84.10000","2.84314","2,545.75928","0.01292","0.00850","65.85677"
"84.20000","2.84673","2,547.96606","0.01294","0.00829","65.91386"
"84.30000","2.85002","2,550.11719","0.01293","0.00910","65.96951"
"84.40000","2.85338","2,551.44702","0.01294","0.00910","66.00391"
"84.50000","2.85667","2,552.69678","0.01295","0.00879","66.03624"
"84.60000","2.85996","2,554.51953","0.01295","0.00906","66.08339"
"84.70000","2.86332","2,556.54688","0.01299","0.00875","66.13583"
"84.80000","2.86653","2,558.71069","0.01299","0.00860","66.19181"
"84.90000","2.87005","2,560.76392","0.01299","0.00850","66.24493"
"85.00000","2.87341","2,562.71924","0.01306","0.00837","66.29551"
"85.10000","2.87662","2,564.53540","0.01304","0.00828","66.34249"
"85.20000","2.88014","2,566.05176","0.01307","0.00819","66.38172"
"85.30000","2.88342","2,568.41821","0.01308","0.00819","66.44294"
"85.40000","2.88656","2,570.03516","0.01309","0.00817","66.48476"
"85.50000","2.89000","2,571.99243","0.01310","0.00793","66.53540"
"85.60000","2.89336","2,573.76172","0.01312","0.00799","66.58117"
"85.70000","2.89665","2,576.24976","0.01316","0.00759","66.64553"
"85.80000","2.90002","2,577.58618","0.01318","0.00772","66.68011"
"85.90000","2.90345","2,578.86719","0.01316","0.00766","66.71324"
"86.00000","2.90667","2,581.35645","0.01322","0.00739","66.77764"
"86.10000","2.90988","2,583.07080","0.01323","0.01107","66.82199"
"86.20000","2.91332","2,584.20361","0.01324","0.01079","66.85130"
"86.30000","2.91668","2,586.26367","0.01327","0.01064","66.90459"
"86.40000","2.91990","2,588.98975","0.01328","0.01038","66.97511"
"86.50000","2.92341","2,590.28101","0.01335","0.01022","67.00851"
"86.60000","2.92677","2,591.72852","0.01334","0.01026","67.04596"
"86.70000","2.92991","2,593.58960","0.01335","0.01005","67.09410"
"86.80000","2.93335","2,595.53711","0.01338","0.00981","67.14449"
"86.90000","2.93664","2,597.10107","0.01338","0.00980","67.18494"
"87.00000","2.93985","2,598.53223","0.01340","0.00972","67.22196"
"87.10000","2.94329","2,601.53369","0.01341","0.00944","67.29961"
"87.20000","2.94680","2,602.25513","0.01341","0.00929","67.31828"
"87.30000","2.95001","2,605.05811","0.01343","0.00888","67.39079"
"87.40000","2.95330","2,606.53296","0.01344","0.00882","67.42894"
"87.50000","2.95667","2,607.78760","0.01343","0.00892","67.46140"
"87.60000","2.95995","2,609.97729","0.01342","0.00882","67.51804"
"87.70000","2.96324","2,611.24902","0.01347","0.00904","67.55093"
"87.80000","2.96676","2,614.02515","0.01347","0.00938","67.62276"
"87.90000","2.97012","2,615.28857","0.01348","0.00904","67.65543"
"88.00000","2.97326","2,617.01807","0.01347","0.00898","67.70018"
"88.10000","2.97670","2,619.01147","0.01350","0.00902","67.75175"
"88.20000","2.98013","2,621.17017","0.01351","0.00881","67.80759"
"88.30000","2.98327","2,622.59253","0.01351","0.00864","67.84438"
"88.40000","2.98656","2,624.69312","0.01354","0.00856","67.89873"
"88.50000","2.99007","2,626.18628","0.01354","0.00877","67.93736"
"88.60000","2.99329","2,629.09546","0.01355","0.00891","68.01261"
"88.70000","2.99665","2,630.08496","0.01358","0.00826","68.03821"
"88.80000","3.00009","2,631.86157","0.01361","0.00839","68.08417"
"88.90000","3.00330","2,634.38477","0.01358","0.00810","68.14944"
"89.00000","3.00659","2,635.08398","0.01359","0.00826","68.16753"
"89.10000","3.01003","2,638.09521","0.01362","0.00816","68.24543"
"89.20000","3.01339","2,639.54956","0.01366","0.00793","68.28305"
"89.30000","3.01661","2,640.82324","0.01366","0.00837","68.31600"
"89.40000","3.02004","2,642.87549","0.01366","0.01108","68.36909"
"89.50000","3.02348","2,645.26416","0.01367","0.01112","68.43089"
"89.60000","3.02655","2,645.65259","0.01374","0.01108","68.44093"
"89.70000","3.02998","2,647.90308","0.01374","0.01073","68.49915"
"89.80000","3.03342","2,649.93652","0.01376","0.01057","68.55175"
"89.90000","3.03656","2,650.84741","0.01377","0.01040","68.57532"
"90.00000","3.04007","2,654.22656","0.01385","0.01027","68.66273"
"90.10000","3.04344","2,654.97119","0.01383","0.01025","68.68199"
"90.20000","3.04657","2,656.82104","0.01383","0.01012","68.72985"
"90.30000","3.05001","2,658.72803","0.01388","0.00994","68.77918"
"90.40000","3.05338","2,661.05762","0.01393","0.00975","68.83945"
"90.50000","3.05666","2,662.46240","0.01391","0.00942","68.87579"
"90.60000","3.05988","2,663.36914","0.01391","0.00945","68.89925"
"90.70000","3.06339","2,665.62231","0.01395","0.00891","68.95753"
"90.80000","3.06683","2,667.94702","0.01393","0.00942","69.01767"
"90.90000","3.06997","2,669.28320","0.01394","0.00942","69.05224"
"91.00000","3.07333","2,671.09473","0.01397","0.00961","69.09910"
"91.10000","3.07677","2,672.74243","0.01394","0.00970","69.14172"
"91.20000","3.07983","2,674.06787","0.01401","0.00967","69.17601"
"91.30000","3.08334","2,675.66992","0.01404","0.00936","69.21745"
"91.40000","3.08678","2,678.54126","0.01403","0.00920","69.29173"
"91.50000","3.09000","2,679.64648","0.01401","0.00928","69.32033"
"91.60000","3.09343","2,681.56079","0.01400","0.00907","69.36985"
"91.70000","3.09672","2,683.61987","0.01403","0.00916","69.42311"
"91.80000","3.10001","2,685.17236","0.01403","0.00911","69.46327"
"91.90000","3.10322","2,687.09814","0.01405","0.00880","69.51309"
"92.00000","3.10659","2,688.67749","0.01405","0.00866","69.55395"
"92.10000","3.11003","2,691.07739","0.01409","0.00874","69.61604"
"92.20000","3.11324","2,692.66309","0.01409","0.00867","69.65705"
"92.30000","3.11675","2,694.67041","0.01412","0.00870","69.70898"
"92.40000","3.12012","2,696.03979","0.01409","0.00846","69.74441"
"92.50000","3.12318","2,698.79126","0.01414","0.00825","69.81558"
"92.60000","3.12662","2,699.44165","0.01414","0.01123","69.83241"
"92.70000","3.13006","2,701.72070","0.01417","0.01137","69.89137"
"92.80000","3.13319","2,703.64307","0.01416","0.01143","69.94110"
"92.90000","3.13671","2,705.23242","0.01423","0.01112","69.98222"
"93.00000","3.14007","2,707.23413","0.01421","0.01092","70.03400"
"93.10000","3.14336","2,709.07764","0.01425","0.01086","70.08169"
"93.20000","3.14665","2,710.03662","0.01426","0.01064","70.10649"
"93.30000","3.14994","2,712.43945","0.01428","0.01052","70.16866"
"93.40000","3.15337","2,713.93555","0.01430","0.01051","70.20736"
"93.50000","3.15651","2,716.41455","0.01435","0.01031","70.27148"
"93.60000","3.16010","2,717.57056","0.01440","0.01018","70.30139"
"93.70000","3.16346","2,720.21973","0.01437","0.01015","70.36992"
"93.80000","3.16660","2,720.81396","0.01442","0.00970","70.38529"
"93.90000","3.17004","2,723.24219","0.01438","0.00957","70.44811"
"94.00000","3.17340","2,725.07959","0.01444","0.00933","70.49564"
"94.10000","3.17654","2,726.36499","0.01445","0.00918","70.52889"
"94.20000","3.18005","2,729.10864","0.01444","0.00996","70.59987"
"94.30000","3.18342","2,730.07007","0.01446","0.00985","70.62474"
"94.40000","3.18671","2,732.55591","0.01447","0.00969","70.68905"
"94.50000","3.19000","2,733.71143","0.01450","0.00967","70.71894"
"94.60000","3.19336","2,735.38892","0.01448","0.00956","70.76234"
"94.70000","3.19672","2,737.32178","0.01446","0.00936","70.81234"
"94.80000","3.19986","2,738.68408","0.01449","0.00954","70.84758"
"94.90000","3.20330","2,740.24854","0.01450","0.00935","70.88805"
"95.00000","3.20674","2,742.40552","0.01449","0.00935","70.94385"
"95.10000","3.20987","2,744.10400","0.01453","0.00947","70.98779"
"95.20000","3.21346","2,745.74658","0.01452","0.00920","71.03028"
"95.30000","3.21675","2,747.33105","0.01455","0.00898","71.07127"
"95.40000","3.21989","2,749.40674","0.01450","0.00915","71.12497"
"95.50000","3.22333","2,750.79175","0.01457","0.00878","71.16080"
"95.60000","3.22662","2,752.72388","0.01457","0.00879","71.21078"
"95.70000","3.22998","2,754.77222","0.01458","0.00871","71.26377"
"95.80000","3.23334","2,755.91260","0.01458","0.00605","71.29327"
"95.90000","3.23678","2,758.67700","0.01456","0.00579","71.36478"
"96.00000","3.24007","2,759.25000","0.01457","0.00588","71.37961"
"96.10000","3.24321","2,761.25586","0.01457","0.01021","71.43150"
"96.20000","3.24672","2,763.76318","0.01456","0.01125","71.49636"
"96.30000","3.25001","2,765.26147","0.01468","0.01132","71.53512"
"96.40000","3.25322","2,766.47559","0.01471","0.01103","71.56653"
"96.50000","3.25673","2,768.50928","0.01472","0.01079","71.61913"
"96.60000","3.26010","2,770.37402","0.01472","0.01088","71.66737"
"96.70000","3.26331","2,772.82837","0.01476","0.01084","71.73087"
"96.80000","3.26667","2,774.01514","0.01478","0.01065","71.76157"
"96.90000","3.26996","2,775.67456","0.01483","0.01046","71.80450"
"97.00000","3.27325","2,776.84082","0.01486","0.01029","71.83466"
"97.10000","3.27661","2,779.97095","0.01485","0.01013","71.91564"
"97.20000","3.28005","2,781.19873","0.01488","0.01008","71.94740"
"97.30000","3.28334","2,782.55444","0.01493","0.00962","71.98248"
"97.40000","3.28655","2,784.44727","0.01493","0.01003","72.03144"
"97.50000","3.29007","2,786.63403","0.01495","0.00990","72.08801"
"97.60000","3.29328","2,788.56641","0.01494","0.01020","72.13800"
"97.70000","3.29657","2,790.02515","0.01490","0.01018","72.17574"
"97.80000","3.30008","2,791.59888","0.01489","0.01032","72.21645"
"97.90000","3.30345","2,793.98584","0.01497","0.00979","72.27819"
"98.00000","3.30666","2,795.39111","0.01495","0.00974","72.31454"
"98.10000","3.31010","2,797.22168","0.01499","0.00979","72.36190"
"98.20000","3.31346","2,799.16406","0.01501","0.00965","72.41215"
"98.30000","3.31660","2,800.51074","0.01497","0.00970","72.44699"
"98.40000","3.31996","2,802.08813","0.01503","0.00984","72.48779"
"98.50000","3.32340","2,803.86694","0.01500","0.00946","72.53381"
"98.60000","3.32661","2,805.14624","0.01501","0.00935","72.56690"
"98.70000","3.33005","2,806.84570","0.01501","0.00930","72.61087"
"98.80000","3.33349","2,809.39868","0.01503","0.00925","72.67691"
"98.90000","3.33663","2,810.60791","0.01500","0.00922","72.70819"
"99.00000","3.33992","2,812.50977","0.01503","0.00905","72.75739"
"99.10000","3.34328","2,814.18604","0.01509","0.00937","72.80076"
"99.20000","3.34664","2,815.73486","0.01502","0.01210","72.84082"
"99.30000","3.34993","2,818.05127","0.01498","0.01186","72.90075"
"99.40000","3.35337","2,819.14331","0.01493","0.01195","72.92900"
"99.50000","3.35681","2,821.28442","0.01513","0.01170","72.98438"
"99.60000","3.35995","2,823.37915","0.01515","0.01142","73.03857"
"99.70000","3.36331","2,824.06982","0.01513","0.01142","73.05644"
"99.80000","3.36667","2,825.60571","0.01520","0.01109","73.09618"
"99.90000","3.36989","2,828.43066","0.01524","0.01121","73.16925"
"100.00000","3.37332","2,829.26147","0.01523","0.01089","73.19074"
"100.10000","3.37676","2,831.49292","0.01524","0.01082","73.24847"
"100.20000","3.37998","2,833.49072","0.01528","0.01087","73.30016"
"100.30000","3.38334","2,834.54565","0.01524","0.01069","73.32745"
"100.40000","3.38663","2,837.11060","0.01531","0.01042","73.39380"
"100.50000","3.38999","2,837.84717","0.01538","0.01030","73.41285"
"100.60000","3.39328","2,840.78198","0.01538","0.00992","73.48877"
"100.70000","3.39664","2,842.03882","0.01544","0.00997","73.52129"
"100.80000","3.40016","2,844.09717","0.01544","0.01010","73.57453"
"100.90000","3.40329","2,844.51929","0.01543","0.01041","73.58546"
"101.00000","3.40673","2,846.34204","0.01545","0.01028","73.63261"
"101.10000","3.41009","2,848.68506","0.01552","0.01022","73.69322"
"101.20000","3.41323","2,850.63159","0.01548","0.01006","73.74358"
"101.30000","3.41667","2,852.17651","0.01554","0.00986","73.78354"
"101.40000","3.42004","2,854.62744","0.01546","0.00988","73.84695"
"101.50000","3.42332","2,855.49390","0.01552","0.00982","73.86935"
"101.60000","3.42676","2,857.29272","0.01552","0.01006","73.91589"
"101.70000","3.43005","2,859.05957","0.01554","0.00977","73.96160"
"101.80000","3.43334","2,861.06567","0.01547","0.00968","74.01350"
"101.90000","3.43663","2,861.98828","0.01540","0.00973","74.03736"
"102.00000","3.43991","2,864.47119","0.01549","0.00945","74.10159"
"102.10000","3.44343","2,866.51562","0.01537","0.00954","74.15448"
"102.20000","3.44657","2,867.84009","0.01552","0.00678","74.18874"
"102.30000","3.45000","2,870.36938","0.01537","0.00668","74.25417"
"102.40000","3.45352","2,871.11987","0.01538","0.00684","74.27359"
"102.50000","3.45651","2,872.79565","0.01549","0.00630","74.31694"
"102.60000","3.46002","2,874.13916","0.01562","0.00609","74.35169"
"102.70000","3.46338","2,876.12891","0.01548","0.00600","74.40317"
"102.80000","3.46660","2,877.97852","0.01549","0.01197","74.45102"
"102.90000","3.47003","2,879.84692","0.01548","0.01184","74.49935"
"103.00000","3.47340","2,881.47925","0.01564","0.01174","74.54158"
"103.10000","3.47676","2,882.34277","0.01568","0.01163","74.56392"
"103.20000","3.48005","2,885.14282","0.01573","0.01142","74.63635"
"103.30000","3.48326","2,886.52246","0.01569","0.01139","74.67204"
"103.40000","3.48670","2,888.57788","0.01574","0.01113","74.72521"
"103.50000","3.48984","2,890.00244","0.01580","0.01101","74.76207"
"103.60000","3.49335","2,892.20459","0.01581","0.01079","74.81903"
"103.70000","3.49679","2,893.38013","0.01580","0.01073","74.84944"
"103.80000","3.49985","2,895.46606","0.01583","0.01054","74.90340"
"103.90000","3.50337","2,896.73145","0.01584","0.01033","74.93614"
"104.00000","3.50673","2,898.75830","0.01591","0.01034","74.98857"
"104.10000","3.50987","2,900.10596","0.01591","0.01034","75.02344"
"104.20000","3.51338","2,901.93848","0.01587","0.01064","75.07084"
"104.30000","3.51674","2,904.24292","0.01598","0.01048","75.13046"
"104.40000","3.52003","2,905.45142","0.01595","0.01044","75.16172"
"104.50000","3.52332","2,906.81689","0.01590","0.01041","75.19704"
"104.60000","3.52668","2,909.08911","0.01591","0.01000","75.25582"
"104.70000","3.53005","2,910.58789","0.01587","0.01039","75.29459"
"104.80000","3.53319","2,912.62598","0.01602","0.01015","75.34732"
"104.90000","3.53670","2,913.73682","0.01600","0.00995","75.37605"
"105.00000","3.54014","2,916.07715","0.01597","0.01019","75.43660"
"105.10000","3.54320","2,917.22876","0.01590","0.00998","75.46639"
"105.20000","3.54679","2,918.94849","0.01591","0.00993","75.51088"
"105.30000","3.55008","2,921.37939","0.01591","0.00978","75.57376"
"105.40000","3.55322","2,922.71118","0.01592","0.00983","75.60822"
"105.50000","3.55665","2,925.05835","0.01595","0.00954","75.66894"
"105.60000","3.56002","2,926.12573","0.01596","0.00949","75.69655"
"105.70000","3.56331","2,927.61279","0.01599","0.00929","75.73502"
"105.80000","3.56659","2,929.91724","0.01609","0.00926","75.79463"
"105.90000","3.57003","2,932.12158","0.01607","0.00618","75.85165"
"106.00000","3.57340","2,933.44434","0.01597","0.00642","75.88587"
"106.10000","3.57653","2,933.88599","0.01611","0.01244","75.89730"
"106.20000","3.58005","2,937.18188","0.01626","0.01186","75.98256"
"106.30000","3.58333","2,937.89795","0.01623","0.01187","76.00108"
"106.40000","3.58655","2,939.74902","0.01619","0.01181","76.04897"
"106.50000","3.59006","2,942.08765","0.01624","0.01159","76.10947"
"106.60000","3.59342","2,943.44336","0.01623","0.01162","76.14454"
"106.70000","3.59664","2,944.76050","0.01629","0.01131","76.17861"
"106.80000","3.60000","2,946.26196","0.01631","0.01120","76.21745"
"106.90000","3.60344","2,949.00098","0.01633","0.01102","76.28831"
"107.00000","3.60658","2,950.18018","0.01629","0.01086","76.31882"
"107.10000","3.60994","2,952.59033","0.01635","0.01085","76.38116"
"107.20000","3.61345","2,953.72510","0.01644","0.01042","76.41052"
"107.30000","3.61667","2,955.81348","0.01649","0.00966","76.46455"
"107.40000","3.61996","2,957.42407","0.01640","0.01046","76.50621"
"107.50000","3.62339","2,958.96606","0.01628","0.01074","76.54610"
"107.60000","3.62668","2,960.69043","0.01633","0.01069","76.59071"
"107.70000","3.62990","2,961.70068","0.01642","0.01034","76.61684"
"107.80000","3.63341","2,964.58618","0.01649","0.01035","76.69149"
"107.90000","3.63677","2,965.93726","0.01640","0.01047","76.72644"
"108.00000","3.63991","2,967.20605","0.01633","0.01039","76.75926"
"108.10000","3.64335","2,969.77466","0.01643","0.01029","76.82571"
"108.20000","3.64671","2,971.55371","0.01639","0.01026","76.87173"
"108.30000","3.64993","2,972.89893","0.01642","0.01029","76.90653"
"108.40000","3.65329","2,974.44019","0.01639","0.01019","76.94640"
"108.50000","3.65665","2,976.25806","0.01640","0.01012","76.99343"
"108.60000","3.65994","2,978.13428","0.01645","0.01000","77.04197"
"108.70000","3.66338","2,979.89355","0.01645","0.00997","77.08748"
"108.80000","3.66674","2,982.10645","0.01645","0.00978","77.14472"
"108.90000","3.67003","2,983.46582","0.01656","0.00943","77.17989"
"109.00000","3.67324","2,984.82104","0.01651","0.00964","77.21495"
"109.10000","3.67668","2,986.85547","0.01650","0.00691","77.26758"
"109.20000","3.68004","2,988.62109","0.01647","0.00642","77.31326"
"109.30000","3.68326","2,990.45166","0.01654","0.00645","77.36061"
"109.40000","3.68670","2,991.41895","0.01671","0.01275","77.38563"
"109.50000","3.69013","2,993.50928","0.01672","0.01235","77.43970"
"109.60000","3.69327","2,995.34644","0.01670","0.01211","77.48723"
"109.70000","3.69664","2,997.24512","0.01661","0.01206","77.53635"
"109.80000","3.70000","2,998.36621","0.01658","0.01201","77.56535"
"109.90000","3.70321","3,000.06421","0.01668","0.01181","77.60928"
"110.00000","3.70665","3,001.97534","0.01674","0.01179","77.65871"
"110.10000","3.71009","3,003.52588","0.01670","0.01145","77.69883"
"110.20000","3.71330","3,005.20801","0.01670","0.01109","77.74234"
"110.30000","3.71667","3,006.51025","0.01676","0.01122","77.77603"
"110.40000","3.71995","3,008.77612","0.01690","0.01081","77.83465"
"110.50000","3.72332","3,010.33228","0.01675","0.01088","77.87490"
"110.60000","3.72653","3,012.25928","0.01682","0.01060","77.92475"
"110.70000","3.72997","3,013.91992","0.01672","0.01118","77.96771"
"110.80000","3.73348","3,015.79395","0.01673","0.01106","78.01619"
"110.90000","3.73662","3,017.90991","0.01681","0.01086","78.07093"
"111.00000","3.74006","3,018.73486","0.01680","0.01067","78.09227"
"111.10000","3.74350","3,020.31128","0.01680","0.01080","78.13305"
"111.20000","3.74656","3,022.41479","0.01687","0.01055","78.18747"
"111.30000","3.75007","3,023.62598","0.01687","0.01057","78.21880"
"111.40000","3.75336","3,025.90039","0.01685","0.01064","78.27764"
"111.50000","3.75665","3,027.62305","0.01689","0.01068","78.32220"
"111.60000","3.76009","3,028.60547","0.01688","0.01058","78.34762"
"111.70000","3.76338","3,031.03784","0.01692","0.01039","78.41054"
"111.80000","3.76674","3,032.86377","0.01693","0.01027","78.45778"
"111.90000","3.76995","3,033.99219","0.01697","0.01030","78.48697"
"112.00000","3.77324","3,035.62817","0.01697","0.01025","78.52929"
"112.10000","3.77675","3,037.13037","0.01707","0.01001","78.56815"
"112.20000","3.77989","3,038.56812","0.01704","0.00989","78.60534"
"112.30000","3.78333","3,041.00952","0.01702","0.00957","78.66850"
"112.40000","3.78684","3,042.48047","0.01725","0.00664","78.70655"
"112.50000","3.78983","3,043.60522","0.01716","0.00668","78.73565"
"112.60000","3.79335","3,045.83765","0.01702","0.00650","78.79340"
"112.70000","3.79671","3,047.35156","0.01703","0.01306","78.83257"
"112.80000","3.79992","3,049.33667","0.01714","0.01259","78.88392"
"112.90000","3.80336","3,051.39380","0.01723","0.01241","78.93713"
"113.00000","3.80672","3,052.21191","0.01720","0.01218","78.95830"
"113.10000","3.81009","3,054.26099","0.01715","0.01209","79.01131"
"113.20000","3.81330","3,055.08716","0.01721","0.01195","79.03268"
"113.30000","3.81666","3,058.29492","0.01735","0.01163","79.11566"
"113.40000","3.82010","3,059.47046","0.01714","0.01150","79.14607"
"113.50000","3.82317","3,060.31787","0.01723","0.01144","79.16799"
"113.60000","3.82675","3,062.27393","0.01715","0.01121","79.21859"
"113.70000","3.83019","3,064.85083","0.01720","0.01117","79.28526"
"113.80000","3.83326","3,066.21411","0.01728","0.01102","79.32053"
"113.90000","3.83677","3,067.61157","0.01724","0.01132","79.35667"
"114.00000","3.84006","3,069.23804","0.01726","0.01107","79.39875"
"114.10000","3.84327","3,070.97632","0.01725","0.01127","79.44372"
"114.20000","3.84663","3,072.37476","0.01729","0.01109","79.47990"
"114.30000","3.85000","3,073.97217","0.01735","0.01082","79.52122"
"114.40000","3.85336","3,075.78687","0.01739","0.01045","79.56816"
"114.50000","3.85665","3,076.63892","0.01733","0.01072","79.59020"
"114.60000","3.86001","3,078.92505","0.01738","0.01084","79.64935"
"114.70000","3.86337","3,080.81274","0.01738","0.01080","79.69818"
"114.80000","3.86644","3,081.97241","0.01744","0.01078","79.72818"
"114.90000","3.87003","3,084.69800","0.01746","0.01048","79.79868"
"115.00000","3.87339","3,085.99927","0.01750","0.01055","79.83235"
"115.10000","3.87653","3,087.39868","0.01746","0.01047","79.86855"
"115.20000","3.88012","3,089.04688","0.01746","0.01040","79.91119"
"115.30000","3.88340","3,091.15381","0.01754","0.01018","79.96569"
"115.40000","3.88662","3,091.58984","0.01754","0.01010","79.97697"
"115.50000","3.88998","3,094.68164","0.01749","0.01021","80.05695"
"115.60000","3.89334","3,095.02075","0.01761","0.00716","80.06573"
"115.70000","3.89663","3,096.89502","0.01755","0.00720","80.11421"
"115.80000","3.90000","3,099.30298","0.01755","0.00692","80.17651"
"115.90000","3.90343","3,100.54004","0.01767","0.00719","80.20850"
"116.00000","3.90672","3,102.22974","0.01767","0.01297","80.25222"
"116.10000","3.90986","3,103.35986","0.01767","0.01265","80.28146"
"116.20000","3.91337","3,105.53369","0.01769","0.01259","80.33769"
"116.30000","3.91666","3,107.65210","0.01766","0.01235","80.39249"
"116.40000","3.91988","3,108.61963","0.01760","0.01236","80.41752"
"116.50000","3.92346","3,111.03320","0.01763","0.01217","80.47996"
"116.60000","3.92675","3,113.06445","0.01763","0.01193","80.53250"
"116.70000","3.92996","3,115.07617","0.01763","0.01188","80.58454"
"116.80000","3.93333","3,115.81494","0.01768","0.01157","80.60365"
"116.90000","3.93669","3,118.08154","0.01762","0.01163","80.66229"
"117.00000","3.93990","3,119.61597","0.01771","0.01136","80.70199"
"117.10000","3.94327","3,120.97314","0.01773","0.01118","80.73710"
"117.20000","3.94678","3,122.72876","0.01773","0.01145","80.78251"
"117.30000","3.95007","3,125.53491","0.01772","0.01161","80.85510"
"117.40000","3.95336","3,126.13818","0.01772","0.01147","80.87071"
"117.50000","3.95680","3,127.54858","0.01776","0.01153","80.90720"
"117.60000","3.96001","3,128.28711","0.01781","0.01120","80.92630"
"117.70000","3.96322","3,131.79272","0.01780","0.01124","81.01699"
"117.80000","3.96666","3,132.83911","0.01788","0.01111","81.04406"
"117.90000","3.97002","3,133.92578","0.01788","0.01106","81.07217"
"118.00000","3.97331","3,135.74683","0.01789","0.01089","81.11928"
"118.10000","3.97668","3,137.63721","0.01792","0.01136","81.16818"
"118.20000","3.98011","3,139.46094","0.01792","0.01096","81.21536"
"118.30000","3.98325","3,140.02148","0.01794","0.01084","81.22986"
"118.40000","3.98662","3,141.74292","0.01798","0.01082","81.27439"
"118.50000","3.99005","3,143.96069","0.01822","0.01046","81.33176"
"118.60000","3.99327","3,145.42700","0.01798","0.01076","81.36970"
"118.70000","3.99670","3,147.58984","0.01801","0.01055","81.42565"
"118.80000","4.00007","3,148.83813","0.01819","0.01032","81.45794"
"118.90000","4.00336","3,150.71680","0.01810","0.01030","81.50654"
"119.00000","4.00664","3,151.88403","0.01817","0.01375","81.53674"
"119.10000","4.00993","3,154.60645","0.01810","0.01335","81.60716"
"119.20000","4.01330","3,155.74829","0.01808","0.01327","81.63670"
"119.30000","4.01658","3,157.09668","0.01807","0.01327","81.67159"
"119.40000","4.01995","3,159.18408","0.01812","0.01283","81.72558"
"119.50000","4.02346","3,159.63843","0.01814","0.01275","81.73734"
"119.60000","4.02660","3,162.31543","0.01817","0.01279","81.80659"
"119.70000","4.02996","3,163.92139","0.01811","0.01273","81.84813"
"119.80000","4.03340","3,165.50146","0.01814","0.01252","81.88901"
"119.90000","4.03654","3,166.92773","0.01820","0.01203","81.92590"
"120.00000","4.04005","3,168.62793","0.01819","0.01209","81.96989"
"120.10000","4.04342","3,170.65381","0.01821","0.01192","82.02229"
"120.20000","4.04670","3,171.58887","0.01817","0.01217","82.04649"
"120.30000","4.05007","3,174.51465","0.01819","0.01195","82.12217"
"120.40000","4.05336","3,174.92896","0.01822","0.01197","82.13289"
"120.50000","4.05672","3,177.35010","0.01823","0.01186","82.19552"
"120.60000","4.05993","3,178.88379","0.01831","0.01159","82.23520"
"120.70000","4.06322","3,180.13696","0.01822","0.01165","82.26762"
"120.80000","4.06681","3,182.22876","0.01826","0.01164","82.32173"
"120.90000","4.06995","3,183.80591","0.01829","0.01150","82.36253"
"121.00000","4.07338","3,186.02686","0.01833","0.01136","82.41998"
"121.10000","4.07682","3,186.89648","0.01839","0.01111","82.44248"
"121.20000","4.07989","3,188.90356","0.01840","0.01146","82.49440"
"121.30000","4.08332","3,190.62622","0.01838","0.01138","82.53896"
"121.40000","4.08669","3,192.25122","0.01839","0.01136","82.58100"
"121.50000","4.08998","3,194.16260","0.01846","0.01120","82.63045"
"121.60000","4.09334","3,195.85278","0.01849","0.01112","82.67417"
"121.70000","4.09670","3,197.51123","0.01852","0.01098","82.71707"
"121.80000","4.10007","3,198.81616","0.01850","0.01081","82.75083"
"121.90000","4.10328","3,200.19092","0.01850","0.01086","82.78639"
"122.00000","4.10657","3,202.13281","0.01854","0.01083","82.83663"
"122.10000","4.11008","3,204.46973","0.01853","0.01064","82.89709"
"122.20000","4.11322","3,206.42920","0.01866","0.01027","82.94778"
"122.30000","4.11673","3,207.25708","0.01857","0.01391","82.96919"
"122.40000","4.12017","3,208.44312","0.01853","0.01375","82.99987"
"122.50000","4.12323","3,210.43921","0.01860","0.01337","83.05151"
"122.60000","4.12675","3,212.16553","0.01861","0.01320","83.09617"
"122.70000","4.13004","3,213.22803","0.01869","0.01313","83.12366"
"122.80000","4.13325","3,215.85547","0.01865","0.01312","83.19163"
"122.90000","4.13661","3,217.42700","0.01867","0.01303","83.23228"
"123.00000","4.14005","3,219.47827","0.01861","0.01300","83.28535"
"123.10000","4.14341","3,220.23853","0.01871","0.01266","83.30501"
"123.20000","4.14663","3,222.01074","0.01872","0.01245","83.35086"
"123.30000","4.14992","3,223.64087","0.01866","0.01229","83.39303"
"123.40000","4.15335","3,224.82446","0.01866","0.01215","83.42365"
"123.50000","4.15642","3,226.75586","0.01869","0.01197","83.47361"
"123.60000","4.16008","3,228.18335","0.01867","0.01228","83.51054"
"123.70000","4.16344","3,230.25317","0.01871","0.01249","83.56408"
"123.80000","4.16658","3,231.69482","0.01871","0.01234","83.60138"
"123.90000","4.17009","3,233.74316","0.01873","0.01231","83.65437"
"124.00000","4.17338","3,233.96997","0.01876","0.01191","83.66023"
"124.10000","4.17660","3,236.91113","0.01880","0.01194","83.73632"
"124.20000","4.17996","3,238.69482","0.01884","0.01163","83.78246"
"124.30000","4.18332","3,239.68481","0.01880","0.01158","83.80807"
"124.40000","4.18669","3,241.48535","0.01886","0.01170","83.85465"
"124.50000","4.18997","3,243.50854","0.01880","0.01175","83.90699"
"124.60000","4.19341","3,244.43433","0.01888","0.01172","83.93094"
"124.70000","4.19677","3,246.91455","0.01892","0.01153","83.99510"
"124.80000","4.19984","3,248.20093","0.01895","0.01146","84.02837"
"124.90000","4.20335","3,250.39404","0.01897","0.01128","84.08511"
"125.00000","4.20672","3,252.19482","0.01896","0.01154","84.13170"
"125.10000","4.20985","3,252.65161","0.01902","0.00913","84.14351"
"125.20000","4.21344","3,254.77148","0.01904","0.00884","84.19835"
"125.30000","4.21673","3,257.66650","0.01902","0.00868","84.27325"
"125.40000","4.21994","3,258.27051","0.01905","0.00852","84.28887"
"125.50000","4.22331","3,260.22217","0.01903","0.00826","84.33936"
"125.60000","4.22659","3,261.83203","0.01904","0.00802","84.38100"
"125.70000","4.22996","3,263.09717","0.01907","0.00787","84.41373"
"125.80000","4.23325","3,264.80713","0.01910","0.01386","84.45797"
"125.90000","4.23676","3,266.60767","0.01912","0.01349","84.50455"
"126.00000","4.24005","3,268.19409","0.01916","0.01363","84.54559"
"126.10000","4.24326","3,269.74512","0.01919","0.01309","84.58571"
"126.20000","4.24670","3,270.86108","0.01912","0.01312","84.61458"
"126.30000","4.25006","3,272.66455","0.01921","0.01290","84.66123"
"126.40000","4.25320","3,274.33936","0.01919","0.01264","84.70456"
"126.50000","4.25671","3,276.55811","0.01920","0.01274","84.76196"
"126.60000","4.26008","3,277.69482","0.01918","0.01241","84.79136"
"126.70000","4.26329","3,279.50488","0.01923","0.01240","84.83819"
"126.80000","4.26673","3,281.56958","0.01924","0.01209","84.89159"
"126.90000","4.27002","3,282.68555","0.01924","0.01213","84.92046"
"127.00000","4.27323","3,284.10107","0.01922","0.01262","84.95708"
"127.10000","4.27659","3,286.20215","0.01927","0.01272","85.01144"
"127.20000","4.28003","3,286.47192","0.01926","0.01254","85.01842"
"127.30000","4.28332","3,288.94604","0.01926","0.01217","85.08242"
"127.40000","4.28668","3,290.82764","0.01927","0.01212","85.13110"
"127.50000","4.29005","3,292.71118","0.01929","0.01201","85.17982"
"127.60000","4.29334","3,294.16504","0.01930","0.01204","85.21743"
"127.70000","4.29655","3,295.11792","0.01937","0.01166","85.24208"
"127.80000","4.29999","3,297.84644","0.01937","0.01204","85.31267"
"127.90000","4.30335","3,298.95776","0.01936","0.01183","85.34142"
"128.00000","4.30656","3,300.62817","0.01938","0.01197","85.38463"
"128.10000","4.31000","3,302.53394","0.01944","0.01175","85.43393"
"128.20000","4.31351","3,304.17261","0.01949","0.01167","85.47632"
"128.30000","4.31658","3,305.48438","0.01945","0.01160","85.51025"
"128.40000","4.31994","3,306.75244","0.01952","0.01142","85.54306"
"128.50000","4.32338","3,308.90454","0.01952","0.01136","85.59873"
"128.60000","4.32659","3,310.43408","0.01955","0.01107","85.63830"
"128.70000","4.32996","3,311.56934","0.01956","0.01106","85.66766"
"128.80000","4.33339","3,313.00806","0.01964","0.00814","85.70489"
"128.90000","4.33676","3,315.40991","0.01964","0.00812","85.76702"
"129.00000","4.33997","3,317.02295","0.01962","0.00806","85.80875"
"129.10000","4.34333","3,318.65137","0.01964","0.00769","85.85088"
"129.20000","4.34670","3,320.61792","0.01965","0.01389","85.90175"
"129.30000","4.34991","3,321.56226","0.01968","0.01364","85.92618"
"129.40000","4.35327","3,323.60571","0.01967","0.01348","85.97904"
"129.50000","4.35679","3,325.33154","0.01972","0.01330","86.02368"
"129.60000","4.35993","3,326.40698","0.01968","0.01322","86.05151"
"129.70000","4.36329","3,328.16553","0.01965","0.01316","86.09700"
"129.80000","4.36673","3,330.69604","0.01974","0.01277","86.16246"
"129.90000","4.36987","3,331.97681","0.01973","0.01286","86.19559"
"130.00000","4.37330","3,333.35596","0.01976","0.01263","86.23127"
"130.10000","4.37667","3,335.04932","0.01969","0.01245","86.27508"
"130.20000","4.38003","3,337.04639","0.01974","0.01298","86.32674"
"130.30000","4.38339","3,337.77100","0.01981","0.01269","86.34548"
"130.40000","4.38668","3,339.08472","0.01981","0.01269","86.37947"
"130.50000","4.39005","3,340.58887","0.01974","0.01257","86.41838"
"130.60000","4.39318","3,342.89453","0.01981","0.01259","86.47803"
"130.70000","4.39662","3,345.17090","0.01982","0.01242","86.53691"
"130.80000","4.40013","3,345.22437","0.01988","0.01214","86.53830"
"130.90000","4.40327","3,347.52393","0.01989","0.01207","86.59779"
"131.00000","4.40671","3,349.83740","0.01985","0.01227","86.65763"
"131.10000","4.41015","3,351.20752","0.01983","0.01255","86.69308"
"131.20000","4.41321","3,352.40356","0.01990","0.01281","86.72401"
"131.30000","4.41665","3,353.93213","0.01992","0.01229","86.76356"
"131.40000","4.42001","3,356.03613","0.01994","0.01189","86.81799"
"131.50000","4.42330","3,357.62915","0.01991","0.01193","86.85920"
"131.60000","4.42667","3,359.21460","0.02000","0.01186","86.90022"
"131.70000","4.43003","3,360.89478","0.01999","0.01092","86.94368"
"131.80000","4.43347","3,362.38232","0.02006","0.00943","86.98215"
"131.90000","4.43653","3,363.56201","0.02006","0.00904","87.01267"
"132.00000","4.43997","3,365.45996","0.02007","0.00890","87.06178"
"132.10000","4.44341","3,366.91406","0.02010","0.00853","87.09939"
"132.20000","4.44647","3,368.23389","0.02008","0.00849","87.13354"
"132.30000","4.45006","3,369.95166","0.02011","0.00815","87.17797"
"132.40000","4.45350","3,371.60156","0.02015","0.01252","87.22065"
"132.50000","4.45656","3,373.30176","0.02020","0.01403","87.26463"
"132.60000","4.46007","3,375.39062","0.02018","0.01375","87.31867"
"132.70000","4.46336","3,376.09058","0.02016","0.01378","87.33678"
"132.80000","4.46658","3,378.30713","0.02018","0.01352","87.39412"
"132.90000","4.47001","3,379.95020","0.02023","0.01340","87.43662"
"133.00000","4.47338","3,381.26611","0.02022","0.01314","87.47066"
"133.10000","4.47674","3,383.59546","0.02018","0.01292","87.53092"
"133.20000","4.47995","3,383.87598","0.02020","0.01284","87.53819"
"133.30000","4.48339","3,386.62866","0.02019","0.01289","87.60939"
"133.40000","4.48675","3,387.17554","0.02026","0.01272","87.62354"
"133.50000","4.48989","3,388.91919","0.02031","0.01302","87.66865"
"133.60000","4.49341","3,390.73804","0.02028","0.01301","87.71570"
"133.70000","4.49677","3,392.13232","0.02029","0.01304","87.75177"
"133.80000","4.49991","3,393.21973","0.02034","0.01289","87.77990"
"133.90000","4.50350","3,395.33765","0.02037","0.01255","87.83469"
"134.00000","4.50678","3,396.05298","0.02038","0.01245","87.85320"
"134.10000","4.50985","3,396.46045","0.02034","0.01245","87.86373"
"134.20000","4.51329","3,399.85791","0.02036","0.01258","87.95162"
"134.30000","4.51665","3,401.63452","0.02035","0.01244","87.99758"
"134.40000","4.52001","3,402.88501","0.02040","0.01253","88.02993"
"134.50000","4.52330","3,404.17090","0.02043","0.01249","88.06319"
"134.60000","4.52674","3,405.61499","0.02046","0.01208","88.10056"
"134.70000","4.53010","3,406.92969","0.02042","0.01207","88.13457"
"134.80000","4.53317","3,407.07104","0.02046","0.01223","88.13822"
"134.90000","4.53668","3,409.01587","0.02045","0.01233","88.18853"
"135.00000","4.54004","3,410.37769","0.02052","0.01210","88.22376"
"135.10000","4.54326","3,409.79321","0.02053","0.01200","88.20864"
"135.20000","4.54677","3,410.48657","0.02055","0.01164","88.22658"
"135.30000","4.55013","3,411.01025","0.02057","0.01181","88.24013"
"135.40000","4.55335","3,411.80225","0.02059","0.01487","88.26061"
"135.50000","4.55671","3,413.42383","0.02059","0.01467","88.30256"
"135.60000","4.56000","3,415.01172","0.02064","0.01430","88.34364"
"135.70000","4.56328","3,416.22241","0.02069","0.01424","88.37496"
"135.80000","4.56657","3,417.05347","0.02068","0.01427","88.39645"
"135.90000","4.57001","3,418.29053","0.02067","0.01414","88.42846"
"136.00000","4.57337","3,421.29834","0.02065","0.01395","88.50627"
"136.10000","4.57666","3,422.66626","0.02071","0.01385","88.54166"
"136.20000","4.58010","3,424.24951","0.02076","0.01340","88.58261"
"136.30000","4.58331","3,426.02246","0.02072","0.01351","88.62848"
"136.40000","4.58653","3,428.51733","0.02079","0.01322","88.69302"
"136.50000","4.58997","3,430.64453","0.02069","0.01346","88.74805"
"136.60000","4.59333","3,432.90015","0.02075","0.01350","88.80640"
"136.70000","4.59662","3,434.31055","0.02077","0.01352","88.84289"
"136.80000","4.59998","3,436.56567","0.02079","0.01362","88.90122"
"136.90000","4.60342","3,439.17236","0.02082","0.01344","88.96866"
"137.00000","4.60663","3,440.82349","0.02085","0.01343","89.01137"
"137.10000","4.60992","3,442.43384","0.02081","0.01342","89.05302"
"137.20000","4.61336","3,445.60669","0.02082","0.01303","89.13511"
"137.30000","4.61665","3,447.15674","0.02085","0.01307","89.17521"
"137.40000","4.61994","3,448.34253","0.02085","0.01266","89.20588"
"137.50000","4.62345","3,449.83862","0.02087","0.01304","89.24458"
"137.60000","4.62674","3,455.32642","0.02085","0.01278","89.38655"
"137.70000","4.62988","3,456.53589","0.02088","0.01308","89.41784"
"137.80000","4.63331","3,458.12842","0.02095","0.01272","89.45904"
"137.90000","4.63668","3,459.32617","0.02098","0.01249","89.49002"
"138.00000","4.63997","3,460.93213","0.02093","0.01250","89.53156"
"138.10000","4.64333","3,463.00293","0.02096","0.01245","89.58514"
"138.20000","4.64677","3,465.05615","0.02097","0.01226","89.63825"
"138.30000","4.64998","3,465.88257","0.02097","0.01215","89.65963"
"138.40000","4.65327","3,467.04395","0.02098","0.01211","89.68967"
"138.50000","4.65663","3,469.22119","0.02102","0.01234","89.74599"
"138.60000","4.65992","3,470.87231","0.02102","0.01272","89.78871"
"138.70000","4.66328","3,471.72998","0.02110","0.01517","89.81090"
"138.80000","4.66680","3,473.06250","0.02109","0.01498","89.84537"
"138.90000","4.67008","3,475.59717","0.02114","0.01465","89.91093"
"139.00000","4.67330","3,476.09155","0.02112","0.01478","89.92373"
"139.10000","4.67666","3,477.78955","0.02112","0.01462","89.96765"
"139.20000","4.68002","3,480.43555","0.02115","0.01445","90.03610"
"139.30000","4.68324","3,481.43774","0.02120","0.01420","90.06203"
"139.40000","4.68668","3,483.67798","0.02120","0.01416","90.11998"
"139.50000","4.69011","3,484.03369","0.02124","0.01391","90.12918"
"139.60000","4.69325","3,485.95557","0.02125","0.01379","90.17890"
"139.70000","4.69669","3,488.07983","0.02122","0.01358","90.23386"
"139.80000","4.70013","3,489.45044","0.02122","0.01353","90.26931"
"139.90000","4.70319","3,490.34692","0.02125","0.01373","90.29250"
"140.00000","4.70663","3,492.95215","0.02130","0.01343","90.35989"
"140.10000","4.70999","3,494.72754","0.02129","0.01378","90.40582"
"140.20000","4.71336","3,495.53491","0.02129","0.01373","90.42671"
"140.30000","4.71665","3,497.13940","0.02132","0.01346","90.46822"
"140.40000","4.72001","3,498.99976","0.02130","0.01378","90.51634"
"140.50000","4.72345","3,500.67310","0.02137","0.01308","90.55963"
"140.60000","4.72659","3,502.33838","0.02132","0.01335","90.60271"
"140.70000","4.72995","3,503.66650","0.02134","0.01340","90.63707"
"140.80000","4.73339","3,505.43384","0.02140","0.01282","90.68279"
"140.90000","4.73653","3,506.20386","0.02141","0.01280","90.70271"
"141.00000","4.74004","3,508.15430","0.02141","0.01283","90.75317"
"141.10000","4.74348","3,509.90894","0.02142","0.01283","90.79855"
"141.20000","4.74661","3,511.00195","0.02141","0.01296","90.82683"
"141.30000","4.75005","3,512.31836","0.02141","0.01278","90.86089"
"141.40000","4.75334","3,514.13257","0.02145","0.01270","90.90781"
"141.50000","4.75663","3,515.72900","0.02146","0.01272","90.94911"
"141.60000","4.75999","3,517.25806","0.02151","0.01220","90.98867"
"141.70000","4.76336","3,518.70532","0.02149","0.01259","91.02611"
"141.80000","4.76679","3,521.27393","0.02148","0.01266","91.09256"
"141.90000","4.76993","3,522.24292","0.02150","0.01285","91.11762"
"142.00000","4.77337","3,523.92871","0.02155","0.01545","91.16123"
"142.10000","4.77673","3,525.53979","0.02155","0.01530","91.20291"
"142.20000","4.77987","3,526.23901","0.02160","0.01505","91.22100"
"142.30000","4.78339","3,528.61914","0.02161","0.01499","91.28257"
"142.40000","4.78682","3,530.22412","0.02162","0.01505","91.32409"
"142.50000","4.78989","3,531.29053","0.02163","0.01474","91.35168"
"142.60000","4.79340","3,533.08813","0.02168","0.01457","91.39819"
"142.70000","4.79669","3,534.99194","0.02172","0.01429","91.44743"
"142.80000","4.79990","3,535.93530","0.02173","0.01420","91.47184"
"142.90000","4.80327","3,537.41235","0.02176","0.01390","91.51005"
"143.00000","4.80663","3,538.70728","0.02176","0.01373","91.54355"
"143.10000","4.81007","3,540.75366","0.02177","0.01370","91.59648"
"143.20000","4.81328","3,542.48535","0.02181","0.01390","91.64128"
"143.30000","4.81672","3,543.46484","0.02179","0.01409","91.66662"
"143.40000","4.82008","3,545.28491","0.02181","0.01412","91.71371"
"143.50000","4.82315","3,546.63208","0.02180","0.01397","91.74855"
"143.60000","4.82673","3,548.61694","0.02186","0.01392","91.79990"
"143.70000","4.83010","3,549.72925","0.02181","0.01390","91.82867"
"143.80000","4.83331","3,550.46021","0.02183","0.01383","91.84759"
"143.90000","4.83675","3,552.53931","0.02182","0.01393","91.90137"
"144.00000","4.84011","3,554.46216","0.02186","0.01348","91.95111"
"144.10000","4.84332","3,555.07739","0.02183","0.01410","91.96703"
"144.20000","4.84669","3,556.15430","0.02190","0.01315","91.99489"
"144.30000","4.84998","3,558.96240","0.02192","0.01137","92.06753"
"144.40000","4.85326","3,560.18579","0.02187","0.01125","92.09917"
"144.50000","4.85655","3,561.92065","0.02193","0.01106","92.14406"
"144.60000","4.86007","3,563.33740","0.02193","0.01109","92.18071"
"144.70000","4.86343","3,564.56909","0.02189","0.01083","92.21257"
"144.80000","4.86657","3,565.25659","0.02194","0.01080","92.23035"
"144.90000","4.86993","3,567.12671","0.02199","0.01054","92.27873"
"145.00000","4.87329","3,568.78442","0.02196","0.01040","92.32162"
"145.10000","4.87651","3,570.13452","0.02198","0.01029","92.35654"
"145.20000","4.88010","3,572.09863","0.02201","0.01018","92.40736"
"145.30000","4.88338","3,573.83374","0.02200","0.00996","92.45224"
"145.40000","4.88667","3,574.90210","0.02204","0.00953","92.47987"
"145.50000","4.89003","3,576.01929","0.02208","0.00899","92.50877"
"145.60000","4.89332","3,577.66309","0.02208","0.00907","92.55130"
"145.70000","4.89661","3,578.63647","0.02209","0.01329","92.57648"
"145.80000","4.89983","3,579.76074","0.02212","0.01505","92.60557"
"145.90000","4.90341","3,581.55396","0.02212","0.01499","92.65195"
"146.00000","4.90678","3,584.12256","0.02221","0.01466","92.71840"
"146.10000","4.90991","3,584.93066","0.02218","0.01452","92.73930"
"146.20000","4.91343","3,586.13135","0.02224","0.01444","92.77037"
"146.30000","4.91672","3,587.87842","0.02222","0.01409","92.81557"
"146.40000","4.91986","3,589.95435","0.02225","0.01397","92.86926"
"146.50000","4.92329","3,590.76636","0.02229","0.01443","92.89027"
"146.60000","4.92673","3,592.46387","0.02229","0.01443","92.93419"
"146.70000","4.93002","3,594.01660","0.02230","0.01436","92.97435"
"146.80000","4.93338","3,595.42212","0.02230","0.01422","93.01071"
"146.90000","4.93675","3,596.52051","0.02233","0.01403","93.03913"
"147.00000","4.93996","3,598.36523","0.02234","0.01405","93.08685"
"147.10000","4.94317","3,599.75146","0.02233","0.01411","93.12271"
"147.20000","4.94669","3,601.54614","0.02236","0.01411","93.16914"
"147.30000","4.95005","3,602.75293","0.02239","0.01382","93.20036"
"147.40000","4.95326","3,603.76538","0.02236","0.01376","93.22655"
"147.50000","4.95677","3,605.85815","0.02239","0.01359","93.28069"
"147.60000","4.96006","3,607.67065","0.02241","0.01304","93.32758"
"147.70000","4.96328","3,608.52026","0.02241","0.01346","93.34955"
"147.80000","4.96664","3,610.59204","0.02241","0.01334","93.40314"
"147.90000","4.97000","3,611.74243","0.02246","0.01343","93.43291"
"148.00000","4.97322","3,613.21484","0.02243","0.01339","93.47099"
"148.10000","4.97666","3,613.71118","0.02247","0.01339","93.48383"
"148.20000","4.98009","3,617.04614","0.02246","0.01331","93.57011"
"148.30000","4.98331","3,617.52661","0.02249","0.01333","93.58253"
"148.40000","4.98659","3,618.84570","0.02249","0.01297","93.61666"
"148.50000","4.99003","3,620.38940","0.02250","0.01286","93.65659"
"148.60000","4.99325","3,621.97241","0.02251","0.01477","93.69755"
"148.70000","4.99661","3,623.16528","0.02256","0.01585","93.72841"
"148.80000","5.00005","3,624.78760","0.02258","0.01557","93.77038"
"148.90000","5.00341","3,626.65381","0.02259","0.01573","93.81865"
"149.00000","5.00662","3,627.13721","0.02261","0.01542","93.83115"
"149.10000","5.00999","3,629.47949","0.02263","0.01537","93.89175"
"149.20000","5.01343","3,630.44824","0.02264","0.01526","93.91681"
"149.30000","5.01656","3,631.89722","0.02268","0.01507","93.95429"
"149.40000","5.01993","3,633.76587","0.02268","0.01502","94.00263"
"149.50000","5.02344","3,634.91211","0.02274","0.01471","94.03229"
"149.60000","5.02658","3,636.51733","0.02272","0.01470","94.07381"
"149.70000","5.03002","3,637.47729","0.02274","0.01440","94.09865"
"149.80000","5.03345","3,638.82178","0.02280","0.01437","94.13343"
"149.90000","5.03659","3,640.34448","0.02278","0.01457","94.17282"
"150.00000","5.03996","3,641.42993","0.02277","0.01481","94.20090"
"150.10000","5.04332","3,643.60986","0.02278","0.01468","94.25729"
"150.20000","5.04668","3,644.16357","0.02283","0.01466","94.27161"
"150.30000","5.04997","3,645.36841","0.02284","0.01454","94.30278"
"150.40000","5.05341","3,647.02637","0.02288","0.01432","94.34567"
"150.50000","5.05677","3,648.21997","0.02286","0.01431","94.37655"
"150.60000","5.05991","3,649.14087","0.02288","0.01443","94.40038"
"150.70000","5.06327","3,651.36597","0.02285","0.01470","94.45794"
"150.80000","5.06679","3,652.63525","0.02290","0.01403","94.49077"
"150.90000","5.06993","3,653.19580","0.02293","0.01377","94.50527"
"151.00000","5.07344","3,655.21338","0.02291","0.01151","94.55746"
"151.10000","5.07680","3,656.27661","0.02296","0.01177","94.58497"
"151.20000","5.07994","3,657.58960","0.02293","0.01167","94.61893"
"151.30000","5.08338","3,659.10034","0.02311","0.01163","94.65802"
"151.40000","5.08667","3,660.51123","0.02298","0.01131","94.69452"
"151.50000","5.08996","3,661.55469","0.02310","0.01131","94.72151"
"151.60000","5.09324","3,662.65137","0.02298","0.01106","94.74988"
"151.70000","5.09668","3,663.80176","0.02304","0.01097","94.77964"
"151.80000","5.10012","3,665.52930","0.02305","0.01072","94.82433"
"151.90000","5.10326","3,666.54321","0.02301","0.01060","94.85056"
"152.00000","5.10662","3,667.94067","0.02305","0.01055","94.88671"
"152.10000","5.11006","3,667.86597","0.02307","0.01036","94.88478"
"152.20000","5.11320","3,669.20532","0.02307","0.01026","94.91943"
"152.30000","5.11671","3,670.16431","0.02306","0.01008","94.94424"
"152.40000","5.12007","3,669.55225","0.02310","0.00966","94.92840"
"152.41400","5.12060","3,398.92627","0.02310","0.00966","87.92752"
"152.41800","5.12082","3,066.55981","0.02310","0.00966","79.32947"
"152.42200","5.12097","2,671.66626","0.02310","0.00966","69.11388"
"152.42600","5.12112","2,253.27734","0.02310","0.00966","58.29049"
"152.42800","5.12120","2,044.79541","0.02310","0.00966","52.89723"
