Modulus (Segment 0.001 mm/mm - 0.008 mm/mm) : Modulus (Segment 0.001 mm/mm - 0.008 mm/mm),"5,946.70910",MPa
Poisson's ratio (Least squares fit) : Poisson's ratio (Least squares fit),"0.26833"
Specimen properties : Gauge length,"15.52000",mm
Specimen properties : Gauge length transverse,"4.72200",mm
Specimen properties : Thickness,"2.61000",mm
Specimen properties : Width,"15.06000",mm

Time,Extension,Load,Video axial strain,Video transverse strain,Calculated Stress
(s),(mm),(N),(mm/mm),(mm/mm),(MPa)
"0.00000","-0.00007","77.05563","0.00002","0.00025","1.96037"
"0.10000","0.00127","77.12315","0.00000","0.00000","1.96209"
"0.20000","0.00568","84.02531","0.00006","0.00061","2.13769"
"0.30000","0.00979","91.26354","0.00006","0.00074","2.32184"
"0.40000","0.01338","97.06351","0.00008","0.00070","2.46939"
"0.50000","0.01652","102.41479","0.00008","0.00061","2.60554"
"0.60000","0.01995","108.04705","0.00009","0.00068","2.74883"
"0.70000","0.02339","113.88419","0.00009","0.00041","2.89733"
"0.80000","0.02668","118.99458","0.00011","0.00040","3.02734"
"0.90000","0.03004","124.49837","0.00013","0.00046","3.16737"
"1.00000","0.03348","130.04823","0.00016","0.00022","3.30856"
"1.10000","0.03655","135.74934","0.00015","0.00006","3.45360"
"1.20000","0.03991","140.28050","0.00019","0.00003","3.56888"
"1.30000","0.04335","147.07005","0.00019","0.00001","3.74161"
"1.40000","0.04664","153.18181","0.00019","0.00001","3.89710"
"1.50000","0.05000","157.29703","0.00021","0.00002","4.00180"
"1.60000","0.05344","163.19717","0.00025","0.00003","4.15190"
"1.70000","0.05673","169.11876","0.00026","-0.00003","4.30255"
"1.80000","0.05986","174.22205","0.00029","-0.00006","4.43239"
"1.90000","0.06330","179.64613","0.00029","0.00006","4.57038"
"2.00000","0.06674","184.80489","0.00029","0.00008","4.70162"
"2.10000","0.06988","190.47299","0.00031","0.00001","4.84583"
"2.20000","0.07332","196.00897","0.00034","-0.00001","4.98667"
"2.30000","0.07675","201.59720","0.00035","-0.00006","5.12884"
"2.40000","0.07997","206.49626","0.00039","-0.00008","5.25348"
"2.50000","0.08333","211.30022","0.00038","-0.00016","5.37569"
"2.60000","0.08669","217.48663","0.00039","-0.00024","5.53308"
"2.70000","0.08991","222.81087","0.00042","-0.00014","5.66854"
"2.80000","0.09335","227.85339","0.00042","-0.00017","5.79682"
"2.90000","0.09671","233.18317","0.00043","-0.00023","5.93242"
"3.00000","0.10007","239.07602","0.00045","-0.00014","6.08234"
"3.10000","0.10329","243.79253","0.00048","-0.00001","6.20233"
"3.20000","0.10665","248.71396","0.00051","0.00033","6.32754"
"3.30000","0.11001","255.03008","0.00053","0.00061","6.48823"
"3.40000","0.11315","259.78909","0.00055","0.00094","6.60930"
"3.50000","0.11666","265.47076","0.00055","0.00087","6.75385"
"3.60000","0.12010","271.06641","0.00060","0.00082","6.89621"
"3.70000","0.12324","276.29633","0.00059","0.00088","7.02926"
"3.80000","0.12675","281.45798","0.00060","0.00088","7.16058"
"3.90000","0.13012","286.51379","0.00062","0.00065","7.28920"
"4.00000","0.13326","291.64142","0.00065","0.00053","7.41966"
"4.10000","0.13662","296.76196","0.00066","0.00033","7.54993"
"4.20000","0.13998","301.62552","0.00070","0.00026","7.67366"
"4.30000","0.14335","307.06000","0.00071","0.00023","7.81192"
"4.40000","0.14671","312.16888","0.00072","0.00023","7.94190"
"4.50000","0.15007","317.32425","0.00074","0.00019","8.07305"
"4.60000","0.15343","322.31094","0.00075","0.00025","8.19992"
"4.70000","0.15657","327.42441","0.00077","0.00013","8.33001"
"4.80000","0.15994","332.98315","0.00078","0.00020","8.47143"
"4.90000","0.16337","338.57599","0.00080","0.00025","8.61372"
"5.00000","0.16651","343.57376","0.00081","0.00021","8.74087"
"5.10000","0.17003","348.85168","0.00087","0.00024","8.87514"
"5.20000","0.17339","353.84079","0.00083","0.00031","9.00207"
"5.30000","0.17660","359.21436","0.00085","0.00018","9.13878"
"5.40000","0.18004","364.65720","0.00085","0.00017","9.27725"
"5.50000","0.18325","369.64087","0.00090","0.00010","9.40404"
"5.60000","0.18662","374.32111","0.00090","0.00014","9.52311"
"5.70000","0.18991","378.42694","0.00089","0.00012","9.62757"
"5.80000","0.19334","383.87320","0.00094","-0.00006","9.76613"
"5.90000","0.19678","390.21396","0.00098","-0.00001","9.92744"
"6.00000","0.19992","394.33670","0.00097","-0.00007","10.03233"
"6.10000","0.20336","399.70856","0.00101","-0.00006","10.16899"
"6.20000","0.20672","404.85748","0.00107","0.00045","10.29999"
"6.30000","0.20986","410.05951","0.00106","0.00058","10.43233"
"6.40000","0.21337","415.24405","0.00113","0.00057","10.56423"
"6.50000","0.21681","419.66931","0.00113","0.00083","10.67682"
"6.60000","0.21995","425.22565","0.00115","0.00096","10.81817"
"6.70000","0.22339","429.77264","0.00114","0.00093","10.93385"
"6.80000","0.22668","435.36377","0.00122","0.00095","11.07610"
"6.90000","0.22997","438.74484","0.00120","0.00097","11.16212"
"7.00000","0.23325","444.64307","0.00117","0.00102","11.31217"
"7.10000","0.23654","449.19272","0.00122","0.00082","11.42792"
"7.20000","0.24005","453.56653","0.00123","0.00047","11.53920"
"7.30000","0.24327","459.25531","0.00127","0.00045","11.68392"
"7.40000","0.24671","463.70453","0.00128","0.00042","11.79712"
"7.50000","0.25007","468.76263","0.00127","0.00038","11.92580"
"7.60000","0.25313","472.70065","0.00132","0.00033","12.02599"
"7.70000","0.25665","478.09860","0.00131","0.00036","12.16332"
"7.80000","0.26001","482.90323","0.00134","0.00029","12.28555"
"7.90000","0.26322","487.64722","0.00133","0.00030","12.40624"
"8.00000","0.26674","492.67380","0.00135","0.00029","12.53412"
"8.10000","0.27010","496.62503","0.00152","0.00023","12.63465"
"8.20000","0.27331","501.99780","0.00147","0.00025","12.77134"
"8.30000","0.27660","505.72781","0.00148","0.00035","12.86623"
"8.40000","0.27996","510.74838","0.00151","0.00026","12.99396"
"8.50000","0.28333","515.82788","0.00150","0.00027","13.12319"
"8.60000","0.28654","519.75397","0.00147","0.00024","13.22307"
"8.70000","0.29005","525.75513","0.00159","0.00021","13.37575"
"8.80000","0.29342","528.87122","0.00153","0.00019","13.45502"
"8.90000","0.29656","533.90851","0.00150","0.00016","13.58318"
"9.00000","0.29999","539.18872","0.00159","0.00019","13.71751"
"9.10000","0.30336","544.20605","0.00166","0.00016","13.84516"
"9.20000","0.30657","548.40076","0.00167","0.00016","13.95187"
"9.30000","0.30993","552.42902","0.00163","0.00029","14.05436"
"9.40000","0.31337","557.81433","0.00172","0.00051","14.19137"
"9.50000","0.31666","562.26251","0.00176","0.00059","14.30453"
"9.60000","0.31995","565.78943","0.00176","0.00053","14.39426"
"9.70000","0.32331","571.19440","0.00171","0.00065","14.53177"
"9.80000","0.32660","575.98346","0.00170","0.00099","14.65361"
"9.90000","0.32981","579.17865","0.00185","0.00100","14.73490"
"10.00000","0.33340","584.09851","0.00183","0.00100","14.86006"
"10.10000","0.33669","589.37848","0.00185","0.00104","14.99439"
"10.20000","0.33990","593.31635","0.00184","0.00109","15.09457"
"10.30000","0.34342","597.86713","0.00187","0.00079","15.21035"
"10.40000","0.34670","603.35382","0.00196","0.00068","15.34994"
"10.50000","0.34984","606.70215","0.00180","0.00063","15.43512"
"10.60000","0.35328","611.32874","0.00196","0.00053","15.55283"
"10.70000","0.35672","616.75598","0.00195","0.00053","15.69090"
"10.80000","0.35993","620.36652","0.00190","0.00044","15.78276"
"10.90000","0.36337","624.80408","0.00194","0.00047","15.89565"
"11.00000","0.36681","629.90826","0.00194","0.00048","16.02551"
"11.10000","0.37002","633.50171","0.00203","0.00045","16.11693"
"11.20000","0.37324","637.14075","0.00202","0.00043","16.20951"
"11.30000","0.37667","642.90668","0.00204","0.00050","16.35620"
"11.40000","0.38004","647.07068","0.00203","0.00041","16.46214"
"11.50000","0.38318","650.57001","0.00206","0.00042","16.55116"
"11.60000","0.38676","654.87463","0.00210","0.00036","16.66068"
"11.70000","0.39013","659.89343","0.00207","0.00033","16.78836"
"11.80000","0.39327","663.60577","0.00212","0.00033","16.88281"
"11.90000","0.39663","667.20520","0.00204","0.00032","16.97438"
"12.00000","0.39999","671.81537","0.00214","0.00029","17.09167"
"12.10000","0.40321","676.25891","0.00217","0.00026","17.20472"
"12.20000","0.40664","680.67096","0.00218","0.00016","17.31696"
"12.30000","0.41008","685.21094","0.00219","0.00016","17.43246"
"12.40000","0.41330","688.25598","0.00221","0.00056","17.50993"
"12.50000","0.41666","692.47461","0.00223","0.00060","17.61726"
"12.60000","0.42002","696.40845","0.00226","0.00054","17.71734"
"12.70000","0.42331","701.01318","0.00228","0.00047","17.83449"
"12.80000","0.42660","705.07263","0.00230","0.00055","17.93777"
"12.90000","0.42996","708.74475","0.00233","0.00065","18.03119"
"13.00000","0.43340","713.46033","0.00234","0.00082","18.15116"
"13.10000","0.43669","717.42206","0.00234","0.00101","18.25195"
"13.20000","0.43998","721.18982","0.00236","0.00098","18.34781"
"13.30000","0.44341","725.63055","0.00240","0.00111","18.46078"
"13.40000","0.44655","729.04041","0.00242","0.00102","18.54753"
"13.50000","0.44999","732.99933","0.00245","0.00112","18.64825"
"13.60000","0.45343","737.34003","0.00246","0.00093","18.75868"
"13.70000","0.45657","741.94800","0.00248","0.00067","18.87591"
"13.80000","0.46001","746.29810","0.00251","0.00062","18.98659"
"13.90000","0.46337","750.34637","0.00251","0.00058","19.08958"
"14.00000","0.46658","754.36023","0.00253","0.00051","19.19169"
"14.10000","0.47002","758.61151","0.00254","0.00054","19.29985"
"14.20000","0.47323","762.30212","0.00255","0.00053","19.39374"
"14.30000","0.47667","767.31714","0.00256","0.00051","19.52133"
"14.40000","0.47996","770.55579","0.00257","0.00043","19.60373"
"14.50000","0.48332","774.98792","0.00255","0.00047","19.71648"
"14.60000","0.48684","778.87982","0.00257","0.00052","19.81550"
"14.70000","0.48983","782.54370","0.00253","0.00047","19.90871"
"14.80000","0.49334","786.57465","0.00263","0.00040","20.01126"
"14.90000","0.49678","790.34064","0.00263","0.00038","20.10707"
"15.00000","0.49992","794.88605","0.00264","0.00029","20.22271"
"15.10000","0.50335","799.42914","0.00266","0.00039","20.33829"
"15.20000","0.50679","803.26935","0.00266","0.00028","20.43599"
"15.30000","0.51000","806.48596","0.00270","0.00026","20.51783"
"15.40000","0.51337","810.81653","0.00269","0.00022","20.62800"
"15.50000","0.51666","814.35504","0.00271","0.00027","20.71802"
"15.60000","0.52002","818.64374","0.00274","0.00036","20.82713"
"15.70000","0.52323","821.82043","0.00275","0.00029","20.90795"
"15.80000","0.52660","827.02423","0.00276","0.00038","21.04034"
"15.90000","0.53011","831.02246","0.00279","0.00059","21.14206"
"16.00000","0.53325","833.82397","0.00281","0.00058","21.21333"
"16.10000","0.53669","838.78021","0.00282","0.00060","21.33942"
"16.20000","0.54012","842.82684","0.00284","0.00063","21.44238"
"16.30000","0.54319","846.26062","0.00286","0.00085","21.52973"
"16.40000","0.54670","849.97015","0.00289","0.00121","21.62411"
"16.50000","0.55006","853.86792","0.00292","0.00115","21.72327"
"16.60000","0.55328","857.99609","0.00293","0.00111","21.82830"
"16.70000","0.55672","862.10370","0.00294","0.00108","21.93280"
"16.80000","0.56000","865.30157","0.00297","0.00113","22.01415"
"16.90000","0.56337","868.77637","0.00298","0.00103","22.10256"
"17.00000","0.56658","873.15625","0.00301","0.00079","22.21399"
"17.10000","0.56994","876.94135","0.00301","0.00068","22.31028"
"17.20000","0.57346","880.89362","0.00305","0.00074","22.41083"
"17.30000","0.57660","884.26306","0.00304","0.00062","22.49655"
"17.40000","0.58011","888.93445","0.00309","0.00064","22.61540"
"17.50000","0.58347","892.19128","0.00311","0.00067","22.69826"
"17.60000","0.58654","895.48157","0.00311","0.00063","22.78197"
"17.70000","0.59005","899.38110","0.00314","0.00059","22.88117"
"17.80000","0.59341","903.91223","0.00313","0.00051","22.99645"
"17.90000","0.59662","906.66656","0.00315","0.00045","23.06652"
"18.00000","0.60006","910.84766","0.00315","0.00043","23.17289"
"18.10000","0.60343","914.80969","0.00318","0.00041","23.27369"
"18.20000","0.60671","918.71704","0.00318","0.00042","23.37310"
"18.30000","0.60993","921.34558","0.00318","0.00041","23.43997"
"18.40000","0.61329","926.52179","0.00323","0.00038","23.57166"
"18.50000","0.61665","930.06360","0.00324","0.00027","23.66177"
"18.60000","0.61979","933.17383","0.00325","0.00028","23.74089"
"18.70000","0.62338","937.15295","0.00326","0.00032","23.84213"
"18.80000","0.62682","940.70099","0.00327","0.00032","23.93239"
"18.90000","0.62996","944.73035","0.00328","0.00039","24.03490"
"19.00000","0.63340","948.58734","0.00332","0.00032","24.13303"
"19.10000","0.63668","952.28467","0.00332","0.00053","24.22709"
"19.20000","0.63990","956.28259","0.00333","0.00062","24.32880"
"19.30000","0.64334","959.76910","0.00333","0.00065","24.41751"
"19.40000","0.64670","962.90753","0.00338","0.00068","24.49735"
"19.50000","0.64999","967.69202","0.00340","0.00072","24.61907"
"19.60000","0.65335","970.81720","0.00340","0.00094","24.69858"
"19.70000","0.65671","974.95813","0.00342","0.00115","24.80393"
"19.80000","0.66000","978.79822","0.00345","0.00125","24.90162"
"19.90000","0.66322","982.04742","0.00346","0.00106","24.98429"
"20.00000","0.66665","985.63147","0.00347","0.00114","25.07547"
"20.10000","0.67002","989.85254","0.00351","0.00113","25.18286"
"20.20000","0.67323","992.39777","0.00348","0.00104","25.24761"
"20.30000","0.67674","996.49628","0.00351","0.00081","25.35188"
"20.40000","0.68011","999.96014","0.00354","0.00073","25.44001"
"20.50000","0.68324","1,003.05237","0.00358","0.00065","25.51867"
"20.60000","0.68661","1,007.25201","0.00358","0.00061","25.62552"
"20.70000","0.68997","1,010.80035","0.00359","0.00065","25.71579"
"20.80000","0.69326","1,014.07233","0.00361","0.00068","25.79903"
"20.90000","0.69662","1,017.86169","0.00364","0.00066","25.89544"
"21.00000","0.70006","1,021.27728","0.00367","0.00055","25.98234"
"21.10000","0.70335","1,026.07690","0.00369","0.00056","26.10444"
"21.20000","0.70656","1,028.92969","0.00368","0.00051","26.17702"
"21.30000","0.71000","1,031.82581","0.00370","0.00052","26.25070"
"21.40000","0.71336","1,036.29419","0.00368","0.00059","26.36438"
"21.50000","0.71658","1,039.60425","0.00373","0.00043","26.44859"
"21.60000","0.72009","1,044.20129","0.00376","0.00049","26.56555"
"21.70000","0.72345","1,047.00061","0.00377","0.00035","26.63676"
"21.80000","0.72659","1,050.46838","0.00376","0.00041","26.72499"
"21.90000","0.72996","1,053.98279","0.00381","0.00043","26.81440"
"22.00000","0.73332","1,057.59082","0.00379","0.00035","26.90619"
"22.10000","0.73653","1,061.52197","0.00383","0.00036","27.00620"
"22.20000","0.73997","1,064.87915","0.00382","0.00034","27.09161"
"22.30000","0.74341","1,067.82874","0.00385","0.00045","27.16665"
"22.40000","0.74670","1,071.73523","0.00385","0.00061","27.26604"
"22.50000","0.74998","1,074.29309","0.00387","0.00080","27.33111"
"22.60000","0.75335","1,079.09912","0.00388","0.00100","27.45338"
"22.70000","0.75664","1,082.37891","0.00390","0.00091","27.53682"
"22.80000","0.75985","1,085.72070","0.00391","0.00096","27.62184"
"22.90000","0.76329","1,089.11975","0.00393","0.00147","27.70832"
"23.00000","0.76665","1,092.51233","0.00395","0.00141","27.79463"
"23.10000","0.76994","1,096.07056","0.00396","0.00132","27.88515"
"23.20000","0.77330","1,100.02075","0.00399","0.00129","27.98565"
"23.30000","0.77682","1,103.98193","0.00401","0.00129","28.08643"
"23.40000","0.77988","1,106.55212","0.00401","0.00136","28.15182"
"23.50000","0.78332","1,110.43457","0.00402","0.00149","28.25059"
"23.60000","0.78676","1,113.85718","0.00405","0.00117","28.33766"
"23.70000","0.78989","1,117.78955","0.00409","0.00112","28.43771"
"23.80000","0.79333","1,120.69116","0.00410","0.00091","28.51153"
"23.90000","0.79677","1,124.20227","0.00412","0.00095","28.60085"
"24.00000","0.79998","1,126.76709","0.00417","0.00067","28.66610"
"24.10000","0.80327","1,130.42834","0.00417","0.00078","28.75925"
"24.20000","0.80664","1,134.53406","0.00418","0.00076","28.86370"
"24.30000","0.81007","1,137.64490","0.00419","0.00073","28.94285"
"24.40000","0.81329","1,141.50989","0.00424","0.00076","29.04118"
"24.50000","0.81665","1,144.43408","0.00424","0.00062","29.11557"
"24.60000","0.82016","1,148.78491","0.00425","0.00072","29.22626"
"24.70000","0.82323","1,151.18237","0.00427","0.00071","29.28725"
"24.80000","0.82659","1,154.55859","0.00430","0.00076","29.37315"
"24.90000","0.83003","1,158.51025","0.00431","0.00052","29.47368"
"25.00000","0.83317","1,162.04834","0.00431","0.00061","29.56370"
"25.10000","0.83668","1,165.17224","0.00436","0.00057","29.64317"
"25.20000","0.84004","1,168.87878","0.00435","0.00066","29.73747"
"25.30000","0.84333","1,172.38196","0.00438","0.00057","29.82659"
"25.40000","0.84662","1,175.67102","0.00439","0.00060","29.91027"
"25.50000","0.84991","1,179.12195","0.00438","0.00068","29.99807"
"25.60000","0.85327","1,182.68103","0.00440","0.00079","30.08861"
"25.70000","0.85656","1,185.63745","0.00440","0.00094","30.16383"
"25.80000","0.85992","1,189.53723","0.00443","0.00105","30.26304"
"25.90000","0.86351","1,192.96521","0.00443","0.00139","30.35025"
"26.00000","0.86665","1,196.69348","0.00446","0.00162","30.44510"
"26.10000","0.87009","1,200.09888","0.00447","0.00150","30.53174"
"26.20000","0.87345","1,203.05103","0.00448","0.00153","30.60685"
"26.30000","0.87644","1,206.94751","0.00449","0.00168","30.70598"
"26.40000","0.88003","1,209.56042","0.00451","0.00165","30.77245"
"26.50000","0.88339","1,213.43494","0.00451","0.00165","30.87102"
"26.60000","0.88668","1,216.38928","0.00454","0.00159","30.94618"
"26.70000","0.89004","1,219.31714","0.00456","0.00159","31.02067"
"26.80000","0.89340","1,222.43604","0.00457","0.00156","31.10002"
"26.90000","0.89677","1,226.68005","0.00459","0.00134","31.20799"
"27.00000","0.89991","1,229.48816","0.00463","0.00125","31.27943"
"27.10000","0.90327","1,232.49268","0.00465","0.00107","31.35587"
"27.20000","0.90671","1,235.66040","0.00466","0.00099","31.43646"
"27.30000","0.90985","1,240.09265","0.00471","0.00096","31.54922"
"27.40000","0.91336","1,242.60583","0.00470","0.00093","31.61316"
"27.50000","0.91680","1,247.54419","0.00472","0.00090","31.73880"
"27.60000","0.91986","1,249.48279","0.00474","0.00101","31.78812"
"27.70000","0.92337","1,253.35327","0.00477","0.00093","31.88659"
"27.80000","0.92666","1,256.12622","0.00481","0.00085","31.95713"
"27.90000","0.92988","1,259.94202","0.00483","0.00088","32.05421"
"28.00000","0.93339","1,262.78674","0.00483","0.00097","32.12658"
"28.10000","0.93668","1,266.27576","0.00485","0.00087","32.21535"
"28.20000","0.94004","1,269.67175","0.00485","0.00087","32.30175"
"28.30000","0.94325","1,271.93079","0.00488","0.00085","32.35921"
"28.40000","0.94669","1,275.11523","0.00489","0.00071","32.44023"
"28.50000","0.94998","1,278.01514","0.00491","0.00058","32.51401"
"28.60000","0.95312","1,281.22449","0.00493","0.00063","32.59566"
"28.70000","0.95671","1,284.49695","0.00493","0.00071","32.67891"
"28.80000","0.96014","1,288.18811","0.00494","0.00077","32.77282"
"28.90000","0.96328","1,290.63745","0.00496","0.00091","32.83513"
"29.00000","0.96672","1,294.28906","0.00498","0.00117","32.92804"
"29.10000","0.97001","1,297.93823","0.00498","0.00121","33.02087"
"29.20000","0.97322","1,300.96045","0.00499","0.00166","33.09776"
"29.30000","0.97666","1,304.02478","0.00501","0.00157","33.17572"
"29.40000","0.98002","1,307.10315","0.00502","0.00181","33.25404"
"29.50000","0.98339","1,309.76904","0.00505","0.00167","33.32186"
"29.60000","0.98668","1,313.43298","0.00503","0.00180","33.41507"
"29.70000","0.99004","1,316.19434","0.00507","0.00179","33.48532"
"29.80000","0.99333","1,319.75439","0.00509","0.00190","33.57590"
"29.90000","0.99647","1,322.48254","0.00510","0.00191","33.64531"
"30.00000","0.99998","1,325.72754","0.00510","0.00187","33.72786"
"30.10000","1.00334","1,328.89917","0.00515","0.00184","33.80855"
"30.20000","1.00656","1,331.55469","0.00514","0.00143","33.87611"
"30.30000","1.01007","1,334.37708","0.00518","0.00122","33.94791"
"30.40000","1.01343","1,338.06873","0.00520","0.00134","34.04183"
"30.50000","1.01665","1,341.54541","0.00523","0.00125","34.13028"
"30.60000","1.02001","1,344.43774","0.00523","0.00117","34.20387"
"30.70000","1.02337","1,347.43066","0.00526","0.00112","34.28001"
"30.80000","1.02659","1,350.15723","0.00526","0.00117","34.34938"
"30.90000","1.02995","1,353.34314","0.00527","0.00110","34.43043"
"31.00000","1.03339","1,356.84863","0.00532","0.00112","34.51962"
"31.10000","1.03668","1,359.76721","0.00534","0.00108","34.59386"
"31.20000","1.03989","1,362.83875","0.00535","0.00101","34.67201"
"31.30000","1.04325","1,365.40918","0.00537","0.00101","34.73740"
"31.40000","1.04662","1,369.41699","0.00541","0.00090","34.83937"
"31.50000","1.04990","1,371.81445","0.00540","0.00099","34.90036"
"31.60000","1.05334","1,374.77161","0.00541","0.00095","34.97559"
"31.70000","1.05670","1,377.17065","0.00545","0.00088","35.03662"
"31.80000","1.05999","1,381.40137","0.00546","0.00081","35.14426"
"31.90000","1.06336","1,383.97156","0.00546","0.00078","35.20965"
"32.00000","1.06672","1,386.90845","0.00546","0.00086","35.28437"
"32.10000","1.06993","1,390.24316","0.00549","0.00091","35.36921"
"32.20000","1.07330","1,392.23401","0.00549","0.00110","35.41985"
"32.30000","1.07673","1,395.84375","0.00553","0.00114","35.51169"
"32.40000","1.08002","1,399.59851","0.00551","0.00132","35.60721"
"32.50000","1.08331","1,401.79810","0.00552","0.00147","35.66317"
"32.60000","1.08675","1,404.87781","0.00556","0.00160","35.74152"
"32.70000","1.09004","1,408.34595","0.00554","0.00192","35.82976"
"32.80000","1.09325","1,410.98047","0.00557","0.00184","35.89678"
"32.90000","1.09661","1,414.02441","0.00560","0.00183","35.97422"
"33.00000","1.10005","1,417.37244","0.00561","0.00190","36.05940"
"33.10000","1.10327","1,420.92261","0.00562","0.00194","36.14972"
"33.20000","1.10670","1,423.72180","0.00563","0.00188","36.22094"
"33.30000","1.11014","1,427.32910","0.00564","0.00195","36.31271"
"33.40000","1.11321","1,429.50952","0.00568","0.00153","36.36818"
"33.50000","1.11657","1,432.74902","0.00570","0.00129","36.45060"
"33.60000","1.12001","1,436.01294","0.00571","0.00129","36.53363"
"33.70000","1.12322","1,439.14233","0.00576","0.00131","36.61325"
"33.80000","1.12666","1,441.47095","0.00576","0.00130","36.67249"
"33.90000","1.13002","1,445.38660","0.00577","0.00117","36.77211"
"34.00000","1.13338","1,448.24036","0.00577","0.00127","36.84471"
"34.10000","1.13660","1,451.12012","0.00581","0.00121","36.91798"
"34.20000","1.13996","1,454.20496","0.00581","0.00116","36.99646"
"34.30000","1.14340","1,457.37317","0.00584","0.00113","37.07706"
"34.40000","1.14654","1,459.16858","0.00584","0.00115","37.12274"
"34.50000","1.14998","1,463.14575","0.00586","0.00107","37.22392"
"34.60000","1.15356","1,465.95593","0.00590","0.00107","37.29541"
"34.70000","1.15655","1,468.74390","0.00591","0.00101","37.36634"
"34.80000","1.15999","1,472.25330","0.00593","0.00106","37.45563"
"34.90000","1.16343","1,474.82227","0.00590","0.00099","37.52098"
"35.00000","1.16657","1,477.87378","0.00596","0.00084","37.59862"
"35.10000","1.17001","1,480.78003","0.00599","0.00093","37.67255"
"35.20000","1.17337","1,483.30249","0.00600","0.00087","37.73673"
"35.30000","1.17673","1,486.67358","0.00596","0.00094","37.82249"
"35.40000","1.18002","1,489.97644","0.00603","0.00106","37.90652"
"35.50000","1.18331","1,492.25305","0.00605","0.00125","37.96444"
"35.60000","1.18675","1,495.05200","0.00608","0.00150","38.03565"
"35.70000","1.18989","1,498.42505","0.00606","0.00152","38.12146"
"35.80000","1.19325","1,501.00488","0.00604","0.00148","38.18710"
"35.90000","1.19676","1,503.85034","0.00611","0.00205","38.25949"
"36.00000","1.19990","1,506.82544","0.00610","0.00202","38.33517"
"36.10000","1.20334","1,509.28735","0.00604","0.00194","38.39781"
"36.20000","1.20678","1,512.81152","0.00615","0.00205","38.48747"
"36.30000","1.20984","1,514.62463","0.00616","0.00199","38.53360"
"36.40000","1.21335","1,517.94043","0.00617","0.00207","38.61795"
"36.50000","1.21664","1,520.55115","0.00619","0.00167","38.68437"
"36.60000","1.21993","1,524.04724","0.00617","0.00143","38.77332"
"36.70000","1.22337","1,526.57227","0.00621","0.00152","38.83755"
"36.80000","1.22673","1,530.54736","0.00625","0.00150","38.93869"
"36.90000","1.23009","1,532.72021","0.00624","0.00142","38.99397"
"37.00000","1.23323","1,534.85193","0.00624","0.00147","39.04820"
"37.10000","1.23667","1,537.43896","0.00630","0.00132","39.11402"
"37.20000","1.24011","1,541.21289","0.00630","0.00136","39.21003"
"37.30000","1.24317","1,543.02124","0.00633","0.00132","39.25603"
"37.40000","1.24676","1,546.33301","0.00633","0.00122","39.34029"
"37.50000","1.25012","1,549.81262","0.00633","0.00123","39.42881"
"37.60000","1.25319","1,551.43091","0.00638","0.00123","39.46999"
"37.70000","1.25670","1,553.97424","0.00637","0.00123","39.53469"
"37.80000","1.25999","1,556.90332","0.00638","0.00115","39.60921"
"37.90000","1.26320","1,560.34595","0.00640","0.00119","39.69679"
"38.00000","1.26664","1,562.77197","0.00645","0.00123","39.75851"
"38.10000","1.27000","1,565.05090","0.00641","0.00116","39.81649"
"38.20000","1.27337","1,569.62183","0.00647","0.00111","39.93278"
"38.30000","1.27658","1,571.28369","0.00645","0.00094","39.97506"
"38.40000","1.27994","1,573.95532","0.00644","0.00104","40.04303"
"38.50000","1.28331","1,577.25159","0.00644","0.00104","40.12689"
"38.60000","1.28645","1,579.68811","0.00651","0.00108","40.18888"
"38.70000","1.29003","1,583.68567","0.00646","0.00135","40.29058"
"38.80000","1.29340","1,585.08752","0.00646","0.00140","40.32624"
"38.90000","1.29661","1,587.24023","0.00648","0.00168","40.38101"
"39.00000","1.30012","1,591.67981","0.00651","0.00164","40.49396"
"39.10000","1.30341","1,593.38379","0.00655","0.00175","40.53731"
"39.20000","1.30663","1,596.74292","0.00658","0.00210","40.62277"
"39.30000","1.30999","1,598.99084","0.00662","0.00211","40.67996"
"39.40000","1.31335","1,601.42627","0.00663","0.00219","40.74192"
"39.50000","1.31664","1,603.82764","0.00668","0.00221","40.80301"
"39.60000","1.31993","1,607.20215","0.00666","0.00213","40.88886"
"39.70000","1.32337","1,610.70605","0.00670","0.00178","40.97800"
"39.80000","1.32673","1,612.86987","0.00669","0.00159","41.03305"
"39.90000","1.32987","1,615.13477","0.00674","0.00157","41.09068"
"40.00000","1.33331","1,618.69153","0.00674","0.00157","41.18116"
"40.10000","1.33674","1,620.58716","0.00671","0.00161","41.22939"
"40.20000","1.33996","1,623.32874","0.00675","0.00157","41.29914"
"40.30000","1.34340","1,626.19202","0.00675","0.00163","41.37198"
"40.40000","1.34676","1,628.59705","0.00673","0.00158","41.43317"
"40.50000","1.34997","1,631.69507","0.00674","0.00150","41.51199"
"40.60000","1.35326","1,634.46423","0.00676","0.00146","41.58244"
"40.70000","1.35662","1,637.08423","0.00684","0.00142","41.64909"
"40.80000","1.35991","1,639.74805","0.00685","0.00139","41.71686"
"40.90000","1.36328","1,642.91650","0.00683","0.00140","41.79747"
"41.00000","1.36679","1,645.52649","0.00680","0.00135","41.86387"
"41.10000","1.37000","1,648.88611","0.00686","0.00137","41.94934"
"41.20000","1.37322","1,650.13843","0.00689","0.00136","41.98120"
"41.30000","1.37673","1,653.79285","0.00687","0.00123","42.07418"
"41.40000","1.38002","1,656.56506","0.00685","0.00110","42.14471"
"41.50000","1.38323","1,658.04492","0.00695","0.00113","42.18235"
"41.60000","1.38667","1,661.95410","0.00691","0.00119","42.28181"
"41.70000","1.39011","1,664.27124","0.00694","0.00119","42.34076"
"41.80000","1.39332","1,667.22534","0.00698","0.00132","42.41591"
"41.90000","1.39668","1,669.81580","0.00695","0.00141","42.48182"
"42.00000","1.40005","1,672.37390","0.00699","0.00155","42.54690"
"42.10000","1.40326","1,674.53516","0.00698","0.00178","42.60188"
"42.20000","1.40662","1,677.49841","0.00703","0.00194","42.67727"
"42.30000","1.41006","1,679.68201","0.00709","0.00187","42.73282"
"42.40000","1.41335","1,682.91943","0.00711","0.00216","42.81519"
"42.50000","1.41664","1,684.92554","0.00710","0.00226","42.86623"
"42.60000","1.42008","1,687.75269","0.00718","0.00236","42.93815"
"42.70000","1.42336","1,690.27954","0.00712","0.00237","43.00244"
"42.80000","1.42650","1,692.80615","0.00722","0.00234","43.06672"
"42.90000","1.42994","1,695.63611","0.00717","0.00194","43.13871"
"43.00000","1.43338","1,698.81396","0.00718","0.00190","43.21956"
"43.10000","1.43659","1,700.73047","0.00719","0.00183","43.26832"
"43.20000","1.43996","1,703.91333","0.00718","0.00178","43.34929"
"43.30000","1.44347","1,705.60559","0.00719","0.00183","43.39235"
"43.40000","1.44653","1,708.59973","0.00720","0.00176","43.46852"
"43.50000","1.44997","1,712.20898","0.00726","0.00180","43.56034"
"43.60000","1.45341","1,714.28003","0.00726","0.00178","43.61303"
"43.70000","1.45662","1,717.33777","0.00724","0.00174","43.69083"
"43.80000","1.45999","1,718.92700","0.00724","0.00181","43.73125"
"43.90000","1.46342","1,722.42004","0.00727","0.00167","43.82012"
"44.00000","1.46671","1,724.11218","0.00728","0.00168","43.86317"
"44.10000","1.46993","1,726.75378","0.00727","0.00168","43.93038"
"44.20000","1.47329","1,729.07129","0.00729","0.00159","43.98934"
"44.30000","1.47665","1,732.13281","0.00731","0.00154","44.06723"
"44.40000","1.47987","1,734.33179","0.00736","0.00145","44.12317"
"44.50000","1.48330","1,737.07825","0.00738","0.00137","44.19304"
"44.60000","1.48682","1,739.63733","0.00739","0.00132","44.25815"
"44.70000","1.48988","1,741.24243","0.00739","0.00132","44.29898"
"44.80000","1.49332","1,744.64954","0.00745","0.00130","44.38566"
"44.90000","1.49676","1,747.52808","0.00748","0.00148","44.45890"
"45.00000","1.49989","1,749.67297","0.00746","0.00143","44.51347"
"45.10000","1.50333","1,752.08618","0.00746","0.00153","44.57486"
"45.20000","1.50670","1,754.31860","0.00750","0.00168","44.63166"
"45.30000","1.50998","1,757.54932","0.00752","0.00191","44.71385"
"45.40000","1.51342","1,760.55762","0.00751","0.00198","44.79038"
"45.50000","1.51671","1,762.75842","0.00756","0.00196","44.84637"
"45.60000","1.52007","1,764.92761","0.00755","0.00201","44.90156"
"45.70000","1.52321","1,767.43860","0.00758","0.00231","44.96544"
"45.80000","1.52665","1,770.75513","0.00758","0.00247","45.04982"
"45.90000","1.53009","1,772.98669","0.00760","0.00233","45.10659"
"46.00000","1.53323","1,774.51257","0.00761","0.00235","45.14541"
"46.10000","1.53674","1,777.10730","0.00763","0.00201","45.21142"
"46.20000","1.54010","1,781.13599","0.00764","0.00204","45.31392"
"46.30000","1.54317","1,782.13550","0.00769","0.00199","45.33934"
"46.40000","1.54668","1,785.46082","0.00768","0.00193","45.42394"
"46.50000","1.54997","1,787.72021","0.00770","0.00188","45.48143"
"46.60000","1.55326","1,790.75732","0.00770","0.00199","45.55869"
"46.70000","1.55669","1,792.43909","0.00769","0.00195","45.60148"
"46.80000","1.56006","1,795.06946","0.00772","0.00193","45.66840"
"46.90000","1.56335","1,798.67126","0.00776","0.00188","45.76003"
"47.00000","1.56656","1,800.48657","0.00776","0.00185","45.80621"
"47.10000","1.57000","1,803.29553","0.00779","0.00182","45.87768"
"47.20000","1.57336","1,805.40161","0.00777","0.00180","45.93126"
"47.30000","1.57650","1,807.47522","0.00780","0.00175","45.98401"
"47.40000","1.58001","1,810.23596","0.00782","0.00171","46.05425"
"47.50000","1.58345","1,812.28650","0.00785","0.00165","46.10642"
"47.60000","1.58659","1,815.14917","0.00786","0.00171","46.17924"
"47.70000","1.59003","1,817.84595","0.00790","0.00167","46.24786"
"47.80000","1.59332","1,820.30310","0.00790","0.00162","46.31037"
"47.90000","1.59660","1,822.12585","0.00791","0.00155","46.35674"
"48.00000","1.59997","1,824.80383","0.00794","0.00153","46.42487"
"48.10000","1.60333","1,827.41467","0.00796","0.00146","46.49129"
"48.20000","1.60669","1,829.41479","0.00799","0.00163","46.54218"
"48.30000","1.60998","1,830.79333","0.00802","0.00169","46.57725"
"48.40000","1.61335","1,834.01587","0.00801","0.00196","46.65923"
"48.50000","1.61671","1,836.80688","0.00807","0.00214","46.73024"
"48.60000","1.61985","1,839.50293","0.00807","0.00227","46.79883"
"48.70000","1.62329","1,841.21912","0.00808","0.00235","46.84249"
"48.80000","1.62665","1,843.39551","0.00811","0.00253","46.89786"
"48.90000","1.62994","1,845.86108","0.00812","0.00274","46.96059"
"49.00000","1.63345","1,849.07617","0.00819","0.00276","47.04239"
"49.10000","1.63666","1,851.31409","0.00820","0.00220","47.09932"
"49.20000","1.63988","1,852.87427","0.00820","0.00227","47.13901"
"49.30000","1.64331","1,856.05811","0.00819","0.00227","47.22001"
"49.40000","1.64668","1,858.03210","0.00817","0.00224","47.27023"
"49.50000","1.64997","1,861.03674","0.00824","0.00227","47.34667"
"49.60000","1.65325","1,863.54016","0.00822","0.00220","47.41036"
"49.70000","1.65677","1,866.22559","0.00824","0.00218","47.47868"
"49.80000","1.66006","1,867.76892","0.00825","0.00231","47.51795"
"49.90000","1.66319","1,870.11255","0.00827","0.00223","47.57757"
"50.00000","1.66671","1,872.25732","0.00830","0.00215","47.63214"
"50.10000","1.67007","1,874.80640","0.00832","0.00218","47.69699"
"50.20000","1.67328","1,876.63904","0.00835","0.00206","47.74361"
"50.30000","1.67672","1,879.83362","0.00834","0.00221","47.82489"
"50.40000","1.68016","1,881.30554","0.00837","0.00203","47.86233"
"50.50000","1.68330","1,884.05554","0.00836","0.00196","47.93230"
"50.60000","1.68659","1,886.53601","0.00840","0.00196","47.99540"
"50.70000","1.69003","1,888.48206","0.00839","0.00203","48.04491"
"50.80000","1.69324","1,890.88281","0.00841","0.00196","48.10599"
"50.90000","1.69660","1,893.02209","0.00844","0.00198","48.16041"
"51.00000","1.70004","1,895.85742","0.00845","0.00195","48.23255"
"51.10000","1.70340","1,897.30249","0.00848","0.00192","48.26931"
"51.20000","1.70662","1,900.09070","0.00847","0.00175","48.34024"
"51.30000","1.70998","1,902.28247","0.00854","0.00184","48.39601"
"51.40000","1.71334","1,904.56396","0.00856","0.00181","48.45405"
"51.50000","1.71656","1,906.86804","0.00864","0.00192","48.51267"
"51.60000","1.71992","1,909.18054","0.00864","0.00221","48.57150"
"51.70000","1.72343","1,910.88806","0.00856","0.00235","48.61494"
"51.80000","1.72665","1,914.04321","0.00861","0.00294","48.69521"
"51.90000","1.73001","1,915.77283","0.00869","0.00291","48.73922"
"52.00000","1.73345","1,917.63159","0.00870","0.00296","48.78650"
"52.10000","1.73659","1,920.84326","0.00872","0.00292","48.86821"
"52.20000","1.73995","1,922.49377","0.00870","0.00266","48.91020"
"52.30000","1.74339","1,924.86084","0.00881","0.00249","48.97042"
"52.40000","1.74660","1,926.85889","0.00875","0.00250","49.02126"
"52.50000","1.74996","1,929.46460","0.00879","0.00256","49.08755"
"52.60000","1.75340","1,932.39819","0.00874","0.00249","49.16218"
"52.70000","1.75669","1,934.36487","0.00878","0.00253","49.21222"
"52.80000","1.75990","1,935.57812","0.00881","0.00246","49.24308"
"52.90000","1.76327","1,937.97522","0.00886","0.00252","49.30407"
"53.00000","1.76671","1,940.51392","0.00878","0.00243","49.36865"
"53.10000","1.76984","1,942.98547","0.00882","0.00244","49.43153"
"53.20000","1.77328","1,945.19910","0.00891","0.00232","49.48785"
"53.30000","1.77687","1,947.63953","0.00895","0.00231","49.54994"
"53.40000","1.77986","1,948.94971","0.00897","0.00237","49.58327"
"53.50000","1.78330","1,951.79785","0.00891","0.00234","49.65573"
"53.60000","1.78673","1,954.06787","0.00895","0.00225","49.71348"
"53.70000","1.78987","1,956.90576","0.00903","0.00230","49.78568"
"53.80000","1.79331","1,958.91113","0.00910","0.00214","49.83670"
"53.90000","1.79675","1,961.47705","0.00913","0.00227","49.90198"
"54.00000","1.80004","1,963.01245","0.00907","0.00220","49.94104"
"54.10000","1.80333","1,965.27881","0.00901","0.00225","49.99870"
"54.20000","1.80661","1,967.31836","0.00906","0.00224","50.05059"
"54.30000","1.81005","1,970.21204","0.00920","0.00227","50.12420"
"54.40000","1.81319","1,972.20166","0.00922","0.00225","50.17482"
"54.50000","1.81663","1,974.68738","0.00919","0.00219","50.23806"
"54.60000","1.82014","1,976.76587","0.00919","0.00256","50.29094"
"54.70000","1.82328","1,978.75317","0.00926","0.00291","50.34150"
"54.80000","1.82672","1,980.35205","0.00925","0.00298","50.38218"
"54.90000","1.83008","1,983.68298","0.00931","0.00312","50.46692"
"55.00000","1.83315","1,985.45618","0.00935","0.00316","50.51203"
"55.10000","1.83666","1,987.34509","0.00933","0.00323","50.56009"
"55.20000","1.84002","1,989.95154","0.00931","0.00332","50.62640"
"55.30000","1.84331","1,993.13196","0.00927","0.00310","50.70731"
"55.40000","1.84667","1,994.04077","0.00930","0.00278","50.73043"
"55.50000","1.85004","1,997.25391","0.00943","0.00278","50.81218"
"55.60000","1.85340","1,999.54883","0.00938","0.00283","50.87056"
"55.70000","1.85654","2,000.80054","0.00937","0.00271","50.90240"
"55.80000","1.85998","2,003.66809","0.00943","0.00282","50.97536"
"55.90000","1.86341","2,005.78528","0.00941","0.00276","51.02922"
"56.00000","1.86655","2,007.84119","0.00945","0.00278","51.08153"
"56.10000","1.87014","2,009.96326","0.00951","0.00272","51.13552"
"56.20000","1.87343","2,012.30371","0.00939","0.00281","51.19506"
"56.30000","1.87657","2,014.26575","0.00948","0.00267","51.24498"
"56.40000","1.88001","2,016.76746","0.00956","0.00262","51.30862"
"56.50000","1.88329","2,018.99292","0.00948","0.00271","51.36524"
"56.60000","1.88666","2,021.05212","0.00955","0.00260","51.41763"
"56.70000","1.89002","2,024.08728","0.00952","0.00248","51.49485"
"56.80000","1.89331","2,025.79346","0.00957","0.00251","51.53825"
"56.90000","1.89675","2,028.69385","0.00963","0.00235","51.61204"
"57.00000","1.89996","2,030.16870","0.00961","0.00247","51.64956"
"57.10000","1.90332","2,032.56165","0.00962","0.00237","51.71044"
"57.20000","1.90669","2,034.50903","0.00966","0.00244","51.75999"
"57.30000","1.90983","2,036.98682","0.00968","0.00250","51.82302"
"57.40000","1.91334","2,038.54810","0.00968","0.00239","51.86274"
"57.50000","1.91678","2,041.09387","0.00970","0.00232","51.92751"
"57.60000","1.91992","2,043.53430","0.00972","0.00242","51.98960"
"57.70000","1.92335","2,045.18982","0.00975","0.00300","52.03172"
"57.80000","1.92664","2,047.20557","0.00977","0.00316","52.08300"
"57.90000","1.92993","2,049.88281","0.00978","0.00317","52.15111"
"58.00000","1.93329","2,051.56348","0.00980","0.00327","52.19387"
"58.10000","1.93666","2,053.34863","0.00980","0.00333","52.23928"
"58.20000","1.94010","2,056.21484","0.00985","0.00331","52.31220"
"58.30000","1.94331","2,058.18237","0.00985","0.00326","52.36226"
"58.40000","1.94675","2,060.68726","0.00988","0.00320","52.42599"
"58.50000","1.95004","2,063.30200","0.00990","0.00291","52.49251"
"58.60000","1.95310","2,064.69922","0.00991","0.00293","52.52805"
"58.70000","1.95669","2,067.16162","0.00991","0.00294","52.59070"
"58.80000","1.96005","2,069.63965","0.00993","0.00291","52.65374"
"58.90000","1.96326","2,070.87988","0.00997","0.00289","52.68530"
"59.00000","1.96670","2,073.63037","0.00996","0.00301","52.75527"
"59.10000","1.97006","2,075.38037","0.01000","0.00295","52.79979"
"59.20000","1.97328","2,077.85718","0.01000","0.00291","52.86280"
"59.30000","1.97664","2,079.51807","0.01002","0.00286","52.90506"
"59.40000","1.97993","2,081.70630","0.01004","0.00279","52.96073"
"59.50000","1.98329","2,083.47632","0.01002","0.00280","53.00576"
"59.60000","1.98658","2,085.44824","0.01007","0.00270","53.05593"
"59.70000","1.99009","2,088.21045","0.01008","0.00259","53.12621"
"59.80000","1.99346","2,090.37036","0.01009","0.00269","53.18116"
"59.90000","1.99652","2,092.25366","0.01012","0.00273","53.22907"
"60.00000","2.00003","2,093.56519","0.01013","0.00261","53.26243"
"60.10000","2.00332","2,096.67285","0.01013","0.00264","53.34150"
"60.20000","2.00654","2,098.50708","0.01013","0.00250","53.38816"
"60.30000","2.01005","2,100.90015","0.01014","0.00251","53.44904"
"60.40000","2.01349","2,102.36743","0.01019","0.00255","53.48637"
"60.50000","2.01663","2,105.15698","0.01022","0.00254","53.55734"
"60.60000","2.01999","2,106.76538","0.01021","0.00254","53.59826"
"60.70000","2.02343","2,108.09326","0.01023","0.00255","53.63204"
"60.80000","2.02664","2,110.42847","0.01022","0.00277","53.69145"
"60.90000","2.02993","2,112.61914","0.01026","0.00310","53.74718"
"61.00000","2.03344","2,114.63623","0.01029","0.00322","53.79850"
"61.10000","2.03666","2,116.43506","0.01029","0.00349","53.84426"
"61.20000","2.03994","2,118.57764","0.01031","0.00346","53.89878"
"61.30000","2.04338","2,120.73242","0.01031","0.00361","53.95360"
"61.40000","2.04674","2,122.64941","0.01035","0.00349","54.00237"
"61.50000","2.04988","2,124.23169","0.01035","0.00342","54.04262"
"61.60000","2.05325","2,126.91284","0.01035","0.00325","54.11083"
"61.70000","2.05668","2,128.82495","0.01037","0.00312","54.15948"
"61.80000","2.05997","2,130.92163","0.01044","0.00308","54.21282"
"61.90000","2.06326","2,133.23633","0.01042","0.00309","54.27171"
"62.00000","2.06677","2,134.85938","0.01047","0.00311","54.31300"
"62.10000","2.06984","2,136.46899","0.01046","0.00306","54.35395"
"62.20000","2.07328","2,137.94165","0.01051","0.00316","54.39141"
"62.30000","2.07671","2,140.91382","0.01053","0.00315","54.46703"
"62.40000","2.07993","2,142.24512","0.01051","0.00304","54.50090"
"62.50000","2.08329","2,144.30688","0.01056","0.00299","54.55336"
"62.60000","2.08673","2,146.65039","0.01056","0.00296","54.61298"
"62.70000","2.09002","2,148.87866","0.01055","0.00292","54.66967"
"62.80000","2.09323","2,150.45190","0.01057","0.00284","54.70969"
"62.90000","2.09659","2,152.63354","0.01057","0.00281","54.76519"
"63.00000","2.10003","2,154.36133","0.01061","0.00282","54.80915"
"63.10000","2.10317","2,156.15527","0.01064","0.00274","54.85479"
"63.20000","2.10668","2,158.77075","0.01065","0.00278","54.92133"
"63.30000","2.11020","2,161.36621","0.01065","0.00271","54.98736"
"63.40000","2.11326","2,162.43530","0.01065","0.00274","55.01456"
"63.50000","2.11662","2,163.79419","0.01067","0.00271","55.04913"
"63.60000","2.12006","2,165.64990","0.01069","0.00269","55.09634"
"63.70000","2.12320","2,168.12231","0.01068","0.00268","55.15924"
"63.80000","2.12664","2,169.73462","0.01072","0.00273","55.20026"
"63.90000","2.13008","2,172.60571","0.01072","0.00281","55.27330"
"64.00000","2.13336","2,174.04053","0.01074","0.00271","55.30981"
"64.10000","2.13665","2,176.47437","0.01079","0.00307","55.37173"
"64.20000","2.14002","2,178.01367","0.01079","0.00363","55.41089"
"64.30000","2.14338","2,180.48340","0.01079","0.00375","55.47372"
"64.40000","2.14652","2,182.19336","0.01079","0.00379","55.51722"
"64.50000","2.14996","2,184.84326","0.01082","0.00376","55.58464"
"64.60000","2.15347","2,186.91943","0.01085","0.00365","55.63746"
"64.70000","2.15653","2,188.24512","0.01086","0.00350","55.67119"
"64.80000","2.16005","2,190.00317","0.01089","0.00352","55.71592"
"64.90000","2.16341","2,192.29980","0.01092","0.00322","55.77434"
"65.00000","2.16655","2,193.97070","0.01093","0.00323","55.81685"
"65.10000","2.16999","2,196.18994","0.01097","0.00327","55.87331"
"65.20000","2.17335","2,198.25098","0.01099","0.00331","55.92575"
"65.30000","2.17671","2,200.40405","0.01097","0.00326","55.98052"
"65.40000","2.18000","2,202.37378","0.01100","0.00329","56.03064"
"65.50000","2.18336","2,204.11206","0.01102","0.00328","56.07486"
"65.60000","2.18673","2,206.72803","0.01102","0.00311","56.14141"
"65.70000","2.18987","2,208.35229","0.01104","0.00313","56.18274"
"65.80000","2.19330","2,210.18481","0.01109","0.00313","56.22935"
"65.90000","2.19667","2,212.32129","0.01110","0.00306","56.28371"
"66.00000","2.19988","2,214.66113","0.01111","0.00302","56.34324"
"66.10000","2.20339","2,216.15479","0.01112","0.00306","56.38124"
"66.20000","2.20676","2,218.36499","0.01115","0.00296","56.43747"
"66.30000","2.20990","2,219.81299","0.01113","0.00288","56.47431"
"66.40000","2.21333","2,221.90723","0.01115","0.00286","56.52759"
"66.50000","2.21655","2,224.04028","0.01116","0.00289","56.58185"
"66.60000","2.21991","2,225.99585","0.01115","0.00296","56.63160"
"66.70000","2.22327","2,227.98145","0.01118","0.00292","56.68212"
"66.80000","2.22664","2,229.83203","0.01117","0.00298","56.72920"
"66.90000","2.23015","2,232.43579","0.01122","0.00296","56.79544"
"67.00000","2.23329","2,233.74976","0.01122","0.00299","56.82887"
"67.10000","2.23665","2,235.76880","0.01123","0.00299","56.88024"
"67.20000","2.24009","2,238.47559","0.01127","0.00305","56.94910"
"67.30000","2.24315","2,239.39624","0.01128","0.00309","56.97253"
"67.40000","2.24674","2,241.99780","0.01131","0.00352","57.03871"
"67.50000","2.25010","2,243.73730","0.01133","0.00403","57.08297"
"67.60000","2.25332","2,245.19678","0.01132","0.00403","57.12010"
"67.70000","2.25676","2,247.68896","0.01137","0.00410","57.18350"
"67.80000","2.26004","2,250.09521","0.01138","0.00403","57.24472"
"67.90000","2.26333","2,251.37451","0.01140","0.00374","57.27726"
"68.00000","2.26662","2,252.99780","0.01143","0.00368","57.31856"
"68.10000","2.26998","2,255.15210","0.01144","0.00368","57.37337"
"68.20000","2.27342","2,258.00342","0.01147","0.00336","57.44591"
"68.30000","2.27656","2,259.01001","0.01148","0.00339","57.47152"
"68.40000","2.28007","2,261.58032","0.01151","0.00350","57.53691"
"68.50000","2.28344","2,263.58545","0.01151","0.00350","57.58792"
"68.60000","2.28650","2,265.39209","0.01153","0.00349","57.63388"
"68.70000","2.29001","2,267.34448","0.01155","0.00348","57.68356"
"68.80000","2.29338","2,269.55127","0.01157","0.00344","57.73970"
"68.90000","2.29659","2,271.04663","0.01161","0.00333","57.77774"
"69.00000","2.30010","2,272.97192","0.01163","0.00332","57.82673"
"69.10000","2.30347","2,275.21558","0.01165","0.00321","57.88380"
"69.20000","2.30668","2,276.91284","0.01165","0.00310","57.92699"
"69.30000","2.30997","2,279.08667","0.01162","0.00318","57.98229"
"69.40000","2.31333","2,280.66479","0.01166","0.00315","58.02244"
"69.50000","2.31669","2,283.11328","0.01165","0.00311","58.08473"
"69.60000","2.31991","2,284.50635","0.01169","0.00319","58.12017"
"69.70000","2.32350","2,286.26880","0.01171","0.00320","58.16501"
"69.80000","2.32678","2,288.71436","0.01172","0.00313","58.22723"
"69.90000","2.32992","2,290.18799","0.01174","0.00307","58.26472"
"70.00000","2.33336","2,292.14160","0.01177","0.00306","58.31442"
"70.10000","2.33672","2,294.73926","0.01175","0.00309","58.38051"
"70.20000","2.33994","2,296.19360","0.01178","0.00313","58.41751"
"70.30000","2.34330","2,298.05786","0.01180","0.00324","58.46494"
"70.40000","2.34681","2,300.40503","0.01182","0.00338","58.52465"
"70.50000","2.35003","2,302.33423","0.01183","0.00373","58.57373"
"70.60000","2.35339","2,303.65479","0.01183","0.00413","58.60733"
"70.70000","2.35668","2,305.90503","0.01187","0.00431","58.66458"
"70.80000","2.35989","2,308.36865","0.01187","0.00433","58.72725"
"70.90000","2.36326","2,309.93652","0.01189","0.00437","58.76714"
"71.00000","2.36669","2,311.89062","0.01191","0.00421","58.81686"
"71.10000","2.36998","2,313.40845","0.01193","0.00398","58.85547"
"71.20000","2.37327","2,315.68921","0.01194","0.00405","58.91349"
"71.30000","2.37671","2,317.09912","0.01197","0.00395","58.94936"
"71.40000","2.38007","2,319.22827","0.01198","0.00372","59.00353"
"71.50000","2.38321","2,320.78516","0.01202","0.00377","59.04314"
"71.60000","2.38665","2,322.74487","0.01206","0.00380","59.09300"
"71.70000","2.39009","2,324.64868","0.01209","0.00376","59.14143"
"71.80000","2.39330","2,326.12573","0.01205","0.00371","59.17901"
"71.90000","2.39674","2,328.52905","0.01208","0.00367","59.24015"
"72.00000","2.40010","2,330.70581","0.01209","0.00360","59.29553"
"72.10000","2.40324","2,331.85742","0.01210","0.00348","59.32483"
"72.20000","2.40660","2,334.10571","0.01213","0.00351","59.38203"
"72.30000","2.41004","2,335.83521","0.01214","0.00343","59.42603"
"72.40000","2.41333","2,337.67749","0.01218","0.00346","59.47290"
"72.50000","2.41662","2,339.26709","0.01219","0.00339","59.51334"
"72.60000","2.42006","2,342.07300","0.01218","0.00338","59.58472"
"72.70000","2.42342","2,343.72266","0.01221","0.00333","59.62669"
"72.80000","2.42656","2,344.35156","0.01222","0.00334","59.64270"
"72.90000","2.42992","2,346.70630","0.01224","0.00338","59.70260"
"73.00000","2.43336","2,348.51807","0.01224","0.00348","59.74870"
"73.10000","2.43650","2,350.53442","0.01228","0.00349","59.79999"
"73.20000","2.44001","2,353.39966","0.01227","0.00340","59.87289"
"73.30000","2.44345","2,354.94312","0.01229","0.00341","59.91216"
"73.40000","2.44659","2,356.44312","0.01230","0.00355","59.95032"
"73.50000","2.44995","2,358.27466","0.01233","0.00356","59.99691"
"73.60000","2.45339","2,360.12134","0.01233","0.00384","60.04390"
"73.70000","2.45660","2,361.96484","0.01237","0.00393","60.09079"
"73.80000","2.45996","2,363.75244","0.01238","0.00449","60.13627"
"73.90000","2.46333","2,365.32642","0.01239","0.00460","60.17632"
"74.00000","2.46677","2,367.14209","0.01239","0.00467","60.22251"
"74.10000","2.46998","2,369.12939","0.01241","0.00463","60.27307"
"74.20000","2.47334","2,370.06665","0.01243","0.00463","60.29691"
"74.30000","2.47678","2,373.61499","0.01248","0.00420","60.38719"
"74.40000","2.47984","2,374.74878","0.01248","0.00406","60.41603"
"74.50000","2.48328","2,376.62207","0.01249","0.00390","60.46369"
"74.60000","2.48672","2,378.44385","0.01250","0.00407","60.51004"
"74.70000","2.48993","2,380.19751","0.01252","0.00406","60.55465"
"74.80000","2.49337","2,382.05762","0.01255","0.00400","60.60197"
"74.90000","2.49674","2,384.44067","0.01257","0.00399","60.66260"
"75.00000","2.49995","2,386.39600","0.01258","0.00396","60.71235"
"75.10000","2.50331","2,387.52319","0.01261","0.00387","60.74102"
"75.20000","2.50660","2,389.30078","0.01260","0.00386","60.78625"
"75.30000","2.50996","2,390.97632","0.01263","0.00383","60.82888"
"75.40000","2.51325","2,393.59131","0.01265","0.00374","60.89540"
"75.50000","2.51662","2,395.25366","0.01266","0.00379","60.93770"
"75.60000","2.52005","2,398.08154","0.01267","0.00361","61.00964"
"75.70000","2.52319","2,398.84766","0.01269","0.00361","61.02913"
"75.80000","2.52663","2,400.37207","0.01271","0.00361","61.06791"
"75.90000","2.53007","2,402.38208","0.01274","0.00372","61.11905"
"76.00000","2.53321","2,405.03638","0.01275","0.00357","61.18658"
"76.10000","2.53672","2,407.29932","0.01279","0.00380","61.24415"
"76.20000","2.54008","2,408.57666","0.01279","0.00371","61.27665"
"76.30000","2.54330","2,410.82544","0.01282","0.00375","61.33386"
"76.40000","2.54666","2,411.55591","0.01283","0.00371","61.35244"
"76.50000","2.54995","2,414.50562","0.01286","0.00369","61.42749"
"76.60000","2.55331","2,416.31567","0.01285","0.00365","61.47354"
"76.70000","2.55660","2,417.71313","0.01290","0.00373","61.50909"
"76.80000","2.55996","2,419.81445","0.01289","0.00397","61.56255"
"76.90000","2.56340","2,421.30298","0.01290","0.00438","61.60042"
"77.00000","2.56654","2,422.98853","0.01294","0.00456","61.64330"
"77.10000","2.56998","2,424.76611","0.01294","0.00491","61.68852"
"77.20000","2.57342","2,426.93457","0.01291","0.00487","61.74369"
"77.30000","2.57648","2,428.53711","0.01296","0.00492","61.78446"
"77.40000","2.57999","2,430.80322","0.01295","0.00499","61.84211"
"77.50000","2.58343","2,431.90845","0.01299","0.00474","61.87023"
"77.60000","2.58664","2,434.41602","0.01301","0.00424","61.93403"
"77.70000","2.59008","2,435.90649","0.01304","0.00422","61.97195"
"77.80000","2.59337","2,437.82397","0.01303","0.00424","62.02073"
"77.90000","2.59666","2,439.79224","0.01305","0.00430","62.07080"
"78.00000","2.59987","2,441.41455","0.01306","0.00434","62.11208"
"78.10000","2.60331","2,442.54492","0.01309","0.00424","62.14083"
"78.20000","2.60675","2,445.63159","0.01308","0.00430","62.21936"
"78.30000","2.60989","2,446.59790","0.01312","0.00420","62.24395"
"78.40000","2.61347","2,448.66626","0.01311","0.00423","62.29657"
"78.50000","2.61676","2,450.98047","0.01316","0.00413","62.35544"
"78.60000","2.61983","2,451.82861","0.01319","0.00414","62.37702"
"78.70000","2.62334","2,454.57397","0.01319","0.00410","62.44687"
"78.80000","2.62670","2,455.49707","0.01320","0.00403","62.47035"
"78.90000","2.62992","2,457.84595","0.01322","0.00394","62.53011"
"79.00000","2.63335","2,459.22974","0.01324","0.00388","62.56531"
"79.10000","2.63672","2,461.62964","0.01327","0.00395","62.62637"
"79.20000","2.64001","2,463.93579","0.01325","0.00401","62.68504"
"79.30000","2.64322","2,464.96338","0.01329","0.00392","62.71118"
"79.40000","2.64666","2,467.29199","0.01332","0.00418","62.77042"
"79.50000","2.64995","2,468.52856","0.01333","0.00422","62.80188"
"79.60000","2.65316","2,469.87378","0.01335","0.00415","62.83611"
"79.70000","2.65675","2,471.83350","0.01336","0.00412","62.88597"
"79.80000","2.66011","2,474.49756","0.01340","0.00408","62.95374"
"79.90000","2.66325","2,476.13965","0.01338","0.00424","62.99552"
"80.00000","2.66669","2,477.92920","0.01339","0.00449","63.04105"
"80.10000","2.67005","2,479.49048","0.01340","0.00468","63.08077"
"80.20000","2.67326","2,480.84082","0.01340","0.00498","63.11512"
"80.30000","2.67670","2,483.68652","0.01342","0.00499","63.18752"
"80.40000","2.68014","2,485.68115","0.01346","0.00521","63.23827"
"80.50000","2.68335","2,487.09277","0.01346","0.00518","63.27418"
"80.60000","2.68672","2,488.56079","0.01344","0.00499","63.31152"
"80.70000","2.69008","2,489.96802","0.01347","0.00462","63.34733"
"80.80000","2.69329","2,492.73022","0.01350","0.00460","63.41760"
"80.90000","2.69658","2,494.38672","0.01353","0.00456","63.45974"
"81.00000","2.70002","2,495.31885","0.01353","0.00471","63.48346"
"81.10000","2.70338","2,497.86963","0.01353","0.00470","63.54835"
"81.20000","2.70660","2,499.68262","0.01354","0.00470","63.59447"
"81.30000","2.71003","2,501.33105","0.01357","0.00452","63.63641"
"81.40000","2.71340","2,503.70142","0.01360","0.00447","63.69672"
"81.50000","2.71654","2,504.87964","0.01359","0.00462","63.72669"
"81.60000","2.71990","2,507.16406","0.01361","0.00465","63.78481"
"81.70000","2.72334","2,508.69360","0.01367","0.00442","63.82372"
"81.80000","2.72655","2,509.92896","0.01366","0.00431","63.85515"
"81.90000","2.72999","2,512.33643","0.01368","0.00430","63.91640"
"82.00000","2.73343","2,513.34375","0.01370","0.00429","63.94203"
"82.10000","2.73664","2,515.72876","0.01370","0.00446","64.00271"
"82.20000","2.73993","2,516.33423","0.01375","0.00436","64.01811"
"82.30000","2.74329","2,519.05688","0.01377","0.00421","64.08738"
"82.40000","2.74658","2,520.10425","0.01378","0.00433","64.11402"
"82.50000","2.74994","2,522.39697","0.01380","0.00434","64.17236"
"82.60000","2.75338","2,524.49121","0.01380","0.00436","64.22563"
"82.70000","2.75675","2,526.21362","0.01383","0.00444","64.26945"
"82.80000","2.75996","2,527.91748","0.01387","0.00467","64.31280"
"82.90000","2.76332","2,530.36670","0.01386","0.00488","64.37511"
"83.00000","2.76668","2,531.33081","0.01391","0.00488","64.39964"
"83.10000","2.76990","2,532.34692","0.01390","0.00472","64.42549"
"83.20000","2.77334","2,534.92920","0.01391","0.00482","64.49119"
"83.30000","2.77677","2,536.90942","0.01389","0.00500","64.54156"
"83.40000","2.77999","2,538.54956","0.01390","0.00510","64.58329"
"83.50000","2.78335","2,540.41797","0.01394","0.00527","64.63082"
"83.60000","2.78664","2,542.24268","0.01393","0.00555","64.67725"
"83.70000","2.78985","2,543.82520","0.01396","0.00523","64.71751"
"83.80000","2.79329","2,546.11108","0.01397","0.00505","64.77567"
"83.90000","2.79658","2,547.64087","0.01399","0.00504","64.81458"
"84.00000","2.80002","2,549.52930","0.01399","0.00503","64.86263"
"84.10000","2.80331","2,550.48682","0.01399","0.00496","64.88699"
"84.20000","2.80659","2,552.49658","0.01402","0.00497","64.93812"
"84.30000","2.81003","2,554.84521","0.01404","0.00480","64.99787"
"84.40000","2.81317","2,556.12012","0.01406","0.00494","65.03030"
"84.50000","2.81661","2,557.79419","0.01408","0.00475","65.07289"
"84.60000","2.82012","2,560.19238","0.01409","0.00483","65.13390"
"84.70000","2.82326","2,562.43115","0.01408","0.00477","65.19086"
"84.80000","2.82677","2,563.27734","0.01412","0.00468","65.21239"
"84.90000","2.83014","2,566.37109","0.01411","0.00468","65.29110"
"85.00000","2.83328","2,567.02881","0.01414","0.00469","65.30783"
"85.10000","2.83664","2,569.03979","0.01416","0.00468","65.35899"
"85.20000","2.83993","2,570.78198","0.01417","0.00467","65.40331"
"85.30000","2.84329","2,573.21240","0.01421","0.00465","65.46515"
"85.40000","2.84658","2,573.95703","0.01422","0.00468","65.48409"
"85.50000","2.84994","2,576.36768","0.01426","0.00470","65.54543"
"85.60000","2.85353","2,577.70728","0.01427","0.00471","65.57951"
"85.70000","2.85652","2,579.09717","0.01429","0.00465","65.61486"
"85.80000","2.85996","2,581.75439","0.01431","0.00455","65.68246"
"85.90000","2.86339","2,582.77222","0.01432","0.00491","65.70836"
"86.00000","2.86646","2,584.45679","0.01435","0.00492","65.75122"
"86.10000","2.87005","2,586.48096","0.01434","0.00516","65.80271"
"86.20000","2.87341","2,589.21704","0.01433","0.00526","65.87232"
"86.30000","2.87662","2,589.61108","0.01437","0.00511","65.88235"
"86.40000","2.88006","2,591.61206","0.01439","0.00517","65.93326"
"86.50000","2.88335","2,594.38403","0.01441","0.00554","66.00378"
"86.60000","2.88664","2,595.89038","0.01443","0.00568","66.04210"
"86.70000","2.88993","2,597.27588","0.01442","0.00566","66.07735"
"86.80000","2.89329","2,599.13501","0.01443","0.00548","66.12465"
"86.90000","2.89680","2,601.84912","0.01446","0.00527","66.19370"
"87.00000","2.89994","2,603.24805","0.01446","0.00523","66.22929"
"87.10000","2.90338","2,605.04639","0.01446","0.00520","66.27504"
"87.20000","2.90674","2,606.73779","0.01447","0.00531","66.31807"
"87.30000","2.90981","2,607.78247","0.01449","0.00536","66.34464"
"87.40000","2.91339","2,610.81592","0.01450","0.00531","66.42182"
"87.50000","2.91676","2,612.16284","0.01453","0.00533","66.45609"
"87.60000","2.91997","2,613.88989","0.01455","0.00525","66.50002"
"87.70000","2.92333","2,614.77173","0.01458","0.00517","66.52246"
"87.80000","2.92677","2,617.28760","0.01458","0.00513","66.58646"
"87.90000","2.92999","2,619.25537","0.01462","0.00505","66.63653"
"88.00000","2.93320","2,620.65430","0.01463","0.00506","66.67212"
"88.10000","2.93664","2,622.60083","0.01468","0.00491","66.72164"
"88.20000","2.94000","2,624.90332","0.01468","0.00492","66.78022"
"88.30000","2.94321","2,626.57983","0.01468","0.00497","66.82287"
"88.40000","2.94680","2,628.32349","0.01470","0.00503","66.86723"
"88.50000","2.95009","2,629.75781","0.01472","0.00502","66.90372"
"88.60000","2.95315","2,631.13208","0.01474","0.00498","66.93868"
"88.70000","2.95667","2,632.42041","0.01478","0.00482","66.97146"
"88.80000","2.96003","2,634.94897","0.01480","0.00490","67.03579"
"88.90000","2.96324","2,636.42090","0.01483","0.00492","67.07323"
"89.00000","2.96668","2,638.85303","0.01482","0.00509","67.13512"
"89.10000","2.97012","2,640.14111","0.01484","0.00535","67.16788"
"89.20000","2.97341","2,641.55347","0.01487","0.00515","67.20381"
"89.30000","2.97670","2,643.23120","0.01491","0.00550","67.24650"
"89.40000","2.97998","2,645.38086","0.01490","0.00534","67.30119"
"89.50000","2.98327","2,647.08667","0.01490","0.00550","67.34458"
"89.60000","2.98656","2,648.82007","0.01491","0.00586","67.38869"
"89.70000","2.99007","2,650.38525","0.01493","0.00603","67.42850"
"89.80000","2.99344","2,653.17212","0.01497","0.00608","67.49940"
"89.90000","2.99658","2,654.08765","0.01495","0.00608","67.52270"
"90.00000","3.00009","2,655.86475","0.01495","0.00590","67.56791"
"90.10000","3.00338","2,658.62231","0.01497","0.00563","67.63806"
"90.20000","3.00652","2,658.89307","0.01501","0.00564","67.64495"
"90.30000","3.01003","2,661.10010","0.01502","0.00567","67.70110"
"90.40000","3.01332","2,662.89575","0.01505","0.00558","67.74679"
"90.50000","3.01661","2,664.35229","0.01507","0.00563","67.78384"
"90.60000","3.02004","2,666.81079","0.01505","0.00564","67.84639"
"90.70000","3.02341","2,668.75952","0.01506","0.00551","67.89597"
"90.80000","3.02662","2,669.28467","0.01512","0.00551","67.90932"
"90.90000","3.02991","2,670.68701","0.01511","0.00541","67.94500"
"91.00000","3.03335","2,673.26221","0.01512","0.00540","68.01052"
"91.10000","3.03671","2,675.03735","0.01517","0.00529","68.05568"
"91.20000","3.03992","2,676.48022","0.01522","0.00532","68.09238"
"91.30000","3.04336","2,678.36084","0.01520","0.00525","68.14023"
"91.40000","3.04680","2,680.47632","0.01518","0.00532","68.19405"
"91.50000","3.04994","2,682.01025","0.01520","0.00532","68.23308"
"91.60000","3.05330","2,683.78540","0.01523","0.00522","68.27824"
"91.70000","3.05666","2,685.76660","0.01524","0.00516","68.32864"
"91.80000","3.05988","2,687.34106","0.01530","0.00525","68.36870"
"91.90000","3.06339","2,688.68164","0.01529","0.00514","68.40280"
"92.00000","3.06675","2,690.64746","0.01529","0.00527","68.45282"
"92.10000","3.06997","2,692.71411","0.01533","0.00532","68.50539"
"92.20000","3.07326","2,694.72534","0.01532","0.00552","68.55656"
"92.30000","3.07662","2,695.80713","0.01536","0.00567","68.58408"
"92.40000","3.07991","2,697.45093","0.01537","0.00578","68.62590"
"92.50000","3.08327","2,699.65503","0.01539","0.00602","68.68198"
"92.60000","3.08663","2,701.81201","0.01538","0.00612","68.73685"
"92.70000","3.09007","2,703.54346","0.01537","0.00644","68.78091"
"92.80000","3.09329","2,704.66357","0.01543","0.00629","68.80940"
"92.90000","3.09665","2,706.26611","0.01544","0.00635","68.85017"
"93.00000","3.10009","2,708.87378","0.01546","0.00617","68.91651"
"93.10000","3.10315","2,710.06201","0.01549","0.00595","68.94674"
"93.20000","3.10666","2,711.77954","0.01543","0.00608","68.99044"
"93.30000","3.11010","2,713.52734","0.01548","0.00593","69.03490"
"93.40000","3.11324","2,715.25952","0.01551","0.00594","69.07897"
"93.50000","3.11668","2,716.73267","0.01552","0.00590","69.11645"
"93.60000","3.12012","2,718.86841","0.01553","0.00598","69.17078"
"93.70000","3.12325","2,720.05591","0.01558","0.00599","69.20100"
"93.80000","3.12662","2,721.79175","0.01558","0.00600","69.24516"
"93.90000","3.12998","2,723.55176","0.01559","0.00585","69.28993"
"94.00000","3.13334","2,725.14697","0.01562","0.00578","69.33052"
"94.10000","3.13663","2,726.56812","0.01564","0.00566","69.36668"
"94.20000","3.13992","2,728.63477","0.01566","0.00565","69.41925"
"94.30000","3.14351","2,730.55811","0.01568","0.00561","69.46819"
"94.40000","3.14650","2,732.11450","0.01568","0.00545","69.50778"
"94.50000","3.14994","2,733.57007","0.01570","0.00546","69.54481"
"94.60000","3.15337","2,735.59253","0.01572","0.00559","69.59627"
"94.70000","3.15651","2,736.77271","0.01578","0.00553","69.62629"
"94.80000","3.16010","2,739.01343","0.01573","0.00556","69.68330"
"94.90000","3.16339","2,740.70972","0.01575","0.00547","69.72645"
"95.00000","3.16668","2,742.52588","0.01577","0.00557","69.77266"
"95.10000","3.16997","2,744.41797","0.01579","0.00553","69.82079"
"95.20000","3.17325","2,745.78540","0.01583","0.00549","69.85558"
"95.30000","3.17662","2,747.06006","0.01585","0.00574","69.88801"
"95.40000","3.17983","2,749.20972","0.01584","0.00594","69.94270"
"95.50000","3.18334","2,750.88379","0.01589","0.00602","69.98529"
"95.60000","3.18686","2,752.86743","0.01591","0.00636","70.03576"
"95.70000","3.18992","2,754.74609","0.01593","0.00632","70.08355"
"95.80000","3.19336","2,755.20288","0.01597","0.00671","70.09517"
"95.90000","3.19672","2,757.50732","0.01594","0.00663","70.15380"
"96.00000","3.19986","2,759.16138","0.01592","0.00674","70.19588"
"96.10000","3.20345","2,760.88550","0.01595","0.00663","70.23975"
"96.20000","3.20674","2,761.99976","0.01595","0.00635","70.26809"
"96.30000","3.21002","2,764.49292","0.01599","0.00620","70.33152"
"96.40000","3.21339","2,765.80444","0.01596","0.00611","70.36488"
"96.50000","3.21668","2,767.82056","0.01598","0.00613","70.41618"
"96.60000","3.22004","2,769.52612","0.01601","0.00619","70.45957"
"96.70000","3.22318","2,770.59741","0.01607","0.00625","70.48682"
"96.80000","3.22662","2,772.63623","0.01605","0.00619","70.53870"
"96.90000","3.23013","2,774.82544","0.01603","0.00625","70.59439"
"97.00000","3.23319","2,775.60645","0.01604","0.00618","70.61426"
"97.10000","3.23671","2,778.28174","0.01613","0.00609","70.68232"
"97.20000","3.24007","2,779.42627","0.01612","0.00603","70.71144"
"97.30000","3.24321","2,780.82739","0.01615","0.00597","70.74709"
"97.40000","3.24672","2,782.69995","0.01616","0.00594","70.79472"
"97.50000","3.25008","2,784.95630","0.01618","0.00587","70.85213"
"97.60000","3.25330","2,786.24438","0.01615","0.00580","70.88490"
"97.70000","3.25673","2,787.60571","0.01619","0.00588","70.91953"
"97.80000","3.26010","2,789.13501","0.01626","0.00578","70.95844"
"97.90000","3.26331","2,791.48633","0.01625","0.00581","71.01826"
"98.00000","3.26660","2,792.51196","0.01628","0.00577","71.04435"
"98.10000","3.26996","2,795.02002","0.01634","0.00578","71.10816"
"98.20000","3.27333","2,795.88672","0.01637","0.00576","71.13021"
"98.30000","3.27661","2,798.45068","0.01635","0.00584","71.19544"
"98.40000","3.28005","2,800.85254","0.01633","0.00590","71.25655"
"98.50000","3.28342","2,801.49438","0.01636","0.00605","71.27287"
"98.60000","3.28655","2,802.63135","0.01636","0.00621","71.30180"
"98.70000","3.28999","2,805.27295","0.01638","0.00639","71.36900"
"98.80000","3.29336","2,806.29980","0.01643","0.00666","71.39513"
"98.90000","3.29657","2,808.37329","0.01645","0.00681","71.44788"
"99.00000","3.30001","2,810.31128","0.01639","0.00697","71.49718"
"99.10000","3.30337","2,811.88965","0.01649","0.00682","71.53734"
"99.20000","3.30666","2,814.48633","0.01643","0.00675","71.60340"
"99.30000","3.31002","2,815.25562","0.01643","0.00652","71.62298"
"99.40000","3.31331","2,816.64038","0.01648","0.00655","71.65820"
"99.50000","3.31667","2,819.07568","0.01645","0.00656","71.72016"
"99.60000","3.31989","2,820.40234","0.01654","0.00645","71.75391"
"99.70000","3.32340","2,822.42432","0.01656","0.00653","71.80535"
"99.80000","3.32676","2,824.47070","0.01650","0.00655","71.85741"
"99.90000","3.32998","2,825.42969","0.01650","0.00651","71.88181"
"100.00000","3.33341","2,828.05835","0.01654","0.00644","71.94869"
"100.10000","3.33670","2,829.10645","0.01656","0.00643","71.97536"
"100.20000","3.33992","2,830.28174","0.01655","0.00635","72.00526"
"100.30000","3.34328","2,832.55420","0.01659","0.00630","72.06306"
"100.40000","3.34672","2,834.51587","0.01660","0.00624","72.11298"
"100.50000","3.34993","2,836.65381","0.01675","0.00622","72.16737"
"100.60000","3.35337","2,837.91919","0.01671","0.00614","72.19956"
"100.70000","3.35673","2,840.05615","0.01670","0.00605","72.25393"
"100.80000","3.36002","2,840.76172","0.01671","0.00613","72.27187"
"100.90000","3.36323","2,843.24072","0.01675","0.00607","72.33495"
"101.00000","3.36667","2,844.66284","0.01682","0.00606","72.37112"
"101.10000","3.36996","2,846.67847","0.01681","0.00600","72.42240"
"101.20000","3.37325","2,847.77661","0.01683","0.00605","72.45034"
"101.30000","3.37669","2,849.56201","0.01689","0.00600","72.49577"
"101.40000","3.38013","2,851.97266","0.01688","0.00613","72.55709"
"101.50000","3.38326","2,852.95776","0.01686","0.00616","72.58215"
"101.60000","3.38655","2,854.66333","0.01688","0.00623","72.62555"
"101.70000","3.39007","2,856.77368","0.01689","0.00681","72.67924"
"101.80000","3.39320","2,858.41968","0.01692","0.00692","72.72112"
"101.90000","3.39664","2,860.54346","0.01692","0.00711","72.77515"
"102.00000","3.40016","2,861.55933","0.01702","0.00716","72.80099"
"102.10000","3.40329","2,863.66724","0.01695","0.00723","72.85461"
"102.20000","3.40666","2,864.76172","0.01697","0.00708","72.88246"
"102.30000","3.41002","2,866.87793","0.01701","0.00679","72.93630"
"102.40000","3.41331","2,869.16016","0.01703","0.00686","72.99436"
"102.50000","3.41660","2,870.52686","0.01700","0.00674","73.02913"
"102.60000","3.41996","2,872.10571","0.01704","0.00663","73.06930"
"102.70000","3.42340","2,873.67578","0.01707","0.00675","73.10925"
"102.80000","3.42661","2,875.84741","0.01709","0.00677","73.16449"
"102.90000","3.42997","2,876.44092","0.01703","0.00680","73.17959"
"103.00000","3.43341","2,879.31421","0.01710","0.00680","73.25269"
"103.10000","3.43648","2,880.68213","0.01713","0.00665","73.28749"
"103.20000","3.43999","2,882.42114","0.01717","0.00668","73.33173"
"103.30000","3.44343","2,884.94116","0.01718","0.00651","73.39584"
"103.40000","3.44657","2,885.31079","0.01721","0.00645","73.40525"
"103.50000","3.45000","2,887.60205","0.01720","0.00644","73.46354"
"103.60000","3.45344","2,890.01514","0.01717","0.00639","73.52493"
"103.70000","3.45658","2,891.57153","0.01725","0.00635","73.56453"
"103.80000","3.45994","2,891.79150","0.01724","0.00629","73.57013"
"103.90000","3.46323","2,894.44922","0.01725","0.00634","73.63774"
"104.00000","3.46667","2,895.56543","0.01728","0.00633","73.66614"
"104.10000","3.46988","2,897.39819","0.01727","0.00637","73.71277"
"104.20000","3.47340","2,899.04370","0.01727","0.00627","73.75463"
"104.30000","3.47683","2,901.06812","0.01739","0.00623","73.80613"
"104.40000","3.47990","2,902.40991","0.01733","0.00616","73.84027"
"104.50000","3.48334","2,904.58228","0.01734","0.00620","73.89554"
"104.60000","3.48678","2,906.12402","0.01737","0.00636","73.93476"
"104.70000","3.48984","2,907.68164","0.01738","0.00640","73.97439"
"104.80000","3.49335","2,909.41333","0.01745","0.00667","74.01844"
"104.90000","3.49679","2,910.94751","0.01740","0.00670","74.05747"
"105.00000","3.50000","2,912.74927","0.01744","0.00703","74.10331"
"105.10000","3.50329","2,914.46045","0.01745","0.00743","74.14685"
"105.20000","3.50658","2,915.54395","0.01754","0.00750","74.17442"
"105.30000","3.51002","2,917.36353","0.01752","0.00748","74.22070"
"105.40000","3.51323","2,919.73584","0.01751","0.00729","74.28106"
"105.50000","3.51667","2,921.07788","0.01757","0.00718","74.31520"
"105.60000","3.52011","2,923.11694","0.01757","0.00716","74.36707"
"105.70000","3.52317","2,924.08813","0.01759","0.00703","74.39178"
"105.80000","3.52668","2,925.76147","0.01762","0.00698","74.43436"
"105.90000","3.53005","2,928.27563","0.01759","0.00703","74.49832"
"106.00000","3.53319","2,928.94287","0.01767","0.00702","74.51530"
"106.10000","3.53670","2,930.78833","0.01757","0.00697","74.56225"
"106.20000","3.54006","2,933.29468","0.01765","0.00694","74.62601"
"106.30000","3.54335","2,934.73535","0.01760","0.00703","74.66266"
"106.40000","3.54679","2,936.06567","0.01766","0.00694","74.69650"
"106.50000","3.55008","2,937.44141","0.01773","0.00676","74.73151"
"106.60000","3.55337","2,939.58398","0.01774","0.00676","74.78602"
"106.70000","3.55658","2,940.50342","0.01777","0.00670","74.80941"
"106.80000","3.56002","2,943.02490","0.01776","0.00661","74.87356"
"106.90000","3.56345","2,944.41089","0.01776","0.00659","74.90881"
"107.00000","3.56652","2,945.34302","0.01781","0.00655","74.93253"
"107.10000","3.57011","2,947.50293","0.01781","0.00655","74.98748"
"107.20000","3.57340","2,949.35010","0.01786","0.00653","75.03448"
"107.30000","3.57646","2,951.02661","0.01785","0.00653","75.07713"
"107.40000","3.57997","2,951.89478","0.01790","0.00649","75.09921"
"107.50000","3.58326","2,953.81763","0.01791","0.00649","75.14813"
"107.60000","3.58655","2,955.45703","0.01790","0.00648","75.18984"
"107.70000","3.58999","2,956.65723","0.01797","0.00650","75.22038"
"107.80000","3.59342","2,958.67896","0.01792","0.00660","75.27181"
"107.90000","3.59671","2,961.11035","0.01793","0.00682","75.33367"
"108.00000","3.59993","2,961.78491","0.01797","0.00725","75.35083"
"108.10000","3.60329","2,963.94409","0.01795","0.00724","75.40576"
"108.20000","3.60673","2,965.86890","0.01801","0.00760","75.45473"
"108.30000","3.60987","2,967.47900","0.01802","0.00760","75.49569"
"108.40000","3.61338","2,968.97339","0.01804","0.00748","75.53371"
"108.50000","3.61674","2,971.17651","0.01808","0.00754","75.58976"
"108.60000","3.61996","2,972.58618","0.01809","0.00735","75.62563"
"108.70000","3.62339","2,973.56128","0.01811","0.00723","75.65043"
"108.80000","3.62668","2,974.88354","0.01810","0.00713","75.68407"
"108.90000","3.62990","2,977.52783","0.01810","0.00721","75.75134"
"109.00000","3.63333","2,978.24268","0.01813","0.00723","75.76953"
"109.10000","3.63670","2,979.75488","0.01816","0.00727","75.80801"
"109.20000","3.63999","2,982.91138","0.01817","0.00729","75.88831"
"109.30000","3.64335","2,983.69775","0.01820","0.00720","75.90832"
"109.40000","3.64671","2,985.09399","0.01820","0.00717","75.94384"
"109.50000","3.65000","2,986.72607","0.01820","0.00715","75.98536"
"109.60000","3.65321","2,989.09985","0.01824","0.00705","76.04575"
"109.70000","3.65665","2,990.06860","0.01822","0.00696","76.07040"
"109.80000","3.66009","2,991.75415","0.01827","0.00690","76.11327"
"109.90000","3.66330","2,993.46753","0.01827","0.00684","76.15687"
"110.00000","3.66674","2,995.28662","0.01828","0.00682","76.20315"
"110.10000","3.67003","2,996.24805","0.01832","0.00678","76.22761"
"110.20000","3.67324","2,998.54614","0.01833","0.00673","76.28607"
"110.30000","3.67661","2,999.29517","0.01838","0.00674","76.30513"
"110.40000","3.68004","3,001.69189","0.01832","0.00670","76.36610"
"110.50000","3.68333","3,003.92578","0.01832","0.00673","76.42294"
"110.60000","3.68662","3,005.39502","0.01836","0.00668","76.46031"
"110.70000","3.69006","3,006.39429","0.01839","0.00675","76.48574"
"110.80000","3.69335","3,008.84985","0.01840","0.00679","76.54821"
"110.90000","3.69656","3,009.04468","0.01843","0.00683","76.55317"
"111.00000","3.70000","3,011.86157","0.01842","0.00686","76.62483"
"111.10000","3.70336","3,013.78052","0.01846","0.00727","76.67365"
"111.20000","3.70658","3,014.99512","0.01847","0.00776","76.70455"
"111.30000","3.71001","3,016.29834","0.01847","0.00786","76.73771"
"111.40000","3.71353","3,018.91870","0.01851","0.00792","76.80437"
"111.50000","3.71667","3,019.60474","0.01852","0.00790","76.82182"
"111.60000","3.71995","3,021.29834","0.01855","0.00761","76.86491"
"111.70000","3.72332","3,023.26929","0.01854","0.00764","76.91505"
"111.80000","3.72653","3,024.89673","0.01859","0.00768","76.95646"
"111.90000","3.72997","3,026.51978","0.01856","0.00757","76.99775"
"112.00000","3.73341","3,028.36401","0.01859","0.00750","77.04467"
"112.10000","3.73662","3,030.58325","0.01862","0.00755","77.10113"
"112.20000","3.73998","3,031.04224","0.01863","0.00747","77.11281"
"112.30000","3.74335","3,032.70850","0.01869","0.00744","77.15520"
"112.40000","3.74663","3,035.16064","0.01867","0.00743","77.21758"
"112.50000","3.74992","3,035.98096","0.01870","0.00747","77.23845"
"112.60000","3.75336","3,038.13525","0.01871","0.00734","77.29326"
"112.70000","3.75680","3,040.05542","0.01874","0.00730","77.34211"
"112.80000","3.75994","3,040.36450","0.01874","0.00722","77.34998"
"112.90000","3.76330","3,042.79688","0.01874","0.00721","77.41186"
"113.00000","3.76681","3,045.30737","0.01877","0.00710","77.47572"
"113.10000","3.76988","3,046.89868","0.01877","0.00709","77.51621"
"113.20000","3.77332","3,048.40942","0.01878","0.00699","77.55464"
"113.30000","3.77675","3,049.06348","0.01879","0.00708","77.57128"
"113.40000","3.77997","3,050.78101","0.01887","0.00699","77.61498"
"113.50000","3.78333","3,053.02002","0.01882","0.00695","77.67194"
"113.60000","3.78677","3,053.96240","0.01884","0.00695","77.69592"
"113.70000","3.78998","3,055.85181","0.01889","0.00695","77.74399"
"113.80000","3.79320","3,057.41382","0.01888","0.00700","77.78373"
"113.90000","3.79656","3,059.01733","0.01888","0.00694","77.82452"
"114.00000","3.80000","3,060.95508","0.01892","0.00695","77.87382"
"114.10000","3.80321","3,062.15137","0.01891","0.00716","77.90425"
"114.20000","3.80665","3,064.88843","0.01891","0.00718","77.97388"
"114.30000","3.81016","3,066.16919","0.01893","0.00763","78.00647"
"114.40000","3.81323","3,067.22266","0.01898","0.00781","78.03327"
"114.50000","3.81666","3,068.91528","0.01900","0.00808","78.07633"
"114.60000","3.82003","3,070.37134","0.01903","0.00812","78.11338"
"114.70000","3.82324","3,072.12280","0.01904","0.00776","78.15794"
"114.80000","3.82668","3,073.93359","0.01904","0.00779","78.20401"
"114.90000","3.83004","3,075.39990","0.01907","0.00785","78.24131"
"115.00000","3.83333","3,076.89111","0.01907","0.00783","78.27925"
"115.10000","3.83662","3,078.01611","0.01908","0.00783","78.30787"
"115.20000","3.83998","3,079.99268","0.01911","0.00768","78.35815"
"115.30000","3.84334","3,082.41699","0.01912","0.00768","78.41983"
"115.40000","3.84656","3,083.30127","0.01915","0.00774","78.44233"
"115.50000","3.85000","3,084.90698","0.01916","0.00766","78.48318"
"115.60000","3.85351","3,087.11328","0.01918","0.00762","78.53931"
"115.70000","3.85657","3,089.18262","0.01920","0.00760","78.59196"
"115.80000","3.86009","3,090.29883","0.01921","0.00757","78.62035"
"115.90000","3.86345","3,092.05811","0.01921","0.00748","78.66512"
"116.00000","3.86651","3,093.15454","0.01921","0.00736","78.69301"
"116.10000","3.87003","3,095.34009","0.01924","0.00736","78.74861"
"116.20000","3.87339","3,097.28784","0.01928","0.00727","78.79816"
"116.30000","3.87668","3,099.24268","0.01924","0.00719","78.84789"
"116.40000","3.87997","3,100.31396","0.01931","0.00713","78.87515"
"116.50000","3.88333","3,102.50024","0.01932","0.00720","78.93077"
"116.60000","3.88669","3,104.13428","0.01932","0.00715","78.97234"
"116.70000","3.88983","3,105.63159","0.01935","0.00717","79.01044"
"116.80000","3.89334","3,107.42065","0.01934","0.00720","79.05595"
"116.90000","3.89671","3,109.53271","0.01938","0.00716","79.10969"
"117.00000","3.89985","3,110.66406","0.01937","0.00720","79.13847"
"117.10000","3.90343","3,112.25757","0.01939","0.00726","79.17901"
"117.20000","3.90680","3,114.13379","0.01938","0.00735","79.22674"
"117.30000","3.90986","3,115.48535","0.01941","0.00744","79.26112"
"117.40000","3.91337","3,116.97974","0.01938","0.00761","79.29914"
"117.50000","3.91666","3,118.51147","0.01944","0.00787","79.33811"
"117.60000","3.91995","3,119.27881","0.01946","0.00790","79.35764"
"117.70000","3.92339","3,121.44189","0.01946","0.00788","79.41267"
"117.80000","3.92675","3,122.75635","0.01949","0.00801","79.44611"
"117.90000","3.93004","3,125.30469","0.01953","0.00802","79.51094"
"118.00000","3.93325","3,127.05908","0.01954","0.00807","79.55557"
"118.10000","3.93662","3,127.60059","0.01956","0.00809","79.56935"
"118.20000","3.93998","3,129.83984","0.01958","0.00806","79.62632"
"118.30000","3.94319","3,131.34741","0.01957","0.00793","79.66467"
"118.40000","3.94671","3,132.89771","0.01957","0.00783","79.70412"
"118.50000","3.95007","3,135.76050","0.01962","0.00790","79.77695"
"118.60000","3.95328","3,135.72705","0.01963","0.00788","79.77609"
"118.70000","3.95672","3,138.80249","0.01965","0.00788","79.85434"
"118.80000","3.96001","3,139.66040","0.01967","0.00784","79.87616"
"118.90000","3.96322","3,140.70142","0.01967","0.00773","79.90265"
"119.00000","3.96666","3,142.64062","0.01969","0.00767","79.95198"
"119.10000","3.96995","3,144.11377","0.01970","0.00758","79.98946"
"119.20000","3.97331","3,146.38550","0.01973","0.00754","80.04726"
"119.30000","3.97668","3,147.14648","0.01973","0.00750","80.06662"
"119.40000","3.98004","3,148.96411","0.01975","0.00743","80.11286"
"119.50000","3.98333","3,150.78320","0.01975","0.00739","80.15914"
"119.60000","3.98654","3,151.78418","0.01979","0.00746","80.18460"
"119.70000","3.99005","3,154.33154","0.01978","0.00742","80.24941"
"119.80000","3.99342","3,155.70337","0.01984","0.00740","80.28431"
"119.90000","3.99663","3,157.34009","0.01984","0.00735","80.32595"
"120.00000","4.00007","3,159.40381","0.01984","0.00738","80.37846"
"120.10000","4.00343","3,160.96851","0.01985","0.00737","80.41827"
"120.20000","4.00664","3,161.73535","0.01987","0.00745","80.43777"
"120.30000","4.00993","3,163.53247","0.01990","0.00751","80.48349"
"120.40000","4.01330","3,165.13623","0.01990","0.00779","80.52429"
"120.50000","4.01658","3,166.29712","0.01991","0.00779","80.55383"
"120.60000","4.01995","3,168.18359","0.01992","0.00793","80.60182"
"120.70000","4.02339","3,169.95483","0.01995","0.00813","80.64688"
"120.80000","4.02667","3,172.12646","0.01996","0.00811","80.70213"
"120.90000","4.02989","3,172.44531","0.01996","0.00811","80.71024"
"121.00000","4.03333","3,175.18677","0.01999","0.00826","80.77999"
"121.10000","4.03669","3,176.88770","0.01999","0.00825","80.82327"
"121.20000","4.03990","3,178.17114","0.02002","0.00824","80.85592"
"121.30000","4.04334","3,180.15771","0.02002","0.00822","80.90646"
"121.40000","4.04678","3,181.87402","0.02004","0.00819","80.95012"
"121.50000","4.04999","3,182.36792","0.02009","0.00813","80.96268"
"121.60000","4.05328","3,185.15601","0.02010","0.00809","81.03362"
"121.70000","4.05672","3,186.19873","0.02016","0.00807","81.06014"
"121.80000","4.05986","3,188.19019","0.02010","0.00807","81.11081"
"121.90000","4.06330","3,189.25391","0.02014","0.00793","81.13787"
"122.00000","4.06673","3,191.25513","0.02014","0.00790","81.18879"
"122.10000","4.07002","3,192.61182","0.02014","0.00778","81.22330"
"122.20000","4.07331","3,193.38354","0.02017","0.00778","81.24294"
"122.30000","4.07667","3,195.75220","0.02020","0.00769","81.30319"
"122.40000","4.08004","3,197.57788","0.02023","0.00763","81.34964"
"122.50000","4.08325","3,198.88892","0.02025","0.00763","81.38300"
"122.60000","4.08661","3,200.31445","0.02026","0.00764","81.41927"
"122.70000","4.09005","3,201.94507","0.02028","0.00761","81.46075"
"122.80000","4.09326","3,203.59277","0.02031","0.00762","81.50267"
"122.90000","4.09663","3,204.86279","0.02030","0.00755","81.53498"
"123.00000","4.10014","3,206.29541","0.02032","0.00758","81.57143"
"123.10000","4.10320","3,208.18872","0.02034","0.00762","81.61959"
"123.20000","4.10657","3,209.89941","0.02036","0.00754","81.66312"
"123.30000","4.11008","3,212.05078","0.02036","0.00756","81.71785"
"123.40000","4.11329","3,213.48877","0.02039","0.00774","81.75443"
"123.50000","4.11673","3,214.49536","0.02041","0.00766","81.78004"
"123.60000","4.12002","3,216.63989","0.02039","0.00792","81.83460"
"123.70000","4.12338","3,218.39307","0.02043","0.00806","81.87920"
"123.80000","4.12660","3,219.63989","0.02044","0.00828","81.91093"
"123.90000","4.12996","3,220.95898","0.02043","0.00837","81.94448"
"124.00000","4.13340","3,223.35327","0.02046","0.00837","82.00539"
"124.10000","4.13654","3,224.20557","0.02046","0.00845","82.02708"
"124.20000","4.14005","3,226.44312","0.02050","0.00854","82.08401"
"124.30000","4.14349","3,228.24463","0.02051","0.00854","82.12984"
"124.40000","4.14663","3,229.36450","0.02052","0.00852","82.15833"
"124.50000","4.14999","3,230.61377","0.02051","0.00848","82.19011"
"124.60000","4.15335","3,232.81177","0.02055","0.00839","82.24603"
"124.70000","4.15649","3,234.59204","0.02057","0.00822","82.29132"
"124.80000","4.16000","3,235.84521","0.02059","0.00829","82.32320"
"124.90000","4.16337","3,237.86426","0.02060","0.00824","82.37457"
"125.00000","4.16666","3,239.98511","0.02062","0.00824","82.42853"
"125.10000","4.17002","3,241.49243","0.02063","0.00816","82.46687"
"125.20000","4.17331","3,243.21582","0.02065","0.00803","82.51072"
"125.30000","4.17667","3,244.18506","0.02066","0.00799","82.53538"
"125.40000","4.17981","3,245.38452","0.02067","0.00791","82.56590"
"125.50000","4.18332","3,246.94971","0.02071","0.00799","82.60571"
"125.60000","4.18684","3,248.92896","0.02072","0.00787","82.65607"
"125.70000","4.18990","3,250.56689","0.02075","0.00785","82.69774"
"125.80000","4.19341","3,252.11597","0.02076","0.00781","82.73714"
"125.90000","4.19677","3,254.15576","0.02076","0.00783","82.78904"
"126.00000","4.19984","3,255.31323","0.02078","0.00777","82.81849"
"126.10000","4.20335","3,257.41064","0.02081","0.00775","82.87185"
"126.20000","4.20672","3,258.78931","0.02082","0.00777","82.90692"
"126.30000","4.21000","3,259.49536","0.02083","0.00777","82.92489"
"126.40000","4.21337","3,261.84399","0.02084","0.00784","82.98464"
"126.50000","4.21673","3,263.66992","0.02085","0.00782","83.03109"
"126.60000","4.22009","3,265.56030","0.02088","0.00799","83.07919"
"126.70000","4.22323","3,266.03833","0.02089","0.00813","83.09135"
"126.80000","4.22659","3,268.03613","0.02089","0.00831","83.14217"
"126.90000","4.23003","3,269.27856","0.02090","0.00835","83.17378"
"127.00000","4.23317","3,271.23560","0.02093","0.00876","83.22357"
"127.10000","4.23668","3,272.76147","0.02092","0.00854","83.26239"
"127.20000","4.24012","3,274.68335","0.02095","0.00864","83.31129"
"127.30000","4.24326","3,275.80640","0.02095","0.00863","83.33986"
"127.40000","4.24670","3,278.19214","0.02097","0.00863","83.40055"
"127.50000","4.24999","3,278.51001","0.02098","0.00870","83.40864"
"127.60000","4.25328","3,280.76270","0.02101","0.00866","83.46595"
"127.70000","4.25664","3,281.97559","0.02103","0.00856","83.49680"
"127.80000","4.26000","3,283.73755","0.02103","0.00858","83.54163"
"127.90000","4.26337","3,286.01782","0.02106","0.00849","83.59965"
"128.00000","4.26658","3,287.67456","0.02108","0.00848","83.64179"
"128.10000","4.27002","3,288.41138","0.02110","0.00844","83.66054"
"128.20000","4.27338","3,290.81494","0.02111","0.00835","83.72169"
"128.30000","4.27652","3,291.24365","0.02114","0.00827","83.73260"
"128.40000","4.28011","3,294.24146","0.02116","0.00825","83.80886"
"128.50000","4.28340","3,295.20190","0.02116","0.00819","83.83330"
"128.60000","4.28661","3,296.58398","0.02118","0.00807","83.86846"
"128.70000","4.29005","3,298.81714","0.02118","0.00804","83.92527"
"128.80000","4.29341","3,299.81934","0.02121","0.00801","83.95077"
"128.90000","4.29662","3,301.89795","0.02124","0.00805","84.00365"
"129.00000","4.29991","3,303.19482","0.02125","0.00798","84.03664"
"129.10000","4.30335","3,303.86133","0.02128","0.00800","84.05360"
"129.20000","4.30671","3,306.99536","0.02133","0.00802","84.13334"
"129.30000","4.31000","3,308.17822","0.02134","0.00805","84.16343"
"129.40000","4.31336","3,310.01978","0.02133","0.00807","84.21028"
"129.50000","4.31673","3,311.79639","0.02132","0.00806","84.25548"
"129.60000","4.31987","3,311.99365","0.02136","0.00812","84.26050"
"129.70000","4.32331","3,314.60718","0.02137","0.00814","84.32699"
"129.80000","4.32674","3,316.25610","0.02139","0.00828","84.36893"
"129.90000","4.32988","3,317.11133","0.02139","0.00853","84.39069"
"130.00000","4.33339","3,319.86182","0.02142","0.00863","84.46067"
"130.10000","4.33676","3,320.21045","0.02142","0.00878","84.46954"
"130.20000","4.33997","3,322.70044","0.02141","0.00886","84.53289"
"130.30000","4.34326","3,324.04834","0.02144","0.00876","84.56718"
"130.40000","4.34670","3,325.98608","0.02142","0.00891","84.61648"
"130.50000","4.34999","3,327.04785","0.02146","0.00894","84.64349"
"130.60000","4.35335","3,329.21997","0.02148","0.00894","84.69875"
"130.70000","4.35679","3,330.56812","0.02148","0.00903","84.73305"
"130.80000","4.36000","3,331.60986","0.02150","0.00893","84.75955"
"130.90000","4.36329","3,333.99243","0.02151","0.00890","84.82017"
"131.00000","4.36665","3,334.65820","0.02153","0.00885","84.83710"
"131.10000","4.37009","3,336.59424","0.02156","0.00869","84.88636"
"131.20000","4.37323","3,337.77026","0.02157","0.00863","84.91628"
"131.30000","4.37667","3,339.77197","0.02159","0.00848","84.96721"
"131.40000","4.38011","3,341.47144","0.02162","0.00851","85.01044"
"131.50000","4.38324","3,342.53955","0.02163","0.00852","85.03761"
"131.60000","4.38668","3,344.29224","0.02166","0.00838","85.08221"
"131.70000","4.39005","3,345.52930","0.02166","0.00835","85.11368"
"131.80000","4.39318","3,347.65137","0.02168","0.00828","85.16766"
"131.90000","4.39655","3,348.27148","0.02171","0.00824","85.18344"
"132.00000","4.40006","3,350.34058","0.02174","0.00815","85.23608"
"132.10000","4.40327","3,352.97217","0.02174","0.00824","85.30303"
"132.20000","4.40664","3,353.81738","0.02173","0.00823","85.32454"
"132.30000","4.41007","3,355.96680","0.02177","0.00817","85.37922"
"132.40000","4.41336","3,357.61523","0.02179","0.00818","85.42116"
"132.50000","4.41658","3,357.76758","0.02181","0.00829","85.42503"
"132.60000","4.42001","3,360.60156","0.02183","0.00824","85.49713"
"132.70000","4.42345","3,361.56006","0.02182","0.00832","85.52151"
"132.80000","4.42659","3,363.20947","0.02186","0.00838","85.56348"
"132.90000","4.43003","3,365.46191","0.02188","0.00844","85.62078"
"133.00000","4.43347","3,366.85327","0.02187","0.00876","85.65618"
"133.10000","4.43653","3,367.80322","0.02188","0.00878","85.68035"
"133.20000","4.43997","3,369.83008","0.02191","0.00890","85.73192"
"133.30000","4.44341","3,371.92114","0.02191","0.00894","85.78511"
"133.40000","4.44655","3,372.56299","0.02195","0.00909","85.80145"
"133.50000","4.45006","3,374.78320","0.02193","0.00919","85.85793"
"133.60000","4.45335","3,376.38159","0.02195","0.00914","85.89859"
"133.70000","4.45671","3,376.94800","0.02197","0.00918","85.91300"
"133.80000","4.45992","3,379.22974","0.02196","0.00917","85.97105"
"133.90000","4.46321","3,380.81348","0.02201","0.00919","86.01134"
"134.00000","4.46665","3,381.98535","0.02202","0.00916","86.04116"
"134.10000","4.46986","3,383.52954","0.02203","0.00905","86.08044"
"134.20000","4.47338","3,385.11865","0.02205","0.00887","86.12087"
"134.30000","4.47681","3,386.83911","0.02206","0.00886","86.16464"
"134.40000","4.47988","3,388.09082","0.02209","0.00876","86.19649"
"134.50000","4.48339","3,390.05225","0.02211","0.00871","86.24638"
"134.60000","4.48675","3,391.07666","0.02214","0.00870","86.27245"
"134.70000","4.48997","3,392.79590","0.02215","0.00864","86.31618"
"134.80000","4.49333","3,394.30908","0.02217","0.00850","86.35468"
"134.90000","4.49669","3,395.65161","0.02219","0.00847","86.38884"
"135.00000","4.49998","3,398.39014","0.02221","0.00850","86.45851"
"135.10000","4.50335","3,398.74634","0.02225","0.00848","86.46758"
"135.20000","4.50671","3,400.90234","0.02226","0.00847","86.52242"
"135.30000","4.51000","3,402.77319","0.02224","0.00847","86.57002"
"135.40000","4.51321","3,404.19556","0.02228","0.00844","86.60621"
"135.50000","4.51665","3,404.81470","0.02231","0.00844","86.62196"
"135.60000","4.52009","3,406.67188","0.02230","0.00840","86.66920"
"135.70000","4.52323","3,408.79883","0.02231","0.00850","86.72332"
"135.80000","4.52674","3,409.61108","0.02234","0.00847","86.74398"
"135.90000","4.53010","3,411.78955","0.02233","0.00857","86.79941"
"136.00000","4.53324","3,412.82593","0.02235","0.00865","86.82578"
"136.10000","4.53668","3,414.45508","0.02236","0.00883","86.86722"
"136.20000","4.53989","3,416.68604","0.02240","0.00911","86.92398"
"136.30000","4.54326","3,417.49219","0.02240","0.00919","86.94449"
"136.40000","4.54662","3,418.64014","0.02240","0.00922","86.97369"
"136.50000","4.54998","3,420.14917","0.02241","0.00907","87.01208"
"136.60000","4.55342","3,422.84399","0.02243","0.00938","87.08064"
"136.70000","4.55656","3,424.23535","0.02245","0.00940","87.11604"
"136.80000","4.56000","3,425.17944","0.02246","0.00941","87.14006"
"136.90000","4.56336","3,427.20923","0.02248","0.00936","87.19170"
"137.00000","4.56650","3,428.71143","0.02250","0.00946","87.22992"
"137.10000","4.57009","3,430.59668","0.02252","0.00942","87.27788"
"137.20000","4.57345","3,431.49902","0.02253","0.00924","87.30083"
"137.30000","4.57666","3,433.44995","0.02254","0.00911","87.35047"
"137.40000","4.58003","3,435.26709","0.02257","0.00904","87.39670"
"137.50000","4.58331","3,436.55127","0.02258","0.00899","87.42937"
"137.60000","4.58660","3,437.67847","0.02260","0.00896","87.45805"
"137.70000","4.58997","3,440.26270","0.02264","0.00883","87.52380"
"137.80000","4.59333","3,441.49927","0.02263","0.00889","87.55525"
"137.90000","4.59669","3,443.78345","0.02263","0.00871","87.61337"
"138.00000","4.59991","3,444.55200","0.02265","0.00865","87.63292"
"138.10000","4.60334","3,446.36963","0.02269","0.00862","87.67916"
"138.20000","4.60671","3,447.85962","0.02270","0.00867","87.71706"
"138.30000","4.60985","3,449.52222","0.02270","0.00860","87.75936"
"138.40000","4.61336","3,450.62305","0.02272","0.00866","87.78737"
"138.50000","4.61672","3,452.26929","0.02272","0.00864","87.82925"
"138.60000","4.61994","3,453.95312","0.02277","0.00868","87.87209"
"138.70000","4.62345","3,455.28979","0.02278","0.00863","87.90610"
"138.80000","4.62674","3,457.31982","0.02277","0.00866","87.95774"
"138.90000","4.62995","3,458.38965","0.02278","0.00869","87.98496"
"139.00000","4.63331","3,459.50391","0.02283","0.00869","88.01331"
"139.10000","4.63668","3,461.54858","0.02282","0.00881","88.06533"
"139.20000","4.64004","3,463.75146","0.02282","0.00902","88.12137"
"139.30000","4.64333","3,464.40039","0.02287","0.00919","88.13788"
"139.40000","4.64677","3,466.10767","0.02288","0.00937","88.18131"
"139.50000","4.65005","3,468.10620","0.02290","0.00929","88.23216"
"139.60000","4.65319","3,468.66846","0.02290","0.00930","88.24647"
"139.70000","4.65663","3,470.36597","0.02289","0.00932","88.28965"
"139.80000","4.66007","3,472.53857","0.02293","0.00953","88.34492"
"139.90000","4.66321","3,473.48633","0.02294","0.00960","88.36903"
"140.00000","4.66665","3,475.22803","0.02301","0.00956","88.41335"
"140.10000","4.67016","3,477.24731","0.02301","0.00960","88.46472"
"140.20000","4.67330","3,478.26025","0.02299","0.00950","88.49049"
"140.30000","4.67659","3,479.46875","0.02301","0.00940","88.52123"
"140.40000","4.68002","3,481.78418","0.02304","0.00928","88.58014"
"140.50000","4.68324","3,483.47583","0.02306","0.00923","88.62318"
"140.60000","4.68660","3,484.47046","0.02305","0.00922","88.64848"
"140.70000","4.69011","3,486.30054","0.02309","0.00917","88.69505"
"140.80000","4.69340","3,488.04370","0.02312","0.00899","88.73939"
"140.90000","4.69662","3,489.29175","0.02314","0.00901","88.77114"
"141.00000","4.70005","3,490.98706","0.02315","0.00897","88.81427"
"141.10000","4.70334","3,492.22729","0.02315","0.00895","88.84583"
"141.20000","4.70656","3,494.04541","0.02317","0.00892","88.89208"
"141.30000","4.70999","3,496.18018","0.02319","0.00886","88.94639"
"141.40000","4.71343","3,497.18823","0.02322","0.00884","88.97204"
"141.50000","4.71657","3,498.22070","0.02322","0.00882","88.99831"
"141.60000","4.72001","3,500.12109","0.02324","0.00882","89.04665"
"141.70000","4.72345","3,501.80908","0.02322","0.00889","89.08959"
"141.80000","4.72659","3,503.58594","0.02324","0.00880","89.13480"
"141.90000","4.73002","3,505.01904","0.02327","0.00894","89.17126"
"142.00000","4.73339","3,506.32373","0.02329","0.00886","89.20445"
"142.10000","4.73660","3,508.65674","0.02326","0.00887","89.26381"
"142.20000","4.74004","3,509.87646","0.02331","0.00893","89.29484"
"142.30000","4.74340","3,512.02148","0.02334","0.00931","89.34941"
"142.40000","4.74669","3,512.07178","0.02335","0.00944","89.35069"
"142.50000","4.74990","3,513.60913","0.02338","0.00935","89.38980"
"142.60000","4.75327","3,516.16968","0.02339","0.00925","89.45494"
"142.70000","4.75670","3,517.94360","0.02341","0.00930","89.50008"
"142.80000","4.75992","3,519.34277","0.02343","0.00923","89.53567"
"142.90000","4.76336","3,520.59521","0.02344","0.00957","89.56754"
"143.00000","4.76679","3,522.77710","0.02345","0.00989","89.62304"
"143.10000","4.76986","3,524.07983","0.02348","0.00989","89.65619"
"143.20000","4.77330","3,525.63965","0.02351","0.00981","89.69587"
"143.30000","4.77666","3,526.78149","0.02352","0.00976","89.72492"
"143.40000","4.77987","3,529.00000","0.02352","0.00971","89.78136"
"143.50000","4.78331","3,529.61157","0.02352","0.00955","89.79692"
"143.60000","4.78667","3,531.97339","0.02358","0.00952","89.85700"
"143.70000","4.79004","3,533.45532","0.02356","0.00939","89.89471"
"143.80000","4.79333","3,534.15601","0.02357","0.00940","89.91254"
"143.90000","4.79661","3,535.87988","0.02361","0.00929","89.95639"
"144.00000","4.80005","3,537.35498","0.02363","0.00924","89.99392"
"144.10000","4.80319","3,539.00977","0.02361","0.00916","90.03602"
"144.20000","4.80663","3,540.41968","0.02362","0.00914","90.07189"
"144.30000","4.81014","3,542.25610","0.02362","0.00904","90.11861"
"144.40000","4.81328","3,542.86890","0.02365","0.00907","90.13420"
"144.50000","4.81672","3,544.67480","0.02366","0.00903","90.18015"
"144.60000","4.82001","3,546.21216","0.02366","0.00905","90.21925"
"144.70000","4.82322","3,547.26807","0.02369","0.00911","90.24612"
"144.80000","4.82666","3,549.69873","0.02372","0.00900","90.30795"
"144.90000","4.82995","3,550.63086","0.02373","0.00902","90.33167"
"145.00000","4.83331","3,552.61084","0.02373","0.00911","90.38204"
"145.10000","4.83660","3,553.49365","0.02374","0.00908","90.40450"
"145.20000","4.84004","3,555.55908","0.02379","0.00916","90.45705"
"145.30000","4.84347","3,557.93604","0.02378","0.00926","90.51752"
"145.40000","4.84654","3,558.53296","0.02380","0.00943","90.53271"
"145.50000","4.84998","3,559.70410","0.02382","0.00960","90.56250"
"145.60000","4.85341","3,562.14380","0.02384","0.00969","90.62457"
"145.70000","4.85655","3,562.42578","0.02384","0.00981","90.63174"
"145.80000","4.86007","3,565.85498","0.02387","0.00976","90.71899"
"145.90000","4.86343","3,566.26367","0.02390","0.00936","90.72939"
"146.00000","4.86657","3,567.86987","0.02392","0.00973","90.77025"
"146.10000","4.87001","3,568.24658","0.02394","0.00996","90.77983"
"146.20000","4.87329","3,570.35840","0.02395","0.01002","90.83356"
"146.30000","4.87666","3,571.94141","0.02397","0.00999","90.87383"
"146.40000","4.87995","3,573.06006","0.02401","0.01002","90.90229"
"146.50000","4.88331","3,575.51318","0.02401","0.00987","90.96471"
"146.60000","4.88682","3,576.84204","0.02398","0.00969","90.99851"
"146.70000","4.88989","3,578.25488","0.02401","0.00961","91.03445"
"146.80000","4.89332","3,579.47510","0.02406","0.00957","91.06550"
"146.90000","4.89669","3,581.66943","0.02406","0.00955","91.12132"
"147.00000","4.89983","3,582.71216","0.02406","0.00950","91.14785"
"147.10000","4.90341","3,584.20972","0.02407","0.00941","91.18595"
"147.20000","4.90678","3,586.07739","0.02407","0.00936","91.23347"
"147.30000","4.90999","3,587.22778","0.02411","0.00939","91.26273"
"147.40000","4.91343","3,588.85522","0.02412","0.00927","91.30414"
"147.50000","4.91664","3,590.15625","0.02411","0.00927","91.33723"
"147.60000","4.91993","3,592.24048","0.02414","0.00917","91.39026"
"147.70000","4.92329","3,593.46167","0.02415","0.00927","91.42133"
"147.80000","4.92666","3,595.32568","0.02415","0.00921","91.46875"
"147.90000","4.93009","3,596.03882","0.02420","0.00919","91.48689"
"148.00000","4.93331","3,597.74072","0.02421","0.00930","91.53020"
"148.10000","4.93675","3,600.15991","0.02421","0.00923","91.59174"
"148.20000","4.94003","3,601.48218","0.02423","0.00934","91.62538"
"148.30000","4.94317","3,602.42163","0.02424","0.00927","91.64928"
"148.40000","4.94669","3,604.77856","0.02426","0.00938","91.70924"
"148.50000","4.95005","3,605.56616","0.02431","0.00965","91.72928"
"148.60000","4.95326","3,607.43506","0.02430","0.00978","91.77682"
"148.70000","4.95670","3,608.62061","0.02434","0.00991","91.80699"
"148.80000","4.96014","3,610.41577","0.02433","0.01002","91.85266"
"148.90000","4.96335","3,611.64111","0.02437","0.01004","91.88383"
"149.00000","4.96664","3,613.27075","0.02437","0.00999","91.92529"
"149.10000","4.97000","3,614.11499","0.02437","0.00979","91.94677"
"149.20000","4.97329","3,616.22461","0.02437","0.00999","92.00044"
"149.30000","4.97658","3,617.49976","0.02441","0.01030","92.03288"
"149.40000","4.98009","3,619.70068","0.02444","0.01026","92.08887"
"149.50000","4.98338","3,620.90845","0.02446","0.01021","92.11961"
"149.60000","4.98652","3,622.19556","0.02450","0.01011","92.15235"
"149.70000","4.99003","3,624.37671","0.02450","0.01003","92.20784"
"149.80000","4.99340","3,625.75342","0.02447","0.00989","92.24287"
"149.90000","4.99661","3,626.70581","0.02450","0.00986","92.26710"
"150.00000","5.00005","3,629.40405","0.02449","0.00978","92.33574"
"150.10000","5.00348","3,630.03052","0.02450","0.00975","92.35168"
"150.20000","5.00662","3,631.64282","0.02451","0.00967","92.39270"
"150.30000","5.00999","3,633.65186","0.02455","0.00966","92.44381"
"150.40000","5.01343","3,635.91357","0.02456","0.00962","92.50135"
"150.50000","5.01656","3,636.15894","0.02454","0.00950","92.50759"
"150.60000","5.02000","3,636.98828","0.02458","0.00952","92.52869"
"150.70000","5.02344","3,639.17871","0.02460","0.00945","92.58442"
"150.80000","5.02665","3,640.59253","0.02463","0.00948","92.62038"
"150.90000","5.02994","3,642.12012","0.02463","0.00947","92.65925"
"151.00000","5.03331","3,643.51270","0.02465","0.00937","92.69468"
"151.10000","5.03667","3,645.61743","0.02465","0.00945","92.74823"
"151.20000","5.03988","3,647.21680","0.02467","0.00945","92.78892"
"151.30000","5.04332","3,647.59082","0.02471","0.00951","92.79843"
"151.40000","5.04668","3,649.23657","0.02470","0.00951","92.84030"
"151.50000","5.04990","3,651.02100","0.02475","0.00981","92.88570"
"151.60000","5.05333","3,651.87402","0.02474","0.00984","92.90740"
"151.70000","5.05677","3,653.86499","0.02478","0.01004","92.95805"
"151.80000","5.05991","3,655.58984","0.02479","0.01018","93.00194"
"151.90000","5.06320","3,656.24512","0.02482","0.01019","93.01861"
"152.00000","5.06671","3,658.07739","0.02485","0.01002","93.06522"
"152.10000","5.07000","3,659.17944","0.02483","0.01016","93.09325"
"152.20000","5.07329","3,660.74268","0.02484","0.00994","93.13303"
"152.30000","5.07673","3,662.73706","0.02486","0.01026","93.18377"
"152.40000","5.08009","3,664.53149","0.02486","0.01047","93.22942"
"152.50000","5.08330","3,665.15601","0.02489","0.01051","93.24531"
"152.60000","5.08667","3,666.76294","0.02493","0.01047","93.28619"
"152.70000","5.09003","3,668.82153","0.02493","0.01031","93.33856"
"152.80000","5.09324","3,668.78125","0.02496","0.01030","93.33754"
"152.90000","5.09668","3,670.53223","0.02496","0.01017","93.38209"
"153.00000","5.10012","3,672.07495","0.02499","0.01008","93.42133"
"153.10000","5.10326","3,673.65259","0.02497","0.01003","93.46147"
"153.20000","5.10662","3,675.22388","0.02498","0.00996","93.50144"
"153.30000","5.10999","3,676.81860","0.02500","0.00995","93.54202"
"153.40000","5.11320","3,678.01147","0.02503","0.00988","93.57236"
"153.50000","5.11664","3,679.41187","0.02506","0.00984","93.60799"
"153.60000","5.12000","3,681.17651","0.02506","0.00980","93.65289"
"153.70000","5.12336","3,682.27368","0.02507","0.00982","93.68080"
"153.80000","5.12665","3,684.07007","0.02506","0.00969","93.72650"
"153.90000","5.12994","3,685.14185","0.02508","0.00969","93.75377"
"154.00000","5.13338","3,686.91650","0.02510","0.00967","93.79892"
"154.10000","5.13644","3,687.89575","0.02510","0.00969","93.82383"
"154.20000","5.14003","3,689.85303","0.02511","0.00971","93.87363"
"154.30000","5.14347","3,691.40796","0.02515","0.00977","93.91319"
"154.40000","5.14661","3,692.28613","0.02517","0.00981","93.93552"
"154.50000","5.15004","3,694.45752","0.02515","0.00985","93.99077"
"154.60000","5.15341","3,695.37622","0.02522","0.00991","94.01414"
"154.70000","5.15662","3,697.22998","0.02521","0.00996","94.06130"
"154.80000","5.15998","3,697.97119","0.02525","0.01032","94.08016"
"154.90000","5.16335","3,699.97095","0.02529","0.01036","94.13103"
"155.00000","5.16671","3,701.78271","0.02529","0.01051","94.17713"
"155.10000","5.17000","3,702.30371","0.02532","0.01056","94.19038"
"155.20000","5.17336","3,704.10938","0.02534","0.01037","94.23632"
"155.30000","5.17680","3,706.28540","0.02532","0.01018","94.29168"
"155.40000","5.17986","3,706.67285","0.02533","0.01041","94.30154"
"155.50000","5.18330","3,708.85254","0.02536","0.01072","94.35699"
"155.60000","5.18674","3,710.11670","0.02537","0.01068","94.38915"
"155.70000","5.18988","3,711.45264","0.02538","0.01078","94.42314"
"155.80000","5.19339","3,713.13794","0.02537","0.01058","94.46602"
"155.90000","5.19675","3,714.72729","0.02543","0.01041","94.50645"
"156.00000","5.19997","3,715.90210","0.02545","0.01045","94.53634"
"156.10000","5.20333","3,717.34058","0.02545","0.01036","94.57294"
"156.20000","5.20662","3,719.15771","0.02545","0.01036","94.61916"
"156.30000","5.20998","3,720.32031","0.02544","0.01018","94.64874"
"156.40000","5.21327","3,721.62939","0.02550","0.01019","94.68204"
"156.50000","5.21671","3,723.70190","0.02546","0.01004","94.73477"
"156.60000","5.22015","3,725.20972","0.02550","0.00997","94.77313"
"156.70000","5.22321","3,726.26196","0.02555","0.00998","94.79990"
"156.80000","5.22665","3,726.04956","0.02556","0.01002","94.79450"
"156.81000","5.22710","3,420.73071","0.02556","0.01002","87.02688"
"156.81400","5.22725","3,082.92139","0.02556","0.01002","78.43266"
"156.81800","5.22740","2,687.64380","0.02556","0.01002","68.37640"
"156.82200","5.22762","2,273.52466","0.02556","0.01002","57.84079"
"156.82400","5.22770","2,068.40259","0.02556","0.01002","52.62227"
