Modulus (Segment 0.001 mm/mm - 0.008 mm/mm) : Modulus (Segment 0.001 mm/mm - 0.008 mm/mm),"6,075.29805",MPa
Poisson's ratio (Least squares fit) : Poisson's ratio (Least squares fit),"0.29974"
Specimen properties : Gauge length,"15.87000",mm
Specimen properties : Gauge length transverse,"4.60700",mm
Specimen properties : Thickness,"2.54000",mm
Specimen properties : Width,"15.07000",mm

Time,Extension,Load,Video axial strain,Video transverse strain,Calculated Stress
(s),(mm),(N),(mm/mm),(mm/mm),(MPa)
"0.00000","0.00015","79.14916","-0.00001","-0.00001","2.06776"
"0.10000","0.00164","79.43329","0.00004","-0.00001","2.07518"
"0.20000","0.00590","85.25108","0.00002","0.00001","2.22717"
"0.30000","0.01001","93.03504","0.00004","-0.00020","2.43052"
"0.40000","0.01353","99.10783","0.00003","-0.00023","2.58917"
"0.50000","0.01667","104.40671","0.00003","-0.00029","2.72760"
"0.60000","0.02018","109.49796","0.00003","-0.00045","2.86061"
"0.70000","0.02362","115.21351","0.00002","-0.00039","3.00993"
"0.80000","0.02683","121.40723","0.00002","-0.00057","3.17174"
"0.90000","0.03019","126.21596","0.00001","-0.00061","3.29737"
"1.00000","0.03363","132.37399","-0.00002","-0.00062","3.45824"
"1.10000","0.03685","138.10452","0.00001","-0.00074","3.60795"
"1.20000","0.04013","142.32477","-0.00006","-0.00079","3.71821"
"1.30000","0.04357","148.88013","-0.00006","-0.00083","3.88946"
"1.40000","0.04686","153.39259","-0.00005","-0.00080","4.00735"
"1.50000","0.05015","159.67865","-0.00010","-0.00013","4.17157"
"1.60000","0.05359","165.29707","-0.00011","-0.00062","4.31835"
"1.70000","0.05695","170.94379","-0.00008","-0.00034","4.46587"
"1.80000","0.06009","174.87192","-0.00010","-0.00030","4.56849"
"1.90000","0.06345","180.81221","-0.00012","-0.00023","4.72368"
"2.00000","0.06689","186.71603","-0.00009","-0.00018","4.87792"
"2.10000","0.07010","191.30330","-0.00009","-0.00009","4.99776"
"2.20000","0.07354","196.62738","-0.00009","-0.00017","5.13685"
"2.30000","0.07698","203.12572","-0.00010","0.00006","5.30662"
"2.40000","0.08019","207.77354","-0.00006","0.00057","5.42804"
"2.50000","0.08348","212.69685","-0.00009","0.00052","5.55666"
"2.60000","0.08692","218.06834","-0.00006","0.00049","5.69699"
"2.70000","0.09013","223.78117","-0.00006","0.00037","5.84624"
"2.80000","0.09350","228.52477","0.00016","0.00030","5.97016"
"2.90000","0.09693","235.00748","0.00015","0.00032","6.13952"
"3.00000","0.10022","239.67209","0.00019","0.00029","6.26139"
"3.10000","0.10351","244.92549","0.00024","0.00029","6.39863"
"3.20000","0.10680","249.47771","0.00024","0.00027","6.51756"
"3.30000","0.11024","255.52518","0.00027","0.00011","6.67555"
"3.40000","0.11338","260.47864","0.00026","0.00004","6.80495"
"3.50000","0.11681","265.26691","0.00021","-0.00004","6.93005"
"3.60000","0.12033","270.99377","0.00021","-0.00006","7.07966"
"3.70000","0.12347","275.69830","0.00018","-0.00023","7.20256"
"3.80000","0.12690","280.18881","0.00018","-0.00017","7.31988"
"3.90000","0.13027","285.93912","0.00022","-0.00030","7.47010"
"4.00000","0.13341","290.62567","0.00022","-0.00034","7.59254"
"4.10000","0.13684","296.43109","0.00024","-0.00051","7.74420"
"4.20000","0.14021","301.21152","0.00022","-0.00055","7.86909"
"4.30000","0.14357","306.24603","0.00023","-0.00060","8.00062"
"4.40000","0.14686","311.24310","0.00023","-0.00061","8.13116"
"4.50000","0.15022","316.26767","0.00024","-0.00071","8.26243"
"4.60000","0.15366","321.72714","0.00018","-0.00070","8.40506"
"4.70000","0.15672","326.23373","0.00020","-0.00075","8.52279"
"4.80000","0.16016","331.90182","0.00021","-0.00037","8.67087"
"4.90000","0.16360","337.37482","0.00026","-0.00025","8.81385"
"5.00000","0.16674","342.45129","0.00022","-0.00022","8.94647"
"5.10000","0.17025","346.43304","0.00026","-0.00016","9.05050"
"5.20000","0.17361","352.58426","0.00029","0.00004","9.21119"
"5.30000","0.17683","357.05542","0.00028","-0.00019","9.32800"
"5.40000","0.18019","361.90576","0.00033","-0.00016","9.45472"
"5.50000","0.18348","366.92142","0.00033","0.00005","9.58575"
"5.60000","0.18677","371.63388","0.00034","0.00041","9.70886"
"5.70000","0.19013","376.55853","0.00036","0.00059","9.83752"
"5.80000","0.19349","381.25122","0.00036","0.00052","9.96011"
"5.90000","0.19693","387.11108","0.00057","0.00050","10.11320"
"6.00000","0.20015","391.29578","0.00057","0.00041","10.22253"
"6.10000","0.20351","395.99869","0.00052","0.00042","10.34539"
"6.20000","0.20687","401.91840","0.00053","0.00034","10.50004"
"6.30000","0.21001","406.44626","0.00056","0.00038","10.61833"
"6.40000","0.21360","412.46243","0.00052","0.00031","10.77550"
"6.50000","0.21696","416.98093","0.00056","0.00028","10.89355"
"6.60000","0.22017","421.53644","0.00055","0.00015","11.01256"
"6.70000","0.22361","426.78122","0.00056","0.00008","11.14958"
"6.80000","0.22690","431.47211","0.00058","0.00009","11.27212"
"6.90000","0.23019","435.97147","0.00057","0.00003","11.38967"
"7.00000","0.23348","440.75659","0.00057","-0.00011","11.51468"
"7.10000","0.23677","445.37555","0.00057","-0.00010","11.63535"
"7.20000","0.24028","450.80170","0.00057","-0.00019","11.77711"
"7.30000","0.24342","455.41586","0.00059","-0.00023","11.89765"
"7.40000","0.24686","460.45209","0.00062","-0.00041","12.02922"
"7.50000","0.25029","464.83237","0.00059","-0.00043","12.14365"
"7.60000","0.25336","469.64731","0.00060","-0.00044","12.26944"
"7.70000","0.25687","474.11337","0.00059","-0.00051","12.38612"
"7.80000","0.26023","479.20331","0.00061","-0.00061","12.51909"
"7.90000","0.26345","483.47708","0.00059","-0.00067","12.63074"
"8.00000","0.26696","488.35004","0.00064","-0.00036","12.75805"
"8.10000","0.27025","493.09378","0.00070","-0.00026","12.88198"
"8.20000","0.27354","497.99905","0.00068","-0.00006","13.01013"
"8.30000","0.27683","501.67758","0.00074","-0.00001","13.10623"
"8.40000","0.28011","506.41064","0.00077","-0.00003","13.22988"
"8.50000","0.28355","512.42511","0.00077","0.00000","13.38700"
"8.60000","0.28677","517.01691","0.00075","-0.00003","13.50696"
"8.70000","0.29028","521.71759","0.00077","0.00063","13.62977"
"8.80000","0.29364","526.20337","0.00081","0.00085","13.74696"
"8.90000","0.29678","529.96564","0.00091","0.00070","13.84525"
"9.00000","0.30022","535.30957","0.00094","0.00069","13.98486"
"9.10000","0.30358","540.15369","0.00097","0.00063","14.11141"
"9.20000","0.30679","543.94299","0.00095","0.00058","14.21040"
"9.30000","0.31016","548.95801","0.00097","0.00061","14.34142"
"9.40000","0.31360","553.58105","0.00104","0.00054","14.46220"
"9.50000","0.31688","558.48474","0.00100","0.00049","14.59030"
"9.60000","0.32017","562.68445","0.00101","0.00045","14.70002"
"9.70000","0.32354","567.02338","0.00098","0.00038","14.81337"
"9.80000","0.32682","571.43451","0.00100","0.00037","14.92861"
"9.90000","0.33004","576.29321","0.00101","0.00023","15.05555"
"10.00000","0.33355","580.85596","0.00100","0.00028","15.17475"
"10.10000","0.33691","586.29175","0.00101","0.00014","15.31676"
"10.20000","0.34013","589.78284","0.00101","0.00007","15.40796"
"10.30000","0.34364","593.99237","0.00099","0.00002","15.51793"
"10.40000","0.34693","599.71375","0.00099","-0.00002","15.66740"
"10.50000","0.35007","603.24921","0.00100","-0.00010","15.75977"
"10.60000","0.35351","608.33942","0.00099","-0.00012","15.89275"
"10.70000","0.35687","612.88531","0.00105","-0.00024","16.01151"
"10.80000","0.36016","617.15308","0.00104","-0.00012","16.12300"
"10.90000","0.36360","622.38849","0.00107","-0.00032","16.25978"
"11.00000","0.36696","626.75446","0.00108","-0.00045","16.37384"
"11.10000","0.37017","631.62482","0.00105","-0.00052","16.50107"
"11.20000","0.37346","635.10693","0.00107","-0.00053","16.59204"
"11.30000","0.37690","640.17584","0.00109","-0.00032","16.72447"
"11.40000","0.38019","643.95123","0.00111","0.00007","16.82310"
"11.50000","0.38340","648.24780","0.00110","0.00004","16.93535"
"11.60000","0.38699","652.55939","0.00112","0.00007","17.04799"
"11.70000","0.39035","656.76953","0.00120","0.00018","17.15797"
"11.80000","0.39349","660.98853","0.00120","0.00009","17.26820"
"11.90000","0.39678","665.22412","0.00124","0.00005","17.37885"
"12.00000","0.40014","669.69629","0.00135","0.00007","17.49568"
"12.10000","0.40336","673.46552","0.00137","0.00094","17.59415"
"12.20000","0.40679","677.56549","0.00133","0.00084","17.70127"
"12.30000","0.41031","683.18085","0.00139","0.00077","17.84797"
"12.40000","0.41352","686.63867","0.00141","0.00070","17.93830"
"12.50000","0.41681","690.80310","0.00139","0.00069","18.04709"
"12.60000","0.42025","694.80652","0.00141","0.00070","18.15168"
"12.70000","0.42353","699.59302","0.00142","0.00069","18.27673"
"12.80000","0.42682","703.75800","0.00143","0.00064","18.38554"
"12.90000","0.43019","707.89337","0.00146","0.00057","18.49358"
"13.00000","0.43362","711.30701","0.00147","0.00052","18.58276"
"13.10000","0.43684","715.70288","0.00144","0.00037","18.69760"
"13.20000","0.44020","720.82202","0.00143","0.00036","18.83133"
"13.30000","0.44356","724.30505","0.00148","0.00032","18.92233"
"13.40000","0.44678","727.97552","0.00153","0.00030","19.01822"
"13.50000","0.45014","732.93286","0.00148","0.00019","19.14773"
"13.60000","0.45358","736.96777","0.00143","0.00008","19.25314"
"13.70000","0.45679","741.30688","0.00143","0.00011","19.36650"
"13.80000","0.46023","745.06610","0.00144","-0.00008","19.46470"
"13.90000","0.46359","749.26184","0.00146","-0.00014","19.57432"
"14.00000","0.46681","754.58417","0.00147","-0.00021","19.71336"
"14.10000","0.47017","757.75220","0.00147","-0.00023","19.79613"
"14.20000","0.47346","762.08337","0.00150","-0.00023","19.90928"
"14.30000","0.47682","765.90686","0.00149","-0.00018","20.00917"
"14.40000","0.48011","770.20721","0.00149","-0.00028","20.12151"
"14.50000","0.48355","774.12152","0.00153","0.00021","20.22377"
"14.60000","0.48706","778.79120","0.00153","0.00022","20.34577"
"14.70000","0.49005","781.92334","0.00150","0.00018","20.42759"
"14.80000","0.49349","786.75580","0.00158","0.00018","20.55384"
"14.90000","0.49693","790.63287","0.00168","0.00031","20.65513"
"15.00000","0.50006","795.20410","0.00174","0.00015","20.77455"
"15.10000","0.50358","798.74524","0.00176","0.00019","20.86706"
"15.20000","0.50694","802.98865","0.00178","0.00038","20.97792"
"15.30000","0.51023","806.80737","0.00180","0.00111","21.07768"
"15.40000","0.51359","811.20514","0.00185","0.00080","21.19258"
"15.50000","0.51681","814.94293","0.00185","0.00107","21.29022"
"15.60000","0.52017","819.22144","0.00180","0.00088","21.40200"
"15.70000","0.52346","823.05817","0.00184","0.00091","21.50223"
"15.80000","0.52682","826.77441","0.00189","0.00083","21.59932"
"15.90000","0.53033","831.10651","0.00186","0.00073","21.71249"
"16.00000","0.53340","834.96094","0.00189","0.00079","21.81319"
"16.10000","0.53691","838.69855","0.00190","0.00074","21.91084"
"16.20000","0.54027","842.86450","0.00192","0.00055","22.01967"
"16.30000","0.54334","847.82886","0.00190","0.00060","22.14936"
"16.40000","0.54685","850.10529","0.00191","0.00056","22.20883"
"16.50000","0.55029","855.09259","0.00196","0.00056","22.33913"
"16.60000","0.55350","858.62518","0.00196","0.00040","22.43141"
"16.70000","0.55686","862.41821","0.00197","0.00039","22.53051"
"16.80000","0.56023","867.29779","0.00198","0.00034","22.65798"
"16.90000","0.56352","870.52502","0.00196","0.00031","22.74229"
"17.00000","0.56673","874.53601","0.00196","0.00021","22.84708"
"17.10000","0.57017","878.22809","0.00194","0.00002","22.94354"
"17.20000","0.57361","882.73352","0.00192","-0.00004","23.06124"
"17.30000","0.57674","886.29712","0.00193","-0.00005","23.15434"
"17.40000","0.58033","890.41766","0.00194","-0.00003","23.26199"
"17.50000","0.58370","894.23572","0.00196","-0.00013","23.36173"
"17.60000","0.58668","897.83289","0.00197","-0.00017","23.45571"
"17.70000","0.59027","901.83020","0.00198","-0.00028","23.56014"
"17.80000","0.59356","906.05292","0.00199","0.00020","23.67045"
"17.90000","0.59677","909.43628","0.00204","0.00032","23.75884"
"18.00000","0.60021","913.16095","0.00202","0.00037","23.85615"
"18.10000","0.60358","917.72638","0.00213","0.00039","23.97542"
"18.20000","0.60694","920.48065","0.00213","0.00037","24.04738"
"18.30000","0.61008","924.91077","0.00214","0.00029","24.16311"
"18.40000","0.61344","928.13934","0.00223","0.00034","24.24746"
"18.50000","0.61688","933.48975","0.00226","0.00062","24.38724"
"18.60000","0.62002","935.50842","0.00224","0.00080","24.43997"
"18.70000","0.62360","940.00458","0.00224","0.00109","24.55743"
"18.80000","0.62697","943.90680","0.00226","0.00109","24.65938"
"18.90000","0.63011","947.31720","0.00224","0.00094","24.74848"
"19.00000","0.63362","951.51031","0.00233","0.00088","24.85802"
"19.10000","0.63691","954.67682","0.00234","0.00081","24.94074"
"19.20000","0.64012","959.62140","0.00236","0.00086","25.06992"
"19.30000","0.64356","963.03925","0.00235","0.00079","25.15921"
"19.40000","0.64685","966.37030","0.00236","0.00066","25.24623"
"19.50000","0.65021","970.60742","0.00235","0.00061","25.35693"
"19.60000","0.65357","973.93457","0.00238","0.00055","25.44385"
"19.70000","0.65694","978.04236","0.00238","0.00060","25.55116"
"19.80000","0.66015","982.26947","0.00241","0.00055","25.66160"
"19.90000","0.66344","985.60815","0.00242","0.00051","25.74882"
"20.00000","0.66688","989.41949","0.00243","0.00031","25.84839"
"20.10000","0.67024","993.64032","0.00242","0.00035","25.95866"
"20.20000","0.67345","996.74548","0.00243","0.00036","26.03978"
"20.30000","0.67697","1,000.97412","0.00243","0.00016","26.15025"
"20.40000","0.68026","1,004.18793","0.00245","0.00010","26.23421"
"20.50000","0.68339","1,007.77100","0.00240","0.00004","26.32782"
"20.60000","0.68683","1,011.52258","0.00244","-0.00001","26.42583"
"20.70000","0.69020","1,015.44226","0.00242","-0.00002","26.52823"
"20.80000","0.69348","1,018.61304","0.00244","0.00013","26.61106"
"20.90000","0.69685","1,021.77484","0.00243","0.00033","26.69367"
"21.00000","0.70028","1,026.51514","0.00246","0.00047","26.81751"
"21.10000","0.70357","1,030.67786","0.00269","0.00050","26.92626"
"21.20000","0.70679","1,033.52917","0.00257","0.00055","27.00075"
"21.30000","0.71022","1,037.11755","0.00263","0.00044","27.09449"
"21.40000","0.71351","1,041.46521","0.00259","0.00043","27.20807"
"21.50000","0.71680","1,045.09302","0.00267","0.00034","27.30285"
"21.60000","0.72031","1,048.71436","0.00274","0.00028","27.39746"
"21.70000","0.72360","1,051.80652","0.00270","0.00061","27.47824"
"21.80000","0.72682","1,055.97144","0.00285","0.00046","27.58705"
"21.90000","0.73018","1,059.24084","0.00275","0.00075","27.67246"
"22.00000","0.73354","1,063.15417","0.00277","0.00106","27.77469"
"22.10000","0.73676","1,067.27173","0.00277","0.00104","27.88226"
"22.20000","0.74019","1,070.19995","0.00287","0.00104","27.95876"
"22.30000","0.74356","1,073.63489","0.00284","0.00096","28.04850"
"22.40000","0.74685","1,078.09094","0.00283","0.00097","28.16491"
"22.50000","0.75021","1,081.27002","0.00285","0.00094","28.24797"
"22.60000","0.75357","1,084.88281","0.00282","0.00088","28.34235"
"22.70000","0.75679","1,088.54932","0.00282","0.00079","28.43814"
"22.80000","0.76007","1,091.47314","0.00283","0.00081","28.51452"
"22.90000","0.76351","1,095.22180","0.00284","0.00072","28.61245"
"23.00000","0.76688","1,099.45142","0.00282","0.00067","28.72295"
"23.10000","0.77016","1,102.97400","0.00286","0.00051","28.81498"
"23.20000","0.77353","1,105.74731","0.00284","0.00046","28.88743"
"23.30000","0.77696","1,109.59985","0.00286","0.00046","28.98808"
"23.40000","0.78010","1,112.94336","0.00286","0.00037","29.07543"
"23.50000","0.78347","1,116.54431","0.00286","0.00042","29.16950"
"23.60000","0.78690","1,120.24963","0.00289","0.00032","29.26630"
"23.70000","0.79012","1,124.11279","0.00289","0.00028","29.36723"
"23.80000","0.79348","1,127.43311","0.00289","0.00014","29.45397"
"23.90000","0.79692","1,131.23035","0.00290","0.00010","29.55317"
"24.00000","0.80021","1,134.39697","0.00290","0.00050","29.63590"
"24.10000","0.80350","1,137.85425","0.00294","0.00021","29.72622"
"24.20000","0.80686","1,141.31812","0.00306","0.00047","29.81671"
"24.30000","0.81022","1,145.04272","0.00304","0.00055","29.91402"
"24.40000","0.81344","1,148.10986","0.00309","0.00051","29.99414"
"24.50000","0.81680","1,152.46899","0.00320","0.00081","30.10803"
"24.60000","0.82039","1,155.89136","0.00320","0.00062","30.19744"
"24.70000","0.82345","1,159.48901","0.00332","0.00042","30.29142"
"24.80000","0.82681","1,163.14233","0.00335","0.00061","30.38687"
"24.90000","0.83018","1,167.01074","0.00328","0.00056","30.48793"
"25.00000","0.83339","1,170.01306","0.00325","0.00046","30.56636"
"25.10000","0.83683","1,173.26782","0.00323","0.00067","30.65139"
"25.20000","0.84027","1,177.07361","0.00318","0.00102","30.75082"
"25.30000","0.84348","1,180.92456","0.00324","0.00077","30.85142"
"25.40000","0.84684","1,184.23364","0.00326","0.00114","30.93787"
"25.50000","0.85013","1,187.44019","0.00325","0.00102","31.02164"
"25.60000","0.85350","1,191.43982","0.00323","0.00112","31.12613"
"25.70000","0.85671","1,194.53235","0.00325","0.00107","31.20692"
"25.80000","0.86015","1,198.44434","0.00325","0.00094","31.30912"
"25.90000","0.86373","1,202.15210","0.00323","0.00101","31.40599"
"26.00000","0.86680","1,205.28748","0.00326","0.00083","31.48790"
"26.10000","0.87031","1,208.22302","0.00325","0.00074","31.56459"
"26.20000","0.87367","1,211.26953","0.00326","0.00059","31.64418"
"26.30000","0.87666","1,214.79468","0.00325","0.00063","31.73627"
"26.40000","0.88018","1,218.88538","0.00328","0.00056","31.84314"
"26.50000","0.88361","1,222.20178","0.00327","0.00060","31.92978"
"26.60000","0.88690","1,226.13733","0.00330","0.00056","32.03260"
"26.70000","0.89019","1,229.03967","0.00328","0.00051","32.10842"
"26.80000","0.89363","1,232.66211","0.00329","0.00037","32.20306"
"26.90000","0.89692","1,236.39392","0.00333","0.00028","32.30055"
"27.00000","0.90006","1,238.96985","0.00333","0.00024","32.36784"
"27.10000","0.90349","1,242.97864","0.00365","0.00075","32.47257"
"27.20000","0.90693","1,246.23193","0.00364","0.00082","32.55756"
"27.30000","0.91007","1,249.39771","0.00365","0.00074","32.64027"
"27.40000","0.91358","1,252.93103","0.00372","0.00060","32.73258"
"27.50000","0.91695","1,257.00146","0.00371","0.00073","32.83892"
"27.60000","0.92009","1,259.37744","0.00365","0.00075","32.90099"
"27.70000","0.92352","1,262.89624","0.00370","0.00077","32.99292"
"27.80000","0.92689","1,266.15149","0.00368","0.00053","33.07796"
"27.90000","0.93010","1,269.25232","0.00374","0.00053","33.15897"
"28.00000","0.93354","1,272.88965","0.00380","0.00066","33.25399"
"28.10000","0.93690","1,275.42285","0.00375","0.00070","33.32017"
"28.20000","0.94026","1,279.22949","0.00382","0.00065","33.41962"
"28.30000","0.94355","1,283.12415","0.00376","0.00059","33.52137"
"28.40000","0.94684","1,286.21790","0.00376","0.00108","33.60219"
"28.50000","0.95028","1,289.31836","0.00368","0.00131","33.68319"
"28.60000","0.95334","1,292.12476","0.00372","0.00137","33.75650"
"28.70000","0.95693","1,296.25708","0.00366","0.00126","33.86446"
"28.80000","0.96029","1,299.33093","0.00368","0.00123","33.94477"
"28.90000","0.96343","1,302.85205","0.00366","0.00114","34.03675"
"29.00000","0.96695","1,306.01306","0.00366","0.00113","34.11934"
"29.10000","0.97023","1,309.02283","0.00371","0.00117","34.19796"
"29.20000","0.97337","1,312.14758","0.00372","0.00101","34.27960"
"29.30000","0.97681","1,315.42871","0.00367","0.00095","34.36532"
"29.40000","0.98017","1,318.73865","0.00370","0.00091","34.45179"
"29.50000","0.98354","1,321.67810","0.00370","0.00074","34.52858"
"29.60000","0.98690","1,324.99060","0.00371","0.00077","34.61512"
"29.70000","0.99026","1,328.11597","0.00372","0.00068","34.69677"
"29.80000","0.99355","1,331.86304","0.00372","0.00066","34.79466"
"29.90000","0.99669","1,334.03052","0.00375","0.00065","34.85128"
"30.00000","1.00020","1,337.63000","0.00382","0.00050","34.94532"
"30.10000","1.00349","1,341.13342","0.00411","0.00063","35.03685"
"30.20000","1.00678","1,343.52869","0.00409","0.00051","35.09942"
"30.30000","1.01029","1,347.34912","0.00413","0.00114","35.19923"
"30.40000","1.01366","1,350.44275","0.00415","0.00097","35.28005"
"30.50000","1.01680","1,353.17737","0.00419","0.00088","35.35149"
"30.60000","1.02016","1,357.11621","0.00420","0.00097","35.45440"
"30.70000","1.02352","1,359.59045","0.00417","0.00081","35.51903"
"30.80000","1.02674","1,362.93530","0.00415","0.00073","35.60642"
"30.90000","1.03017","1,366.75842","0.00422","0.00080","35.70630"
"31.00000","1.03361","1,369.65271","0.00418","0.00063","35.78191"
"31.10000","1.03690","1,372.88660","0.00425","0.00072","35.86639"
"31.20000","1.04011","1,375.41113","0.00424","0.00072","35.93235"
"31.30000","1.04348","1,378.46460","0.00424","0.00076","36.01212"
"31.40000","1.04684","1,382.18262","0.00412","0.00069","36.10925"
"31.50000","1.05005","1,385.15259","0.00409","0.00080","36.18684"
"31.60000","1.05357","1,388.44275","0.00418","0.00117","36.27279"
"31.70000","1.05693","1,390.93738","0.00415","0.00154","36.33797"
"31.80000","1.06022","1,395.26245","0.00417","0.00151","36.45096"
"31.90000","1.06358","1,398.05408","0.00410","0.00133","36.52389"
"32.00000","1.06694","1,401.00610","0.00410","0.00135","36.60101"
"32.10000","1.07008","1,403.68628","0.00414","0.00135","36.67103"
"32.20000","1.07345","1,407.54626","0.00411","0.00128","36.77187"
"32.30000","1.07688","1,410.91382","0.00410","0.00119","36.85985"
"32.40000","1.08017","1,414.29749","0.00410","0.00113","36.94824"
"32.50000","1.08354","1,416.22607","0.00412","0.00107","36.99863"
"32.60000","1.08690","1,419.73279","0.00417","0.00103","37.09024"
"32.70000","1.09026","1,422.35352","0.00415","0.00098","37.15871"
"32.80000","1.09348","1,425.57532","0.00412","0.00095","37.24287"
"32.90000","1.09684","1,428.54065","0.00417","0.00084","37.32034"
"33.00000","1.10020","1,431.85974","0.00418","0.00084","37.40705"
"33.10000","1.10349","1,435.88452","0.00446","0.00069","37.51220"
"33.20000","1.10685","1,438.44641","0.00451","0.00064","37.57913"
"33.30000","1.11037","1,441.52124","0.00453","0.00061","37.65946"
"33.40000","1.11343","1,445.08667","0.00459","0.00097","37.75261"
"33.50000","1.11679","1,447.47400","0.00460","0.00121","37.81497"
"33.60000","1.12023","1,451.37354","0.00459","0.00113","37.91685"
"33.70000","1.12345","1,453.87097","0.00461","0.00108","37.98209"
"33.80000","1.12688","1,457.13818","0.00465","0.00106","38.06745"
"33.90000","1.13025","1,460.12183","0.00464","0.00102","38.14540"
"34.00000","1.13353","1,464.20044","0.00465","0.00105","38.25195"
"34.10000","1.13682","1,466.01892","0.00469","0.00103","38.29946"
"34.20000","1.14019","1,468.87122","0.00468","0.00081","38.37397"
"34.30000","1.14355","1,472.07263","0.00458","0.00075","38.45761"
"34.40000","1.14669","1,475.02576","0.00464","0.00085","38.53476"
"34.50000","1.15020","1,479.12708","0.00467","0.00085","38.64190"
"34.60000","1.15371","1,482.20044","0.00461","0.00093","38.72219"
"34.70000","1.15685","1,484.81323","0.00463","0.00099","38.79045"
"34.80000","1.16022","1,487.59851","0.00467","0.00127","38.86322"
"34.90000","1.16365","1,490.81226","0.00462","0.00164","38.94718"
"35.00000","1.16672","1,494.03943","0.00460","0.00169","39.03149"
"35.10000","1.17016","1,496.49646","0.00463","0.00159","39.09568"
"35.20000","1.17359","1,500.54578","0.00455","0.00151","39.20146"
"35.30000","1.17688","1,502.56616","0.00460","0.00155","39.25425"
"35.40000","1.18017","1,505.48962","0.00456","0.00147","39.33062"
"35.50000","1.18353","1,508.76135","0.00458","0.00141","39.41609"
"35.60000","1.18690","1,511.70093","0.00459","0.00134","39.49289"
"35.70000","1.19004","1,513.12561","0.00461","0.00123","39.53011"
"35.80000","1.19347","1,518.19202","0.00464","0.00115","39.66247"
"35.90000","1.19699","1,519.98730","0.00465","0.00106","39.70937"
"36.00000","1.20005","1,523.87024","0.00464","0.00104","39.81081"
"36.10000","1.20356","1,526.38220","0.00495","0.00101","39.87643"
"36.20000","1.20700","1,529.51770","0.00500","0.00095","39.95835"
"36.30000","1.21007","1,532.51355","0.00499","0.00084","40.03661"
"36.40000","1.21350","1,534.67261","0.00501","0.00072","40.09302"
"36.50000","1.21687","1,537.72620","0.00502","0.00093","40.17279"
"36.60000","1.22015","1,540.58093","0.00506","0.00122","40.24738"
"36.70000","1.22352","1,543.58936","0.00506","0.00129","40.32597"
"36.80000","1.22696","1,546.01721","0.00508","0.00131","40.38940"
"36.90000","1.23024","1,548.97388","0.00508","0.00127","40.46664"
"37.00000","1.23338","1,552.06274","0.00510","0.00120","40.54733"
"37.10000","1.23682","1,554.89600","0.00511","0.00109","40.62135"
"37.20000","1.24026","1,558.22412","0.00511","0.00113","40.70830"
"37.30000","1.24340","1,560.92761","0.00511","0.00102","40.77893"
"37.40000","1.24699","1,563.67688","0.00513","0.00098","40.85075"
"37.50000","1.25035","1,566.93713","0.00512","0.00093","40.93592"
"37.60000","1.25341","1,569.39685","0.00512","0.00084","41.00018"
"37.70000","1.25693","1,572.35730","0.00512","0.00093","41.07753"
"37.80000","1.26021","1,575.58081","0.00501","0.00097","41.16174"
"37.90000","1.26343","1,577.51965","0.00509","0.00144","41.21239"
"38.00000","1.26679","1,581.07629","0.00502","0.00124","41.30531"
"38.10000","1.27015","1,583.66858","0.00506","0.00141","41.37303"
"38.20000","1.27359","1,586.50891","0.00510","0.00168","41.44724"
"38.30000","1.27680","1,589.77173","0.00501","0.00164","41.53247"
"38.40000","1.28017","1,592.72888","0.00503","0.00150","41.60973"
"38.50000","1.28353","1,595.51257","0.00504","0.00158","41.68245"
"38.60000","1.28667","1,598.34326","0.00502","0.00154","41.75640"
"38.70000","1.29018","1,601.85132","0.00503","0.00149","41.84805"
"38.80000","1.29362","1,604.36206","0.00503","0.00137","41.91364"
"38.90000","1.29676","1,606.14563","0.00505","0.00122","41.96024"
"39.00000","1.30027","1,609.83862","0.00537","0.00122","42.05672"
"39.10000","1.30356","1,612.37549","0.00538","0.00119","42.12299"
"39.20000","1.30677","1,615.19458","0.00540","0.00116","42.19664"
"39.30000","1.31014","1,617.83545","0.00544","0.00102","42.26563"
"39.40000","1.31350","1,620.64502","0.00545","0.00101","42.33903"
"39.50000","1.31686","1,623.84265","0.00545","0.00101","42.42257"
"39.60000","1.32015","1,625.77747","0.00546","0.00115","42.47312"
"39.70000","1.32359","1,628.06787","0.00546","0.00135","42.53295"
"39.80000","1.32688","1,632.70715","0.00547","0.00141","42.65415"
"39.90000","1.33009","1,634.14575","0.00548","0.00146","42.69174"
"40.00000","1.33353","1,638.33594","0.00552","0.00143","42.80120"
"40.10000","1.33689","1,640.23755","0.00553","0.00139","42.85088"
"40.20000","1.34011","1,643.02124","0.00552","0.00125","42.92361"
"40.30000","1.34362","1,646.31201","0.00548","0.00119","43.00958"
"40.40000","1.34691","1,649.67993","0.00548","0.00111","43.09756"
"40.50000","1.35012","1,651.54822","0.00548","0.00114","43.14637"
"40.60000","1.35349","1,653.99353","0.00546","0.00108","43.21025"
"40.70000","1.35677","1,656.70667","0.00548","0.00100","43.28114"
"40.80000","1.36014","1,659.34729","0.00547","0.00108","43.35012"
"40.90000","1.36343","1,662.86658","0.00550","0.00122","43.44206"
"41.00000","1.36694","1,665.24829","0.00542","0.00118","43.50428"
"41.10000","1.37023","1,668.50293","0.00545","0.00115","43.58931"
"41.20000","1.37344","1,671.01624","0.00543","0.00199","43.65497"
"41.30000","1.37688","1,673.77502","0.00546","0.00190","43.72704"
"41.40000","1.38024","1,676.44250","0.00550","0.00178","43.79673"
"41.50000","1.38338","1,678.76721","0.00549","0.00187","43.85746"
"41.60000","1.38689","1,681.44092","0.00545","0.00176","43.92731"
"41.70000","1.39033","1,684.71667","0.00546","0.00174","44.01289"
"41.80000","1.39354","1,687.27600","0.00549","0.00161","44.07975"
"41.90000","1.39691","1,690.19592","0.00553","0.00162","44.15604"
"42.00000","1.40027","1,692.36877","0.00574","0.00147","44.21280"
"42.10000","1.40348","1,695.21204","0.00576","0.00146","44.28708"
"42.20000","1.40677","1,697.75061","0.00585","0.00135","44.35340"
"42.30000","1.41021","1,699.93384","0.00585","0.00128","44.41044"
"42.40000","1.41350","1,702.94348","0.00585","0.00120","44.48906"
"42.50000","1.41679","1,704.65405","0.00586","0.00125","44.53375"
"42.60000","1.42023","1,708.90527","0.00586","0.00118","44.64481"
"42.70000","1.42351","1,711.01367","0.00592","0.00131","44.69989"
"42.80000","1.42673","1,714.35400","0.00594","0.00133","44.78716"
"42.90000","1.43017","1,716.42822","0.00595","0.00160","44.84135"
"43.00000","1.43353","1,719.56567","0.00593","0.00153","44.92332"
"43.10000","1.43682","1,720.75903","0.00589","0.00150","44.95449"
"43.20000","1.44018","1,724.50134","0.00589","0.00140","45.05226"
"43.30000","1.44369","1,727.18896","0.00590","0.00144","45.12247"
"43.40000","1.44676","1,730.20605","0.00592","0.00150","45.20129"
"43.50000","1.45019","1,732.52319","0.00588","0.00137","45.26183"
"43.60000","1.45363","1,734.96863","0.00593","0.00129","45.32571"
"43.70000","1.45685","1,738.03735","0.00589","0.00114","45.40588"
"43.80000","1.46021","1,740.28003","0.00595","0.00120","45.46447"
"43.90000","1.46365","1,743.69360","0.00592","0.00122","45.55365"
"44.00000","1.46686","1,746.41309","0.00588","0.00121","45.62470"
"44.10000","1.47015","1,747.81030","0.00591","0.00117","45.66120"
"44.20000","1.47344","1,750.74036","0.00588","0.00127","45.73775"
"44.30000","1.47688","1,753.05530","0.00593","0.00111","45.79823"
"44.40000","1.48001","1,755.56982","0.00590","0.00157","45.86392"
"44.50000","1.48353","1,758.43018","0.00590","0.00196","45.93864"
"44.60000","1.48704","1,762.52356","0.00594","0.00195","46.04558"
"44.70000","1.49010","1,763.70557","0.00591","0.00190","46.07646"
"44.80000","1.49354","1,766.08301","0.00594","0.00185","46.13857"
"44.90000","1.49691","1,769.33655","0.00618","0.00186","46.22357"
"45.00000","1.50004","1,771.54089","0.00621","0.00177","46.28116"
"45.10000","1.50348","1,773.91846","0.00623","0.00165","46.34327"
"45.20000","1.50692","1,777.00049","0.00624","0.00158","46.42379"
"45.30000","1.51021","1,779.85132","0.00628","0.00144","46.49826"
"45.40000","1.51365","1,782.78198","0.00630","0.00146","46.57483"
"45.50000","1.51693","1,785.11401","0.00629","0.00137","46.63575"
"45.60000","1.52022","1,787.16833","0.00626","0.00131","46.68942"
"45.70000","1.52344","1,789.61584","0.00630","0.00129","46.75336"
"45.80000","1.52680","1,793.18689","0.00635","0.00119","46.84666"
"45.90000","1.53031","1,795.41284","0.00637","0.00157","46.90481"
"46.00000","1.53338","1,797.27698","0.00640","0.00170","46.95351"
"46.10000","1.53696","1,800.64307","0.00636","0.00164","47.04145"
"46.20000","1.54033","1,803.66528","0.00633","0.00163","47.12040"
"46.30000","1.54339","1,805.04749","0.00637","0.00163","47.15651"
"46.40000","1.54690","1,807.56042","0.00635","0.00164","47.22216"
"46.50000","1.55019","1,810.44678","0.00630","0.00166","47.29757"
"46.60000","1.55348","1,813.28113","0.00630","0.00155","47.37161"
"46.70000","1.55684","1,815.55969","0.00631","0.00135","47.43114"
"46.80000","1.56021","1,817.55493","0.00635","0.00139","47.48326"
"46.90000","1.56357","1,820.53113","0.00634","0.00122","47.56102"
"47.00000","1.56671","1,822.81226","0.00635","0.00131","47.62061"
"47.10000","1.57015","1,825.10034","0.00632","0.00130","47.68039"
"47.20000","1.57359","1,828.14819","0.00633","0.00127","47.76001"
"47.30000","1.57672","1,830.64954","0.00634","0.00129","47.82536"
"47.40000","1.58024","1,832.14172","0.00634","0.00135","47.86434"
"47.50000","1.58367","1,835.27563","0.00637","0.00131","47.94622"
"47.60000","1.58681","1,838.27576","0.00640","0.00210","48.02459"
"47.70000","1.59025","1,840.60815","0.00639","0.00210","48.08553"
"47.80000","1.59354","1,842.84729","0.00638","0.00213","48.14402"
"47.90000","1.59675","1,845.52148","0.00662","0.00205","48.21389"
"48.00000","1.60019","1,847.80994","0.00663","0.00199","48.27367"
"48.10000","1.60348","1,850.11157","0.00658","0.00192","48.33380"
"48.20000","1.60692","1,852.44788","0.00665","0.00185","48.39484"
"48.30000","1.61013","1,854.98169","0.00666","0.00181","48.46103"
"48.40000","1.61349","1,857.56494","0.00666","0.00174","48.52852"
"48.50000","1.61693","1,860.06238","0.00669","0.00169","48.59377"
"48.60000","1.62007","1,862.00610","0.00668","0.00160","48.64454"
"48.70000","1.62351","1,864.63989","0.00670","0.00153","48.71335"
"48.80000","1.62687","1,867.41516","0.00675","0.00144","48.78585"
"48.90000","1.63009","1,869.58142","0.00678","0.00140","48.84245"
"49.00000","1.63360","1,872.27319","0.00676","0.00156","48.91277"
"49.10000","1.63689","1,874.56921","0.00679","0.00178","48.97275"
"49.20000","1.64010","1,877.54236","0.00674","0.00160","49.05043"
"49.30000","1.64346","1,878.80457","0.00674","0.00177","49.08340"
"49.40000","1.64683","1,881.62268","0.00673","0.00165","49.15702"
"49.50000","1.65019","1,884.02612","0.00679","0.00179","49.21981"
"49.60000","1.65348","1,886.60571","0.00678","0.00181","49.28720"
"49.70000","1.65692","1,889.19971","0.00679","0.00176","49.35497"
"49.80000","1.66028","1,891.68469","0.00676","0.00168","49.41989"
"49.90000","1.66342","1,894.08142","0.00675","0.00150","49.48251"
"50.00000","1.66686","1,896.02454","0.00676","0.00144","49.53327"
"50.10000","1.67022","1,898.51294","0.00676","0.00146","49.59828"
"50.20000","1.67343","1,900.74170","0.00677","0.00137","49.65650"
"50.30000","1.67695","1,902.79297","0.00675","0.00140","49.71009"
"50.40000","1.68031","1,905.16248","0.00679","0.00128","49.77200"
"50.50000","1.68352","1,907.80493","0.00674","0.00147","49.84103"
"50.60000","1.68681","1,910.11389","0.00681","0.00137","49.90135"
"50.70000","1.69017","1,912.23560","0.00681","0.00151","49.95678"
"50.80000","1.69346","1,915.07153","0.00694","0.00216","50.03087"
"50.90000","1.69675","1,916.85388","0.00698","0.00222","50.07743"
"51.00000","1.70026","1,919.44299","0.00701","0.00226","50.14507"
"51.10000","1.70363","1,921.92053","0.00707","0.00219","50.20980"
"51.20000","1.70684","1,923.93384","0.00705","0.00207","50.26239"
"51.30000","1.71020","1,926.03650","0.00708","0.00201","50.31733"
"51.40000","1.71349","1,928.69641","0.00711","0.00190","50.38681"
"51.50000","1.71671","1,931.10352","0.00707","0.00188","50.44970"
"51.60000","1.72014","1,933.59180","0.00711","0.00175","50.51471"
"51.70000","1.72358","1,935.88562","0.00714","0.00168","50.57463"
"51.80000","1.72687","1,938.15344","0.00712","0.00166","50.63388"
"51.90000","1.73023","1,940.62231","0.00711","0.00162","50.69838"
"52.00000","1.73367","1,942.94177","0.00716","0.00157","50.75897"
"52.10000","1.73681","1,945.41406","0.00714","0.00144","50.82356"
"52.20000","1.74010","1,947.89490","0.00715","0.00140","50.88837"
"52.30000","1.74354","1,950.08130","0.00717","0.00203","50.94549"
"52.40000","1.74683","1,952.08887","0.00718","0.00196","50.99794"
"52.50000","1.75019","1,954.31445","0.00713","0.00199","51.05608"
"52.60000","1.75363","1,957.28394","0.00713","0.00203","51.13366"
"52.70000","1.75691","1,959.72803","0.00715","0.00193","51.19751"
"52.80000","1.76005","1,960.76599","0.00714","0.00192","51.22462"
"52.90000","1.76349","1,963.70520","0.00714","0.00176","51.30141"
"53.00000","1.76685","1,965.26538","0.00718","0.00175","51.34217"
"53.10000","1.77007","1,968.54321","0.00720","0.00161","51.42780"
"53.20000","1.77351","1,971.07629","0.00720","0.00149","51.49398"
"53.30000","1.77702","1,973.01318","0.00718","0.00160","51.54458"
"53.40000","1.78008","1,975.29639","0.00720","0.00156","51.60423"
"53.50000","1.78345","1,977.96521","0.00722","0.00168","51.67395"
"53.60000","1.78688","1,980.33435","0.00723","0.00160","51.73585"
"53.70000","1.79010","1,981.76208","0.00737","0.00164","51.77314"
"53.80000","1.79354","1,983.99683","0.00740","0.00226","51.83153"
"53.90000","1.79697","1,987.15540","0.00740","0.00237","51.91404"
"54.00000","1.80026","1,990.09216","0.00743","0.00236","51.99077"
"54.10000","1.80348","1,991.38330","0.00745","0.00232","52.02450"
"54.20000","1.80684","1,994.60852","0.00747","0.00222","52.10876"
"54.30000","1.81020","1,996.49072","0.00749","0.00227","52.15793"
"54.40000","1.81342","1,998.72070","0.00750","0.00222","52.21619"
"54.50000","1.81685","2,000.96521","0.00751","0.00218","52.27482"
"54.60000","1.82037","2,002.95349","0.00752","0.00213","52.32677"
"54.70000","1.82351","2,005.68274","0.00755","0.00205","52.39807"
"54.80000","1.82694","2,007.81580","0.00755","0.00190","52.45379"
"54.90000","1.83031","2,010.66248","0.00752","0.00186","52.52816"
"55.00000","1.83337","2,012.43201","0.00755","0.00176","52.57439"
"55.10000","1.83681","2,014.48535","0.00757","0.00166","52.62803"
"55.20000","1.84017","2,017.06885","0.00754","0.00161","52.69553"
"55.30000","1.84353","2,019.13086","0.00758","0.00188","52.74940"
"55.40000","1.84682","2,021.72571","0.00755","0.00221","52.81719"
"55.50000","1.85026","2,023.52185","0.00755","0.00221","52.86411"
"55.60000","1.85362","2,025.89722","0.00759","0.00210","52.92617"
"55.70000","1.85669","2,028.07629","0.00757","0.00205","52.98309"
"55.80000","1.86013","2,030.95874","0.00760","0.00199","53.05840"
"55.90000","1.86356","2,032.92896","0.00758","0.00208","53.10987"
"56.00000","1.86678","2,034.60229","0.00758","0.00205","53.15358"
"56.10000","1.87029","2,037.21130","0.00762","0.00189","53.22174"
"56.20000","1.87365","2,039.60645","0.00761","0.00176","53.28432"
"56.30000","1.87679","2,041.25134","0.00763","0.00163","53.32729"
"56.40000","1.88023","2,043.68628","0.00763","0.00169","53.39090"
"56.50000","1.88352","2,046.58655","0.00764","0.00170","53.46667"
"56.60000","1.88681","2,048.21313","0.00767","0.00171","53.50917"
"56.70000","1.89017","2,049.42285","0.00781","0.00167","53.54077"
"56.80000","1.89353","2,052.98389","0.00782","0.00172","53.63380"
"56.90000","1.89697","2,055.94116","0.00785","0.00176","53.71106"
"57.00000","1.90011","2,057.00757","0.00785","0.00233","53.73892"
"57.10000","1.90347","2,060.54419","0.00788","0.00256","53.83131"
"57.20000","1.90691","2,062.27905","0.00790","0.00247","53.87664"
"57.30000","1.91005","2,064.34106","0.00793","0.00240","53.93050"
"57.40000","1.91356","2,066.63452","0.00792","0.00242","53.99042"
"57.50000","1.91693","2,069.45703","0.00794","0.00228","54.06416"
"57.60000","1.92014","2,071.13477","0.00796","0.00231","54.10799"
"57.70000","1.92358","2,072.99805","0.00796","0.00223","54.15667"
"57.80000","1.92687","2,075.74854","0.00797","0.00211","54.22852"
"57.90000","1.93008","2,078.27417","0.00800","0.00202","54.29450"
"58.00000","1.93344","2,079.29297","0.00798","0.00198","54.32112"
"58.10000","1.93681","2,082.49585","0.00801","0.00200","54.40479"
"58.20000","1.94024","2,084.10498","0.00801","0.00195","54.44683"
"58.30000","1.94346","2,086.48804","0.00801","0.00182","54.50909"
"58.40000","1.94690","2,089.18750","0.00800","0.00207","54.57961"
"58.50000","1.95026","2,091.08252","0.00799","0.00207","54.62912"
"58.60000","1.95340","2,092.71851","0.00797","0.00231","54.67186"
"58.70000","1.95691","2,094.85303","0.00802","0.00221","54.72762"
"58.80000","1.96027","2,097.43555","0.00802","0.00220","54.79509"
"58.90000","1.96349","2,099.29688","0.00803","0.00221","54.84372"
"59.00000","1.96693","2,101.81787","0.00804","0.00228","54.90958"
"59.10000","1.97029","2,103.52563","0.00801","0.00225","54.95419"
"59.20000","1.97350","2,105.49048","0.00803","0.00213","55.00552"
"59.30000","1.97679","2,107.84155","0.00807","0.00203","55.06695"
"59.40000","1.98015","2,109.48438","0.00806","0.00187","55.10986"
"59.50000","1.98352","2,112.44897","0.00808","0.00189","55.18731"
"59.60000","1.98673","2,113.79395","0.00811","0.00193","55.22245"
"59.70000","1.99024","2,115.64673","0.00823","0.00184","55.27085"
"59.80000","1.99361","2,118.53003","0.00825","0.00195","55.34618"
"59.90000","1.99675","2,120.23901","0.00827","0.00194","55.39083"
"60.00000","2.00018","2,122.69922","0.00828","0.00204","55.45510"
"60.10000","2.00355","2,125.24585","0.00828","0.00271","55.52163"
"60.20000","2.00676","2,127.15259","0.00833","0.00267","55.57144"
"60.30000","2.01020","2,128.75269","0.00833","0.00269","55.61325"
"60.40000","2.01364","2,131.72168","0.00834","0.00261","55.69081"
"60.50000","2.01685","2,133.11670","0.00835","0.00254","55.72725"
"60.60000","2.02021","2,135.50146","0.00836","0.00248","55.78955"
"60.70000","2.02358","2,136.85791","0.00839","0.00249","55.82499"
"60.80000","2.02679","2,139.69751","0.00839","0.00240","55.89918"
"60.90000","2.03008","2,141.22803","0.00840","0.00238","55.93916"
"61.00000","2.03367","2,143.88184","0.00841","0.00225","56.00849"
"61.10000","2.03688","2,146.24048","0.00841","0.00221","56.07011"
"61.20000","2.04017","2,147.55444","0.00840","0.00214","56.10444"
"61.30000","2.04361","2,149.40210","0.00842","0.00218","56.15271"
"61.40000","2.04689","2,151.82715","0.00844","0.00199","56.21606"
"61.50000","2.05011","2,153.21680","0.00846","0.00190","56.25237"
"61.60000","2.05355","2,155.98047","0.00842","0.00259","56.32457"
"61.70000","2.05691","2,158.22876","0.00845","0.00250","56.38330"
"61.80000","2.06012","2,159.73706","0.00847","0.00243","56.42271"
"61.90000","2.06349","2,162.29175","0.00848","0.00243","56.48945"
"62.00000","2.06700","2,164.02441","0.00848","0.00246","56.53471"
"62.10000","2.07006","2,166.31030","0.00846","0.00241","56.59443"
"62.20000","2.07343","2,167.75928","0.00849","0.00223","56.63229"
"62.30000","2.07686","2,170.01050","0.00843","0.00211","56.69110"
"62.40000","2.08015","2,172.65088","0.00849","0.00205","56.76008"
"62.50000","2.08352","2,173.75342","0.00853","0.00208","56.78888"
"62.60000","2.08695","2,176.36646","0.00866","0.00196","56.85715"
"62.70000","2.09024","2,178.50171","0.00867","0.00200","56.91293"
"62.80000","2.09346","2,180.17407","0.00870","0.00196","56.95662"
"62.90000","2.09682","2,182.68237","0.00868","0.00193","57.02215"
"63.00000","2.10018","2,184.24854","0.00873","0.00194","57.06306"
"63.10000","2.10339","2,186.84619","0.00875","0.00206","57.13093"
"63.20000","2.10691","2,189.16211","0.00873","0.00279","57.19143"
"63.30000","2.11042","2,191.54077","0.00877","0.00270","57.25357"
"63.40000","2.11348","2,192.60205","0.00878","0.00280","57.28130"
"63.50000","2.11685","2,194.42603","0.00882","0.00275","57.32895"
"63.60000","2.12021","2,196.74463","0.00881","0.00267","57.38952"
"63.70000","2.12342","2,199.51001","0.00884","0.00262","57.46177"
"63.80000","2.12679","2,201.19824","0.00883","0.00255","57.50587"
"63.90000","2.13023","2,203.10791","0.00882","0.00253","57.55576"
"64.00000","2.13359","2,205.25464","0.00885","0.00247","57.61184"
"64.10000","2.13680","2,206.93750","0.00883","0.00242","57.65581"
"64.20000","2.14017","2,209.22217","0.00884","0.00234","57.71550"
"64.30000","2.14360","2,211.72656","0.00886","0.00225","57.78092"
"64.40000","2.14674","2,213.18872","0.00883","0.00215","57.81912"
"64.50000","2.15018","2,215.21582","0.00878","0.00206","57.87208"
"64.60000","2.15362","2,217.43335","0.00881","0.00200","57.93001"
"64.70000","2.15676","2,220.14624","0.00888","0.00236","58.00089"
"64.80000","2.16027","2,221.27075","0.00879","0.00232","58.03026"
"64.90000","2.16356","2,223.37939","0.00888","0.00256","58.08535"
"65.00000","2.16677","2,225.55811","0.00887","0.00259","58.14227"
"65.10000","2.17021","2,228.28564","0.00888","0.00258","58.21352"
"65.20000","2.17357","2,230.22290","0.00888","0.00245","58.26413"
"65.30000","2.17686","2,232.35522","0.00886","0.00244","58.31984"
"65.40000","2.18022","2,233.52051","0.00893","0.00238","58.35028"
"65.50000","2.18359","2,235.68726","0.00905","0.00215","58.40689"
"65.60000","2.18695","2,237.97534","0.00908","0.00214","58.46667"
"65.70000","2.19009","2,239.43506","0.00908","0.00214","58.50480"
"65.80000","2.19345","2,241.36621","0.00908","0.00219","58.55525"
"65.90000","2.19689","2,244.55273","0.00909","0.00207","58.63850"
"66.00000","2.20003","2,245.47510","0.00916","0.00207","58.66259"
"66.10000","2.20354","2,247.63062","0.00917","0.00208","58.71891"
"66.20000","2.20698","2,249.83887","0.00915","0.00225","58.77660"
"66.30000","2.21012","2,251.68213","0.00918","0.00288","58.82475"
"66.40000","2.21356","2,253.42529","0.00923","0.00264","58.87029"
"66.50000","2.21677","2,255.31860","0.00919","0.00295","58.91975"
"66.60000","2.22006","2,257.39600","0.00922","0.00282","58.97403"
"66.70000","2.22350","2,259.91602","0.00920","0.00285","59.03986"
"66.80000","2.22686","2,261.74268","0.00923","0.00269","59.08758"
"66.90000","2.23037","2,264.18872","0.00924","0.00269","59.15149"
"67.00000","2.23351","2,265.92432","0.00924","0.00263","59.19683"
"67.10000","2.23688","2,268.53223","0.00928","0.00258","59.26496"
"67.20000","2.24031","2,270.56250","0.00927","0.00255","59.31800"
"67.30000","2.24338","2,271.62549","0.00926","0.00247","59.34577"
"67.40000","2.24689","2,275.44263","0.00923","0.00243","59.44549"
"67.50000","2.25033","2,275.74878","0.00925","0.00233","59.45349"
"67.60000","2.25347","2,277.99341","0.00928","0.00228","59.51213"
"67.70000","2.25698","2,280.64990","0.00928","0.00247","59.58153"
"67.80000","2.26027","2,282.85376","0.00931","0.00268","59.63911"
"67.90000","2.26356","2,284.33667","0.00927","0.00272","59.67785"
"68.00000","2.26677","2,286.01611","0.00929","0.00269","59.72172"
"68.10000","2.27013","2,288.74976","0.00926","0.00274","59.79314"
"68.20000","2.27357","2,290.47510","0.00926","0.00265","59.83821"
"68.30000","2.27678","2,291.89966","0.00930","0.00256","59.87543"
"68.40000","2.28030","2,293.73438","0.00944","0.00243","59.92336"
"68.50000","2.28359","2,296.41968","0.00947","0.00239","59.99351"
"68.60000","2.28672","2,298.38281","0.00948","0.00235","60.04480"
"68.70000","2.29024","2,300.11011","0.00952","0.00226","60.08992"
"68.80000","2.29360","2,301.76050","0.00950","0.00225","60.13304"
"68.90000","2.29674","2,303.27295","0.00955","0.00221","60.17255"
"69.00000","2.30025","2,306.01440","0.00955","0.00217","60.24417"
"69.10000","2.30362","2,307.34375","0.00955","0.00218","60.27890"
"69.20000","2.30690","2,309.81934","0.00961","0.00222","60.34357"
"69.30000","2.31012","2,311.65918","0.00961","0.00214","60.39164"
"69.40000","2.31348","2,313.86304","0.00959","0.00261","60.44922"
"69.50000","2.31684","2,315.47290","0.00960","0.00303","60.49128"
"69.60000","2.32006","2,317.74878","0.00966","0.00299","60.55073"
"69.70000","2.32364","2,320.19604","0.00963","0.00295","60.61467"
"69.80000","2.32693","2,321.70703","0.00966","0.00297","60.65414"
"69.90000","2.33007","2,322.77856","0.00966","0.00292","60.68213"
"70.00000","2.33358","2,326.12231","0.00970","0.00278","60.76949"
"70.10000","2.33695","2,327.37500","0.00968","0.00282","60.80222"
"70.20000","2.34009","2,329.97144","0.00966","0.00272","60.87004"
"70.30000","2.34352","2,331.04321","0.00970","0.00268","60.89804"
"70.40000","2.34696","2,333.14819","0.00966","0.00259","60.95304"
"70.50000","2.35025","2,335.75488","0.00968","0.00257","61.02114"
"70.60000","2.35354","2,337.03247","0.00970","0.00248","61.05451"
"70.70000","2.35683","2,338.94263","0.00969","0.00239","61.10442"
"70.80000","2.36012","2,340.89380","0.00972","0.00236","61.15539"
"70.90000","2.36333","2,343.17114","0.00971","0.00269","61.21489"
"71.00000","2.36692","2,344.58105","0.00962","0.00284","61.25172"
"71.10000","2.37021","2,346.26709","0.00968","0.00287","61.29576"
"71.20000","2.37342","2,347.89722","0.00970","0.00277","61.33835"
"71.30000","2.37693","2,350.70776","0.00968","0.00273","61.41178"
"71.40000","2.38022","2,352.45166","0.00965","0.00276","61.45734"
"71.50000","2.38343","2,353.63501","0.00992","0.00266","61.48825"
"71.60000","2.38687","2,355.58032","0.00993","0.00257","61.53907"
"71.70000","2.39024","2,357.41602","0.00994","0.00253","61.58703"
"71.80000","2.39345","2,360.07983","0.00997","0.00247","61.65662"
"71.90000","2.39689","2,361.52661","0.00996","0.00234","61.69442"
"72.00000","2.40032","2,363.38647","0.00999","0.00240","61.74301"
"72.10000","2.40346","2,366.09595","0.01002","0.00243","61.81379"
"72.20000","2.40675","2,366.88379","0.00999","0.00245","61.83437"
"72.30000","2.41019","2,369.49292","0.01001","0.00238","61.90254"
"72.40000","2.41348","2,371.25708","0.01001","0.00282","61.94862"
"72.50000","2.41677","2,373.04077","0.01002","0.00297","61.99522"
"72.60000","2.42028","2,374.96387","0.01002","0.00316","62.04546"
"72.70000","2.42364","2,377.38013","0.01005","0.00325","62.10859"
"72.80000","2.42678","2,378.66211","0.01006","0.00317","62.14208"
"72.90000","2.43014","2,380.48926","0.01007","0.00310","62.18982"
"73.00000","2.43351","2,382.63403","0.01005","0.00305","62.24585"
"73.10000","2.43672","2,384.19019","0.01008","0.00292","62.28650"
"73.20000","2.44016","2,386.62207","0.01007","0.00297","62.35003"
"73.30000","2.44367","2,388.24170","0.01009","0.00297","62.39235"
"73.40000","2.44681","2,390.22021","0.01010","0.00281","62.44403"
"73.50000","2.45017","2,391.94385","0.01011","0.00280","62.48906"
"73.60000","2.45354","2,394.68188","0.01015","0.00271","62.56059"
"73.70000","2.45683","2,396.25513","0.01006","0.00272","62.60170"
"73.80000","2.46011","2,398.46948","0.01005","0.00259","62.65954"
"73.90000","2.46355","2,400.05615","0.01000","0.00252","62.70100"
"74.00000","2.46699","2,401.98145","0.01003","0.00315","62.75129"
"74.10000","2.47020","2,404.60864","0.00999","0.00298","62.81993"
"74.20000","2.47357","2,406.07959","0.01006","0.00310","62.85836"
"74.30000","2.47693","2,407.98950","0.01010","0.00301","62.90825"
"74.40000","2.48007","2,409.66260","0.01030","0.00300","62.95196"
"74.50000","2.48351","2,411.90796","0.01031","0.00295","63.01062"
"74.60000","2.48687","2,413.72974","0.01034","0.00281","63.05822"
"74.70000","2.49008","2,415.11353","0.01035","0.00279","63.09436"
"74.80000","2.49360","2,417.45264","0.01038","0.00282","63.15548"
"74.90000","2.49696","2,419.90527","0.01039","0.00261","63.21955"
"75.00000","2.50017","2,421.23779","0.01039","0.00264","63.25436"
"75.10000","2.50354","2,421.88110","0.01038","0.00255","63.27117"
"75.20000","2.50682","2,424.51294","0.01040","0.00259","63.33992"
"75.30000","2.51019","2,426.09692","0.01042","0.00261","63.38131"
"75.40000","2.51348","2,428.38696","0.01046","0.00268","63.44113"
"75.50000","2.51684","2,430.40137","0.01046","0.00257","63.49376"
"75.60000","2.52035","2,432.56714","0.01046","0.00307","63.55034"
"75.70000","2.52342","2,434.11914","0.01045","0.00335","63.59089"
"75.80000","2.52685","2,435.28833","0.01045","0.00335","63.62143"
"75.90000","2.53029","2,437.46655","0.01043","0.00336","63.67833"
"76.00000","2.53336","2,439.46558","0.01047","0.00333","63.73056"
"76.10000","2.53694","2,441.39258","0.01047","0.00314","63.78090"
"76.20000","2.54031","2,444.26855","0.01042","0.00315","63.85604"
"76.30000","2.54352","2,444.90381","0.01040","0.00315","63.87263"
"76.40000","2.54688","2,447.48804","0.01044","0.00301","63.94014"
"76.50000","2.55017","2,449.12671","0.01050","0.00299","63.98295"
"76.60000","2.55354","2,451.08594","0.01049","0.00294","64.03414"
"76.70000","2.55682","2,452.22705","0.01048","0.00290","64.06395"
"76.80000","2.56011","2,454.08960","0.01046","0.00288","64.11261"
"76.90000","2.56362","2,456.62988","0.01052","0.00276","64.17897"
"77.00000","2.56676","2,458.53540","0.01046","0.00306","64.22875"
"77.10000","2.57020","2,460.66431","0.01049","0.00317","64.28437"
"77.20000","2.57364","2,462.43188","0.01046","0.00331","64.33055"
"77.30000","2.57670","2,464.10010","0.01065","0.00325","64.37413"
"77.40000","2.58022","2,465.95459","0.01071","0.00327","64.42258"
"77.50000","2.58358","2,468.16772","0.01075","0.00324","64.48040"
"77.60000","2.58687","2,470.40845","0.01076","0.00309","64.53893"
"77.70000","2.59031","2,471.51221","0.01079","0.00301","64.56777"
"77.80000","2.59359","2,473.77148","0.01080","0.00301","64.62679"
"77.90000","2.59688","2,474.51758","0.01081","0.00288","64.64629"
"78.00000","2.60010","2,477.43896","0.01079","0.00292","64.72260"
"78.10000","2.60346","2,479.39502","0.01076","0.00290","64.77370"
"78.20000","2.60690","2,481.29565","0.01085","0.00290","64.82336"
"78.30000","2.61011","2,482.71289","0.01086","0.00290","64.86039"
"78.40000","2.61362","2,484.70923","0.01084","0.00283","64.91254"
"78.50000","2.61699","2,487.12671","0.01082","0.00302","64.97569"
"78.60000","2.62005","2,487.88184","0.01088","0.00316","64.99542"
"78.70000","2.62356","2,491.02881","0.01080","0.00358","65.07764"
"78.80000","2.62693","2,491.37744","0.01084","0.00359","65.08675"
"78.90000","2.63007","2,494.52930","0.01081","0.00350","65.16909"
"79.00000","2.63350","2,495.53979","0.01077","0.00347","65.19549"
"79.10000","2.63694","2,497.25439","0.01078","0.00345","65.24028"
"79.20000","2.64023","2,499.71997","0.01076","0.00339","65.30470"
"79.30000","2.64344","2,501.19336","0.01082","0.00331","65.34319"
"79.40000","2.64681","2,502.75732","0.01086","0.00333","65.38404"
"79.50000","2.65017","2,504.97583","0.01085","0.00327","65.44200"
"79.60000","2.65338","2,506.54785","0.01078","0.00318","65.48307"
"79.70000","2.65690","2,508.23096","0.01081","0.00311","65.52704"
"79.80000","2.66026","2,510.29248","0.01081","0.00310","65.58089"
"79.90000","2.66347","2,511.43042","0.01088","0.00302","65.61063"
"80.00000","2.66691","2,514.03198","0.01091","0.00297","65.67859"
"80.10000","2.67020","2,514.94067","0.01093","0.00343","65.70233"
"80.20000","2.67341","2,517.48193","0.01121","0.00351","65.76872"
"80.30000","2.67685","2,519.13574","0.01118","0.00350","65.81193"
"80.40000","2.68029","2,520.86304","0.01119","0.00342","65.85705"
"80.50000","2.68350","2,522.96338","0.01123","0.00337","65.91192"
"80.60000","2.68687","2,524.68530","0.01116","0.00334","65.95691"
"80.70000","2.69030","2,525.80957","0.01119","0.00331","65.98627"
"80.80000","2.69352","2,528.79785","0.01121","0.00326","66.06435"
"80.90000","2.69673","2,529.54395","0.01123","0.00318","66.08384"
"81.00000","2.70017","2,531.88501","0.01116","0.00308","66.14500"
"81.10000","2.70353","2,534.22656","0.01125","0.00306","66.20617"
"81.20000","2.70682","2,534.95972","0.01126","0.00296","66.22533"
"81.30000","2.71026","2,538.09961","0.01123","0.00298","66.30735"
"81.40000","2.71362","2,539.30981","0.01121","0.00301","66.33897"
"81.50000","2.71669","2,540.21460","0.01122","0.00292","66.36261"
"81.60000","2.72012","2,542.43945","0.01123","0.00293","66.42073"
"81.70000","2.72356","2,544.60742","0.01118","0.00381","66.47737"
"81.80000","2.72678","2,546.04810","0.01118","0.00375","66.51501"
"81.90000","2.73021","2,547.56372","0.01115","0.00367","66.55460"
"82.00000","2.73365","2,549.99121","0.01124","0.00370","66.61802"
"82.10000","2.73679","2,551.70557","0.01127","0.00366","66.66280"
"82.20000","2.74015","2,553.34058","0.01124","0.00360","66.70552"
"82.30000","2.74352","2,555.37061","0.01119","0.00357","66.75855"
"82.40000","2.74681","2,556.40723","0.01118","0.00349","66.78564"
"82.50000","2.75017","2,559.07617","0.01118","0.00344","66.85536"
"82.60000","2.75361","2,560.74243","0.01120","0.00339","66.89890"
"82.70000","2.75697","2,562.07593","0.01120","0.00333","66.93373"
"82.80000","2.76018","2,563.93896","0.01124","0.00335","66.98240"
"82.90000","2.76355","2,566.27393","0.01127","0.00326","67.04340"
"83.00000","2.76691","2,567.74390","0.01128","0.00322","67.08180"
"83.10000","2.77012","2,569.64600","0.01131","0.00324","67.13150"
"83.20000","2.77349","2,571.14624","0.01159","0.00305","67.17069"
"83.30000","2.77692","2,573.03296","0.01162","0.00373","67.21998"
"83.40000","2.78014","2,574.40845","0.01166","0.00366","67.25591"
"83.50000","2.78358","2,576.59155","0.01167","0.00364","67.31295"
"83.60000","2.78686","2,578.58936","0.01169","0.00359","67.36514"
"83.70000","2.79008","2,580.13794","0.01166","0.00348","67.40559"
"83.80000","2.79344","2,582.18677","0.01163","0.00352","67.45912"
"83.90000","2.79680","2,583.56641","0.01159","0.00338","67.49516"
"84.00000","2.80024","2,586.11523","0.01159","0.00342","67.56175"
"84.10000","2.80346","2,587.47461","0.01165","0.00328","67.59727"
"84.20000","2.80682","2,588.86377","0.01156","0.00327","67.63356"
"84.30000","2.81026","2,591.28052","0.01160","0.00327","67.69669"
"84.40000","2.81340","2,592.83569","0.01164","0.00326","67.73732"
"84.50000","2.81683","2,594.50903","0.01162","0.00325","67.78104"
"84.60000","2.82027","2,596.25513","0.01163","0.00336","67.82665"
"84.70000","2.82349","2,598.18628","0.01158","0.00345","67.87711"
"84.80000","2.82692","2,600.71606","0.01158","0.00353","67.94320"
"84.90000","2.83029","2,602.74390","0.01156","0.00393","67.99617"
"85.00000","2.83350","2,603.93408","0.01157","0.00390","68.02727"
"85.10000","2.83686","2,606.02832","0.01159","0.00385","68.08198"
"85.20000","2.84015","2,607.58423","0.01158","0.00390","68.12263"
"85.30000","2.84351","2,609.53735","0.01158","0.00384","68.17365"
"85.40000","2.84680","2,610.97388","0.01158","0.00373","68.21118"
"85.50000","2.85017","2,612.93286","0.01159","0.00371","68.26236"
"85.60000","2.85368","2,614.95264","0.01160","0.00372","68.31512"
"85.70000","2.85674","2,616.37036","0.01160","0.00357","68.35216"
"85.80000","2.86018","2,618.31543","0.01165","0.00362","68.40298"
"85.90000","2.86354","2,619.76001","0.01166","0.00358","68.44071"
"86.00000","2.86668","2,622.19189","0.01164","0.00354","68.50425"
"86.10000","2.87020","2,623.48950","0.01194","0.00350","68.53815"
"86.20000","2.87363","2,625.80859","0.01200","0.00356","68.59873"
"86.30000","2.87685","2,627.43628","0.01200","0.00358","68.64126"
"86.40000","2.88029","2,628.83008","0.01206","0.00401","68.67767"
"86.50000","2.88350","2,631.05518","0.01199","0.00392","68.73580"
"86.60000","2.88686","2,632.72290","0.01204","0.00388","68.77937"
"86.70000","2.89015","2,633.93555","0.01204","0.00385","68.81105"
"86.80000","2.89351","2,636.08838","0.01204","0.00375","68.86729"
"86.90000","2.89695","2,638.14160","0.01213","0.00371","68.92093"
"87.00000","2.90009","2,639.46948","0.01206","0.00361","68.95562"
"87.10000","2.90360","2,641.87378","0.01207","0.00354","69.01843"
"87.20000","2.90697","2,643.98486","0.01201","0.00348","69.07359"
"87.30000","2.91003","2,644.79102","0.01203","0.00338","69.09464"
"87.40000","2.91354","2,646.81592","0.01204","0.00340","69.14754"
"87.50000","2.91698","2,648.55298","0.01201","0.00336","69.19292"
"87.60000","2.92019","2,650.69849","0.01199","0.00331","69.24898"
"87.70000","2.92356","2,651.80542","0.01198","0.00336","69.27789"
"87.80000","2.92692","2,653.58789","0.01199","0.00370","69.32446"
"87.90000","2.93021","2,655.56128","0.01202","0.00416","69.37601"
"88.00000","2.93342","2,657.52710","0.01201","0.00411","69.42738"
"88.10000","2.93686","2,658.99048","0.01199","0.00410","69.46561"
"88.20000","2.94022","2,661.54663","0.01199","0.00406","69.53238"
"88.30000","2.94344","2,662.29517","0.01200","0.00405","69.55194"
"88.40000","2.94695","2,664.43311","0.01202","0.00403","69.60779"
"88.50000","2.95031","2,666.45239","0.01202","0.00397","69.66055"
"88.60000","2.95338","2,668.35034","0.01204","0.00399","69.71013"
"88.70000","2.95689","2,669.61792","0.01205","0.00393","69.74324"
"88.80000","2.96018","2,671.61377","0.01204","0.00381","69.79539"
"88.90000","2.96339","2,673.37891","0.01204","0.00372","69.84150"
"89.00000","2.96691","2,675.38306","0.01221","0.00370","69.89386"
"89.10000","2.97027","2,676.65625","0.01238","0.00367","69.92712"
"89.20000","2.97356","2,679.71973","0.01234","0.00359","70.00715"
"89.30000","2.97685","2,680.65601","0.01230","0.00350","70.03161"
"89.40000","2.98021","2,681.44556","0.01238","0.00385","70.05224"
"89.50000","2.98350","2,684.12231","0.01244","0.00403","70.12217"
"89.60000","2.98671","2,685.29053","0.01250","0.00406","70.15269"
"89.70000","2.99022","2,687.62305","0.01253","0.00414","70.21362"
"89.80000","2.99359","2,688.90430","0.01247","0.00401","70.24709"
"89.90000","2.99680","2,691.08960","0.01255","0.00400","70.30418"
"90.00000","3.00024","2,693.68506","0.01247","0.00394","70.37199"
"90.10000","3.00360","2,694.95337","0.01247","0.00378","70.40513"
"90.20000","3.00674","2,696.60352","0.01248","0.00382","70.44823"
"90.30000","3.01018","2,698.42310","0.01250","0.00370","70.49577"
"90.40000","3.01354","2,699.92310","0.01248","0.00364","70.53496"
"90.50000","3.01683","2,701.59155","0.01248","0.00363","70.57854"
"90.60000","3.02019","2,702.92944","0.01242","0.00363","70.61350"
"90.70000","3.02363","2,705.46289","0.01244","0.00361","70.67969"
"90.80000","3.02684","2,707.07422","0.01243","0.00397","70.72178"
"90.90000","3.03006","2,709.31665","0.01242","0.00420","70.78036"
"91.00000","3.03357","2,710.02637","0.01239","0.00414","70.79890"
"91.10000","3.03693","2,712.52124","0.01242","0.00443","70.86408"
"91.20000","3.04015","2,714.37280","0.01243","0.00431","70.91245"
"91.30000","3.04359","2,715.48096","0.01244","0.00426","70.94141"
"91.40000","3.04695","2,718.00952","0.01246","0.00426","71.00746"
"91.50000","3.05009","2,719.23950","0.01244","0.00430","71.03960"
"91.60000","3.05352","2,721.15015","0.01244","0.00420","71.08952"
"91.70000","3.05689","2,722.86084","0.01248","0.00415","71.13420"
"91.80000","3.06010","2,724.40869","0.01248","0.00408","71.17464"
"91.90000","3.06354","2,726.30078","0.01250","0.00404","71.22408"
"92.00000","3.06698","2,728.00171","0.01271","0.00406","71.26851"
"92.10000","3.07019","2,730.11304","0.01270","0.00395","71.32367"
"92.20000","3.07348","2,730.52563","0.01271","0.00395","71.33444"
"92.30000","3.07684","2,732.67798","0.01274","0.00398","71.39068"
"92.40000","3.08013","2,734.21899","0.01273","0.00374","71.43093"
"92.50000","3.08342","2,735.71338","0.01282","0.00393","71.46997"
"92.60000","3.08686","2,738.10864","0.01277","0.00427","71.53255"
"92.70000","3.09030","2,739.41064","0.01280","0.00413","71.56657"
"92.80000","3.09351","2,741.21606","0.01283","0.00430","71.61373"
"92.90000","3.09687","2,743.56763","0.01294","0.00424","71.67516"
"93.00000","3.10031","2,745.58862","0.01287","0.00430","71.72797"
"93.10000","3.10337","2,746.33789","0.01288","0.00407","71.74754"
"93.20000","3.10689","2,747.99414","0.01287","0.00398","71.79081"
"93.30000","3.11033","2,750.10327","0.01289","0.00396","71.84591"
"93.40000","3.11346","2,751.80884","0.01290","0.00388","71.89046"
"93.50000","3.11690","2,753.40454","0.01290","0.00382","71.93215"
"93.60000","3.12027","2,755.14282","0.01289","0.00379","71.97756"
"93.70000","3.12348","2,757.26392","0.01288","0.00384","72.03297"
"93.80000","3.12684","2,759.32056","0.01284","0.00380","72.08671"
"93.90000","3.13013","2,760.42163","0.01286","0.00379","72.11547"
"94.00000","3.13357","2,762.51294","0.01281","0.00381","72.17010"
"94.10000","3.13678","2,763.99194","0.01284","0.00426","72.20875"
"94.20000","3.14022","2,765.77759","0.01284","0.00455","72.25539"
"94.30000","3.14366","2,767.73022","0.01283","0.00440","72.30641"
"94.40000","3.14672","2,768.80225","0.01287","0.00448","72.33441"
"94.50000","3.15016","2,770.21680","0.01289","0.00446","72.37137"
"94.60000","3.15360","2,772.51758","0.01288","0.00444","72.43148"
"94.70000","3.15674","2,773.87524","0.01290","0.00444","72.46694"
"94.80000","3.16025","2,775.64136","0.01299","0.00439","72.51308"
"94.90000","3.16361","2,777.96143","0.01311","0.00432","72.57369"
"95.00000","3.16683","2,779.42139","0.01310","0.00423","72.61184"
"95.10000","3.17019","2,780.79834","0.01315","0.00410","72.64781"
"95.20000","3.17348","2,782.87891","0.01314","0.00415","72.70216"
"95.30000","3.17684","2,784.37793","0.01318","0.00418","72.74133"
"95.40000","3.18005","2,786.15381","0.01320","0.00395","72.78772"
"95.50000","3.18357","2,788.19849","0.01321","0.00395","72.84114"
"95.60000","3.18701","2,789.45801","0.01317","0.00397","72.87404"
"95.70000","3.19014","2,791.69067","0.01319","0.00411","72.93237"
"95.80000","3.19351","2,792.48218","0.01322","0.00455","72.95305"
"95.90000","3.19695","2,794.74341","0.01321","0.00440","73.01212"
"96.00000","3.20001","2,796.24365","0.01324","0.00439","73.05132"
"96.10000","3.20360","2,798.02686","0.01330","0.00433","73.09790"
"96.20000","3.20696","2,800.03467","0.01327","0.00437","73.15035"
"96.30000","3.21017","2,801.40137","0.01330","0.00427","73.18606"
"96.40000","3.21361","2,803.34009","0.01330","0.00424","73.23671"
"96.50000","3.21690","2,804.96167","0.01328","0.00419","73.27908"
"96.60000","3.22019","2,806.78931","0.01330","0.00405","73.32682"
"96.70000","3.22340","2,807.65063","0.01331","0.00411","73.34932"
"96.80000","3.22684","2,810.26367","0.01329","0.00401","73.41759"
"96.90000","3.23028","2,812.27271","0.01330","0.00395","73.47007"
"97.00000","3.23342","2,813.62207","0.01332","0.00405","73.50533"
"97.10000","3.23693","2,815.44702","0.01330","0.00446","73.55300"
"97.20000","3.24029","2,817.76147","0.01332","0.00424","73.61346"
"97.30000","3.24336","2,818.73657","0.01327","0.00478","73.63894"
"97.40000","3.24694","2,820.71729","0.01326","0.00482","73.69068"
"97.50000","3.25023","2,822.84106","0.01328","0.00478","73.74617"
"97.60000","3.25352","2,823.47852","0.01328","0.00465","73.76282"
"97.70000","3.25688","2,825.46289","0.01330","0.00468","73.81466"
"97.80000","3.26025","2,827.61230","0.01350","0.00464","73.87082"
"97.90000","3.26354","2,829.39087","0.01352","0.00458","73.91728"
"98.00000","3.26675","2,830.77832","0.01356","0.00455","73.95353"
"98.10000","3.27019","2,832.81372","0.01357","0.00446","74.00670"
"98.20000","3.27355","2,834.51318","0.01356","0.00439","74.05110"
"98.30000","3.27676","2,836.41748","0.01359","0.00440","74.10085"
"98.40000","3.28028","2,837.89429","0.01360","0.00430","74.13943"
"98.50000","3.28364","2,839.97461","0.01360","0.00430","74.19378"
"98.60000","3.28670","2,839.94116","0.01360","0.00419","74.19290"
"98.70000","3.29022","2,842.89868","0.01362","0.00424","74.27017"
"98.80000","3.29358","2,844.84570","0.01360","0.00472","74.32104"
"98.90000","3.29672","2,846.22583","0.01363","0.00473","74.35709"
"99.00000","3.30016","2,847.44995","0.01364","0.00469","74.38907"
"99.10000","3.30359","2,849.61328","0.01363","0.00461","74.44559"
"99.20000","3.30688","2,851.69434","0.01363","0.00458","74.49995"
"99.30000","3.31017","2,852.94604","0.01360","0.00444","74.53265"
"99.40000","3.31353","2,854.16162","0.01367","0.00447","74.56441"
"99.50000","3.31690","2,856.54395","0.01370","0.00447","74.62665"
"99.60000","3.32004","2,858.35425","0.01368","0.00447","74.67394"
"99.70000","3.32355","2,860.04907","0.01369","0.00434","74.71822"
"99.80000","3.32691","2,861.36768","0.01368","0.00431","74.75267"
"99.90000","3.33013","2,863.11670","0.01370","0.00433","74.79836"
"100.00000","3.33364","2,864.95776","0.01370","0.00429","74.84646"
"100.10000","3.33693","2,866.74536","0.01374","0.00424","74.89316"
"100.20000","3.34014","2,868.06885","0.01371","0.00424","74.92773"
"100.30000","3.34350","2,869.81030","0.01375","0.00452","74.97323"
"100.40000","3.34687","2,871.84424","0.01372","0.00458","75.02637"
"100.50000","3.35016","2,874.00269","0.01375","0.00491","75.08276"
"100.60000","3.35352","2,875.63599","0.01371","0.00489","75.12543"
"100.70000","3.35696","2,876.83862","0.01373","0.00476","75.15685"
"100.80000","3.36025","2,878.42725","0.01393","0.00487","75.19835"
"100.90000","3.36346","2,880.90649","0.01394","0.00473","75.26311"
"101.00000","3.36682","2,882.25586","0.01396","0.00475","75.29837"
"101.10000","3.37019","2,884.65210","0.01396","0.00470","75.36097"
"101.20000","3.37340","2,885.64307","0.01397","0.00464","75.38686"
"101.30000","3.37691","2,887.76758","0.01400","0.00457","75.44236"
"101.40000","3.38027","2,889.73779","0.01400","0.00455","75.49384"
"101.50000","3.38349","2,891.79150","0.01402","0.00441","75.54749"
"101.60000","3.38678","2,893.02783","0.01401","0.00438","75.57978"
"101.70000","3.39021","2,894.68140","0.01405","0.00461","75.62299"
"101.80000","3.39343","2,896.28247","0.01406","0.00458","75.66481"
"101.90000","3.39687","2,898.11890","0.01405","0.00506","75.71278"
"102.00000","3.40030","2,900.27148","0.01401","0.00501","75.76902"
"102.10000","3.40352","2,901.56494","0.01404","0.00502","75.80281"
"102.20000","3.40688","2,903.27783","0.01401","0.00488","75.84756"
"102.30000","3.41024","2,903.98120","0.01400","0.00474","75.86594"
"102.40000","3.41353","2,906.70166","0.01402","0.00473","75.93701"
"102.50000","3.41682","2,907.79639","0.01407","0.00470","75.96561"
"102.60000","3.42018","2,909.67505","0.01406","0.00466","76.01469"
"102.70000","3.42362","2,911.96753","0.01411","0.00453","76.07458"
"102.80000","3.42684","2,913.21216","0.01414","0.00442","76.10709"
"102.90000","3.43020","2,915.31396","0.01411","0.00440","76.16200"
"103.00000","3.43364","2,916.57300","0.01414","0.00456","76.19489"
"103.10000","3.43678","2,917.51392","0.01414","0.00450","76.21947"
"103.20000","3.44014","2,919.91846","0.01416","0.00453","76.28230"
"103.30000","3.44365","2,921.02539","0.01414","0.00444","76.31121"
"103.40000","3.44679","2,922.84595","0.01417","0.00488","76.35877"
"103.50000","3.45023","2,924.99438","0.01420","0.00485","76.41490"
"103.60000","3.45359","2,927.61328","0.01423","0.00517","76.48332"
"103.70000","3.45681","2,929.00562","0.01439","0.00511","76.51970"
"103.80000","3.46009","2,928.86377","0.01441","0.00507","76.51599"
"103.90000","3.46346","2,931.37476","0.01436","0.00490","76.58159"
"104.00000","3.46689","2,933.48755","0.01436","0.00505","76.63679"
"104.10000","3.47011","2,934.45776","0.01438","0.00493","76.66213"
"104.20000","3.47355","2,936.09692","0.01440","0.00487","76.70496"
"104.30000","3.47706","2,938.18335","0.01443","0.00488","76.75946"
"104.40000","3.48012","2,939.03931","0.01443","0.00479","76.78182"
"104.50000","3.48356","2,941.50317","0.01444","0.00476","76.84619"
"104.60000","3.48692","2,942.31445","0.01447","0.00465","76.86739"
"104.70000","3.49006","2,944.11255","0.01447","0.00465","76.91436"
"104.80000","3.49358","2,946.27075","0.01447","0.00461","76.97074"
"104.90000","3.49694","2,947.86572","0.01444","0.00521","77.01241"
"105.00000","3.50023","2,949.85742","0.01447","0.00520","77.06445"
"105.10000","3.50352","2,951.60962","0.01447","0.00517","77.11022"
"105.20000","3.50680","2,952.32275","0.01444","0.00517","77.12885"
"105.30000","3.51017","2,954.23950","0.01445","0.00503","77.17892"
"105.40000","3.51338","2,955.84375","0.01446","0.00496","77.22084"
"105.50000","3.51682","2,957.88940","0.01444","0.00488","77.27428"
"105.60000","3.52033","2,960.35107","0.01443","0.00490","77.33859"
"105.70000","3.52340","2,961.08301","0.01447","0.00490","77.35771"
"105.80000","3.52683","2,962.84375","0.01447","0.00482","77.40371"
"105.90000","3.53027","2,964.78687","0.01451","0.00476","77.45448"
"106.00000","3.53334","2,966.11621","0.01453","0.00476","77.48920"
"106.10000","3.53692","2,967.69873","0.01453","0.00480","77.53055"
"106.20000","3.54029","2,969.93750","0.01456","0.00458","77.58904"
"106.30000","3.54350","2,971.46436","0.01456","0.00465","77.62892"
"106.40000","3.54694","2,973.34204","0.01458","0.00456","77.67798"
"106.50000","3.55023","2,974.94287","0.01463","0.00463","77.71980"
"106.60000","3.55359","2,976.03271","0.01481","0.00492","77.74827"
"106.70000","3.55673","2,977.02148","0.01484","0.00497","77.77410"
"106.80000","3.56017","2,979.72363","0.01486","0.00531","77.84470"
"106.90000","3.56360","2,981.04834","0.01489","0.00528","77.87930"
"107.00000","3.56674","2,982.78394","0.01486","0.00524","77.92464"
"107.10000","3.57026","2,984.31421","0.01485","0.00522","77.96462"
"107.20000","3.57369","2,986.67090","0.01485","0.00507","78.02619"
"107.30000","3.57668","2,987.64844","0.01486","0.00498","78.05173"
"107.40000","3.58020","2,989.40796","0.01487","0.00503","78.09769"
"107.50000","3.58348","2,990.69727","0.01487","0.00498","78.13138"
"107.60000","3.58670","2,992.67847","0.01489","0.00502","78.18314"
"107.70000","3.59021","2,994.68896","0.01488","0.00491","78.23566"
"107.80000","3.59357","2,996.25781","0.01489","0.00492","78.27665"
"107.90000","3.59694","2,997.56396","0.01489","0.00486","78.31077"
"108.00000","3.60015","2,998.77686","0.01489","0.00542","78.34245"
"108.10000","3.60351","3,001.25391","0.01487","0.00541","78.40717"
"108.20000","3.60688","3,002.65356","0.01487","0.00544","78.44373"
"108.30000","3.61002","3,004.29028","0.01488","0.00535","78.48650"
"108.40000","3.61360","3,005.94263","0.01488","0.00516","78.52966"
"108.50000","3.61697","3,008.13867","0.01490","0.00519","78.58703"
"108.60000","3.62011","3,009.12012","0.01489","0.00513","78.61267"
"108.70000","3.62362","3,011.83813","0.01487","0.00509","78.68368"
"108.80000","3.62691","3,012.35913","0.01489","0.00499","78.69729"
"108.90000","3.63012","3,014.28198","0.01488","0.00503","78.74752"
"109.00000","3.63356","3,016.46948","0.01493","0.00492","78.80467"
"109.10000","3.63685","3,017.66431","0.01491","0.00488","78.83588"
"109.20000","3.64021","3,019.45947","0.01495","0.00481","78.88278"
"109.30000","3.64350","3,021.13574","0.01499","0.00477","78.92657"
"109.40000","3.64694","3,022.80273","0.01501","0.00484","78.97013"
"109.50000","3.65022","3,024.59106","0.01523","0.00474","79.01685"
"109.60000","3.65336","3,025.72388","0.01521","0.00489","79.04644"
"109.70000","3.65688","3,028.62476","0.01524","0.00514","79.12222"
"109.80000","3.66024","3,029.75391","0.01524","0.00525","79.15173"
"109.90000","3.66345","3,031.19189","0.01527","0.00551","79.18929"
"110.00000","3.66689","3,032.58716","0.01528","0.00556","79.22575"
"110.10000","3.67025","3,034.22168","0.01531","0.00551","79.26845"
"110.20000","3.67347","3,036.13379","0.01531","0.00543","79.31840"
"110.30000","3.67683","3,037.30029","0.01536","0.00529","79.34887"
"110.40000","3.68019","3,039.34717","0.01534","0.00524","79.40234"
"110.50000","3.68348","3,041.79053","0.01534","0.00528","79.46618"
"110.60000","3.68685","3,043.19360","0.01531","0.00521","79.50284"
"110.70000","3.69028","3,044.80151","0.01531","0.00507","79.54484"
"110.80000","3.69357","3,046.21167","0.01532","0.00509","79.58168"
"110.90000","3.69671","3,047.54224","0.01533","0.00502","79.61644"
"111.00000","3.70022","3,048.98291","0.01530","0.00512","79.65408"
"111.10000","3.70351","3,050.53491","0.01532","0.00565","79.69463"
"111.20000","3.70680","3,051.84741","0.01532","0.00562","79.72891"
"111.30000","3.71024","3,054.67041","0.01531","0.00564","79.80267"
"111.40000","3.71368","3,055.97290","0.01530","0.00552","79.83669"
"111.50000","3.71689","3,057.51953","0.01533","0.00541","79.87710"
"111.60000","3.72018","3,059.10815","0.01532","0.00539","79.91860"
"111.70000","3.72354","3,060.27319","0.01533","0.00526","79.94904"
"111.80000","3.72676","3,062.26343","0.01532","0.00527","80.00103"
"111.90000","3.73012","3,063.39429","0.01531","0.00519","80.03057"
"112.00000","3.73363","3,065.24121","0.01533","0.00511","80.07883"
"112.10000","3.73684","3,067.49902","0.01534","0.00511","80.13781"
"112.20000","3.74013","3,068.13892","0.01535","0.00500","80.15453"
"112.30000","3.74357","3,070.26245","0.01535","0.00497","80.21001"
"112.40000","3.74686","3,072.42212","0.01537","0.00495","80.26643"
"112.50000","3.75007","3,073.91016","0.01556","0.00488","80.30530"
"112.60000","3.75351","3,075.26123","0.01564","0.00492","80.34059"
"112.70000","3.75695","3,077.00269","0.01566","0.00492","80.38609"
"112.80000","3.76016","3,078.05493","0.01568","0.00504","80.41358"
"112.90000","3.76353","3,080.21851","0.01570","0.00501","80.47010"
"113.00000","3.76696","3,082.57739","0.01570","0.00548","80.53173"
"113.10000","3.77010","3,083.31934","0.01573","0.00566","80.55111"
"113.20000","3.77347","3,085.05884","0.01576","0.00559","80.59656"
"113.30000","3.77690","3,087.22339","0.01576","0.00563","80.65311"
"113.40000","3.78019","3,088.65430","0.01575","0.00549","80.69048"
"113.50000","3.78356","3,089.38647","0.01576","0.00541","80.70962"
"113.60000","3.78692","3,091.45776","0.01577","0.00544","80.76373"
"113.70000","3.79021","3,094.08081","0.01573","0.00538","80.83225"
"113.80000","3.79342","3,095.61987","0.01578","0.00535","80.87246"
"113.90000","3.79678","3,096.65381","0.01570","0.00532","80.89948"
"114.00000","3.80022","3,098.16797","0.01572","0.00524","80.93903"
"114.10000","3.80344","3,100.25464","0.01571","0.00545","80.99355"
"114.20000","3.80687","3,101.69849","0.01574","0.00553","81.03127"
"114.30000","3.81031","3,103.49072","0.01571","0.00573","81.07809"
"114.40000","3.81345","3,104.69141","0.01571","0.00577","81.10945"
"114.50000","3.81689","3,106.45117","0.01574","0.00560","81.15543"
"114.60000","3.82025","3,108.53516","0.01573","0.00555","81.20987"
"114.70000","3.82339","3,109.81714","0.01575","0.00551","81.24336"
"114.80000","3.82690","3,111.97632","0.01574","0.00550","81.29977"
"114.90000","3.83027","3,113.37061","0.01573","0.00551","81.33620"
"115.00000","3.83355","3,114.61255","0.01575","0.00539","81.36864"
"115.10000","3.83684","3,116.25928","0.01580","0.00539","81.41166"
"115.20000","3.84021","3,117.93042","0.01578","0.00525","81.45532"
"115.30000","3.84357","3,120.31030","0.01578","0.00522","81.51749"
"115.40000","3.84678","3,121.39941","0.01596","0.00522","81.54594"
"115.50000","3.85022","3,122.73511","0.01601","0.00523","81.58084"
"115.60000","3.85366","3,124.70654","0.01603","0.00517","81.63235"
"115.70000","3.85680","3,126.15747","0.01606","0.00517","81.67025"
"115.80000","3.86024","3,128.18018","0.01612","0.00523","81.72309"
"115.90000","3.86367","3,129.55347","0.01613","0.00523","81.75897"
"116.00000","3.86666","3,130.71313","0.01615","0.00530","81.78927"
"116.10000","3.87018","3,132.83716","0.01616","0.00587","81.84476"
"116.20000","3.87354","3,134.04248","0.01615","0.00579","81.87624"
"116.30000","3.87683","3,136.79907","0.01620","0.00580","81.94826"
"116.40000","3.88019","3,137.67017","0.01617","0.00576","81.97102"
"116.50000","3.88355","3,139.54761","0.01618","0.00577","82.02007"
"116.60000","3.88684","3,140.82202","0.01617","0.00576","82.05336"
"116.70000","3.89006","3,142.27490","0.01617","0.00571","82.09132"
"116.80000","3.89349","3,143.79565","0.01620","0.00564","82.13104"
"116.90000","3.89693","3,145.52344","0.01618","0.00553","82.17618"
"117.00000","3.90007","3,148.02759","0.01620","0.00545","82.24160"
"117.10000","3.90358","3,148.73486","0.01621","0.00546","82.26008"
"117.20000","3.90702","3,151.06519","0.01618","0.00615","82.32096"
"117.30000","3.91008","3,151.83252","0.01618","0.00613","82.34100"
"117.40000","3.91360","3,154.44873","0.01615","0.00604","82.40936"
"117.50000","3.91689","3,156.39526","0.01613","0.00600","82.46021"
"117.60000","3.92017","3,157.45093","0.01614","0.00590","82.48779"
"117.70000","3.92354","3,158.43188","0.01616","0.00580","82.51341"
"117.80000","3.92690","3,160.71509","0.01618","0.00579","82.57306"
"117.90000","3.93026","3,162.72144","0.01620","0.00566","82.62547"
"118.00000","3.93348","3,163.69043","0.01620","0.00558","82.65079"
"118.10000","3.93684","3,165.42651","0.01619","0.00558","82.69614"
"118.20000","3.94020","3,166.69604","0.01622","0.00552","82.72931"
"118.30000","3.94334","3,168.69702","0.01640","0.00545","82.78159"
"118.40000","3.94686","3,169.60254","0.01640","0.00542","82.80524"
"118.50000","3.95029","3,172.20166","0.01643","0.00537","82.87315"
"118.60000","3.95343","3,173.39014","0.01643","0.00541","82.90419"
"118.70000","3.95694","3,174.34546","0.01645","0.00537","82.92915"
"118.80000","3.96016","3,176.67090","0.01644","0.00534","82.98991"
"118.90000","3.96337","3,178.49561","0.01650","0.00535","83.03757"
"119.00000","3.96681","3,180.53638","0.01646","0.00540","83.09089"
"119.10000","3.97017","3,181.48438","0.01650","0.00539","83.11565"
"119.20000","3.97354","3,183.52539","0.01657","0.00614","83.16898"
"119.30000","3.97682","3,184.15796","0.01656","0.00609","83.18550"
"119.40000","3.98026","3,186.85620","0.01658","0.00601","83.25599"
"119.50000","3.98355","3,188.23682","0.01660","0.00601","83.29206"
"119.60000","3.98669","3,189.39648","0.01658","0.00597","83.32236"
"119.70000","3.99020","3,190.94995","0.01659","0.00587","83.36294"
"119.80000","3.99364","3,193.22461","0.01661","0.00589","83.42236"
"119.90000","3.99685","3,194.18188","0.01664","0.00584","83.44737"
"120.00000","4.00029","3,195.84521","0.01663","0.00578","83.49083"
"120.10000","4.00365","3,197.46875","0.01660","0.00570","83.53324"
"120.20000","4.00679","3,199.45972","0.01663","0.00636","83.58526"
"120.30000","4.01016","3,200.51270","0.01658","0.00624","83.61276"
"120.40000","4.01352","3,202.46655","0.01658","0.00630","83.66381"
"120.50000","4.01681","3,203.65869","0.01655","0.00633","83.69495"
"120.60000","4.02017","3,205.10083","0.01657","0.00609","83.73263"
"120.70000","4.02361","3,206.71436","0.01658","0.00606","83.77478"
"120.80000","4.02690","3,208.76807","0.01658","0.00598","83.82844"
"120.90000","4.03004","3,210.06885","0.01660","0.00584","83.86242"
"121.00000","4.03348","3,212.02808","0.01662","0.00586","83.91360"
"121.10000","4.03691","3,214.03809","0.01664","0.00582","83.96611"
"121.20000","4.04013","3,214.78394","0.01683","0.00574","83.98560"
"121.30000","4.04356","3,216.67822","0.01685","0.00582","84.03509"
"121.40000","4.04693","3,217.85181","0.01684","0.00578","84.06574"
"121.50000","4.05022","3,220.90869","0.01684","0.00564","84.14561"
"121.60000","4.05350","3,221.78369","0.01686","0.00566","84.16846"
"121.70000","4.05694","3,223.84424","0.01687","0.00556","84.22230"
"121.80000","4.06008","3,225.13843","0.01690","0.00559","84.25611"
"121.90000","4.06344","3,226.26758","0.01694","0.00559","84.28561"
"122.00000","4.06696","3,228.14209","0.01692","0.00558","84.33458"
"122.10000","4.07025","3,230.80835","0.01691","0.00565","84.40424"
"122.20000","4.07353","3,230.87720","0.01693","0.00638","84.40603"
"122.30000","4.07690","3,233.06958","0.01696","0.00600","84.46331"
"122.40000","4.08026","3,234.59473","0.01695","0.00630","84.50315"
"122.50000","4.08340","3,236.16870","0.01701","0.00629","84.54427"
"122.60000","4.08684","3,238.20923","0.01700","0.00626","84.59758"
"122.70000","4.09028","3,240.13892","0.01703","0.00612","84.64799"
"122.80000","4.09349","3,241.24536","0.01702","0.00607","84.67690"
"122.90000","4.09685","3,242.33618","0.01702","0.00607","84.70540"
"123.00000","4.10036","3,245.09692","0.01700","0.00609","84.77752"
"123.10000","4.10343","3,245.75342","0.01703","0.00633","84.79467"
"123.20000","4.10679","3,247.28418","0.01703","0.00659","84.83466"
"123.30000","4.11023","3,249.13965","0.01706","0.00647","84.88313"
"123.40000","4.11344","3,251.29565","0.01703","0.00652","84.93946"
"123.50000","4.11688","3,252.43066","0.01705","0.00652","84.96911"
"123.60000","4.12024","3,254.39087","0.01707","0.00643","85.02032"
"123.70000","4.12353","3,255.61719","0.01706","0.00638","85.05236"
"123.80000","4.12675","3,257.48315","0.01704","0.00623","85.10110"
"123.90000","4.13018","3,258.52563","0.01705","0.00613","85.12834"
"124.00000","4.13355","3,260.21436","0.01705","0.00614","85.17246"
"124.10000","4.13676","3,261.74463","0.01726","0.00608","85.21244"
"124.20000","4.14020","3,263.67871","0.01728","0.00610","85.26296"
"124.30000","4.14371","3,265.78540","0.01730","0.00599","85.31800"
"124.40000","4.14678","3,266.36328","0.01727","0.00588","85.33310"
"124.50000","4.15021","3,268.23364","0.01729","0.00590","85.38196"
"124.60000","4.15358","3,269.97607","0.01732","0.00591","85.42748"
"124.70000","4.15672","3,270.68237","0.01732","0.00572","85.44593"
"124.80000","4.16023","3,272.78711","0.01736","0.00578","85.50092"
"124.90000","4.16352","3,274.51685","0.01735","0.00576","85.54611"
"125.00000","4.16688","3,276.16479","0.01733","0.00572","85.58916"
"125.10000","4.17017","3,278.30908","0.01734","0.00585","85.64518"
"125.20000","4.17353","3,279.59253","0.01733","0.00587","85.67871"
"125.30000","4.17690","3,281.56567","0.01736","0.00617","85.73026"
"125.40000","4.18003","3,282.70166","0.01735","0.00647","85.75993"
"125.50000","4.18355","3,284.74536","0.01736","0.00652","85.81332"
"125.60000","4.18698","3,286.16919","0.01735","0.00642","85.85052"
"125.70000","4.19012","3,287.14111","0.01742","0.00644","85.87592"
"125.80000","4.19356","3,289.18701","0.01742","0.00637","85.92937"
"125.90000","4.19700","3,291.03613","0.01743","0.00632","85.97767"
"126.00000","4.20006","3,291.97314","0.01741","0.00620","86.00215"
"126.10000","4.20358","3,293.97656","0.01745","0.00623","86.05449"
"126.20000","4.20686","3,295.16260","0.01743","0.00655","86.08547"
"126.30000","4.21015","3,297.40259","0.01743","0.00682","86.14400"
"126.40000","4.21359","3,297.88965","0.01747","0.00690","86.15672"
"126.50000","4.21688","3,300.69702","0.01746","0.00671","86.23006"
"126.60000","4.22024","3,302.01245","0.01745","0.00672","86.26443"
"126.70000","4.22338","3,303.35132","0.01749","0.00659","86.29940"
"126.80000","4.22682","3,305.48877","0.01746","0.00652","86.35525"
"126.90000","4.23018","3,307.11353","0.01755","0.00652","86.39769"
"127.00000","4.23340","3,308.29175","0.01747","0.00646","86.42847"
"127.10000","4.23691","3,309.84863","0.01770","0.00630","86.46915"
"127.20000","4.24035","3,311.58789","0.01768","0.00630","86.51458"
"127.30000","4.24349","3,312.77588","0.01772","0.00628","86.54562"
"127.40000","4.24692","3,315.66113","0.01774","0.00624","86.62099"
"127.50000","4.25014","3,316.29102","0.01774","0.00620","86.63745"
"127.60000","4.25343","3,318.40625","0.01777","0.00615","86.69271"
"127.70000","4.25679","3,319.03955","0.01778","0.00610","86.70926"
"127.80000","4.26023","3,320.85815","0.01778","0.00615","86.75677"
"127.90000","4.26359","3,323.17651","0.01777","0.00606","86.81733"
"128.00000","4.26680","3,323.90747","0.01779","0.00595","86.83643"
"128.10000","4.27017","3,325.77075","0.01780","0.00607","86.88511"
"128.20000","4.27353","3,327.85327","0.01779","0.00594","86.93951"
"128.30000","4.27667","3,328.66650","0.01778","0.00635","86.96075"
"128.40000","4.28026","3,330.44189","0.01780","0.00646","87.00714"
"128.50000","4.28362","3,332.33960","0.01778","0.00675","87.05672"
"128.60000","4.28683","3,333.59009","0.01779","0.00674","87.08939"
"128.70000","4.29027","3,335.37842","0.01781","0.00675","87.13611"
"128.80000","4.29356","3,336.21582","0.01778","0.00661","87.15798"
"128.90000","4.29685","3,338.18311","0.01784","0.00667","87.20938"
"129.00000","4.30014","3,340.11230","0.01783","0.00658","87.25978"
"129.10000","4.30350","3,341.18042","0.01790","0.00678","87.28768"
"129.20000","4.30686","3,343.38916","0.01784","0.00720","87.34538"
"129.30000","4.31015","3,344.64355","0.01787","0.00711","87.37816"
"129.40000","4.31359","3,346.73828","0.01788","0.00700","87.43288"
"129.50000","4.31695","3,348.55835","0.01787","0.00702","87.48043"
"129.60000","4.32002","3,349.71021","0.01788","0.00702","87.51052"
"129.70000","4.32353","3,350.54688","0.01792","0.00690","87.53238"
"129.80000","4.32689","3,352.50977","0.01793","0.00676","87.58366"
"129.90000","4.33011","3,353.64258","0.01793","0.00678","87.61325"
"130.00000","4.33362","3,354.81421","0.01816","0.00667","87.64386"
"130.10000","4.33698","3,357.69141","0.01817","0.00659","87.71902"
"130.20000","4.34020","3,358.68481","0.01820","0.00654","87.74498"
"130.30000","4.34348","3,360.00781","0.01818","0.00649","87.77954"
"130.40000","4.34685","3,361.70093","0.01823","0.00650","87.82378"
"130.50000","4.35014","3,363.92773","0.01820","0.00652","87.88195"
"130.60000","4.35350","3,365.01514","0.01819","0.00638","87.91036"
"130.70000","4.35694","3,367.64111","0.01823","0.00626","87.97897"
"130.80000","4.36023","3,368.77002","0.01821","0.00635","88.00845"
"130.90000","4.36344","3,369.28101","0.01822","0.00623","88.02180"
"131.00000","4.36688","3,371.37915","0.01820","0.00615","88.07661"
"131.10000","4.37024","3,373.10620","0.01820","0.00609","88.12173"
"131.20000","4.37338","3,374.49316","0.01822","0.00619","88.15797"
"131.30000","4.37689","3,376.02637","0.01825","0.00623","88.19803"
"131.40000","4.38033","3,378.32642","0.01825","0.00646","88.25811"
"131.50000","4.38347","3,379.18701","0.01824","0.00618","88.28059"
"131.60000","4.38683","3,380.87744","0.01825","0.00688","88.32476"
"131.70000","4.39019","3,381.69604","0.01821","0.00681","88.34615"
"131.80000","4.39341","3,383.57007","0.01822","0.00687","88.39510"
"131.90000","4.39677","3,385.49805","0.01821","0.00681","88.44547"
"132.00000","4.40028","3,386.91968","0.01821","0.00677","88.48261"
"132.10000","4.40350","3,388.77637","0.01822","0.00668","88.53111"
"132.20000","4.40686","3,390.08130","0.01823","0.00672","88.56521"
"132.30000","4.41030","3,391.82715","0.01824","0.00718","88.61082"
"132.40000","4.41359","3,393.79077","0.01835","0.00727","88.66212"
"132.50000","4.41673","3,394.07886","0.01832","0.00728","88.66964"
"132.60000","4.42016","3,396.28784","0.01833","0.00722","88.72736"
"132.70000","4.42360","3,398.11182","0.01835","0.00710","88.77500"
"132.80000","4.42674","3,399.88135","0.01835","0.00712","88.82123"
"132.90000","4.43025","3,401.51855","0.01835","0.00711","88.86401"
"133.00000","4.43369","3,402.32227","0.01859","0.00695","88.88500"
"133.10000","4.43676","3,403.74512","0.01861","0.00688","88.92217"
"133.20000","4.44019","3,405.94922","0.01863","0.00681","88.97975"
"133.30000","4.44356","3,407.24146","0.01860","0.00675","89.01351"
"133.40000","4.44677","3,409.09912","0.01869","0.00675","89.06204"
"133.50000","4.45021","3,410.07568","0.01866","0.00673","89.08755"
"133.60000","4.45365","3,412.17676","0.01868","0.00666","89.14245"
"133.70000","4.45693","3,413.74170","0.01874","0.00660","89.18333"
"133.80000","4.46015","3,416.17017","0.01860","0.00662","89.24677"
"133.90000","4.46344","3,416.45752","0.01863","0.00659","89.25428"
"134.00000","4.46687","3,419.05688","0.01863","0.00648","89.32219"
"134.10000","4.47001","3,420.15649","0.01861","0.00638","89.35091"
"134.20000","4.47353","3,421.49780","0.01863","0.00639","89.38596"
"134.30000","4.47696","3,423.22510","0.01865","0.00634","89.43108"
"134.40000","4.48010","3,424.83447","0.01864","0.00638","89.47313"
"134.50000","4.48354","3,426.09033","0.01868","0.00676","89.50594"
"134.60000","4.48690","3,428.64551","0.01866","0.00669","89.57269"
"134.70000","4.49012","3,429.46948","0.01863","0.00716","89.59422"
"134.80000","4.49356","3,431.00366","0.01867","0.00714","89.63429"
"134.90000","4.49692","3,432.78955","0.01863","0.00715","89.68095"
"135.00000","4.50021","3,434.85181","0.01866","0.00709","89.73483"
"135.10000","4.50357","3,435.55542","0.01870","0.00712","89.75321"
"135.20000","4.50686","3,437.95947","0.01866","0.00700","89.81602"
"135.30000","4.51022","3,439.54565","0.01867","0.00696","89.85745"
"135.40000","4.51336","3,440.34546","0.01870","0.00729","89.87835"
"135.50000","4.51687","3,442.36938","0.01866","0.00746","89.93122"
"135.60000","4.52024","3,443.23218","0.01881","0.00760","89.95377"
"135.70000","4.52345","3,445.31348","0.01884","0.00754","90.00814"
"135.80000","4.52696","3,446.81738","0.01882","0.00743","90.04742"
"135.90000","4.53033","3,448.94482","0.01902","0.00733","90.10300"
"136.00000","4.53339","3,450.34961","0.01902","0.00738","90.13970"
"136.10000","4.53690","3,451.61401","0.01907","0.00732","90.17274"
"136.20000","4.54012","3,452.47754","0.01906","0.00716","90.19530"
"136.30000","4.54348","3,454.28467","0.01906","0.00699","90.24251"
"136.40000","4.54684","3,456.15747","0.01909","0.00696","90.29144"
"136.50000","4.55021","3,458.01123","0.01908","0.00695","90.33987"
"136.60000","4.55364","3,459.49536","0.01913","0.00694","90.37864"
"136.70000","4.55671","3,460.69629","0.01911","0.00687","90.41001"
"136.80000","4.56015","3,461.99951","0.01909","0.00678","90.44405"
"136.90000","4.56358","3,464.28833","0.01907","0.00674","90.50385"
"137.00000","4.56672","3,465.06543","0.01917","0.00680","90.52415"
"137.10000","4.57024","3,467.06274","0.01906","0.00671","90.57633"
"137.20000","4.57367","3,468.80176","0.01913","0.00666","90.62177"
"137.30000","4.57681","3,470.20435","0.01909","0.00659","90.65841"
"137.40000","4.58025","3,471.56519","0.01905","0.00656","90.69395"
"137.50000","4.58354","3,473.03589","0.01916","0.00657","90.73238"
"137.60000","4.58683","3,474.71582","0.01910","0.00652","90.77627"
"137.70000","4.59012","3,475.49121","0.01907","0.00668","90.79652"
"137.80000","4.59355","3,477.86108","0.01908","0.00736","90.85844"
"137.90000","4.59692","3,479.63770","0.01908","0.00723","90.90485"
"138.00000","4.60013","3,480.49927","0.01913","0.00732","90.92736"
"138.10000","4.60349","3,482.36572","0.01915","0.00740","90.97612"
"138.20000","4.60686","3,483.31592","0.01910","0.00721","91.00095"
"138.30000","4.61000","3,485.28247","0.01911","0.00719","91.05232"
"138.40000","4.61351","3,486.58594","0.01909","0.00743","91.08637"
"138.50000","4.61695","3,488.49414","0.01910","0.00779","91.13622"
"138.60000","4.62016","3,490.24268","0.01919","0.00779","91.18190"
"138.70000","4.62360","3,491.93921","0.01933","0.00781","91.22623"
"138.80000","4.62689","3,493.27368","0.01944","0.00768","91.26109"
"138.90000","4.63017","3,494.46338","0.01942","0.00764","91.29217"
"139.00000","4.63346","3,495.90454","0.01945","0.00747","91.32982"
"139.10000","4.63690","3,497.15771","0.01948","0.00739","91.36256"
"139.20000","4.64019","3,500.04126","0.01951","0.00728","91.43789"
"139.30000","4.64348","3,500.89136","0.01950","0.00730","91.46010"
"139.40000","4.64699","3,502.31006","0.01947","0.00723","91.49716"
"139.50000","4.65020","3,504.94336","0.01953","0.00721","91.56596"
"139.60000","4.65342","3,506.12451","0.01953","0.00720","91.59682"
"139.70000","4.65686","3,507.28027","0.01954","0.00710","91.62701"
"139.80000","4.66022","3,508.99219","0.01952","0.00709","91.67173"
"139.90000","4.66351","3,509.84473","0.01957","0.00701","91.69400"
"140.00000","4.66687","3,512.33740","0.01958","0.00705","91.75912"
"140.10000","4.67038","3,514.11182","0.01960","0.00696","91.80548"
"140.20000","4.67352","3,515.21753","0.01949","0.00688","91.83437"
"140.30000","4.67681","3,517.01782","0.01951","0.00677","91.88140"
"140.40000","4.68025","3,518.99976","0.01949","0.00681","91.93317"
"140.50000","4.68346","3,520.41797","0.01952","0.00677","91.97023"
"140.60000","4.68675","3,520.49878","0.01953","0.00676","91.97234"
"140.70000","4.69026","3,523.26904","0.01956","0.00707","92.04471"
"140.80000","4.69355","3,524.51343","0.01956","0.00737","92.07722"
"140.90000","4.69684","3,525.64893","0.01953","0.00762","92.10689"
"141.00000","4.70020","3,527.48755","0.01950","0.00753","92.15492"
"141.10000","4.70357","3,528.12598","0.01954","0.00747","92.17160"
"141.20000","4.70678","3,529.96997","0.01953","0.00741","92.21977"
"141.30000","4.71022","3,532.26660","0.01953","0.00765","92.27977"
"141.40000","4.71366","3,534.12524","0.01955","0.00770","92.32833"
"141.50000","4.71679","3,535.78735","0.01954","0.00795","92.37175"
"141.60000","4.72023","3,536.58643","0.01958","0.00801","92.39262"
"141.70000","4.72367","3,538.20483","0.01976","0.00785","92.43491"
"141.80000","4.72674","3,539.61597","0.01978","0.00788","92.47177"
"141.90000","4.73017","3,540.75317","0.01984","0.00790","92.50148"
"142.00000","4.73361","3,543.05103","0.01985","0.00781","92.56151"
"142.10000","4.73682","3,544.57910","0.01987","0.00775","92.60143"
"142.20000","4.74019","3,546.13110","0.01991","0.00768","92.64198"
"142.30000","4.74363","3,547.66797","0.01988","0.00755","92.68213"
"142.40000","4.74691","3,549.70068","0.01991","0.00741","92.73523"
"142.50000","4.75005","3,548.99194","0.01995","0.00741","92.71672"
"142.60000","4.75349","3,551.35840","0.01996","0.00736","92.77854"
"142.70000","4.75693","3,553.37476","0.02003","0.00743","92.83121"
"142.80000","4.76007","3,554.49536","0.02007","0.00736","92.86049"
"142.90000","4.76358","3,557.13599","0.01999","0.00729","92.92948"
"143.00000","4.76702","3,558.30518","0.01998","0.00715","92.96002"
"143.10000","4.77008","3,559.16431","0.02000","0.00718","92.98247"
"143.20000","4.77352","3,560.77319","0.01996","0.00711","93.02450"
"143.30000","4.77681","3,561.82422","0.01998","0.00705","93.05196"
"143.40000","4.78010","3,563.50879","0.01995","0.00701","93.09597"
"143.50000","4.78354","3,565.54639","0.01999","0.00702","93.14920"
"143.60000","4.78690","3,566.74048","0.02005","0.00688","93.18040"
"143.70000","4.79026","3,568.64966","0.01997","0.00700","93.23027"
"143.80000","4.79348","3,569.82202","0.01993","0.00699","93.26089"
"143.90000","4.79684","3,571.45752","0.01996","0.00751","93.30363"
"144.00000","4.80028","3,573.53735","0.02000","0.00771","93.35796"
"144.10000","4.80341","3,574.57886","0.01995","0.00780","93.38517"
"144.20000","4.80685","3,575.71240","0.01997","0.00771","93.41479"
"144.30000","4.81029","3,577.18018","0.01997","0.00771","93.45313"
"144.40000","4.81350","3,578.88745","0.01999","0.00764","93.49773"
"144.50000","4.81694","3,580.73853","0.01999","0.00803","93.54609"
"144.60000","4.82023","3,582.53906","0.02016","0.00831","93.59313"
"144.70000","4.82344","3,583.22607","0.02024","0.00814","93.61108"
"144.80000","4.82688","3,584.06714","0.02025","0.00819","93.63305"
"144.90000","4.83017","3,586.69604","0.02033","0.00819","93.70173"
"145.00000","4.83353","3,588.54761","0.02028","0.00803","93.75010"
"145.10000","4.83682","3,589.86450","0.02029","0.00800","93.78451"
"145.20000","4.84019","3,590.84595","0.02030","0.00795","93.81014"
"145.30000","4.84362","3,593.14526","0.02029","0.00778","93.87022"
"145.40000","4.84676","3,594.06982","0.02038","0.00780","93.89437"
"145.50000","4.85013","3,596.03174","0.02035","0.00762","93.94563"
"145.60000","4.85364","3,596.98267","0.02029","0.00763","93.97047"
"145.70000","4.85678","3,599.32300","0.02039","0.00760","94.03161"
"145.80000","4.86029","3,601.06274","0.02049","0.00759","94.07706"
"145.90000","4.86365","3,602.44482","0.02039","0.00757","94.11316"
"146.00000","4.86679","3,603.17554","0.02039","0.00743","94.13226"
"146.10000","4.87023","3,604.32202","0.02039","0.00737","94.16220"
"146.20000","4.87352","3,606.37207","0.02039","0.00735","94.21576"
"146.30000","4.87681","3,608.25464","0.02039","0.00736","94.26495"
"146.40000","4.88017","3,609.55713","0.02043","0.00729","94.29897"
"146.50000","4.88353","3,610.79175","0.02045","0.00716","94.33122"
"146.60000","4.88697","3,612.72998","0.02044","0.00723","94.38186"
"146.70000","4.89011","3,613.72607","0.02051","0.00725","94.40788"
"146.80000","4.89347","3,615.94556","0.02045","0.00727","94.46587"
"146.90000","4.89684","3,616.67017","0.02040","0.00720","94.48479"
"147.00000","4.89997","3,618.93213","0.02043","0.00742","94.54389"
"147.10000","4.90364","3,619.96338","0.02040","0.00755","94.57083"
"147.20000","4.90700","3,622.23535","0.02040","0.00793","94.63019"
"147.30000","4.91014","3,623.12500","0.02043","0.00800","94.65343"
"147.40000","4.91358","3,625.36646","0.02047","0.00796","94.71198"
"147.50000","4.91687","3,626.02881","0.02071","0.00842","94.72929"
"147.60000","4.92015","3,628.56079","0.02070","0.00845","94.79544"
"147.70000","4.92344","3,629.98730","0.02068","0.00837","94.83270"
"147.80000","4.92688","3,631.17310","0.02075","0.00849","94.86369"
"147.90000","4.93032","3,633.60571","0.02070","0.00846","94.92724"
"148.00000","4.93346","3,634.38867","0.02073","0.00841","94.94769"
"148.10000","4.93689","3,636.70703","0.02074","0.00837","95.00826"
"148.20000","4.94026","3,638.37256","0.02073","0.00819","95.05177"
"148.30000","4.94332","3,638.44897","0.02071","0.00817","95.05376"
"148.40000","4.94691","3,640.87305","0.02074","0.00806","95.11710"
"148.50000","4.95020","3,642.18774","0.02074","0.00795","95.15144"
"148.60000","4.95341","3,643.35962","0.02078","0.00785","95.18205"
"148.70000","4.95692","3,645.92627","0.02086","0.00784","95.24911"
"148.80000","4.96029","3,647.25586","0.02087","0.00778","95.28384"
"148.90000","4.96350","3,648.22363","0.02090","0.00776","95.30913"
"149.00000","4.96679","3,649.71973","0.02096","0.00770","95.34821"
"149.10000","4.97015","3,650.77368","0.02092","0.00770","95.37575"
"149.20000","4.97352","3,652.40063","0.02087","0.00762","95.41825"
"149.30000","4.97680","3,653.61230","0.02084","0.00754","95.44991"
"149.40000","4.98032","3,656.25513","0.02085","0.00750","95.51894"
"149.50000","4.98353","3,657.03174","0.02086","0.00737","95.53924"
"149.60000","4.98674","3,658.07715","0.02083","0.00740","95.56654"
"149.70000","4.99018","3,659.85254","0.02084","0.00739","95.61293"
"149.80000","4.99355","3,662.03564","0.02082","0.00738","95.66996"
"149.90000","4.99683","3,663.47437","0.02085","0.00726","95.70755"
"150.00000","5.00020","3,664.43848","0.02084","0.00740","95.73273"
"150.10000","5.00363","3,666.28125","0.02086","0.00740","95.78088"
"150.20000","5.00685","3,667.13745","0.02088","0.00807","95.80325"
"150.30000","5.01021","3,669.00757","0.02081","0.00798","95.85210"
"150.40000","5.01358","3,671.23218","0.02084","0.00780","95.91022"
"150.50000","5.01679","3,671.74976","0.02110","0.00805","95.92374"
"150.60000","5.02015","3,673.52075","0.02110","0.00837","95.97001"
"150.70000","5.02359","3,675.10010","0.02113","0.00868","96.01127"
"150.80000","5.02688","3,676.27954","0.02115","0.00869","96.04208"
"150.90000","5.03017","3,677.89966","0.02116","0.00864","96.08440"
"151.00000","5.03360","3,679.42554","0.02118","0.00867","96.12427"
"151.10000","5.03689","3,680.25073","0.02118","0.00865","96.14583"
"151.20000","5.04003","3,681.86792","0.02120","0.00855","96.18807"
"151.30000","5.04347","3,683.74731","0.02120","0.00852","96.23717"
"151.40000","5.04691","3,684.31616","0.02121","0.00846","96.25204"
"151.50000","5.05012","3,686.76978","0.02118","0.00818","96.31614"
"151.60000","5.05356","3,687.19946","0.02119","0.00822","96.32736"
"151.70000","5.05700","3,688.68262","0.02123","0.00809","96.36611"
"151.80000","5.06014","3,691.34961","0.02126","0.00814","96.43578"
"151.90000","5.06342","3,691.14087","0.02127","0.00806","96.43033"
"152.00000","5.06694","3,693.09009","0.02126","0.00806","96.48125"
"152.10000","5.07023","3,695.21680","0.02122","0.00793","96.53681"
"152.20000","5.07351","3,695.24731","0.02120","0.00791","96.53761"
"152.30000","5.07695","3,697.87744","0.02123","0.00789","96.60632"
"152.40000","5.08031","3,700.02563","0.02124","0.00779","96.66245"
"152.50000","5.08345","3,701.27026","0.02127","0.00778","96.69496"
"152.60000","5.08682","3,702.90283","0.02128","0.00777","96.73761"
"152.70000","5.09018","3,703.81396","0.02125","0.00759","96.76141"
"152.80000","5.09339","3,705.23755","0.02124","0.00762","96.79860"
"152.90000","5.09691","3,707.39893","0.02129","0.00757","96.85506"
"153.00000","5.10034","3,708.74219","0.02127","0.00763","96.89016"
"153.10000","5.10348","3,710.44995","0.02128","0.00759","96.93478"
"153.20000","5.10677","3,711.32227","0.02133","0.00784","96.95757"
"153.30000","5.11013","3,712.58740","0.02132","0.00800","96.99062"
"153.40000","5.11342","3,714.33936","0.02142","0.00841","97.03638"
"153.50000","5.11686","3,715.86157","0.02153","0.00832","97.07616"
"153.60000","5.12022","3,717.60864","0.02151","0.00838","97.12180"
"153.70000","5.12359","3,719.40161","0.02152","0.00873","97.16863"
"153.80000","5.12688","3,721.35669","0.02154","0.00893","97.21971"
"153.90000","5.13016","3,721.72437","0.02154","0.00901","97.22932"
"154.00000","5.13360","3,723.76416","0.02161","0.00887","97.28261"
"154.10000","5.13667","3,724.38086","0.02158","0.00891","97.29872"
"154.20000","5.14018","3,726.21484","0.02159","0.00889","97.34663"
"154.30000","5.14369","3,727.79639","0.02171","0.00894","97.38795"
"154.40000","5.14676","3,729.70923","0.02164","0.00886","97.43792"
"154.50000","5.15027","3,730.57007","0.02162","0.00871","97.46041"
"154.60000","5.15356","3,732.31885","0.02165","0.00858","97.50610"
"154.70000","5.15677","3,733.95020","0.02162","0.00842","97.54871"
"154.80000","5.16021","3,735.20288","0.02160","0.00835","97.58144"
"154.90000","5.16350","3,736.57690","0.02165","0.00827","97.61734"
"155.00000","5.16686","3,737.85425","0.02157","0.00825","97.65071"
"155.10000","5.17015","3,739.24634","0.02158","0.00821","97.68707"
"155.20000","5.17351","3,740.74243","0.02160","0.00817","97.72616"
"155.30000","5.17702","3,742.35059","0.02159","0.00815","97.76817"
"155.40000","5.18009","3,743.09521","0.02159","0.00811","97.78763"
"155.50000","5.18345","3,744.80737","0.02172","0.00801","97.83236"
"155.60000","5.18696","3,746.72778","0.02164","0.00805","97.88253"
"155.70000","5.19010","3,747.79443","0.02169","0.00794","97.91039"
"155.80000","5.19362","3,749.24683","0.02167","0.00797","97.94833"
"155.90000","5.19690","3,750.16602","0.02166","0.00780","97.97235"
"156.00000","5.20019","3,752.49048","0.02168","0.00780","98.03307"
"156.10000","5.20356","3,753.36865","0.02168","0.00774","98.05602"
"156.20000","5.20684","3,754.53638","0.02167","0.00776","98.08652"
"156.30000","5.21021","3,755.92114","0.02177","0.00786","98.12270"
"156.40000","5.21342","3,758.04077","0.02197","0.00803","98.17808"
"156.50000","5.21686","3,759.01416","0.02199","0.00839","98.20351"
"156.60000","5.22030","3,760.89600","0.02196","0.00855","98.25267"
"156.70000","5.22344","3,761.42261","0.02202","0.00912","98.26643"
"156.80000","5.22687","3,762.73950","0.02195","0.00915","98.30083"
"156.90000","5.23031","3,765.04370","0.02199","0.00910","98.36102"
"157.00000","5.23338","3,766.28125","0.02198","0.00907","98.39336"
"157.10000","5.23696","3,767.67505","0.02201","0.00907","98.42977"
"157.20000","5.24033","3,769.66602","0.02200","0.00913","98.48178"
"157.30000","5.24354","3,770.03027","0.02201","0.00909","98.49130"
"157.40000","5.24690","3,771.14307","0.02197","0.00902","98.52037"
"157.50000","5.25027","3,772.25244","0.02200","0.00907","98.54935"
"157.60000","5.25348","3,773.98682","0.02203","0.00897","98.59467"
"157.70000","5.25669","3,775.59595","0.02204","0.00870","98.63670"
"157.80000","5.26021","3,777.99536","0.02204","0.00864","98.69939"
"157.90000","5.26364","3,779.07373","0.02201","0.00862","98.72756"
"158.00000","5.26678","3,779.63623","0.02205","0.00849","98.74226"
"158.10000","5.27030","3,782.00708","0.02203","0.00848","98.80419"
"158.20000","5.27358","3,782.82373","0.02201","0.00842","98.82552"
"158.30000","5.27672","3,783.83521","0.02201","0.00832","98.85195"
"158.40000","5.28024","3,786.00439","0.02202","0.00828","98.90862"
"158.50000","5.28360","3,787.55005","0.02200","0.00823","98.94900"
"158.60000","5.28681","3,788.70190","0.02200","0.00825","98.97910"
"158.70000","5.29025","3,789.98218","0.02205","0.00815","99.01254"
"158.80000","5.29361","3,791.86084","0.02202","0.00816","99.06162"
"158.90000","5.29683","3,792.94336","0.02202","0.00812","99.08990"
"159.00000","5.30012","3,794.01855","0.02202","0.00803","99.11799"
"159.10000","5.30355","3,795.46997","0.02204","0.00801","99.15591"
"159.20000","5.30684","3,796.71753","0.02210","0.00799","99.18850"
"159.30000","5.31013","3,798.81787","0.02236","0.00799","99.24337"
"159.40000","5.31364","3,800.01587","0.02236","0.00799","99.27467"
"159.50000","5.31693","3,801.18799","0.02241","0.00823","99.30529"
"159.60000","5.32007","3,802.29980","0.02240","0.00856","99.33434"
"159.70000","5.32358","3,804.15771","0.02246","0.00918","99.38287"
"159.80000","5.32687","3,805.44482","0.02245","0.00923","99.41650"
"159.90000","5.33001","3,806.25952","0.02245","0.00941","99.43778"
"160.00000","5.33352","3,807.60107","0.02243","0.00936","99.47283"
"160.10000","5.33696","3,809.51465","0.02242","0.00934","99.52282"
"160.20000","5.34018","3,811.21411","0.02236","0.00933","99.56722"
"160.30000","5.34354","3,812.42529","0.02241","0.00935","99.59886"
"160.40000","5.34690","3,813.38867","0.02237","0.00937","99.62403"
"160.50000","5.35012","3,814.71069","0.02239","0.00923","99.65857"
"160.60000","5.35340","3,816.34229","0.02240","0.00924","99.70119"
"160.70000","5.35692","3,817.60376","0.02240","0.00903","99.73415"
"160.80000","5.36020","3,819.16846","0.02244","0.00895","99.77502"
"160.90000","5.36349","3,820.11841","0.02242","0.00881","99.79984"
"161.00000","5.36693","3,821.85864","0.02239","0.00879","99.84531"
"161.10000","5.37029","3,822.74316","0.02240","0.00878","99.86842"
"161.20000","5.37343","3,823.90161","0.02243","0.00865","99.89868"
"161.30000","5.37680","3,825.44653","0.02241","0.00863","99.93904"
"161.40000","5.38023","3,826.47803","0.02241","0.00855","99.96599"
"161.50000","5.38345","3,827.89185","0.02242","0.00860","100.00292"
"161.60000","5.38689","3,829.25171","0.02244","0.00843","100.03844"
"161.70000","5.39025","3,830.53247","0.02240","0.00842","100.07191"
"161.80000","5.39346","3,832.73706","0.02242","0.00829","100.12950"
"161.90000","5.39675","3,833.26660","0.02245","0.00827","100.14333"
"162.00000","5.40019","3,834.95947","0.02246","0.00822","100.18756"
"162.10000","5.40348","3,836.55127","0.02248","0.00820","100.22915"
"162.20000","5.40684","3,837.52051","0.02278","0.00825","100.25447"
"162.30000","5.41020","3,839.58154","0.02280","0.00821","100.30831"
"162.40000","5.41364","3,840.14258","0.02278","0.00826","100.32297"
"162.50000","5.41678","3,840.26196","0.02282","0.00840","100.32609"
"162.60000","5.42014","3,842.02832","0.02280","0.00830","100.37224"
"162.70000","5.42358","3,843.87671","0.02285","0.00862","100.42052"
"162.80000","5.42672","3,845.48779","0.02281","0.00882","100.46262"
"162.90000","5.43016","3,846.42456","0.02291","0.00901","100.48708"
"163.00000","5.43367","3,848.34717","0.02286","0.00924","100.53732"
"163.10000","5.43681","3,849.25537","0.02290","0.00933","100.56104"
"163.20000","5.44017","3,850.87769","0.02294","0.00959","100.60342"
"163.30000","5.44361","3,852.31274","0.02297","0.00952","100.64091"
"163.40000","5.44682","3,853.00928","0.02286","0.00955","100.65911"
"163.50000","5.45011","3,854.46069","0.02287","0.00946","100.69703"
"163.60000","5.45355","3,855.27734","0.02286","0.00949","100.71836"
"163.70000","5.45699","3,857.49194","0.02278","0.00932","100.77622"
"163.80000","5.46020","3,858.43213","0.02278","0.00917","100.80078"
"163.90000","5.46357","3,859.96094","0.02287","0.00901","100.84072"
"164.00000","5.46700","3,861.37622","0.02279","0.00887","100.87769"
"164.10000","5.47007","3,861.67651","0.02280","0.00894","100.88554"
"164.20000","5.47351","3,862.94653","0.02280","0.00884","100.91872"
"164.30000","5.47694","3,864.13477","0.02282","0.00888","100.94976"
"164.40000","5.48008","3,863.99878","0.02280","0.00881","100.94621"
"164.50000","5.48352","3,866.05640","0.02282","0.00879","100.99996"
"164.60000","5.48696","3,866.65454","0.02282","0.00875","101.01559"
"164.70000","5.49010","3,868.78857","0.02284","0.00870","101.07134"
"164.80000","5.49346","3,868.34473","0.02284","0.00855","101.05975"
"164.90000","5.49682","3,869.04785","0.02284","0.00843","101.07812"
"165.00000","5.50026","3,869.46606","0.02293","0.00833","101.08904"
"165.10000","5.50347","3,869.03247","0.02310","0.00832","101.07771"
"165.19000","5.50661","3,590.01636","0.02311","0.00832","93.78848"
"165.19400","5.50676","3,248.99658","0.02311","0.00832","84.87939"
"165.19800","5.50699","2,843.74316","0.02311","0.00832","74.29223"
"165.20200","5.50714","2,414.06299","0.02311","0.00832","63.06692"
"165.20400","5.50721","2,200.08105","0.02311","0.00832","57.47668"
