Modulus (Segment 0.001 mm/mm - 0.008 mm/mm) : Modulus (Segment 0.001 mm/mm - 0.008 mm/mm),"6,966.11673",MPa
Poisson's ratio (Least squares fit) : Poisson's ratio (Least squares fit),"0.41979"
Specimen properties : Gauge length,"15.88000",mm
Specimen properties : Gauge length transverse,"4.40900",mm
Specimen properties : Thickness,"2.56000",mm
Specimen properties : Width,"15.07000",mm

Time,Extension,Load,Video axial strain,Video transverse strain,Calculated Stress
(s),(mm),(N),(mm/mm),(mm/mm),(MPa)
"0.00000","-0.00007","72.24485","-0.00004","-0.00007","1.87264"
"0.10000","0.00135","73.25935","-0.00004","0.00016","1.89893"
"0.20000","0.00561","79.81897","0.00008","-0.00018","2.06896"
"0.30000","0.00987","86.32648","0.00016","-0.00019","2.23764"
"0.40000","0.01330","93.12132","0.00021","0.00027","2.41377"
"0.50000","0.01652","98.62575","0.00026","-0.00009","2.55645"
"0.60000","0.01995","103.77065","0.00022","0.00030","2.68981"
"0.70000","0.02339","109.27591","0.00039","0.00025","2.83251"
"0.80000","0.02661","114.93325","0.00048","0.00017","2.97915"
"0.90000","0.03004","120.40145","0.00053","0.00033","3.12089"
"1.00000","0.03356","126.76772","0.00056","0.00024","3.28591"
"1.10000","0.03655","130.98262","0.00052","0.00054","3.39516"
"1.20000","0.03998","136.90157","0.00063","0.00058","3.54858"
"1.30000","0.04342","142.41986","0.00061","0.00038","3.69162"
"1.40000","0.04664","148.07034","0.00065","0.00064","3.83809"
"1.50000","0.05000","153.81679","0.00067","0.00069","3.98704"
"1.60000","0.05336","159.05090","0.00069","0.00077","4.12271"
"1.70000","0.05673","164.11400","0.00072","0.00089","4.25395"
"1.80000","0.05994","170.45636","0.00071","0.00111","4.41835"
"1.90000","0.06330","175.50334","0.00074","0.00115","4.54917"
"2.00000","0.06674","181.82701","0.00081","0.00124","4.71308"
"2.10000","0.06988","186.28702","0.00084","0.00145","4.82869"
"2.20000","0.07332","192.25732","0.00086","0.00127","4.98345"
"2.30000","0.07683","198.51308","0.00084","0.00106","5.14560"
"2.40000","0.07989","203.34311","0.00089","0.00109","5.27080"
"2.50000","0.08333","208.31467","0.00091","0.00070","5.39966"
"2.60000","0.08677","213.97339","0.00094","0.00074","5.54634"
"2.70000","0.08991","219.47864","0.00094","0.00040","5.68904"
"2.80000","0.09335","224.63512","0.00094","0.00020","5.82270"
"2.90000","0.09671","230.47112","0.00097","0.00036","5.97397"
"3.00000","0.10000","235.89706","0.00100","-0.00001","6.11462"
"3.10000","0.10336","240.54016","0.00104","0.00000","6.23497"
"3.20000","0.10665","245.94122","0.00102","-0.00017","6.37497"
"3.30000","0.11001","252.11708","0.00106","-0.00021","6.53505"
"3.40000","0.11315","257.58517","0.00116","-0.00028","6.67679"
"3.50000","0.11666","261.83395","0.00117","-0.00013","6.78692"
"3.60000","0.12010","267.62344","0.00124","-0.00022","6.93699"
"3.70000","0.12324","273.04370","0.00124","0.00023","7.07748"
"3.80000","0.12675","279.07806","0.00122","0.00012","7.23390"
"3.90000","0.13012","283.92899","0.00126","0.00023","7.35964"
"4.00000","0.13318","289.72583","0.00127","0.00028","7.50990"
"4.10000","0.13669","294.43182","0.00128","0.00012","7.63188"
"4.20000","0.13998","299.02948","0.00132","0.00026","7.75105"
"4.30000","0.14335","304.76416","0.00135","0.00026","7.89970"
"4.40000","0.14671","311.02087","0.00137","0.00022","8.06188"
"4.50000","0.15007","316.04214","0.00139","0.00047","8.19203"
"4.60000","0.15336","321.10754","0.00141","0.00061","8.32333"
"4.70000","0.15657","325.29236","0.00143","0.00067","8.43181"
"4.80000","0.15994","331.78842","0.00147","0.00074","8.60019"
"4.90000","0.16337","336.65778","0.00147","0.00080","8.72641"
"5.00000","0.16651","341.82928","0.00149","0.00087","8.86046"
"5.10000","0.17003","347.49619","0.00150","0.00106","9.00735"
"5.20000","0.17346","352.85220","0.00150","0.00092","9.14618"
"5.30000","0.17660","358.02676","0.00154","0.00083","9.28031"
"5.40000","0.18004","363.40817","0.00156","0.00059","9.41980"
"5.50000","0.18325","368.42535","0.00158","0.00024","9.54984"
"5.60000","0.18654","373.04102","0.00158","0.00055","9.66949"
"5.70000","0.18998","378.21469","0.00162","0.00050","9.80359"
"5.80000","0.19334","383.52454","0.00162","0.00006","9.94123"
"5.90000","0.19671","389.48743","0.00162","-0.00007","10.09579"
"6.00000","0.19992","394.60934","0.00164","-0.00005","10.22855"
"6.10000","0.20336","398.96774","0.00167","-0.00012","10.34152"
"6.20000","0.20672","404.49872","0.00167","-0.00012","10.48489"
"6.30000","0.20986","408.49353","0.00174","-0.00030","10.58844"
"6.40000","0.21337","415.14771","0.00175","-0.00016","10.76092"
"6.50000","0.21681","420.33786","0.00175","-0.00019","10.89545"
"6.60000","0.21995","424.79425","0.00179","-0.00028","11.01097"
"6.70000","0.22346","430.75226","0.00179","-0.00034","11.16540"
"6.80000","0.22668","435.26477","0.00181","0.00035","11.28237"
"6.90000","0.22997","439.66440","0.00185","0.00032","11.39641"
"7.00000","0.23325","443.81256","0.00185","0.00031","11.50393"
"7.10000","0.23669","449.91895","0.00186","0.00022","11.66222"
"7.20000","0.24005","455.22540","0.00187","0.00028","11.79976"
"7.30000","0.24327","459.12274","0.00189","0.00027","11.90078"
"7.40000","0.24671","464.08112","0.00193","0.00051","12.02931"
"7.50000","0.24999","468.85855","0.00194","0.00066","12.15314"
"7.60000","0.25321","473.31973","0.00197","0.00041","12.26878"
"7.70000","0.25665","478.79727","0.00197","0.00056","12.41076"
"7.80000","0.26001","484.28555","0.00200","0.00088","12.55302"
"7.90000","0.26322","487.72925","0.00202","0.00097","12.64229"
"8.00000","0.26674","493.67981","0.00204","0.00098","12.79653"
"8.10000","0.27010","498.04453","0.00204","0.00059","12.90966"
"8.20000","0.27331","502.59848","0.00207","0.00104","13.02771"
"8.30000","0.27660","507.36713","0.00208","0.00086","13.15131"
"8.40000","0.27996","511.91534","0.00210","0.00088","13.26921"
"8.50000","0.28333","517.09705","0.00213","0.00059","13.40352"
"8.60000","0.28662","521.14990","0.00215","0.00057","13.50857"
"8.70000","0.29005","527.51282","0.00216","0.00055","13.67350"
"8.80000","0.29334","531.70587","0.00219","0.00045","13.78219"
"8.90000","0.29656","536.13092","0.00221","0.00030","13.89689"
"9.00000","0.29999","541.15894","0.00221","0.00013","14.02722"
"9.10000","0.30336","545.90210","0.00229","0.00008","14.15017"
"9.20000","0.30657","550.77960","0.00230","0.00004","14.27660"
"9.30000","0.31001","555.78717","0.00231","0.00006","14.40639"
"9.40000","0.31345","560.15265","0.00230","-0.00017","14.51955"
"9.50000","0.31666","564.23413","0.00234","-0.00024","14.62535"
"9.60000","0.31995","568.52069","0.00237","-0.00031","14.73646"
"9.70000","0.32339","573.35248","0.00236","-0.00022","14.86170"
"9.80000","0.32653","577.79889","0.00240","-0.00001","14.97695"
"9.90000","0.32996","581.90924","0.00243","0.00024","15.08350"
"10.00000","0.33340","587.74475","0.00241","0.00034","15.23476"
"10.10000","0.33669","591.66101","0.00243","0.00036","15.33627"
"10.20000","0.33998","596.78357","0.00248","0.00055","15.46905"
"10.30000","0.34342","601.04071","0.00248","0.00049","15.57940"
"10.40000","0.34670","606.34583","0.00247","0.00053","15.71691"
"10.50000","0.34992","611.29047","0.00248","0.00045","15.84508"
"10.60000","0.35328","614.60883","0.00251","0.00065","15.93109"
"10.70000","0.35672","619.76617","0.00253","0.00051","16.06478"
"10.80000","0.35993","624.80566","0.00253","0.00057","16.19540"
"10.90000","0.36337","628.33832","0.00256","0.00045","16.28697"
"11.00000","0.36681","634.04041","0.00255","0.00106","16.43477"
"11.10000","0.36987","637.81396","0.00258","0.00076","16.53259"
"11.20000","0.37331","641.24255","0.00260","0.00093","16.62146"
"11.30000","0.37667","646.07043","0.00260","0.00089","16.74660"
"11.40000","0.37989","651.18579","0.00263","0.00079","16.87919"
"11.50000","0.38333","655.26904","0.00265","0.00066","16.98503"
"11.60000","0.38676","660.04596","0.00266","0.00101","17.10886"
"11.70000","0.39005","663.93390","0.00267","0.00081","17.20963"
"11.80000","0.39327","667.59137","0.00268","0.00082","17.30444"
"11.90000","0.39655","672.36761","0.00271","0.00062","17.42824"
"12.00000","0.39999","676.42487","0.00273","0.00057","17.53341"
"12.10000","0.40313","680.82709","0.00281","0.00042","17.64752"
"12.20000","0.40664","684.75482","0.00283","0.00051","17.74933"
"12.30000","0.41016","690.69440","0.00283","0.00027","17.90328"
"12.40000","0.41322","694.15070","0.00285","0.00013","17.99287"
"12.50000","0.41673","698.01300","0.00287","0.00003","18.09299"
"12.60000","0.42010","702.26855","0.00289","0.00004","18.20329"
"12.70000","0.42324","706.25623","0.00289","0.00005","18.30666"
"12.80000","0.42667","710.96869","0.00293","-0.00009","18.42881"
"12.90000","0.43004","715.12000","0.00291","-0.00015","18.53641"
"13.00000","0.43340","718.80939","0.00290","0.00010","18.63205"
"13.10000","0.43669","723.83801","0.00295","0.00030","18.76239"
"13.20000","0.43998","728.26941","0.00295","0.00046","18.87725"
"13.30000","0.44334","732.06183","0.00296","0.00034","18.97556"
"13.40000","0.44655","735.74982","0.00296","0.00058","19.07115"
"13.50000","0.44999","740.11938","0.00297","0.00056","19.18442"
"13.60000","0.45343","744.87671","0.00297","0.00061","19.30773"
"13.70000","0.45657","748.49597","0.00299","0.00059","19.40154"
"13.80000","0.46008","753.37061","0.00298","0.00072","19.52790"
"13.90000","0.46344","758.06470","0.00300","0.00069","19.64957"
"14.00000","0.46658","761.90448","0.00300","0.00087","19.74910"
"14.10000","0.47002","765.52716","0.00301","0.00105","19.84300"
"14.20000","0.47323","770.69220","0.00301","0.00117","19.97688"
"14.30000","0.47660","773.91730","0.00306","0.00094","20.06048"
"14.40000","0.47996","778.59314","0.00308","0.00112","20.18168"
"14.50000","0.48332","781.99500","0.00311","0.00127","20.26986"
"14.60000","0.48676","786.92285","0.00310","0.00120","20.39759"
"14.70000","0.48983","790.29321","0.00312","0.00128","20.48496"
"14.80000","0.49334","794.86816","0.00316","0.00147","20.60354"
"14.90000","0.49678","798.95782","0.00319","0.00105","20.70955"
"15.00000","0.49984","802.12775","0.00317","0.00076","20.79172"
"15.10000","0.50343","806.31653","0.00323","0.00095","20.90029"
"15.20000","0.50679","811.63977","0.00327","0.00083","21.03827"
"15.30000","0.50993","815.31738","0.00328","0.00094","21.13360"
"15.40000","0.51337","818.91669","0.00327","0.00039","21.22690"
"15.50000","0.51666","823.24725","0.00330","0.00051","21.33915"
"15.60000","0.51994","827.51324","0.00332","0.00041","21.44973"
"15.70000","0.52331","831.51788","0.00332","0.00025","21.55353"
"15.80000","0.52667","835.41461","0.00336","0.00024","21.65454"
"15.90000","0.53011","839.56763","0.00336","0.00008","21.76218"
"16.00000","0.53325","844.07898","0.00335","0.00006","21.87912"
"16.10000","0.53669","847.21570","0.00337","0.00041","21.96043"
"16.20000","0.54005","852.15234","0.00337","0.00043","22.08839"
"16.30000","0.54319","855.33588","0.00337","0.00043","22.17091"
"16.40000","0.54670","859.09888","0.00339","0.00037","22.26845"
"16.50000","0.55006","863.02515","0.00341","0.00049","22.37022"
"16.60000","0.55328","866.63031","0.00340","0.00052","22.46367"
"16.70000","0.55672","870.91846","0.00341","0.00068","22.57482"
"16.80000","0.56000","875.16028","0.00340","0.00067","22.68477"
"16.90000","0.56329","879.18658","0.00343","0.00089","22.78913"
"17.00000","0.56658","883.26593","0.00345","0.00067","22.89487"
"17.10000","0.57002","887.17535","0.00347","0.00080","22.99621"
"17.20000","0.57338","891.54114","0.00353","0.00091","23.10937"
"17.30000","0.57660","894.53973","0.00350","0.00082","23.18710"
"17.40000","0.58011","898.57031","0.00346","0.00112","23.29157"
"17.50000","0.58340","902.35443","0.00355","0.00128","23.38966"
"17.60000","0.58654","906.38373","0.00352","0.00130","23.49410"
"17.70000","0.59005","909.39856","0.00352","0.00138","23.57225"
"17.80000","0.59334","913.58276","0.00363","0.00117","23.68071"
"17.90000","0.59662","918.15582","0.00357","0.00133","23.79924"
"18.00000","0.59999","921.48541","0.00365","0.00136","23.88555"
"18.10000","0.60343","925.60529","0.00367","0.00125","23.99234"
"18.20000","0.60664","929.87213","0.00370","0.00141","24.10294"
"18.30000","0.60993","932.41083","0.00372","0.00109","24.16875"
"18.40000","0.61337","937.26569","0.00375","0.00089","24.29459"
"18.50000","0.61658","941.11810","0.00378","0.00093","24.39444"
"18.60000","0.61987","944.46808","0.00377","0.00055","24.48128"
"18.70000","0.62346","948.87872","0.00379","0.00043","24.59560"
"18.80000","0.62674","952.10120","0.00380","0.00046","24.67913"
"18.90000","0.62996","956.65607","0.00385","0.00046","24.79720"
"19.00000","0.63340","960.40778","0.00381","0.00012","24.89445"
"19.10000","0.63668","963.46167","0.00384","0.00010","24.97360"
"19.20000","0.63990","967.72949","0.00384","0.00011","25.08423"
"19.30000","0.64334","971.17371","0.00384","0.00053","25.17351"
"19.40000","0.64677","976.06610","0.00386","0.00063","25.30032"
"19.50000","0.64999","979.53674","0.00389","0.00052","25.39028"
"19.60000","0.65335","983.13733","0.00389","0.00071","25.48361"
"19.70000","0.65679","986.88647","0.00387","0.00078","25.58079"
"19.80000","0.65993","990.97046","0.00387","0.00074","25.68665"
"19.90000","0.66329","994.23438","0.00392","0.00088","25.77125"
"20.00000","0.66673","998.05603","0.00392","0.00086","25.87031"
"20.10000","0.67002","1,001.82916","0.00396","0.00085","25.96812"
"20.20000","0.67330","1,005.46655","0.00397","0.00094","26.06240"
"20.30000","0.67674","1,009.58051","0.00396","0.00116","26.16904"
"20.40000","0.68003","1,013.02136","0.00398","0.00096","26.25823"
"20.50000","0.68317","1,016.45178","0.00400","0.00100","26.34715"
"20.60000","0.68661","1,020.28381","0.00402","0.00143","26.44647"
"20.70000","0.69005","1,023.08008","0.00403","0.00161","26.51896"
"20.80000","0.69318","1,027.66492","0.00404","0.00157","26.63780"
"20.90000","0.69670","1,031.01331","0.00405","0.00158","26.72459"
"21.00000","0.70014","1,034.90173","0.00408","0.00176","26.82538"
"21.10000","0.70327","1,038.54492","0.00411","0.00163","26.91982"
"21.20000","0.70664","1,042.75256","0.00411","0.00157","27.02888"
"21.30000","0.71000","1,045.78284","0.00412","0.00130","27.10743"
"21.40000","0.71329","1,050.12878","0.00417","0.00144","27.22008"
"21.50000","0.71665","1,053.91260","0.00418","0.00100","27.31816"
"21.60000","0.72002","1,057.25757","0.00425","0.00135","27.40486"
"21.70000","0.72338","1,060.70215","0.00423","0.00077","27.49415"
"21.80000","0.72659","1,064.42053","0.00424","0.00069","27.59053"
"21.90000","0.72996","1,068.40417","0.00426","0.00064","27.69379"
"22.00000","0.73332","1,071.60132","0.00429","0.00047","27.77666"
"22.10000","0.73653","1,074.67700","0.00430","0.00042","27.85638"
"22.20000","0.73997","1,079.35144","0.00432","0.00019","27.97755"
"22.30000","0.74348","1,082.33594","0.00431","0.00024","28.05491"
"22.40000","0.74662","1,086.89697","0.00433","0.00046","28.17313"
"22.50000","0.75006","1,090.22278","0.00435","0.00085","28.25934"
"22.60000","0.75335","1,093.93066","0.00435","0.00075","28.35545"
"22.70000","0.75656","1,096.75330","0.00437","0.00080","28.42862"
"22.80000","0.76000","1,100.07385","0.00436","0.00077","28.51469"
"22.90000","0.76329","1,104.08594","0.00437","0.00107","28.61868"
"23.00000","0.76665","1,107.67725","0.00444","0.00092","28.71177"
"23.10000","0.76994","1,111.25171","0.00444","0.00115","28.80443"
"23.20000","0.77330","1,115.16150","0.00445","0.00091","28.90577"
"23.30000","0.77682","1,118.81042","0.00446","0.00100","29.00035"
"23.40000","0.77988","1,121.41553","0.00451","0.00121","29.06788"
"23.50000","0.78332","1,125.70093","0.00447","0.00130","29.17896"
"23.60000","0.78676","1,129.56030","0.00448","0.00147","29.27900"
"23.70000","0.78989","1,131.69812","0.00453","0.00160","29.33441"
"23.80000","0.79341","1,136.00854","0.00451","0.00149","29.44614"
"23.90000","0.79677","1,139.36475","0.00454","0.00160","29.53314"
"24.00000","0.79991","1,142.85278","0.00461","0.00176","29.62355"
"24.10000","0.80335","1,146.64001","0.00460","0.00157","29.72172"
"24.20000","0.80664","1,150.15466","0.00457","0.00160","29.81282"
"24.30000","0.81000","1,154.04553","0.00461","0.00188","29.91367"
"24.40000","0.81329","1,157.47327","0.00460","0.00165","30.00252"
"24.50000","0.81665","1,160.63574","0.00464","0.00124","30.08450"
"24.60000","0.82016","1,164.44470","0.00464","0.00115","30.18323"
"24.70000","0.82323","1,167.70850","0.00467","0.00116","30.26783"
"24.80000","0.82659","1,171.27258","0.00469","0.00104","30.36021"
"24.90000","0.83003","1,175.46777","0.00473","0.00089","30.46895"
"25.00000","0.83317","1,178.50000","0.00471","0.00070","30.54755"
"25.10000","0.83668","1,182.34729","0.00473","0.00074","30.64727"
"25.20000","0.84012","1,186.24414","0.00475","0.00052","30.74828"
"25.30000","0.84326","1,188.85022","0.00479","0.00053","30.81583"
"25.40000","0.84669","1,192.58008","0.00480","0.00036","30.91251"
"25.50000","0.84991","1,196.67578","0.00479","0.00035","31.01868"
"25.60000","0.85327","1,200.13464","0.00481","0.00050","31.10833"
"25.70000","0.85656","1,202.74536","0.00482","0.00101","31.17601"
"25.80000","0.86000","1,206.35059","0.00486","0.00093","31.26945"
"25.90000","0.86351","1,210.91870","0.00487","0.00078","31.38787"
"26.00000","0.86657","1,213.75928","0.00488","0.00079","31.46149"
"26.10000","0.87009","1,216.66052","0.00490","0.00092","31.53670"
"26.20000","0.87345","1,220.51599","0.00491","0.00123","31.63663"
"26.30000","0.87644","1,223.69629","0.00493","0.00110","31.71907"
"26.40000","0.88003","1,226.92664","0.00497","0.00128","31.80280"
"26.50000","0.88339","1,230.64343","0.00500","0.00125","31.89914"
"26.60000","0.88668","1,234.12085","0.00500","0.00156","31.98928"
"26.70000","0.89004","1,237.49146","0.00503","0.00170","32.07665"
"26.80000","0.89340","1,241.27856","0.00503","0.00161","32.17481"
"26.90000","0.89662","1,244.05981","0.00504","0.00196","32.24691"
"27.00000","0.89991","1,247.33667","0.00511","0.00184","32.33184"
"27.10000","0.90334","1,250.85046","0.00509","0.00184","32.42292"
"27.20000","0.90663","1,253.47620","0.00510","0.00211","32.49099"
"27.30000","0.90985","1,257.52869","0.00509","0.00191","32.59603"
"27.40000","0.91343","1,261.21899","0.00508","0.00192","32.69168"
"27.50000","0.91672","1,264.86182","0.00511","0.00192","32.78611"
"27.60000","0.91986","1,267.34436","0.00509","0.00182","32.85046"
"27.70000","0.92337","1,271.34094","0.00511","0.00146","32.95405"
"27.80000","0.92666","1,274.25989","0.00510","0.00185","33.02971"
"27.90000","0.92988","1,276.93958","0.00511","0.00148","33.09917"
"28.00000","0.93339","1,281.06531","0.00513","0.00130","33.20612"
"28.10000","0.93675","1,284.57117","0.00516","0.00093","33.29699"
"28.20000","0.93997","1,288.13770","0.00517","0.00095","33.38943"
"28.30000","0.94333","1,290.67529","0.00518","0.00099","33.45521"
"28.40000","0.94669","1,294.33643","0.00520","0.00068","33.55011"
"28.50000","0.94998","1,297.43933","0.00524","0.00065","33.63054"
"28.60000","0.95327","1,300.29114","0.00525","0.00051","33.70446"
"28.70000","0.95671","1,304.36975","0.00525","0.00065","33.81018"
"28.80000","0.96000","1,307.36438","0.00528","0.00104","33.88781"
"28.90000","0.96328","1,309.57422","0.00530","0.00103","33.94508"
"29.00000","0.96672","1,313.05078","0.00531","0.00099","34.03520"
"29.10000","0.97001","1,316.82263","0.00535","0.00105","34.13297"
"29.20000","0.97322","1,319.45569","0.00543","0.00115","34.20122"
"29.30000","0.97666","1,322.82019","0.00540","0.00119","34.28843"
"29.40000","0.98010","1,326.76514","0.00545","0.00110","34.39069"
"29.50000","0.98331","1,329.33765","0.00543","0.00118","34.45737"
"29.60000","0.98668","1,332.22888","0.00545","0.00142","34.53231"
"29.70000","0.99011","1,336.15466","0.00548","0.00137","34.63407"
"29.80000","0.99325","1,338.99622","0.00553","0.00167","34.70773"
"29.90000","0.99662","1,341.58862","0.00560","0.00196","34.77492"
"30.00000","0.99998","1,345.36792","0.00557","0.00192","34.87288"
"30.10000","1.00327","1,349.38647","0.00555","0.00205","34.97705"
"30.20000","1.00663","1,351.35498","0.00557","0.00187","35.02807"
"30.30000","1.01007","1,355.45959","0.00561","0.00195","35.13446"
"30.40000","1.01343","1,358.03113","0.00565","0.00178","35.20112"
"30.50000","1.01657","1,361.43994","0.00568","0.00170","35.28948"
"30.60000","1.01993","1,364.65747","0.00563","0.00192","35.37288"
"30.70000","1.02337","1,367.81482","0.00561","0.00214","35.45472"
"30.80000","1.02651","1,370.46265","0.00560","0.00224","35.52336"
"30.90000","1.03002","1,374.18811","0.00557","0.00170","35.61992"
"31.00000","1.03346","1,377.28687","0.00560","0.00161","35.70024"
"31.10000","1.03668","1,380.85229","0.00558","0.00139","35.79266"
"31.20000","1.03996","1,383.41357","0.00560","0.00116","35.85905"
"31.30000","1.04333","1,386.25305","0.00561","0.00117","35.93266"
"31.40000","1.04662","1,389.45105","0.00564","0.00101","36.01555"
"31.50000","1.04998","1,392.19360","0.00566","0.00084","36.08664"
"31.60000","1.05334","1,396.25305","0.00567","0.00071","36.19186"
"31.70000","1.05670","1,399.84106","0.00570","0.00072","36.28487"
"31.80000","1.05999","1,402.45459","0.00568","0.00055","36.35261"
"31.90000","1.06336","1,405.04199","0.00573","0.00075","36.41968"
"32.00000","1.06679","1,408.97412","0.00580","0.00135","36.52160"
"32.10000","1.06986","1,412.09387","0.00579","0.00119","36.60247"
"32.20000","1.07330","1,414.95337","0.00582","0.00114","36.67659"
"32.30000","1.07681","1,418.92200","0.00582","0.00136","36.77946"
"32.40000","1.07995","1,422.08423","0.00588","0.00133","36.86142"
"32.50000","1.08339","1,424.30261","0.00588","0.00152","36.91893"
"32.60000","1.08675","1,427.33105","0.00588","0.00148","36.99743"
"32.70000","1.08996","1,430.42529","0.00594","0.00161","37.07763"
"32.80000","1.09333","1,433.99353","0.00605","0.00161","37.17012"
"32.90000","1.09661","1,436.90088","0.00603","0.00187","37.24548"
"33.00000","1.10005","1,440.24463","0.00608","0.00217","37.33215"
"33.10000","1.10334","1,443.25977","0.00612","0.00215","37.41031"
"33.20000","1.10670","1,446.82336","0.00612","0.00233","37.50268"
"33.30000","1.11022","1,450.44312","0.00618","0.00232","37.59650"
"33.40000","1.11321","1,453.05359","0.00619","0.00236","37.66417"
"33.50000","1.11664","1,455.03967","0.00617","0.00243","37.71565"
"33.60000","1.12008","1,459.25183","0.00613","0.00231","37.82483"
"33.70000","1.12322","1,461.81689","0.00612","0.00241","37.89132"
"33.80000","1.12673","1,465.44458","0.00612","0.00218","37.98536"
"33.90000","1.13010","1,467.79358","0.00612","0.00227","38.04624"
"34.00000","1.13331","1,471.22339","0.00609","0.00232","38.13514"
"34.10000","1.13667","1,474.84229","0.00611","0.00194","38.22895"
"34.20000","1.13996","1,477.32336","0.00612","0.00202","38.29326"
"34.30000","1.14332","1,480.46899","0.00609","0.00170","38.37480"
"34.40000","1.14654","1,482.50879","0.00610","0.00152","38.42767"
"34.50000","1.14998","1,486.63000","0.00614","0.00126","38.53450"
"34.60000","1.15349","1,490.01221","0.00612","0.00108","38.62217"
"34.70000","1.15655","1,492.00452","0.00614","0.00107","38.67381"
"34.80000","1.15999","1,495.24329","0.00615","0.00079","38.75776"
"34.90000","1.16343","1,498.05298","0.00618","0.00098","38.83059"
"35.00000","1.16649","1,501.28772","0.00621","0.00134","38.91443"
"35.10000","1.17008","1,504.78894","0.00622","0.00145","39.00519"
"35.20000","1.17344","1,507.42639","0.00623","0.00146","39.07355"
"35.30000","1.17666","1,510.72180","0.00627","0.00156","39.15897"
"35.40000","1.18002","1,512.79993","0.00629","0.00163","39.21284"
"35.50000","1.18338","1,515.73450","0.00633","0.00153","39.28891"
"35.60000","1.18667","1,519.21655","0.00639","0.00150","39.37916"
"35.70000","1.18989","1,521.09692","0.00641","0.00158","39.42790"
"35.80000","1.19332","1,524.81921","0.00644","0.00174","39.52439"
"35.90000","1.19676","1,527.87390","0.00645","0.00161","39.60357"
"36.00000","1.19990","1,530.55139","0.00652","0.00189","39.67297"
"36.10000","1.20341","1,533.69739","0.00657","0.00234","39.75452"
"36.20000","1.20678","1,536.61060","0.00655","0.00243","39.83003"
"36.30000","1.20984","1,539.85132","0.00653","0.00236","39.91403"
"36.40000","1.21335","1,542.54309","0.00652","0.00245","39.98380"
"36.50000","1.21672","1,545.18567","0.00664","0.00238","40.05230"
"36.60000","1.21993","1,547.96350","0.00669","0.00254","40.12430"
"36.70000","1.22337","1,551.46582","0.00669","0.00234","40.21508"
"36.80000","1.22681","1,553.10107","0.00667","0.00249","40.25747"
"36.90000","1.22994","1,556.69287","0.00673","0.00246","40.35057"
"37.00000","1.23323","1,559.39856","0.00662","0.00252","40.42071"
"37.10000","1.23667","1,562.60339","0.00666","0.00237","40.50378"
"37.20000","1.24003","1,566.13586","0.00659","0.00246","40.59534"
"37.30000","1.24325","1,567.52893","0.00660","0.00222","40.63145"
"37.40000","1.24676","1,571.89124","0.00660","0.00186","40.74453"
"37.50000","1.25012","1,573.70679","0.00662","0.00155","40.79159"
"37.60000","1.25319","1,576.84326","0.00659","0.00146","40.87289"
"37.70000","1.25670","1,580.41980","0.00662","0.00127","40.96559"
"37.80000","1.25999","1,582.85400","0.00668","0.00122","41.02869"
"37.90000","1.26313","1,586.09094","0.00666","0.00117","41.11259"
"38.00000","1.26664","1,588.75867","0.00667","0.00117","41.18174"
"38.10000","1.27008","1,591.46753","0.00670","0.00115","41.25196"
"38.20000","1.27329","1,594.93481","0.00668","0.00130","41.34183"
"38.30000","1.27666","1,597.00867","0.00674","0.00159","41.39559"
"38.40000","1.28002","1,599.56323","0.00679","0.00192","41.46180"
"38.50000","1.28331","1,602.64465","0.00677","0.00180","41.54168"
"38.60000","1.28652","1,604.96777","0.00683","0.00194","41.60189"
"38.70000","1.29003","1,609.32751","0.00688","0.00191","41.71490"
"38.80000","1.29340","1,611.02734","0.00687","0.00183","41.75896"
"38.90000","1.29661","1,614.04614","0.00688","0.00194","41.83721"
"39.00000","1.30005","1,616.79810","0.00692","0.00203","41.90854"
"39.10000","1.30341","1,619.48022","0.00693","0.00243","41.97807"
"39.20000","1.30655","1,622.13318","0.00699","0.00284","42.04683"
"39.30000","1.30999","1,624.77625","0.00702","0.00284","42.11535"
"39.40000","1.31335","1,628.12988","0.00699","0.00270","42.20227"
"39.50000","1.31664","1,631.31787","0.00704","0.00287","42.28491"
"39.60000","1.32000","1,633.57727","0.00706","0.00289","42.34347"
"39.70000","1.32337","1,637.20264","0.00713","0.00277","42.43744"
"39.80000","1.32665","1,638.94299","0.00713","0.00269","42.48256"
"39.90000","1.32994","1,642.02307","0.00715","0.00275","42.56239"
"40.00000","1.33331","1,645.12659","0.00715","0.00267","42.64284"
"40.10000","1.33667","1,647.96240","0.00718","0.00278","42.71634"
"40.20000","1.33996","1,650.35059","0.00716","0.00280","42.77825"
"40.30000","1.34340","1,653.68250","0.00719","0.00246","42.86461"
"40.40000","1.34676","1,656.27673","0.00712","0.00262","42.93186"
"40.50000","1.34997","1,659.25049","0.00712","0.00246","43.00894"
"40.60000","1.35326","1,660.78027","0.00709","0.00205","43.04859"
"40.70000","1.35670","1,664.74487","0.00710","0.00184","43.15136"
"40.80000","1.35984","1,667.21545","0.00714","0.00189","43.21540"
"40.90000","1.36335","1,670.26819","0.00716","0.00160","43.29453"
"41.00000","1.36679","1,673.19006","0.00718","0.00150","43.37026"
"41.10000","1.36993","1,675.14612","0.00712","0.00154","43.42097"
"41.20000","1.37329","1,677.73389","0.00718","0.00138","43.48804"
"41.30000","1.37665","1,680.85559","0.00719","0.00143","43.56896"
"41.40000","1.38002","1,683.37109","0.00725","0.00194","43.63416"
"41.50000","1.38323","1,686.95044","0.00725","0.00212","43.72694"
"41.60000","1.38667","1,689.60596","0.00725","0.00204","43.79578"
"41.70000","1.39011","1,692.00562","0.00730","0.00210","43.85798"
"41.80000","1.39332","1,694.60400","0.00733","0.00209","43.92533"
"41.90000","1.39668","1,697.34326","0.00739","0.00225","43.99633"
"42.00000","1.40012","1,699.21143","0.00736","0.00210","44.04475"
"42.10000","1.40319","1,702.67224","0.00736","0.00227","44.13446"
"42.20000","1.40662","1,704.93018","0.00736","0.00266","44.19299"
"42.30000","1.41006","1,707.45752","0.00739","0.00305","44.25850"
"42.40000","1.41327","1,710.23792","0.00742","0.00310","44.33057"
"42.50000","1.41664","1,713.21252","0.00744","0.00299","44.40767"
"42.60000","1.42008","1,716.15515","0.00746","0.00288","44.48395"
"42.70000","1.42329","1,719.20996","0.00752","0.00314","44.56313"
"42.80000","1.42658","1,720.98669","0.00755","0.00287","44.60918"
"42.90000","1.42994","1,723.62756","0.00758","0.00303","44.67764"
"43.00000","1.43338","1,726.27808","0.00756","0.00285","44.74634"
"43.10000","1.43659","1,728.64465","0.00760","0.00300","44.80769"
"43.20000","1.44003","1,732.03772","0.00758","0.00285","44.89564"
"43.30000","1.44347","1,734.64563","0.00757","0.00289","44.96323"
"43.40000","1.44653","1,737.25708","0.00763","0.00279","45.03093"
"43.50000","1.44997","1,739.97595","0.00770","0.00274","45.10140"
"43.60000","1.45341","1,742.36780","0.00769","0.00242","45.16340"
"43.70000","1.45655","1,744.85486","0.00767","0.00242","45.22787"
"43.80000","1.46006","1,747.32336","0.00768","0.00204","45.29185"
"43.90000","1.46342","1,751.13403","0.00769","0.00200","45.39062"
"44.00000","1.46664","1,752.70032","0.00765","0.00188","45.43122"
"44.10000","1.47000","1,754.99805","0.00767","0.00181","45.49078"
"44.20000","1.47329","1,758.08301","0.00765","0.00175","45.57075"
"44.30000","1.47665","1,760.84485","0.00765","0.00219","45.64234"
"44.40000","1.47987","1,762.64404","0.00774","0.00228","45.68897"
"44.50000","1.48338","1,765.43127","0.00775","0.00247","45.76122"
"44.60000","1.48682","1,768.72705","0.00777","0.00254","45.84665"
"44.70000","1.48988","1,770.26636","0.00776","0.00257","45.88655"
"44.80000","1.49339","1,773.91895","0.00774","0.00245","45.98123"
"44.90000","1.49676","1,777.01770","0.00776","0.00256","46.06155"
"45.00000","1.49982","1,778.76489","0.00783","0.00267","46.10684"
"45.10000","1.50333","1,780.97192","0.00782","0.00269","46.16404"
"45.20000","1.50677","1,784.30396","0.00790","0.00282","46.25041"
"45.30000","1.50998","1,787.57385","0.00789","0.00322","46.33517"
"45.40000","1.51342","1,789.91345","0.00788","0.00380","46.39582"
"45.50000","1.51671","1,792.63574","0.00790","0.00371","46.46638"
"45.60000","1.52000","1,794.68652","0.00792","0.00358","46.51954"
"45.70000","1.52321","1,797.03870","0.00791","0.00361","46.58051"
"45.80000","1.52665","1,799.78540","0.00789","0.00354","46.65170"
"45.90000","1.53009","1,801.85620","0.00794","0.00345","46.70538"
"46.00000","1.53323","1,804.48706","0.00798","0.00329","46.77357"
"46.10000","1.53674","1,807.88098","0.00797","0.00345","46.86155"
"46.20000","1.54010","1,810.57251","0.00802","0.00332","46.93131"
"46.30000","1.54317","1,812.45081","0.00808","0.00342","46.98000"
"46.40000","1.54668","1,814.69690","0.00815","0.00337","47.03822"
"46.50000","1.55004","1,816.95020","0.00808","0.00330","47.09663"
"46.60000","1.55318","1,819.68103","0.00810","0.00324","47.16741"
"46.70000","1.55669","1,822.83032","0.00818","0.00296","47.24904"
"46.80000","1.56006","1,824.34692","0.00820","0.00275","47.28836"
"46.90000","1.56327","1,827.23865","0.00824","0.00268","47.36331"
"47.00000","1.56656","1,829.80151","0.00820","0.00280","47.42974"
"47.10000","1.57000","1,832.01660","0.00813","0.00255","47.48716"
"47.20000","1.57329","1,834.83691","0.00822","0.00223","47.56026"
"47.30000","1.57657","1,836.59155","0.00829","0.00202","47.60574"
"47.40000","1.58009","1,839.57031","0.00826","0.00221","47.68296"
"47.50000","1.58345","1,843.10364","0.00833","0.00297","47.77454"
"47.60000","1.58659","1,844.38428","0.00821","0.00286","47.80774"
"47.70000","1.59003","1,847.17761","0.00820","0.00288","47.88014"
"47.80000","1.59332","1,849.63770","0.00826","0.00290","47.94391"
"47.90000","1.59653","1,851.86865","0.00830","0.00301","48.00174"
"48.00000","1.59997","1,853.99988","0.00829","0.00286","48.05698"
"48.10000","1.60341","1,856.55286","0.00823","0.00324","48.12316"
"48.20000","1.60669","1,859.22742","0.00831","0.00308","48.19248"
"48.30000","1.60998","1,861.27686","0.00830","0.00343","48.24561"
"48.40000","1.61335","1,864.09546","0.00835","0.00393","48.31866"
"48.50000","1.61663","1,866.86047","0.00834","0.00403","48.39034"
"48.60000","1.61992","1,868.90881","0.00835","0.00407","48.44343"
"48.70000","1.62329","1,871.75110","0.00832","0.00401","48.51711"
"48.80000","1.62665","1,873.84790","0.00834","0.00383","48.57146"
"48.90000","1.62994","1,876.08484","0.00837","0.00372","48.62944"
"49.00000","1.63337","1,879.24915","0.00837","0.00361","48.71146"
"49.10000","1.63666","1,880.97058","0.00839","0.00360","48.75608"
"49.20000","1.63988","1,883.55005","0.00843","0.00343","48.82294"
"49.30000","1.64331","1,885.77673","0.00850","0.00355","48.88066"
"49.40000","1.64668","1,888.63147","0.00852","0.00363","48.95465"
"49.50000","1.64989","1,891.11011","0.00853","0.00365","49.01891"
"49.60000","1.65333","1,892.65369","0.00853","0.00348","49.05891"
"49.70000","1.65684","1,895.69128","0.00861","0.00343","49.13765"
"49.80000","1.65998","1,898.14832","0.00858","0.00297","49.20134"
"49.90000","1.66327","1,900.09229","0.00870","0.00296","49.25173"
"50.00000","1.66663","1,902.08606","0.00869","0.00303","49.30341"
"50.10000","1.67000","1,904.99609","0.00873","0.00256","49.37884"
"50.20000","1.67328","1,907.29199","0.00879","0.00260","49.43835"
"50.30000","1.67672","1,909.78235","0.00881","0.00262","49.50290"
"50.40000","1.68016","1,912.55310","0.00880","0.00231","49.57472"
"50.50000","1.68330","1,913.68481","0.00881","0.00281","49.60406"
"50.60000","1.68659","1,916.23657","0.00870","0.00332","49.67020"
"50.70000","1.69003","1,918.83350","0.00881","0.00297","49.73751"
"50.80000","1.69324","1,921.94531","0.00876","0.00332","49.81818"
"50.90000","1.69660","1,923.32471","0.00873","0.00331","49.85393"
"51.00000","1.70011","1,925.68079","0.00872","0.00305","49.91500"
"51.10000","1.70333","1,928.18896","0.00880","0.00328","49.98001"
"51.20000","1.70669","1,930.11646","0.00876","0.00345","50.02998"
"51.30000","1.71005","1,932.43713","0.00877","0.00301","50.09013"
"51.40000","1.71327","1,934.96741","0.00878","0.00391","50.15572"
"51.50000","1.71663","1,937.98511","0.00878","0.00427","50.23394"
"51.60000","1.71992","1,940.27649","0.00881","0.00443","50.29333"
"51.70000","1.72343","1,942.47815","0.00878","0.00422","50.35040"
"51.80000","1.72665","1,943.99280","0.00879","0.00450","50.38966"
"51.90000","1.73001","1,947.36145","0.00885","0.00423","50.47698"
"52.00000","1.73345","1,949.89856","0.00886","0.00400","50.54274"
"52.10000","1.73651","1,952.14185","0.00882","0.00413","50.60089"
"52.20000","1.74002","1,953.96790","0.00885","0.00391","50.64822"
"52.30000","1.74339","1,956.04858","0.00886","0.00401","50.70216"
"52.40000","1.74660","1,958.79260","0.00890","0.00382","50.77328"
"52.50000","1.75011","1,961.59595","0.00892","0.00395","50.84595"
"52.60000","1.75348","1,963.69702","0.00895","0.00390","50.90041"
"52.70000","1.75669","1,965.83533","0.00900","0.00393","50.95583"
"52.80000","1.75990","1,967.87646","0.00908","0.00355","51.00874"
"52.90000","1.76327","1,969.68335","0.00916","0.00357","51.05558"
"53.00000","1.76663","1,972.91150","0.00920","0.00338","51.13926"
"53.10000","1.76984","1,974.63562","0.00919","0.00341","51.18394"
"53.20000","1.77336","1,977.16760","0.00923","0.00290","51.24958"
"53.30000","1.77687","1,980.36353","0.00923","0.00317","51.33242"
"53.40000","1.77986","1,982.30664","0.00929","0.00296","51.38278"
"53.50000","1.78337","1,984.48511","0.00929","0.00311","51.43925"
"53.60000","1.78673","1,986.75586","0.00929","0.00366","51.49811"
"53.70000","1.78987","1,988.14221","0.00932","0.00366","51.53405"
"53.80000","1.79339","1,991.11328","0.00925","0.00340","51.61106"
"53.90000","1.79675","1,993.93762","0.00927","0.00343","51.68427"
"54.00000","1.80004","1,995.74438","0.00927","0.00339","51.73110"
"54.10000","1.80333","1,997.90967","0.00918","0.00360","51.78722"
"54.20000","1.80661","2,000.48523","0.00917","0.00367","51.85398"
"54.30000","1.80998","2,003.00220","0.00919","0.00376","51.91923"
"54.40000","1.81319","2,005.20825","0.00927","0.00409","51.97641"
"54.50000","1.81663","2,007.06799","0.00928","0.00432","52.02461"
"54.60000","1.82014","2,009.89941","0.00925","0.00457","52.09801"
"54.70000","1.82328","2,011.70032","0.00930","0.00473","52.14469"
"54.80000","1.82672","2,013.92969","0.00926","0.00456","52.20247"
"54.90000","1.83008","2,016.97742","0.00925","0.00450","52.28148"
"55.00000","1.83315","2,018.90002","0.00923","0.00448","52.33131"
"55.10000","1.83673","2,021.75061","0.00931","0.00429","52.40520"
"55.20000","1.84002","2,023.64453","0.00931","0.00417","52.45429"
"55.30000","1.84331","2,026.20740","0.00935","0.00421","52.52072"
"55.40000","1.84667","2,027.63245","0.00932","0.00423","52.55766"
"55.50000","1.85004","2,030.59241","0.00938","0.00405","52.63438"
"55.60000","1.85333","2,032.90112","0.00938","0.00412","52.69423"
"55.70000","1.85654","2,034.61157","0.00940","0.00408","52.73856"
"55.80000","1.85998","2,036.81531","0.00948","0.00398","52.79568"
"55.90000","1.86334","2,038.52258","0.00954","0.00402","52.83994"
"56.00000","1.86655","2,041.46875","0.00957","0.00400","52.91631"
"56.10000","1.87007","2,044.05261","0.00964","0.00342","52.98328"
"56.20000","1.87343","2,046.25281","0.00968","0.00349","53.04031"
"56.30000","1.87657","2,047.54114","0.00974","0.00321","53.07371"
"56.40000","1.88001","2,050.58569","0.00969","0.00333","53.15262"
"56.50000","1.88337","2,052.74121","0.00966","0.00319","53.20850"
"56.60000","1.88658","2,055.02441","0.00971","0.00320","53.26768"
"56.70000","1.89002","2,057.61621","0.00978","0.00352","53.33486"
"56.80000","1.89338","2,059.06958","0.00973","0.00384","53.37253"
"56.90000","1.89667","2,062.25879","0.00978","0.00384","53.45520"
"57.00000","1.89996","2,064.90308","0.00975","0.00369","53.52374"
"57.10000","1.90332","2,066.63672","0.00974","0.00383","53.56868"
"57.20000","1.90661","2,068.22729","0.00965","0.00391","53.60991"
"57.30000","1.90990","2,070.08545","0.00963","0.00422","53.65807"
"57.40000","1.91334","2,073.20459","0.00967","0.00421","53.73892"
"57.50000","1.91678","2,075.55518","0.00964","0.00476","53.79985"
"57.60000","1.91992","2,077.86816","0.00968","0.00529","53.85981"
"57.70000","1.92335","2,079.92725","0.00966","0.00514","53.91318"
"57.80000","1.92664","2,082.11792","0.00971","0.00500","53.96996"
"57.90000","1.92986","2,084.05347","0.00971","0.00510","54.02013"
"58.00000","1.93329","2,086.50610","0.00970","0.00494","54.08371"
"58.10000","1.93666","2,088.18457","0.00968","0.00482","54.12721"
"58.20000","1.94002","2,090.45996","0.00972","0.00463","54.18619"
"58.30000","1.94331","2,092.91528","0.00974","0.00469","54.24984"
"58.40000","1.94675","2,094.49634","0.00984","0.00452","54.29082"
"58.50000","1.94996","2,097.28223","0.00976","0.00478","54.36303"
"58.60000","1.95325","2,098.42383","0.00981","0.00451","54.39262"
"58.70000","1.95669","2,101.73047","0.00988","0.00443","54.47833"
"58.80000","1.96005","2,103.56812","0.00993","0.00443","54.52597"
"58.90000","1.96334","2,105.30420","0.00997","0.00443","54.57096"
"59.00000","1.96670","2,108.28198","0.00996","0.00417","54.64815"
"59.10000","1.97014","2,110.48364","0.00999","0.00425","54.70522"
"59.20000","1.97328","2,111.56470","0.01000","0.00412","54.73324"
"59.30000","1.97657","2,113.39575","0.01000","0.00396","54.78070"
"59.40000","1.98000","2,116.47168","0.01003","0.00397","54.86044"
"59.50000","1.98322","2,118.01147","0.01010","0.00386","54.90035"
"59.60000","1.98666","2,120.06079","0.01016","0.00389","54.95347"
"59.70000","1.99009","2,122.86670","0.01017","0.00410","55.02620"
"59.80000","1.99331","2,125.09961","0.01019","0.00465","55.08408"
"59.90000","1.99660","2,126.00903","0.01016","0.00446","55.10765"
"60.00000","2.00003","2,129.22998","0.01021","0.00440","55.19114"
"60.10000","2.00332","2,131.77686","0.01019","0.00437","55.25716"
"60.20000","2.00661","2,133.39233","0.01020","0.00443","55.29903"
"60.30000","2.01005","2,135.53296","0.01024","0.00504","55.35452"
"60.40000","2.01341","2,137.02075","0.01012","0.00478","55.39308"
"60.50000","2.01663","2,139.26514","0.01015","0.00528","55.45126"
"60.60000","2.01999","2,142.06982","0.01012","0.00566","55.52396"
"60.70000","2.02343","2,144.46338","0.01018","0.00539","55.58600"
"60.80000","2.02657","2,145.04272","0.01014","0.00550","55.60102"
"60.90000","2.03000","2,147.50293","0.01012","0.00534","55.66479"
"61.00000","2.03344","2,150.69482","0.01017","0.00521","55.74752"
"61.10000","2.03666","2,151.40405","0.01018","0.00515","55.76591"
"61.20000","2.04002","2,154.21997","0.01016","0.00506","55.83890"
"61.30000","2.04338","2,155.19507","0.01020","0.00506","55.86417"
"61.40000","2.04667","2,157.67798","0.01018","0.00502","55.92853"
"61.50000","2.04988","2,160.11035","0.01024","0.00489","55.99158"
"61.60000","2.05332","2,161.22559","0.01031","0.00482","56.02049"
"61.70000","2.05676","2,164.38110","0.01034","0.00497","56.10228"
"61.80000","2.05997","2,165.80811","0.01032","0.00488","56.13927"
"61.90000","2.06334","2,167.71118","0.01039","0.00472","56.18860"
"62.00000","2.06677","2,169.67847","0.01037","0.00473","56.23959"
"62.10000","2.06984","2,171.18384","0.01042","0.00442","56.27861"
"62.20000","2.07328","2,174.40210","0.01039","0.00448","56.36203"
"62.30000","2.07671","2,176.58569","0.01043","0.00444","56.41863"
"62.40000","2.07993","2,178.06006","0.01048","0.00432","56.45685"
"62.50000","2.08337","2,180.21143","0.01048","0.00433","56.51262"
"62.60000","2.08673","2,182.63940","0.01048","0.00416","56.57555"
"62.70000","2.09002","2,184.34473","0.01058","0.00442","56.61975"
"62.80000","2.09331","2,186.60083","0.01059","0.00498","56.67823"
"62.90000","2.09659","2,188.54761","0.01061","0.00495","56.72869"
"63.00000","2.10003","2,190.49390","0.01068","0.00474","56.77914"
"63.10000","2.10317","2,193.24951","0.01068","0.00493","56.85057"
"63.20000","2.10668","2,195.33081","0.01064","0.00491","56.90452"
"63.30000","2.11020","2,197.35132","0.01058","0.00535","56.95689"
"63.40000","2.11326","2,198.98071","0.01061","0.00537","56.99913"
"63.50000","2.11670","2,201.73608","0.01057","0.00558","57.07055"
"63.60000","2.12006","2,203.94629","0.01071","0.00596","57.12784"
"63.70000","2.12313","2,205.47998","0.01072","0.00568","57.16759"
"63.80000","2.12671","2,207.74121","0.01065","0.00587","57.22620"
"63.90000","2.13008","2,209.30151","0.01058","0.00595","57.26665"
"64.00000","2.13336","2,211.73438","0.01058","0.00601","57.32971"
"64.10000","2.13665","2,213.80029","0.01060","0.00585","57.38326"
"64.20000","2.14002","2,216.00781","0.01064","0.00562","57.44048"
"64.30000","2.14338","2,218.13794","0.01061","0.00549","57.49570"
"64.40000","2.14652","2,220.47266","0.01064","0.00568","57.55621"
"64.50000","2.15003","2,221.47168","0.01070","0.00547","57.58211"
"64.60000","2.15347","2,223.99487","0.01072","0.00541","57.64751"
"64.70000","2.15653","2,225.76514","0.01078","0.00531","57.69340"
"64.80000","2.16005","2,228.44067","0.01081","0.00538","57.76275"
"64.90000","2.16341","2,229.60645","0.01083","0.00541","57.79297"
"65.00000","2.16655","2,231.27832","0.01084","0.00514","57.83630"
"65.10000","2.17006","2,234.16772","0.01085","0.00515","57.91120"
"65.20000","2.17335","2,236.14453","0.01086","0.00511","57.96244"
"65.30000","2.17664","2,238.67773","0.01087","0.00510","58.02810"
"65.40000","2.18007","2,239.46680","0.01086","0.00518","58.04855"
"65.50000","2.18336","2,242.42480","0.01087","0.00467","58.12523"
"65.60000","2.18673","2,244.71167","0.01092","0.00500","58.18451"
"65.70000","2.18987","2,245.53735","0.01089","0.00522","58.20591"
"65.80000","2.19330","2,247.72437","0.01092","0.00547","58.26260"
"65.90000","2.19667","2,250.26489","0.01095","0.00528","58.32845"
"66.00000","2.19988","2,252.09863","0.01095","0.00537","58.37598"
"66.10000","2.20339","2,254.05493","0.01096","0.00543","58.42669"
"66.20000","2.20676","2,256.45068","0.01097","0.00537","58.48879"
"66.30000","2.20990","2,258.71631","0.01106","0.00575","58.54752"
"66.40000","2.21333","2,260.55933","0.01105","0.00564","58.59529"
"66.50000","2.21655","2,262.39648","0.01108","0.00596","58.64291"
"66.60000","2.21991","2,263.81177","0.01109","0.00588","58.67959"
"66.70000","2.22327","2,267.27271","0.01110","0.00599","58.76930"
"66.80000","2.22671","2,268.27002","0.01118","0.00645","58.79515"
"66.90000","2.23007","2,271.62793","0.01110","0.00612","58.88219"
"67.00000","2.23329","2,272.88354","0.01108","0.00608","58.91474"
"67.10000","2.23665","2,275.05688","0.01110","0.00608","58.97107"
"67.20000","2.24001","2,276.19409","0.01108","0.00601","59.00055"
"67.30000","2.24315","2,279.07031","0.01113","0.00584","59.07510"
"67.40000","2.24667","2,281.13477","0.01126","0.00560","59.12862"
"67.50000","2.25010","2,282.77319","0.01121","0.00584","59.17109"
"67.60000","2.25324","2,284.99414","0.01117","0.00571","59.22866"
"67.70000","2.25676","2,287.09985","0.01120","0.00563","59.28324"
"67.80000","2.26004","2,289.22070","0.01120","0.00565","59.33821"
"67.90000","2.26326","2,290.64087","0.01127","0.00550","59.37502"
"68.00000","2.26662","2,292.70654","0.01130","0.00549","59.42857"
"68.10000","2.26998","2,294.47681","0.01125","0.00543","59.47445"
"68.20000","2.27335","2,296.86719","0.01126","0.00531","59.53641"
"68.30000","2.27664","2,298.22705","0.01127","0.00541","59.57166"
"68.40000","2.28007","2,300.90454","0.01128","0.00527","59.64106"
"68.50000","2.28329","2,302.17847","0.01131","0.00526","59.67408"
"68.60000","2.28650","2,304.50586","0.01130","0.00516","59.73441"
"68.70000","2.29001","2,307.10034","0.01133","0.00523","59.80166"
"68.80000","2.29338","2,308.72144","0.01133","0.00540","59.84369"
"68.90000","2.29659","2,310.86353","0.01134","0.00582","59.89921"
"69.00000","2.30010","2,312.71924","0.01138","0.00589","59.94731"
"69.10000","2.30347","2,315.01929","0.01139","0.00581","60.00693"
"69.20000","2.30660","2,316.27271","0.01140","0.00613","60.03942"
"69.30000","2.30997","2,318.89233","0.01142","0.00619","60.10732"
"69.40000","2.31333","2,320.71729","0.01143","0.00613","60.15462"
"69.50000","2.31662","2,322.36377","0.01149","0.00653","60.19730"
"69.60000","2.31998","2,324.59351","0.01144","0.00643","60.25510"
"69.70000","2.32350","2,326.78052","0.01149","0.00652","60.31179"
"69.80000","2.32663","2,328.93237","0.01148","0.00678","60.36757"
"69.90000","2.32992","2,329.83325","0.01157","0.00685","60.39091"
"70.00000","2.33336","2,332.43262","0.01164","0.00697","60.45829"
"70.10000","2.33672","2,334.06616","0.01162","0.00677","60.50064"
"70.20000","2.33986","2,336.16895","0.01162","0.00674","60.55514"
"70.30000","2.34330","2,338.17480","0.01166","0.00656","60.60714"
"70.40000","2.34681","2,340.64282","0.01164","0.00638","60.67111"
"70.50000","2.34995","2,342.03784","0.01165","0.00623","60.70727"
"70.60000","2.35332","2,344.12256","0.01162","0.00624","60.76131"
"70.70000","2.35668","2,346.25903","0.01165","0.00624","60.81668"
"70.80000","2.35982","2,347.98242","0.01164","0.00609","60.86135"
"70.90000","2.36326","2,349.50342","0.01169","0.00614","60.90078"
"71.00000","2.36677","2,352.13501","0.01167","0.00603","60.96899"
"71.10000","2.36998","2,354.48779","0.01168","0.00601","61.02998"
"71.20000","2.37334","2,355.30640","0.01169","0.00586","61.05120"
"71.30000","2.37671","2,358.37891","0.01171","0.00585","61.13084"
"71.40000","2.38000","2,359.75220","0.01171","0.00584","61.16644"
"71.50000","2.38328","2,361.12939","0.01176","0.00584","61.20213"
"71.60000","2.38665","2,363.04468","0.01171","0.00587","61.25178"
"71.70000","2.39009","2,365.30444","0.01175","0.00589","61.31036"
"71.80000","2.39330","2,366.66113","0.01174","0.00592","61.34552"
"71.90000","2.39674","2,368.89136","0.01174","0.00583","61.40333"
"72.00000","2.40010","2,370.87476","0.01177","0.00621","61.45474"
"72.10000","2.40324","2,372.81519","0.01179","0.00610","61.50504"
"72.20000","2.40668","2,373.98535","0.01181","0.00661","61.53537"
"72.30000","2.41004","2,376.90552","0.01184","0.00653","61.61106"
"72.40000","2.41318","2,378.40430","0.01186","0.00667","61.64991"
"72.50000","2.41662","2,379.83594","0.01189","0.00659","61.68702"
"72.60000","2.42006","2,383.08960","0.01187","0.00684","61.77136"
"72.70000","2.42334","2,385.02759","0.01196","0.00689","61.82159"
"72.80000","2.42663","2,386.07764","0.01193","0.00683","61.84881"
"72.90000","2.42992","2,388.45923","0.01198","0.00711","61.91054"
"73.00000","2.43336","2,390.67310","0.01201","0.00717","61.96793"
"73.10000","2.43650","2,392.42358","0.01197","0.00721","62.01330"
"73.20000","2.44001","2,394.14941","0.01201","0.00715","62.05804"
"73.30000","2.44345","2,397.01001","0.01209","0.00711","62.13219"
"73.40000","2.44659","2,397.64478","0.01210","0.00671","62.14864"
"73.50000","2.45002","2,400.25073","0.01210","0.00672","62.21619"
"73.60000","2.45339","2,402.10083","0.01212","0.00642","62.26414"
"73.70000","2.45653","2,403.29541","0.01215","0.00641","62.29511"
"73.80000","2.45996","2,405.79932","0.01215","0.00642","62.36001"
"73.90000","2.46333","2,407.54028","0.01212","0.00625","62.40514"
"74.00000","2.46669","2,410.10522","0.01211","0.00635","62.47162"
"74.10000","2.47005","2,411.47485","0.01214","0.00634","62.50713"
"74.20000","2.47334","2,413.24390","0.01212","0.00618","62.55298"
"74.30000","2.47671","2,415.65454","0.01215","0.00610","62.61546"
"74.40000","2.47984","2,416.92432","0.01216","0.00621","62.64838"
"74.50000","2.48328","2,419.19507","0.01216","0.00623","62.70724"
"74.60000","2.48672","2,420.54663","0.01216","0.00615","62.74227"
"74.70000","2.48986","2,422.56030","0.01216","0.00610","62.79447"
"74.80000","2.49337","2,424.96167","0.01217","0.00615","62.85671"
"74.90000","2.49674","2,427.39233","0.01218","0.00596","62.91972"
"75.00000","2.49987","2,428.61035","0.01220","0.00622","62.95129"
"75.10000","2.50331","2,430.82153","0.01218","0.00639","63.00860"
"75.20000","2.50660","2,432.41235","0.01223","0.00657","63.04984"
"75.30000","2.50996","2,433.68213","0.01227","0.00680","63.08275"
"75.40000","2.51333","2,436.39136","0.01228","0.00712","63.15298"
"75.50000","2.51669","2,438.21997","0.01229","0.00705","63.20038"
"75.60000","2.52005","2,439.97266","0.01232","0.00733","63.24581"
"75.70000","2.52319","2,441.44189","0.01233","0.00716","63.28389"
"75.80000","2.52663","2,443.78687","0.01237","0.00736","63.34467"
"75.90000","2.53007","2,445.68677","0.01238","0.00732","63.39392"
"76.00000","2.53321","2,447.33374","0.01243","0.00752","63.43661"
"76.10000","2.53679","2,450.16626","0.01250","0.00760","63.51003"
"76.20000","2.54016","2,451.84814","0.01254","0.00758","63.55363"
"76.30000","2.54330","2,453.58838","0.01252","0.00763","63.59874"
"76.40000","2.54673","2,455.52417","0.01254","0.00763","63.64891"
"76.50000","2.55002","2,457.02271","0.01257","0.00736","63.68776"
"76.60000","2.55331","2,458.96436","0.01258","0.00744","63.73809"
"76.70000","2.55660","2,460.57129","0.01258","0.00729","63.77974"
"76.80000","2.55996","2,462.47656","0.01263","0.00695","63.82912"
"76.90000","2.56340","2,464.98584","0.01265","0.00674","63.89417"
"77.00000","2.56661","2,465.61108","0.01261","0.00678","63.91037"
"77.10000","2.56998","2,468.37646","0.01262","0.00675","63.98206"
"77.20000","2.57334","2,469.97827","0.01261","0.00659","64.02357"
"77.30000","2.57655","2,472.35010","0.01259","0.00660","64.08505"
"77.40000","2.57999","2,474.52124","0.01263","0.00654","64.14133"
"77.50000","2.58343","2,476.75366","0.01259","0.00667","64.19920"
"77.60000","2.58657","2,477.57104","0.01261","0.00665","64.22038"
"77.70000","2.59008","2,479.81299","0.01262","0.00653","64.27850"
"77.80000","2.59337","2,481.77808","0.01265","0.00654","64.32943"
"77.90000","2.59658","2,484.12256","0.01262","0.00660","64.39021"
"78.00000","2.59995","2,485.35767","0.01265","0.00671","64.42222"
"78.10000","2.60338","2,487.04590","0.01262","0.00668","64.46598"
"78.20000","2.60667","2,489.05981","0.01267","0.00686","64.51818"
"78.30000","2.60996","2,490.70068","0.01264","0.00712","64.56071"
"78.40000","2.61347","2,492.93872","0.01269","0.00730","64.61873"
"78.50000","2.61669","2,494.51660","0.01271","0.00733","64.65962"
"78.60000","2.61990","2,495.90723","0.01277","0.00754","64.69567"
"78.70000","2.62334","2,498.29468","0.01281","0.00722","64.75755"
"78.80000","2.62670","2,499.62402","0.01286","0.00748","64.79202"
"78.90000","2.62992","2,502.22144","0.01286","0.00762","64.85934"
"79.00000","2.63335","2,503.70728","0.01294","0.00770","64.89785"
"79.10000","2.63679","2,506.11475","0.01297","0.00773","64.96026"
"79.20000","2.63993","2,507.65576","0.01295","0.00779","65.00020"
"79.30000","2.64329","2,509.27368","0.01301","0.00792","65.04214"
"79.40000","2.64666","2,511.10791","0.01300","0.00787","65.08968"
"79.50000","2.64987","2,512.79834","0.01300","0.00773","65.13350"
"79.60000","2.65323","2,514.38770","0.01302","0.00779","65.17470"
"79.70000","2.65675","2,516.54956","0.01306","0.00765","65.23074"
"79.80000","2.66004","2,518.26782","0.01307","0.00739","65.27528"
"79.90000","2.66332","2,520.03271","0.01307","0.00748","65.32102"
"80.00000","2.66669","2,522.59985","0.01311","0.00703","65.38757"
"80.10000","2.66998","2,523.78442","0.01309","0.00702","65.41827"
"80.20000","2.67326","2,525.69531","0.01308","0.00693","65.46780"
"80.30000","2.67670","2,528.18750","0.01310","0.00696","65.53240"
"80.40000","2.68014","2,529.42285","0.01311","0.00683","65.56442"
"80.50000","2.68328","2,530.86182","0.01310","0.00684","65.60172"
"80.60000","2.68664","2,532.81958","0.01308","0.00667","65.65247"
"80.70000","2.69008","2,535.26855","0.01310","0.00675","65.71594"
"80.80000","2.69322","2,536.95166","0.01305","0.00688","65.75957"
"80.90000","2.69658","2,538.44214","0.01307","0.00679","65.79820"
"81.00000","2.70002","2,540.41528","0.01308","0.00670","65.84935"
"81.10000","2.70331","2,542.07056","0.01308","0.00685","65.89226"
"81.20000","2.70667","2,543.21777","0.01309","0.00708","65.92200"
"81.30000","2.71003","2,545.68018","0.01311","0.00728","65.98582"
"81.40000","2.71332","2,547.59326","0.01312","0.00765","66.03541"
"81.50000","2.71654","2,549.30127","0.01315","0.00754","66.07968"
"81.60000","2.71990","2,551.30420","0.01317","0.00779","66.13160"
"81.70000","2.72334","2,553.24512","0.01318","0.00767","66.18191"
"81.80000","2.72655","2,554.60547","0.01319","0.00786","66.21717"
"81.90000","2.72999","2,556.01245","0.01335","0.00783","66.25364"
"82.00000","2.73350","2,559.18408","0.01340","0.00803","66.33585"
"82.10000","2.73657","2,560.26562","0.01340","0.00794","66.36388"
"82.20000","2.74000","2,562.69189","0.01344","0.00802","66.42677"
"82.30000","2.74337","2,564.72827","0.01344","0.00818","66.47956"
"82.40000","2.74658","2,565.93896","0.01342","0.00813","66.51094"
"82.50000","2.75002","2,567.93457","0.01346","0.00822","66.56267"
"82.60000","2.75338","2,569.33911","0.01346","0.00813","66.59908"
"82.70000","2.75675","2,570.57666","0.01351","0.00815","66.63116"
"82.80000","2.75996","2,573.34937","0.01354","0.00819","66.70303"
"82.90000","2.76332","2,574.87378","0.01350","0.00817","66.74254"
"83.00000","2.76668","2,576.88599","0.01350","0.00769","66.79470"
"83.10000","2.76982","2,578.63940","0.01354","0.00779","66.84015"
"83.20000","2.77334","2,579.88794","0.01352","0.00754","66.87251"
"83.30000","2.77677","2,582.28027","0.01350","0.00736","66.93452"
"83.40000","2.77991","2,583.91870","0.01354","0.00741","66.97699"
"83.50000","2.78335","2,585.78223","0.01354","0.00744","67.02529"
"83.60000","2.78671","2,587.55591","0.01355","0.00735","67.07127"
"83.70000","2.78985","2,588.71069","0.01353","0.00731","67.10120"
"83.80000","2.79337","2,591.48169","0.01352","0.00720","67.17303"
"83.90000","2.79665","2,593.63574","0.01355","0.00729","67.22886"
"84.00000","2.80002","2,594.86914","0.01353","0.00734","67.26083"
"84.10000","2.80331","2,596.87744","0.01357","0.00716","67.31289"
"84.20000","2.80667","2,598.63794","0.01363","0.00724","67.35852"
"84.30000","2.81003","2,601.09766","0.01357","0.00775","67.42228"
"84.40000","2.81317","2,601.75098","0.01358","0.00784","67.43922"
"84.50000","2.81661","2,604.08203","0.01362","0.00783","67.49964"
"84.60000","2.82012","2,606.23291","0.01362","0.00820","67.55539"
"84.70000","2.82326","2,607.99731","0.01371","0.00807","67.60113"
"84.80000","2.82677","2,610.10034","0.01373","0.00804","67.65564"
"84.90000","2.83014","2,612.10547","0.01376","0.00810","67.70761"
"85.00000","2.83320","2,613.76636","0.01379","0.00815","67.75066"
"85.10000","2.83664","2,615.37793","0.01382","0.00833","67.79243"
"85.20000","2.83993","2,617.57739","0.01389","0.00815","67.84945"
"85.30000","2.84329","2,619.72241","0.01390","0.00849","67.90504"
"85.40000","2.84665","2,620.95361","0.01388","0.00832","67.93696"
"85.50000","2.84994","2,622.74658","0.01388","0.00837","67.98344"
"85.60000","2.85338","2,624.48779","0.01393","0.00863","68.02857"
"85.70000","2.85652","2,625.84375","0.01392","0.00835","68.06372"
"85.80000","2.85996","2,628.40820","0.01397","0.00847","68.13019"
"85.90000","2.86332","2,629.90527","0.01397","0.00841","68.16899"
"86.00000","2.86646","2,630.72021","0.01396","0.00835","68.19012"
"86.10000","2.87005","2,633.88184","0.01394","0.00815","68.27207"
"86.20000","2.87341","2,635.56885","0.01397","0.00810","68.31580"
"86.30000","2.87662","2,636.68701","0.01400","0.00786","68.34478"
"86.40000","2.88006","2,638.67285","0.01399","0.00761","68.39626"
"86.50000","2.88335","2,640.58496","0.01399","0.00760","68.44582"
"86.60000","2.88656","2,642.25317","0.01397","0.00746","68.48906"
"86.70000","2.88993","2,644.21753","0.01398","0.00759","68.53998"
"86.80000","2.89336","2,645.86377","0.01401","0.00753","68.58265"
"86.90000","2.89673","2,648.23779","0.01405","0.00746","68.64419"
"87.00000","2.89994","2,649.54541","0.01401","0.00752","68.67808"
"87.10000","2.90338","2,651.40747","0.01404","0.00751","68.72635"
"87.20000","2.90667","2,653.15771","0.01406","0.00736","68.77171"
"87.30000","2.90988","2,653.98853","0.01410","0.00797","68.79325"
"87.40000","2.91339","2,657.25391","0.01402","0.00793","68.87789"
"87.50000","2.91676","2,658.50391","0.01406","0.00815","68.91029"
"87.60000","2.91997","2,660.04810","0.01409","0.00812","68.95032"
"87.70000","2.92341","2,661.97852","0.01420","0.00842","69.00036"
"87.80000","2.92677","2,663.55347","0.01420","0.00841","69.04118"
"87.90000","2.92991","2,665.68970","0.01424","0.00823","69.09655"
"88.00000","2.93320","2,667.44360","0.01421","0.00835","69.14201"
"88.10000","2.93664","2,668.80054","0.01424","0.00863","69.17719"
"88.20000","2.93992","2,671.27954","0.01427","0.00869","69.24145"
"88.30000","2.94329","2,672.75757","0.01434","0.00865","69.27975"
"88.40000","2.94680","2,674.96753","0.01435","0.00865","69.33704"
"88.50000","2.95001","2,676.34399","0.01432","0.00876","69.37272"
"88.60000","2.95323","2,678.54810","0.01435","0.00881","69.42985"
"88.70000","2.95667","2,680.02930","0.01436","0.00884","69.46825"
"88.80000","2.96003","2,682.26929","0.01442","0.00882","69.52631"
"88.90000","2.96324","2,684.68921","0.01441","0.00880","69.58904"
"89.00000","2.96668","2,686.06787","0.01439","0.00880","69.62477"
"89.10000","2.97012","2,687.83203","0.01448","0.00872","69.67049"
"89.20000","2.97333","2,689.25122","0.01442","0.00853","69.70728"
"89.30000","2.97662","2,691.12646","0.01446","0.00828","69.75589"
"89.40000","2.98006","2,692.71558","0.01444","0.00837","69.79708"
"89.50000","2.98327","2,695.04980","0.01445","0.00832","69.85759"
"89.60000","2.98664","2,695.98853","0.01446","0.00818","69.88192"
"89.70000","2.99007","2,698.20703","0.01444","0.00803","69.93942"
"89.80000","2.99336","2,700.11377","0.01445","0.00803","69.98885"
"89.90000","2.99665","2,701.63916","0.01443","0.00789","70.02839"
"90.00000","3.00001","2,703.38525","0.01449","0.00793","70.07365"
"90.10000","3.00338","2,705.30664","0.01454","0.00785","70.12345"
"90.20000","3.00652","2,707.31909","0.01455","0.00785","70.17561"
"90.30000","3.00995","2,708.69580","0.01460","0.00787","70.21130"
"90.40000","3.01339","2,710.81665","0.01463","0.00836","70.26627"
"90.50000","3.01661","2,712.25659","0.01459","0.00854","70.30360"
"90.60000","3.02004","2,714.28418","0.01463","0.00854","70.35616"
"90.70000","3.02348","2,715.50879","0.01463","0.00870","70.38790"
"90.80000","3.02655","2,718.01587","0.01466","0.00853","70.45288"
"90.90000","3.02991","2,719.12402","0.01466","0.00864","70.48161"
"91.00000","3.03335","2,721.40723","0.01468","0.00859","70.54079"
"91.10000","3.03663","2,722.59253","0.01472","0.00865","70.57151"
"91.20000","3.04007","2,725.19507","0.01473","0.00872","70.63897"
"91.30000","3.04336","2,726.29907","0.01478","0.00875","70.66759"
"91.40000","3.04672","2,727.98218","0.01478","0.00904","70.71122"
"91.50000","3.04994","2,729.24219","0.01480","0.00913","70.74387"
"91.60000","3.05330","2,731.78296","0.01483","0.00907","70.80974"
"91.70000","3.05666","2,733.47656","0.01483","0.00906","70.85364"
"91.80000","3.05988","2,735.50610","0.01486","0.00913","70.90624"
"91.90000","3.06339","2,736.68677","0.01484","0.00915","70.93684"
"92.00000","3.06683","2,739.23657","0.01483","0.00895","71.00294"
"92.10000","3.06989","2,740.65796","0.01485","0.00897","71.03978"
"92.20000","3.07333","2,742.09448","0.01486","0.00885","71.07702"
"92.30000","3.07662","2,743.57788","0.01489","0.00873","71.11547"
"92.40000","3.07983","2,745.67871","0.01490","0.00863","71.16992"
"92.50000","3.08327","2,747.37769","0.01489","0.00872","71.21396"
"92.60000","3.08663","2,749.48682","0.01493","0.00842","71.26863"
"92.70000","3.09000","2,751.11523","0.01492","0.00819","71.31084"
"92.80000","3.09336","2,752.93774","0.01494","0.00805","71.35809"
"92.90000","3.09665","2,754.14990","0.01494","0.00814","71.38950"
"93.00000","3.10009","2,756.46118","0.01496","0.00810","71.44941"
"93.10000","3.10315","2,758.01953","0.01497","0.00800","71.48981"
"93.20000","3.10666","2,759.90137","0.01500","0.00799","71.53858"
"93.30000","3.11018","2,762.30688","0.01501","0.00810","71.60094"
"93.40000","3.11324","2,763.35767","0.01506","0.00824","71.62817"
"93.50000","3.11675","2,764.82300","0.01515","0.00836","71.66616"
"93.60000","3.12012","2,767.71240","0.01515","0.00866","71.74105"
"93.70000","3.12325","2,768.87769","0.01516","0.00870","71.77126"
"93.80000","3.12669","2,770.18848","0.01518","0.00902","71.80524"
"93.90000","3.12998","2,772.22632","0.01518","0.00885","71.85806"
"94.00000","3.13334","2,773.40796","0.01520","0.00887","71.88869"
"94.10000","3.13663","2,774.82935","0.01516","0.00892","71.92553"
"94.20000","3.14000","2,777.81030","0.01517","0.00909","72.00280"
"94.30000","3.14343","2,779.03247","0.01516","0.00919","72.03448"
"94.40000","3.14650","2,780.66235","0.01522","0.00921","72.07672"
"94.50000","3.14994","2,782.46680","0.01522","0.00931","72.12350"
"94.60000","3.15337","2,783.55029","0.01523","0.00943","72.15158"
"94.70000","3.15659","2,785.60742","0.01528","0.00953","72.20490"
"94.80000","3.16003","2,787.06519","0.01524","0.00948","72.24269"
"94.90000","3.16339","2,789.29834","0.01528","0.00941","72.30058"
"95.00000","3.16660","2,790.44263","0.01532","0.00946","72.33024"
"95.10000","3.16997","2,792.94263","0.01531","0.00951","72.39503"
"95.20000","3.17325","2,794.99878","0.01532","0.00940","72.44833"
"95.30000","3.17662","2,796.24829","0.01532","0.00932","72.48072"
"95.40000","3.17998","2,798.42871","0.01534","0.00922","72.53724"
"95.50000","3.18342","2,800.24756","0.01535","0.00928","72.58439"
"95.60000","3.18678","2,801.92285","0.01538","0.00899","72.62781"
"95.70000","3.18992","2,802.95117","0.01536","0.00885","72.65446"
"95.80000","3.19336","2,805.38306","0.01538","0.00867","72.71750"
"95.90000","3.19672","2,807.06055","0.01542","0.00856","72.76099"
"96.00000","3.19986","2,808.99805","0.01544","0.00850","72.81120"
"96.10000","3.20345","2,810.68555","0.01543","0.00853","72.85495"
"96.20000","3.20681","2,812.39917","0.01547","0.00838","72.89937"
"96.30000","3.20995","2,813.89526","0.01549","0.00852","72.93814"
"96.40000","3.21339","2,815.82764","0.01556","0.00864","72.98824"
"96.50000","3.21675","2,817.58325","0.01560","0.00871","73.03374"
"96.60000","3.21996","2,819.38330","0.01562","0.00913","73.08040"
"96.70000","3.22325","2,821.06689","0.01563","0.00925","73.12404"
"96.80000","3.22669","2,822.61157","0.01558","0.00934","73.16408"
"96.90000","3.23005","2,825.20825","0.01563","0.00927","73.23138"
"97.00000","3.23327","2,825.63379","0.01565","0.00914","73.24242"
"97.10000","3.23671","2,828.31274","0.01568","0.00939","73.31186"
"97.20000","3.23999","2,830.08813","0.01568","0.00927","73.35787"
"97.30000","3.24321","2,831.31812","0.01569","0.00932","73.38976"
"97.40000","3.24665","2,833.93604","0.01567","0.00937","73.45762"
"97.50000","3.25008","2,834.67798","0.01573","0.00955","73.47684"
"97.60000","3.25330","2,836.49829","0.01573","0.00955","73.52403"
"97.70000","3.25673","2,837.87866","0.01568","0.00963","73.55981"
"97.80000","3.26010","2,839.88037","0.01567","0.00966","73.61169"
"97.90000","3.26324","2,842.05371","0.01570","0.00962","73.66803"
"98.00000","3.26660","2,843.38257","0.01574","0.00964","73.70248"
"98.10000","3.26996","2,844.65356","0.01580","0.00962","73.73542"
"98.20000","3.27333","2,847.88062","0.01580","0.00967","73.81907"
"98.30000","3.27661","2,848.53076","0.01576","0.00953","73.83592"
"98.40000","3.28013","2,851.01782","0.01578","0.00954","73.90039"
"98.50000","3.28334","2,852.98706","0.01584","0.00935","73.95143"
"98.60000","3.28655","2,853.77881","0.01586","0.00941","73.97195"
"98.70000","3.28999","2,855.87134","0.01584","0.00893","74.02619"
"98.80000","3.29336","2,858.09277","0.01585","0.00909","74.08378"
"98.90000","3.29657","2,858.83667","0.01591","0.00892","74.10306"
"99.00000","3.30001","2,861.03589","0.01590","0.00888","74.16006"
"99.10000","3.30345","2,863.39258","0.01592","0.00871","74.22115"
"99.20000","3.30658","2,864.82788","0.01597","0.00864","74.25835"
"99.30000","3.31002","2,865.44141","0.01601","0.00875","74.27425"
"99.40000","3.31339","2,867.69727","0.01604","0.00871","74.33273"
"99.50000","3.31660","2,869.48950","0.01607","0.00868","74.37919"
"99.60000","3.31989","2,871.26416","0.01607","0.00907","74.42519"
"99.70000","3.32340","2,873.18042","0.01607","0.00941","74.47486"
"99.80000","3.32669","2,874.80908","0.01611","0.00946","74.51707"
"99.90000","3.32998","2,876.98608","0.01610","0.00959","74.57350"
"100.00000","3.33334","2,878.90601","0.01615","0.00944","74.62327"
"100.10000","3.33670","2,880.69263","0.01613","0.00968","74.66958"
"100.20000","3.33992","2,882.38037","0.01616","0.00957","74.71333"
"100.30000","3.34328","2,883.74951","0.01617","0.00963","74.74882"
"100.40000","3.34672","2,885.69189","0.01616","0.00967","74.79916"
"100.50000","3.34993","2,887.49414","0.01619","0.00966","74.84588"
"100.60000","3.35337","2,889.21973","0.01617","0.00977","74.89061"
"100.70000","3.35673","2,890.50854","0.01617","0.00990","74.92401"
"100.80000","3.35995","2,892.54712","0.01619","0.01008","74.97685"
"100.90000","3.36331","2,894.75854","0.01621","0.01007","75.03418"
"101.00000","3.36667","2,896.24585","0.01623","0.01003","75.07273"
"101.10000","3.36996","2,898.30542","0.01621","0.01000","75.12611"
"101.20000","3.37332","2,899.68530","0.01620","0.00999","75.16188"
"101.30000","3.37669","2,901.43604","0.01621","0.01007","75.20726"
"101.40000","3.38005","2,903.13892","0.01623","0.01014","75.25140"
"101.50000","3.38326","2,905.03979","0.01627","0.00989","75.30067"
"101.60000","3.38655","2,905.92578","0.01629","0.00998","75.32364"
"101.70000","3.39007","2,908.49048","0.01624","0.00972","75.39012"
"101.80000","3.39320","2,909.67871","0.01632","0.00955","75.42092"
"101.90000","3.39672","2,911.35620","0.01636","0.00965","75.46440"
"102.00000","3.40016","2,913.47925","0.01634","0.00935","75.51943"
"102.10000","3.40329","2,914.36499","0.01644","0.00928","75.54239"
"102.20000","3.40673","2,915.95435","0.01647","0.00919","75.58359"
"102.30000","3.41002","2,918.55762","0.01651","0.00913","75.65107"
"102.40000","3.41323","2,919.94653","0.01650","0.00921","75.68707"
"102.50000","3.41667","2,921.48804","0.01649","0.00928","75.72703"
"102.60000","3.42004","2,924.02441","0.01651","0.00898","75.79277"
"102.70000","3.42340","2,925.58594","0.01655","0.00985","75.83324"
"102.80000","3.42669","2,926.82471","0.01652","0.00987","75.86536"
"102.90000","3.42997","2,928.04053","0.01658","0.00985","75.89687"
"103.00000","3.43341","2,930.60742","0.01657","0.01009","75.96341"
"103.10000","3.43648","2,931.12305","0.01660","0.01008","75.97677"
"103.20000","3.43999","2,934.48608","0.01659","0.01000","76.06394"
"103.30000","3.44343","2,935.38452","0.01661","0.00999","76.08723"
"103.40000","3.44657","2,936.90332","0.01660","0.01003","76.12660"
"103.50000","3.45008","2,938.51953","0.01665","0.01018","76.16850"
"103.60000","3.45344","2,940.83789","0.01666","0.01007","76.22858"
"103.70000","3.45658","2,942.42529","0.01665","0.01000","76.26973"
"103.80000","3.46002","2,943.50977","0.01664","0.01011","76.29784"
"103.90000","3.46323","2,944.95386","0.01666","0.01036","76.33527"
"104.00000","3.46667","2,948.12378","0.01671","0.01032","76.41744"
"104.10000","3.46996","2,948.61108","0.01668","0.01034","76.43008"
"104.20000","3.47340","2,950.79980","0.01662","0.01019","76.48681"
"104.30000","3.47683","2,952.24561","0.01663","0.01025","76.52428"
"104.40000","3.47982","2,953.93140","0.01666","0.01024","76.56798"
"104.50000","3.48334","2,956.03296","0.01668","0.01028","76.62245"
"104.60000","3.48678","2,957.26758","0.01676","0.01022","76.65446"
"104.70000","3.48984","2,958.21704","0.01679","0.01007","76.67907"
"104.80000","3.49343","2,961.09473","0.01679","0.01012","76.75365"
"104.90000","3.49679","2,962.45728","0.01681","0.00987","76.78898"
"105.00000","3.49993","2,963.98218","0.01684","0.00983","76.82851"
"105.10000","3.50329","2,965.66821","0.01694","0.00965","76.87221"
"105.20000","3.50658","2,966.63159","0.01691","0.00948","76.89718"
"105.30000","3.50994","2,969.10693","0.01693","0.00932","76.96134"
"105.40000","3.51323","2,970.56763","0.01699","0.00948","76.99920"
"105.50000","3.51667","2,972.48364","0.01694","0.00954","77.04887"
"105.60000","3.52003","2,974.31934","0.01700","0.00977","77.09645"
"105.70000","3.52317","2,975.51904","0.01700","0.00981","77.12755"
"105.80000","3.52668","2,977.09863","0.01702","0.01016","77.16849"
"105.90000","3.53005","2,979.53735","0.01703","0.01004","77.23170"
"106.00000","3.53319","2,980.24390","0.01703","0.01014","77.25002"
"106.10000","3.53670","2,982.38013","0.01705","0.01027","77.30539"
"106.20000","3.54014","2,983.62061","0.01706","0.01046","77.33755"
"106.30000","3.54335","2,985.30542","0.01699","0.01024","77.38122"
"106.40000","3.54679","2,987.00659","0.01704","0.01030","77.42531"
"106.50000","3.55008","2,989.00146","0.01711","0.01047","77.47702"
"106.60000","3.55329","2,991.10205","0.01709","0.01043","77.53147"
"106.70000","3.55658","2,991.81030","0.01711","0.01045","77.54983"
"106.80000","3.56002","2,994.28857","0.01710","0.01040","77.61407"
"106.90000","3.56338","2,996.29224","0.01711","0.01064","77.66600"
"107.00000","3.56659","2,997.36499","0.01709","0.01074","77.69381"
"107.10000","3.57011","2,998.95825","0.01716","0.01063","77.73511"
"107.20000","3.57340","3,000.84155","0.01719","0.01056","77.78392"
"107.30000","3.57646","3,002.02026","0.01718","0.01062","77.81448"
"107.40000","3.57997","3,004.31470","0.01714","0.01078","77.87395"
"107.50000","3.58326","3,004.97778","0.01706","0.01068","77.89114"
"107.60000","3.58655","3,007.47607","0.01715","0.01071","77.95589"
"107.70000","3.58999","3,009.08228","0.01720","0.01057","77.99753"
"107.80000","3.59342","3,010.96826","0.01722","0.01064","78.04642"
"107.90000","3.59671","3,012.65918","0.01732","0.01051","78.09025"
"108.00000","3.59993","3,014.17432","0.01730","0.01047","78.12952"
"108.10000","3.60329","3,016.14453","0.01730","0.01016","78.18059"
"108.20000","3.60658","3,017.24048","0.01736","0.01019","78.20899"
"108.30000","3.60987","3,019.20020","0.01739","0.00996","78.25980"
"108.40000","3.61338","3,020.79736","0.01739","0.01001","78.30119"
"108.50000","3.61674","3,022.68384","0.01744","0.01015","78.35009"
"108.60000","3.61996","3,024.45850","0.01746","0.00988","78.39610"
"108.70000","3.62332","3,025.93164","0.01745","0.01028","78.43427"
"108.80000","3.62668","3,028.42163","0.01748","0.01045","78.49882"
"108.90000","3.62990","3,029.39282","0.01746","0.01067","78.52399"
"109.00000","3.63333","3,031.31885","0.01747","0.01062","78.57391"
"109.10000","3.63677","3,033.38818","0.01748","0.01077","78.62756"
"109.20000","3.63991","3,034.65283","0.01750","0.01072","78.66034"
"109.30000","3.64335","3,035.67920","0.01749","0.01082","78.68694"
"109.40000","3.64671","3,037.93408","0.01755","0.01082","78.74539"
"109.50000","3.64993","3,039.77051","0.01750","0.01067","78.79299"
"109.60000","3.65321","3,041.26685","0.01751","0.01072","78.83178"
"109.70000","3.65665","3,043.35449","0.01752","0.01076","78.88589"
"109.80000","3.66002","3,044.98682","0.01756","0.01087","78.92820"
"109.90000","3.66330","3,047.09814","0.01757","0.01093","78.98293"
"110.00000","3.66667","3,047.50488","0.01760","0.01095","78.99347"
"110.10000","3.67003","3,049.16284","0.01757","0.01087","79.03645"
"110.20000","3.67324","3,051.44751","0.01761","0.01081","79.09566"
"110.30000","3.67661","3,052.92358","0.01761","0.01088","79.13393"
"110.40000","3.68004","3,055.19604","0.01761","0.01062","79.19283"
"110.50000","3.68326","3,055.86548","0.01764","0.01093","79.21018"
"110.60000","3.68670","3,058.61646","0.01765","0.01078","79.28149"
"110.70000","3.69013","3,059.88965","0.01767","0.01086","79.31449"
"110.80000","3.69327","3,061.10400","0.01769","0.01085","79.34597"
"110.90000","3.69664","3,063.36011","0.01773","0.01078","79.40445"
"111.00000","3.70000","3,064.48999","0.01774","0.01080","79.43374"
"111.10000","3.70329","3,066.72314","0.01782","0.01050","79.49162"
"111.20000","3.70665","3,068.84448","0.01779","0.01059","79.54661"
"111.30000","3.71001","3,070.18188","0.01784","0.01029","79.58128"
"111.40000","3.71345","3,071.53809","0.01784","0.01024","79.61642"
"111.50000","3.71667","3,072.91895","0.01786","0.01020","79.65222"
"111.60000","3.71995","3,075.09985","0.01792","0.01020","79.70875"
"111.70000","3.72339","3,076.87671","0.01789","0.01028","79.75481"
"111.80000","3.72653","3,077.61719","0.01786","0.01035","79.77400"
"111.90000","3.72997","3,079.83301","0.01790","0.01076","79.83144"
"112.00000","3.73348","3,081.56079","0.01792","0.01078","79.87622"
"112.10000","3.73655","3,083.16235","0.01793","0.01082","79.91774"
"112.20000","3.73998","3,084.85376","0.01796","0.01080","79.96158"
"112.30000","3.74335","3,086.81836","0.01791","0.01093","80.01250"
"112.40000","3.74656","3,088.40967","0.01791","0.01107","80.05375"
"112.50000","3.74992","3,090.07007","0.01796","0.01113","80.09679"
"112.60000","3.75336","3,092.24951","0.01795","0.01123","80.15328"
"112.70000","3.75672","3,094.01904","0.01800","0.01123","80.19915"
"112.80000","3.75994","3,095.23560","0.01800","0.01127","80.23068"
"112.90000","3.76338","3,096.50830","0.01799","0.01121","80.26367"
"113.00000","3.76681","3,098.31274","0.01801","0.01107","80.31045"
"113.10000","3.76980","3,099.98438","0.01803","0.01127","80.35378"
"113.20000","3.77332","3,102.03320","0.01805","0.01128","80.40688"
"113.30000","3.77675","3,103.28101","0.01804","0.01131","80.43922"
"113.40000","3.77989","3,105.23315","0.01809","0.01121","80.48983"
"113.50000","3.78341","3,106.33057","0.01806","0.01136","80.51827"
"113.60000","3.78677","3,108.87207","0.01809","0.01124","80.58415"
"113.70000","3.78998","3,110.38013","0.01811","0.01125","80.62324"
"113.80000","3.79327","3,111.65088","0.01824","0.01128","80.65618"
"113.90000","3.79663","3,113.13428","0.01822","0.01121","80.69463"
"114.00000","3.80000","3,115.02954","0.01825","0.01123","80.74376"
"114.10000","3.80321","3,116.47485","0.01827","0.01124","80.78122"
"114.20000","3.80665","3,117.88306","0.01822","0.01109","80.81772"
"114.30000","3.81009","3,120.61646","0.01827","0.01105","80.88857"
"114.40000","3.81315","3,121.35010","0.01826","0.01106","80.90759"
"114.50000","3.81666","3,123.25439","0.01830","0.01069","80.95695"
"114.60000","3.82003","3,125.04541","0.01831","0.01079","81.00337"
"114.70000","3.82324","3,126.56079","0.01833","0.01079","81.04266"
"114.80000","3.82675","3,128.09766","0.01835","0.01069","81.08249"
"114.90000","3.83012","3,129.72656","0.01836","0.01097","81.12472"
"115.00000","3.83333","3,131.14111","0.01838","0.01123","81.16138"
"115.10000","3.83669","3,133.66382","0.01838","0.01117","81.22677"
"115.20000","3.84006","3,134.98486","0.01837","0.01132","81.26101"
"115.30000","3.84334","3,136.64258","0.01837","0.01148","81.30399"
"115.40000","3.84656","3,137.39478","0.01836","0.01146","81.32348"
"115.50000","3.85000","3,139.53979","0.01840","0.01134","81.37908"
"115.60000","3.85343","3,142.43994","0.01842","0.01151","81.45425"
"115.70000","3.85657","3,142.43799","0.01842","0.01153","81.45420"
"115.80000","3.86009","3,144.40063","0.01842","0.01142","81.50507"
"115.90000","3.86337","3,147.62744","0.01843","0.01153","81.58871"
"116.00000","3.86651","3,147.09961","0.01844","0.01148","81.57504"
"116.10000","3.87010","3,149.71167","0.01847","0.01150","81.64274"
"116.20000","3.87339","3,151.63477","0.01846","0.01161","81.69259"
"116.30000","3.87660","3,152.85474","0.01849","0.01142","81.72421"
"116.40000","3.88004","3,154.65405","0.01850","0.01147","81.77085"
"116.50000","3.88340","3,156.43091","0.01851","0.01146","81.81691"
"116.60000","3.88662","3,158.71899","0.01856","0.01149","81.87622"
"116.70000","3.88991","3,160.25464","0.01866","0.01148","81.91602"
"116.80000","3.89334","3,161.59277","0.01867","0.01151","81.95071"
"116.90000","3.89671","3,162.80786","0.01871","0.01147","81.98220"
"117.00000","3.89992","3,164.93506","0.01871","0.01124","82.03735"
"117.10000","3.90343","3,165.97900","0.01870","0.01129","82.06440"
"117.20000","3.90672","3,168.21533","0.01871","0.01122","82.12237"
"117.30000","3.90986","3,169.10815","0.01873","0.01131","82.14552"
"117.40000","3.91337","3,170.98169","0.01867","0.01120","82.19408"
"117.50000","3.91674","3,173.45459","0.01869","0.01104","82.25818"
"117.60000","3.91995","3,174.55200","0.01873","0.01109","82.28662"
"117.70000","3.92339","3,176.40112","0.01874","0.01114","82.33455"
"117.80000","3.92675","3,178.36694","0.01878","0.01074","82.38551"
"117.90000","3.92996","3,179.74756","0.01882","0.01103","82.42130"
"118.00000","3.93333","3,180.94946","0.01882","0.01106","82.45245"
"118.10000","3.93662","3,182.67456","0.01882","0.01140","82.49716"
"118.20000","3.93990","3,184.24341","0.01881","0.01134","82.53783"
"118.30000","3.94319","3,186.18530","0.01885","0.01147","82.58817"
"118.40000","3.94671","3,187.75879","0.01881","0.01150","82.62895"
"118.50000","3.95007","3,189.38599","0.01885","0.01186","82.67113"
"118.60000","3.95328","3,191.11719","0.01888","0.01169","82.71600"
"118.70000","3.95665","3,192.94995","0.01887","0.01172","82.76351"
"118.80000","3.96001","3,194.37769","0.01887","0.01181","82.80051"
"118.90000","3.96322","3,195.31738","0.01885","0.01180","82.82487"
"119.00000","3.96666","3,197.09937","0.01889","0.01193","82.87106"
"119.10000","3.97002","3,198.86255","0.01888","0.01194","82.91677"
"119.20000","3.97331","3,201.00977","0.01891","0.01197","82.97243"
"119.30000","3.97668","3,202.54492","0.01893","0.01201","83.01221"
"119.40000","3.98011","3,204.36255","0.01894","0.01199","83.05933"
"119.50000","3.98325","3,205.56323","0.01900","0.01187","83.09045"
"119.60000","3.98654","3,207.45703","0.01908","0.01187","83.13954"
"119.70000","3.99005","3,209.03589","0.01911","0.01181","83.18047"
"119.80000","3.99334","3,211.80933","0.01908","0.01197","83.25236"
"119.90000","3.99663","3,212.10205","0.01910","0.01189","83.25994"
"120.00000","3.99999","3,214.36230","0.01912","0.01199","83.31853"
"120.10000","4.00343","3,216.32837","0.01912","0.01191","83.36949"
"120.20000","4.00657","3,217.79297","0.01913","0.01180","83.40746"
"120.30000","4.00993","3,219.14819","0.01915","0.01181","83.44259"
"120.40000","4.01337","3,219.99536","0.01913","0.01184","83.46455"
"120.50000","4.01658","3,221.66187","0.01918","0.01175","83.50774"
"120.60000","4.02002","3,223.02197","0.01918","0.01164","83.54300"
"120.70000","4.02346","3,225.52856","0.01922","0.01156","83.60797"
"120.80000","4.02660","3,227.10620","0.01921","0.01135","83.64886"
"120.90000","4.02989","3,228.61938","0.01923","0.01148","83.68809"
"121.00000","4.03333","3,230.60522","0.01924","0.01133","83.73956"
"121.10000","4.03661","3,231.89307","0.01919","0.01179","83.77294"
"121.20000","4.03998","3,233.10571","0.01923","0.01178","83.80437"
"121.30000","4.04334","3,234.91553","0.01926","0.01180","83.85129"
"121.40000","4.04678","3,237.18604","0.01926","0.01179","83.91014"
"121.50000","4.04992","3,238.57788","0.01928","0.01183","83.94622"
"121.60000","4.05328","3,240.51538","0.01932","0.01200","83.99644"
"121.70000","4.05672","3,242.13770","0.01928","0.01192","84.03849"
"121.80000","4.05986","3,243.41919","0.01930","0.01199","84.07171"
"121.90000","4.06330","3,244.93286","0.01932","0.01198","84.11094"
"122.00000","4.06681","3,247.29053","0.01935","0.01206","84.17206"
"122.10000","4.06995","3,249.00854","0.01933","0.01211","84.21658"
"122.20000","4.07338","3,250.54712","0.01935","0.01201","84.25647"
"122.30000","4.07675","3,252.00513","0.01939","0.01218","84.29426"
"122.40000","4.07996","3,253.83398","0.01944","0.01193","84.34167"
"122.50000","4.08325","3,255.20557","0.01948","0.01199","84.37722"
"122.60000","4.08661","3,256.34106","0.01952","0.01182","84.40665"
"122.70000","4.09005","3,258.42505","0.01955","0.01179","84.46067"
"122.80000","4.09326","3,259.94263","0.01953","0.01172","84.50001"
"122.90000","4.09670","3,261.34741","0.01954","0.01189","84.53642"
"123.00000","4.10014","3,263.70288","0.01954","0.01159","84.59747"
"123.10000","4.10313","3,265.15820","0.01958","0.01161","84.63520"
"123.20000","4.10664","3,266.36963","0.01959","0.01163","84.66660"
"123.30000","4.11008","3,268.00537","0.01959","0.01151","84.70900"
"123.40000","4.11322","3,269.59351","0.01965","0.01138","84.75016"
"123.50000","4.11673","3,271.74707","0.01966","0.01138","84.80598"
"123.60000","4.12002","3,273.16821","0.01964","0.01147","84.84282"
"123.70000","4.12331","3,274.33496","0.01967","0.01128","84.87306"
"123.80000","4.12660","3,276.17969","0.01966","0.01127","84.92088"
"123.90000","4.12996","3,277.64526","0.01970","0.01148","84.95887"
"124.00000","4.13332","3,279.38086","0.01968","0.01131","85.00386"
"124.10000","4.13661","3,280.16943","0.01968","0.01138","85.02430"
"124.20000","4.14005","3,282.45679","0.01972","0.01177","85.08359"
"124.30000","4.14349","3,284.83032","0.01969","0.01166","85.14511"
"124.40000","4.14655","3,285.35181","0.01970","0.01161","85.15863"
"124.50000","4.14999","3,288.06079","0.01973","0.01170","85.22885"
"124.60000","4.15343","3,289.53491","0.01974","0.01177","85.26706"
"124.70000","4.15649","3,290.40503","0.01973","0.01169","85.28961"
"124.80000","4.16008","3,292.55981","0.01976","0.01184","85.34547"
"124.90000","4.16337","3,294.26904","0.01977","0.01195","85.38977"
"125.00000","4.16666","3,295.88574","0.01977","0.01206","85.43168"
"125.10000","4.17002","3,297.64380","0.01978","0.01225","85.47725"
"125.20000","4.17331","3,299.07495","0.01982","0.01225","85.51434"
"125.30000","4.17660","3,300.99341","0.01980","0.01226","85.56407"
"125.40000","4.17988","3,301.47070","0.01992","0.01231","85.57645"
"125.50000","4.18332","3,304.16309","0.01997","0.01227","85.64623"
"125.60000","4.18676","3,305.56006","0.01997","0.01233","85.68244"
"125.70000","4.18997","3,306.91382","0.01999","0.01227","85.71753"
"125.80000","4.19341","3,309.49902","0.02001","0.01224","85.78455"
"125.90000","4.19670","3,310.86230","0.01999","0.01218","85.81988"
"126.00000","4.19984","3,312.36426","0.02003","0.01212","85.85881"
"126.10000","4.20335","3,313.92090","0.02002","0.01230","85.89916"
"126.20000","4.20672","3,315.91528","0.02001","0.01232","85.95086"
"126.30000","4.20993","3,317.39868","0.02003","0.01231","85.98930"
"126.40000","4.21337","3,319.52710","0.02001","0.01225","86.04448"
"126.50000","4.21673","3,321.04492","0.02006","0.01225","86.08382"
"126.60000","4.22002","3,321.71802","0.02007","0.01218","86.10126"
"126.70000","4.22323","3,323.62793","0.02008","0.01204","86.15077"
"126.80000","4.22659","3,325.08569","0.02011","0.01207","86.18856"
"126.90000","4.22996","3,327.25537","0.02008","0.01242","86.24480"
"127.00000","4.23317","3,328.61890","0.02014","0.01202","86.28014"
"127.10000","4.23668","3,330.41064","0.02014","0.01206","86.32658"
"127.20000","4.24005","3,332.05835","0.02012","0.01194","86.36929"
"127.30000","4.24326","3,333.35181","0.02018","0.01234","86.40282"
"127.40000","4.24662","3,335.10376","0.02018","0.01244","86.44823"
"127.50000","4.24999","3,336.57275","0.02018","0.01229","86.48631"
"127.60000","4.25320","3,337.80835","0.02013","0.01225","86.51834"
"127.70000","4.25664","3,339.98120","0.02018","0.01236","86.57466"
"127.80000","4.26008","3,341.57690","0.02022","0.01234","86.61602"
"127.90000","4.26329","3,343.28833","0.02020","0.01226","86.66039"
"128.00000","4.26658","3,344.37109","0.02022","0.01243","86.68845"
"128.10000","4.27002","3,346.41040","0.02024","0.01266","86.74131"
"128.20000","4.27331","3,348.09277","0.02025","0.01259","86.78492"
"128.30000","4.27659","3,348.60352","0.02038","0.01280","86.79816"
"128.40000","4.28003","3,350.99292","0.02041","0.01258","86.86009"
"128.50000","4.28340","3,352.75269","0.02042","0.01261","86.90571"
"128.60000","4.28661","3,354.07935","0.02041","0.01253","86.94009"
"128.70000","4.29005","3,355.90552","0.02041","0.01253","86.98743"
"128.80000","4.29341","3,357.53833","0.02045","0.01244","87.02975"
"128.90000","4.29655","3,358.44482","0.02044","0.01255","87.05325"
"129.00000","4.29991","3,360.95508","0.02044","0.01249","87.11832"
"129.10000","4.30335","3,362.39673","0.02047","0.01228","87.15569"
"129.20000","4.30664","3,363.87085","0.02046","0.01231","87.19390"
"129.30000","4.31000","3,365.74390","0.02047","0.01223","87.24245"
"129.40000","4.31344","3,367.07690","0.02046","0.01231","87.27700"
"129.50000","4.31658","3,369.55225","0.02048","0.01221","87.34116"
"129.60000","4.31987","3,370.50488","0.02050","0.01211","87.36586"
"129.70000","4.32331","3,372.39697","0.02055","0.01223","87.41490"
"129.80000","4.32667","3,373.56787","0.02053","0.01212","87.44525"
"129.90000","4.32996","3,375.45605","0.02049","0.01211","87.49419"
"130.00000","4.33332","3,376.44067","0.02053","0.01217","87.51971"
"130.10000","4.33676","3,378.75562","0.02055","0.01225","87.57972"
"130.20000","4.33990","3,379.25732","0.02055","0.01202","87.59273"
"130.30000","4.34326","3,381.33789","0.02056","0.01219","87.64666"
"130.40000","4.34670","3,383.41626","0.02057","0.01260","87.70053"
"130.50000","4.34991","3,385.34668","0.02058","0.01225","87.75056"
"130.60000","4.35335","3,386.28711","0.02059","0.01223","87.77494"
"130.70000","4.35679","3,388.11157","0.02059","0.01225","87.82224"
"130.80000","4.35993","3,389.45435","0.02063","0.01226","87.85704"
"130.90000","4.36336","3,391.11450","0.02064","0.01256","87.90007"
"131.00000","4.36665","3,392.62939","0.02065","0.01243","87.93934"
"131.10000","4.37002","3,393.81201","0.02065","0.01293","87.96999"
"131.20000","4.37323","3,395.50488","0.02081","0.01280","88.01388"
"131.30000","4.37667","3,397.74927","0.02083","0.01294","88.07205"
"131.40000","4.38011","3,399.43628","0.02085","0.01295","88.11578"
"131.50000","4.38324","3,399.76733","0.02085","0.01268","88.12436"
"131.60000","4.38661","3,402.38110","0.02088","0.01290","88.19211"
"131.70000","4.39005","3,403.45581","0.02089","0.01271","88.21997"
"131.80000","4.39311","3,404.98804","0.02087","0.01269","88.25968"
"131.90000","4.39662","3,407.57031","0.02093","0.01275","88.32662"
"132.00000","4.40013","3,408.30566","0.02089","0.01265","88.34568"
"132.10000","4.40327","3,410.20557","0.02089","0.01261","88.39493"
"132.20000","4.40671","3,411.66113","0.02091","0.01261","88.43266"
"132.30000","4.41000","3,413.84033","0.02091","0.01267","88.48914"
"132.40000","4.41329","3,415.31812","0.02093","0.01259","88.52745"
"132.50000","4.41658","3,416.31323","0.02092","0.01243","88.55325"
"132.60000","4.42001","3,418.19385","0.02090","0.01235","88.60199"
"132.70000","4.42338","3,420.64209","0.02089","0.01238","88.66545"
"132.80000","4.42659","3,422.24731","0.02095","0.01231","88.70705"
"132.90000","4.43003","3,423.40210","0.02095","0.01235","88.73699"
"133.00000","4.43347","3,425.33740","0.02097","0.01212","88.78716"
"133.10000","4.43653","3,425.81274","0.02097","0.01209","88.79948"
"133.20000","4.43997","3,428.07349","0.02096","0.01218","88.85808"
"133.30000","4.44341","3,430.22412","0.02098","0.01208","88.91382"
"133.40000","4.44647","3,431.37280","0.02101","0.01243","88.94360"
"133.50000","4.45006","3,433.44702","0.02101","0.01264","88.99736"
"133.60000","4.45342","3,434.63281","0.02104","0.01269","89.02810"
"133.70000","4.45664","3,436.62793","0.02104","0.01261","89.07981"
"133.80000","4.45992","3,438.31641","0.02105","0.01260","89.12358"
"133.90000","4.46321","3,439.87354","0.02107","0.01252","89.16394"
"134.00000","4.46665","3,441.04956","0.02118","0.01277","89.19443"
"134.10000","4.46986","3,442.69189","0.02128","0.01284","89.23699"
"134.20000","4.47338","3,444.59351","0.02122","0.01291","89.28629"
"134.30000","4.47674","3,445.99414","0.02128","0.01301","89.32259"
"134.40000","4.47988","3,446.67725","0.02127","0.01305","89.34030"
"134.50000","4.48339","3,449.43506","0.02129","0.01303","89.41178"
"134.60000","4.48675","3,451.11377","0.02127","0.01308","89.45530"
"134.70000","4.48989","3,452.57104","0.02133","0.01304","89.49307"
"134.80000","4.49341","3,454.27026","0.02132","0.01291","89.53712"
"134.90000","4.49669","3,455.41992","0.02132","0.01298","89.56692"
"135.00000","4.49998","3,457.69775","0.02134","0.01287","89.62596"
"135.10000","4.50335","3,458.29346","0.02132","0.01291","89.64140"
"135.20000","4.50671","3,459.50684","0.02136","0.01289","89.67285"
"135.30000","4.51000","3,462.05225","0.02135","0.01282","89.73883"
"135.40000","4.51321","3,463.78320","0.02138","0.01277","89.78370"
"135.50000","4.51665","3,464.89917","0.02137","0.01267","89.81262"
"135.60000","4.52001","3,466.58301","0.02138","0.01276","89.85627"
"135.70000","4.52323","3,467.82690","0.02135","0.01267","89.88851"
"135.80000","4.52674","3,469.97827","0.02138","0.01258","89.94427"
"135.90000","4.53010","3,471.29175","0.02136","0.01249","89.97832"
"136.00000","4.53324","3,472.64941","0.02136","0.01260","90.01351"
"136.10000","4.53668","3,474.80884","0.02136","0.01261","90.06949"
"136.20000","4.53997","3,475.94629","0.02139","0.01258","90.09898"
"136.30000","4.54326","3,477.62476","0.02140","0.01282","90.14248"
"136.40000","4.54669","3,478.97827","0.02143","0.01266","90.17757"
"136.50000","4.55013","3,481.62280","0.02146","0.01280","90.24611"
"136.60000","4.55335","3,482.34204","0.02144","0.01305","90.26476"
"136.70000","4.55656","3,484.28662","0.02147","0.01306","90.31516"
"136.80000","4.56000","3,485.88867","0.02150","0.01289","90.35669"
"136.90000","4.56336","3,487.94653","0.02148","0.01302","90.41003"
"137.00000","4.56657","3,488.56348","0.02162","0.01310","90.42602"
"137.10000","4.57009","3,490.66919","0.02167","0.01314","90.48060"
"137.20000","4.57345","3,493.17407","0.02168","0.01335","90.54553"
"137.30000","4.57666","3,493.35962","0.02169","0.01336","90.55034"
"137.40000","4.58003","3,495.12549","0.02168","0.01336","90.59611"
"137.50000","4.58331","3,496.41895","0.02169","0.01345","90.62964"
"137.60000","4.58660","3,498.33545","0.02172","0.01331","90.67931"
"137.70000","4.58997","3,500.24780","0.02172","0.01331","90.72888"
"137.80000","4.59340","3,501.62207","0.02174","0.01342","90.76450"
"137.90000","4.59662","3,503.35986","0.02171","0.01336","90.80956"
"138.00000","4.59998","3,505.54761","0.02177","0.01337","90.86626"
"138.10000","4.60334","3,506.16846","0.02178","0.01333","90.88235"
"138.20000","4.60663","3,507.92700","0.02174","0.01334","90.92793"
"138.30000","4.60985","3,509.60352","0.02177","0.01334","90.97139"
"138.40000","4.61336","3,511.77783","0.02177","0.01331","91.02775"
"138.50000","4.61672","3,513.46289","0.02176","0.01319","91.07143"
"138.60000","4.62001","3,514.95508","0.02177","0.01314","91.11011"
"138.70000","4.62337","3,516.43945","0.02177","0.01312","91.14858"
"138.80000","4.62674","3,516.95312","0.02177","0.01328","91.16190"
"138.90000","4.62988","3,518.70215","0.02179","0.01314","91.20724"
"139.00000","4.63331","3,521.53516","0.02180","0.01291","91.28067"
"139.10000","4.63675","3,522.20801","0.02182","0.01312","91.29811"
"139.20000","4.63997","3,524.15552","0.02182","0.01304","91.34859"
"139.30000","4.64333","3,525.80688","0.02183","0.01308","91.39140"
"139.40000","4.64684","3,527.39331","0.02186","0.01338","91.43252"
"139.50000","4.64991","3,529.44238","0.02188","0.01332","91.48563"
"139.60000","4.65327","3,530.50415","0.02188","0.01332","91.51315"
"139.70000","4.65663","3,532.18799","0.02189","0.01377","91.55680"
"139.80000","4.66007","3,534.00903","0.02190","0.01361","91.60400"
"139.90000","4.66328","3,534.83032","0.02203","0.01363","91.62529"
"140.00000","4.66665","3,537.06616","0.02210","0.01371","91.68324"
"140.10000","4.67016","3,538.37378","0.02206","0.01344","91.71714"
"140.20000","4.67322","3,539.60400","0.02210","0.01359","91.74902"
"140.30000","4.67659","3,541.41553","0.02210","0.01362","91.79598"
"140.40000","4.68002","3,542.72949","0.02212","0.01375","91.83004"
"140.50000","4.68316","3,544.20239","0.02213","0.01370","91.86822"
"140.60000","4.68660","3,545.84229","0.02215","0.01383","91.91073"
"140.70000","4.69011","3,547.87451","0.02214","0.01355","91.96340"
"140.80000","4.69325","3,549.54517","0.02216","0.01362","92.00671"
"140.90000","4.69669","3,550.52344","0.02217","0.01362","92.03207"
"141.00000","4.69998","3,551.69922","0.02216","0.01350","92.06254"
"141.10000","4.70327","3,553.78760","0.02222","0.01349","92.11668"
"141.20000","4.70656","3,555.24951","0.02218","0.01349","92.15457"
"141.30000","4.70999","3,556.91992","0.02217","0.01354","92.19787"
"141.40000","4.71343","3,559.05396","0.02219","0.01339","92.25318"
"141.50000","4.71657","3,559.44824","0.02221","0.01344","92.26340"
"141.60000","4.72001","3,561.93335","0.02219","0.01342","92.32782"
"141.70000","4.72345","3,563.68604","0.02223","0.01339","92.37325"
"141.80000","4.72651","3,564.58838","0.02223","0.01346","92.39664"
"141.90000","4.73002","3,566.25610","0.02222","0.01325","92.43987"
"142.00000","4.73339","3,568.08130","0.02222","0.01337","92.48717"
"142.10000","4.73660","3,569.57983","0.02221","0.01315","92.52602"
"142.20000","4.74004","3,571.11890","0.02225","0.01309","92.56591"
"142.30000","4.74340","3,572.37280","0.02222","0.01327","92.59842"
"142.40000","4.74661","3,573.99316","0.02227","0.01339","92.64042"
"142.50000","4.74990","3,575.70117","0.02228","0.01353","92.68469"
"142.60000","4.75327","3,577.37646","0.02230","0.01327","92.72811"
"142.70000","4.75663","3,578.49683","0.02230","0.01345","92.75716"
"142.80000","4.75984","3,580.66748","0.02233","0.01339","92.81342"
"142.90000","4.76336","3,582.23096","0.02246","0.01378","92.85394"
"143.00000","4.76679","3,584.24585","0.02247","0.01343","92.90617"
"143.10000","4.76986","3,584.26880","0.02249","0.01359","92.90677"
"143.20000","4.77337","3,587.24438","0.02252","0.01354","92.98389"
"143.30000","4.77666","3,588.22949","0.02252","0.01345","93.00943"
"143.40000","4.77987","3,590.11255","0.02251","0.01392","93.05824"
"143.50000","4.78339","3,591.71362","0.02253","0.01397","93.09975"
"143.60000","4.78675","3,593.64258","0.02255","0.01393","93.14974"
"143.70000","4.79004","3,594.99072","0.02255","0.01391","93.18468"
"143.80000","4.79333","3,596.07422","0.02256","0.01395","93.21278"
"143.90000","4.79661","3,597.63086","0.02258","0.01391","93.25312"
"144.00000","4.79998","3,599.77588","0.02255","0.01389","93.30872"
"144.10000","4.80319","3,600.77686","0.02255","0.01370","93.33467"
"144.20000","4.80663","3,602.22388","0.02258","0.01371","93.37218"
"144.30000","4.81014","3,603.67261","0.02256","0.01377","93.40973"
"144.40000","4.81328","3,605.68042","0.02256","0.01378","93.46177"
"144.50000","4.81672","3,607.77930","0.02266","0.01373","93.51617"
"144.60000","4.82001","3,608.46265","0.02262","0.01378","93.53389"
"144.70000","4.82322","3,609.48730","0.02264","0.01376","93.56045"
"144.80000","4.82666","3,611.19800","0.02264","0.01375","93.60479"
"144.90000","4.82995","3,613.49878","0.02262","0.01368","93.66443"
"145.00000","4.83331","3,614.91040","0.02265","0.01368","93.70102"
"145.10000","4.83667","3,616.36353","0.02266","0.01360","93.73869"
"145.20000","4.84004","3,618.20801","0.02265","0.01349","93.78650"
"145.30000","4.84332","3,619.92798","0.02263","0.01351","93.83108"
"145.40000","4.84654","3,620.75073","0.02269","0.01365","93.85241"
"145.50000","4.84998","3,622.67236","0.02270","0.01350","93.90221"
"145.60000","4.85334","3,623.98022","0.02270","0.01364","93.93612"
"145.70000","4.85655","3,624.65649","0.02278","0.01364","93.95364"
"145.80000","4.86007","3,627.20825","0.02285","0.01387","94.01979"
"145.90000","4.86343","3,629.69263","0.02287","0.01421","94.08418"
"146.00000","4.86657","3,630.20703","0.02286","0.01371","94.09752"
"146.10000","4.87001","3,632.30518","0.02290","0.01379","94.15191"
"146.20000","4.87329","3,633.23511","0.02290","0.01383","94.17601"
"146.30000","4.87666","3,635.42261","0.02291","0.01360","94.23271"
"146.40000","4.87995","3,636.99731","0.02292","0.01409","94.27353"
"146.50000","4.88338","3,638.49951","0.02292","0.01419","94.31247"
"146.60000","4.88667","3,640.14624","0.02294","0.01419","94.35515"
"146.70000","4.88989","3,640.84692","0.02296","0.01416","94.37331"
"146.80000","4.89332","3,642.43872","0.02296","0.01407","94.41457"
"146.90000","4.89661","3,644.89038","0.02294","0.01413","94.47812"
"147.00000","4.89983","3,645.91675","0.02298","0.01395","94.50473"
"147.10000","4.90341","3,647.58228","0.02295","0.01398","94.54790"
"147.20000","4.90678","3,650.32593","0.02297","0.01391","94.61902"
"147.30000","4.90991","3,650.17065","0.02297","0.01399","94.61499"
"147.40000","4.91335","3,651.97583","0.02298","0.01396","94.66178"
"147.50000","4.91672","3,653.48047","0.02300","0.01394","94.70078"
"147.60000","4.91986","3,656.04712","0.02300","0.01387","94.76731"
"147.70000","4.92329","3,657.01904","0.02303","0.01386","94.79250"
"147.80000","4.92673","3,657.92261","0.02304","0.01385","94.81593"
"147.90000","4.93002","3,659.57422","0.02305","0.01394","94.85873"
"148.00000","4.93331","3,661.28711","0.02305","0.01380","94.90314"
"148.10000","4.93675","3,663.66382","0.02306","0.01380","94.96474"
"148.20000","4.93996","3,664.59033","0.02308","0.01382","94.98876"
"148.30000","4.94317","3,665.84888","0.02311","0.01373","95.02139"
"148.40000","4.94661","3,668.12354","0.02312","0.01361","95.08035"
"148.50000","4.94997","3,669.37451","0.02309","0.01366","95.11277"
"148.60000","4.95326","3,670.72144","0.02310","0.01355","95.14768"
"148.70000","4.95670","3,671.71851","0.02327","0.01364","95.17352"
"148.80000","4.96014","3,674.26416","0.02328","0.01370","95.23951"
"148.90000","4.96328","3,675.14160","0.02327","0.01413","95.26225"
"149.00000","4.96664","3,675.87354","0.02330","0.01407","95.28123"
"149.10000","4.97000","3,677.76929","0.02329","0.01374","95.33037"
"149.20000","4.97322","3,679.59033","0.02332","0.01404","95.37757"
"149.30000","4.97666","3,681.31372","0.02333","0.01377","95.42224"
"149.40000","4.98009","3,683.52075","0.02334","0.01423","95.47945"
"149.50000","4.98331","3,683.96606","0.02334","0.01435","95.49099"
"149.60000","4.98659","3,685.76611","0.02335","0.01437","95.53765"
"149.70000","4.99003","3,687.50684","0.02335","0.01448","95.58277"
"149.80000","4.99332","3,688.76611","0.02334","0.01432","95.61541"
"149.90000","4.99661","3,690.46118","0.02335","0.01442","95.65935"
"150.00000","4.99997","3,691.85181","0.02337","0.01448","95.69540"
"150.10000","5.00348","3,694.07861","0.02342","0.01443","95.75311"
"150.20000","5.00662","3,695.02417","0.02336","0.01425","95.77763"
"150.30000","5.00999","3,696.51953","0.02339","0.01428","95.81638"
"150.40000","5.01343","3,698.30029","0.02340","0.01419","95.86254"
"150.50000","5.01649","3,699.47852","0.02343","0.01416","95.89308"
"150.60000","5.02000","3,700.75562","0.02343","0.01417","95.92619"
"150.70000","5.02344","3,703.62256","0.02345","0.01431","96.00050"
"150.80000","5.02658","3,704.50244","0.02347","0.01421","96.02331"
"150.90000","5.03002","3,705.13770","0.02344","0.01432","96.03977"
"151.00000","5.03338","3,707.08618","0.02349","0.01424","96.09028"
"151.10000","5.03667","3,708.63013","0.02350","0.01420","96.13030"
"151.20000","5.03988","3,710.15894","0.02350","0.01425","96.16993"
"151.30000","5.04332","3,711.16846","0.02354","0.01438","96.19610"
"151.40000","5.04676","3,712.76392","0.02354","0.01419","96.23745"
"151.50000","5.04990","3,713.59839","0.02355","0.01432","96.25908"
"151.60000","5.05333","3,714.87598","0.02361","0.01422","96.29220"
"151.70000","5.05677","3,717.52417","0.02361","0.01407","96.36084"
"151.80000","5.05984","3,717.98828","0.02359","0.01420","96.37287"
"151.90000","5.06327","3,719.23413","0.02361","0.01412","96.40517"
"152.00000","5.06671","3,720.95923","0.02364","0.01446","96.44988"
"152.10000","5.06993","3,721.58691","0.02362","0.01455","96.46615"
"152.20000","5.07336","3,721.03711","0.02360","0.01438","96.45190"
"152.28200","5.07620","3,462.00024","0.02359","0.01455","89.73748"
"152.28600","5.07635","3,137.10498","0.02359","0.01455","81.31597"
"152.29000","5.07650","2,749.22705","0.02359","0.01455","71.26190"
"152.29400","5.07673","2,336.56445","0.02359","0.01455","60.56540"
"152.29600","5.07680","2,130.75659","0.02359","0.01455","55.23071"
