Modulus (Segment 0.001 mm/mm - 0.008 mm/mm) : Modulus (Segment 0.001 mm/mm - 0.008 mm/mm),"112,382.23",MPa,,,
Poisson's ratio (Least squares fit) : Poisson's ratio (Least squares fit),0.49593,,,,
Specimen properties : Gauge length,15.47,mm,,,
Specimen properties : Gauge length transverse,5.059,mm,,,
Specimen properties : Thickness,1.26,mm,,,
Specimen properties : Width,15.1,mm,,,
,,,,,
Time,Extension,Load,Video axial strain,Video transverse strain,Calculated Stress
(s),(mm),(N),(mm/mm),(mm/mm),(MPa)
0,0.01181,30.2981,-0.00006,-0.00007,1.59246
0.1,0.01263,32.20872,-0.00002,-0.00006,1.69288
0.2,0.01682,59.85641,0.00003,0.00009,3.14603
0.3,0.02152,111.63382,0.00017,0.00016,5.86743
0.4,0.02504,144.97957,0.00028,0.00022,7.62008
0.5,0.02855,178.41347,0.00016,0.00017,9.37735
0.6,0.03199,210.70717,0.00018,0.00026,11.07470
0.7,0.0352,241.90428,0.00019,0.00032,12.71441
0.8,0.03856,274.38156,0.00026,-0.00005,14.42140
0.9,0.04193,305.12393,0.0003,0.00001,16.03721
1,0.04514,336.31644,0.00015,-0.00007,17.67668
1.1,0.0485,367.06076,0.00011,-0.00006,19.29259
1.2,0.05194,399.87912,0.00017,0.00003,21.01751
1.3,0.05523,431.13284,0.00013,0.00009,22.66019
1.4,0.05852,461.6618,0.00011,0.0001,24.26479
1.5,0.06196,493.8577,0.00017,0.00014,25.95699
1.6,0.06525,526.29358,0.00013,0.00012,27.66181
1.7,0.06846,554.79315,0.00018,0.00014,29.15974
1.8,0.07182,585.0838,0.00017,0.00048,30.75180
1.9,0.07519,615.60327,0.00017,0.00059,32.35590
2,0.07847,646.74774,0.0002,0.00071,33.99284
2.1,0.08191,678.77209,0.00023,0.00081,35.67603
2.2,0.08535,709.95459,0.00025,0.00082,37.31497
2.3,0.08849,739.61188,0.00024,0.00066,38.87374
2.4,0.09185,769.37354,0.00027,0.00044,40.43801
2.5,0.09521,800.09985,0.00027,0.00045,42.05297
2.6,0.0985,831.19043,0.00027,0.00042,43.68708
2.7,0.10187,859.04968,0.00032,0.00039,45.15136
2.8,0.1053,891.23907,0.00029,0.00045,46.84322
2.9,0.10859,922.62903,0.00029,0.00057,48.49306
3,0.11188,951.20331,0.00033,0.00066,49.99492
3.1,0.11517,981.33301,0.00036,0.00036,51.57853
3.2,0.11853,"1,010.51",0.00035,0.00072,53.11183
3.3,0.12175,"1,041.44",0.00038,0.00014,54.73790
3.4,0.12518,"1,072.76",0.00042,0.00021,56.38373
3.5,0.1287,"1,102.89",0.00043,0.00027,57.96731
3.6,0.13176,"1,130.65",0.00042,0.00029,59.42682
3.7,0.1352,"1,160.85",0.00044,0.00036,61.01379
3.8,0.13856,"1,190.99",0.00046,0.0004,62.59792
3.9,0.14178,"1,220.43",0.00048,0.00045,64.14519
4,0.14514,"1,248.14",0.00046,0.00001,65.60155
4.1,0.14858,"1,279.42",0.00049,0.00009,67.24583
4.2,0.15194,"1,310.22",0.00051,0.00014,68.86478
4.3,0.15523,"1,338.37",0.0005,0.00022,70.34415
4.4,0.15859,"1,369.58",0.00053,0.00018,71.98489
4.5,0.16195,"1,397.27",0.00056,0.00018,73.44004
4.6,0.16509,"1,425.85",0.00054,0.00024,74.94212
4.7,0.16846,"1,454.87",0.00056,0.00029,76.46725
4.8,0.17197,"1,485.80",0.00056,0.0005,78.09309
4.9,0.17511,"1,514.42",0.00065,0.0006,79.59736
5,0.17855,"1,543.66",0.00056,0.00075,81.13433
5.1,0.18206,"1,574.35",0.00054,0.0008,82.74735
5.2,0.18512,"1,602.70",0.00059,0.00083,84.23749
5.3,0.18856,"1,631.62",0.0007,0.00097,85.75741
5.4,0.19185,"1,660.73",0.00065,0.00098,87.28738
5.5,0.19521,"1,690.31",0.00067,0.00102,88.84189
5.6,0.1985,"1,719.50",0.00069,0.00062,90.37618
5.7,0.20194,"1,749.07",0.00069,0.00062,91.93058
5.8,0.2053,"1,779.02",0.00069,0.00067,93.50451
5.9,0.20844,"1,805.39",0.00071,0.00066,94.89053
6,0.2118,"1,835.40",0.00069,0.0004,96.46780
6.1,0.21524,"1,866.05",0.0008,0.00084,98.07886
6.2,0.21838,"1,893.73",0.00086,0.00019,99.53371
6.3,0.22189,"1,923.83",0.00083,0.00039,101.11592
6.4,0.22533,"1,955.97",0.00084,0.00053,102.80500
6.5,0.22847,"1,983.21",0.00086,0.00053,104.23709
6.6,0.23191,"2,011.82",0.00085,0.00065,105.74081
6.7,0.2352,"2,040.99",0.00096,0.00067,107.27384
6.8,0.23849,"2,069.81",0.00101,0.00067,108.78875
6.9,0.24185,"2,098.96",0.00105,0.00075,110.32046
7,0.24521,"2,128.94",0.00108,0.00073,111.89651
7.1,0.24865,"2,159.53",0.00109,0.0004,113.50407
7.2,0.25179,"2,186.60",0.00119,0.00046,114.92670
7.3,0.25523,"2,216.83",0.00122,0.00057,116.51601
7.4,0.25866,"2,247.28",0.00114,0.00049,118.11648
7.5,0.26173,"2,273.86",0.00118,0.00056,119.51308
7.6,0.26524,"2,303.34",0.00107,0.00054,121.06270
7.7,0.2686,"2,334.21",0.00113,0.00056,122.68520
7.8,0.27174,"2,361.57",0.00109,0.00067,124.12321
7.9,0.27533,"2,390.71",0.0011,0.00086,125.65480
8,0.27854,"2,420.70",0.00128,0.00111,127.23114
8.1,0.28183,"2,448.55",0.00118,0.00119,128.69498
8.2,0.28512,"2,477.39",0.00111,0.00118,130.21091
8.3,0.28848,"2,506.90",0.00114,0.00125,131.76181
8.4,0.29185,"2,537.45",0.00113,0.00131,133.36729
8.5,0.29514,"2,564.54",0.00114,0.00078,134.79137
8.6,0.29857,"2,594.86",0.00107,0.00087,136.38493
8.7,0.30194,"2,625.15",0.00116,0.00077,137.97696
8.8,0.305,"2,651.80",0.00106,0.00084,139.37784
8.9,0.30851,"2,681.11",0.00123,0.00085,140.91829
9,0.31188,"2,710.28",0.00115,0.00093,142.45149
9.1,0.31509,"2,739.25",0.00118,0.00101,143.97383
9.2,0.3186,"2,770.36",0.00122,0.00083,145.60901
9.3,0.32197,"2,799.16",0.00111,0.00043,147.12276
9.4,0.32518,"2,826.81",0.00121,0.00053,148.57591
9.5,0.32854,"2,855.02",0.00123,0.00063,150.05904
9.6,0.33183,"2,884.67",0.00128,0.00071,151.61742
9.7,0.33512,"2,913.87",0.0013,0.00074,153.15181
9.8,0.33848,"2,942.10",0.00125,0.00073,154.63596
9.9,0.34192,"2,971.30",0.0013,0.00081,156.17046
10,0.34528,"3,002.19",0.0013,0.00084,157.79382
10.1,0.34842,"3,028.48",0.00134,0.00046,159.17561
10.2,0.35194,"3,057.95",0.00137,0.00051,160.72461
10.3,0.35522,"3,086.64",0.00138,0.00052,162.23283
10.4,0.35836,"3,113.35",0.00133,0.00058,163.63667
10.5,0.36188,"3,144.36",0.00136,0.00059,165.26631
10.6,0.36524,"3,173.20",0.00137,0.00064,166.78206
10.7,0.36853,"3,202.37",0.00139,0.00065,168.31564
10.8,0.37189,"3,229.84",0.00141,0.00071,169.75940
10.9,0.37525,"3,258.65",0.00135,0.0007,171.27368
11,0.37854,"3,288.22",0.00135,0.00085,172.82782
11.1,0.38183,"3,314.87",0.00137,0.00099,174.22826
11.2,0.38519,"3,343.89",0.0014,0.00127,175.75392
11.3,0.38856,"3,374.55",0.00143,0.00131,177.36545
11.4,0.39177,"3,400.52",0.00142,0.00136,178.73022
11.5,0.39528,"3,430.87",0.00142,0.00139,180.32559
11.6,0.39857,"3,459.41",0.00145,0.0011,181.82545
11.7,0.40179,"3,486.36",0.00148,0.00095,183.24213
11.8,0.40522,"3,517.51",0.00153,0.00092,184.87926
11.9,0.40859,"3,546.27",0.00149,0.00093,186.39066
12,0.41188,"3,575.60",0.00153,0.00095,187.93230
12.1,0.41516,"3,603.50",0.00159,0.00098,189.39886
12.2,0.4186,"3,632.84",0.00162,0.00106,190.94073
12.3,0.42189,"3,661.41",0.00162,0.00119,192.44223
12.4,0.42518,"3,688.18",0.00155,0.00132,193.84972
12.5,0.42854,"3,717.55",0.00158,0.00126,195.39290
12.6,0.43183,"3,745.59",0.00153,0.00077,196.86707
12.7,0.43504,"3,772.76",0.00161,0.00086,198.29498
12.8,0.43856,"3,805.65",0.00158,0.00089,200.02386
12.9,0.44192,"3,833.50",0.00161,0.00095,201.48770
13,0.44513,"3,859.68",0.00164,0.0009,202.86349
13.1,0.4485,"3,889.74",0.00161,0.00096,204.44348
13.2,0.45186,"3,916.82",0.00167,0.00076,205.86685
13.3,0.45507,"3,944.97",0.00169,0.00066,207.34608
13.4,0.45851,"3,974.21",0.0017,0.00066,208.88316
13.5,0.46195,"4,003.25",0.00167,0.00077,210.40953
13.6,0.46524,"4,032.77",0.00167,0.00079,211.96080
13.7,0.46853,"4,060.70",0.00169,0.00081,213.42918
13.8,0.47196,"4,090.29",0.00177,0.00081,214.98404
13.9,0.4751,"4,116.53",0.00175,0.00083,216.36328
14,0.47839,"4,145.27",0.00176,0.0009,217.87408
14.1,0.4819,"4,175.52",0.00173,0.00094,219.46375
14.2,0.48527,"4,205.00",0.00166,0.00131,221.01347
14.3,0.48848,"4,231.63",0.00174,0.00139,222.41309
14.4,0.49192,"4,259.90",0.00176,0.0014,223.89862
14.5,0.49528,"4,289.37",0.00179,0.00145,225.44759
14.6,0.49842,"4,316.85",0.00185,0.00137,226.89192
14.7,0.50186,"4,345.73",0.00178,0.00128,228.41006
14.8,0.5053,"4,374.42",0.00176,0.00108,229.91808
14.9,0.50844,"4,403.61",0.00184,0.00105,231.45219
15,0.51187,"4,432.68",0.0019,0.0011,232.98015
15.1,0.51531,"4,462.56",0.00187,0.00107,234.55046
15.2,0.51845,"4,489.51",0.00191,0.00118,235.96712
15.3,0.52181,"4,516.14",0.0019,0.0012,237.36687
15.4,0.52518,"4,546.23",0.0019,0.00124,238.94838
15.5,0.52854,"4,575.61",0.00193,0.0015,240.49236
15.6,0.53183,"4,602.54",0.00194,0.00152,241.90768
15.7,0.53519,"4,632.48",0.00196,0.00114,243.48145
15.8,0.5387,"4,662.04",0.00195,0.00094,245.03499
15.9,0.54177,"4,689.81",0.00197,0.00106,246.49498
16,0.54521,"4,718.41",0.00203,0.00107,247.99825
16.1,0.54864,"4,747.19",0.00199,0.00109,249.51079
16.2,0.55171,"4,772.92",0.00199,0.00118,250.86279
16.3,0.55522,"4,802.67",0.00206,0.00103,252.42685
16.4,0.55866,"4,832.72",0.00203,0.00083,254.00594
16.5,0.5618,"4,860.72",0.00204,0.00083,255.47795
16.6,0.56531,"4,887.81",0.00204,0.00091,256.90179
16.7,0.56852,"4,916.17",0.00208,0.00089,258.39200
16.8,0.57181,"4,945.42",0.00207,0.00102,259.92932
16.9,0.5751,"4,972.97",0.00209,0.00099,261.37762
17,0.57846,"5,001.99",0.00207,0.00099,262.90298
17.1,0.58198,"5,032.15",0.00207,0.00104,264.48813
17.2,0.58512,"5,059.35",0.00214,0.00134,265.91766
17.3,0.58855,"5,088.28",0.00212,0.00144,267.43802
17.4,0.59192,"5,117.33",0.00216,0.00156,268.96530
17.5,0.59498,"5,141.85",0.00212,0.00153,270.25406
17.6,0.59849,"5,170.86",0.00208,0.00165,271.77856
17.7,0.60186,"5,200.31",0.00218,0.00169,273.32666
17.8,0.60514,"5,228.94",0.00216,0.00175,274.83148
17.9,0.60858,"5,257.97",0.00232,0.00117,276.35715
18,0.61195,"5,286.96",0.0023,0.0012,277.88086
18.1,0.61523,"5,315.16",0.00222,0.00129,279.36301
18.2,0.61852,"5,341.81",0.00222,0.00127,280.76352
18.3,0.62181,"5,369.97",0.00224,0.00127,282.24368
18.4,0.62517,"5,398.91",0.00227,0.00137,283.76489
18.5,0.62839,"5,426.21",0.00233,0.00144,285.19946
18.6,0.6319,"5,456.38",0.00233,0.00143,286.78522
18.7,0.63534,"5,485.40",0.00235,0.00152,288.31067
18.8,0.6384,"5,511.73",0.00237,0.00154,289.69446
18.9,0.64184,"5,538.91",0.00247,0.0012,291.12302
19,0.6452,"5,567.94",0.0025,0.00128,292.64896
19.1,0.64842,"5,595.84",0.00251,0.00139,294.11517
19.2,0.65193,"5,624.82",0.00247,0.00139,295.63873
19.3,0.65522,"5,652.23",0.00252,0.00127,297.07910
19.4,0.65858,"5,681.44",0.00246,0.0015,298.61447
19.5,0.66187,"5,709.68",0.00252,0.00112,300.09863
19.6,0.66516,"5,737.89",0.00249,0.00124,301.58151
19.7,0.66852,"5,766.49",0.00241,0.00101,303.08459
19.8,0.67174,"5,791.62",0.00247,0.00101,304.40536
19.9,0.67525,"5,823.08",0.00248,0.00109,306.05920
20,0.67861,"5,853.15",0.00246,0.00116,307.63934
20.1,0.68182,"5,878.47",0.00249,0.00128,308.97012
20.2,0.68526,"5,907.46",0.0025,0.00133,310.49387
20.3,0.68863,"5,935.76",0.00251,0.0013,311.98129
20.4,0.69176,"5,963.38",0.00255,0.00127,313.43341
20.5,0.6952,"5,992.20",0.00258,0.00168,314.94791
20.6,0.69857,"6,019.78",0.00258,0.00194,316.39743
20.7,0.70185,"6,048.81",0.00257,0.0019,317.92361
20.8,0.70522,"6,078.30",0.00261,0.00183,319.47318
20.9,0.70858,"6,106.60",0.00262,0.00188,320.96088
21,0.71187,"6,135.39",0.00269,0.00137,322.47388
21.1,0.71508,"6,159.58",0.00272,0.00147,323.74545
21.2,0.71852,"6,188.69",0.00269,0.00158,325.27557
21.3,0.72188,"6,218.32",0.00273,0.00141,326.83289
21.4,0.7251,"6,244.15",0.00275,0.00155,328.19031
21.5,0.72861,"6,275.24",0.00275,0.00166,329.82468
21.6,0.73197,"6,303.23",0.00281,0.00132,331.29535
21.7,0.73511,"6,330.03",0.00278,0.0011,332.70441
21.8,0.73855,"6,359.03",0.00281,0.00119,334.22821
21.9,0.74184,"6,385.56",0.00284,0.00138,335.62305
22,0.74513,"6,413.37",0.00289,0.0014,337.08450
22.1,0.74849,"6,440.64",0.00297,0.00148,338.51804
22.2,0.75193,"6,471.36",0.00297,0.0015,340.13251
22.3,0.75522,"6,499.81",0.00285,0.00134,341.62787
22.4,0.7585,"6,524.65",0.00288,0.00149,342.93320
22.5,0.76194,"6,554.10",0.00287,0.00158,344.48148
22.6,0.76523,"6,582.30",0.00282,0.00163,345.96332
22.7,0.76844,"6,608.91",0.00306,0.00169,347.36197
22.8,0.77196,"6,638.85",0.00299,0.00143,348.93542
22.9,0.77532,"6,667.77",0.00287,0.00133,350.45596
23,0.77853,"6,694.93",0.00293,0.00156,351.88321
23.1,0.7819,"6,723.01",0.00286,0.00159,353.35895
23.2,0.78526,"6,751.44",0.00298,0.0015,354.85361
23.3,0.7884,"6,777.33",0.00309,0.00152,356.21399
23.4,0.79184,"6,805.71",0.00306,0.0017,357.70602
23.5,0.79528,"6,834.84",0.00303,0.00204,359.23676
23.6,0.79849,"6,863.24",0.00299,0.00205,360.72931
23.7,0.80185,"6,890.75",0.00305,0.00207,362.17560
23.8,0.80529,"6,921.40",0.00339,0.0021,363.78659
23.9,0.8085,"6,948.51",0.00339,0.00217,365.21140
24,0.81179,"6,974.46",0.00324,0.00195,366.57541
24.1,0.81523,"7,003.74",0.00316,0.00169,368.11420
24.2,0.81852,"7,030.48",0.00311,0.00169,369.51947
24.3,0.82181,"7,057.19",0.00309,0.0017,370.92334
24.4,0.82524,"7,087.08",0.00319,0.00174,372.49472
24.5,0.82861,"7,115.81",0.00329,0.0016,374.00449
24.6,0.83175,"7,142.07",0.00321,0.00107,375.38495
24.7,0.83518,"7,170.01",0.00326,0.00104,376.85349
24.8,0.83862,"7,198.91",0.00326,0.00118,378.37241
24.9,0.84176,"7,226.39",0.00326,0.0013,379.81674
25,0.84527,"7,255.14",0.00338,0.00144,381.32745
25.1,0.84864,"7,282.78",0.00334,0.00156,382.78058
25.2,0.85185,"7,310.50",0.00339,0.00162,384.23724
25.3,0.85521,"7,336.36",0.00337,0.0017,385.59671
25.4,0.8585,"7,365.77",0.00325,0.00173,387.14249
25.5,0.86179,"7,393.59",0.00326,0.00171,388.60455
25.6,0.86508,"7,418.96",0.00334,0.00177,389.93808
25.7,0.86852,"7,449.24",0.00342,0.00184,391.52936
25.8,0.87196,"7,478.40",0.0033,0.00144,393.06216
25.9,0.87517,"7,504.68",0.00326,0.00143,394.44318
26,0.87853,"7,531.81",0.00329,0.00155,395.86908
26.1,0.8819,"7,560.83",0.00345,0.00156,397.39471
26.2,0.88503,"7,586.31",0.00331,0.00158,398.73386
26.3,0.88855,"7,615.45",0.00335,0.00163,400.26532
26.4,0.89198,"7,643.62",0.00337,0.00165,401.74579
26.5,0.8952,"7,670.77",0.00366,0.00171,403.17294
26.6,0.89864,"7,698.49",0.00353,0.00172,404.63000
26.7,0.90192,"7,727.49",0.00356,0.00207,406.15408
26.8,0.90521,"7,754.81",0.00356,0.00226,407.58990
26.9,0.90843,"7,780.84",0.00357,0.0023,408.95847
27,0.91186,"7,808.89",0.00355,0.00209,410.43262
27.1,0.9153,"7,836.76",0.00359,0.00185,411.89725
27.2,0.91844,"7,863.30",0.00357,0.00182,413.29236
27.3,0.92188,"7,890.55",0.00346,0.0018,414.72449
27.4,0.92532,"7,918.69",0.00346,0.0018,416.20352
27.5,0.92838,"7,945.00",0.0035,0.00175,417.58633
27.6,0.93182,"7,973.01",0.00347,0.00185,419.05865
27.7,0.93526,"8,001.84",0.00353,0.00186,420.57385
27.8,0.93847,"8,027.22",0.00353,0.00153,421.90805
27.9,0.94191,"8,055.73",0.00362,0.00138,423.40616
28,0.94527,"8,083.80",0.00361,0.0014,424.88177
28.1,0.94856,"8,112.33",0.00364,0.00155,426.38104
28.2,0.95185,"8,138.11",0.00361,0.00172,427.73618
28.3,0.95514,"8,164.97",0.00368,0.00178,429.14819
28.4,0.95858,"8,193.41",0.0036,0.00186,430.64276
28.5,0.96171,"8,219.39",0.00353,0.00186,432.00854
28.6,0.96523,"8,248.39",0.00357,0.0019,433.53268
28.7,0.96866,"8,275.93",0.0036,0.00194,434.98026
28.8,0.9718,"8,302.00",0.00351,0.00191,436.35022
28.9,0.97524,"8,331.13",0.00357,0.00156,437.88156
29,0.9786,"8,359.09",0.00351,0.00161,439.35092
29.1,0.98174,"8,385.29",0.00355,0.00165,440.72821
29.2,0.98526,"8,411.96",0.00351,0.00168,442.12967
29.3,0.98854,"8,440.15",0.00355,0.00173,443.61130
29.4,0.99191,"8,467.67",0.0036,0.0018,445.05786
29.5,0.9952,"8,494.24",0.00366,0.0018,446.45435
29.6,0.99856,"8,520.56",0.00376,0.00177,447.83752
29.7,1.00192,"8,550.24",0.00377,0.00198,449.39758
29.8,1.00506,"8,574.68",0.00375,0.00225,450.68216
29.9,1.00857,"8,603.66",0.0038,0.00231,452.20532
30,1.01201,"8,631.13",0.00381,0.00247,453.64905
30.1,1.01508,"8,655.40",0.00386,0.00207,454.92465
30.2,1.01859,"8,684.25",0.00383,0.00187,456.44128
30.3,1.02195,"8,711.92",0.00388,0.0019,457.89551
30.4,1.02509,"8,737.43",0.00391,0.00196,459.23651
30.5,1.02845,"8,764.78",0.00391,0.0019,460.67368
30.6,1.03189,"8,792.02",0.00386,0.00192,462.10547
30.7,1.03518,"8,819.29",0.00382,0.00197,463.53879
30.8,1.03854,"8,846.14",0.00385,0.00198,464.94989
30.9,1.04191,"8,873.71",0.00384,0.002,466.39938
31,1.0452,"8,900.82",0.00389,0.00202,467.82385
31.1,1.04841,"8,926.35",0.00386,0.00216,469.16565
31.2,1.05192,"8,954.88",0.00389,0.00188,470.66534
31.3,1.05521,"8,983.08",0.0039,0.00181,472.14743
31.4,1.05842,"9,006.93",0.00389,0.00184,473.40128
31.5,1.06194,"9,036.50",0.0039,0.00197,474.95554
31.6,1.0653,"9,064.14",0.00392,0.00194,476.40814
31.7,1.06844,"9,089.36",0.00392,0.00198,477.73380
31.8,1.0718,"9,115.54",0.00397,0.00208,479.10959
31.9,1.07516,"9,142.92",0.00393,0.00215,480.54861
32,1.07845,"9,170.16",0.00394,0.00169,481.98035
32.1,1.08182,"9,196.75",0.00402,0.00183,483.37796
32.2,1.08533,"9,224.50",0.00399,0.00183,484.83670
32.3,1.08847,"9,250.87",0.00396,0.0018,486.22250
32.4,1.09183,"9,274.81",0.00398,0.00189,487.48083
32.5,1.09527,"9,304.48",0.00403,0.00187,489.04019
32.6,1.09848,"9,331.15",0.00406,0.00201,490.44226
32.7,1.10177,"9,356.00",0.0041,0.002,491.74829
32.8,1.10521,"9,385.04",0.00406,0.00234,493.27448
32.9,1.10857,"9,412.92",0.00411,0.00242,494.73972
33,1.11186,"9,438.01",0.00412,0.00243,496.05844
33.1,1.1153,"9,465.92",0.00419,0.0025,497.52542
33.2,1.11866,"9,491.38",0.00416,0.0024,498.86392
33.3,1.1218,"9,517.44",0.00415,0.00214,500.23340
33.4,1.12516,"9,544.01",0.00418,0.00202,501.63013
33.5,1.1286,"9,570.95",0.00417,0.00202,503.04578
33.6,1.13182,"9,597.32",0.0042,0.00206,504.43201
33.7,1.13518,"9,622.93",0.00424,0.00203,505.77792
33.8,1.13862,"9,651.79",0.00426,0.00204,507.29495
33.9,1.14183,"9,677.08",0.00418,0.0021,508.62399
34,1.14512,"9,702.52",0.00415,0.00216,509.96103
34.1,1.14848,"9,730.40",0.00419,0.00223,511.42627
34.2,1.15184,"9,756.74",0.00419,0.00236,512.81091
34.3,1.15513,"9,782.32",0.00424,0.00239,514.15515
34.4,1.15857,"9,809.75",0.00427,0.002,515.59692
34.5,1.16201,"9,836.45",0.00424,0.00208,517.00043
34.6,1.16507,"9,860.06",0.0042,0.00209,518.24146
34.7,1.16851,"9,887.32",0.00421,0.00208,519.67401
34.8,1.17187,"9,914.18",0.00424,0.00219,521.08594
34.9,1.17509,"9,939.66",0.00432,0.00215,522.42505
35,1.17853,"9,966.59",0.0044,0.00239,523.84064
35.1,1.18196,"9,992.87",0.00429,0.00237,525.22192
35.2,1.18518,"10,019.34",0.00434,0.00207,526.61328
35.3,1.18854,"10,044.26",0.00425,0.00201,527.92285
35.4,1.19183,"10,071.07",0.00422,0.00194,529.33191
35.5,1.19519,"10,095.58",0.00433,0.00203,530.62018
35.6,1.19841,"10,120.70",0.00442,0.00207,531.94067
35.7,1.20184,"10,148.34",0.00429,0.00203,533.39331
35.8,1.20536,"10,175.42",0.0043,0.0021,534.81671
35.9,1.2085,"10,199.47",0.00438,0.00212,536.08087
36,1.21186,"10,226.55",0.00442,0.00248,537.50397
36.1,1.2153,"10,253.69",0.00444,0.00252,538.93024
36.2,1.21844,"10,279.03",0.00443,0.00262,540.26227
36.3,1.22187,"10,303.59",0.0045,0.00265,541.55304
36.4,1.22524,"10,330.57",0.00445,0.00224,542.97119
36.5,1.22853,"10,356.96",0.00447,0.00214,544.35846
36.6,1.23196,"10,383.69",0.00457,0.00222,545.76306
36.7,1.23525,"10,409.25",0.00456,0.00219,547.10681
36.8,1.23854,"10,434.98",0.00454,0.00219,548.45874
36.9,1.24175,"10,460.09",0.00449,0.00223,549.77869
37,1.24512,"10,486.52",0.0046,0.00225,551.16797
37.1,1.24863,"10,513.64",0.00465,0.0024,552.59338
37.2,1.25177,"10,537.03",0.00459,0.00245,553.82275
37.3,1.25528,"10,563.92",0.0046,0.00242,555.23596
37.4,1.25872,"10,592.12",0.00459,0.00254,556.71826
37.5,1.26178,"10,614.72",0.00461,0.00201,557.90588
37.6,1.26522,"10,641.41",0.00462,0.00223,559.30908
37.7,1.26858,"10,665.64",0.00457,0.00231,560.58221
37.8,1.2718,"10,691.31",0.00456,0.00228,561.93164
37.9,1.27524,"10,717.34",0.00456,0.00248,563.29968
38,1.2786,"10,742.69",0.0046,0.00247,564.63190
38.1,1.28196,"10,769.56",0.00453,0.00251,566.04456
38.2,1.28518,"10,793.18",0.00462,0.00264,567.28564
38.3,1.28846,"10,819.51",0.00466,0.00227,568.66998
38.4,1.2919,"10,848.36",0.00471,0.00235,570.18585
38.5,1.29504,"10,870.27",0.00478,0.00238,571.33789
38.6,1.29855,"10,896.94",0.00467,0.00223,572.73962
38.7,1.30199,"10,923.58",0.00471,0.00225,574.13977
38.8,1.30513,"10,946.99",0.00473,0.00253,575.37006
38.9,1.30857,"10,973.50",0.00482,0.00287,576.76337
39,1.31186,"10,998.17",0.00483,0.00274,578.06000
39.1,1.31507,"11,022.75",0.00481,0.00285,579.35181
39.2,1.31851,"11,050.28",0.00482,0.00291,580.79895
39.3,1.32187,"11,076.04",0.00487,0.00299,582.15277
39.4,1.32523,"11,102.18",0.00483,0.00291,583.52655
39.5,1.32852,"11,125.72",0.005,0.00246,584.76422
39.6,1.33189,"11,152.17",0.00503,0.00245,586.15411
39.7,1.33525,"11,178.74",0.00507,0.00244,587.55060
39.8,1.33846,"11,201.74",0.00483,0.00246,588.75958
39.9,1.3419,"11,227.74",0.00492,0.00248,590.12598
40,1.34526,"11,253.60",0.0049,0.00253,591.48529
40.1,1.34848,"11,277.02",0.00511,0.00181,592.71606
40.2,1.35199,"11,305.11",0.0051,0.00198,594.19281
40.3,1.35535,"11,328.38",0.00513,0.00189,595.41547
40.4,1.35842,"11,351.21",0.00507,0.00205,596.61542
40.5,1.36186,"11,377.75",0.00511,0.00209,598.01074
40.6,1.36522,"11,403.34",0.00513,0.00227,599.35571
40.7,1.36843,"11,427.31",0.00503,0.00244,600.61530
40.8,1.3718,"11,451.74",0.005,0.0025,601.89960
40.9,1.37531,"11,479.07",0.00502,0.00258,603.33618
41,1.37852,"11,504.39",0.00503,0.00263,604.66656
41.1,1.38174,"11,526.78",0.00498,0.00267,605.84357
41.2,1.38525,"11,553.84",0.00508,0.00272,607.26575
41.3,1.38854,"11,579.29",0.00511,0.00273,608.60352
41.4,1.39175,"11,603.12",0.00537,0.00236,609.85620
41.5,1.39526,"11,630.63",0.00513,0.00247,611.30182
41.6,1.39863,"11,656.08",0.00537,0.00236,612.63953
41.7,1.40184,"11,678.53",0.00532,0.00237,613.81940
41.8,1.4052,"11,703.94",0.0054,0.00245,615.15515
41.9,1.40857,"11,728.74",0.00542,0.00248,616.45837
42,1.41171,"11,753.16",0.00541,0.00256,617.74219
42.1,1.41514,"11,776.90",0.00524,0.00282,618.99005
42.2,1.41866,"11,801.97",0.00523,0.00281,620.30750
42.3,1.42187,"11,828.45",0.00533,0.00304,621.69934
42.4,1.42523,"11,851.78",0.00532,0.00284,622.92572
42.5,1.4286,"11,877.92",0.00538,0.00258,624.29950
42.6,1.43181,"11,901.62",0.00531,0.00257,625.54523
42.7,1.4351,"11,924.79",0.00536,0.00252,626.76306
42.8,1.43854,"11,951.27",0.00518,0.00245,628.15479
42.9,1.4419,"11,975.97",0.00525,0.00251,629.45264
43,1.44519,"11,999.42",0.00546,0.00263,630.68524
43.1,1.44855,"12,024.47",0.00543,0.00259,632.00189
43.2,1.45199,"12,049.69",0.00529,0.00241,633.32758
43.3,1.45505,"12,073.45",0.00533,0.00194,634.57635
43.4,1.45849,"12,096.99",0.00536,0.00203,635.81354
43.5,1.46185,"12,120.96",0.00545,0.00212,637.07336
43.6,1.46514,"12,146.68",0.00528,0.00225,638.42517
43.7,1.46858,"12,169.66",0.00532,0.00244,639.63306
43.8,1.47202,"12,196.11",0.00536,0.00256,641.02344
43.9,1.47523,"12,219.49",0.00533,0.0026,642.25208
44,1.47845,"12,241.79",0.00534,0.00261,643.42444
44.1,1.48188,"12,268.93",0.00537,0.00268,644.85089
44.2,1.48525,"12,293.11",0.00547,0.00273,646.12177
44.3,1.48846,"12,316.48",0.00551,0.00285,647.34973
44.4,1.49182,"12,340.84",0.00553,0.00238,648.63037
44.5,1.49534,"12,366.60",0.00555,0.00242,649.98425
44.6,1.49847,"12,389.62",0.00552,0.00247,651.19403
44.7,1.50184,"12,414.70",0.00556,0.00256,652.51208
44.8,1.5052,"12,439.76",0.00552,0.00253,653.82935
44.9,1.50841,"12,463.44",0.00553,0.00258,655.07410
45,1.51185,"12,487.93",0.00554,0.00262,656.36127
45.1,1.51522,"12,514.16",0.00551,0.00269,657.73993
45.2,1.5185,"12,537.56",0.00545,0.00295,658.96997
45.3,1.52187,"12,559.42",0.00543,0.00306,660.11853
45.4,1.52516,"12,584.68",0.0054,0.0028,661.44635
45.5,1.52852,"12,609.30",0.00546,0.00277,662.74023
45.6,1.53173,"12,632.48",0.00544,0.00261,663.95874
45.7,1.53517,"12,657.71",0.00553,0.00263,665.28479
45.8,1.53861,"12,682.16",0.0055,0.00258,666.56989
45.9,1.54175,"12,705.83",0.00555,0.00259,667.81390
46,1.54526,"12,731.23",0.00557,0.00256,669.14923
46.1,1.5487,"12,756.52",0.00557,0.00266,670.47833
46.2,1.55176,"12,777.72",0.00558,0.00266,671.59247
46.3,1.5552,"12,802.32",0.00561,0.00275,672.88538
46.4,1.55856,"12,827.83",0.0056,0.0025,674.22607
46.5,1.56185,"12,850.93",0.0056,0.00239,675.44031
46.6,1.56529,"12,874.73",0.00564,0.00236,676.69128
46.7,1.56858,"12,899.17",0.00563,0.00251,677.97614
46.8,1.57194,"12,923.92",0.00557,0.00267,679.27673
46.9,1.57508,"12,946.72",0.00559,0.00274,680.47522
47,1.57844,"12,969.88",0.00563,0.00276,681.69244
47.1,1.58196,"12,994.48",0.00564,0.00277,682.98547
47.2,1.58509,"13,017.99",0.00576,0.00283,684.22119
47.3,1.58853,"13,042.86",0.00571,0.00289,685.52832
47.4,1.59197,"13,068.52",0.0057,0.00287,686.87695
47.5,1.59503,"13,088.89",0.0057,0.00258,687.94745
47.6,1.59855,"13,113.00",0.00574,0.00256,689.21448
47.7,1.60184,"13,138.62",0.00576,0.00263,690.56134
47.8,1.60512,"13,161.65",0.00574,0.00264,691.77185
47.9,1.60856,"13,185.35",0.00575,0.00269,693.01721
48,1.61185,"13,209.32",0.00574,0.00267,694.27728
48.1,1.61529,"13,234.53",0.00579,0.00283,695.60229
48.2,1.6185,"13,256.63",0.00572,0.0031,696.76416
48.3,1.62187,"13,281.10",0.0057,0.00316,698.04993
48.4,1.62523,"13,304.67",0.00575,0.00324,699.28912
48.5,1.62844,"13,327.36",0.00578,0.00272,700.48132
48.6,1.63195,"13,352.45",0.00582,0.00272,701.80023
48.7,1.63532,"13,377.66",0.00586,0.00268,703.12518
48.8,1.63846,"13,397.89",0.00581,0.00273,704.18842
48.9,1.64189,"13,421.55",0.0058,0.0027,705.43231
49,1.64526,"13,447.05",0.00579,0.0027,706.77228
49.1,1.64847,"13,470.67",0.00583,0.00276,708.01355
49.2,1.65183,"13,493.14",0.00579,0.00276,709.19476
49.3,1.65527,"13,518.03",0.00578,0.00276,710.50275
49.4,1.65856,"13,542.31",0.00582,0.00285,711.77917
49.5,1.66185,"13,565.13",0.00577,0.00283,712.97827
49.6,1.66521,"13,589.37",0.00583,0.00275,714.25275
49.7,1.66858,"13,614.78",0.00579,0.00261,715.58813
49.8,1.67171,"13,634.17",0.0058,0.00276,716.60699
49.9,1.67523,"13,660.08",0.00581,0.00276,717.96936
50,1.67859,"13,684.09",0.00576,0.00287,719.23102
50.1,1.6818,"13,705.57",0.00573,0.00289,720.35992
50.2,1.68524,"13,730.16",0.0059,0.00288,721.65240
50.3,1.68861,"13,754.32",0.0058,0.00298,722.92206
50.4,1.69182,"13,776.32",0.00586,0.00285,724.07849
50.5,1.69518,"13,800.41",0.00591,0.00281,725.34473
50.6,1.69855,"13,823.50",0.00599,0.0028,726.55847
50.7,1.70176,"13,846.85",0.00601,0.00278,727.78589
50.8,1.7052,"13,869.61",0.00596,0.00299,728.98181
50.9,1.70863,"13,895.86",0.00603,0.00275,730.36176
51,1.71192,"13,919.14",0.00603,0.00287,731.58514
51.1,1.71514,"13,939.33",0.00605,0.0032,732.64636
51.2,1.71857,"13,964.13",0.00615,0.00342,733.94971
51.3,1.72186,"13,987.74",0.00618,0.0034,735.19086
51.4,1.72508,"14,008.41",0.00611,0.00345,736.27722
51.5,1.72859,"14,034.84",0.00599,0.00329,737.66614
51.6,1.73188,"14,055.56",0.00608,0.00294,738.75555
51.7,1.73517,"14,078.63",0.00605,0.00293,739.96765
51.8,1.73853,"14,103.64",0.00613,0.00303,741.28259
51.9,1.74189,"14,126.73",0.00608,0.00297,742.49622
52,1.74511,"14,148.54",0.00606,0.00287,743.64246
52.1,1.74847,"14,170.77",0.00604,0.0029,744.81055
52.2,1.75198,"14,195.84",0.00605,0.00302,746.12842
52.3,1.7552,"14,219.94",0.00612,0.00308,747.39490
52.4,1.75848,"14,240.05",0.00614,0.00254,748.45203
52.5,1.76192,"14,263.44",0.00614,0.00247,749.68134
52.6,1.76521,"14,287.79",0.0061,0.00296,750.96124
52.7,1.76842,"14,309.10",0.00616,0.00267,752.08124
52.8,1.77194,"14,334.39",0.00619,0.00274,753.41071
52.9,1.7753,"14,357.30",0.00622,0.00304,754.61469
53,1.77851,"14,378.56",0.00607,0.00306,755.73199
53.1,1.78188,"14,402.08",0.00617,0.00315,756.96851
53.2,1.78532,"14,426.53",0.00628,0.00326,758.25342
53.3,1.78845,"14,447.04",0.00626,0.00318,759.33173
53.4,1.79182,"14,469.10",0.00626,0.00328,760.49084
53.5,1.79518,"14,493.08",0.00624,0.0033,761.75116
53.6,1.79847,"14,516.06",0.00627,0.00301,762.95935
53.7,1.80183,"14,537.49",0.00634,0.00312,764.08545
53.8,1.80527,"14,561.80",0.0064,0.00304,765.36310
53.9,1.80856,"14,583.86",0.00632,0.00308,766.52277
54,1.81177,"14,605.32",0.00635,0.00304,767.65039
54.1,1.81513,"14,629.25",0.00639,0.00313,768.90814
54.2,1.8185,"14,651.34",0.00635,0.00336,770.06964
54.3,1.82171,"14,673.27",0.00652,0.00344,771.22186
54.4,1.82522,"14,697.86",0.00654,0.00359,772.51434
54.5,1.82874,"14,722.01",0.00643,0.00325,773.78369
54.6,1.83188,"14,743.67",0.00633,0.00318,774.92212
54.7,1.83516,"14,765.40",0.00632,0.00311,776.06433
54.8,1.8386,"14,788.49",0.00637,0.00307,777.27808
54.9,1.84174,"14,811.03",0.00636,0.00313,778.46265
55,1.84518,"14,832.63",0.00636,0.00309,779.59772
55.1,1.84862,"14,856.34",0.00641,0.00313,780.84412
55.2,1.85191,"14,877.45",0.00641,0.00304,781.95367
55.3,1.85519,"14,901.18",0.00652,0.0024,783.20105
55.4,1.85856,"14,923.82",0.00662,0.0025,784.39069
55.5,1.86192,"14,947.77",0.00649,0.00258,785.64960
55.6,1.86513,"14,968.47",0.0065,0.00268,786.73749
55.7,1.8685,"14,991.08",0.0065,0.00275,787.92609
55.8,1.87201,"15,014.31",0.0067,0.00292,789.14716
55.9,1.87507,"15,036.20",0.00658,0.00292,790.29767
56,1.87851,"15,057.88",0.00677,0.00316,791.43719
56.1,1.88195,"15,081.23",0.00678,0.00324,792.66425
56.2,1.88509,"15,102.42",0.00678,0.00331,793.77771
56.3,1.88853,"15,125.23",0.0067,0.00329,794.97668
56.4,1.89189,"15,148.81",0.00668,0.00339,796.21637
56.5,1.89518,"15,169.74",0.00688,0.00306,797.31635
56.6,1.89854,"15,192.09",0.00675,0.00303,798.49127
56.7,1.9019,"15,214.91",0.00695,0.00307,799.69055
56.8,1.90527,"15,238.68",0.00684,0.0031,800.93958
56.9,1.90848,"15,257.91",0.00674,0.00309,801.95068
57,1.91184,"15,279.73",0.00671,0.00316,803.09747
57.1,1.91528,"15,304.42",0.00672,0.00318,804.39508
57.2,1.91842,"15,324.35",0.0067,0.00326,805.44250
57.3,1.92201,"15,347.87",0.00682,0.00344,806.67859
57.4,1.92537,"15,370.13",0.00681,0.00352,807.84900
57.5,1.92844,"15,389.43",0.00673,0.00316,808.86292
57.6,1.93195,"15,413.10",0.00675,0.00314,810.10724
57.7,1.93531,"15,435.31",0.00683,0.00312,811.27466
57.8,1.93845,"15,456.62",0.00667,0.00317,812.39435
57.9,1.94181,"15,476.88",0.00664,0.00315,813.45966
58,1.94525,"15,501.10",0.00668,0.00318,814.73230
58.1,1.94861,"15,524.08",0.00665,0.00317,815.94012
58.2,1.95183,"15,543.62",0.00673,0.00326,816.96729
58.3,1.95512,"15,564.95",0.00668,0.00299,818.08862
58.4,1.95855,"15,588.24",0.00668,0.0027,819.31238
58.5,1.96162,"15,607.79",0.00671,0.00272,820.33984
58.6,1.96521,"15,631.27",0.00672,0.00274,821.57440
58.7,1.96864,"15,653.35",0.00688,0.00292,822.73468
58.8,1.97178,"15,672.64",0.00684,0.00305,823.74878
58.9,1.9753,"15,695.38",0.00686,0.00318,824.94391
59,1.97858,"15,718.21",0.0069,0.0033,826.14368
59.1,1.9818,"15,738.57",0.00694,0.00335,827.21381
59.2,1.98516,"15,759.17",0.00701,0.00342,828.29633
59.3,1.98852,"15,781.98",0.00687,0.0035,829.49530
59.4,1.99189,"15,803.86",0.00686,0.0033,830.64532
59.5,1.99518,"15,825.19",0.0069,0.00317,831.76648
59.6,1.99861,"15,846.68",0.00686,0.0031,832.89630
59.7,2.0019,"15,868.47",0.00684,0.00319,834.04114
59.8,2.00504,"15,886.73",0.00681,0.00321,835.00085
59.9,2.00855,"15,910.77",0.00687,0.00326,836.26453
60,2.01192,"15,932.96",0.00691,0.00329,837.43109
60.1,2.01506,"15,951.08",0.00694,0.00346,838.38318
60.2,2.01864,"15,975.56",0.00693,0.00366,839.66998
60.3,2.02193,"15,996.25",0.00691,0.00342,840.75720
60.4,2.02515,"16,016.65",0.00686,0.00326,841.82965
60.5,2.02851,"16,037.45",0.0069,0.00321,842.92303
60.6,2.0318,"16,058.13",0.00681,0.00327,844.00958
60.7,2.03516,"16,080.56",0.00686,0.00322,845.18878
60.8,2.03845,"16,100.65",0.00684,0.00327,846.24481
60.9,2.04196,"16,123.18",0.00686,0.00328,847.42889
61,2.04525,"16,144.50",0.00696,0.00328,848.54913
61.1,2.04839,"16,162.72",0.00691,0.00328,849.50702
61.2,2.0519,"16,186.17",0.00697,0.00328,850.73950
61.3,2.05519,"16,208.18",0.00701,0.00343,851.89624
61.4,2.0584,"16,226.74",0.00701,0.00295,852.87177
61.5,2.06192,"16,249.41",0.00706,0.00287,854.06360
61.6,2.06528,"16,269.92",0.00704,0.00311,855.14166
61.7,2.06849,"16,289.63",0.00707,0.00318,856.17731
61.8,2.07193,"16,311.12",0.00705,0.00333,857.30664
61.9,2.07522,"16,330.82",0.00706,0.00339,858.34204
62,2.07843,"16,351.54",0.0071,0.00349,859.43115
62.1,2.0818,"16,371.67",0.00712,0.00349,860.48950
62.2,2.08523,"16,393.60",0.00706,0.00351,861.64197
62.3,2.08852,"16,414.16",0.00702,0.00349,862.72247
62.4,2.09181,"16,433.39",0.00705,0.00345,863.73315
62.5,2.09525,"16,455.67",0.00706,0.00336,864.90442
62.6,2.09854,"16,475.68",0.00708,0.00339,865.95593
62.7,2.10183,"16,494.96",0.00713,0.00334,866.96967
62.8,2.10511,"16,516.09",0.00706,0.00338,868.08002
62.9,2.10855,"16,536.42",0.00713,0.00345,869.14856
63,2.11177,"16,556.61",0.00714,0.00374,870.20959
63.1,2.1152,"16,577.71",0.00714,0.00384,871.31897
63.2,2.11857,"16,598.06",0.00714,0.00341,872.38855
63.3,2.12178,"16,618.00",0.00714,0.00331,873.43634
63.4,2.12514,"16,637.51",0.00716,0.0033,874.46155
63.5,2.12858,"16,659.12",0.00714,0.00326,875.59778
63.6,2.13187,"16,679.53",0.00714,0.0033,876.67023
63.7,2.13516,"16,697.80",0.00716,0.00331,877.63086
63.8,2.1386,"16,720.60",0.00712,0.00335,878.82898
63.9,2.14188,"16,740.95",0.0071,0.00339,879.89874
64,2.14517,"16,758.64",0.00709,0.00331,880.82837
64.1,2.14846,"16,778.99",0.0071,0.00347,881.89783
64.2,2.1519,"16,799.48",0.00712,0.00341,882.97491
64.3,2.15511,"16,819.47",0.00718,0.00326,884.02576
64.4,2.15848,"16,840.26",0.00707,0.0031,885.11804
64.5,2.16199,"16,861.06",0.00712,0.0032,886.21155
64.6,2.16513,"16,879.06",0.00715,0.0033,887.15747
64.7,2.16849,"16,899.00",0.00713,0.00347,888.20569
64.8,2.17193,"16,920.76",0.00727,0.00371,889.34949
64.9,2.17507,"16,939.68",0.00728,0.0038,890.34381
65,2.17851,"16,957.58",0.00724,0.00381,891.28448
65.1,2.18194,"16,978.27",0.00725,0.00393,892.37219
65.2,2.18523,"16,999.55",0.0072,0.00391,893.49072
65.3,2.18852,"17,017.81",0.00724,0.00364,894.45038
65.4,2.19188,"17,038.35",0.00724,0.00364,895.52997
65.5,2.19525,"17,057.72",0.00727,0.00371,896.54803
65.6,2.19839,"17,074.99",0.00727,0.00369,897.45538
65.7,2.20182,"17,095.86",0.0073,0.00375,898.55267
65.8,2.20534,"17,117.15",0.00731,0.00409,899.67151
65.9,2.20848,"17,134.36",0.00733,0.00412,900.57623
66,2.21191,"17,153.37",0.00728,0.00414,901.57526
66.1,2.21535,"17,175.05",0.00735,0.00379,902.71472
66.2,2.21842,"17,192.49",0.00731,0.00365,903.63116
66.3,2.22185,"17,211.46",0.00731,0.00359,904.62836
66.4,2.22522,"17,230.94",0.00733,0.00362,905.65216
66.5,2.2285,"17,251.01",0.00737,0.00354,906.70703
66.6,2.23187,"17,269.62",0.00732,0.0036,907.68512
66.7,2.23523,"17,289.44",0.00733,0.00364,908.72717
66.8,2.23859,"17,308.94",0.00734,0.00373,909.75189
66.9,2.24173,"17,324.27",0.00737,0.00374,910.55756
67,2.24517,"17,344.47",0.00742,0.00343,911.61951
67.1,2.24861,"17,364.13",0.00748,0.00352,912.65240
67.2,2.25167,"17,380.57",0.00747,0.00317,913.51691
67.3,2.25519,"17,400.83",0.00752,0.00324,914.58185
67.4,2.25862,"17,421.41",0.00745,0.00345,915.66321
67.5,2.26176,"17,439.18",0.00752,0.00355,916.59729
67.6,2.26528,"17,458.01",0.00754,0.00372,917.58716
67.7,2.26856,"17,476.81",0.00759,0.00374,918.57526
67.8,2.27178,"17,495.27",0.00751,0.00384,919.54535
67.9,2.27522,"17,514.82",0.00759,0.00388,920.57312
68,2.27858,"17,534.72",0.00753,0.00397,921.61877
68.1,2.28194,"17,554.13",0.00753,0.00369,922.63904
68.2,2.28516,"17,569.68",0.00759,0.00367,923.45612
68.3,2.28859,"17,589.41",0.0075,0.00377,924.49341
68.4,2.29196,"17,610.05",0.00761,0.00379,925.57843
68.5,2.29502,"17,626.20",0.00751,0.0037,926.42719
68.6,2.29853,"17,645.70",0.00753,0.00371,927.45166
68.7,2.30197,"17,665.93",0.00756,0.00374,928.51538
68.8,2.30511,"17,683.11",0.00756,0.00421,929.41803
68.9,2.3087,"17,703.50",0.00759,0.00364,930.49005
69,2.31191,"17,721.44",0.00773,0.00368,931.43274
69.1,2.31512,"17,738.85",0.00769,0.00358,932.34802
69.2,2.31849,"17,756.98",0.00757,0.00368,933.30054
69.3,2.32185,"17,776.05",0.00759,0.00362,934.30292
69.4,2.32521,"17,795.04",0.00764,0.00366,935.30133
69.5,2.32843,"17,810.80",0.00759,0.00371,936.12964
69.6,2.33194,"17,831.69",0.00761,0.00373,937.22736
69.7,2.3353,"17,850.85",0.0078,0.00302,938.23450
69.8,2.33837,"17,865.77",0.00782,0.00313,939.01880
69.9,2.34188,"17,885.78",0.0078,0.00321,940.07037
70,2.34524,"17,902.87",0.00768,0.00331,940.96851
70.1,2.34846,"17,919.76",0.00768,0.00333,941.85663
70.2,2.35197,"17,940.61",0.00774,0.00348,942.95203
70.3,2.35533,"17,958.16",0.00802,0.00371,943.87482
70.4,2.35847,"17,975.04",0.00798,0.00382,944.76208
70.5,2.36191,"17,993.25",0.00785,0.00388,945.71893
70.6,2.3652,"18,011.53",0.00797,0.00392,946.67987
70.7,2.36849,"18,029.54",0.00787,0.00401,947.62634
70.8,2.37178,"18,045.41",0.00793,0.00402,948.46051
70.9,2.37521,"18,064.58",0.00798,0.00367,949.46820
71,2.37858,"18,084.34",0.00797,0.00369,950.50647
71.1,2.38179,"18,099.37",0.0079,0.00374,951.29639
71.2,2.38523,"18,118.73",0.00788,0.00376,952.31445
71.3,2.38852,"18,134.79",0.00798,0.00372,953.15814
71.4,2.39173,"18,150.42",0.00792,0.00382,953.98004
71.5,2.39524,"18,170.83",0.00804,0.00392,955.05267
71.6,2.39853,"18,188.95",0.00795,0.00371,956.00482
71.7,2.40182,"18,204.52",0.00807,0.0037,956.82306
71.8,2.40518,"18,222.13",0.00802,0.00368,957.74890
71.9,2.40855,"18,240.90",0.0079,0.00366,958.73566
72,2.41176,"18,258.64",0.00786,0.00363,959.66797
72.1,2.41512,"18,273.53",0.00781,0.00367,960.45020
72.2,2.41856,"18,292.34",0.00798,0.00371,961.43909
72.3,2.42192,"18,310.10",0.00802,0.00369,962.37244
72.4,2.42521,"18,326.01",0.00797,0.00341,963.20898
72.5,2.42865,"18,344.95",0.00797,0.00316,964.20441
72.6,2.43186,"18,361.11",0.00798,0.00318,965.05347
72.7,2.43508,"18,375.62",0.00803,0.00337,965.81610
72.8,2.43852,"18,394.62",0.00813,0.00347,966.81494
72.9,2.44188,"18,411.70",0.00802,0.00364,967.71265
73,2.44517,"18,427.49",0.00809,0.00368,968.54230
73.1,2.44853,"18,444.14",0.00818,0.00394,969.41748
73.2,2.45204,"18,461.82",0.00808,0.00395,970.34711
73.3,2.45518,"18,477.22",0.00806,0.00406,971.15625
73.4,2.45847,"18,493.84",0.00809,0.00405,972.03003
73.5,2.46191,"18,510.92",0.00799,0.00379,972.92780
73.6,2.46512,"18,525.86",0.00809,0.00376,973.71271
73.7,2.46848,"18,541.13",0.00793,0.00376,974.51526
73.8,2.47192,"18,559.83",0.00796,0.00374,975.49847
73.9,2.47521,"18,576.91",0.00803,0.00382,976.39612
74,2.4785,"18,590.17",0.00801,0.00385,977.09283
74.1,2.48186,"18,607.27",0.00805,0.00387,977.99158
74.2,2.48523,"18,623.75",0.00793,0.00374,978.85767
74.3,2.48844,"18,638.39",0.00799,0.0037,979.62726
74.4,2.49188,"18,654.67",0.00795,0.00369,980.48279
74.5,2.49532,"18,671.95",0.00801,0.00366,981.39099
74.6,2.49845,"18,686.40",0.00794,0.00366,982.15076
74.7,2.50189,"18,701.20",0.00796,0.00373,982.92847
74.8,2.50533,"18,718.03",0.00802,0.00376,983.81299
74.9,2.50839,"18,732.19",0.00793,0.00386,984.55743
75,2.51183,"18,746.03",0.008,0.00377,985.28491
75.1,2.51527,"18,764.05",0.00799,0.0032,986.23224
75.2,2.51856,"18,779.38",0.00805,0.0033,987.03748
75.3,2.52185,"18,792.96",0.00812,0.00342,987.75153
75.4,2.52521,"18,808.61",0.00808,0.00364,988.57410
75.5,2.52857,"18,824.40",0.00806,0.00378,989.40411
75.6,2.53171,"18,837.07",0.00812,0.00392,990.06970
75.7,2.53515,"18,853.23",0.00814,0.00398,990.91931
75.8,2.53859,"18,869.03",0.00818,0.00409,991.74945
75.9,2.54173,"18,881.13",0.0082,0.00416,992.38574
76,2.54524,"18,897.76",0.00818,0.0039,993.25995
76.1,2.54868,"18,914.17",0.00822,0.00379,994.12225
76.2,2.55174,"18,925.36",0.00807,0.00381,994.71045
76.3,2.55518,"18,939.49",0.00803,0.00384,995.45319
76.4,2.55854,"18,955.08",0.00811,0.00392,996.27258
76.5,2.56183,"18,968.70",0.0081,0.00391,996.98828
76.6,2.56519,"18,982.21",0.00814,0.00382,997.69836
76.7,2.56856,"18,997.06",0.00811,0.00368,998.47919
76.8,2.572,"19,012.00",0.00807,0.00371,999.26398
76.9,2.57513,"19,023.56",0.00811,0.00369,999.87177
77,2.5785,"19,038.26",0.00814,0.00369,1000.64447
77.1,2.58194,"19,051.47",0.00806,0.00375,1001.33850
77.2,2.58507,"19,062.26",0.00812,0.00377,1001.90582
77.3,2.58866,"19,078.73",0.00823,0.00381,1002.77161
77.4,2.59195,"19,092.88",0.00805,0.00382,1003.51532
77.5,2.59509,"19,103.13",0.00807,0.00388,1004.05408
77.6,2.5986,"19,115.59",0.0081,0.0033,1004.70905
77.7,2.60189,"19,129.38",0.0082,0.00346,1005.43353
77.8,2.6051,"19,141.56",0.00821,0.00357,1006.07361
77.9,2.60847,"19,153.11",0.00824,0.00386,1006.68073
78,2.61183,"19,165.85",0.00822,0.00401,1007.35022
78.1,2.61527,"19,179.29",0.0082,0.00409,1008.05670
78.2,2.61848,"19,190.12",0.00824,0.00412,1008.62592
78.3,2.62192,"19,203.23",0.00825,0.0042,1009.31519
78.4,2.62528,"19,215.08",0.00827,0.00414,1009.93811
78.5,2.62835,"19,223.03",0.00825,0.00388,1010.35571
78.6,2.63186,"19,237.50",0.0082,0.00392,1011.11627
78.7,2.6353,"19,248.97",0.00819,0.0039,1011.71918
78.8,2.63851,"19,258.93",0.00819,0.00395,1012.24268
78.9,2.64202,"19,270.41",0.00819,0.0039,1012.84619
79,2.64531,"19,280.46",0.00818,0.00385,1013.37457
79.1,2.64845,"19,290.35",0.00821,0.00373,1013.89410
79.2,2.65189,"19,300.43",0.00822,0.0038,1014.42371
79.3,2.65518,"19,310.49",0.00817,0.00382,1014.95251
79.4,2.65847,"19,320.92",0.00826,0.00392,1015.50092
79.5,2.66183,"19,330.08",0.00831,0.00394,1015.98242
79.6,2.66519,"19,340.40",0.00829,0.00391,1016.52496
79.7,2.66863,"19,350.13",0.00824,0.00398,1017.03601
79.8,2.67177,"19,356.18",0.00818,0.00381,1017.35425
79.9,2.67521,"19,366.13",0.00826,0.00362,1017.87714
80,2.67857,"19,374.55",0.00825,0.00374,1018.31952
80.1,2.68178,"19,381.34",0.00828,0.00396,1018.67676
80.2,2.68522,"19,390.74",0.00825,0.00408,1019.17041
80.3,2.68859,"19,396.95",0.00827,0.00412,1019.49689
80.4,2.69187,"19,404.89",0.00829,0.0043,1019.91449
80.5,2.69524,"19,411.35",0.00829,0.00437,1020.25385
80.6,2.69852,"19,417.50",0.00823,0.00416,1020.57721
80.7,2.70181,"19,423.32",0.00816,0.00405,1020.88281
80.8,2.7051,"19,428.39",0.00817,0.00411,1021.14929
80.9,2.70861,"19,435.50",0.00817,0.00401,1021.52307
81,2.7119,"19,441.66",0.0082,0.00407,1021.84717
81.1,2.71519,"19,442.62",0.00817,0.00384,1021.89758
81.2,2.71863,"19,449.38",0.00822,0.00377,1022.25293
81.3,2.72192,"19,453.83",0.00823,0.00388,1022.48651
81.4,2.72513,"19,455.47",0.0083,0.00395,1022.57294
81.5,2.72857,"19,460.91",0.00834,0.00398,1022.85895
81.6,2.73193,"19,462.42",0.00829,0.00408,1022.93817
81.7,2.73515,"19,465.00",0.00824,0.00418,1023.07391
81.8,2.73851,"19,467.54",0.00823,0.00369,1023.20734
81.9,2.74195,"19,468.54",0.0083,0.00369,1023.25989
82,2.74516,"19,468.76",0.00824,0.00386,1023.27142
82.1,2.74845,"19,467.24",0.00834,0.00405,1023.19141
82.2,2.75189,"19,468.20",0.00832,0.00433,1023.24182
82.3,2.75518,"19,468.11",0.00826,0.00445,1023.23730
82.4,2.75854,"19,464.63",0.00829,0.00452,1023.05426
82.5,2.7619,"19,463.49",0.00822,0.00427,1022.99426
82.6,2.76526,"19,460.09",0.00827,0.00428,1022.81573
82.7,2.76848,"19,454.74",0.00821,0.00446,1022.53455
82.8,2.77177,"19,451.22",0.00815,0.00415,1022.34955
82.9,2.77521,"19,445.27",0.00816,0.00403,1022.03656
83,2.77842,"19,436.96",0.00816,0.00396,1021.59973
83.1,2.78186,"19,432.09",0.00817,0.00417,1021.34375
83.2,2.78537,"19,423.84",0.00817,0.00409,1020.91052
83.3,2.78851,"19,413.97",0.00823,0.00416,1020.39142
83.4,2.79187,"19,399.62",0.0081,0.00404,1019.63727
83.5,2.79523,"19,387.13",0.00818,0.00366,1018.98114
83.6,2.79845,"19,372.51",0.00822,0.00392,1018.21246
83.7,2.80189,"19,353.67",0.00821,0.00426,1017.22241
83.8,2.80525,"19,336.44",0.00815,0.00442,1016.31671
83.9,2.80861,"19,313.34",0.00819,0.00444,1015.10229
84,2.81183,"19,288.18",0.00809,0.0043,1013.78015
84.1,2.81519,"19,261.05",0.00808,0.0041,1012.35437
84.2,2.81863,"19,232.34",0.0081,0.00418,1010.84497
84.3,2.82177,"19,195.16",0.00809,0.00404,1008.89111
84.4,2.82513,"19,155.67",0.00807,0.00408,1006.81543
84.5,2.82864,"19,115.34",0.00809,0.00406,1004.69568
84.6,2.83178,"19,064.68",0.00796,0.00373,1002.03278
84.7,2.83522,"19,009.05",0.00805,0.00389,999.10895
84.8,2.83858,"18,944.70",0.00802,0.00433,995.72687
84.9,2.8418,"18,869.99",0.00805,0.00439,991.80042
85,2.84516,"18,785.77",0.00798,0.00438,987.37366
85.1,2.8486,"18,688.45",0.00785,0.00389,982.25842
85.2,2.85188,"18,572.96",0.00785,0.00394,976.18854
85.3,2.85517,"18,436.63",0.00779,0.00362,969.02319
85.4,2.85861,"18,278.68",0.00779,0.0041,960.72119
85.5,2.86197,"18,091.06",0.00766,0.00405,950.85968
85.6,2.86511,"17,862.01",0.00752,0.00376,938.82104
85.698,2.86848,"17,606.78",0.00743,0.0035,925.40625
85.788,2.87162,"17,353.04",0.00735,0.00403,912.06995
85.88,2.87446,"17,098.77",0.0073,0.00375,898.70563
85.98,2.87797,"16,873.11",0.00714,0.00361,886.84479
86.08,2.88133,"16,707.54",0.00716,0.00336,878.14270
86.18,2.88447,"16,588.78",0.00715,0.00384,871.90033
86.28,2.88791,"16,503.77",0.00704,0.0039,867.43262
86.38,2.8912,"16,444.35",0.00704,0.00367,864.30914
86.48,2.89456,"16,400.33",0.00699,0.00379,861.99591
86.58,2.89777,"16,364.53",0.00712,0.00349,860.11395
86.68,2.90121,"16,342.32",0.00707,0.00355,858.94690
86.78,2.90465,"16,325.60",0.00707,0.00335,858.06812
86.88,2.90779,"16,311.36",0.00702,0.00289,857.31958
86.98,2.91123,"16,301.98",0.00692,0.0031,856.82629
87.08,2.91459,"16,296.56",0.00706,0.00326,856.54169
87.18,2.91773,"16,293.05",0.00721,0.00356,856.35699
87.28,2.92124,"16,292.67",0.00712,0.00375,856.33734
87.38,2.9246,"16,294.98",0.00704,0.00382,856.45856
87.48,2.92782,"16,295.79",0.007,0.00384,856.50104
87.58,2.93126,"16,299.79",0.00703,0.00352,856.71130
87.68,2.93454,"16,305.90",0.00718,0.00357,857.03259
87.78,2.93783,"16,311.21",0.00708,0.00358,857.31165
87.88,2.94112,"16,315.83",0.007,0.0034,857.55457
87.98,2.94448,"16,324.13",0.00699,0.0035,857.99078
88.08,2.94792,"16,332.09",0.00705,0.00346,858.40887
88.18,2.95114,"16,338.66",0.00699,0.00358,858.75458
88.28,2.95457,"16,347.65",0.00702,0.00358,859.22693
88.38,2.95794,"16,354.65",0.00704,0.00359,859.59485
88.48,2.96108,"16,363.02",0.00717,0.00289,860.03461
88.58,2.96451,"16,372.96",0.00721,0.00298,860.55688
88.68,2.96788,"16,381.98",0.00733,0.00318,861.03137
88.78,2.97116,"16,390.21",0.00724,0.0033,861.46381
88.88,2.9746,"16,399.34",0.00727,0.0036,861.94366
88.98,2.97789,"16,409.20",0.00737,0.00373,862.46198
89.08,2.98125,"16,418.40",0.00726,0.00385,862.94525
89.18,2.98447,"16,425.72",0.00717,0.00362,863.33044
89.28,2.98776,"16,433.48",0.0072,0.00354,863.73785
89.38,2.99127,"16,444.78",0.00721,0.00353,864.33173
89.48,2.99441,"16,451.18",0.00704,0.00365,864.66821
89.58,2.99792,"16,460.04",0.00723,0.00369,865.13409
89.68,3.00136,"16,468.07",0.00724,0.00341,865.55627
89.78,3.00442,"16,472.60",0.00718,0.00346,865.79437
89.88,3.00794,"16,481.04",0.00716,0.00352,866.23755
89.98,3.01122,"16,487.90",0.0071,0.00351,866.59839
90.08,3.01444,"16,492.22",0.0071,0.00348,866.82526
90.18,3.01788,"16,496.96",0.0071,0.00301,867.07458
90.28,3.02124,"16,503.49",0.00708,0.00296,867.41797
90.38,3.0246,"16,508.91",0.00715,0.00313,867.70239
90.48,3.02789,"16,510.52",0.00732,0.00327,867.78699
90.58,3.03118,"16,513.62",0.00731,0.00357,867.95001
90.68,3.03454,"16,517.58",0.00732,0.00373,868.15833
90.78,3.03776,"16,517.20",0.00729,0.00383,868.13849
90.88,3.04127,"16,521.02",0.00722,0.00374,868.33917
90.98,3.04463,"16,522.22",0.00718,0.00351,868.40234
91.08,3.04777,"16,519.58",0.00718,0.0036,868.26331
91.18,3.05128,"16,522.46",0.00717,0.00367,868.41486
91.28,3.05465,"16,519.73",0.00711,0.00323,868.27136
91.38,3.05771,"16,517.35",0.00725,0.00348,868.14612
91.48,3.06122,"16,514.76",0.00722,0.00344,868.00989
91.58,3.06451,"16,511.09",0.00721,0.00346,867.81696
91.68,3.06787,"16,508.27",0.00703,0.0033,867.66876
91.78,3.07124,"16,503.55",0.00706,0.00339,867.42096
91.88,3.0746,"16,499.07",0.00712,0.003,867.18567
91.98,3.07789,"16,492.92",0.00724,0.00319,866.86237
92.08,3.0811,"16,484.69",0.00721,0.00353,866.42981
92.18,3.08462,"16,479.20",0.00734,0.00374,866.14093
92.28,3.0879,"16,471.79",0.00724,0.00384,865.75189
92.38,3.09104,"16,460.08",0.00714,0.00353,865.13635
92.48,3.09463,"16,453.88",0.0072,0.00351,864.81000
92.58,3.09799,"16,444.48",0.00715,0.00358,864.31604
92.68,3.10113,"16,433.05",0.00717,0.00356,863.71539
92.78,3.1045,"16,422.74",0.00721,0.00363,863.17377
92.88,3.10786,"16,411.36",0.00722,0.00346,862.57520
92.98,3.11115,"16,400.50",0.00726,0.00344,862.00470
93.08,3.11451,"16,387.65",0.00715,0.00315,861.32935
93.18,3.11795,"16,377.36",0.00707,0.00288,860.78851
93.28,3.12124,"16,364.87",0.00734,0.00304,860.13196
93.38,3.12445,"16,349.52",0.0072,0.00319,859.32495
93.48,3.12789,"16,339.13",0.00717,0.00355,858.77893
93.58,3.13118,"16,326.13",0.00706,0.00374,858.09583
93.68,3.13439,"16,311.39",0.00708,0.0038,857.32123
93.78,3.13798,"16,299.89",0.007,0.00342,856.71686
93.88,3.14127,"16,288.92",0.00709,0.00355,856.13983
93.98,3.14448,"16,274.74",0.00707,0.00351,855.39447
94.08,3.14792,"16,263.02",0.00707,0.00361,854.77850
94.18,3.15128,"16,249.84",0.00702,0.00349,854.08606
94.28,3.15442,"16,236.96",0.00702,0.00348,853.40881
94.38,3.15786,"16,224.66",0.00703,0.00349,852.76227
94.48,3.1613,"16,213.78",0.00702,0.00316,852.19049
94.58,3.16451,"16,201.53",0.00695,0.00294,851.54681
94.68,3.16787,"16,188.60",0.00711,0.0031,850.86713
94.78,3.17131,"16,178.41",0.00709,0.00344,850.33142
94.88,3.17445,"16,166.63",0.00722,0.00359,849.71228
94.98,3.17774,"16,153.92",0.00714,0.00374,849.04449
95.08,3.18118,"16,144.53",0.00711,0.00347,848.55096
95.18,3.18454,"16,134.95",0.00715,0.00348,848.04755
95.28,3.18775,"16,124.08",0.00705,0.00348,847.47583
95.38,3.19119,"16,117.35",0.00701,0.0035,847.12231
95.48,3.19463,"16,108.06",0.00705,0.0034,846.63434
95.58,3.19784,"16,099.76",0.00711,0.00341,846.19794
95.68,3.20121,"16,091.71",0.00699,0.00341,845.77484
95.78,3.20457,"16,084.55",0.00704,0.00335,845.39844
95.88,3.20778,"16,078.01",0.00709,0.00278,845.05475
95.98,3.21122,"16,069.57",0.0072,0.00295,844.61108
96.08,3.21466,"16,064.60",0.0071,0.00309,844.34979
96.18,3.21787,"16,058.30",0.00713,0.00339,844.01849
96.28,3.22124,"16,052.00",0.00705,0.00362,843.68768
96.38,3.22452,"16,047.45",0.00705,0.0037,843.44867
96.48,3.22789,"16,042.46",0.00724,0.00349,843.18604
96.58,3.2311,"16,036.89",0.00721,0.00348,842.89368
96.68,3.23454,"16,034.00",0.00705,0.00348,842.74164
96.78,3.23798,"16,030.74",0.00705,0.00353,842.57031
96.88,3.24111,"16,024.71",0.00715,0.0033,842.25348
96.98,3.24455,"16,021.60",0.0071,0.00336,842.08966
97.08,3.24792,"16,019.20",0.00708,0.00337,841.96362
97.18,3.25113,"16,014.75",0.0071,0.00343,841.72961
97.28,3.25449,"16,011.57",0.00691,0.00321,841.56262
97.38,3.25793,"16,009.41",0.00696,0.00305,841.44922
97.48,3.26114,"16,007.04",0.00684,0.00302,841.32434
97.58,3.26458,"16,003.34",0.00686,0.00318,841.13031
97.68,3.26787,"16,001.54",0.00705,0.00344,841.03528
97.78,3.27123,"15,999.19",0.00709,0.00359,840.91187
97.88,3.27445,"15,995.92",0.00694,0.00371,840.73987
97.98,3.27781,"15,994.36",0.00697,0.00347,840.65814
98.08,3.28132,"15,993.19",0.00701,0.00339,840.59631
98.18,3.28439,"15,989.51",0.00697,0.00348,840.40320
98.28,3.2879,"15,988.48",0.00706,0.00352,840.34900
98.38,3.29134,"15,987.08",0.00699,0.00332,840.27527
98.48,3.2944,"15,982.76",0.0069,0.00341,840.04822
98.58,3.29791,"15,980.74",0.0069,0.00341,839.94238
98.68,3.3012,"15,978.94",0.00688,0.00338,839.84772
98.78,3.30449,"15,977.26",0.00698,0.00322,839.75952
98.88,3.30793,"15,975.36",0.00693,0.00278,839.65924
98.98,3.31129,"15,973.46",0.00704,0.00294,839.55981
99.08,3.31466,"15,972.51",0.00688,0.00312,839.50989
99.18,3.31787,"15,969.75",0.00707,0.00339,839.36450
99.28,3.32116,"15,966.90",0.00725,0.0036,839.21497
99.38,3.3246,"15,966.33",0.00711,0.00372,839.18457
99.48,3.32773,"15,962.46",0.00717,0.00358,838.98151
99.58,3.33117,"15,960.96",0.00707,0.00331,838.90253
99.68,3.33469,"15,961.21",0.00704,0.00346,838.91547
99.78,3.33775,"15,957.16",0.00695,0.00346,838.70282
99.88,3.34126,"15,955.50",0.00703,0.0033,838.61560
99.98,3.34455,"15,954.68",0.00697,0.00338,838.57239
100.08,3.34776,"15,951.70",0.00699,0.00336,838.41583
100.18,3.35128,"15,950.48",0.00685,0.00336,838.35150
100.28,3.35457,"15,948.87",0.00704,0.00318,838.26715
100.38,3.35793,"15,947.02",0.0068,0.00288,838.16980
100.48,3.36114,"15,941.89",0.00681,0.00287,837.90027
100.58,3.36458,"15,940.06",0.00709,0.00305,837.80383
100.68,3.36794,"15,938.69",0.00712,0.00332,837.73181
100.78,3.37108,"15,933.69",0.00715,0.00345,837.46948
100.88,3.37459,"15,931.17",0.00697,0.00365,837.33698
100.98,3.37796,"15,930.07",0.00703,0.00362,837.27905
101.08,3.3811,"15,924.72",0.0071,0.00332,836.99805
101.18,3.38461,"15,922.87",0.0071,0.00346,836.90045
101.28,3.38797,"15,919.32",0.00712,0.0035,836.71381
101.38,3.39111,"15,914.50",0.00696,0.00329,836.46082
101.48,3.39447,"15,911.43",0.00695,0.00339,836.29950
101.58,3.39791,"15,908.22",0.00681,0.00332,836.13068
101.68,3.4012,"15,905.03",0.00698,0.00335,835.96289
101.78,3.40449,"15,901.54",0.00693,0.00319,835.77954
101.88,3.40793,"15,899.13",0.00693,0.00292,835.65302
101.98,3.41122,"15,897.09",0.00677,0.00287,835.54535
102.08,3.41435,"15,891.35",0.0068,0.00309,835.24390
102.18,3.41787,"15,890.71",0.00696,0.00331,835.21039
102.28,3.42123,"15,887.26",0.00709,0.00357,835.02899
102.38,3.42444,"15,883.33",0.00699,0.00369,834.82214
102.48,3.42796,"15,881.42",0.00686,0.00352,834.72217
102.58,3.43132,"15,878.74",0.00688,0.00337,834.58118
102.68,3.43453,"15,874.94",0.00692,0.00342,834.38159
102.78,3.4379,"15,871.31",0.00691,0.00352,834.19049
102.88,3.44126,"15,868.54",0.00696,0.0031,834.04474
102.98,3.44447,"15,864.84",0.00685,0.00332,833.85034
103.08,3.44784,"15,860.56",0.00676,0.00325,833.62567
103.18,3.45128,"15,857.46",0.00677,0.00331,833.46271
103.28,3.45456,"15,855.86",0.00674,0.00335,833.37872
103.38,3.45785,"15,849.86",0.00685,0.00323,833.06305
103.48,3.46129,"15,847.37",0.00676,0.00284,832.93213
103.58,3.4645,"15,842.29",0.00672,0.00297,832.66541
103.68,3.46772,"15,835.98",0.00695,0.00333,832.33380
103.78,3.4713,"15,833.65",0.00699,0.00351,832.21118
103.88,3.47459,"15,827.99",0.00689,0.00364,831.91394
103.98,3.47781,"15,822.46",0.00686,0.00355,831.62317
104.08,3.48117,"15,815.55",0.00688,0.00337,831.25995
104.18,3.48461,"15,809.59",0.00694,0.00337,830.94647
104.28,3.48775,"15,804.79",0.00701,0.0035,830.69452
104.38,3.49118,"15,797.91",0.00692,0.00305,830.33246
104.48,3.49462,"15,792.16",0.0068,0.00331,830.03052
104.58,3.49784,"15,786.62",0.00682,0.00324,829.73950
104.68,3.5012,"15,778.39",0.00684,0.00333,829.30664
104.78,3.50464,"15,773.79",0.00673,0.00321,829.06488
104.88,3.50785,"15,767.29",0.00672,0.00279,828.72333
104.98,3.51114,"15,757.22",0.00679,0.00295,828.19409
105.08,3.5145,"15,753.18",0.00681,0.00314,827.98181
105.18,3.51794,"15,746.40",0.00688,0.00344,827.62531
105.28,3.52115,"15,738.69",0.00686,0.00357,827.22021
105.38,3.52452,"15,731.60",0.00687,0.00364,826.84723
105.48,3.52803,"15,726.06",0.00688,0.0033,826.55627
105.58,3.53117,"15,717.91",0.00687,0.00337,826.12805
105.68,3.53453,"15,710.92",0.00682,0.00346,825.76080
105.78,3.5379,"15,704.09",0.00678,0.00343,825.40167
105.88,3.54111,"15,696.03",0.00677,0.00329,824.97791
105.98,3.54455,"15,689.50",0.00668,0.00329,824.63458
106.08,3.54791,"15,684.66",0.00673,0.0033,824.38055
106.18,3.5512,"15,677.78",0.00675,0.00336,824.01892
106.28,3.55456,"15,669.37",0.0067,0.00317,823.57672
106.38,3.55785,"15,663.01",0.00665,0.00288,823.24249
106.48,3.56114,"15,656.85",0.00669,0.00311,822.91864
106.58,3.56443,"15,647.99",0.00689,0.00339,822.45294
106.68,3.56779,"15,642.37",0.00677,0.00357,822.15735
106.78,3.5713,"15,635.96",0.00673,0.00361,821.82074
106.88,3.57444,"15,628.68",0.00673,0.00329,821.43781
106.98,3.57788,"15,623.55",0.00685,0.00336,821.16840
107.08,3.58132,"15,618.62",0.00688,0.00347,820.90918
107.18,3.58438,"15,610.72",0.00682,0.00347,820.49390
107.28,3.58782,"15,604.26",0.00677,0.00334,820.15448
107.38,3.59126,"15,599.54",0.00668,0.00323,819.90619
107.48,3.59455,"15,594.78",0.00665,0.00322,819.65625
107.58,3.59791,"15,587.51",0.0067,0.00331,819.27393
107.68,3.6012,"15,581.90",0.00664,0.00316,818.97919
107.78,3.60464,"15,579.20",0.00666,0.00283,818.83746
107.88,3.60777,"15,572.53",0.00669,0.00295,818.48669
107.98,3.61114,"15,568.91",0.00669,0.00319,818.29657
108.08,3.61465,"15,565.58",0.00666,0.00344,818.12134
108.18,3.61779,"15,561.40",0.00665,0.00356,817.90192
108.28,3.62123,"15,559.20",0.00667,0.00369,817.78613
108.38,3.62466,"15,557.46",0.00673,0.00328,817.69482
108.48,3.62773,"15,551.78",0.00666,0.00334,817.39624
108.58,3.63117,"15,548.99",0.00669,0.00337,817.24939
108.68,3.63453,"15,548.70",0.00667,0.00337,817.23407
108.78,3.63782,"15,547.13",0.0067,0.00328,817.15186
108.88,3.64118,"15,544.70",0.00664,0.00329,817.02405
108.98,3.64454,"15,542.95",0.00664,0.00329,816.93225
109.08,3.64798,"15,543.88",0.00671,0.00328,816.98102
109.18,3.65112,"15,541.74",0.00669,0.00289,816.86853
109.28,3.65456,"15,542.29",0.0067,0.00273,816.89746
109.38,3.65792,"15,543.02",0.00667,0.00293,816.93573
109.48,3.66106,"15,541.26",0.00674,0.00317,816.84326
109.58,3.66457,"15,543.25",0.00675,0.00344,816.94794
109.68,3.66801,"15,545.36",0.00665,0.00352,817.05865
109.78,3.67115,"15,544.13",0.00674,0.00359,816.99438
109.88,3.67459,"15,545.68",0.00665,0.00354,817.07562
109.98,3.67795,"15,547.79",0.00671,0.00336,817.18671
110.08,3.68117,"15,549.02",0.00673,0.00334,817.25128
110.18,3.68453,"15,550.77",0.00665,0.00333,817.34308
110.28,3.68789,"15,551.75",0.00668,0.00339,817.39490
110.38,3.69126,"15,555.44",0.00665,0.00325,817.58868
110.48,3.69447,"15,556.27",0.00665,0.0032,817.63196
110.58,3.69791,"15,560.14",0.00665,0.00322,817.83575
110.68,3.70127,"15,564.41",0.00661,0.00327,818.06006
110.78,3.70433,"15,562.90",0.00666,0.00333,817.98053
110.88,3.70792,"15,568.85",0.00666,0.00268,818.29352
110.98,3.71128,"15,573.93",0.00662,0.00284,818.56061
111.08,3.71442,"15,575.03",0.00669,0.00311,818.61835
111.18,3.71794,"15,579.44",0.00677,0.00335,818.84991
111.28,3.7213,"15,582.50",0.00668,0.0035,819.01080
111.38,3.72444,"15,586.90",0.00664,0.00356,819.24213
111.48,3.72788,"15,590.43",0.00672,0.00362,819.42780
111.58,3.73124,"15,594.17",0.00669,0.00329,819.62439
111.68,3.73453,"15,598.76",0.00679,0.00329,819.86548
111.78,3.73782,"15,601.59",0.00666,0.00335,820.01404
111.88,3.74125,"15,607.00",0.00666,0.00303,820.29877
111.98,3.74462,"15,612.55",0.00665,0.0033,820.59033
112.08,3.74776,"15,612.64",0.00667,0.0033,820.59497
112.18,3.75127,"15,619.25",0.00666,0.00322,820.94263
112.28,3.75456,"15,624.09",0.0066,0.00325,821.19690
112.38,3.7577,"15,625.91",0.00665,0.00327,821.29230
112.48,3.76128,"15,632.42",0.00673,0.00311,821.63452
112.58,3.76465,"15,636.53",0.00671,0.00278,821.85065
112.68,3.76786,"15,639.86",0.00665,0.00292,822.02557
112.78,3.77122,"15,644.06",0.00677,0.00323,822.24646
112.88,3.77459,"15,648.07",0.00685,0.00347,822.45709
112.98,3.7778,"15,652.01",0.00667,0.00349,822.66425
113.08,3.78116,"15,654.99",0.00671,0.00361,822.82062
113.18,3.7846,"15,660.79",0.00674,0.00317,823.12592
113.28,3.78789,"15,664.50",0.00673,0.00331,823.32062
113.38,3.79118,"15,665.99",0.0067,0.00333,823.39911
113.48,3.79462,"15,671.51",0.00667,0.00346,823.68921
113.58,3.7979,"15,675.30",0.00668,0.00326,823.88824
113.68,3.80112,"15,677.80",0.00666,0.00323,824.01996
113.78,3.80456,"15,683.60",0.00666,0.00316,824.32452
113.88,3.80792,"15,684.89",0.00662,0.00325,824.39227
113.98,3.81121,"15,688.02",0.00665,0.00323,824.55670
114.08,3.81465,"15,692.69",0.00665,0.00329,824.80225
114.18,3.81801,"15,696.50",0.00673,0.00304,825.00275
114.28,3.82115,"15,699.02",0.00677,0.00288,825.13501
114.38,3.82451,"15,700.88",0.00681,0.0032,825.23260
114.48,3.82787,"15,705.04",0.00687,0.00334,825.45148
114.58,3.83116,"15,709.18",0.00677,0.00345,825.66907
114.68,3.83453,"15,710.92",0.00678,0.00353,825.76068
114.78,3.83789,"15,715.24",0.00674,0.00347,825.98743
114.88,3.84125,"15,718.68",0.00676,0.00331,826.16846
114.98,3.84447,"15,720.94",0.00672,0.00328,826.28693
115.08,3.84783,"15,724.91",0.00678,0.00332,826.49567
115.18,3.85119,"15,727.13",0.00689,0.00314,826.61273
115.28,3.85441,"15,728.62",0.00678,0.00314,826.69092
115.38,3.85784,"15,733.51",0.00668,0.00321,826.94812
115.48,3.86128,"15,736.66",0.00669,0.00318,827.11340
115.58,3.8645,"15,737.81",0.00665,0.00324,827.17407
115.68,3.86786,"15,738.13",0.00674,0.00323,827.19043
115.78,3.87122,"15,741.54",0.00674,0.00305,827.36993
115.88,3.87444,"15,743.51",0.00677,0.00273,827.47369
115.98,3.87787,"15,745.01",0.00673,0.00297,827.55243
116.08,3.88131,"15,747.66",0.00686,0.0033,827.69177
116.18,3.8846,"15,749.10",0.00694,0.00346,827.76740
116.28,3.88789,"15,749.72",0.00675,0.0036,827.79968
116.38,3.89125,"15,752.72",0.0068,0.0036,827.95734
116.48,3.89461,"15,754.16",0.00676,0.00326,828.03302
116.58,3.89775,"15,753.77",0.00677,0.00328,828.01251
116.68,3.90112,"15,755.44",0.00677,0.00335,828.10034
116.78,3.90463,"15,757.63",0.00687,0.00356,828.21564
116.88,3.90777,"15,757.56",0.00679,0.00324,828.21204
116.98,3.91121,"15,757.62",0.0067,0.00315,828.21521
117.08,3.91464,"15,758.88",0.00668,0.00319,828.28107
117.18,3.91778,"15,758.15",0.00671,0.00323,828.24292
117.28,3.92115,"15,757.93",0.0067,0.00331,828.23145
117.38,3.92458,"15,759.55",0.0067,0.00319,828.31653
117.48,3.92787,"15,758.54",0.00685,0.00284,828.26361
117.58,3.93124,"15,758.43",0.00687,0.00298,828.25781
117.68,3.9346,"15,759.90",0.00692,0.00335,828.33478
117.78,3.93796,"15,760.45",0.00691,0.00348,828.36401
117.88,3.9411,"15,758.02",0.00677,0.00359,828.23590
117.98,3.94446,"15,758.60",0.00679,0.00341,828.26678
118.08,3.94798,"15,759.63",0.00685,0.00323,828.32080
118.18,3.95112,"15,759.07",0.00676,0.00333,828.29102
118.28,3.95463,"15,759.62",0.00674,0.00339,828.32007
118.38,3.95799,"15,760.10",0.00683,0.00331,828.34564
118.48,3.96113,"15,759.44",0.00674,0.00325,828.31097
118.58,3.96457,"15,760.54",0.00673,0.00318,828.36877
118.68,3.96793,"15,761.97",0.00669,0.00329,828.44366
118.78,3.97114,"15,762.09",0.00669,0.00331,828.45020
118.88,3.97451,"15,761.65",0.00671,0.0033,828.42688
118.98,3.97795,"15,762.66",0.00686,0.00288,828.48016
119.08,3.98131,"15,764.69",0.0068,0.00283,828.58673
119.18,3.98445,"15,763.43",0.00683,0.00311,828.52063
119.28,3.98781,"15,763.20",0.0069,0.00336,828.50854
119.38,3.99125,"15,764.69",0.00682,0.00347,828.58679
119.48,3.99431,"15,762.81",0.00685,0.00361,828.48792
119.58,3.9979,"15,765.96",0.00688,0.00331,828.65350
119.68,4.00134,"15,766.49",0.00674,0.00327,828.68134
119.78,4.0044,"15,765.36",0.00683,0.0033,828.62207
119.88,4.00792,"15,767.98",0.00686,0.00344,828.75934
119.98,4.0112,"15,768.49",0.00683,0.00337,828.78638
120.08,4.01449,"15,768.32",0.00673,0.00324,828.77753
120.18,4.01786,"15,768.50",0.00668,0.00324,828.78711
120.28,4.02122,"15,769.85",0.00671,0.00323,828.85767
120.38,4.02451,"15,772.01",0.00674,0.00327,828.97131
120.48,4.02779,"15,772.23",0.00679,0.00325,828.98322
120.58,4.03123,"15,774.48",0.00674,0.00276,829.10138
120.68,4.0346,"15,776.28",0.00687,0.00283,829.19598
120.78,4.03773,"15,774.69",0.00683,0.00312,829.11249
120.88,4.04125,"15,778.08",0.00689,0.00339,829.29022
120.98,4.04461,"15,779.68",0.00682,0.00347,829.37439
121.08,4.04775,"15,777.43",0.00681,0.00357,829.25629
121.18,4.05126,"15,780.76",0.00684,0.00336,829.43140
121.28,4.05463,"15,782.10",0.00685,0.00333,829.50189
121.38,4.05784,"15,781.45",0.00692,0.00337,829.46741
121.48,4.0612,"15,781.90",0.0069,0.00345,829.49097
121.58,4.06449,"15,782.22",0.00689,0.00301,829.50824
121.68,4.06778,"15,783.66",0.00684,0.00327,829.58350
121.78,4.07114,"15,784.11",0.00671,0.00324,829.60742
121.88,4.07458,"15,786.84",0.00672,0.00321,829.75098
121.98,4.07787,"15,787.31",0.00678,0.00328,829.77545
122.08,4.08108,"15,785.81",0.00681,0.00334,829.69678
122.18,4.0846,"15,790.25",0.00682,0.00281,829.93018
122.28,4.08788,"15,792.00",0.00683,0.00297,830.02185
122.38,4.0911,"15,790.74",0.00686,0.00326,829.95563
122.48,4.09461,"15,794.45",0.00693,0.00339,830.15088
122.58,4.09797,"15,796.15",0.00686,0.00352,830.24036
122.68,4.10111,"15,797.37",0.00686,0.00362,830.30414
122.78,4.10455,"15,799.43",0.00686,0.00324,830.41235
122.88,4.10791,"15,799.63",0.0069,0.00331,830.42310
122.98,4.11113,"15,801.82",0.00687,0.00331,830.53809
123.08,4.11449,"15,803.61",0.0069,0.00342,830.63208
123.18,4.11793,"15,806.53",0.00685,0.00316,830.78589
123.28,4.12122,"15,807.64",0.00687,0.00318,830.84418
123.38,4.12451,"15,807.08",0.0067,0.00315,830.81470
123.48,4.12794,"15,811.66",0.00672,0.00321,831.05530
123.58,4.13123,"15,813.27",0.00672,0.00332,831.14008
123.68,4.13445,"15,812.82",0.00675,0.00331,831.11658
123.78,4.13781,"15,814.24",0.00683,0.00293,831.19116
123.88,4.14117,"15,815.84",0.00684,0.00292,831.27533
123.98,4.14446,"15,817.82",0.00686,0.00322,831.37897
124.08,4.1479,"15,819.69",0.00693,0.00339,831.47742
124.18,4.15134,"15,820.75",0.00686,0.00348,831.53308
124.28,4.15447,"15,821.23",0.00686,0.00356,831.55829
124.38,4.15784,"15,821.00",0.00688,0.00335,831.54651
124.48,4.16128,"15,823.99",0.00689,0.00328,831.70355
124.58,4.16449,"15,825.74",0.00688,0.00339,831.79565
124.68,4.16785,"15,824.44",0.00688,0.00339,831.72699
124.78,4.17129,"15,827.44",0.00688,0.0033,831.88458
124.88,4.17458,"15,828.39",0.00688,0.00321,831.93494
124.98,4.17787,"15,828.77",0.00675,0.00319,831.95459
125.08,4.18116,"15,829.69",0.00672,0.00328,832.00317
125.18,4.18452,"15,831.04",0.0067,0.00333,832.07391
125.28,4.18773,"15,831.72",0.0068,0.00336,832.10986
125.38,4.19117,"15,834.60",0.00684,0.00295,832.26093
125.48,4.19468,"15,836.21",0.00682,0.0029,832.34595
125.58,4.19775,"15,836.00",0.00683,0.00321,832.33478
125.68,4.20118,"15,836.52",0.00691,0.00345,832.36188
125.78,4.20462,"15,839.06",0.00682,0.00354,832.49567
125.88,4.20776,"15,840.67",0.00682,0.00357,832.58008
125.98,4.2112,"15,840.38",0.00685,0.00326,832.56500
126.08,4.21456,"15,842.56",0.00684,0.00334,832.67944
126.18,4.21793,"15,844.19",0.00682,0.00338,832.76532
126.28,4.22121,"15,844.35",0.00683,0.00341,832.77356
126.38,4.22458,"15,845.18",0.00684,0.00327,832.81732
126.48,4.22787,"15,845.55",0.00687,0.00318,832.83667
126.58,4.23108,"15,845.03",0.00668,0.00324,832.80933
126.68,4.23452,"15,846.94",0.0067,0.00325,832.90973
126.78,4.23803,"15,849.18",0.00685,0.00329,833.02734
126.88,4.24109,"15,847.72",0.00679,0.00339,832.95093
126.98,4.24461,"15,848.24",0.00681,0.00326,832.97797
127.08,4.24797,"15,850.54",0.00681,0.00299,833.09906
127.18,4.25111,"15,849.71",0.00681,0.00324,833.05511
127.28,4.25455,"15,849.00",0.00695,0.00343,833.01801
127.38,4.25791,"15,849.36",0.00683,0.00351,833.03711
127.48,4.2612,"15,849.38",0.00682,0.00361,833.03778
127.58,4.26449,"15,849.94",0.00683,0.00324,833.06726
127.68,4.26792,"15,850.56",0.00685,0.00329,833.09998
127.78,4.27129,"15,850.01",0.00682,0.0034,833.07086
127.88,4.27443,"15,849.25",0.00683,0.0034,833.03107
127.98,4.27786,"15,851.08",0.00678,0.00328,833.12714
128.08,4.2813,"15,851.85",0.00674,0.00317,833.16791
128.17999,4.28437,"15,849.74",0.00673,0.00323,833.05701
128.28,4.28788,"15,849.94",0.00682,0.0033,833.06757
128.38,4.29132,"15,851.62",0.00681,0.00332,833.15552
128.48,4.29446,"15,849.42",0.00679,0.00337,833.03992
128.58,4.29789,"15,849.70",0.00681,0.00311,833.05493
128.67999,4.30118,"15,849.34",0.00683,0.00307,833.03577
128.78,4.30447,"15,849.29",0.00682,0.00335,833.03296
128.88,4.30783,"15,847.96",0.00677,0.00348,832.96313
128.98,4.31127,"15,849.28",0.00674,0.00357,833.03265
129.08,4.31464,"15,849.47",0.00682,0.00366,833.04272
129.17999,4.31777,"15,845.34",0.00689,0.00328,832.82581
129.28,4.32121,"15,846.09",0.00688,0.00339,832.86499
129.38,4.32465,"15,846.52",0.00679,0.00341,832.88782
129.48,4.32771,"15,843.01",0.00684,0.00337,832.70306
129.58,4.33123,"15,843.96",0.00673,0.00326,832.75330
129.67999,4.33466,"15,843.41",0.00672,0.00321,832.72412
129.78,4.3378,"15,840.65",0.00681,0.00327,832.57910
129.88,4.34132,"15,840.71",0.00678,0.00331,832.58203
129.98,4.3446,"15,839.13",0.0068,0.00331,832.49902
130.08,4.34782,"15,836.35",0.0068,0.00321,832.35297
130.17999,4.35118,"15,835.06",0.0068,0.00292,832.28534
130.28,4.35455,"15,835.10",0.00681,0.00317,832.28748
130.38,4.35783,"15,835.14",0.00687,0.0034,832.28925
130.48,4.36112,"15,831.94",0.00678,0.00356,832.12128
130.58,4.36463,"15,831.85",0.0068,0.00365,832.11652
130.67999,4.36792,"15,833.66",0.00677,0.00332,832.21161
130.78,4.37106,"15,828.17",0.00686,0.0034,831.92297
130.88,4.37457,"15,827.64",0.00683,0.00336,831.89532
130.98,4.37786,"15,826.60",0.00687,0.00343,831.84070
131.08,4.38108,"15,823.86",0.00684,0.00325,831.69659
131.17999,4.38459,"15,824.59",0.0068,0.0032,831.73492
131.28,4.38795,"15,821.83",0.00679,0.00322,831.58984
131.38,4.39117,"15,818.03",0.00682,0.00326,831.39032
131.48,4.39453,"15,815.99",0.00685,0.00332,831.28302
131.58,4.39789,"15,813.65",0.00681,0.00339,831.15985
131.67999,4.40118,"15,812.34",0.00677,0.0029,831.09131
131.78,4.40447,"15,808.06",0.00677,0.00316,830.86639
131.88,4.40791,"15,805.91",0.00682,0.00339,830.75299
131.98,4.41127,"15,804.79",0.00685,0.00359,830.69421
132.08,4.41448,"15,799.85",0.00685,0.00364,830.43488
132.17999,4.41792,"15,798.77",0.00687,0.00333,830.37781
132.28,4.42121,"15,795.39",0.00683,0.0033,830.20050
132.38,4.42442,"15,790.82",0.00685,0.00334,829.95984
132.48,4.42786,"15,790.38",0.0068,0.00346,829.93689
132.58,4.43122,"15,787.84",0.00687,0.00326,829.80359
132.67999,4.43451,"15,784.65",0.00678,0.00324,829.63580
132.78,4.43788,"15,781.49",0.00673,0.00321,829.46948
132.88,4.44131,"15,780.17",0.00676,0.00327,829.40057
132.98,4.44453,"15,776.76",0.00682,0.0033,829.22095
133.08,4.44782,"15,771.70",0.00679,0.00333,828.95526
133.17999,4.45125,"15,769.83",0.00682,0.00299,828.85675
133.28,4.45454,"15,768.15",0.00676,0.00316,828.76849
133.38,4.45783,"15,764.78",0.00675,0.00338,828.59155
133.48,4.46127,"15,763.38",0.00676,0.00344,828.51770
133.58,4.46463,"15,761.24",0.00676,0.00356,828.40552
133.67999,4.46777,"15,756.76",0.00679,0.00358,828.16968
133.78,4.47121,"15,755.92",0.00687,0.00333,828.12573
133.88,4.47457,"15,754.43",0.0068,0.00343,828.04755
133.98,4.47786,"15,752.49",0.00686,0.00339,827.94543
134.08,4.48122,"15,750.79",0.00679,0.00325,827.85626
134.17999,4.48466,"15,750.07",0.00677,0.00325,827.81842
134.28,4.48788,"15,749.10",0.00675,0.00321,827.76727
134.38,4.49116,"15,745.78",0.00674,0.00329,827.59253
134.48,4.49453,"15,745.26",0.00678,0.00339,827.56555
134.58,4.49782,"15,744.76",0.00678,0.00336,827.53894
134.67999,4.50118,"15,742.86",0.00678,0.00327,827.43927
134.78,4.50462,"15,744.99",0.00678,0.00299,827.55127
134.88,4.50791,"15,743.37",0.0068,0.00328,827.46613
134.98,4.51119,"15,740.20",0.00679,0.00341,827.29938
135.08,4.51456,"15,742.47",0.0068,0.00358,827.41870
135.17999,4.51792,"15,741.96",0.00675,0.0036,827.39191
135.28,4.52113,"15,740.90",0.00676,0.00339,827.33624
135.38,4.5245,"15,740.94",0.00679,0.00335,827.33844
135.48,4.52801,"15,741.94",0.00683,0.00335,827.39075
135.58,4.53115,"15,743.15",0.00677,0.00341,827.45465
135.67999,4.53451,"15,742.24",0.00689,0.00323,827.40680
135.78,4.53795,"15,743.88",0.00673,0.00323,827.49286
135.88,4.54109,"15,742.96",0.00682,0.00324,827.44427
135.98,4.54445,"15,742.83",0.00681,0.00332,827.43774
136.08,4.54789,"15,746.08",0.00677,0.00338,827.60858
136.17999,4.55118,"15,747.53",0.00677,0.00342,827.68488
136.28,4.55454,"15,747.21",0.00674,0.00277,827.66809
136.38,4.5579,"15,749.08",0.00676,0.00312,827.76630
136.48,4.56134,"15,751.10",0.00681,0.00338,827.87225
136.58,4.56448,"15,750.15",0.00679,0.00346,827.82257
136.67999,4.56784,"15,752.00",0.00683,0.00357,827.91986
136.78,4.57128,"15,753.32",0.00678,0.00357,827.98907
136.88,4.57442,"15,753.34",0.00686,0.00324,827.99005
136.98,4.57786,"15,754.96",0.00682,0.00341,828.07507
137.08,4.58137,"15,758.00",0.0068,0.00338,828.23486
137.17999,4.58444,"15,757.91",0.00683,0.00353,828.23029
137.28,4.58787,"15,758.50",0.00682,0.00332,828.26129
137.38,4.59124,"15,761.72",0.00679,0.00327,828.43073
137.48,4.59453,"15,764.45",0.00665,0.00328,828.57416
137.58,4.59789,"15,763.95",0.00671,0.00333,828.54791
137.67999,4.60125,"15,766.37",0.00671,0.00336,828.67474
137.78,4.60469,"15,768.87",0.00677,0.00337,828.80646
137.88,4.60775,"15,767.43",0.00678,0.00279,828.73083
137.98,4.61119,"15,769.66",0.00676,0.00309,828.84790
138.08,4.61463,"15,771.79",0.00682,0.00341,828.95972
138.17999,4.61769,"15,770.44",0.00676,0.0035,828.88867
138.28,4.62128,"15,773.63",0.00682,0.00359,829.05670
138.38,4.62464,"15,777.42",0.00685,0.00366,829.25598
138.48,4.62778,"15,775.71",0.00684,0.00334,829.16602
138.58,4.6313,"15,778.25",0.00682,0.00342,829.29956
138.67999,4.63458,"15,780.52",0.00677,0.0034,829.41876
138.78,4.6378,"15,781.20",0.0068,0.00355,829.45465
138.88,4.64116,"15,782.60",0.00687,0.0035,829.52777
138.98,4.64452,"15,784.19",0.00681,0.00331,829.61163
139.08,4.64796,"15,787.26",0.00677,0.00329,829.77313
139.17999,4.6511,"15,787.75",0.0068,0.00332,829.79846
139.28,4.65454,"15,792.08",0.00676,0.00331,830.02655
139.38,4.65798,"15,795.14",0.00678,0.00338,830.18707
139.48,4.66097,"15,793.13",0.00678,0.00275,830.08118
139.58,4.66455,"15,798.21",0.00677,0.00303,830.34839
139.67999,4.66799,"15,802.03",0.00682,0.00336,830.54901
139.78,4.67113,"15,802.79",0.00685,0.00341,830.58917
139.88,4.67464,"15,805.17",0.00676,0.00356,830.71454
139.98,4.67793,"15,807.47",0.00676,0.00362,830.83508
140.08,4.68122,"15,809.67",0.00683,0.0034,830.95062
140.17999,4.68451,"15,811.97",0.00681,0.0034,831.07172
140.28,4.6878,"15,812.97",0.00678,0.00343,831.12421
140.38,4.69116,"15,815.06",0.0068,0.00341,831.23419
140.48,4.69445,"15,816.39",0.00679,0.00325,831.30396
140.58,4.69789,"15,821.21",0.00677,0.00324,831.55719
140.67999,4.70125,"15,824.15",0.00668,0.0033,831.71185
140.78,4.70439,"15,823.57",0.00673,0.00334,831.68115
140.88,4.70783,"15,826.49",0.00673,0.0034,831.83472
140.98,4.71119,"15,829.66",0.00679,0.00344,832.00165
141.08,4.7144,"15,831.03",0.00676,0.00301,832.07330
141.17999,4.71792,"15,835.19",0.00676,0.00299,832.29193
141.28,4.7212,"15,836.75",0.00681,0.00338,832.37384
141.38,4.72449,"15,839.27",0.0068,0.00346,832.50665
141.48,4.72786,"15,841.38",0.0068,0.00351,832.61737
141.58,4.73114,"15,842.75",0.00684,0.00366,832.68970
141.67999,4.73451,"15,845.65",0.00681,0.00349,832.84204
141.78,4.73772,"15,846.16",0.00684,0.0034,832.86890
141.88,4.74123,"15,850.47",0.00686,0.00337,833.09509
141.98,4.7446,"15,854.64",0.00683,0.00341,833.31421
142.08,4.74781,"15,854.00",0.00675,0.00336,833.28076
142.17999,4.75125,"15,856.76",0.00673,0.00331,833.42578
142.28,4.75461,"15,859.12",0.00669,0.00329,833.54993
142.38,4.75775,"15,859.66",0.0067,0.00324,833.57843
142.48,4.76119,"15,862.60",0.00676,0.00327,833.73303
142.58,4.76455,"15,864.12",0.0068,0.00338,833.81287
142.67999,4.76784,"15,865.41",0.00681,0.00334,833.88055
142.78,4.7712,"15,867.17",0.00679,0.00296,833.97290
142.88,4.77464,"15,868.06",0.00683,0.00328,834.01953
142.98,4.77785,"15,868.70",0.00681,0.00346,834.05359
143.08,4.78107,"15,866.94",0.00672,0.00358,833.96063
143.17999,4.78458,"15,869.95",0.00683,0.00361,834.11914
143.28,4.78787,"15,872.55",0.00683,0.00331,834.25574
143.38,4.79116,"15,870.25",0.0068,0.00333,834.13477
143.48,4.7946,"15,870.45",0.00676,0.00335,834.14520
143.58,4.79796,"15,870.92",0.00676,0.00356,834.16992
143.67999,4.8011,"15,869.82",0.00673,0.0032,834.11212
143.78,4.80454,"15,870.64",0.00668,0.0032,834.15558
143.88,4.8079,"15,869.22",0.00679,0.00332,834.08075
143.98,4.81111,"15,867.74",0.00685,0.00327,834.00281
144.08,4.81455,"15,868.29",0.00683,0.00334,834.03186
144.17999,4.81799,"15,867.97",0.00682,0.00337,834.01489
144.28,4.8212,"15,867.33",0.00679,0.00285,833.98151
144.38,4.82449,"15,864.60",0.00679,0.00305,833.83807
144.48,4.82793,"15,865.56",0.0068,0.00336,833.88818
144.58,4.83114,"15,864.70",0.00678,0.00351,833.84320
144.67999,4.83451,"15,861.89",0.00675,0.00353,833.69537
144.78,4.83794,"15,863.69",0.00676,0.00351,833.78998
144.88,4.84123,"15,860.69",0.00674,0.00333,833.63232
144.98,4.84452,"15,858.16",0.00681,0.00328,833.49945
145.08,4.84788,"15,858.21",0.00677,0.00344,833.50208
145.17999,4.85125,"15,856.68",0.0068,0.00343,833.42157
145.28,4.85439,"15,852.43",0.00681,0.00321,833.19830
145.38,4.85782,"15,851.54",0.00667,0.00324,833.15137
145.48,4.86134,"15,850.71",0.0067,0.00322,833.10779
145.58,4.8644,"15,849.74",0.0068,0.0033,833.05670
145.67999,4.86791,"15,846.58",0.00678,0.00335,832.89087
145.78,4.87128,"15,845.82",0.00681,0.00294,832.85059
145.88,4.87449,"15,842.95",0.00678,0.00298,832.70001
145.98,4.87778,"15,841.31",0.00679,0.00321,832.61389
146.08,4.88122,"15,840.93",0.0068,0.00341,832.59375
146.17999,4.88458,"15,838.31",0.00672,0.0035,832.45612
146.28,4.88787,"15,835.48",0.00684,0.00362,832.30731
146.38,4.89123,"15,835.38",0.00672,0.00321,832.30231
146.48,4.89467,"15,834.10",0.00669,0.00337,832.23462
146.58,4.89773,"15,829.46",0.00671,0.00333,831.99097
146.67999,4.90117,"15,827.41",0.00674,0.0034,831.88312
146.78,4.90461,"15,827.38",0.00673,0.00322,831.88165
146.88,4.90775,"15,824.57",0.0067,0.00321,831.73419
146.98,4.91126,"15,823.53",0.00676,0.0033,831.67950
147.08,4.91462,"15,823.09",0.00675,0.00327,831.65601
147.17999,4.91776,"15,820.68",0.00677,0.00332,831.52972
147.28,4.9212,"15,819.60",0.00676,0.00339,831.47260
147.38,4.92449,"15,818.98",0.0068,0.00282,831.44019
147.48,4.92785,"15,818.53",0.00681,0.00317,831.41663
147.58,4.93114,"15,815.89",0.00681,0.00341,831.27771
147.67999,4.9345,"15,817.46",0.00674,0.00349,831.36017
147.78,4.93794,"15,817.91",0.00676,0.00356,831.38373
147.88,4.94108,"15,815.31",0.00675,0.00328,831.24719
147.98,4.94452,"15,815.00",0.00671,0.00328,831.23096
148.08,4.94796,"15,815.68",0.00671,0.00339,831.26666
148.17999,4.95102,"15,813.88",0.0067,0.00342,831.17212
148.28,4.95453,"15,814.34",0.0067,0.00317,831.19635
148.38,4.95797,"15,813.56",0.00667,0.0032,831.15527
148.48,4.96111,"15,812.02",0.0067,0.00316,831.07428
148.58,4.96462,"15,811.91",0.0067,0.00323,831.06873
148.67999,4.96791,"15,812.76",0.00666,0.00333,831.11310
148.78,4.9712,"15,810.87",0.00679,0.00333,831.01404
148.88,4.97449,"15,809.11",0.00678,0.00295,830.92151
148.98,4.97785,"15,809.52",0.00678,0.00296,830.94287
149.08,4.98121,"15,810.64",0.0068,0.00324,831.00195
149.17999,4.9845,"15,810.10",0.00665,0.00342,830.97345
149.28,4.98787,"15,809.18",0.00679,0.00346,830.92499
149.38,4.9913,"15,809.32",0.00679,0.00357,830.93231
149.48,4.99444,"15,808.30",0.00673,0.0032,830.87885
149.58,4.99788,"15,810.23",0.00677,0.00331,830.98041
149.67999,5.00124,"15,810.37",0.00674,0.00334,830.98773
149.78,5.00446,"15,808.24",0.00674,0.00337,830.87543
149.88,5.00797,"15,810.15",0.00685,0.00319,830.97607
149.98,5.01126,"15,810.55",0.00672,0.00317,830.99707
150.08,5.01455,"15,809.86",0.00673,0.00324,830.96082
150.17999,5.01784,"15,808.96",0.00673,0.00326,830.91376
150.28,5.02112,"15,808.94",0.00672,0.00329,830.91260
150.38,5.02456,"15,811.02",0.00679,0.00336,831.02179
150.48,5.02778,"15,809.75",0.00676,0.00275,830.95520
150.58,5.03129,"15,810.64",0.00682,0.00311,831.00201
150.67999,5.03465,"15,811.06",0.0068,0.00337,831.02393
150.78,5.03779,"15,809.71",0.0067,0.00342,830.95300
150.88,5.04123,"15,810.00",0.00673,0.0036,830.96826
150.98,5.04459,"15,810.65",0.0067,0.00348,831.00250
151.08,5.0478,"15,810.33",0.00677,0.00328,830.98529
151.17999,5.05124,"15,810.28",0.0067,0.00333,830.98297
151.28,5.05461,"15,811.07",0.00682,0.00337,831.02460
151.38,5.05789,"15,812.05",0.00684,0.00344,831.07581
151.48,5.06126,"15,811.72",0.0067,0.00329,831.05847
151.58,5.06455,"15,811.74",0.00682,0.00319,831.05969
151.67999,5.06791,"15,813.81",0.00682,0.00322,831.16840
151.78,5.07105,"15,811.46",0.00683,0.00326,831.04510
151.88,5.07456,"15,814.19",0.0068,0.0033,831.18848
151.98,5.07792,"15,815.83",0.00681,0.00322,831.27466
152.08,5.08106,"15,812.79",0.00676,0.0029,831.11481
152.17999,5.08457,"15,815.85",0.00678,0.0032,831.27570
152.28,5.08794,"15,817.13",0.00677,0.00339,831.34308
152.38,5.09108,"15,815.32",0.00676,0.0035,831.24756
152.48,5.09452,"15,816.61",0.00673,0.00359,831.31580
152.58,5.09788,"15,817.34",0.0068,0.00348,831.35413
152.67999,5.10117,"15,818.51",0.00683,0.00338,831.41541
152.78,5.10453,"15,819.12",0.00686,0.00337,831.44763
152.88,5.10797,"15,819.25",0.00678,0.0034,831.45435
152.98,5.11118,"15,821.19",0.00673,0.00328,831.55634
153.08,5.11447,"15,818.95",0.00672,0.00326,831.43872
153.17999,5.11791,"15,821.36",0.00671,0.00319,831.56537
153.28,5.1212,"15,822.38",0.00674,0.00326,831.61890
153.38,5.12441,"15,819.72",0.00679,0.0033,831.47888
153.48,5.128,"15,823.50",0.0068,0.00337,831.67761
153.58,5.13129,"15,823.83",0.00677,0.00294,831.69501
153.67999,5.1345,"15,822.04",0.00681,0.00291,831.60089
153.78,5.13786,"15,822.81",0.00684,0.00325,831.64166
153.88,5.14123,"15,823.36",0.00684,0.00344,831.67017
153.98,5.14444,"15,823.26",0.00678,0.00354,831.66534
154.08,5.1478,"15,823.44",0.00676,0.00363,831.67462
154.17999,5.15132,"15,824.50",0.00676,0.00341,831.72998
154.28,5.15453,"15,823.52",0.00681,0.0033,831.67871
154.38,5.15789,"15,823.17",0.00683,0.00332,831.66028
154.48,5.16126,"15,824.49",0.00673,0.00337,831.72998
154.58,5.16447,"15,823.73",0.00678,0.00323,831.68964
154.67999,5.16783,"15,821.44",0.00678,0.00321,831.56940
154.78,5.17127,"15,822.28",0.00679,0.0032,831.61334
154.88,5.17456,"15,821.93",0.0068,0.00322,831.59540
154.98,5.17785,"15,820.68",0.00679,0.00326,831.52942
155.08,5.18128,"15,820.77",0.0068,0.00332,831.53430
155.17999,5.18465,"15,819.51",0.00674,0.00279,831.46814
155.28,5.18779,"15,817.58",0.00676,0.00297,831.36676
155.38,5.19115,"15,817.12",0.00678,0.00327,831.34216
155.48,5.19466,"15,818.96",0.00671,0.00336,831.43896
155.58,5.1978,"15,814.92",0.00677,0.00354,831.22693
155.67999,5.20124,"15,812.84",0.00678,0.00357,831.11725
155.78,5.20468,"15,814.67",0.0068,0.00335,831.21375
155.88,5.20782,"15,813.02",0.00677,0.00334,831.12701
155.98,5.21118,"15,809.84",0.00684,0.00335,830.95990
156.08,5.21454,"15,810.01",0.00679,0.00325,830.96893
156.17999,5.21791,"15,810.22",0.00678,0.00325,830.97949
156.28,5.22112,"15,807.94",0.00669,0.00325,830.85992
156.38,5.22456,"15,808.63",0.00676,0.00328,830.89612
156.48,5.22799,"15,806.47",0.00673,0.00324,830.78278
156.58,5.23106,"15,804.08",0.00679,0.00333,830.65704
156.67999,5.2345,"15,803.40",0.00679,0.00294,830.62103
156.78,5.23794,"15,802.96",0.00681,0.00293,830.59821
156.88,5.24107,"15,801.02",0.0068,0.00318,830.49628
156.98,5.24451,"15,798.71",0.00676,0.00332,830.37500
157.08,5.24795,"15,799.35",0.00681,0.00344,830.40845
157.17999,5.25116,"15,797.13",0.00678,0.00362,830.29163
157.28,5.2546,"15,795.22",0.0068,0.00328,830.19135
157.38,5.25789,"15,794.04",0.0068,0.00333,830.12946
157.48,5.26118,"15,792.99",0.00678,0.00332,830.07434
157.58,5.26447,"15,791.01",0.00677,0.00339,829.97003
157.67999,5.26783,"15,791.29",0.00681,0.00329,829.98492
157.78,5.27127,"15,790.68",0.00671,0.00322,829.95251
157.88,5.27448,"15,786.63",0.00672,0.00326,829.74005
157.98,5.27792,"15,786.26",0.00674,0.0032,829.72040
158.08,5.28128,"15,785.50",0.00678,0.0033,829.68060
158.17999,5.28442,"15,782.80",0.00679,0.00328,829.53870
158.28,5.28786,"15,780.25",0.00678,0.00278,829.40454
158.38,5.29122,"15,779.66",0.00678,0.00308,829.37347
158.48,5.29451,"15,777.36",0.00681,0.0033,829.25275
158.58,5.29795,"15,776.73",0.00664,0.00352,829.21924
158.67999,5.30124,"15,775.42",0.00673,0.00363,829.15051
158.78,5.30453,"15,772.38",0.00668,0.00371,828.99097
158.88,5.30781,"15,771.54",0.00678,0.00331,828.94666
158.98,5.31118,"15,769.74",0.00679,0.00335,828.85199
159.08,5.31462,"15,769.68",0.00678,0.00337,828.84894
159.17999,5.31775,"15,765.53",0.00678,0.0034,828.63098
159.28,5.32127,"15,765.85",0.00679,0.00316,828.64740
159.38,5.32463,"15,766.58",0.00671,0.00317,828.68585
159.48,5.32777,"15,762.58",0.00676,0.00329,828.47571
159.58,5.33121,"15,761.99",0.00676,0.00325,828.44458
159.67999,5.33457,"15,759.66",0.00673,0.00333,828.32208
159.78,5.33778,"15,757.87",0.00676,0.0027,828.22833
159.88,5.34122,"15,756.82",0.00678,0.00291,828.17291
159.98,5.34458,"15,755.85",0.00678,0.00333,828.12225
160.08,5.34787,"15,755.05",0.00672,0.00337,828.07983
160.17999,5.35116,"15,751.12",0.00672,0.00341,827.87354
160.28,5.35445,"15,750.83",0.00673,0.0036,827.85809
160.38,5.35789,"15,750.71",0.00675,0.00321,827.85193
160.48,5.3611,"15,747.35",0.00675,0.00335,827.67529
160.58,5.36454,"15,746.71",0.00682,0.00333,827.64178
160.67999,5.36798,"15,746.86",0.00673,0.0034,827.64948
160.78,5.37112,"15,743.04",0.00677,0.00327,827.44897
160.88,5.37455,"15,743.15",0.0067,0.0032,827.45428
160.98,5.37792,"15,741.29",0.00673,0.0032,827.35675
161.08,5.38113,"15,738.29",0.00675,0.00326,827.19934
161.17999,5.38457,"15,738.29",0.00671,0.00332,827.19928
161.28,5.38793,"15,736.95",0.00673,0.00313,827.12860
161.38,5.39122,"15,735.79",0.00669,0.00282,827.06787
161.48,5.39451,"15,732.57",0.00673,0.00303,826.89832
161.58,5.39787,"15,732.73",0.0067,0.00334,826.90668
161.67999,5.40124,"15,732.88",0.00669,0.00348,826.91473
161.78,5.40445,"15,729.18",0.00669,0.00356,826.72021
161.88,5.40789,"15,728.26",0.00672,0.00348,826.67194
161.98,5.41125,"15,727.92",0.00673,0.00337,826.65411
162.08,5.41446,"15,725.24",0.00678,0.00333,826.51337
162.17999,5.41798,"15,726.39",0.00675,0.00333,826.57367
162.28,5.42126,"15,724.16",0.00675,0.00336,826.45642
162.38,5.4244,"15,721.25",0.00672,0.00317,826.30334
162.48,5.42784,"15,721.38",0.00674,0.00317,826.31024
162.58,5.4312,"15,720.83",0.00675,0.00321,826.28113
162.67999,5.43449,"15,720.25",0.00672,0.00321,826.25079
162.78,5.43786,"15,718.05",0.00677,0.00331,826.13556
162.88,5.44122,"15,718.22",0.00678,0.00275,826.14429
162.98,5.44451,"15,718.22",0.00674,0.00288,826.14398
163.08,5.4478,"15,714.89",0.00673,0.00323,825.96930
163.17999,5.45123,"15,715.58",0.00665,0.00356,826.00531
163.28,5.45452,"15,714.78",0.0067,0.00352,825.96338
163.38,5.45781,"15,712.10",0.00672,0.00349,825.82275
163.48,5.46125,"15,713.92",0.00676,0.00328,825.91809
163.58,5.46461,"15,713.72",0.00672,0.00332,825.90784
163.67999,5.46775,"15,710.60",0.00665,0.0033,825.74384
163.78,5.47119,"15,711.97",0.00671,0.00332,825.81561
163.88,5.47463,"15,711.36",0.00664,0.00316,825.78381
163.98,5.47777,"15,709.83",0.00673,0.00321,825.70306
164.08,5.4812,"15,708.85",0.00672,0.00321,825.65179
164.17999,5.48464,"15,708.21",0.00671,0.00319,825.61810
164.28,5.48786,"15,707.77",0.00666,0.00323,825.59503
164.38,5.49122,"15,705.33",0.00671,0.00326,825.46655
164.48,5.49466,"15,706.15",0.0067,0.00289,825.50958
164.58,5.4978,"15,704.27",0.00674,0.00314,825.41077
164.67999,5.50108,"15,702.19",0.00667,0.00334,825.30151
164.78,5.5046,"15,705.00",0.00673,0.00346,825.44946
164.88,5.50796,"15,705.16",0.0067,0.00358,825.45770
164.98,5.5111,"15,702.05",0.00671,0.00334,825.29419
165.08,5.51454,"15,701.85",0.00672,0.00325,825.28406
165.17999,5.51797,"15,703.43",0.00675,0.00335,825.36670
165.28,5.52111,"15,702.53",0.00672,0.00335,825.31976
165.38,5.52455,"15,702.70",0.00676,0.00323,825.32849
165.48,5.52791,"15,702.12",0.00667,0.00327,825.29810
165.58,5.53113,"15,700.95",0.00666,0.00322,825.23645
165.67999,5.53457,"15,701.24",0.00674,0.00323,825.25153
165.78,5.538,"15,703.36",0.00673,0.00328,825.36304
165.88,5.54114,"15,701.77",0.00671,0.00319,825.27979
165.98,5.54451,"15,699.93",0.00671,0.0027,825.18286
166.08,5.54787,"15,702.12",0.00673,0.00296,825.29797
166.17999,5.55123,"15,703.66",0.0067,0.00328,825.37909
166.28,5.55452,"15,702.51",0.00663,0.00342,825.31848
166.38,5.55788,"15,703.78",0.00664,0.00348,825.38519
166.48,5.56132,"15,704.52",0.00671,0.00358,825.42432
166.58,5.56446,"15,703.50",0.00671,0.00329,825.37042
166.67999,5.56782,"15,704.86",0.00674,0.00331,825.44226
166.78,5.57119,"15,704.43",0.0067,0.0033,825.41943
166.88,5.5744,"15,703.71",0.00667,0.00336,825.38165
166.98,5.57791,"15,705.38",0.00669,0.00329,825.46912
167.08,5.58128,"15,707.12",0.00673,0.00314,825.56061
167.17999,5.58449,"15,707.39",0.00671,0.00317,825.57526
167.28,5.58793,"15,707.21",0.00671,0.00322,825.56555
167.38,5.59114,"15,708.25",0.00672,0.00332,825.62036
167.48,5.5945,"15,709.35",0.00674,0.00331,825.67798
167.58,5.59779,"15,708.30",0.00674,0.0027,825.62305
167.67999,5.60116,"15,709.08",0.00672,0.00297,825.66357
167.78,5.60459,"15,711.45",0.00672,0.00325,825.78827
167.88,5.60773,"15,710.18",0.00664,0.00339,825.72186
167.98,5.61125,"15,711.55",0.00675,0.00356,825.79388
168.08,5.61468,"15,713.07",0.00669,0.00372,825.87329
168.17999,5.61767,"15,710.99",0.00672,0.00337,825.76422
168.28,5.62126,"15,712.73",0.00672,0.00325,825.85577
168.38,5.62462,"15,714.55",0.00674,0.00335,825.95117
168.48,5.62784,"15,713.88",0.00679,0.00338,825.91614
168.58,5.6312,"15,714.84",0.00677,0.00302,825.96649
168.67999,5.63456,"15,715.41",0.00673,0.00313,825.99646
168.78,5.63793,"15,717.69",0.00668,0.00313,826.11646
168.88,5.64114,"15,716.92",0.00669,0.00327,826.07568
168.98,5.6445,"15,716.97",0.00672,0.00327,826.07861
169.08,5.64794,"15,719.77",0.00675,0.00292,826.22565
169.17999,5.65108,"15,718.51",0.00678,0.00285,826.15961
169.28,5.65459,"15,719.46",0.00676,0.00315,826.20953
169.38,5.65796,"15,721.23",0.00672,0.00335,826.30267
169.48,5.6611,"15,719.17",0.00669,0.00342,826.19434
169.58,5.66453,"15,721.17",0.00672,0.00355,826.29919
169.67999,5.6679,"15,721.32",0.00674,0.00345,826.30713
169.78,5.67111,"15,720.87",0.00674,0.00323,826.28369
169.88,5.67455,"15,722.26",0.00678,0.00335,826.35681
169.98,5.67791,"15,722.23",0.00674,0.00336,826.35486
170.08,5.68127,"15,723.57",0.00678,0.00327,826.42523
170.17999,5.68449,"15,722.47",0.00679,0.00315,826.36743
170.28,5.68785,"15,723.00",0.00674,0.00318,826.39545
170.38,5.69121,"15,724.20",0.00671,0.0032,826.45868
170.48,5.69443,"15,722.24",0.00675,0.00322,826.35535
170.58,5.69794,"15,725.23",0.00672,0.00331,826.51263
170.67999,5.7013,"15,726.60",0.00673,0.00319,826.58484
170.78,5.70444,"15,723.81",0.00673,0.00279,826.43811
170.88,5.70788,"15,725.29",0.00674,0.00321,826.51587
170.98,5.71132,"15,725.85",0.00667,0.00333,826.54529
171.08,5.71446,"15,724.27",0.00671,0.00346,826.46246
171.17999,5.7179,"15,724.58",0.00673,0.00355,826.47839
171.28,5.72126,"15,723.86",0.00674,0.00327,826.44086
171.38,5.72455,"15,723.80",0.00675,0.00328,826.43744
171.48,5.72784,"15,722.17",0.00669,0.00332,826.35162
171.58,5.73127,"15,722.20",0.00676,0.00336,826.35352
171.67999,5.73449,"15,721.36",0.00679,0.00327,826.30908
171.78,5.7377,"15,717.82",0.00674,0.00321,826.12329
171.88,5.74121,"15,719.65",0.00672,0.00314,826.21954
171.98,5.74458,"15,719.42",0.00676,0.00325,826.20746
172.08,5.74779,"15,716.81",0.00673,0.00331,826.06989
172.17999,5.7513,"15,716.16",0.00671,0.00324,826.03601
172.28,5.75459,"15,715.73",0.00673,0.00278,826.01355
172.38,5.7578,"15,714.08",0.00674,0.00306,825.92688
172.48,5.76124,"15,714.04",0.00677,0.00331,825.92450
172.58,5.76461,"15,713.10",0.00662,0.00344,825.87531
172.67999,5.76782,"15,711.76",0.00674,0.00355,825.80457
172.78,5.77118,"15,710.00",0.00674,0.00362,825.71228
172.88,5.77462,"15,712.15",0.00678,0.00328,825.82501
172.98,5.77783,"15,712.14",0.00681,0.00338,825.82477
173.08,5.78112,"15,708.18",0.00677,0.00343,825.61676
173.17999,5.78456,"15,709.08",0.00678,0.00341,825.66406
173.28,5.78785,"15,708.52",0.00671,0.00322,825.63440
173.38,5.79106,"15,706.54",0.00672,0.00316,825.53015
173.48,5.79458,"15,708.78",0.00675,0.0032,825.64795
173.58,5.79794,"15,707.03",0.00674,0.00325,825.55627
173.67999,5.80115,"15,705.73",0.00673,0.00335,825.48792
173.78,5.80451,"15,707.66",0.00675,0.00325,825.58917
173.88,5.80795,"15,707.42",0.0067,0.00278,825.57648
173.98,5.81109,"15,705.34",0.00672,0.00311,825.46722
174.08,5.81453,"15,704.93",0.00667,0.0033,825.44568
174.17999,5.81797,"15,706.45",0.00665,0.00345,825.52582
174.28,5.82118,"15,707.09",0.00676,0.0036,825.55920
174.38,5.82454,"15,705.17",0.00673,0.00322,825.45807
174.48,5.82791,"15,706.18",0.00668,0.00329,825.51135
174.58,5.8312,"15,707.32",0.00666,0.00342,825.57111
174.67999,5.83449,"15,706.04",0.00674,0.00339,825.50397
174.78,5.83792,"15,709.01",0.00672,0.00334,825.66003
174.88,5.84129,"15,708.18",0.00669,0.00329,825.61664
174.98,5.8445,"15,707.40",0.0067,0.00323,825.57532
175.08,5.84794,"15,709.18",0.00669,0.00327,825.66895
175.17999,5.8513,"15,710.74",0.00669,0.0033,825.75116
175.28,5.85444,"15,707.92",0.00669,0.00325,825.60309
175.38,5.8578,"15,707.61",0.00666,0.00301,825.58673
175.48,5.86124,"15,709.43",0.00667,0.00294,825.68237
175.58,5.86445,"15,708.78",0.00667,0.00331,825.64795
175.67999,5.86789,"15,708.48",0.00669,0.0034,825.63245
175.78,5.87126,"15,708.44",0.00665,0.00356,825.63037
175.88,5.87454,"15,709.29",0.0067,0.00356,825.67474
175.98,5.87783,"15,707.26",0.00666,0.00327,825.56793
176.08,5.88112,"15,708.39",0.00669,0.00337,825.62750
176.17999,5.88448,"15,707.89",0.00663,0.0034,825.60144
176.28,5.88777,"15,706.73",0.00668,0.00344,825.54053
176.38,5.89114,"15,708.41",0.00676,0.0033,825.62842
176.48,5.89465,"15,709.49",0.00672,0.0032,825.68549
176.58,5.89779,"15,708.56",0.00669,0.00324,825.63647
176.67999,5.90115,"15,707.84",0.00666,0.00332,825.59851
176.78,5.90459,"15,709.72",0.00669,0.00335,825.69757
176.88,5.90773,"15,708.34",0.0067,0.00343,825.62469
176.98,5.91124,"15,710.06",0.0067,0.00308,825.71558
177.08,5.9146,"15,711.33",0.00666,0.00294,825.78229
177.17999,5.91782,"15,711.44",0.0067,0.00331,825.78796
177.28,5.92125,"15,711.53",0.00662,0.00344,825.79254
177.38,5.92454,"15,712.94",0.00666,0.00355,825.86658
177.48,5.92791,"15,713.93",0.0067,0.00364,825.91870
177.58,5.93119,"15,712.13",0.00668,0.00331,825.82440
177.67999,5.93448,"15,713.33",0.00669,0.00337,825.88727
177.78,5.938,"15,715.72",0.0067,0.00337,826.01263
177.88,5.94113,"15,713.51",0.0067,0.00344,825.89667
177.98,5.94457,"15,713.57",0.00671,0.00328,825.89966
178.08,5.94794,"15,714.47",0.0067,0.00326,825.94714
178.17999,5.95107,"15,713.96",0.00671,0.00331,825.92047
178.28,5.95459,"15,715.07",0.0067,0.00325,825.97888
178.38,5.95795,"15,715.94",0.00672,0.00338,826.02448
178.48,5.96116,"15,715.43",0.00673,0.00339,825.99750
178.58,5.9646,"15,716.71",0.00675,0.00287,826.06494
178.67999,5.96789,"15,717.50",0.00671,0.00312,826.10657
178.78,5.97125,"15,718.23",0.00668,0.00339,826.14459
178.88,5.97447,"15,715.68",0.00667,0.00347,826.01093
178.98,5.97783,"15,716.00",0.00667,0.00357,826.02777
179.08,5.98127,"15,719.48",0.00672,0.00361,826.21045
179.17999,5.98441,"15,717.96",0.00672,0.00334,826.13037
179.28,5.98792,"15,720.25",0.00672,0.00338,826.25110
179.38,5.99128,"15,720.38",0.00671,0.00339,826.25757
179.48,5.99442,"15,719.34",0.00673,0.00338,826.20319
179.58,5.99793,"15,721.55",0.00669,0.00333,826.31921
179.67999,6.0013,"15,721.93",0.00667,0.00324,826.33899
179.78,6.00444,"15,721.20",0.00667,0.00323,826.30078
179.88,6.00787,"15,722.21",0.00669,0.00335,826.35388
179.98,6.01131,"15,724.62",0.00669,0.00337,826.48041
180.08,6.0146,"15,726.24",0.00667,0.00334,826.56567
180.17999,6.01781,"15,725.38",0.00671,0.00287,826.52063
180.28,6.02118,"15,725.57",0.00668,0.00325,826.53046
180.38,6.02454,"15,728.02",0.00663,0.00339,826.65948
180.48,6.02768,"15,726.96",0.00659,0.00347,826.60376
180.58,6.03127,"15,730.17",0.00665,0.00356,826.77234
180.67999,6.03463,"15,731.07",0.00672,0.00347,826.81982
180.78,6.03777,"15,728.77",0.00666,0.00333,826.69879
180.88,6.04128,"15,732.43",0.00671,0.00337,826.89117
180.98,6.04464,"15,733.53",0.00673,0.00348,826.94916
181.08,6.04786,"15,732.90",0.00677,0.00338,826.91589
181.17999,6.05122,"15,732.83",0.00667,0.0033,826.91205
181.28,6.05458,"15,734.29",0.00668,0.00325,826.98889
181.38,6.0578,"15,735.31",0.00672,0.0033,827.04254
181.48,6.06116,"15,734.64",0.00672,0.00333,827.00708
181.58,6.0646,"15,736.35",0.00672,0.00335,827.09729
181.67999,6.06789,"15,736.23",0.00671,0.00346,827.09094
181.78,6.0711,"15,733.54",0.00671,0.00295,826.94958
181.88,6.07454,"15,736.12",0.00667,0.00327,827.08514
181.98,6.0779,"15,736.80",0.00661,0.00344,827.12067
182.08,6.08112,"15,733.92",0.00657,0.00362,826.96924
182.17999,6.08463,"15,737.32",0.00668,0.00358,827.14795
182.28,6.08799,"15,737.06",0.00667,0.00344,827.13428
182.38,6.09113,"15,735.15",0.00667,0.00347,827.03394
182.48,6.09449,"15,735.24",0.00666,0.00341,827.03888
182.58,6.09786,"15,734.01",0.00664,0.00343,826.97430
182.67999,6.10107,"15,734.34",0.00666,0.00322,826.99133
182.78,6.10451,"15,734.40",0.00664,0.00327,826.99487
182.88,6.10795,"15,734.77",0.00664,0.0032,827.01410
182.98,6.11124,"15,733.74",0.00667,0.00326,826.96014
183.08,6.11445,"15,730.41",0.00669,0.00331,826.78497
183.17999,6.11789,"15,731.17",0.00672,0.00334,826.82477
183.28,6.12118,"15,730.34",0.00661,0.00327,826.78131
183.38,6.12446,"15,725.73",0.00663,0.00297,826.53918
183.48,6.1279,"15,726.94",0.00662,0.00333,826.60254
183.58,6.13134,"15,725.00",0.00665,0.00349,826.50085
183.67999,6.13448,"15,722.94",0.00664,0.00369,826.39227
183.78,6.13792,"15,722.63",0.00667,0.00375,826.37604
183.88,6.14128,"15,719.41",0.00664,0.00342,826.20685
183.98,6.14442,"15,717.84",0.0067,0.00341,826.12433
184.08,6.14786,"15,716.21",0.00675,0.00342,826.03870
184.17999,6.15122,"15,715.52",0.0067,0.00368,826.00232
184.28,6.15451,"15,714.86",0.00671,0.00367,825.96741
184.38,6.15787,"15,712.48",0.00675,0.00345,825.84241
184.48,6.16123,"15,711.42",0.00666,0.00351,825.78705
184.58,6.16452,"15,710.67",0.00665,0.00335,825.74725
184.67999,6.16781,"15,707.29",0.00665,0.00342,825.56958
184.78,6.17117,"15,706.99",0.00665,0.0031,825.55396
184.88,6.17454,"15,706.26",0.00667,0.00309,825.51556
184.98,6.17775,"15,704.53",0.00664,0.00328,825.42456
185.08,6.18119,"15,704.32",0.00649,0.00352,825.41382
185.17999,6.18463,"15,702.78",0.00654,0.00358,825.33246
185.28,6.18777,"15,700.42",0.00667,0.00365,825.20862
185.38,6.19113,"15,699.40",0.00664,0.00373,825.15479
185.48,6.19457,"15,699.53",0.00659,0.00364,825.16199
185.58,6.19786,"15,697.80",0.00658,0.00353,825.07111
185.67999,6.20122,"15,695.20",0.00659,0.00346,824.93439
185.78,6.20466,"15,696.09",0.00666,0.00307,824.98102
185.88,6.20787,"15,694.38",0.00668,0.00333,824.89124
185.98,6.21116,"15,691.44",0.00662,0.00339,824.73676
186.08,6.21445,"15,690.04",0.00659,0.00331,824.66315
186.17999,6.21789,"15,690.21",0.00667,0.00336,824.67181
186.28,6.2211,"15,688.22",0.00661,0.0033,824.56726
186.38,6.22446,"15,687.95",0.00665,0.00297,824.55316
186.48,6.22805,"15,687.75",0.00668,0.00322,824.54254
186.58,6.23104,"15,684.48",0.00654,0.00334,824.37085
186.67999,6.23455,"15,684.25",0.00657,0.00353,824.35901
186.78,6.23791,"15,685.14",0.00661,0.00359,824.40558
186.88,6.24105,"15,681.44",0.00669,0.00355,824.21130
186.98,6.24457,"15,680.20",0.00666,0.00334,824.14575
187.08,6.24793,"15,679.61",0.00663,0.00342,824.11469
187.17999,6.25122,"15,678.28",0.00665,0.00343,824.04498
187.28,6.25451,"15,675.63",0.00666,0.0032,823.90570
187.38,6.25787,"15,674.63",0.00666,0.00342,823.85303
187.48,6.26123,"15,673.86",0.0067,0.00349,823.81262
187.58,6.26437,"15,671.62",0.00671,0.00349,823.69513
187.67999,6.26781,"15,670.97",0.0066,0.00349,823.66101
187.78,6.2714,"15,671.56",0.00664,0.00339,823.69189
187.88,6.27446,"15,667.31",0.00663,0.00313,823.46857
187.98,6.27797,"15,667.78",0.00662,0.00307,823.49329
188.08,6.28134,"15,667.66",0.00656,0.00337,823.48694
188.17999,6.2844,"15,663.55",0.00654,0.00357,823.27100
188.28,6.28791,"15,662.29",0.00651,0.00358,823.20465
188.38,6.2912,"15,661.77",0.00662,0.00361,823.17719
188.48,6.29456,"15,660.88",0.00662,0.00344,823.13037
188.58,6.29785,"15,658.88",0.00659,0.00335,823.02551
188.67999,6.30129,"15,657.40",0.0066,0.00345,822.94769
188.78,6.30458,"15,656.68",0.00664,0.00345,822.90985
188.88,6.30779,"15,653.58",0.00663,0.0032,822.74670
188.98,6.31116,"15,652.97",0.0066,0.00323,822.71490
189.08,6.31459,"15,653.25",0.0066,0.00325,822.72943
189.17999,6.31773,"15,650.69",0.00661,0.00329,822.59479
189.28,6.32125,"15,651.30",0.0066,0.00332,822.62701
189.38,6.32468,"15,651.51",0.00662,0.00345,822.63800
189.48,6.32775,"15,649.87",0.00659,0.00285,822.55200
189.58,6.33126,"15,650.54",0.00663,0.0032,822.58679
189.67999,6.33455,"15,650.04",0.00656,0.00335,822.56091
189.78,6.33776,"15,650.51",0.00653,0.00347,822.58563
189.88,6.3412,"15,651.05",0.00656,0.00362,822.61395
189.98,6.34464,"15,652.45",0.00663,0.00356,822.68713
190.08,6.34793,"15,653.73",0.00662,0.00334,822.75464
190.17999,6.35114,"15,651.72",0.00661,0.00337,822.64880
190.28,6.35458,"15,653.70",0.00663,0.00342,822.75287
190.38,6.35794,"15,655.62",0.00663,0.00343,822.85376
190.48,6.36108,"15,653.35",0.00665,0.00325,822.73480
190.58,6.36459,"15,656.23",0.00659,0.00335,822.88611
190.67999,6.36796,"15,657.54",0.00659,0.00324,822.95477
190.78,6.3711,"15,656.41",0.00662,0.00332,822.89563
190.88,6.37468,"15,659.56",0.0066,0.00332,823.06097
190.98,6.37797,"15,659.75",0.00663,0.00342,823.07129
191.08,6.38111,"15,658.77",0.0066,0.00308,823.01959
191.17999,6.38447,"15,660.68",0.00659,0.00323,823.11993
191.28,6.38784,"15,661.81",0.00653,0.0034,823.17957
191.38,6.3912,"15,664.18",0.00649,0.00353,823.30414
191.48,6.39449,"15,663.51",0.0066,0.00363,823.26892
191.58,6.39793,"15,665.33",0.00663,0.00358,823.36420
191.67999,6.40122,"15,668.54",0.00664,0.0033,823.53314
191.78,6.40443,"15,667.21",0.00663,0.00335,823.46307
191.88,6.40787,"15,669.45",0.00665,0.00343,823.58075
191.98,6.41123,"15,671.57",0.00665,0.00336,823.69214
192.08,6.41444,"15,670.64",0.00661,0.00318,823.64343
192.17999,6.41796,"15,675.06",0.0066,0.00326,823.87561
192.28,6.42124,"15,674.96",0.00664,0.00325,823.87024
192.38,6.42446,"15,674.27",0.00661,0.00335,823.83405
192.48,6.4279,"15,676.11",0.00662,0.00337,823.93073
192.58,6.43118,"15,677.59",0.00661,0.00337,824.00848
192.67999,6.43447,"15,679.20",0.00661,0.00286,824.09338
192.78,6.43784,"15,679.94",0.00662,0.0032,824.13226
192.88,6.44127,"15,682.68",0.00655,0.00341,824.27637
192.98,6.44456,"15,684.59",0.00656,0.00365,824.37677
193.08,6.44778,"15,683.72",0.00653,0.00372,824.33075
193.17999,6.45121,"15,685.22",0.00663,0.00363,824.40955
193.28,6.4545,"15,685.99",0.0066,0.00329,824.45026
193.38,6.45779,"15,686.12",0.00659,0.00337,824.45721
193.48,6.46123,"15,688.98",0.00664,0.00341,824.60748
193.58,6.46459,"15,690.25",0.00662,0.00336,824.67426
193.67999,6.46788,"15,689.72",0.0066,0.00323,824.64655
193.78,6.47124,"15,690.52",0.00664,0.00326,824.68842
193.88,6.47461,"15,692.02",0.00661,0.00319,824.76715
193.98,6.47782,"15,692.82",0.00661,0.00327,824.80933
194.08,6.48118,"15,692.08",0.00662,0.00333,824.77026
194.17999,6.48455,"15,693.33",0.00658,0.00337,824.83630
194.28,6.48784,"15,695.54",0.00659,0.00286,824.95245
194.38,6.4912,"15,695.48",0.00656,0.00325,824.94891
194.48,6.49464,"15,697.98",0.00649,0.00335,825.08057
194.58,6.49792,"15,698.81",0.00654,0.00353,825.12415
194.67999,6.50114,"15,696.69",0.00654,0.00361,825.01270
194.78,6.5045,"15,699.98",0.00661,0.00343,825.18579
194.88,6.50786,"15,701.58",0.00661,0.0033,825.26947
194.98,6.51115,"15,702.34",0.00666,0.00345,825.30969
195.08,6.51452,"15,702.84",0.00665,0.00338,825.33575
195.17999,6.51803,"15,704.99",0.00661,0.00342,825.44879
195.28,6.52117,"15,705.41",0.00654,0.0033,825.47101
195.38,6.52453,"15,705.88",0.00664,0.00325,825.49567
195.48,6.52789,"15,707.45",0.0066,0.0033,825.57825
195.58,6.53111,"15,707.26",0.0066,0.00332,825.56842
195.67999,6.53455,"15,707.72",0.00659,0.00332,825.59253
195.78,6.53791,"15,710.62",0.00662,0.00343,825.74475
195.88,6.5412,"15,710.98",0.00664,0.00293,825.76379
195.98,6.54449,"15,710.08",0.00659,0.00321,825.71661
196.08,6.54785,"15,711.87",0.00648,0.00344,825.81024
196.17999,6.55121,"15,713.07",0.00651,0.00361,825.87372
196.28,6.55443,"15,712.89",0.00657,0.00356,825.86432
196.38,6.55786,"15,714.88",0.00662,0.00334,825.96857
196.48,6.56138,"15,715.93",0.00662,0.00333,826.02368
196.58,6.56444,"15,714.79",0.0066,0.00334,825.96417
196.67999,6.56788,"15,715.45",0.00656,0.00338,825.99884
196.78,6.57132,"15,717.40",0.00666,0.00309,826.10101
196.88,6.57438,"15,716.21",0.00658,0.00318,826.03833
196.98,6.57789,"15,717.95",0.00661,0.00327,826.12982
197.08,6.58133,"15,719.91",0.0066,0.00322,826.23309
197.17999,6.58454,"15,721.54",0.0066,0.00327,826.31873
197.28,6.58791,"15,719.78",0.00659,0.00339,826.22632
197.38,6.59127,"15,720.79",0.00664,0.00281,826.27948
197.48,6.59463,"15,722.47",0.00658,0.003,826.36743
197.58,6.59777,"15,722.14",0.00652,0.00325,826.35040
197.67999,6.60114,"15,722.66",0.00649,0.00338,826.37756
197.78,6.60465,"15,724.13",0.00648,0.00351,826.45508
197.88,6.60771,"15,722.95",0.00656,0.00351,826.39276
197.98,6.6113,"15,725.71",0.00658,0.00336,826.53766
198.08,6.61466,"15,727.61",0.00658,0.00339,826.63788
198.17999,6.61773,"15,725.57",0.00659,0.00335,826.53046
198.28,6.62117,"15,726.12",0.00665,0.0034,826.55927
198.38,6.62453,"15,728.15",0.00665,0.00328,826.66632
198.48,6.62782,"15,728.86",0.00657,0.00323,826.70367
198.58,6.63118,"15,727.78",0.00656,0.00321,826.64691
198.67999,6.63454,"15,728.61",0.00657,0.00327,826.69031
198.78,6.63798,"15,730.68",0.00661,0.00324,826.79901
198.88,6.64112,"15,728.67",0.00661,0.00336,826.69373
198.98,6.64456,"15,729.70",0.00661,0.0028,826.74768
199.08,6.64792,"15,730.39",0.00664,0.00304,826.78394
199.17999,6.65106,"15,727.26",0.00663,0.00335,826.61945
199.28,6.65457,"15,729.65",0.00652,0.00343,826.74481
199.38,6.65801,"15,729.98",0.00655,0.00352,826.76239
199.48,6.66108,"15,725.60",0.00661,0.00355,826.53229
199.58,6.66459,"15,725.31",0.00659,0.00327,826.51672
199.67999,6.66788,"15,725.20",0.00655,0.0033,826.51129
199.78,6.67109,"15,724.33",0.00662,0.00338,826.46558
199.88,6.67453,"15,723.63",0.0066,0.00348,826.42859
199.98,6.67782,"15,722.20",0.0066,0.00323,826.35327
200.08,6.68125,"15,721.22",0.00659,0.00323,826.30212
200.17999,6.68447,"15,720.21",0.00657,0.00329,826.24896
200.28,6.68791,"15,720.85",0.00657,0.00329,826.28265
200.38,6.69127,"15,720.63",0.00659,0.00333,826.27087
200.48,6.69433,"15,715.79",0.00662,0.00336,826.01666
200.58,6.69792,"15,718.28",0.00656,0.0028,826.14746
200.67999,6.70128,"15,718.19",0.0066,0.00318,826.14270
200.78,6.70442,"15,717.04",0.00654,0.00337,826.08228
200.88,6.70801,"15,717.07",0.00654,0.00353,826.08398
200.98,6.7113,"15,715.71",0.00656,0.0036,826.01239
201.08,6.71451,"15,714.40",0.00649,0.00347,825.94324
201.17999,6.71787,"15,714.37",0.00659,0.00333,825.94196
201.28,6.72116,"15,713.90",0.00663,0.00335,825.91711
201.38,6.72445,"15,713.29",0.00662,0.0034,825.88538
201.48,6.72781,"15,712.31",0.00659,0.00325,825.83380
201.58,6.73125,"15,713.54",0.00659,0.00324,825.89838
201.67999,6.73462,"15,713.97",0.00662,0.00325,825.92096
201.78,6.73783,"15,710.34",0.00662,0.00324,825.73016
201.88,6.74119,"15,710.78",0.00657,0.00325,825.75293
201.98,6.74456,"15,711.49",0.00658,0.00332,825.79047
202.08,6.74777,"15,709.73",0.00661,0.00283,825.69781
202.17999,6.75121,"15,710.64",0.00662,0.00293,825.74603
202.28,6.75457,"15,709.85",0.00664,0.00322,825.70447
202.38,6.75786,"15,710.62",0.00656,0.00347,825.74475
202.48,6.76122,"15,709.91",0.00657,0.00348,825.70764
202.58,6.76459,"15,709.32",0.00657,0.00359,825.67639
202.67999,6.7678,"15,708.85",0.00658,0.0033,825.65161
202.78,6.77109,"15,708.28",0.00655,0.00332,825.62158
202.88,6.7746,"15,709.62",0.00656,0.00343,825.69214
202.98,6.77789,"15,711.42",0.00667,0.00333,825.78662
203.08,6.78118,"15,707.92",0.0066,0.00316,825.60272
203.17999,6.78454,"15,708.44",0.00657,0.00321,825.63037
203.28,6.7879,"15,709.33",0.00658,0.00321,825.67670
203.38,6.79112,"15,707.21",0.00657,0.00339,825.56543
203.48,6.79456,"15,708.22",0.0066,0.00333,825.61847
203.58,6.79792,"15,708.33",0.00659,0.00337,825.62427
203.67999,6.80121,"15,707.78",0.00659,0.00284,825.59552
203.78,6.80457,"15,708.56",0.00657,0.00312,825.63647
203.88,6.80801,"15,709.45",0.00652,0.00338,825.68311
203.98,6.81115,"15,707.72",0.00653,0.00344,825.59253
204.08,6.81444,"15,707.19",0.00658,0.00353,825.56470
204.17999,6.81795,"15,709.78",0.00657,0.00362,825.70050
204.28,6.82116,"15,708.89",0.00667,0.00329,825.65393
204.38,6.82452,"15,708.53",0.00667,0.00332,825.63470
204.48,6.82796,"15,709.13",0.00661,0.00342,825.66656
204.58,6.83125,"15,707.86",0.00669,0.00351,825.59967
204.67999,6.83446,"15,706.48",0.00662,0.00351,825.52698
204.78,6.83783,"15,706.54",0.0066,0.00324,825.53046
204.88,6.84119,"15,706.88",0.00663,0.00325,825.54816
204.98,6.84441,"15,705.35",0.00657,0.00324,825.46777
205.08,6.84784,"15,705.89",0.0066,0.00335,825.49597
205.17999,6.85136,"15,706.69",0.00659,0.00325,825.53802
205.28,6.85449,"15,704.82",0.00661,0.00288,825.43976
205.38,6.85786,"15,704.06",0.00662,0.00323,825.40009
205.48,6.8613,"15,705.62",0.0065,0.0034,825.48187
205.58,6.86443,"15,704.95",0.00652,0.00362,825.44684
205.67999,6.86787,"15,705.26",0.00654,0.00355,825.46295
205.78,6.87123,"15,706.95",0.00662,0.00347,825.55182
205.88,6.8746,"15,707.35",0.00663,0.00334,825.57288
205.98,6.87789,"15,706.62",0.00665,0.0034,825.53436
206.08,6.88125,"15,709.00",0.00668,0.00338,825.65985
206.17999,6.88461,"15,710.44",0.00664,0.00337,825.73535
206.28,6.88775,"15,708.72",0.00659,0.00321,825.64502
206.38,6.89119,"15,711.13",0.00663,0.00326,825.77155
206.48,6.8947,"15,714.21",0.00658,0.00328,825.93359
206.58,6.89777,"15,713.62",0.00664,0.00332,825.90259
206.67999,6.90128,"15,714.48",0.00667,0.0033,825.94781
206.78,6.90464,"15,716.94",0.00661,0.0028,826.07715
206.88,6.90778,"15,717.07",0.00665,0.0029,826.08398
206.98,6.91122,"15,718.28",0.00661,0.00324,826.14734
207.08,6.91458,"15,720.46",0.00657,0.00352,826.26202
207.17999,6.91787,"15,721.83",0.00655,0.00366,826.33405
207.28,6.92123,"15,723.04",0.00651,0.00365,826.39734
207.38,6.9246,"15,725.22",0.0066,0.00353,826.51190
207.48,6.92796,"15,727.60",0.00661,0.00327,826.63727
207.58,6.9311,"15,726.42",0.00665,0.00336,826.57513
207.67999,6.93446,"15,726.64",0.00665,0.00339,826.58691
207.78,6.93798,"15,730.11",0.0066,0.00333,826.76923
207.88,6.94104,"15,729.68",0.00659,0.00328,826.74634
207.98,6.94463,"15,731.83",0.00659,0.00329,826.85950
208.08,6.94799,"15,732.58",0.00659,0.00326,826.89911
208.17999,6.95105,"15,731.70",0.00663,0.00328,826.85260
208.28,6.95457,"15,733.75",0.00664,0.00335,826.96063
208.38,6.95786,"15,735.85",0.00661,0.00272,827.07092
208.48,6.96114,"15,736.51",0.00664,0.00293,827.10547
208.58,6.96451,"15,736.19",0.00662,0.00328,827.08887
208.67999,6.96787,"15,738.77",0.00661,0.00337,827.22437
208.78,6.97123,"15,740.99",0.00659,0.00352,827.34100
208.88,6.97452,"15,739.26",0.00657,0.00361,827.25012
208.98,6.97789,"15,740.60",0.00657,0.00328,827.32068
209.08,6.98125,"15,743.16",0.00666,0.0033,827.45520
209.17999,6.98439,"15,740.91",0.00662,0.00337,827.33667
209.28,6.9879,"15,744.11",0.00673,0.00341,827.50494
209.38,6.99134,"15,743.93",0.0066,0.00342,827.49530
209.48,6.99448,"15,741.99",0.00656,0.00336,827.39337
209.58,6.99799,"15,744.38",0.00661,0.00332,827.51941
209.67999,7.00128,"15,743.84",0.00663,0.00329,827.49084
209.78,7.00449,"15,744.44",0.00664,0.00331,827.52222
209.88,7.00785,"15,742.49",0.00663,0.00338,827.42004
209.98,7.01122,"15,743.61",0.00665,0.00303,827.47858
210.08,7.01458,"15,744.93",0.00661,0.003,827.54828
210.17999,7.01787,"15,743.57",0.00657,0.00331,827.47638
210.28,7.02123,"15,743.31",0.00655,0.00342,827.46295
210.38,7.0246,"15,744.40",0.00657,0.00349,827.52039
210.48,7.02773,"15,742.36",0.00652,0.00367,827.41290
210.58,7.03117,"15,743.08",0.00666,0.00334,827.45105
210.67999,7.03454,"15,741.96",0.00667,0.00333,827.39221
210.78,7.03775,"15,739.93",0.00665,0.00341,827.28528
210.88,7.04126,"15,740.33",0.00663,0.00348,827.30652
210.98,7.04462,"15,739.96",0.00656,0.00347,827.28662
211.08,7.04784,"15,739.32",0.00654,0.00326,827.25342
211.17999,7.0512,"15,737.97",0.00667,0.00323,827.18237
211.28,7.05449,"15,736.79",0.00662,0.00335,827.12042
211.38,7.05785,"15,736.86",0.00661,0.00331,827.12378
211.48,7.06114,"15,736.13",0.00661,0.00324,827.08582
211.58,7.06458,"15,737.26",0.0066,0.00288,827.14478
211.67999,7.06794,"15,736.41",0.00662,0.00322,827.10028
211.78,7.07116,"15,734.53",0.00647,0.00337,827.00171
211.88,7.07452,"15,736.67",0.00652,0.00347,827.11371
211.98,7.07788,"15,737.02",0.00654,0.00352,827.13245
212.08,7.0811,"15,734.32",0.00659,0.00347,826.99048
212.17999,7.08453,"15,737.27",0.00659,0.00332,827.14569
212.28,7.08797,"15,737.88",0.00663,0.00335,827.17731
212.38,7.09119,"15,737.96",0.00665,0.00334,827.18152
212.48,7.09455,"15,737.65",0.00661,0.0034,827.16528
212.58,7.09791,"15,736.47",0.00658,0.00324,827.10327
212.67999,7.10113,"15,737.13",0.00664,0.00324,827.13788
212.78,7.10441,"15,736.23",0.00663,0.00323,827.09082
212.88,7.10793,"15,737.73",0.00664,0.00333,827.16956
212.98,7.11122,"15,736.62",0.00662,0.00335,827.11121
213.08,7.1145,"15,734.31",0.00662,0.0031,826.99011
213.17999,7.11794,"15,736.91",0.00659,0.00293,827.12665
213.28,7.12123,"15,737.28",0.00656,0.00326,827.14600
213.38,7.12444,"15,734.76",0.00655,0.00345,827.01373
213.48,7.12781,"15,735.06",0.00648,0.00349,827.02930
213.58,7.13124,"15,735.82",0.0065,0.00359,827.06946
213.67999,7.13446,"15,735.74",0.00654,0.00345,827.06512
213.78,7.1379,"15,734.99",0.00654,0.00332,827.02582
213.88,7.14133,"15,736.65",0.00659,0.00333,827.11298
213.98,7.14447,"15,734.27",0.00659,0.00343,826.98804
214.08,7.14784,"15,733.33",0.00654,0.00341,826.93829
214.17999,7.15127,"15,735.77",0.00658,0.00323,827.06665
214.28,7.15449,"15,734.11",0.00658,0.00322,826.97919
214.38,7.15778,"15,730.66",0.00661,0.00329,826.79810
214.48,7.16129,"15,733.76",0.0066,0.00329,826.96124
214.58,7.16458,"15,733.74",0.0066,0.00335,826.96002
214.67999,7.16779,"15,731.88",0.00662,0.00282,826.86218
214.78,7.17115,"15,732.16",0.00662,0.00301,826.87665
214.88,7.17459,"15,732.82",0.00651,0.00328,826.91138
214.98,7.17781,"15,731.91",0.00654,0.00346,826.86377
215.08,7.18117,"15,731.74",0.0065,0.00354,826.85468
215.17999,7.18468,"15,733.84",0.00659,0.0036,826.96533
215.28,7.18775,"15,731.94",0.00659,0.00333,826.86554
215.38,7.19118,"15,731.79",0.0066,0.00333,826.85773
215.48,7.19462,"15,734.42",0.0066,0.0034,826.99561
215.58,7.19776,"15,734.36",0.00661,0.00344,826.99268
215.67999,7.2012,"15,734.22",0.00658,0.00322,826.98517
215.78,7.20456,"15,736.07",0.00662,0.00322,827.08215
215.88,7.20792,"15,737.55",0.00662,0.00329,827.16022
215.98,7.21121,"15,737.66",0.00662,0.0033,827.16602
216.08,7.21458,"15,739.36",0.00663,0.00333,827.25519
216.17999,7.21794,"15,739.16",0.00665,0.00343,827.24457
216.28,7.22108,"15,737.92",0.00668,0.00285,827.17938
216.38,7.22452,"15,740.57",0.00662,0.00321,827.31891
216.48,7.22803,"15,741.89",0.00657,0.0034,827.38837
216.58,7.23109,"15,740.86",0.00659,0.00349,827.33417
216.67999,7.23461,"15,742.66",0.00655,0.00359,827.42859
216.78,7.23797,"15,745.61",0.00654,0.00361,827.58398
216.88,7.24103,"15,744.17",0.00654,0.00338,827.50836
216.98,7.24455,"15,746.93",0.00659,0.00329,827.65302
217.08,7.24783,"15,747.56",0.00664,0.0034,827.68622
217.17999,7.2512,"15,750.01",0.0066,0.00346,827.81500
217.28,7.25449,"15,751.12",0.0066,0.0033,827.87341
217.38,7.25792,"15,753.04",0.00662,0.00321,827.97424
217.48,7.26129,"15,755.47",0.00667,0.00324,828.10205
217.58,7.26443,"15,754.42",0.00666,0.00327,828.04663
217.67999,7.26786,"15,757.24",0.00666,0.00338,828.19489
217.78,7.27123,"15,759.78",0.00666,0.00338,828.32837
217.88,7.27437,"15,759.18",0.00668,0.00287,828.29718
217.98,7.27788,"15,761.17",0.00669,0.0031,828.40167
218.08,7.28132,"15,763.76",0.00657,0.00336,828.53790
218.17999,7.28446,"15,763.96",0.00663,0.00347,828.54828
218.28,7.28797,"15,765.67",0.00663,0.00357,828.63800
218.38,7.29118,"15,766.63",0.00653,0.00355,828.68866
218.48,7.29455,"15,768.21",0.00665,0.00327,828.77161
218.58,7.29791,"15,769.36",0.00658,0.00337,828.83221
218.67999,7.30127,"15,772.48",0.00664,0.00341,828.99634
218.78,7.30464,"15,774.75",0.00662,0.00347,829.11548
218.88,7.30777,"15,772.47",0.00667,0.0032,828.99579
218.98,7.31121,"15,775.71",0.00661,0.0033,829.16571
219.08,7.31457,"15,778.62",0.0067,0.0033,829.31860
219.17999,7.31771,"15,779.20",0.00674,0.00333,829.34943
219.28,7.32123,"15,781.84",0.00669,0.00339,829.48816
219.38,7.32459,"15,783.63",0.00669,0.00339,829.58197
219.48,7.3278,"15,784.67",0.00669,0.00285,829.63702
219.58,7.33132,"15,787.59",0.0067,0.00309,829.79010
219.67999,7.33453,"15,787.78",0.00659,0.00348,829.80029
219.78,7.33782,"15,789.61",0.00659,0.00351,829.89661
219.88,7.34118,"15,790.08",0.00665,0.00359,829.92090
219.98,7.34447,"15,793.16",0.00662,0.00365,830.08301
220.08,7.34791,"15,797.21",0.00671,0.0033,830.29578
220.17999,7.35112,"15,796.69",0.00667,0.00337,830.26880
220.28,7.35463,"15,800.97",0.0067,0.00339,830.49335
220.38,7.35792,"15,803.57",0.00669,0.00351,830.63025
220.48,7.36106,"15,802.93",0.0067,0.00326,830.59631
220.58,7.36457,"15,806.96",0.00671,0.00328,830.80835
220.67999,7.36794,"15,808.12",0.00668,0.00331,830.86945
220.78,7.37115,"15,809.82",0.00671,0.00333,830.95880
220.88,7.37459,"15,812.97",0.00669,0.00336,831.12415
220.98,7.37795,"15,814.58",0.00673,0.00343,831.20886
221.08,7.38117,"15,815.77",0.00672,0.00317,831.27142
221.17999,7.38453,"15,816.29",0.00669,0.00298,831.29852
221.28,7.38782,"15,818.29",0.00662,0.00339,831.40405
221.38,7.39118,"15,821.49",0.00666,0.00348,831.57184
221.48,7.39439,"15,820.81",0.00662,0.00353,831.53656
221.58,7.39791,"15,823.95",0.00667,0.00366,831.70154
221.67999,7.40127,"15,827.04",0.00667,0.00332,831.86371
221.78,7.40441,"15,826.46",0.00665,0.0034,831.83350
221.88,7.40792,"15,829.57",0.00666,0.00349,831.99677
221.98,7.41128,"15,831.72",0.00664,0.0035,832.10992
222.08,7.4145,"15,832.90",0.00666,0.00332,832.17157
222.17999,7.41794,"15,836.57",0.0067,0.00336,832.36462
222.28,7.42122,"15,838.35",0.00669,0.00335,832.45813
222.38,7.42451,"15,839.33",0.00674,0.00337,832.50977
222.48,7.42788,"15,840.84",0.00672,0.00343,832.58905
222.58,7.43124,"15,843.74",0.00673,0.00347,832.74170
222.67999,7.43453,"15,845.61",0.00671,0.00315,832.83997
222.78,7.43774,"15,844.70",0.0067,0.0031,832.79211
222.88,7.44125,"15,847.12",0.00673,0.00334,832.91937
222.98,7.44454,"15,849.67",0.00666,0.00356,833.05347
223.08,7.44783,"15,849.79",0.00668,0.00354,833.05957
223.17999,7.45134,"15,853.85",0.00667,0.00373,833.27295
223.28,7.45463,"15,853.56",0.00673,0.00332,833.25787
223.38,7.45777,"15,853.07",0.00676,0.00342,833.23181
223.48,7.46121,"15,855.70",0.00666,0.00344,833.37030
223.58,7.46457,"15,856.91",0.00672,0.00347,833.43372
223.67999,7.46778,"15,856.99",0.0067,0.00329,833.43805
223.78,7.47115,"15,858.18",0.00666,0.0033,833.50061
223.88,7.47466,"15,861.61",0.00672,0.00332,833.68054
223.98,7.4778,"15,862.38",0.00669,0.00337,833.72137
224.08,7.48116,"15,862.33",0.00672,0.00341,833.71838
224.17999,7.4846,"15,865.43",0.00673,0.0034,833.88147
224.28,7.48781,"15,866.40",0.00674,0.00285,833.93256
224.38,7.49118,"15,866.49",0.00673,0.00302,833.93744
224.48,7.49462,"15,868.57",0.00674,0.00338,834.04663
224.58,7.49798,"15,870.48",0.00665,0.00341,834.14703
224.67999,7.50112,"15,868.34",0.00662,0.00358,834.03455
224.78,7.50456,"15,871.26",0.00666,0.00368,834.18781
224.88,7.50799,"15,872.23",0.00673,0.00334,834.23883
224.98,7.51113,"15,871.76",0.00673,0.00338,834.21429
225.08,7.51457,"15,872.43",0.00665,0.00351,834.24933
225.17999,7.51801,"15,874.66",0.00663,0.00352,834.36639
225.28,7.52115,"15,874.51",0.00674,0.00343,834.35858
225.38,7.52459,"15,874.69",0.00666,0.00334,834.36816
225.48,7.52795,"15,877.80",0.00672,0.0033,834.53186
225.58,7.53109,"15,875.79",0.00668,0.00343,834.42578
225.67999,7.53453,"15,876.31",0.0067,0.00341,834.45343
225.78,7.53789,"15,878.92",0.00673,0.00315,834.59064
225.88,7.54125,"15,879.41",0.00673,0.00294,834.61615
225.98,7.54454,"15,878.23",0.00672,0.00312,834.55414
226.08,7.5479,"15,878.79",0.00666,0.0034,834.58398
226.17999,7.55127,"15,880.99",0.00666,0.00348,834.69922
226.28,7.5544,"15,880.15",0.00665,0.00364,834.65546
226.38,7.55784,"15,880.97",0.0067,0.00368,834.69824
226.48,7.56128,"15,881.80",0.00674,0.0033,834.74200
226.58,7.56442,"15,881.06",0.00673,0.00339,834.70288
226.67999,7.56793,"15,883.10",0.00675,0.00343,834.81024
226.78,7.57137,"15,884.18",0.00676,0.00353,834.86713
226.88,7.57443,"15,883.58",0.00667,0.0034,834.83557
226.98,7.5778,"15,883.09",0.00663,0.00334,834.80975
227.08,7.58124,"15,885.80",0.00667,0.0034,834.95233
227.17999,7.58452,"15,886.39",0.0067,0.00339,834.98328
227.28,7.58781,"15,885.33",0.00675,0.00338,834.92743
227.38,7.59125,"15,886.19",0.00673,0.00332,834.97247
227.48,7.59461,"15,888.41",0.0067,0.003,835.08954
227.58,7.59775,"15,886.22",0.00671,0.00312,834.97412
227.67999,7.60119,"15,887.51",0.00661,0.00339,835.04224
227.78,7.60455,"15,887.43",0.00661,0.00348,835.03760
227.88,7.60777,"15,886.95",0.00664,0.00367,835.01239
227.98,7.61121,"15,888.53",0.00659,0.00372,835.09558
228.08,7.61464,"15,889.93",0.00671,0.00334,835.16913
228.17999,7.61786,"15,888.56",0.00668,0.00345,835.09729
228.28,7.62122,"15,889.47",0.00667,0.00349,835.14502
228.38,7.62451,"15,889.59",0.00665,0.00349,835.15149
228.48,7.6278,"15,890.56",0.00668,0.00333,835.20251
228.58,7.63116,"15,890.68",0.00674,0.00336,835.20868
228.67999,7.63452,"15,891.50",0.00671,0.00339,835.25183
228.78,7.63796,"15,893.71",0.00669,0.00341,835.36810
228.88,7.6411,"15,891.95",0.00671,0.00345,835.27557
228.98,7.64461,"15,893.51",0.00675,0.00342,835.35742
229.08,7.64798,"15,895.54",0.00673,0.00302,835.46417
229.17999,7.65104,"15,892.24",0.00677,0.00323,835.29059
229.28,7.65463,"15,896.01",0.00666,0.00351,835.48883
229.38,7.65799,"15,896.27",0.00662,0.00358,835.50256
229.48,7.66113,"15,896.82",0.00666,0.00362,835.53162
229.58,7.66457,"15,897.10",0.00663,0.00353,835.54590
229.67999,7.66793,"15,897.32",0.00669,0.00341,835.55780
229.78,7.67122,"15,898.38",0.00678,0.00343,835.61322
229.88,7.67451,"15,897.96",0.00674,0.00346,835.59106
229.98,7.6778,"15,897.86",0.00668,0.00348,835.58618
230.08,7.68123,"15,898.76",0.00669,0.0034,835.63354
230.17999,7.68445,"15,897.47",0.00677,0.00334,835.56549
230.28,7.68789,"15,898.52",0.00673,0.00341,835.62097
230.38,7.69132,"15,901.23",0.00673,0.00342,835.76337
230.48,7.69439,"15,896.75",0.00675,0.00344,835.52765
230.58,7.69783,"15,898.18",0.00674,0.00316,835.60297
230.67999,7.70126,"15,899.39",0.00675,0.00299,835.66638
230.78,7.7044,"15,900.26",0.00671,0.00327,835.71204
230.88,7.70791,"15,900.69",0.0067,0.0035,835.73492
230.98,7.71128,"15,900.68",0.00654,0.0036,835.73444
231.08,7.71457,"15,902.75",0.00665,0.00368,835.84302
231.17999,7.71786,"15,902.60",0.00671,0.00334,835.83502
231.28,7.72122,"15,904.18",0.00676,0.00344,835.91821
231.38,7.72458,"15,904.48",0.00673,0.0034,835.93384
231.48,7.7278,"15,902.66",0.00663,0.00353,835.83807
231.58,7.73131,"15,906.25",0.00677,0.00344,836.02722
231.67999,7.7346,"15,908.26",0.00674,0.00334,836.13275
231.78,7.73781,"15,905.68",0.00675,0.00334,835.99713
231.88,7.74125,"15,908.43",0.00677,0.0034,836.14185
231.98,7.74461,"15,909.43",0.00674,0.00345,836.19421
232.08,7.74775,"15,909.99",0.00676,0.00342,836.22357
232.17999,7.75119,"15,911.54",0.00678,0.00292,836.30505
232.28,7.75463,"15,913.13",0.00678,0.00306,836.38855
232.38,7.75784,"15,914.03",0.00681,0.00328,836.43573
232.48,7.7612,"15,914.99",0.00673,0.00348,836.48663
232.58,7.76464,"15,916.47",0.00672,0.00365,836.56403
232.67999,7.76778,"15,918.60",0.00669,0.00373,836.67633
232.78,7.77107,"15,916.55",0.00671,0.00337,836.56824
232.88,7.77458,"15,920.09",0.00677,0.0034,836.75470
232.98,7.77787,"15,921.46",0.00671,0.00349,836.82629
233.08,7.78116,"15,920.92",0.00675,0.00353,836.79779
233.17999,7.7846,"15,922.74",0.0067,0.00353,836.89392
233.28,7.78796,"15,924.48",0.00674,0.00335,836.98505
233.38,7.7911,"15,924.57",0.00679,0.00332,836.99005
233.48,7.79453,"15,927.13",0.00679,0.00338,837.12433
233.58,7.79797,"15,928.52",0.0068,0.00337,837.19757
233.67999,7.80111,"15,929.07",0.00679,0.00348,837.22662
233.78,7.80455,"15,931.56",0.00679,0.00287,837.35754
233.88,7.80799,"15,934.12",0.00678,0.00304,837.49188
233.98,7.8112,"15,934.65",0.00677,0.00327,837.51990
234.08,7.81449,"15,934.83",0.00669,0.0035,837.52942
234.17999,7.81793,"15,937.63",0.00672,0.00361,837.67639
234.28,7.82114,"15,940.07",0.00674,0.00366,837.80463
234.38,7.82458,"15,940.35",0.00674,0.00337,837.81940
234.48,7.82787,"15,944.07",0.00685,0.00347,838.01465
234.58,7.83123,"15,944.37",0.0068,0.00348,838.03040
234.67999,7.83444,"15,945.17",0.00678,0.00356,838.07269
234.78,7.83781,"15,947.94",0.00675,0.0035,838.21832
234.88,7.84125,"15,949.04",0.00675,0.00341,838.27582
234.98,7.84438,"15,949.63",0.00672,0.00338,838.30695
235.08,7.8479,"15,951.65",0.00683,0.00339,838.41327
235.17999,7.85133,"15,955.39",0.00684,0.00342,838.60956
235.28,7.85447,"15,956.00",0.00683,0.00347,838.64160
235.38,7.85791,"15,956.65",0.00684,0.00291,838.67615
235.48,7.86127,"15,958.29",0.00685,0.00306,838.76221
235.58,7.86449,"15,960.57",0.00683,0.00336,838.88220
235.67999,7.86785,"15,961.17",0.00673,0.00346,838.91357
235.78,7.87121,"15,963.96",0.0068,0.00358,839.06012
235.88,7.87458,"15,965.06",0.00676,0.0037,839.11804
235.98,7.87787,"15,966.30",0.00682,0.00333,839.18341
236.08,7.88123,"15,969.08",0.0069,0.00342,839.32941
236.17999,7.88467,"15,971.33",0.00689,0.00346,839.44763
236.28,7.88781,"15,970.14",0.00687,0.00358,839.38501
236.38,7.89117,"15,971.71",0.00692,0.00357,839.46759
236.48,7.89461,"15,975.18",0.00678,0.00338,839.65002
236.58,7.89782,"15,975.96",0.00673,0.00335,839.69067
236.67999,7.90126,"15,977.63",0.0068,0.00336,839.77887
236.78,7.90462,"15,978.09",0.00688,0.00337,839.80292
236.88,7.90784,"15,977.67",0.00687,0.00342,839.78076
236.98,7.9112,"15,978.57",0.00685,0.00285,839.82788
237.08,7.91449,"15,979.84",0.00687,0.00307,839.89471
237.17999,7.91785,"15,980.78",0.00683,0.00335,839.94403
237.28,7.92114,"15,979.73",0.00676,0.00351,839.88910
237.38,7.9245,"15,981.49",0.00677,0.00365,839.98169
237.48,7.92801,"15,985.40",0.00685,0.0037,840.18695
237.58,7.93108,"15,983.49",0.00679,0.00343,840.08691
237.67999,7.93452,"15,984.30",0.0069,0.00341,840.12921
237.78,7.93795,"15,986.38",0.00691,0.00345,840.23889
237.88,7.94102,"15,985.38",0.00691,0.00353,840.18604
237.98,7.94461,"15,988.15",0.00677,0.00339,840.33185
238.08,7.94797,"15,988.21",0.00685,0.00339,840.33466
238.17999,7.95118,"15,988.02",0.00683,0.00337,840.32465
238.28,7.95462,"15,989.29",0.00687,0.00341,840.39154
238.38,7.95791,"15,989.71",0.00687,0.0035,840.41382
238.48,7.9612,"15,991.09",0.00679,0.00326,840.48615
238.58,7.96449,"15,989.37",0.00687,0.00293,840.39600
238.67999,7.96785,"15,991.69",0.00687,0.00305,840.51770
238.78,7.97129,"15,994.45",0.00684,0.00334,840.66260
238.88,7.97443,"15,992.17",0.00679,0.00356,840.54315
238.98,7.97794,"15,994.37",0.00678,0.00361,840.65875
239.08,7.9813,"15,996.07",0.00682,0.00371,840.74817
239.17999,7.98437,"15,994.85",0.00684,0.00339,840.68365
239.28,7.98788,"15,996.76",0.00686,0.00339,840.78400
239.38,7.99124,"15,998.08",0.0069,0.00356,840.85339
239.48,7.99446,"15,997.69",0.00691,0.00348,840.83331
239.58,7.99789,"15,998.56",0.00683,0.0034,840.87872
239.67999,8.00126,"15,998.82",0.00689,0.0034,840.89246
239.78,8.00455,"15,999.08",0.00684,0.00341,840.90594
239.88,8.00783,"15,997.93",0.00688,0.00339,840.84546
239.98,8.0112,"15,998.31",0.00687,0.00343,840.86591
240.08,8.01463,"16,000.37",0.00688,0.00353,840.97382
240.17999,8.01777,"15,998.12",0.0069,0.00293,840.85547
240.28,8.02129,"15,999.99",0.0069,0.00319,840.95398
240.38,8.02465,"16,000.32",0.00682,0.00343,840.97150
240.48,8.02771,"15,998.67",0.00681,0.00357,840.88440
240.58,8.03123,"15,999.39",0.00679,0.00373,840.92218
240.67999,8.03459,"15,999.34",0.00675,0.00382,840.91962
240.78,8.0378,"15,997.79",0.00683,0.00338,840.83820
240.88,8.04124,"15,998.90",0.00692,0.00349,840.89648
240.98,8.0446,"15,998.67",0.0069,0.00358,840.88440
241.08,8.04789,"15,998.90",0.0069,0.00355,840.89642
241.17999,8.05118,"15,997.26",0.00679,0.00319,840.81024
241.28,8.05454,"15,996.81",0.00685,0.00337,840.78680
241.38,8.05783,"15,997.74",0.00688,0.00336,840.83582
241.48,8.06105,"15,995.64",0.00685,0.00342,840.72534
241.58,8.06463,"15,998.41",0.00686,0.00344,840.87067
241.67999,8.06792,"15,998.76",0.00688,0.00322,840.88953
241.78,8.07114,"15,996.01",0.0069,0.00296,840.74493
241.88,8.07465,"15,998.55",0.00687,0.00325,840.87823
241.98,8.07794,"15,998.76",0.00677,0.00353,840.88940
242.08,8.08108,"15,996.46",0.00679,0.0036,840.76837
242.17999,8.08451,"15,997.41",0.0068,0.00368,840.81812
242.28,8.08795,"15,998.51",0.0068,0.00371,840.87622
242.38,8.09116,"15,998.34",0.00684,0.00341,840.86725
242.48,8.09453,"15,998.31",0.00681,0.00351,840.86578
242.58,8.09797,"15,999.41",0.00685,0.00352,840.92352
242.67999,8.10118,"16,001.25",0.00686,0.00356,841.02020
242.78,8.10439,"15,999.55",0.00683,0.00342,840.93073
242.88,8.10791,"16,003.27",0.00678,0.00342,841.12628
242.98,8.11119,"16,004.22",0.00679,0.00345,841.17627
243.08,8.11448,"16,003.83",0.00691,0.00349,841.15558
243.17999,8.118,"16,008.74",0.00684,0.00345,841.41364
243.28,8.12128,"16,008.48",0.00685,0.00284,841.39996
243.38,8.12442,"16,008.27",0.00687,0.00305,841.38940
243.48,8.12786,"16,009.39",0.00685,0.00325,841.44824
243.58,8.13122,"16,009.68",0.00673,0.00354,841.46344
243.67999,8.13444,"16,011.24",0.00678,0.00366,841.54535
243.78,8.13788,"16,012.94",0.00683,0.00369,841.63440
243.88,8.14131,"16,014.06",0.00672,0.00353,841.69366
243.98,8.14445,"16,013.81",0.00677,0.00342,841.68054
244.08,8.14789,"16,013.93",0.0068,0.00351,841.68665
244.17999,8.15125,"16,017.66",0.0068,0.00353,841.88251
244.28,8.15454,"16,017.96",0.00676,0.00352,841.89862
244.38,8.15783,"16,017.52",0.00687,0.00339,841.87537
244.48,8.16127,"16,020.48",0.00682,0.00337,842.03113
244.58,8.16463,"16,022.15",0.0068,0.00344,842.11853
244.67999,8.16784,"16,021.30",0.00687,0.00346,842.07379
244.78,8.17121,"16,023.38",0.00689,0.00347,842.18347
244.88,8.17465,"16,023.74",0.00692,0.00299,842.20227
244.98,8.17778,"16,024.29",0.00688,0.00302,842.23102
245.08,8.18122,"16,026.42",0.00691,0.0032,842.34308
245.17999,8.18466,"16,028.39",0.00676,0.00357,842.44684
245.28,8.1878,"16,028.75",0.00672,0.00359,842.46570
245.38,8.19124,"16,029.16",0.00678,0.00374,842.48700
245.48,8.1946,"16,032.02",0.00676,0.00361,842.63739
245.58,8.19781,"16,033.46",0.00686,0.00347,842.71295
245.67999,8.20118,"16,033.78",0.00679,0.00351,842.73004
245.78,8.20447,"16,035.74",0.00678,0.00355,842.83301
245.88,8.20783,"16,037.95",0.0068,0.00356,842.94904
245.98,8.21112,"16,039.73",0.00689,0.0034,843.04285
246.08,8.21456,"16,042.10",0.00679,0.00341,843.16705
246.17999,8.21799,"16,044.42",0.00679,0.00344,843.28931
246.28,8.22106,"16,044.87",0.00689,0.00348,843.31274
246.38,8.22457,"16,048.09",0.00689,0.00347,843.48218
246.48,8.22801,"16,051.24",0.00688,0.00344,843.64758
246.58,8.23115,"16,051.74",0.00688,0.00302,843.67401
246.67999,8.23459,"16,053.94",0.00687,0.00328,843.78961
246.78,8.23795,"16,056.79",0.00684,0.00347,843.93958
246.88,8.24116,"16,059.38",0.00673,0.00361,844.07574
246.98,8.24453,"16,060.18",0.00673,0.00369,844.11768
247.08,8.24781,"16,061.94",0.00673,0.00358,844.21021
247.17999,8.25118,"16,065.32",0.00684,0.00339,844.38745
247.28,8.25447,"16,066.64",0.00683,0.00348,844.45685
247.38,8.25783,"16,069.16",0.00679,0.0036,844.58948
247.48,8.26134,"16,071.84",0.00684,0.00351,844.73059
247.58,8.26441,"16,070.76",0.00679,0.00345,844.67346
247.67999,8.26792,"16,073.60",0.00692,0.0034,844.82288
247.78,8.27128,"16,076.04",0.00691,0.00342,844.95129
247.88,8.27442,"16,076.87",0.00682,0.00347,844.99469
247.98,8.27793,"16,077.78",0.00691,0.00352,845.04242
248.08,8.2813,"16,081.28",0.00689,0.00327,845.22662
248.17999,8.28451,"16,082.39",0.00689,0.003,845.28497
248.28,8.28795,"16,083.37",0.00693,0.00336,845.33624
248.38,8.29124,"16,085.25",0.00682,0.00351,845.43512
248.48,8.29452,"16,086.93",0.00679,0.00367,845.52362
248.58,8.29781,"16,086.85",0.00682,0.00372,845.51935
248.67999,8.30118,"16,089.51",0.00679,0.00376,845.65900
248.78,8.30461,"16,092.35",0.00682,0.00345,845.80835
248.88,8.30775,"16,091.53",0.00684,0.00353,845.76550
248.98,8.31126,"16,093.82",0.0069,0.0036,845.88556
249.08,8.31463,"16,097.13",0.0069,0.00365,846.05933
249.17999,8.31769,"16,096.59",0.00686,0.00327,846.03131
249.28,8.32121,"16,098.40",0.00682,0.00342,846.12640
249.38,8.32457,"16,100.50",0.00685,0.00338,846.23700
249.48,8.32778,"16,101.84",0.00687,0.0035,846.30731
249.58,8.33122,"16,103.18",0.00691,0.00351,846.37775
249.67999,8.33466,"16,106.56",0.00685,0.00309,846.55524
249.78,8.33787,"16,107.24",0.00697,0.00297,846.59076
249.88,8.34109,"16,107.52",0.00694,0.00313,846.60565
249.98,8.34452,"16,110.78",0.00677,0.00352,846.77698
250.08,8.34789,"16,113.05",0.00676,0.00361,846.89636
250.17999,8.3511,"16,111.94",0.00678,0.0037,846.83807
250.28,8.35461,"16,115.87",0.00679,0.00381,847.04449
250.38,8.35798,"16,119.15",0.00689,0.0035,847.21686
250.48,8.36112,"16,117.30",0.00684,0.00354,847.11957
250.58,8.36463,"16,122.01",0.00691,0.00354,847.36737
250.67999,8.36784,"16,122.61",0.00694,0.00366,847.39880
250.78,8.37113,"16,123.97",0.00685,0.00347,847.47052
250.88,8.37457,"16,127.33",0.00689,0.0034,847.64716
250.98,8.37801,"16,130.01",0.00692,0.00343,847.78778
251.08,8.38122,"16,131.22",0.00692,0.00346,847.85132
251.17999,8.38451,"16,132.14",0.00694,0.00348,847.89948
251.28,8.38795,"16,136.53",0.00693,0.00334,848.13049
251.38,8.39116,"16,138.81",0.00696,0.00301,848.25055
251.48,8.39445,"16,138.44",0.00689,0.00321,848.23077
251.58,8.39796,"16,141.41",0.00688,0.0035,848.38684
251.67999,8.40125,"16,144.08",0.00675,0.00363,848.52747
251.78,8.40446,"16,143.91",0.00684,0.00367,848.51843
251.88,8.40797,"16,149.71",0.00679,0.0038,848.82330
251.98,8.41126,"16,149.51",0.0068,0.00343,848.81274
252.08,8.4144,"16,149.54",0.00693,0.00352,848.81403
252.17999,8.41784,"16,152.20",0.00692,0.00359,848.95428
252.28,8.42128,"16,153.50",0.00683,0.00362,849.02216
252.38,8.42449,"16,155.12",0.00683,0.00347,849.10730
252.48,8.42785,"16,155.25",0.0069,0.00349,849.11432
252.58,8.43129,"16,158.28",0.00684,0.00345,849.27356
252.67999,8.43451,"16,159.14",0.00691,0.00352,849.31909
252.78,8.43787,"16,159.22",0.00694,0.00347,849.32300
252.88,8.44123,"16,160.94",0.00695,0.00349,849.41339
252.98,8.44452,"16,161.63",0.00697,0.00307,849.44952
253.08,8.44781,"16,163.12",0.00691,0.0032,849.52802
253.17999,8.45125,"16,165.59",0.00684,0.00343,849.65778
253.28,8.45461,"16,167.11",0.00683,0.00361,849.73767
253.38,8.45782,"16,165.99",0.00687,0.00372,849.67865
253.48,8.46119,"16,169.19",0.00684,0.0038,849.84698
253.58,8.46455,"16,172.03",0.00693,0.0034,849.99634
253.67999,8.46776,"16,172.01",0.00691,0.00358,849.99530
253.78,8.4712,"16,173.78",0.00702,0.00358,850.08850
253.88,8.47457,"16,175.15",0.00686,0.00364,850.16034
253.98,8.47785,"16,177.60",0.00689,0.00326,850.28912
254.08,8.48122,"16,178.32",0.00686,0.00348,850.32703
254.17999,8.48458,"16,179.61",0.00692,0.00348,850.39471
254.28,8.48779,"16,180.83",0.00697,0.0035,850.45886
254.38,8.49116,"16,181.43",0.00698,0.00352,850.49017
254.48,8.49452,"16,184.02",0.00699,0.00329,850.62671
254.58,8.49796,"16,185.68",0.00702,0.00305,850.71356
254.67999,8.50117,"16,186.23",0.00698,0.00319,850.74280
254.78,8.50453,"16,187.57",0.00681,0.0035,850.81299
254.88,8.50797,"16,191.20",0.00683,0.00371,851.00403
254.98,8.51111,"16,191.31",0.00682,0.00374,851.00952
255.08,8.51455,"16,193.42",0.00683,0.00375,851.12048
255.17999,8.51799,"16,194.94",0.00685,0.00347,851.20056
255.28,8.52113,"16,196.70",0.00691,0.00353,851.29285
255.38,8.52456,"16,197.38",0.00689,0.00362,851.32880
255.48,8.52793,"16,200.09",0.00697,0.00366,851.47113
255.58,8.53114,"16,200.14",0.00682,0.00344,851.47375
255.67999,8.5345,"16,200.10",0.00689,0.00353,851.47180
255.78,8.53787,"16,202.55",0.00692,0.00352,851.60034
255.88,8.54123,"16,204.66",0.00702,0.0035,851.71130
255.98,8.54452,"16,204.34",0.007,0.00353,851.69470
256.07999,8.54788,"16,204.92",0.00699,0.00325,851.72522
256.17999,8.55139,"16,208.16",0.00703,0.00304,851.89545
256.28,8.55446,"16,207.62",0.00699,0.00316,851.86700
256.38,8.55782,"16,208.30",0.00679,0.00349,851.90247
256.48001,8.56126,"16,209.32",0.00684,0.00366,851.95605
256.57999,8.5644,"16,209.53",0.00686,0.00373,851.96753
256.67999,8.56791,"16,211.61",0.00682,0.00382,852.07672
256.78,8.57128,"16,213.43",0.00694,0.00351,852.17218
256.88,8.57456,"16,213.06",0.00693,0.00354,852.15271
256.98001,8.57793,"16,212.68",0.00696,0.00357,852.13269
257.07999,8.58122,"16,214.59",0.00701,0.00358,852.23328
257.17999,8.58458,"16,216.00",0.00684,0.00335,852.30719
257.28,8.58779,"16,215.17",0.00695,0.0034,852.26355
257.38,8.59116,"16,216.71",0.00695,0.00343,852.34448
257.48001,8.59467,"16,219.76",0.007,0.00352,852.50525
257.57999,8.59781,"16,219.64",0.00698,0.00359,852.49866
257.67999,8.60124,"16,222.13",0.00702,0.00303,852.62939
257.78,8.60468,"16,223.73",0.00702,0.00307,852.71356
257.88,8.60775,"16,222.70",0.00703,0.00319,852.65948
257.98001,8.61126,"16,225.43",0.00688,0.00348,852.80292
258.07999,8.61462,"16,226.99",0.00694,0.00359,852.88519
258.17999,8.61784,"16,227.94",0.0069,0.00371,852.93475
258.28,8.6212,"16,228.96",0.00688,0.00384,852.98834
258.38,8.62464,"16,231.67",0.00695,0.00349,853.13098
258.48001,8.62785,"16,233.44",0.00694,0.00354,853.22424
258.57999,8.63106,"16,232.40",0.00698,0.00356,853.16949
258.67999,8.6345,"16,234.71",0.00703,0.00361,853.29083
258.78,8.63794,"16,238.30",0.00697,0.00331,853.47961
258.88,8.641,"16,236.32",0.00693,0.00345,853.37543
258.98001,8.64459,"16,240.90",0.00697,0.00345,853.61627
259.07999,8.64795,"16,242.49",0.00698,0.00345,853.69952
259.17999,8.65102,"16,240.74",0.00697,0.00355,853.60785
259.28,8.65461,"16,244.55",0.00702,0.00332,853.80792
259.38,8.6579,"16,246.54",0.00698,0.00309,853.91248
259.48001,8.66118,"16,246.88",0.00702,0.00317,853.93018
259.57999,8.66462,"16,249.39",0.00689,0.00345,854.06213
259.67999,8.66798,"16,251.46",0.00698,0.00362,854.17102
259.78,8.6712,"16,252.04",0.00692,0.0037,854.20190
259.88,8.67449,"16,251.74",0.00694,0.0038,854.18579
259.98001,8.67785,"16,253.25",0.00697,0.00351,854.26514
260.07999,8.68121,"16,254.67",0.00702,0.00353,854.33978
260.17999,8.68443,"16,254.35",0.00703,0.00361,854.32281
260.28,8.68794,"16,257.75",0.00699,0.00361,854.50153
260.38,8.6913,"16,259.60",0.007,0.00312,854.59888
260.48001,8.69444,"16,258.44",0.00709,0.0035,854.53802
260.57999,8.69795,"16,260.73",0.00709,0.00348,854.65826
260.67999,8.70124,"16,260.99",0.00697,0.00351,854.67212
260.78,8.70446,"16,261.42",0.00701,0.00347,854.69446
260.88,8.70789,"16,262.88",0.00705,0.00293,854.77118
260.98001,8.71126,"16,261.60",0.00702,0.00303,854.70435
261.07999,8.71455,"16,263.46",0.00707,0.00324,854.80188
261.17999,8.71783,"16,263.86",0.00693,0.00356,854.82269
261.28,8.72127,"16,264.50",0.00688,0.00369,854.85657
261.38,8.72449,"16,266.16",0.00691,0.00374,854.94391
261.48001,8.7277,"16,262.82",0.00692,0.00386,854.76831
261.57999,8.73121,"16,266.72",0.00699,0.00348,854.97333
261.67999,8.73458,"16,268.68",0.00704,0.00355,855.07642
261.78,8.73779,"16,267.10",0.00695,0.00359,854.99298
261.88,8.7413,"16,269.45",0.00703,0.00362,855.11658
261.98001,8.74459,"16,269.98",0.00696,0.00337,855.14471
262.07999,8.7478,"16,270.15",0.00692,0.00349,855.15326
262.17999,8.75117,"16,272.20",0.00694,0.00349,855.26141
262.28,8.75453,"16,272.52",0.00697,0.00355,855.27802
262.38,8.75782,"16,273.49",0.00704,0.00353,855.32898
262.48001,8.76118,"16,274.98",0.00699,0.00305,855.40717
262.57999,8.76462,"16,277.87",0.00704,0.00304,855.55939
262.67999,8.76791,"16,279.49",0.00704,0.00324,855.64423
262.78,8.77112,"16,277.95",0.0069,0.00348,855.56366
262.88,8.77448,"16,281.20",0.00695,0.00366,855.73419
262.98001,8.77785,"16,282.48",0.00693,0.00374,855.80139
263.07999,8.78114,"16,283.22",0.00689,0.00386,855.84039
263.17999,8.78457,"16,285.28",0.00708,0.00347,855.94867
263.28,8.78794,"16,286.31",0.00705,0.00349,856.00262
263.38,8.79115,"16,286.79",0.00703,0.00363,856.02808
263.48001,8.79451,"16,288.67",0.00701,0.00365,856.12695
263.57999,8.79788,"16,289.90",0.00696,0.00352,856.19177
263.67999,8.80109,"16,290.48",0.00694,0.0035,856.22180
263.78,8.80445,"16,290.35",0.00701,0.00346,856.21539
263.88,8.80797,"16,294.23",0.00699,0.00348,856.41888
263.98001,8.81118,"16,294.65",0.00701,0.00356,856.44116
264.07999,8.81454,"16,294.47",0.007,0.00292,856.43164
264.17999,8.81791,"16,296.80",0.00703,0.00308,856.55402
264.28,8.82119,"16,298.10",0.00707,0.00325,856.62274
264.38,8.82448,"16,297.31",0.00692,0.00355,856.58112
264.48001,8.82785,"16,299.64",0.00686,0.00364,856.70355
264.57999,8.83128,"16,299.14",0.00691,0.00375,856.67712
264.67999,8.8345,"16,299.41",0.00689,0.0038,856.69128
264.78,8.83786,"16,299.93",0.00699,0.00348,856.71881
264.88,8.8413,"16,301.50",0.0071,0.00357,856.80145
264.98001,8.84444,"16,300.32",0.00703,0.00363,856.73932
265.07999,8.8478,"16,301.05",0.00696,0.00351,856.77759
265.17999,8.85131,"16,303.04",0.00692,0.00346,856.88245
265.28,8.85445,"16,303.40",0.00698,0.00354,856.90094
265.38,8.85789,"16,304.44",0.00699,0.00351,856.95593
265.48001,8.86125,"16,305.01",0.00696,0.00353,856.98596
265.57999,8.86454,"16,307.11",0.00703,0.00361,857.09583
265.67999,8.86783,"16,307.16",0.00703,0.00309,857.09869
265.78,8.87112,"16,307.91",0.00706,0.00313,857.13837
265.88,8.87456,"16,309.60",0.00704,0.00328,857.22681
265.98001,8.87777,"16,309.12",0.00686,0.00356,857.20190
266.07999,8.88121,"16,311.67",0.00687,0.00369,857.33551
266.17999,8.88472,"16,314.42",0.00693,0.00373,857.48022
266.28,8.88779,"16,313.58",0.00693,0.00378,857.43634
266.38,8.89122,"16,313.21",0.00695,0.00344,857.41681
266.48001,8.89459,"16,315.18",0.007,0.00357,857.52039
266.57999,8.89773,"16,315.82",0.00696,0.00362,857.55402
266.67999,8.90124,"16,316.13",0.00696,0.00346,857.57037
266.78,8.9046,"16,318.21",0.00687,0.00356,857.67944
266.88,8.90789,"16,318.45",0.00699,0.00342,857.69202
266.98001,8.91125,"16,318.65",0.00701,0.0035,857.70276
267.07999,8.91454,"16,320.68",0.00703,0.0035,857.80908
267.17999,8.9179,"16,321.64",0.00704,0.00354,857.85974
267.28,8.92104,"16,320.07",0.00699,0.00307,857.77710
267.38,8.92456,"16,322.19",0.00702,0.00311,857.88843
267.48001,8.92799,"16,325.19",0.00691,0.00332,858.04620
267.57999,8.93106,"16,323.01",0.00694,0.00355,857.93195
267.67999,8.93465,"16,324.80",0.00685,0.00368,858.02594
267.78,8.93793,"16,325.31",0.00691,0.00385,858.05292
267.88,8.94107,"16,325.14",0.00689,0.00345,858.04395
267.98001,8.94459,"16,326.92",0.00698,0.00351,858.13721
268.07999,8.94787,"16,328.34",0.007,0.0036,858.21204
268.17999,8.95116,"16,327.94",0.00701,0.00364,858.19098
268.28,8.95453,"16,328.83",0.00698,0.00346,858.23785
268.38,8.95796,"16,331.89",0.00692,0.0035,858.39838
268.48001,8.96125,"16,333.40",0.0069,0.00348,858.47784
268.57999,8.96447,"16,331.88",0.00694,0.00344,858.39783
268.67999,8.96783,"16,333.73",0.00695,0.00353,858.49500
268.78,8.97127,"16,336.98",0.00703,0.00335,858.66614
268.88,8.97441,"16,336.38",0.00707,0.00295,858.63452
268.98001,8.97799,"16,339.54",0.00711,0.0031,858.80042
269.07999,8.98128,"16,339.09",0.00697,0.00329,858.77716
269.17999,8.98442,"16,339.19",0.00689,0.00355,858.78241
269.28,8.98793,"16,341.84",0.00688,0.00374,858.92139
269.38,8.99122,"16,342.24",0.00692,0.00373,858.94238
269.48001,8.99444,"16,342.82",0.00685,0.00369,858.97302
269.57999,8.99787,"16,344.10",0.00696,0.00347,859.04047
269.67999,9.00124,"16,346.33",0.00693,0.00356,859.15741
269.78,9.00453,"16,348.62",0.00693,0.00363,859.27789
269.88,9.00781,"16,348.30",0.00693,0.00366,859.26099
269.98001,9.01118,"16,349.52",0.00694,0.00348,859.32513
270.07999,9.01454,"16,351.94",0.00695,0.00355,859.45227
270.17999,9.01768,"16,352.33",0.007,0.00356,859.47278
270.28,9.02127,"16,355.13",0.00703,0.00354,859.61993
270.38,9.02463,"16,357.26",0.00702,0.00362,859.73212
270.48001,9.02777,"16,356.56",0.00703,0.00291,859.69531
270.57999,9.03128,"16,360.65",0.00708,0.00315,859.91010
270.67999,9.03457,"16,361.25",0.00689,0.00337,859.94153
270.78,9.03778,"16,362.21",0.0069,0.00358,859.99194
270.88,9.04122,"16,361.29",0.0069,0.0037,859.94403
270.98001,9.04458,"16,364.94",0.00691,0.00385,860.13544
271.07999,9.04787,"16,367.93",0.0069,0.00381,860.29297
271.17999,9.05116,"16,368.41",0.00693,0.00354,860.31818
271.28,9.0546,"16,370.71",0.007,0.00363,860.43915
271.38,9.05789,"16,371.45",0.00695,0.00361,860.47754
271.48001,9.0611,"16,371.50",0.00697,0.00343,860.48022
271.57999,9.06454,"16,375.07",0.00702,0.00355,860.66785
271.67999,9.0679,"16,376.39",0.00697,0.00347,860.73724
271.78,9.07112,"16,376.02",0.00695,0.00346,860.71771
271.88,9.07463,"16,380.28",0.00702,0.00354,860.94165
271.98001,9.07792,"16,380.98",0.00699,0.00355,860.97852
272.07999,9.08113,"16,383.67",0.00709,0.00303,861.12006
272.17999,9.08449,"16,382.94",0.00704,0.00313,861.08173
272.28,9.08786,"16,385.46",0.00699,0.00329,861.21436
272.38,9.09115,"16,388.16",0.00693,0.00353,861.35583
272.48001,9.09451,"16,389.10",0.00696,0.00365,861.40521
272.57999,9.09795,"16,392.95",0.00692,0.00376,861.60797
272.67999,9.10123,"16,393.90",0.00691,0.0035,861.65784
272.78,9.10452,"16,393.40",0.00698,0.0035,861.63135
272.88,9.10789,"16,397.44",0.00697,0.00359,861.84375
272.98001,9.11125,"16,399.86",0.00705,0.00358,861.97095
273.07999,9.11446,"16,398.75",0.00698,0.00351,861.91272
273.17999,9.11783,"16,402.38",0.00701,0.00351,862.10327
273.28,9.12126,"16,405.30",0.00704,0.00352,862.25684
273.38,9.12455,"16,406.12",0.007,0.00355,862.30005
273.48001,9.12784,"16,407.79",0.00708,0.00355,862.38776
273.57999,9.13128,"16,408.51",0.00708,0.00361,862.42584
273.67999,9.13449,"16,411.78",0.00703,0.00295,862.59735
273.78,9.13778,"16,411.69",0.00713,0.00314,862.59271
273.88,9.14129,"16,415.04",0.00702,0.00334,862.76898
273.98001,9.14451,"16,416.12",0.00691,0.00355,862.82538
274.07999,9.14787,"16,416.52",0.00695,0.00367,862.84662
274.17999,9.15131,"16,419.35",0.00693,0.00381,862.99524
274.28,9.15452,"16,420.42",0.00691,0.00388,863.05182
274.38,9.15774,"16,420.28",0.007,0.00345,863.04419
274.48001,9.16117,"16,422.63",0.00701,0.00354,863.16803
274.57999,9.16461,"16,424.62",0.007,0.00361,863.27222
274.67999,9.16782,"16,425.16",0.00699,0.0035,863.30078
274.78,9.17119,"16,426.17",0.00698,0.00343,863.35364
274.88,9.1747,"16,428.15",0.00696,0.00345,863.45801
274.98001,9.17776,"16,428.65",0.00698,0.00356,863.48431
275.07999,9.18113,"16,428.96",0.00698,0.00353,863.50073
275.17999,9.18464,"16,432.52",0.00707,0.0034,863.68738
275.28,9.18778,"16,433.56",0.00706,0.0029,863.74207
275.38,9.19122,"16,433.50",0.00703,0.0031,863.73920
275.48001,9.19466,"16,437.46",0.00699,0.00334,863.94727
275.57999,9.19794,"16,438.30",0.00689,0.00354,863.99133
275.67999,9.20116,"16,438.92",0.00694,0.00364,864.02374
275.78,9.20452,"16,440.86",0.00698,0.00371,864.12610
275.88,9.20788,"16,442.78",0.00694,0.00361,864.22681
275.98001,9.2111,"16,444.11",0.00696,0.00351,864.29681
276.07999,9.21454,"16,446.45",0.00709,0.00353,864.41980
276.17999,9.21797,"16,449.98",0.00699,0.00364,864.60541
276.28,9.22104,"16,449.98",0.00698,0.00361,864.60553
276.38,9.22455,"16,452.18",0.00702,0.00343,864.72107
276.48001,9.22791,"16,456.28",0.007,0.00349,864.93616
276.57999,9.23105,"16,457.47",0.00697,0.00349,864.99890
276.67999,9.23457,"16,459.15",0.00699,0.00359,865.08746
276.78,9.23793,"16,463.27",0.00701,0.00358,865.30359
276.88,9.24122,"16,466.26",0.00704,0.00296,865.46082
276.98001,9.24458,"16,467.69",0.00707,0.00308,865.53625
277.07999,9.24794,"16,471.38",0.00694,0.00321,865.73029
277.17999,9.25123,"16,472.89",0.00692,0.00348,865.80963
277.28,9.25445,"16,474.59",0.00695,0.00366,865.89874
277.38,9.25788,"16,478.90",0.00694,0.00375,866.12512
277.48001,9.26132,"16,482.15",0.00701,0.00389,866.29633
277.57999,9.26439,"16,481.02",0.00699,0.00347,866.23682
277.67999,9.26797,"16,484.70",0.00705,0.0036,866.42993
277.78,9.27134,"16,489.25",0.00705,0.00358,866.66949
277.88,9.27433,"16,489.06",0.00703,0.00363,866.65912
277.98001,9.27791,"16,491.93",0.00701,0.00338,866.81024
278.07999,9.2812,"16,495.21",0.00702,0.00342,866.98273
278.17999,9.28449,"16,497.41",0.00702,0.00349,867.09796
278.28,9.28785,"16,499.09",0.00705,0.00354,867.18634
278.38,9.29122,"16,502.20",0.00708,0.00349,867.34998
278.48001,9.29458,"16,504.32",0.00703,0.00328,867.46149
278.57999,9.29779,"16,504.28",0.00705,0.00303,867.45911
278.67999,9.30116,"16,507.78",0.00716,0.0031,867.64319
278.78,9.30459,"16,511.61",0.00696,0.0034,867.84448
278.88,9.30773,"16,511.44",0.00696,0.00359,867.83545
278.98001,9.31124,"16,514.40",0.00701,0.0037,867.99097
279.07999,9.31468,"16,518.61",0.00699,0.00379,868.21240
279.17999,9.31782,"16,518.47",0.00702,0.00347,868.20514
279.28,9.32126,"16,521.88",0.00707,0.00351,868.38416
279.38,9.32455,"16,521.88",0.00703,0.00353,868.38403
279.48001,9.32784,"16,524.20",0.00707,0.00363,868.50623
279.57999,9.3312,"16,526.69",0.00706,0.00323,868.63702
279.67999,9.33456,"16,528.68",0.00708,0.0035,868.74158
279.78,9.33793,"16,530.35",0.00704,0.00343,868.82947
279.88,9.34114,"16,529.05",0.00703,0.00344,868.76111
279.98001,9.34458,"16,533.49",0.00707,0.00354,868.99475
280.07999,9.34787,"16,535.25",0.00714,0.00337,869.08691
280.17999,9.35108,"16,534.76",0.0071,0.00305,869.06116
280.28,9.35459,"16,536.51",0.00715,0.00315,869.15314
280.38,9.35795,"16,539.33",0.00701,0.00342,869.30157
280.48001,9.36117,"16,539.39",0.007,0.0036,869.30444
280.57999,9.36461,"16,542.23",0.00697,0.00372,869.45416
280.67999,9.3679,"16,543.51",0.007,0.0038,869.52136
280.78,9.37111,"16,543.69",0.00703,0.00364,869.53040
280.88,9.37447,"16,546.07",0.00709,0.0035,869.65564
280.98001,9.37791,"16,547.21",0.0071,0.00362,869.71582
281.07999,9.3812,"16,549.61",0.0071,0.00366,869.84174
281.17999,9.38449,"16,547.75",0.0071,0.00351,869.74414
281.28,9.38793,"16,551.31",0.00715,0.0035,869.93127
281.38,9.39121,"16,553.81",0.00708,0.00342,870.06281
281.48001,9.39443,"16,552.78",0.00708,0.0035,870.00818
281.57999,9.39787,"16,555.27",0.00713,0.00354,870.13916
281.67999,9.40123,"16,555.83",0.00715,0.00334,870.16870
281.78,9.40452,"16,557.37",0.00712,0.00301,870.24951
281.88,9.40795,"16,560.78",0.00708,0.00322,870.42908
281.98001,9.41132,"16,561.17",0.00709,0.00338,870.44958
282.07999,9.41453,"16,562.64",0.00701,0.00358,870.52655
282.17999,9.41782,"16,563.41",0.00701,0.00369,870.56689
282.28,9.42118,"16,564.64",0.00704,0.00384,870.63190
282.38,9.42447,"16,566.47",0.00701,0.00362,870.72809
282.48001,9.42776,"16,566.64",0.00706,0.00358,870.73700
282.57999,9.43127,"16,569.97",0.0071,0.00357,870.91205
282.67999,9.43456,"16,572.12",0.00705,0.00364,871.02466
282.78,9.43785,"16,572.25",0.00707,0.00362,871.03186
282.88,9.44121,"16,574.61",0.0071,0.00344,871.15594
282.98001,9.4445,"16,574.93",0.00712,0.00351,871.17267
283.07999,9.44771,"16,575.30",0.00713,0.00359,871.19220
283.17999,9.45123,"16,578.83",0.00709,0.00361,871.37738
283.28,9.45467,"16,580.16",0.00716,0.00354,871.44751
283.38,9.4578,"16,580.36",0.00716,0.00303,871.45789
283.48001,9.46117,"16,581.75",0.00718,0.00318,871.53094
283.57999,9.46461,"16,585.30",0.00709,0.0034,871.71771
283.67999,9.46782,"16,585.23",0.00702,0.00359,871.71411
283.78,9.47118,"16,585.39",0.00704,0.00371,871.72229
283.88,9.47462,"16,587.21",0.00703,0.00386,871.81787
283.98001,9.47783,"16,588.34",0.00706,0.00363,871.87762
284.07999,9.4812,"16,588.52",0.00712,0.00356,871.88696
284.17999,9.48463,"16,591.70",0.00714,0.00361,872.05420
284.28,9.48792,"16,591.53",0.00713,0.00364,872.04529
284.38,9.49106,"16,591.19",0.00713,0.00356,872.02740
284.48001,9.4945,"16,594.23",0.00711,0.00352,872.18726
284.57999,9.49794,"16,596.45",0.00713,0.00355,872.30353
284.67999,9.50108,"16,596.09",0.00714,0.0035,872.28467
284.78,9.50451,"16,596.92",0.00713,0.0036,872.32819
284.88,9.50803,"16,599.24",0.00717,0.00329,872.45032
284.98001,9.51109,"16,598.57",0.00721,0.00297,872.41492
285.07999,9.51453,"16,599.62",0.00722,0.00314,872.47003
285.17999,9.51789,"16,601.30",0.00705,0.00342,872.55853
285.28,9.52111,"16,601.36",0.0071,0.00364,872.56195
285.38,9.52454,"16,603.45",0.00701,0.00371,872.67169
285.48001,9.52791,"16,606.38",0.00709,0.00385,872.82532
285.57999,9.53127,"16,607.96",0.00704,0.00354,872.90869
285.67999,9.53448,"16,607.99",0.00712,0.00355,872.91003
285.78,9.53785,"16,609.78",0.00716,0.00356,873.00415
285.88,9.54129,"16,612.72",0.0071,0.00362,873.15900
285.98001,9.54443,"16,612.45",0.0071,0.00359,873.14484
286.07999,9.54786,"16,614.50",0.0071,0.00354,873.25220
286.17999,9.55138,"16,617.03",0.0071,0.00345,873.38556
286.28,9.55451,"16,616.87",0.00717,0.00354,873.37701
286.38,9.55795,"16,619.15",0.0072,0.00356,873.49658
286.48001,9.56132,"16,621.20",0.00721,0.00326,873.60437
286.57999,9.56438,"16,620.00",0.00729,0.00298,873.54126
286.67999,9.56782,"16,621.45",0.00718,0.0032,873.61786
286.78,9.57125,"16,625.31",0.00716,0.00338,873.82068
286.88,9.57454,"16,626.83",0.00711,0.00359,873.90045
286.98001,9.57783,"16,626.70",0.00705,0.00369,873.89368
287.07999,9.58119,"16,628.31",0.00713,0.00383,873.97839
287.17999,9.58463,"16,632.05",0.00713,0.00367,874.17493
287.28,9.58777,"16,631.21",0.0071,0.0035,874.13080
287.38,9.59121,"16,633.89",0.00714,0.00358,874.27136
287.48001,9.59465,"16,635.44",0.00719,0.00358,874.35297
287.57999,9.59779,"16,636.27",0.00718,0.00371,874.39636
287.67999,9.6013,"16,639.20",0.00715,0.00342,874.55035
287.78,9.60466,"16,640.50",0.00714,0.00349,874.61914
287.88,9.60773,"16,640.74",0.00713,0.00354,874.63177
287.98001,9.61124,"16,642.29",0.00718,0.00357,874.71320
288.07999,9.61453,"16,644.86",0.00721,0.00314,874.84814
288.17999,9.61789,"16,646.82",0.00722,0.00295,874.95111
288.28,9.62125,"16,647.97",0.00721,0.00318,875.01141
288.38,9.62454,"16,650.15",0.00709,0.00333,875.12604
288.48001,9.62798,"16,653.04",0.00713,0.00359,875.27832
288.57999,9.63112,"16,653.30",0.00714,0.00372,875.29187
288.67999,9.63448,"16,655.32",0.00708,0.00374,875.39807
288.78,9.63792,"16,656.23",0.00708,0.00374,875.44592
288.88,9.64106,"16,656.34",0.0071,0.00355,875.45166
288.98001,9.64457,"16,660.96",0.00718,0.00359,875.69403
289.07999,9.64801,"16,663.23",0.00716,0.00358,875.81366
289.17999,9.65115,"16,662.38",0.00718,0.00347,875.76898
289.28,9.65459,"16,664.23",0.00718,0.00358,875.86609
289.38,9.6578,"16,665.09",0.00721,0.00352,875.91125
289.48001,9.66109,"16,667.49",0.00722,0.00352,876.03754
289.57999,9.66453,"16,669.51",0.00733,0.00354,876.14392
289.67999,9.66781,"16,670.56",0.00725,0.00353,876.19879
289.78,9.67125,"16,674.40",0.00736,0.00304,876.40094
289.88,9.67447,"16,674.99",0.00731,0.00316,876.43164
289.98001,9.67791,"16,677.51",0.00713,0.00336,876.56409
290.07999,9.68127,"16,680.68",0.00717,0.0036,876.73096
290.17999,9.68441,"16,680.27",0.00719,0.0037,876.70898
290.28,9.68792,"16,684.95",0.00714,0.00376,876.95520
290.38,9.69128,"16,687.39",0.00716,0.00375,877.08362
290.48001,9.6945,"16,687.25",0.00714,0.00347,877.07599
290.57999,9.69793,"16,689.64",0.0073,0.00356,877.20184
290.67999,9.7013,"16,690.79",0.00732,0.00367,877.26190
290.78,9.70451,"16,692.29",0.00727,0.00374,877.34125
290.88,9.7078,"16,693.84",0.00716,0.00345,877.42255
290.98001,9.71116,"16,693.91",0.0072,0.00349,877.42627
291.07999,9.71453,"16,697.59",0.00728,0.00357,877.61975
291.17999,9.71781,"16,697.08",0.00726,0.0036,877.59290
291.28,9.72125,"16,700.42",0.00726,0.00336,877.76813
291.38,9.72454,"16,702.29",0.00729,0.00315,877.86676
291.48001,9.72768,"16,700.23",0.00722,0.00319,877.75824
291.57999,9.73119,"16,704.63",0.00731,0.00332,877.98975
291.67999,9.73456,"16,706.80",0.00711,0.00355,878.10345
291.78,9.73777,"16,707.11",0.0071,0.00371,878.12000
291.88,9.74121,"16,709.68",0.00711,0.00383,878.25513
291.98001,9.74464,"16,710.84",0.00713,0.00385,878.31586
292.07999,9.74786,"16,712.13",0.0072,0.00344,878.38391
292.17999,9.75115,"16,713.68",0.00728,0.00355,878.46515
292.28,9.75458,"16,715.28",0.00726,0.00367,878.54913
292.38,9.7578,"16,716.78",0.00719,0.00372,878.62823
292.48001,9.76116,"16,717.12",0.00723,0.00352,878.64594
292.57999,9.76467,"16,720.46",0.00729,0.00351,878.82135
292.67999,9.76789,"16,722.32",0.00726,0.00356,878.91937
292.78,9.77118,"16,720.74",0.00723,0.00356,878.83655
292.88,9.77454,"16,724.16",0.00728,0.00362,879.01599
292.98001,9.7779,"16,725.53",0.00732,0.00296,879.08826
293.07999,9.78104,"16,724.63",0.00746,0.00321,879.04102
293.17999,9.78455,"16,727.79",0.00731,0.00336,879.20691
293.28,9.78799,"16,729.14",0.00726,0.00359,879.27765
293.38,9.7912,"16,729.42",0.00715,0.00368,879.29236
293.48001,9.79449,"16,730.67",0.00722,0.00379,879.35834
293.57999,9.79801,"16,733.31",0.00723,0.00386,879.49695
293.67999,9.80107,"16,733.39",0.00727,0.00354,879.50104
293.78,9.80443,"16,733.50",0.0072,0.00356,879.50708
293.88,9.80795,"16,738.06",0.00722,0.00359,879.74670
293.98001,9.81116,"16,739.27",0.00723,0.00355,879.81006
294.07999,9.81452,"16,738.45",0.00719,0.00321,879.76733
294.17999,9.81796,"16,740.79",0.00718,0.0034,879.89032
294.28,9.82125,"16,743.47",0.00722,0.00349,880.03125
294.38,9.82446,"16,743.51",0.00725,0.00358,880.03320
294.48001,9.82783,"16,745.72",0.00729,0.00357,880.14941
294.57999,9.83126,"16,747.76",0.00728,0.0031,880.25671
294.67999,9.83448,"16,747.73",0.00727,0.0031,880.25476
294.78,9.83792,"16,750.31",0.00725,0.00324,880.39044
294.88,9.84135,"16,752.65",0.00718,0.00363,880.51361
294.98001,9.84449,"16,752.77",0.00714,0.00366,880.52002
295.07999,9.84786,"16,752.62",0.00717,0.00382,880.51178
295.17999,9.85129,"16,755.91",0.00719,0.00388,880.68475
295.28,9.85443,"16,756.51",0.0072,0.00355,880.71625
295.38,9.85787,"16,757.72",0.0072,0.0036,880.78003
295.48001,9.86123,"16,759.20",0.00748,0.0036,880.85773
295.57999,9.8646,"16,761.58",0.00732,0.00369,880.98267
295.67999,9.86781,"16,761.50",0.00734,0.00334,880.97876
295.78,9.87117,"16,762.96",0.00723,0.0035,881.05542
295.88,9.87461,"16,764.69",0.00722,0.0036,881.14630
295.98001,9.87775,"16,763.86",0.00727,0.00355,881.10266
296.07999,9.88126,"16,765.83",0.00727,0.00357,881.20648
296.17999,9.8847,"16,767.80",0.00727,0.00316,881.31006
296.28,9.88776,"16,767.10",0.00726,0.00316,881.27307
296.38,9.89128,"16,768.00",0.00734,0.00333,881.32037
296.48001,9.89457,"16,769.53",0.00717,0.00362,881.40076
296.57999,9.89778,"16,769.77",0.00711,0.00371,881.41351
296.67999,9.90122,"16,770.72",0.00714,0.00382,881.46320
296.78,9.90458,"16,772.24",0.00721,0.00381,881.54327
296.88,9.90787,"16,772.80",0.00721,0.00355,881.57251
296.98001,9.91123,"16,773.51",0.00719,0.00358,881.60999
297.07999,9.9146,"16,775.83",0.00724,0.00367,881.73206
297.17999,9.91796,"16,776.85",0.00729,0.00369,881.78522
297.28,9.9211,"16,774.79",0.00724,0.00349,881.67700
297.38,9.92454,"16,775.96",0.00731,0.00354,881.73883
297.48001,9.9279,"16,778.02",0.00727,0.00348,881.84674
297.57999,9.93111,"16,777.43",0.00734,0.00362,881.81604
297.67999,9.93462,"16,779.53",0.00729,0.00359,881.92615
297.78,9.93791,"16,779.37",0.00727,0.00306,881.91772
297.88,9.94113,"16,780.68",0.00735,0.00314,881.98676
297.98001,9.94457,"16,781.54",0.00729,0.00336,882.03210
298.07999,9.94785,"16,781.38",0.00721,0.00362,882.02325
298.17999,9.95114,"16,782.34",0.00716,0.00372,882.07410
298.28,9.95451,"16,781.64",0.00714,0.00384,882.03735
298.38,9.95787,"16,783.35",0.00718,0.00363,882.12689
298.48001,9.96131,"16,785.24",0.00722,0.00353,882.22644
298.57999,9.96445,"16,783.38",0.00725,0.00358,882.12878
298.67999,9.96788,"16,783.16",0.00725,0.00367,882.11719
298.78,9.97132,"16,786.19",0.00721,0.00352,882.27655
298.88,9.97439,"16,785.38",0.00722,0.00351,882.23383
298.98001,9.97797,"16,787.22",0.00727,0.00364,882.33032
299.07999,9.98134,"16,787.71",0.00728,0.00353,882.35638
299.17999,9.98448,"16,786.93",0.00733,0.0036,882.31525
299.28,9.98791,"16,788.54",0.00731,0.00348,882.39972
299.38,9.9912,"16,788.74",0.00735,0.00304,882.41058
299.48001,9.99449,"16,790.12",0.00729,0.0032,882.48279
299.57999,9.99778,"16,789.57",0.00719,0.00338,882.45392
299.67999,10.00122,"16,790.16",0.00719,0.00366,882.48523
299.78,10.00458,"16,793.31",0.00721,0.00382,882.65082
299.88,10.00779,"16,792.06",0.00712,0.00389,882.58472
299.98001,10.01123,"16,793.87",0.00716,0.00375,882.68005
300.07999,10.01459,"16,794.79",0.00721,0.00363,882.72845
300.17999,10.01766,"16,794.08",0.00733,0.0036,882.69128
300.28,10.02125,"16,796.40",0.00744,0.00368,882.81323
300.38,10.02461,"16,797.91",0.00743,0.00362,882.89215
300.48001,10.02782,"16,797.50",0.00738,0.0035,882.87103
300.57999,10.03133,"16,800.41",0.00732,0.00353,883.02368
300.67999,10.03462,"16,801.07",0.00733,0.00352,883.05823
300.78,10.03784,"16,802.45",0.00737,0.00346,883.13086
300.88,10.04113,"16,802.12",0.00732,0.00343,883.11371
300.98001,10.04449,"16,803.77",0.00734,0.003,883.20026
301.07999,10.04785,"16,806.35",0.00736,0.00319,883.33606
301.17999,10.05114,"16,805.74",0.00719,0.00342,883.30402
301.28,10.05465,"16,809.10",0.00721,0.00364,883.48035
301.38,10.05787,"16,810.23",0.0072,0.00374,883.53979
301.48001,10.06108,"16,809.27",0.00716,0.00383,883.48962
301.57999,10.06459,"16,813.53",0.00716,0.00377,883.71320
301.67999,10.06796,"16,815.53",0.00735,0.00355,883.81842
301.78,10.0711,"16,814.92",0.00732,0.00362,883.78662
301.88,10.07453,"16,817.76",0.00733,0.00363,883.93567
301.98001,10.07797,"16,821.12",0.00723,0.00355,884.11200
302.07999,10.08119,"16,822.29",0.00727,0.00345,884.17383
302.17999,10.08447,"16,822.97",0.00734,0.00351,884.20972
302.28,10.08784,"16,824.44",0.00738,0.00355,884.28687
302.38,10.09112,"16,827.55",0.00749,0.00365,884.45007
302.48001,10.09441,"16,828.32",0.00742,0.00316,884.49084
302.57999,10.09793,"16,832.52",0.00739,0.00306,884.71143
302.67999,10.10121,"16,833.49",0.00735,0.00325,884.76263
302.78,10.1045,"16,834.06",0.00725,0.0034,884.79242
302.88,10.10794,"16,839.55",0.00729,0.00359,885.08118
302.98001,10.11123,"16,841.18",0.00739,0.00379,885.16638
303.07999,10.11444,"16,840.73",0.00727,0.00383,885.14319
303.17999,10.11781,"16,843.47",0.00736,0.00382,885.28723
303.28,10.12132,"16,847.11",0.00727,0.0035,885.47803
303.38,10.12453,"16,849.13",0.00753,0.00374,885.58459
303.48001,10.1279,"16,851.48",0.00743,0.00365,885.70782
303.57999,10.13133,"16,854.67",0.00735,0.0037,885.87561
303.67999,10.13447,"16,855.35",0.00737,0.00334,885.91113
303.78,10.13784,"16,857.43",0.0073,0.00357,886.02051
303.88,10.14127,"16,861.97",0.00737,0.00355,886.25934
303.98001,10.14449,"16,862.79",0.00733,0.00356,886.30219
304.07999,10.14785,"16,863.81",0.00735,0.00333,886.35583
304.17999,10.15129,"16,867.35",0.00741,0.00319,886.54205
304.28,10.15458,"16,869.51",0.00735,0.00314,886.65564
304.38,10.15772,"16,870.49",0.00733,0.0033,886.70715
304.48001,10.16115,"16,872.44",0.00724,0.00361,886.80969
304.57999,10.16452,"16,874.30",0.0072,0.00371,886.90753
304.67999,10.16773,"16,875.97",0.00722,0.00375,886.99530
304.78,10.17124,"16,879.40",0.00718,0.00385,887.17535
304.88,10.17461,"16,882.05",0.00729,0.00348,887.31476
304.98001,10.17774,"16,882.86",0.00724,0.00355,887.35718
305.07999,10.18118,"16,884.92",0.00736,0.00369,887.46570
305.17999,10.18462,"16,888.50",0.00735,0.00365,887.65363
305.28,10.18783,"16,888.98",0.00733,0.00349,887.67889
305.38,10.1912,"16,889.53",0.0075,0.00358,887.70764
305.48001,10.19456,"16,893.23",0.00745,0.00357,887.90228
305.57999,10.19792,"16,895.02",0.00737,0.00358,887.99640
305.67999,10.20121,"16,895.36",0.00735,0.0033,888.01428
305.78,10.2045,"16,897.79",0.00746,0.00294,888.14215
305.88,10.20794,"16,899.49",0.00755,0.00315,888.23157
305.98001,10.21108,"16,900.34",0.00748,0.00327,888.27625
306.07999,10.21451,"16,904.06",0.00737,0.00354,888.47180
306.17999,10.21795,"16,906.41",0.00733,0.0037,888.59497
306.28,10.22109,"16,905.46",0.00723,0.0038,888.54498
306.38,10.2246,"16,908.76",0.00723,0.00387,888.71851
306.48001,10.22797,"16,911.42",0.00726,0.00357,888.85822
306.57999,10.23111,"16,913.47",0.00733,0.00354,888.96606
306.67999,10.23454,"16,914.81",0.00731,0.00361,889.03662
306.78,10.23783,"16,916.61",0.00732,0.00365,889.13092
306.88,10.2412,"16,919.46",0.0073,0.00355,889.28101
306.98001,10.24448,"16,921.77",0.00738,0.00359,889.40247
307.07999,10.24785,"16,923.64",0.00742,0.0035,889.50061
307.17999,10.25129,"16,925.91",0.00752,0.00364,889.62018
307.28,10.25443,"16,925.84",0.00734,0.00359,889.61639
307.38,10.25786,"16,928.08",0.00736,0.00291,889.73413
307.48001,10.2613,"16,931.71",0.00746,0.00311,889.92499
307.57999,10.26444,"16,930.63",0.00738,0.00325,889.86804
307.67999,10.26795,"16,932.51",0.00728,0.00351,889.96710
307.78,10.27132,"16,935.36",0.00734,0.0037,890.11646
307.88,10.27453,"16,935.30",0.00722,0.00379,890.11377
307.98001,10.27789,"16,936.46",0.00727,0.00386,890.17432
308.07999,10.28118,"16,937.44",0.00723,0.00362,890.22577
308.17999,10.28447,"16,939.14",0.00732,0.00358,890.31519
308.28,10.28783,"16,939.73",0.0074,0.00368,890.34662
308.38,10.29119,"16,941.32",0.00741,0.00367,890.42975
308.48001,10.29463,"16,944.28",0.00733,0.00334,890.58557
308.57999,10.29777,"16,941.04",0.00737,0.00356,890.41528
308.67999,10.30121,"16,945.09",0.00734,0.00353,890.62830
308.78,10.30457,"16,946.77",0.00736,0.00358,890.71625
308.88,10.30771,"16,946.35",0.00738,0.00346,890.69421
308.98001,10.31122,"16,947.24",0.00739,0.00299,890.74133
309.07999,10.31459,"16,949.81",0.00733,0.00313,890.87622
309.17999,10.3178,"16,950.98",0.00737,0.00327,890.93750
309.28,10.32124,"16,952.92",0.00734,0.00352,891.03986
309.38,10.3246,"16,953.33",0.00743,0.00369,891.06097
309.48001,10.32782,"16,954.78",0.00727,0.00386,891.13745
309.57999,10.3311,"16,954.50",0.00729,0.00388,891.12250
309.67999,10.33454,"16,957.22",0.00728,0.00351,891.26544
309.78,10.3379,"16,959.55",0.00729,0.00368,891.38806
309.88,10.34112,"16,957.65",0.00759,0.0037,891.28833
309.98001,10.34463,"16,962.61",0.00743,0.00379,891.54871
310.07999,10.34799,"16,965.59",0.00735,0.00349,891.70557
310.17999,10.35106,"16,964.34",0.00738,0.00367,891.64008
310.28,10.35457,"16,966.60",0.00747,0.00361,891.75861
310.38,10.35794,"16,968.31",0.0075,0.00357,891.84845
310.48001,10.36115,"16,969.70",0.00738,0.00363,891.92157
310.57999,10.36459,"16,972.12",0.00738,0.00299,892.04883
310.67999,10.36802,"16,972.94",0.00735,0.00308,892.09192
310.78,10.37116,"16,973.83",0.00746,0.00333,892.13867
310.88,10.37445,"16,973.42",0.0075,0.00349,892.11719
310.98001,10.37789,"16,976.56",0.00733,0.00369,892.28198
311.07999,10.38118,"16,979.04",0.00739,0.00379,892.41254
311.17999,10.38439,"16,977.81",0.00744,0.00378,892.34784
311.28,10.38798,"16,981.84",0.00732,0.0035,892.55988
311.38,10.39127,"16,984.21",0.00761,0.0037,892.68445
311.48001,10.39448,"16,982.80",0.0076,0.00367,892.61005
311.57999,10.39792,"16,985.63",0.00756,0.00372,892.75879
311.67999,10.40121,"16,986.81",0.00748,0.00344,892.82092
311.78,10.40442,"16,986.73",0.00743,0.00359,892.81659
311.88,10.40794,"16,989.72",0.00746,0.00352,892.97394
311.98001,10.41137,"16,993.21",0.0075,0.00361,893.15698
312.07999,10.41451,"16,993.57",0.00747,0.00361,893.17639
312.17999,10.41788,"16,994.09",0.00743,0.00317,893.20361
312.28,10.42131,"16,996.33",0.00736,0.00312,893.32135
312.38,10.42445,"16,997.57",0.00735,0.00326,893.38666
312.48001,10.42781,"16,996.56",0.00742,0.00349,893.33344
312.57999,10.43125,"16,999.46",0.00747,0.00373,893.48560
312.67999,10.43454,"17,000.82",0.00744,0.0038,893.55743
312.78,10.43783,"17,000.01",0.00731,0.00384,893.51465
312.88,10.44127,"17,004.50",0.00738,0.00354,893.75043
312.98001,10.44456,"17,003.35",0.0075,0.00367,893.69000
313.07999,10.44769,"17,003.74",0.00761,0.00371,893.71051
313.17999,10.45113,"17,005.65",0.00762,0.00374,893.81091
313.28,10.45457,"17,007.69",0.00743,0.00365,893.91840
313.38,10.45778,"17,007.63",0.0074,0.00349,893.91541
313.48001,10.46122,"17,008.87",0.00746,0.00358,893.98053
313.57999,10.46466,"17,011.54",0.00754,0.00361,894.12091
313.67999,10.4678,"17,011.72",0.0075,0.00359,894.13007
313.78,10.47116,"17,011.77",0.00742,0.00304,894.13263
313.88,10.4746,"17,013.42",0.00751,0.00312,894.21930
313.98001,10.47789,"17,015.04",0.00745,0.0033,894.30487
314.07999,10.48118,"17,014.16",0.00739,0.00351,894.25818
314.17999,10.48461,"17,016.96",0.00745,0.00379,894.40552
314.28,10.48798,"17,018.09",0.00753,0.0038,894.46515
314.38,10.49119,"17,016.70",0.00755,0.0038,894.39203
314.48001,10.49448,"17,018.96",0.00751,0.00364,894.51074
314.57999,10.49792,"17,020.38",0.0073,0.00361,894.58514
314.67999,10.50106,"17,020.83",0.00765,0.00368,894.60876
314.78,10.50449,"17,021.98",0.00759,0.00371,894.66956
314.88,10.50793,"17,024.40",0.00767,0.00355,894.79651
314.98001,10.51114,"17,026.04",0.00758,0.00347,894.88263
315.07999,10.51458,"17,025.81",0.0075,0.0036,894.87085
315.17999,10.51787,"17,028.27",0.00743,0.00361,895.00006
315.28,10.52109,"17,028.57",0.00745,0.00366,895.01556
315.38,10.52452,"17,029.94",0.00746,0.00303,895.08765
315.48001,10.52781,"17,032.77",0.00749,0.0032,895.23657
315.57999,10.53125,"17,034.13",0.0074,0.00343,895.30804
315.67999,10.53454,"17,034.51",0.0074,0.00357,895.32819
315.78,10.5379,"17,036.23",0.0074,0.00379,895.41840
315.88,10.54126,"17,038.44",0.00747,0.00385,895.53430
315.98001,10.5444,"17,037.98",0.00746,0.0039,895.51056
316.07999,10.54784,"17,038.94",0.00753,0.00359,895.56091
316.17999,10.55128,"17,041.03",0.00759,0.00362,895.67072
316.28,10.55442,"17,041.27",0.00758,0.00373,895.68304
316.38,10.55793,"17,042.94",0.00767,0.00379,895.77112
316.48001,10.56129,"17,045.50",0.00762,0.00381,895.90540
316.57999,10.56451,"17,045.75",0.00764,0.00347,895.91882
316.67999,10.56787,"17,045.53",0.00759,0.00358,895.90692
316.78,10.57116,"17,048.38",0.00756,0.00361,896.05725
316.88,10.5746,"17,050.32",0.0075,0.00306,896.15906
316.98001,10.57781,"17,050.06",0.00754,0.00306,896.14508
317.07999,10.58117,"17,051.49",0.00758,0.0031,896.22046
317.17999,10.58469,"17,055.36",0.00752,0.00327,896.42401
317.28,10.58775,"17,053.41",0.0075,0.00344,896.32147
317.38,10.59119,"17,056.17",0.00754,0.00367,896.46631
317.48001,10.59455,"17,056.52",0.00745,0.00375,896.48480
317.57999,10.59769,"17,056.41",0.00734,0.00395,896.47925
317.67999,10.60128,"17,059.29",0.0074,0.00383,896.63037
317.78,10.60464,"17,060.42",0.00747,0.00361,896.68958
317.88,10.60778,"17,060.62",0.00755,0.00367,896.70013
317.98001,10.61122,"17,060.75",0.00766,0.00379,896.70721
318.07999,10.61451,"17,063.60",0.00758,0.00351,896.85681
318.17999,10.61787,"17,065.32",0.00758,0.00369,896.94733
318.28,10.62116,"17,064.49",0.00752,0.00355,896.90393
318.38,10.62452,"17,066.46",0.00749,0.00355,897.00708
318.48001,10.62803,"17,068.41",0.00748,0.00349,897.10999
318.57999,10.6311,"17,066.74",0.00747,0.00299,897.02197
318.67999,10.63461,"17,069.22",0.00749,0.00314,897.15222
318.78,10.63797,"17,070.44",0.00748,0.00334,897.21661
318.88,10.64104,"17,068.20",0.00758,0.00341,897.09845
318.98001,10.64463,"17,070.54",0.00761,0.00373,897.22156
319.07999,10.64799,"17,072.16",0.0075,0.00385,897.30676
319.17999,10.6512,"17,071.70",0.00741,0.00394,897.28265
319.28,10.65456,"17,071.14",0.00742,0.00376,897.25323
319.38,10.65793,"17,073.36",0.0076,0.00366,897.36987
319.48001,10.66122,"17,074.33",0.00763,0.00373,897.42072
319.57999,10.66443,"17,073.04",0.00752,0.00374,897.35297
319.67999,10.66787,"17,074.66",0.00739,0.00364,897.43823
319.78,10.67123,"17,075.25",0.00743,0.00371,897.46906
319.88,10.67445,"17,075.00",0.00738,0.0036,897.45624
319.98001,10.67796,"17,077.84",0.00738,0.00362,897.60547
320.07999,10.68132,"17,078.50",0.00744,0.00359,897.63989
320.17999,10.68439,"17,075.19",0.00746,0.00296,897.46588
320.28,10.6879,"17,077.06",0.00753,0.00318,897.56439
320.38,10.69126,"17,077.38",0.00742,0.00328,897.58136
320.48001,10.69448,"17,077.58",0.00741,0.0035,897.59180
320.57999,10.69791,"17,077.87",0.0076,0.00374,897.60669
320.67999,10.70128,"17,077.71",0.0076,0.00382,897.59882
320.78,10.70449,"17,078.35",0.00748,0.00392,897.63214
320.88,10.70785,"17,077.86",0.00753,0.0036,897.60638
320.98001,10.71122,"17,077.82",0.00751,0.0037,897.60443
321.07999,10.7145,"17,078.81",0.00766,0.00374,897.65662
321.17999,10.71779,"17,075.97",0.00753,0.00379,897.50726
321.28,10.72131,"17,079.28",0.00763,0.0034,897.68103
321.38,10.7246,"17,078.80",0.00756,0.00366,897.65601
321.48001,10.72781,"17,076.70",0.0076,0.00366,897.54523
321.57999,10.73125,"17,078.48",0.0075,0.00363,897.63916
321.67999,10.73454,"17,079.38",0.00765,0.00302,897.68628
321.78,10.73775,"17,079.48",0.00759,0.00314,897.69171
321.88,10.74119,"17,080.38",0.00752,0.00323,897.73865
321.98001,10.74455,"17,080.42",0.00756,0.0034,897.74091
322.07999,10.74784,"17,081.63",0.00749,0.00367,897.80481
322.17999,10.7512,"17,082.15",0.00748,0.00382,897.83191
322.28,10.75464,"17,083.89",0.00744,0.00384,897.92340
322.38,10.75785,"17,083.69",0.00736,0.00393,897.91272
322.48001,10.76107,"17,081.69",0.00749,0.00363,897.80750
322.57999,10.76458,"17,085.13",0.00744,0.00369,897.98871
322.67999,10.76787,"17,085.91",0.00749,0.00381,898.02954
322.78,10.77116,"17,084.61",0.0075,0.00375,897.96130
322.88,10.77459,"17,086.28",0.00745,0.00365,898.04883
322.98001,10.77796,"17,086.69",0.00759,0.00368,898.07074
323.07999,10.78109,"17,086.56",0.0075,0.00367,898.06384
323.17999,10.78453,"17,088.21",0.00746,0.00361,898.15070
323.28,10.7879,"17,087.87",0.00745,0.00366,898.13251
323.38,10.79111,"17,087.77",0.00747,0.00313,898.12720
323.48001,10.79455,"17,089.74",0.00761,0.00324,898.23083
323.57999,10.79799,"17,091.68",0.00744,0.00337,898.33301
323.67999,10.8012,"17,091.75",0.00761,0.00364,898.33630
323.78,10.80449,"17,090.51",0.0076,0.00381,898.27148
323.88,10.80785,"17,092.44",0.00755,0.00387,898.37292
323.98001,10.81114,"17,092.96",0.00758,0.00378,898.40002
324.07999,10.8145,"17,093.31",0.00749,0.00362,898.41870
324.17999,10.81787,"17,094.57",0.00762,0.00372,898.48474
324.28,10.82123,"17,094.52",0.00777,0.0037,898.48224
324.38,10.82452,"17,095.69",0.00752,0.00378,898.54333
324.48001,10.82781,"17,096.59",0.00765,0.00349,898.59088
324.57999,10.83124,"17,096.71",0.00762,0.00363,898.59723
324.67999,10.83438,"17,096.10",0.0076,0.00359,898.56519
324.78,10.83789,"17,097.94",0.00751,0.00364,898.66199
324.88,10.84133,"17,099.62",0.00754,0.00338,898.75018
324.98001,10.84447,"17,099.21",0.00755,0.00312,898.72845
325.07999,10.84791,"17,098.63",0.00769,0.0033,898.69806
325.17999,10.85127,"17,099.49",0.00737,0.00345,898.74329
325.28,10.85449,"17,099.53",0.00738,0.00369,898.74554
325.38,10.85785,"17,098.78",0.00746,0.00385,898.70575
325.48001,10.86121,"17,099.60",0.0075,0.0039,898.74908
325.57999,10.86458,"17,099.94",0.00759,0.00381,898.76703
325.67999,10.86786,"17,098.86",0.00759,0.00363,898.71002
325.78,10.87123,"17,099.70",0.00745,0.00363,898.75452
325.88,10.87467,"17,102.00",0.00759,0.00375,898.87531
325.98001,10.87773,"17,099.88",0.00761,0.00386,898.76373
326.07999,10.88117,"17,099.46",0.00755,0.00344,898.74200
326.17999,10.88461,"17,102.86",0.00757,0.00372,898.92041
326.28,10.88775,"17,102.39",0.00755,0.00367,898.89557
326.38,10.89126,"17,102.53",0.0076,0.00365,898.90314
326.48001,10.89462,"17,103.29",0.00765,0.00303,898.94287
326.57999,10.89783,"17,102.94",0.00763,0.00313,898.92462
326.67999,10.9012,"17,103.33",0.00766,0.00323,898.94501
326.78,10.90449,"17,104.23",0.00758,0.00351,898.99268
326.88,10.90785,"17,104.61",0.00756,0.00367,899.01227
326.98001,10.91106,"17,104.02",0.0076,0.00379,898.98145
327.07999,10.91458,"17,105.44",0.00747,0.00387,899.05579
327.17999,10.91801,"17,109.40",0.00735,0.00381,899.26428
327.28,10.92115,"17,106.69",0.0074,0.00365,899.12170
327.38,10.92459,"17,107.31",0.00772,0.00369,899.15436
327.48001,10.92795,"17,110.37",0.0077,0.00375,899.31531
327.57999,10.93102,"17,108.61",0.00754,0.00361,899.22260
327.67999,10.9346,"17,109.90",0.0075,0.00335,899.29065
327.78,10.93797,"17,110.78",0.0077,0.00358,899.33667
327.88,10.94126,"17,110.36",0.00757,0.00357,899.31451
327.98001,10.94455,"17,111.19",0.00755,0.00345,899.35822
328.07999,10.94791,"17,111.85",0.00764,0.00302,899.39270
328.17999,10.9512,"17,113.21",0.00762,0.00314,899.46466
328.28,10.95441,"17,110.82",0.00764,0.00322,899.33905
328.38,10.95785,"17,113.16",0.00763,0.00351,899.46191
328.48001,10.96129,"17,115.78",0.00771,0.00375,899.59924
328.57999,10.96442,"17,113.26",0.00766,0.00383,899.46716
328.67999,10.96794,"17,114.73",0.00771,0.00376,899.54431
328.78,10.9713,"17,116.54",0.00745,0.00381,899.63916
328.88,10.97437,"17,115.15",0.00747,0.00363,899.56628
328.98001,10.97788,"17,117.28",0.00775,0.00371,899.67810
329.07999,10.98124,"17,119.18",0.00773,0.00374,899.77838
329.17999,10.98453,"17,118.13",0.00769,0.00376,899.72327
329.28,10.98797,"17,120.16",0.0075,0.00334,899.82990
329.38,10.99133,"17,121.55",0.00762,0.00363,899.90259
329.48001,10.99454,"17,122.20",0.00756,0.00359,899.93689
329.57999,10.99776,"17,120.50",0.0075,0.00368,899.84747
329.67999,11.0012,"17,122.28",0.00762,0.00307,899.94122
329.78,11.00456,"17,124.52",0.00763,0.00315,900.05884
329.88,11.00777,"17,122.69",0.00771,0.00332,899.96265
329.98001,11.01136,"17,125.18",0.0076,0.00356,900.09332
330.07999,11.01465,"17,125.49",0.00745,0.00377,900.11005
330.17999,11.01771,"17,124.03",0.00768,0.00383,900.03326
330.28,11.02123,"17,126.83",0.00762,0.00375,900.18030
330.38,11.02451,"17,126.93",0.00756,0.00386,900.18542
330.48001,11.02773,"17,127.29",0.00744,0.0036,900.20422
330.57999,11.03124,"17,129.00",0.00774,0.00372,900.29443
330.67999,11.0346,"17,129.91",0.00769,0.00375,900.34216
330.78,11.03782,"17,130.83",0.00771,0.00372,900.39044
330.88,11.04118,"17,130.84",0.00766,0.00339,900.39124
330.98001,11.04454,"17,131.69",0.00751,0.00362,900.43549
331.07999,11.04783,"17,133.38",0.00746,0.00357,900.52441
331.17999,11.05112,"17,133.13",0.00767,0.00329,900.51147
331.28,11.05456,"17,136.63",0.00755,0.00309,900.69550
331.38,11.05792,"17,136.58",0.00754,0.00316,900.69287
331.48001,11.06113,"17,135.25",0.00744,0.00328,900.62280
331.57999,11.06457,"17,138.56",0.00743,0.00369,900.79663
331.67999,11.06794,"17,138.00",0.00762,0.00383,900.76746
331.78,11.07115,"17,137.69",0.00765,0.00384,900.75104
331.88,11.07451,"17,139.67",0.00754,0.00384,900.85504
331.98001,11.07795,"17,140.56",0.00743,0.00358,900.90198
332.07999,11.08116,"17,141.48",0.00756,0.00369,900.95050
332.17999,11.08453,"17,142.39",0.0077,0.00376,900.99817
332.28,11.08789,"17,143.05",0.00766,0.0038,901.03265
332.38,11.09118,"17,144.46",0.00761,0.0037,901.10693
332.48001,11.09447,"17,144.00",0.00752,0.00369,901.08295
332.57999,11.09791,"17,146.60",0.00764,0.00363,901.21948
332.67999,11.10119,"17,146.81",0.00752,0.00364,901.23053
332.78,11.10448,"17,146.39",0.00762,0.00298,901.20856
332.88,11.10792,"17,149.91",0.00766,0.00308,901.39319
332.98001,11.11128,"17,151.72",0.00765,0.00325,901.48865
333.07999,11.1145,"17,151.28",0.00745,0.0034,901.46552
333.17999,11.11779,"17,152.17",0.00755,0.00353,901.51227
333.28,11.12122,"17,154.19",0.00753,0.00375,901.61816
333.38,11.12444,"17,155.62",0.00752,0.00385,901.69360
333.48001,11.12788,"17,156.80",0.00744,0.00385,901.75531
333.57999,11.13131,"17,158.70",0.0074,0.00368,901.85510
333.67999,11.13453,"17,158.76",0.00741,0.00369,901.85840
333.78,11.13782,"17,160.01",0.00759,0.00372,901.92419
333.88,11.14125,"17,162.60",0.00769,0.0038,902.06055
333.98001,11.14454,"17,163.38",0.00767,0.00373,902.10150
334.07999,11.14783,"17,163.47",0.00769,0.0037,902.10590
334.17999,11.15119,"17,166.39",0.00766,0.00366,902.25977
334.28,11.15463,"17,168.79",0.00766,0.00367,902.38556
334.38,11.15784,"17,168.83",0.00766,0.00317,902.38757
334.48001,11.16121,"17,170.35",0.00761,0.00313,902.46753
334.57999,11.16465,"17,171.03",0.00771,0.00323,902.50336
334.67999,11.16771,"17,171.82",0.00743,0.00335,902.54486
334.78,11.17115,"17,173.60",0.00759,0.00362,902.63849
334.88,11.17466,"17,175.90",0.00754,0.00379,902.75940
334.98001,11.1778,"17,174.96",0.00767,0.00393,902.70984
335.07999,11.18124,"17,174.78",0.00766,0.00388,902.70038
335.17999,11.1846,"17,178.13",0.00761,0.0036,902.87671
335.28,11.18781,"17,179.10",0.00758,0.00367,902.92773
335.38,11.19118,"17,177.97",0.00772,0.00379,902.86810
335.48001,11.19447,"17,179.53",0.0076,0.00387,902.95032
335.57999,11.1979,"17,182.30",0.00769,0.00358,903.09558
335.67999,11.20112,"17,182.86",0.00765,0.00374,903.12537
335.78,11.20455,"17,183.52",0.00751,0.00367,903.15973
335.88,11.20799,"17,184.91",0.00746,0.00377,903.23285
335.98001,11.21106,"17,185.08",0.00748,0.003,903.24170
336.07999,11.21457,"17,185.92",0.00762,0.00308,903.28613
336.17999,11.21801,"17,188.02",0.0077,0.00326,903.39636
336.28,11.22107,"17,186.95",0.00754,0.0033,903.34003
336.38,11.22466,"17,187.88",0.00741,0.00366,903.38922
336.48001,11.22795,"17,190.34",0.00747,0.00379,903.51831
336.57999,11.23124,"17,192.41",0.00763,0.00392,903.62726
336.67999,11.23452,"17,190.52",0.00757,0.00382,903.52759
336.78,11.23781,"17,191.54",0.00761,0.00361,903.58154
336.88,11.24118,"17,193.99",0.00751,0.00373,903.71033
336.98001,11.24439,"17,194.37",0.00751,0.00377,903.73022
337.07999,11.2479,"17,197.00",0.00763,0.00381,903.86829
337.17999,11.25134,"17,198.60",0.00766,0.00345,903.95239
337.28,11.25441,"17,196.11",0.00767,0.00368,903.82147
337.38,11.25784,"17,198.71",0.00758,0.0037,903.95801
337.48001,11.26128,"17,200.74",0.00763,0.00369,904.06488
337.57999,11.26434,"17,199.32",0.00766,0.00304,903.99011
337.67999,11.26793,"17,200.18",0.00764,0.00315,904.03540
337.78,11.2713,"17,202.90",0.00771,0.00326,904.17828
337.88,11.27458,"17,202.13",0.00759,0.00341,904.13806
337.98001,11.27795,"17,203.01",0.00763,0.00373,904.18427
338.07999,11.28123,"17,204.04",0.00766,0.00385,904.23859
338.17999,11.28452,"17,204.63",0.00754,0.00394,904.26959
338.28,11.28774,"17,202.87",0.00761,0.00388,904.17688
338.38,11.29117,"17,205.37",0.0076,0.00366,904.30817
338.48001,11.29461,"17,207.29",0.00753,0.00377,904.40936
338.57999,11.29775,"17,204.49",0.00759,0.0038,904.26196
338.67999,11.30134,"17,207.34",0.00739,0.00387,904.41193
338.78,11.30463,"17,208.33",0.00747,0.00348,904.46381
338.88,11.30769,"17,206.16",0.00738,0.00352,904.34985
338.98001,11.31128,"17,207.61",0.00743,0.0037,904.42578
339.07999,11.31457,"17,206.96",0.00745,0.00322,904.39215
339.17999,11.31778,"17,207.81",0.00765,0.00306,904.43671
339.28,11.32122,"17,208.45",0.00749,0.00315,904.47003
339.38,11.32458,"17,208.21",0.00737,0.00326,904.45782
339.48001,11.32787,"17,208.31",0.00735,0.00341,904.46265
339.57999,11.33109,"17,207.66",0.00754,0.0038,904.42859
339.67999,11.33452,"17,209.41",0.0076,0.0038,904.52045
339.78,11.33788,"17,210.73",0.00763,0.00391,904.58984
339.88,11.3411,"17,207.82",0.00759,0.00386,904.43701
339.98001,11.34461,"17,210.16",0.00757,0.00365,904.56030
340.07999,11.34798,"17,212.31",0.0076,0.00369,904.67334
340.17999,11.35111,"17,210.46",0.00763,0.00381,904.57599
340.28,11.35455,"17,211.93",0.00759,0.00383,904.65289
340.38,11.35784,"17,211.57",0.00737,0.00339,904.63397
340.48001,11.36113,"17,211.11",0.00744,0.00371,904.60986
340.57999,11.36457,"17,212.46",0.00736,0.00374,904.68109
340.67999,11.36793,"17,213.14",0.00755,0.00318,904.71692
340.78,11.37122,"17,212.88",0.00763,0.00304,904.70319
340.88,11.37451,"17,211.98",0.00756,0.00316,904.65588
340.98001,11.37787,"17,213.19",0.00744,0.00335,904.71912
341.07999,11.38116,"17,214.71",0.00741,0.00341,904.79950
341.17999,11.38437,"17,212.75",0.00763,0.00371,904.69641
341.28,11.38788,"17,214.53",0.00766,0.00382,904.78992
341.38,11.39125,"17,215.62",0.00748,0.00397,904.84692
341.48001,11.39454,"17,216.04",0.00761,0.00388,904.86908
341.57999,11.39797,"17,218.26",0.00764,0.00372,904.98590
341.67999,11.40126,"17,216.62",0.00756,0.00381,904.89948
341.78,11.40448,"17,216.27",0.00746,0.00382,904.88110
341.88,11.40784,"17,217.10",0.00739,0.00392,904.92480
341.98001,11.4112,"17,217.35",0.00738,0.00324,904.93774
342.07999,11.41449,"17,217.54",0.00737,0.00372,904.94781
342.17999,11.41778,"17,216.19",0.00738,0.00373,904.87695
342.28,11.42129,"17,218.08",0.00735,0.003,904.97656
342.38,11.42451,"17,218.80",0.00738,0.00317,905.01422
342.48001,11.42779,"17,217.58",0.00743,0.00323,904.95020
342.57999,11.43123,"17,217.49",0.00734,0.00341,904.94525
342.67999,11.43459,"17,217.62",0.00736,0.00353,904.95190
342.78,11.43781,"17,217.86",0.00756,0.00374,904.96484
342.88,11.44125,"17,218.54",0.00758,0.00389,905.00055
342.98001,11.44468,"17,218.72",0.00758,0.00386,905.00995
343.07999,11.44782,"17,216.66",0.00755,0.00365,904.90179
343.17999,11.45111,"17,217.58",0.00752,0.00368,904.95007
343.28,11.45455,"17,218.51",0.00752,0.00377,904.99896
343.38,11.45776,"17,218.32",0.00744,0.00382,904.98895
343.48001,11.4612,"17,216.64",0.00734,0.00387,904.90057
343.57999,11.46464,"17,218.49",0.00757,0.00341,904.99811
343.67999,11.46785,"17,218.34",0.00734,0.00371,904.98981
343.78,11.47122,"17,217.39",0.00746,0.00357,904.94025
343.88,11.47458,"17,217.37",0.00748,0.00299,904.93896
343.98001,11.47787,"17,216.36",0.0075,0.00315,904.88580
344.07999,11.48116,"17,215.21",0.00747,0.00321,904.82532
344.17999,11.48452,"17,217.43",0.00754,0.00341,904.94226
344.28,11.48803,"17,217.71",0.00768,0.00364,904.95685
344.38,11.49117,"17,215.79",0.00773,0.00377,904.85626
344.48001,11.49453,"17,216.95",0.00743,0.00392,904.91699
344.57999,11.49805,"17,217.68",0.00747,0.00398,904.95508
344.67999,11.50111,"17,217.77",0.00745,0.00363,904.96014
344.78,11.50455,"17,216.91",0.00765,0.00377,904.91473
344.88,11.50799,"17,218.79",0.00764,0.00378,905.01349
344.98001,11.5112,"17,218.11",0.00765,0.0038,904.97809
345.07999,11.51464,"17,219.80",0.00758,0.00379,905.06671
345.17999,11.518,"17,221.63",0.00745,0.00333,905.16296
345.28,11.52122,"17,220.29",0.00745,0.00365,905.09253
345.38,11.52443,"17,218.85",0.00745,0.0033,905.01691
345.48001,11.52787,"17,220.83",0.00747,0.00308,905.12091
345.57999,11.53123,"17,222.50",0.00748,0.00315,905.20856
345.67999,11.53444,"17,221.56",0.00742,0.00324,905.15948
345.78,11.53781,"17,222.14",0.00734,0.00341,905.19000
345.88,11.54132,"17,223.72",0.0077,0.00368,905.27301
345.98001,11.54438,"17,223.39",0.00746,0.00377,905.25525
346.07999,11.5479,"17,223.85",0.00755,0.00387,905.27960
346.17999,11.55126,"17,225.21",0.00741,0.00392,905.35114
346.28,11.55447,"17,225.24",0.00749,0.00359,905.35291
346.38,11.55791,"17,225.63",0.00763,0.00372,905.37311
346.48001,11.56127,"17,227.77",0.00746,0.00372,905.48541
346.57999,11.56456,"17,227.65",0.00737,0.00384,905.47937
346.67999,11.56785,"17,227.47",0.00754,0.00325,905.47015
346.78,11.57121,"17,227.94",0.00745,0.00353,905.49475
346.88,11.57458,"17,229.72",0.0075,0.00366,905.58826
346.98001,11.57779,"17,227.74",0.00762,0.00352,905.48389
347.07999,11.58123,"17,228.47",0.00762,0.00312,905.52228
347.17999,11.58467,"17,230.63",0.00749,0.00314,905.63568
347.28,11.58773,"17,228.66",0.0075,0.00326,905.53241
347.38,11.59124,"17,229.97",0.0075,0.00351,905.60144
347.48001,11.59461,"17,230.35",0.00749,0.00375,905.62134
347.57999,11.59775,"17,228.97",0.00771,0.00382,905.54858
347.67999,11.60126,"17,230.09",0.00753,0.00394,905.60760
347.78,11.60462,"17,231.18",0.00753,0.0039,905.66467
347.88,11.60783,"17,230.99",0.00749,0.00364,905.65472
347.98001,11.6112,"17,230.25",0.00738,0.00374,905.61578
348.07999,11.61456,"17,231.42",0.00764,0.0038,905.67761
348.17999,11.61785,"17,231.98",0.00746,0.00388,905.70673
348.28,11.62106,"17,230.57",0.00736,0.00358,905.63275
348.38,11.6245,"17,231.87",0.00739,0.00372,905.70111
348.48001,11.62794,"17,233.21",0.0074,0.00355,905.77130
348.57999,11.63108,"17,230.61",0.00738,0.00293,905.63489
348.67999,11.63459,"17,232.94",0.00738,0.0031,905.75757
348.78,11.63795,"17,233.30",0.00743,0.00317,905.77643
348.88,11.64109,"17,230.34",0.00755,0.00335,905.62085
348.98001,11.64461,"17,231.57",0.00752,0.00361,905.68561
349.07999,11.64789,"17,232.94",0.00756,0.00381,905.75714
349.17999,11.65111,"17,232.09",0.00751,0.00385,905.71259
349.28,11.65454,"17,232.45",0.00735,0.00395,905.73181
349.38,11.65791,"17,231.40",0.00744,0.00365,905.67633
349.48001,11.6612,"17,233.38",0.00756,0.00368,905.78058
349.57999,11.66449,"17,230.74",0.00742,0.0037,905.64154
349.67999,11.66785,"17,231.01",0.00736,0.00381,905.65613
349.78,11.67121,"17,230.98",0.00735,0.00386,905.65430
349.88,11.67443,"17,228.93",0.00744,0.00342,905.54639
349.98001,11.67794,"17,230.34",0.00745,0.00365,905.62061
350.07999,11.6813,"17,231.70",0.00756,0.00328,905.69220
350.17999,11.68444,"17,228.07",0.00738,0.00299,905.50153
350.28,11.68788,"17,228.65",0.00745,0.00309,905.53210
350.38,11.69117,"17,228.56",0.00744,0.00327,905.52698
350.48001,11.69446,"17,228.86",0.00749,0.0033,905.54279
350.57999,11.69782,"17,228.35",0.00754,0.00358,905.51599
350.67999,11.70118,"17,227.06",0.00737,0.00377,905.44836
350.78,11.70454,"17,228.70",0.00732,0.00383,905.53461
350.88,11.70783,"17,227.26",0.00755,0.00385,905.45905
350.98001,11.71127,"17,228.74",0.00762,0.00353,905.53687
351.07999,11.71456,"17,229.21",0.00762,0.00368,905.56146
351.17999,11.71777,"17,225.43",0.00755,0.00374,905.36285
351.28,11.72129,"17,228.86",0.0075,0.00372,905.54303
351.38,11.72465,"17,228.57",0.0074,0.00367,905.52789
351.48001,11.72786,"17,227.46",0.00741,0.00354,905.46912
351.57999,11.73123,"17,229.26",0.0074,0.00368,905.56396
351.67999,11.73466,"17,228.82",0.00735,0.0033,905.54083
351.78,11.7378,"17,229.18",0.0074,0.00304,905.55951
351.88,11.74117,"17,229.08",0.00745,0.00314,905.55463
351.98001,11.74453,"17,228.58",0.00736,0.00326,905.52844
352.07999,11.74782,"17,230.72",0.00731,0.00346,905.64075
352.17999,11.75118,"17,229.87",0.00737,0.00361,905.59607
352.28,11.75462,"17,231.60",0.00751,0.00376,905.68713
352.38,11.75783,"17,232.42",0.00735,0.00388,905.73004
352.48001,11.76105,"17,229.22",0.00738,0.00391,905.56189
352.57999,11.76448,"17,232.46",0.00738,0.00362,905.73212
352.67999,11.76785,"17,232.29",0.00767,0.00368,905.72314
352.78,11.77114,"17,232.03",0.00738,0.00368,905.70929
352.88,11.77457,"17,232.76",0.00731,0.00375,905.74811
352.98001,11.77801,"17,233.41",0.00738,0.00366,905.78229
353.07999,11.78115,"17,233.14",0.00735,0.00357,905.76782
353.17999,11.78451,"17,233.57",0.00737,0.00367,905.79028
353.28,11.78795,"17,233.58",0.0075,0.00293,905.79126
353.38,11.79109,"17,232.75",0.00744,0.00307,905.74738
353.48001,11.79453,"17,232.25",0.00739,0.00311,905.72131
353.57999,11.79797,"17,234.68",0.00759,0.0033,905.84900
353.67999,11.80118,"17,235.33",0.00737,0.00341,905.88312
353.78,11.80454,"17,234.10",0.00742,0.00377,905.81836
353.88,11.80791,"17,234.80",0.00732,0.00384,905.85498
353.98001,11.8112,"17,235.03",0.00755,0.00384,905.86700
354.07999,11.81448,"17,234.26",0.00735,0.00358,905.82684
354.17999,11.81785,"17,234.55",0.0074,0.00364,905.84204
354.28,11.82128,"17,235.30",0.00733,0.00362,905.88129
354.38,11.8245,"17,235.13",0.00736,0.00378,905.87231
354.48001,11.82786,"17,234.46",0.0073,0.00379,905.83710
354.57999,11.8313,"17,236.02",0.00736,0.00348,905.91913
354.67999,11.83436,"17,234.41",0.00736,0.00356,905.83466
354.78,11.8378,"17,234.48",0.00734,0.00369,905.83844
354.88,11.84131,"17,236.52",0.00741,0.0035,905.94543
354.98001,11.84445,"17,236.61",0.00737,0.00309,905.95038
355.07999,11.84796,"17,235.09",0.00738,0.00325,905.87036
355.17999,11.85125,"17,236.48",0.00729,0.00333,905.94348
355.28,11.85454,"17,236.75",0.00741,0.00354,905.95776
355.38,11.85783,"17,235.99",0.00729,0.00372,905.91791
355.48001,11.86112,"17,236.78",0.00728,0.00381,905.95898
355.57999,11.86456,"17,237.39",0.00748,0.0039,905.99109
355.67999,11.86777,"17,235.00",0.00754,0.00353,905.86548
355.78,11.87128,"17,237.31",0.00756,0.00362,905.98700
355.88,11.87472,"17,238.90",0.00739,0.00374,906.07043
355.98001,11.87779,"17,235.55",0.00725,0.00381,905.89471
356.07999,11.88122,"17,235.60",0.00732,0.00388,905.89697
356.17999,11.88459,"17,236.30",0.00736,0.00345,905.93420
356.28,11.88773,"17,235.48",0.00737,0.00374,905.89099
356.38,11.89131,"17,236.66",0.0074,0.00374,905.95312
356.48001,11.8946,"17,237.62",0.00736,0.00305,906.00342
356.57999,11.89789,"17,237.54",0.00737,0.00316,905.99908
356.67999,11.90118,"17,237.24",0.00736,0.00326,905.98352
356.78,11.90446,"17,238.83",0.00729,0.00342,906.06708
356.88,11.9079,"17,239.78",0.00734,0.00359,906.11694
356.98001,11.91104,"17,238.29",0.00742,0.00376,906.03851
357.07999,11.91455,"17,241.18",0.00729,0.00389,906.19025
357.17999,11.91799,"17,243.88",0.00734,0.00398,906.33246
357.28,11.92106,"17,242.24",0.00732,0.00362,906.24622
357.38,11.92464,"17,243.56",0.00728,0.00369,906.31567
357.48001,11.92793,"17,245.04",0.0074,0.00376,906.39343
357.57999,11.93107,"17,245.80",0.00749,0.00378,906.43353
357.67999,11.93458,"17,247.06",0.00737,0.00383,906.49976
357.78,11.93795,"17,248.04",0.00737,0.00364,906.55078
357.88,11.94116,"17,248.23",0.00734,0.00375,906.56128
357.98001,11.94452,"17,249.31",0.00737,0.00375,906.61792
358.07999,11.94796,"17,251.41",0.00737,0.00301,906.72815
358.17999,11.95125,"17,253.33",0.00736,0.00309,906.82898
358.28,11.95439,"17,252.12",0.00738,0.00321,906.76526
358.38,11.95783,"17,255.41",0.0073,0.00335,906.93854
358.48001,11.96127,"17,256.57",0.00731,0.00356,906.99957
358.57999,11.9644,"17,257.42",0.00733,0.00382,907.04425
358.67999,11.96792,"17,259.14",0.00733,0.00393,907.13440
358.78,11.97128,"17,259.56",0.0073,0.00397,907.15656
358.88,11.97442,"17,260.71",0.00732,0.00357,907.21722
358.98001,11.97786,"17,262.71",0.00736,0.00369,907.32233
359.07999,11.98115,"17,263.51",0.00739,0.00379,907.36401
359.17999,11.98444,"17,263.96",0.00733,0.0038,907.38794
359.28,11.98787,"17,265.25",0.00736,0.00378,907.45569
359.38,11.99123,"17,268.02",0.00738,0.00357,907.60114
359.48001,11.9946,"17,270.35",0.00738,0.00368,907.72339
359.57999,11.99781,"17,267.97",0.0074,0.00371,907.59839
359.67999,12.00118,"17,269.12",0.00739,0.00318,907.65887
359.78,12.00454,"17,271.83",0.0074,0.0031,907.80164
359.88,12.00775,"17,271.51",0.00735,0.00323,907.78473
359.98001,12.01127,"17,273.97",0.00737,0.00344,907.91394
360.07999,12.01463,"17,274.18",0.00745,0.00361,907.92511
360.17999,12.01784,"17,273.89",0.00744,0.00378,907.90961
360.28,12.02128,"17,275.89",0.00733,0.0039,908.01477
360.38,12.02457,"17,275.41",0.00741,0.00392,907.98962
360.48001,12.02786,"17,277.02",0.00733,0.00395,908.07422
360.57999,12.03115,"17,274.81",0.00736,0.0037,907.95801
360.67999,12.03451,"17,277.37",0.00736,0.00372,908.09247
360.78,12.03787,"17,280.14",0.00726,0.00387,908.23846
360.88,12.04116,"17,278.87",0.00733,0.00381,908.17163
360.98001,12.0446,"17,280.97",0.00738,0.00323,908.28198
361.07999,12.04789,"17,282.04",0.00736,0.00372,908.33783
361.17999,12.0511,"17,280.76",0.0074,0.00376,908.27075
361.28,12.05454,"17,284.10",0.00739,0.00308,908.44653
361.38,12.0579,"17,285.32",0.00741,0.0032,908.51025
361.48001,12.06111,"17,283.71",0.00736,0.00327,908.42596
361.57999,12.06455,"17,287.28",0.0073,0.00339,908.61365
361.67999,12.06799,"17,287.92",0.0073,0.00361,908.64734
361.78,12.07113,"17,288.33",0.00732,0.00379,908.66864
361.88,12.07449,"17,288.62",0.00731,0.00388,908.68408
361.98001,12.07793,"17,289.70",0.00731,0.00399,908.74054
362.07999,12.08114,"17,292.20",0.00733,0.00362,908.87201
362.17999,12.08458,"17,292.52",0.00736,0.00368,908.88898
362.28,12.08802,"17,294.58",0.00736,0.0038,908.99695
362.38,12.09123,"17,295.57",0.00727,0.00381,909.04944
362.48001,12.09445,"17,295.08",0.00736,0.00375,909.02332
362.57999,12.09789,"17,297.94",0.0074,0.00338,909.17395
362.67999,12.10125,"17,299.65",0.00741,0.00369,909.26355
362.78,12.10446,"17,298.94",0.00737,0.00373,909.22650
362.88,12.1079,"17,302.77",0.00737,0.00304,909.42737
362.98001,12.11134,"17,304.85",0.0074,0.00317,909.53693
363.07999,12.11448,"17,305.22",0.00736,0.0033,909.55621
363.17999,12.11784,"17,305.22",0.00733,0.00346,909.55634
363.28,12.12128,"17,307.00",0.00733,0.00367,909.64996
363.38,12.12434,"17,307.80",0.00734,0.00383,909.69202
363.48001,12.12778,"17,309.02",0.00735,0.0039,909.75610
363.57999,12.13129,"17,311.17",0.00736,0.00398,909.86914
363.67999,12.13451,"17,311.38",0.00738,0.00369,909.88031
363.78,12.13787,"17,311.48",0.00738,0.00368,909.88556
363.88,12.14123,"17,314.70",0.00738,0.00379,910.05481
363.98001,12.14452,"17,314.01",0.00733,0.00381,910.01831
364.07999,12.14773,"17,312.90",0.0074,0.00358,909.95996
364.17999,12.15117,"17,314.81",0.00737,0.00341,910.06049
364.28,12.15461,"17,317.55",0.00739,0.00377,910.20447
364.38,12.15782,"17,315.91",0.0074,0.00369,910.11816
364.48001,12.16126,"17,316.76",0.00744,0.00303,910.16302
364.57999,12.1647,"17,318.06",0.00741,0.00315,910.23120
364.67999,12.16776,"17,316.92",0.00736,0.0033,910.17133
364.78,12.1712,"17,316.82",0.00732,0.00339,910.16589
364.88,12.17457,"17,319.39",0.0073,0.00366,910.30139
364.98001,12.17778,"17,319.22",0.00731,0.00383,910.29236
365.07999,12.18129,"17,318.53",0.00733,0.00392,910.25580
365.17999,12.18458,"17,320.44",0.00733,0.00398,910.35651
365.28,12.18787,"17,321.11",0.00736,0.00386,910.39142
365.38,12.19116,"17,319.38",0.00734,0.00376,910.30090
365.48001,12.19444,"17,320.02",0.00741,0.00379,910.33417
365.57999,12.19788,"17,322.14",0.00733,0.0038,910.44586
365.67999,12.20102,"17,321.73",0.00741,0.00352,910.42407
365.78,12.20454,"17,323.43",0.00742,0.00367,910.51337
365.88,12.20805,"17,324.82",0.00744,0.00376,910.58636
365.98001,12.21111,"17,322.65",0.00741,0.00383,910.47235
366.07999,12.21455,"17,324.78",0.00741,0.00308,910.58453
366.17999,12.21791,"17,325.01",0.0074,0.00318,910.59631
366.28,12.22113,"17,324.41",0.00736,0.00328,910.56525
366.38,12.22449,"17,323.25",0.0073,0.00344,910.50415
366.48001,12.22793,"17,325.38",0.00735,0.00375,910.61584
366.57999,12.23122,"17,326.12",0.00733,0.00379,910.65503
366.67999,12.23458,"17,324.63",0.00732,0.00383,910.57654
366.78,12.23787,"17,325.72",0.00735,0.00406,910.63403
366.88,12.24123,"17,325.43",0.0074,0.00361,910.61859
366.98001,12.24444,"17,325.29",0.00737,0.00376,910.61102
367.07999,12.24788,"17,327.04",0.00736,0.00379,910.70343
367.17999,12.25132,"17,328.05",0.00733,0.00387,910.75647
367.28,12.25446,"17,325.90",0.0074,0.0035,910.64325
367.38,12.25797,"17,328.11",0.0074,0.00372,910.75934
367.48001,12.26126,"17,329.58",0.00746,0.00369,910.83698
367.57999,12.2644,"17,328.83",0.00743,0.00371,910.79755
367.67999,12.26784,"17,329.26",0.00742,0.00323,910.81995
367.78,12.27112,"17,330.46",0.00742,0.00319,910.88318
367.88,12.27449,"17,331.36",0.00734,0.00335,910.93018
367.98001,12.27785,"17,331.20",0.00731,0.00345,910.92163
368.07999,12.28121,"17,332.18",0.00731,0.0037,910.97327
368.17999,12.28465,"17,333.50",0.00735,0.00384,911.04297
368.28,12.28779,"17,332.11",0.00736,0.00391,910.96960
368.38,12.29115,"17,334.25",0.00732,0.00394,911.08234
368.48001,12.29459,"17,335.99",0.00735,0.00363,911.17377
368.57999,12.29773,"17,333.10",0.00741,0.00373,911.02185
368.67999,12.30124,"17,335.49",0.0073,0.00379,911.14740
368.78,12.30468,"17,336.34",0.00737,0.00383,911.19183
368.88,12.30782,"17,335.48",0.00742,0.00331,911.14685
368.98001,12.31118,"17,335.75",0.00745,0.00376,911.16125
369.07999,12.31447,"17,335.65",0.00746,0.00373,911.15558
369.17999,12.31784,"17,336.48",0.0074,0.00341,911.19934
369.28,12.3212,"17,335.41",0.00741,0.00309,911.14331
369.38,12.32456,"17,336.91",0.00743,0.00322,911.22180
369.48001,12.32793,"17,337.99",0.00737,0.00332,911.27887
369.57999,12.33107,"17,334.49",0.00737,0.00348,911.09460
369.67999,12.3345,"17,336.57",0.00739,0.00373,911.20428
369.78,12.33794,"17,338.01",0.0074,0.00385,911.27972
369.88,12.341,"17,333.82",0.00736,0.00395,911.05969
369.98001,12.34459,"17,336.71",0.0074,0.00398,911.21136
370.07999,12.34795,"17,337.36",0.00744,0.00362,911.24585
370.17999,12.35117,"17,336.14",0.00742,0.00373,911.18140
370.28,12.35461,"17,339.32",0.00734,0.00376,911.34851
370.38,12.35797,"17,338.33",0.00734,0.00389,911.29675
370.48001,12.36118,"17,338.37",0.00747,0.00338,911.29852
370.57999,12.36447,"17,338.63",0.00744,0.00371,911.31226
370.67999,12.36791,"17,339.03",0.00745,0.00374,911.33331
370.78,12.37127,"17,341.54",0.00745,0.00315,911.46509
370.88,12.37449,"17,338.43",0.00751,0.00305,911.30176
370.98001,12.378,"17,340.83",0.00756,0.00318,911.42816
371.07999,12.38121,"17,341.94",0.00735,0.00327,911.48627
371.17999,12.38443,"17,339.43",0.00733,0.00351,911.35468
371.28,12.38786,"17,341.97",0.00733,0.00378,911.48798
371.38,12.39123,"17,341.67",0.00736,0.00398,911.47217
371.48001,12.39444,"17,341.69",0.00733,0.00398,911.47302
371.57999,12.39788,"17,342.34",0.00739,0.00404,911.50751
371.67999,12.40132,"17,343.21",0.00736,0.00362,911.55341
371.78,12.40446,"17,342.18",0.00741,0.00372,911.49878
371.88,12.40782,"17,341.75",0.00739,0.00385,911.47620
371.98001,12.41118,"17,342.97",0.00744,0.00382,911.54059
372.07999,12.41447,"17,343.81",0.00739,0.00344,911.58490
372.17999,12.41776,"17,341.44",0.00736,0.00363,911.45990
372.28,12.42127,"17,345.40",0.00739,0.00358,911.66840
372.38,12.42449,"17,345.43",0.0074,0.00372,911.66968
372.48001,12.42777,"17,344.19",0.00744,0.00339,911.60443
372.57999,12.43121,"17,345.36",0.00746,0.00323,911.66632
372.67999,12.4345,"17,344.82",0.00738,0.0034,911.63757
372.78,12.43779,"17,344.84",0.00736,0.00359,911.63898
372.88,12.44123,"17,347.41",0.00738,0.00384,911.77380
372.98001,12.44466,"17,348.57",0.00738,0.00389,911.83490
373.07999,12.4478,"17,346.40",0.00741,0.00393,911.72070
373.17999,12.45124,"17,347.10",0.00742,0.00362,911.75775
373.28,12.45468,"17,349.89",0.0074,0.00367,911.90417
373.38,12.45774,"17,350.07",0.00741,0.00366,911.91370
373.48001,12.46118,"17,349.03",0.00736,0.00377,911.85913
373.57999,12.46462,"17,350.09",0.00741,0.00391,911.91455
373.67999,12.46783,"17,351.04",0.00744,0.00359,911.96466
373.78,12.4712,"17,350.56",0.00746,0.00366,911.93970
373.88,12.47456,"17,353.41",0.00745,0.0037,912.08923
373.98001,12.47792,"17,352.56",0.00745,0.00364,912.04468
374.07999,12.48114,"17,351.20",0.00746,0.00313,911.97284
374.17999,12.4845,"17,352.87",0.00734,0.00317,912.06091
374.28,12.48794,"17,354.17",0.00732,0.0033,912.12897
374.38,12.49108,"17,352.72",0.00736,0.00354,912.05310
374.48001,12.49459,"17,353.04",0.00736,0.00378,912.06964
374.57999,12.49803,"17,354.77",0.00731,0.00386,912.16058
374.67999,12.50109,"17,353.21",0.00733,0.00392,912.07898
374.78,12.50453,"17,353.53",0.00737,0.0036,912.09540
374.88,12.50789,"17,353.93",0.00737,0.00368,912.11676
374.98001,12.5111,"17,354.09",0.00738,0.0037,912.12476
375.07999,12.51454,"17,354.42",0.00731,0.00374,912.14252
375.17999,12.51791,"17,356.07",0.00739,0.00349,912.22919
375.28,12.52127,"17,356.63",0.00731,0.0036,912.25854
375.38,12.52448,"17,355.35",0.00742,0.00363,912.19128
375.48001,12.52785,"17,355.82",0.00741,0.00373,912.21570
375.57999,12.53121,"17,357.93",0.00741,0.00328,912.32678
375.67999,12.53442,"17,355.95",0.00737,0.00322,912.22247
375.78,12.53794,"17,357.34",0.00736,0.00327,912.29578
375.88,12.5413,"17,357.72",0.00739,0.00334,912.31573
375.98001,12.54444,"17,356.60",0.00741,0.00362,912.25677
376.07999,12.54795,"17,358.29",0.00741,0.00379,912.34601
376.17999,12.55124,"17,358.88",0.00736,0.0039,912.37701
376.28,12.55445,"17,357.18",0.00742,0.004,912.28760
376.38,12.55789,"17,357.23",0.0074,0.00354,912.28986
376.48001,12.56118,"17,358.92",0.00742,0.00367,912.37885
376.57999,12.56454,"17,359.11",0.00735,0.00376,912.38879
376.67999,12.56783,"17,359.08",0.00732,0.00386,912.38715
376.78,12.57119,"17,358.56",0.00738,0.00376,912.35999
376.88,12.57456,"17,359.92",0.00736,0.00354,912.43152
376.98001,12.5777,"17,358.66",0.00741,0.00368,912.36511
377.07999,12.58121,"17,359.16",0.0074,0.00374,912.39160
377.17999,12.58465,"17,359.18",0.00744,0.00312,912.39270
377.28,12.58778,"17,358.97",0.00735,0.00322,912.38159
377.38,12.5913,"17,359.57",0.00732,0.0033,912.41302
377.48001,12.59466,"17,360.09",0.00736,0.00347,912.44043
377.57999,12.5978,"17,358.14",0.00738,0.00372,912.33789
377.67999,12.60116,"17,357.84",0.00735,0.00386,912.32190
377.78,12.60453,"17,359.45",0.00733,0.00391,912.40686
377.88,12.60789,"17,360.53",0.00736,0.00402,912.46362
377.98001,12.61118,"17,358.49",0.00736,0.00364,912.35614
378.07999,12.61454,"17,359.23",0.00738,0.00373,912.39526
378.17999,12.61798,"17,362.22",0.00734,0.00375,912.55243
378.28,12.62104,"17,359.64",0.00731,0.00383,912.41681
378.38,12.62448,"17,359.96",0.00746,0.00327,912.43347
378.48001,12.62792,"17,360.70",0.0074,0.00367,912.47217
378.57999,12.63106,"17,359.03",0.00741,0.00369,912.38470
378.67999,12.63457,"17,361.79",0.00742,0.0034,912.52985
378.78,12.63801,"17,361.86",0.00738,0.00327,912.53314
378.88,12.64115,"17,360.49",0.00732,0.00323,912.46130
378.98001,12.64459,"17,360.37",0.00734,0.0034,912.45514
379.07999,12.64787,"17,360.41",0.00736,0.00347,912.45728
379.17999,12.65116,"17,361.17",0.00735,0.00376,912.49701
379.28,12.65453,"17,358.77",0.00736,0.00389,912.37073
379.38,12.65789,"17,359.39",0.00737,0.00395,912.40350
379.48001,12.66125,"17,361.97",0.00739,0.004,912.53931
379.57999,12.66446,"17,358.57",0.00742,0.00363,912.36047
379.67999,12.66798,"17,361.19",0.00729,0.00371,912.49805
379.78,12.67127,"17,361.62",0.00729,0.00378,912.52069
379.88,12.67441,"17,358.51",0.00735,0.00383,912.35718
379.98001,12.67792,"17,361.26",0.00743,0.00351,912.50165
380.07999,12.68128,"17,362.46",0.00739,0.00366,912.56506
380.17999,12.68449,"17,361.55",0.00732,0.00372,912.51691
380.28,12.68793,"17,362.31",0.00734,0.00341,912.55695
380.38,12.6913,"17,363.20",0.00735,0.00305,912.60358
380.48001,12.69443,"17,363.28",0.00728,0.00327,912.60779
380.57999,12.6978,"17,363.18",0.00735,0.00338,912.60272
380.67999,12.70124,"17,364.43",0.00737,0.00366,912.66864
380.78,12.70452,"17,365.02",0.00734,0.0038,912.69965
380.88,12.70781,"17,363.75",0.00733,0.00393,912.63269
380.98001,12.71132,"17,367.94",0.00733,0.00396,912.85291
381.07999,12.71454,"17,369.22",0.0074,0.00377,912.92047
381.17999,12.71775,"17,365.87",0.00735,0.00368,912.74390
381.28,12.72119,"17,370.03",0.00733,0.00372,912.96277
381.38,12.72455,"17,371.87",0.00727,0.00373,913.05927
381.48001,12.72777,"17,371.27",0.00735,0.00349,913.02795
381.57999,12.73121,"17,372.70",0.00741,0.00355,913.10291
381.67999,12.73464,"17,373.90",0.00739,0.00366,913.16602
381.78,12.73786,"17,375.71",0.00739,0.00373,913.26117
381.88,12.74115,"17,376.82",0.0074,0.00312,913.31958
381.98001,12.74458,"17,378.33",0.00742,0.00301,913.39923
382.07999,12.7478,"17,379.72",0.00729,0.00321,913.47192
382.17999,12.75116,"17,379.23",0.0073,0.00332,913.44635
382.28,12.75467,"17,383.67",0.00731,0.00365,913.67957
382.38,12.75789,"17,384.27",0.00728,0.00383,913.71130
382.48001,12.76118,"17,383.14",0.00732,0.00386,913.65179
382.57999,12.76461,"17,386.91",0.00734,0.00402,913.85022
382.67999,12.7679,"17,386.82",0.00732,0.00399,913.84528
382.78,12.77111,"17,386.03",0.00734,0.00365,913.80353
382.88,12.77448,"17,387.99",0.00724,0.00377,913.90686
382.98001,12.77792,"17,389.21",0.00727,0.00378,913.97113
383.07999,12.78113,"17,389.21",0.00735,0.0035,913.97113
383.17999,12.78457,"17,390.57",0.0074,0.0036,914.04218
383.28,12.788,"17,391.32",0.00738,0.00364,914.08191
383.38,12.79107,"17,390.97",0.00736,0.00371,914.06354
383.48001,12.79451,"17,390.55",0.00741,0.00373,914.04114
383.57999,12.79795,"17,393.13",0.00737,0.00316,914.17664
383.67999,12.80116,"17,393.64",0.00731,0.00318,914.20355
383.78,12.8046,"17,392.87",0.0073,0.0034,914.16339
383.88,12.80796,"17,394.69",0.00733,0.00364,914.25885
383.98001,12.81125,"17,395.24",0.00734,0.00378,914.28760
384.07999,12.81446,"17,393.31",0.00731,0.00389,914.18658
384.17999,12.81783,"17,395.85",0.00732,0.00395,914.31989
384.28,12.82126,"17,395.23",0.00737,0.00358,914.28754
384.38,12.82448,"17,395.99",0.00732,0.00367,914.32703
384.48001,12.82792,"17,396.47",0.00734,0.00377,914.35272
384.57999,12.83135,"17,398.87",0.00732,0.00378,914.47845
384.67999,12.83449,"17,397.60",0.00742,0.00334,914.41193
384.78,12.83785,"17,397.04",0.00741,0.00349,914.38269
384.88,12.84122,"17,398.99",0.0074,0.00366,914.48511
384.98001,12.84443,"17,400.34",0.00738,0.0037,914.55609
385.07999,12.84794,"17,400.13",0.0074,0.00367,914.54468
385.17999,12.85116,"17,401.60",0.00739,0.00311,914.62189
385.28,12.8546,"17,401.33",0.00731,0.00323,914.60779
385.38,12.85789,"17,401.71",0.00731,0.0034,914.62793
385.48001,12.86117,"17,403.32",0.00734,0.00364,914.71271
385.57999,12.86461,"17,403.97",0.00734,0.0038,914.74689
385.67999,12.86775,"17,403.05",0.00731,0.00387,914.69812
385.78,12.87119,"17,404.98",0.00734,0.00395,914.79968
385.88,12.8747,"17,407.46",0.00734,0.00377,914.92993
385.98001,12.87784,"17,406.50",0.00736,0.00363,914.87976
386.07999,12.88128,"17,407.23",0.00726,0.0037,914.91785
386.17999,12.88464,"17,409.21",0.00724,0.00378,915.02179
386.28,12.88778,"17,408.84",0.00727,0.00344,915.00244
386.38,12.89114,"17,409.04",0.00734,0.00367,915.01300
386.48001,12.89451,"17,410.52",0.00735,0.00361,915.09113
386.57999,12.89794,"17,412.70",0.00727,0.00355,915.20544
386.67999,12.90123,"17,412.89",0.0073,0.00331,915.21564
386.78,12.90452,"17,414.54",0.0074,0.00319,915.30225
386.88,12.90796,"17,417.15",0.00729,0.00328,915.43921
386.98001,12.91102,"17,413.82",0.0073,0.00343,915.26428
387.07999,12.91453,"17,416.44",0.00736,0.00364,915.40216
387.17999,12.91797,"17,418.85",0.00737,0.0038,915.52863
387.28,12.92104,"17,418.53",0.00736,0.00386,915.51178
387.38,12.92462,"17,420.30",0.0074,0.00401,915.60522
387.48001,12.92799,"17,421.42",0.00738,0.00363,915.66370
387.57999,12.93113,"17,421.04",0.00742,0.0037,915.64380
387.67999,12.93449,"17,420.71",0.00735,0.00368,915.62659
387.78,12.93785,"17,423.27",0.00738,0.00377,915.76086
387.88,12.94122,"17,424.00",0.00734,0.00356,915.79944
387.98001,12.9445,"17,422.57",0.00745,0.00355,915.72437
388.07999,12.94794,"17,425.12",0.00741,0.00366,915.85834
388.17999,12.95131,"17,426.68",0.00741,0.00363,915.94025
388.28,12.95444,"17,424.77",0.00737,0.00309,915.83997
388.38,12.95788,"17,425.57",0.00737,0.00314,915.88208
388.48001,12.96125,"17,427.13",0.00725,0.00325,915.96368
388.57999,12.96438,"17,425.05",0.00733,0.00349,915.85468
388.67999,12.96797,"17,428.45",0.00733,0.00376,916.03351
388.78,12.97134,"17,427.83",0.00731,0.00384,916.00085
388.88,12.97447,"17,427.10",0.00731,0.00397,915.96216
388.98001,12.97791,"17,427.88",0.00733,0.00399,916.00330
389.07999,12.98128,"17,428.66",0.00729,0.00363,916.04437
389.17999,12.98449,"17,428.28",0.0073,0.00366,916.02417
389.28,12.98778,"17,427.00",0.00735,0.00376,915.95703
389.38,12.99121,"17,429.77",0.00732,0.00383,916.10291
389.48001,12.99458,"17,432.33",0.00738,0.00366,916.23706
389.57999,12.99779,"17,429.38",0.00735,0.00367,916.08197
389.67999,13.0013,"17,431.13",0.00731,0.00364,916.17432
389.78,13.00459,"17,431.93",0.00731,0.00369,916.21600
389.88,13.00773,"17,429.68",0.00735,0.00317,916.09808
389.98001,13.01124,"17,432.66",0.00735,0.00318,916.25439
390.07999,13.01461,"17,432.33",0.0073,0.00338,916.23706
390.17999,13.01782,"17,430.51",0.0073,0.00348,916.14166
390.28,13.02126,"17,432.71",0.00735,0.00377,916.25708
390.38,13.02462,"17,433.26",0.00737,0.00389,916.28625
390.48001,13.02784,"17,433.11",0.00734,0.00394,916.27832
390.57999,13.0312,"17,431.48",0.00731,0.00405,916.19238
390.67999,13.03456,"17,432.52",0.00732,0.00366,916.24713
390.78,13.03785,"17,434.39",0.00739,0.00374,916.34576
390.88,13.04114,"17,432.79",0.00735,0.00375,916.26117
390.98001,13.04465,"17,434.39",0.00732,0.0038,916.34576
391.07999,13.04794,"17,434.99",0.0073,0.00335,916.37708
391.17999,13.05108,"17,432.95",0.00727,0.00365,916.26959
391.28,13.05459,"17,436.35",0.00735,0.00368,916.44873
391.38,13.05788,"17,436.56",0.00737,0.00372,916.45984
391.48001,13.06109,"17,435.23",0.00739,0.00367,916.38983
391.57999,13.06453,"17,437.46",0.00739,0.00323,916.50702
391.67999,13.06797,"17,440.14",0.00734,0.00337,916.64758
391.78,13.07118,"17,439.27",0.00738,0.00356,916.60181
391.88,13.07455,"17,438.68",0.00743,0.0038,916.57117
391.98001,13.07791,"17,439.36",0.00741,0.00389,916.60693
392.07999,13.08112,"17,441.21",0.00737,0.00402,916.70374
392.17999,13.08449,"17,440.26",0.00737,0.00411,916.65381
392.28,13.08792,"17,442.68",0.00746,0.00366,916.78113
392.38,13.09121,"17,441.61",0.00745,0.00373,916.72516
392.48001,13.0945,"17,441.27",0.00734,0.00382,916.70734
392.57999,13.09794,"17,444.70",0.00737,0.00377,916.88715
392.67999,13.10123,"17,444.44",0.00741,0.00362,916.87384
392.78,13.10444,"17,442.55",0.00741,0.00364,916.77435
392.88,13.10788,"17,443.86",0.00744,0.00336,916.84344
392.98001,13.11132,"17,445.43",0.00735,0.0034,916.92578
393.07999,13.11446,"17,445.27",0.00734,0.00307,916.91748
393.17999,13.11789,"17,445.26",0.00729,0.00319,916.91675
393.28,13.12133,"17,445.94",0.00729,0.00344,916.95276
393.38,13.12447,"17,444.97",0.0073,0.00359,916.90173
393.48001,13.12783,"17,445.19",0.00732,0.00378,916.91315
393.57999,13.1312,"17,445.94",0.00733,0.00387,916.95276
393.67999,13.13449,"17,445.70",0.00738,0.0039,916.93976
393.78,13.13785,"17,443.79",0.00735,0.00385,916.83954
393.88,13.14121,"17,445.13",0.00737,0.00378,916.91016
393.98001,13.14465,"17,446.37",0.00731,0.00378,916.97516
394.07999,13.14779,"17,445.00",0.00723,0.00387,916.90326
394.17999,13.15115,"17,444.60",0.00723,0.00341,916.88202
394.28,13.15459,"17,445.42",0.00731,0.00373,916.92548
394.38,13.15773,"17,445.45",0.0073,0.00377,916.92682
394.48001,13.16124,"17,444.37",0.0074,0.00375,916.86981
394.57999,13.16468,"17,445.77",0.00746,0.00382,916.94360
394.67999,13.16782,"17,444.79",0.00739,0.00321,916.89197
394.78,13.17126,"17,444.33",0.00735,0.00338,916.86816
394.88,13.17455,"17,445.79",0.0074,0.00347,916.94489
394.98001,13.17783,"17,445.45",0.00738,0.00379,916.92682
395.07999,13.1812,"17,443.71",0.00743,0.00386,916.83533
395.17999,13.18456,"17,444.08",0.00733,0.00397,916.85486
395.28,13.188,"17,446.05",0.00734,0.0041,916.95844
395.38,13.19121,"17,444.33",0.00737,0.00385,916.86816
395.48001,13.1945,"17,445.04",0.0073,0.0037,916.90521
395.57999,13.19794,"17,444.73",0.00731,0.00371,916.88904
395.67999,13.20108,"17,442.68",0.00725,0.00368,916.78101
395.78,13.20452,"17,444.34",0.00724,0.00327,916.86847
395.88,13.20803,"17,445.09",0.0073,0.00366,916.90802
395.98001,13.21109,"17,442.56",0.00737,0.0037,916.77515
396.07999,13.2146,"17,444.15",0.00729,0.00373,916.85834
396.17999,13.21797,"17,444.79",0.00738,0.00378,916.89197
396.28,13.22111,"17,444.12",0.00742,0.00325,916.85699
396.38,13.22447,"17,442.56",0.00734,0.00336,916.77496
396.48001,13.22783,"17,443.32",0.00733,0.00348,916.81488
396.57999,13.2312,"17,445.40",0.00735,0.00379,916.92413
396.67999,13.23448,"17,444.17",0.00737,0.00394,916.85968
396.78,13.23792,"17,444.61",0.00739,0.00402,916.88245
396.88,13.24136,"17,446.36",0.00746,0.00403,916.97485
396.98001,13.24442,"17,443.02",0.00745,0.00376,916.79932
397.07999,13.24786,"17,444.65",0.00735,0.0038,916.88501
397.17999,13.2513,"17,446.23",0.00741,0.0038,916.96783
397.28,13.25444,"17,443.59",0.00733,0.00363,916.82904
397.38,13.25795,"17,443.99",0.00734,0.00373,916.85004
397.48001,13.26131,"17,444.90",0.00743,0.00358,916.89777
397.57999,13.26453,"17,444.44",0.00731,0.00369,916.87390
397.67999,13.26782,"17,443.43",0.00743,0.00373,916.82043
397.78,13.27118,"17,442.62",0.00747,0.00385,916.77808
397.88,13.27454,"17,444.12",0.00737,0.00321,916.85687
397.98001,13.27776,"17,443.46",0.00733,0.00341,916.82239
398.07999,13.28119,"17,445.18",0.00737,0.0036,916.91266
398.17999,13.28463,"17,445.96",0.00735,0.00384,916.95380
398.28,13.2877,"17,443.18",0.00738,0.00388,916.80774
398.38,13.29121,"17,445.57",0.00736,0.00407,916.93298
398.48001,13.29457,"17,447.32",0.0074,0.00409,917.02527
398.57999,13.29771,"17,445.73",0.0074,0.00375,916.94159
398.67999,13.30122,"17,446.31",0.00739,0.00377,916.97205
398.78,13.30459,"17,447.60",0.00726,0.00385,917.03973
398.88,13.30787,"17,447.70",0.00726,0.00348,917.04498
398.98001,13.31131,"17,449.22",0.00729,0.0038,917.12524
399.07999,13.3146,"17,449.91",0.00736,0.00374,917.16113
399.17999,13.31781,"17,449.61",0.0074,0.00375,917.14545
399.28,13.3211,"17,449.21",0.00743,0.00376,917.12469
399.38,13.32454,"17,450.88",0.00744,0.00366,917.21216
399.48001,13.3279,"17,452.85",0.00736,0.00318,917.31555
399.57999,13.33112,"17,451.34",0.00736,0.00335,917.23663
399.67999,13.33463,"17,455.30",0.00739,0.00366,917.44470
399.78,13.33792,"17,456.98",0.00739,0.00393,917.53296
399.88,13.34106,"17,454.38",0.00744,0.00393,917.39636
399.98001,13.3445,"17,457.07",0.00742,0.00401,917.53760
400.07999,13.34793,"17,458.23",0.00748,0.00401,917.59857
400.17999,13.35115,"17,457.82",0.00741,0.00361,917.57703
400.28,13.35459,"17,459.71",0.00734,0.0037,917.67627
400.38,13.35795,"17,460.08",0.00731,0.00375,917.69580
400.48001,13.36116,"17,460.77",0.00742,0.00317,917.73193
400.57999,13.36445,"17,459.59",0.00728,0.00366,917.67010
400.67999,13.36789,"17,462.13",0.00735,0.00369,917.80347
400.78,13.37118,"17,462.38",0.0074,0.00357,917.81641
400.88,13.37439,"17,460.43",0.00745,0.00361,917.71436
400.98001,13.37798,"17,463.22",0.00748,0.00365,917.86066
401.07999,13.38127,"17,464.85",0.0074,0.00334,917.94629
401.17999,13.38448,"17,463.46",0.00736,0.00343,917.87347
401.28,13.38792,"17,464.95",0.00738,0.00356,917.95190
401.38,13.39121,"17,464.35",0.00744,0.0039,917.91998
401.48001,13.39442,"17,464.26",0.00739,0.00389,917.91559
401.57999,13.39786,"17,465.91",0.00742,0.00404,918.00214
401.67999,13.4013,"17,466.85",0.00742,0.00374,918.05157
401.78,13.40443,"17,465.79",0.00738,0.00357,917.99615
401.88,13.40787,"17,466.37",0.00746,0.00356,918.02625
401.98001,13.41124,"17,467.88",0.00737,0.00359,918.10547
402.07999,13.41452,"17,467.92",0.0073,0.00316,918.10785
402.17999,13.41781,"17,466.46",0.00744,0.00307,918.03088
402.28,13.42118,"17,468.11",0.00737,0.00368,918.11768
402.38,13.42454,"17,468.97",0.00743,0.00373,918.16296
402.48001,13.4279,"17,468.22",0.00746,0.00377,918.12384
402.57999,13.43119,"17,469.35",0.00742,0.00313,918.18280
402.67999,13.43455,"17,469.20",0.00735,0.00317,918.17529
402.78,13.43777,"17,469.56",0.0074,0.00338,918.19409
402.88,13.44113,"17,470.43",0.00738,0.00358,918.23999
402.98001,13.44457,"17,472.20",0.00742,0.00385,918.33276
403.07999,13.44778,"17,471.48",0.00744,0.00395,918.29517
403.17999,13.45122,"17,472.55",0.00742,0.00393,918.35126
403.28,13.45466,"17,475.58",0.00739,0.00354,918.51025
403.38,13.4578,"17,475.79",0.00749,0.00351,918.52167
403.48001,13.46116,"17,474.57",0.00744,0.00362,918.45758
403.57999,13.46452,"17,477.43",0.00745,0.00357,918.60760
403.67999,13.46789,"17,478.70",0.00749,0.00316,918.67419
403.78,13.47118,"17,478.37",0.00748,0.00338,918.65686
403.88,13.47454,"17,479.91",0.00748,0.00366,918.73816
403.98001,13.47798,"17,480.85",0.0075,0.0036,918.78741
404.07999,13.48119,"17,480.27",0.0075,0.00385,918.75684
404.17999,13.48448,"17,481.87",0.00743,0.00321,918.84113
404.28,13.48799,"17,483.61",0.00741,0.00323,918.93268
404.38,13.49113,"17,483.12",0.00738,0.00347,918.90674
404.48001,13.49449,"17,482.51",0.00744,0.00367,918.87457
404.57999,13.49801,"17,485.53",0.00748,0.00371,919.03351
404.67999,13.50115,"17,485.60",0.00747,0.00399,919.03687
404.78,13.50451,"17,485.80",0.00747,0.00395,919.04755
404.88,13.50787,"17,487.25",0.0075,0.00355,919.12402
404.98001,13.51116,"17,487.62",0.00751,0.00354,919.14301
405.07999,13.51452,"17,487.08",0.00745,0.00362,919.11469
405.17999,13.51789,"17,489.09",0.00746,0.00356,919.22052
405.28,13.52132,"17,490.74",0.00743,0.00329,919.30750
405.38,13.52446,"17,488.98",0.00737,0.00325,919.21490
405.48001,13.5279,"17,490.10",0.00751,0.00365,919.27338
405.57999,13.53134,"17,491.82",0.00752,0.00355,919.36407
405.67999,13.5344,"17,490.95",0.00752,0.00367,919.31818
405.78,13.53784,"17,491.65",0.00739,0.00325,919.35510
405.88,13.54135,"17,492.87",0.0074,0.00334,919.41919
405.98001,13.54442,"17,492.17",0.00746,0.00348,919.38245
406.07999,13.54793,"17,493.30",0.0074,0.00374,919.44183
406.17999,13.55129,"17,494.16",0.00744,0.00384,919.48682
406.28,13.55451,"17,494.31",0.00744,0.004,919.49512
406.38,13.5578,"17,493.29",0.00744,0.00395,919.44135
406.48001,13.56116,"17,495.39",0.00743,0.00352,919.55182
406.57999,13.56452,"17,496.36",0.00741,0.00365,919.60254
406.67999,13.56781,"17,495.50",0.00747,0.00358,919.55737
406.78,13.57117,"17,495.69",0.00744,0.00355,919.56738
406.88,13.57461,"17,498.11",0.00739,0.00308,919.69458
406.98001,13.57768,"17,496.55",0.0075,0.00327,919.61285
407.07999,13.58126,"17,498.35",0.00743,0.00348,919.70721
407.17999,13.58455,"17,497.78",0.00745,0.00353,919.67743
407.28,13.58776,"17,498.02",0.00746,0.00363,919.69000
407.38,13.59128,"17,499.44",0.00741,0.00301,919.76471
407.48001,13.59464,"17,500.40",0.00737,0.00327,919.81482
407.57999,13.59785,"17,499.39",0.00742,0.00354,919.76202
407.67999,13.60122,"17,498.36",0.00742,0.00379,919.70795
407.78,13.60458,"17,501.03",0.00746,0.00383,919.84827
407.88,13.60787,"17,502.47",0.00751,0.00394,919.92383
407.98001,13.61116,"17,501.26",0.00749,0.00394,919.86041
408.07999,13.6146,"17,501.92",0.00755,0.00362,919.89478
408.17999,13.61796,"17,502.98",0.00745,0.00374,919.95062
408.28,13.6211,"17,501.70",0.00746,0.00377,919.88348
408.38,13.62461,"17,503.65",0.00736,0.00372,919.98560
408.48001,13.6279,"17,503.23",0.0074,0.00322,919.96356
408.57999,13.63104,"17,499.87",0.00751,0.00345,919.78699
408.67999,13.63463,"17,502.31",0.00749,0.00348,919.91528
408.78,13.63791,"17,503.25",0.00752,0.00357,919.96490
408.88,13.64113,"17,501.91",0.00745,0.00361,919.89459
408.98001,13.64449,"17,501.21",0.00736,0.00308,919.85730
409.07999,13.64793,"17,502.20",0.00743,0.00327,919.90942
409.17999,13.65114,"17,501.68",0.00743,0.00356,919.88245
409.28,13.65451,"17,500.66",0.00748,0.00365,919.82886
409.38,13.65794,"17,501.44",0.00748,0.00372,919.86945
409.48001,13.66123,"17,501.43",0.00748,0.00385,919.86890
409.57999,13.66444,"17,499.49",0.00748,0.00347,919.76727
409.67999,13.66796,"17,502.47",0.00748,0.00356,919.92365
409.78,13.67125,"17,501.87",0.00751,0.00361,919.89203
409.88,13.67439,"17,499.32",0.00748,0.00369,919.75806
409.98001,13.6779,"17,500.82",0.00752,0.00319,919.83698
410.07999,13.68126,"17,500.39",0.00754,0.00328,919.81458
410.17999,13.68447,"17,499.84",0.00756,0.00348,919.78546
410.28,13.68791,"17,500.35",0.00757,0.00342,919.81213
410.38,13.69128,"17,500.61",0.00755,0.00356,919.82611
410.48001,13.69456,"17,501.20",0.00755,0.00304,919.85681
410.57999,13.69785,"17,501.27",0.00747,0.00316,919.86090
410.67999,13.70122,"17,501.76",0.00744,0.00345,919.88635
410.78,13.7045,"17,501.31",0.00747,0.00368,919.86267
410.88,13.70779,"17,501.38",0.00751,0.00366,919.86633
410.98001,13.71123,"17,503.73",0.00748,0.00374,919.99011
411.07999,13.71459,"17,504.52",0.00749,0.00393,920.03162
411.17999,13.71788,"17,503.67",0.00748,0.00357,919.98663
411.28,13.72125,"17,505.14",0.0075,0.00352,920.06433
411.38,13.72453,"17,505.25",0.00749,0.0036,920.06989
411.48001,13.72775,"17,506.16",0.00746,0.00367,920.11792
411.57999,13.73118,"17,506.57",0.00749,0.00338,920.13928
411.67999,13.73455,"17,507.04",0.00753,0.00316,920.16376
411.78,13.73784,"17,508.38",0.00753,0.00346,920.23468
411.88,13.7412,"17,509.43",0.00754,0.00346,920.28967
411.98001,13.74464,"17,510.94",0.00752,0.0036,920.36884
412.07999,13.74778,"17,510.78",0.00753,0.0029,920.36041
412.17999,13.75114,"17,510.21",0.00747,0.00316,920.33063
412.28,13.75458,"17,512.47",0.00744,0.00347,920.44965
412.38,13.75794,"17,513.40",0.00745,0.0037,920.49811
412.48001,13.76123,"17,511.59",0.00751,0.00369,920.40302
412.57999,13.76459,"17,512.85",0.0075,0.00375,920.46924
412.67999,13.76796,"17,514.35",0.00752,0.00386,920.54816
412.78,13.77109,"17,512.98",0.00754,0.00346,920.47601
412.88,13.77446,"17,513.89",0.00752,0.00358,920.52386
412.98001,13.77797,"17,513.53",0.00746,0.00363,920.50525
413.07999,13.78111,"17,512.53",0.00751,0.00361,920.45258
413.17999,13.78455,"17,513.16",0.00749,0.00316,920.48547
413.28,13.78798,"17,515.11",0.00753,0.00345,920.58820
413.38,13.79112,"17,513.95",0.00756,0.0034,920.52722
413.48001,13.79449,"17,513.04",0.00754,0.00348,920.47906
413.57999,13.79785,"17,515.56",0.00757,0.00351,920.61194
413.67999,13.80114,"17,515.66",0.00749,0.00319,920.61707
413.78,13.8045,"17,515.73",0.00748,0.00323,920.62054
413.88,13.80787,"17,516.80",0.00748,0.00348,920.67682
413.98001,13.8113,"17,518.71",0.00746,0.00367,920.77728
414.07999,13.81452,"17,517.16",0.00744,0.00379,920.69568
414.17999,13.81781,"17,518.02",0.00753,0.00378,920.74109
414.28,13.82124,"17,519.26",0.00748,0.00381,920.80627
414.38,13.82438,"17,517.69",0.00751,0.00354,920.72363
414.48001,13.8279,"17,518.12",0.00752,0.0036,920.74652
414.57999,13.83133,"17,520.87",0.00756,0.00369,920.89087
414.67999,13.83447,"17,519.86",0.00751,0.0036,920.83795
414.78,13.83791,"17,518.24",0.00748,0.00316,920.75244
414.88,13.8412,"17,519.11",0.00756,0.00341,920.79846
414.98001,13.84449,"17,520.65",0.00759,0.00357,920.87933
415.07999,13.84785,"17,519.81",0.00757,0.00359,920.83521
415.17999,13.85121,"17,519.96",0.00761,0.00332,920.84302
415.28,13.85465,"17,521.53",0.00756,0.00308,920.92566
415.38,13.85779,"17,520.73",0.00736,0.00324,920.88354
415.48001,13.86123,"17,521.87",0.00741,0.0036,920.94348
415.57999,13.86466,"17,523.93",0.00738,0.00369,921.05151
415.67999,13.86765,"17,520.43",0.00743,0.0038,920.86761
415.78,13.87117,"17,521.00",0.00751,0.00382,920.89752
415.88,13.87461,"17,523.41",0.00746,0.00364,921.02441
415.98001,13.87774,"17,522.86",0.00749,0.00353,920.99524
416.07999,13.88126,"17,522.76",0.00742,0.00356,920.98999
416.17999,13.88462,"17,522.69",0.00746,0.00366,920.98669
416.28,13.88783,"17,523.12",0.00749,0.00375,921.00909
416.38,13.8912,"17,522.89",0.00751,0.00336,920.99701
416.48001,13.89456,"17,523.82",0.00757,0.00345,921.04608
416.57999,13.89792,"17,524.79",0.0076,0.00352,921.09705
416.67999,13.90114,"17,523.34",0.00757,0.00357,921.02094
416.78,13.90458,"17,525.48",0.0076,0.00326,921.13342
416.88,13.90801,"17,528.19",0.00744,0.00314,921.27582
416.98001,13.91108,"17,525.08",0.0075,0.00329,921.11237
417.07999,13.91459,"17,526.76",0.00744,0.00355,921.20032
417.17999,13.91795,"17,527.87",0.00745,0.00366,921.25854
417.28,13.92109,"17,525.82",0.00754,0.00373,921.15131
417.38,13.9246,"17,527.34",0.00752,0.00384,921.23083
417.48001,13.92789,"17,526.90",0.00755,0.00362,921.20807
417.57999,13.93118,"17,526.80",0.00743,0.0036,921.20239
417.67999,13.93454,"17,527.06",0.00744,0.00372,921.21619
417.78,13.93783,"17,527.37",0.00749,0.00368,921.23260
417.88,13.9412,"17,527.30",0.00755,0.00355,921.22870
417.98001,13.94441,"17,525.86",0.00753,0.00317,921.15320
418.07999,13.94792,"17,528.10",0.00755,0.00356,921.27087
418.17999,13.95129,"17,529.54",0.00763,0.00361,921.34686
418.28,13.95442,"17,527.35",0.00762,0.00354,921.23126
418.38,13.95794,"17,527.70",0.00757,0.00359,921.24982
418.48001,13.9613,"17,529.59",0.00752,0.00308,921.34918
418.57999,13.96444,"17,528.25",0.00741,0.00339,921.27899
418.67999,13.96795,"17,530.16",0.00748,0.00368,921.37897
418.78,13.97124,"17,530.64",0.00749,0.00372,921.40460
418.88,13.97453,"17,529.80",0.00739,0.00377,921.36017
418.98001,13.97797,"17,530.84",0.0075,0.00381,921.41492
419.07999,13.98126,"17,531.61",0.00743,0.0035,921.45514
419.17999,13.98454,"17,531.99",0.00749,0.00359,921.47546
419.28,13.98776,"17,530.11",0.00745,0.00359,921.37671
419.38,13.99119,"17,531.83",0.00756,0.00366,921.46716
419.48001,13.99456,"17,531.71",0.0075,0.00331,921.46057
419.57999,13.99777,"17,530.05",0.00749,0.00328,921.37366
419.67999,14.00128,"17,531.93",0.00763,0.0035,921.47217
419.78,14.00457,"17,532.25",0.00762,0.00354,921.48883
419.88,14.00779,"17,531.20",0.0076,0.00356,921.43378
419.98001,14.01122,"17,532.46",0.00757,0.00299,921.49982
420.07999,14.01451,"17,532.00",0.00743,0.0033,921.47565
420.17999,14.0178,"17,531.17",0.00744,0.00353,921.43213
420.28,14.02116,"17,531.64",0.0074,0.00362,921.45709
420.38,14.0246,"17,533.08",0.0074,0.00374,921.53265
420.48001,14.02789,"17,534.04",0.0075,0.00384,921.58307
420.57999,14.03118,"17,532.33",0.00745,0.0039,921.49304
420.67999,14.03454,"17,532.62",0.00743,0.0036,921.50842
420.78,14.03791,"17,533.64",0.00742,0.00359,921.56219
420.88,14.04112,"17,531.43",0.0075,0.00365,921.44598
420.98001,14.04463,"17,534.61",0.00757,0.00365,921.61279
421.07999,14.04792,"17,534.17",0.00755,0.00316,921.59003
421.17999,14.05113,"17,531.51",0.00756,0.00353,921.45032
421.28,14.05457,"17,532.62",0.00761,0.00346,921.50842
421.38,14.05793,"17,532.22",0.00763,0.00356,921.48755
421.48001,14.06107,"17,531.32",0.00762,0.00323,921.44006
421.57999,14.06451,"17,530.65",0.0076,0.00308,921.40497
421.67999,14.06795,"17,531.95",0.00745,0.0033,921.47302
421.78,14.07116,"17,531.84",0.00741,0.00356,921.46747
421.88,14.07453,"17,530.43",0.00745,0.00366,921.39325
421.98001,14.07796,"17,530.24",0.00749,0.00369,921.38318
422.07999,14.08118,"17,530.51",0.00743,0.00378,921.39752
422.17999,14.08439,"17,529.07",0.00749,0.00377,921.32178
422.28,14.0879,"17,530.76",0.00741,0.00354,921.41058
422.38,14.09127,"17,530.10",0.00749,0.00354,921.37592
422.48001,14.09448,"17,529.02",0.00745,0.00363,921.31946
422.57999,14.09792,"17,530.53",0.00755,0.00346,921.39838
422.67999,14.10128,"17,530.02",0.00757,0.00333,921.37189
422.78,14.10442,"17,528.94",0.00757,0.00351,921.31500
422.88,14.10779,"17,528.95",0.0076,0.0035,921.31531
422.98001,14.11122,"17,529.87",0.00761,0.00318,921.36395
423.07999,14.11444,"17,529.61",0.00766,0.00287,921.35022
423.17999,14.1178,"17,528.95",0.00743,0.00316,921.31555
423.28,14.12131,"17,531.17",0.00745,0.00334,921.43213
423.38,14.12453,"17,530.15",0.00747,0.00357,921.37854
423.48001,14.12789,"17,528.87",0.00744,0.00368,921.31152
423.57999,14.13133,"17,530.96",0.00747,0.00375,921.42114
423.67999,14.13454,"17,530.48",0.00752,0.00381,921.39624
423.78,14.13783,"17,528.87",0.00752,0.00349,921.31122
423.88,14.14119,"17,529.45",0.00753,0.00362,921.34204
423.98001,14.14463,"17,530.69",0.0075,0.00368,921.40686
424.07999,14.14777,"17,529.82",0.00749,0.00361,921.36108
424.17999,14.15113,"17,528.54",0.00754,0.00327,921.29395
424.28,14.15457,"17,529.71",0.00752,0.00337,921.35577
424.38,14.15771,"17,528.18",0.00763,0.00346,921.27521
424.48001,14.16122,"17,527.88",0.00753,0.00349,921.25958
424.57999,14.16466,"17,529.28",0.00764,0.00322,921.33289
424.67999,14.1678,"17,526.74",0.00756,0.00309,921.19952
424.78,14.17124,"17,526.27",0.0075,0.00317,921.17450
424.88,14.1746,"17,527.62",0.00749,0.0034,921.24573
424.98001,14.17781,"17,527.66",0.00744,0.00362,921.24756
425.07999,14.1811,"17,524.97",0.00749,0.00372,921.10645
425.17999,14.18454,"17,525.52",0.00748,0.00377,921.13538
425.28,14.1879,"17,526.32",0.00752,0.0037,921.17755
425.38,14.19112,"17,524.87",0.00751,0.00354,921.10107
425.48001,14.19455,"17,525.19",0.00751,0.00361,921.11792
425.57999,14.19799,"17,525.72",0.00751,0.00364,921.14563
425.67999,14.20106,"17,522.95",0.00757,0.00367,921.00006
425.78,14.20457,"17,523.45",0.00757,0.0032,921.02625
425.88,14.20801,"17,524.73",0.00749,0.00349,921.09381
425.98001,14.21107,"17,521.55",0.00764,0.00347,920.92657
426.07999,14.21458,"17,521.60",0.00763,0.00343,920.92926
426.17999,14.21795,"17,522.23",0.00765,0.00289,920.96259
426.28,14.22116,"17,522.19",0.00755,0.00312,920.96045
426.38,14.22445,"17,520.04",0.00756,0.00323,920.84698
426.48001,14.22781,"17,519.59",0.00751,0.00351,920.82349
426.57999,14.23125,"17,520.54",0.00743,0.00366,920.87341
426.67999,14.23446,"17,519.72",0.00747,0.00382,920.83057
426.78,14.2379,"17,520.43",0.00751,0.0037,920.86761
426.88,14.24134,"17,520.31",0.00749,0.00371,920.86169
426.98001,14.2444,"17,518.37",0.00752,0.0036,920.75934
427.07999,14.24792,"17,519.96",0.00746,0.00361,920.84308
427.17999,14.25128,"17,520.53",0.00757,0.00372,920.87317
427.28,14.25442,"17,518.37",0.00755,0.00354,920.75952
427.38,14.25793,"17,517.75",0.00768,0.00354,920.72681
427.48001,14.26122,"17,519.39",0.0075,0.00358,920.81311
427.57999,14.26451,"17,519.74",0.00763,0.00359,920.83173
427.67999,14.26787,"17,519.34",0.00763,0.00348,920.81024
427.78,14.27116,"17,518.23",0.00764,0.00303,920.75238
427.88,14.27452,"17,518.10",0.00753,0.00318,920.74518
427.98001,14.27774,"17,516.99",0.00751,0.00332,920.68677
428.07999,14.28125,"17,519.09",0.00748,0.00353,920.79712
428.17999,14.28461,"17,519.45",0.00751,0.00367,920.81622
428.28,14.28775,"17,516.49",0.00744,0.00378,920.66089
428.38,14.29126,"17,518.58",0.0075,0.0038,920.77075
428.48001,14.29463,"17,519.26",0.00751,0.0037,920.80634
428.57999,14.29777,"17,517.11",0.00748,0.00368,920.69342
428.67999,14.3012,"17,516.87",0.00747,0.00358,920.68042
428.78,14.30449,"17,516.06",0.00755,0.00367,920.63831
428.88,14.30785,"17,517.53",0.00758,0.00355,920.71521
428.98001,14.31122,"17,517.74",0.00755,0.00341,920.72620
429.07999,14.31466,"17,516.77",0.00761,0.00357,920.67529
429.17999,14.31787,"17,517.03",0.00763,0.00356,920.68890
429.28,14.32108,"17,515.26",0.00765,0.00323,920.59583
429.38,14.32452,"17,517.30",0.00751,0.00306,920.70306
429.48001,14.32788,"17,518.36",0.00753,0.00321,920.75873
429.57999,14.3311,"17,514.64",0.0075,0.00333,920.56335
429.67999,14.33461,"17,517.41",0.00757,0.0037,920.70892
429.78,14.33797,"17,517.52",0.0075,0.00378,920.71460
429.88,14.34111,"17,517.15",0.00751,0.00383,920.69537
429.98001,14.34455,"17,517.49",0.00751,0.00383,920.71344
430.07999,14.34784,"17,517.08",0.00758,0.00371,920.69189
430.17999,14.35113,"17,517.88",0.00746,0.00362,920.73401
430.28,14.35449,"17,518.29",0.00748,0.00364,920.75531
430.38,14.35793,"17,519.04",0.00761,0.00374,920.79456
430.48001,14.36122,"17,519.34",0.00753,0.00337,920.81036
430.57999,14.36443,"17,517.39",0.00754,0.00332,920.70801
430.67999,14.36787,"17,520.02",0.00763,0.00361,920.84607
430.78,14.37123,"17,520.84",0.00761,0.00356,920.88928
430.88,14.37445,"17,518.56",0.00764,0.00344,920.76971
430.98001,14.37788,"17,520.27",0.00744,0.00308,920.85913
431.07999,14.38125,"17,521.24",0.00752,0.0032,920.91046
431.17999,14.38446,"17,520.83",0.00752,0.00337,920.88892
431.28,14.3879,"17,523.32",0.00748,0.00367,921.01978
431.38,14.39126,"17,522.79",0.00748,0.00376,920.99194
431.48001,14.39447,"17,521.89",0.00748,0.0039,920.94476
431.57999,14.39784,"17,522.69",0.00749,0.00379,920.98663
431.67999,14.40135,"17,524.71",0.00752,0.00359,921.09247
431.78,14.40449,"17,524.35",0.00753,0.00365,921.07379
431.88,14.40785,"17,522.50",0.00748,0.00368,920.97675
431.98001,14.41129,"17,524.67",0.0075,0.00374,921.09052
432.07999,14.4145,"17,525.42",0.00756,0.00329,921.12982
432.17999,14.41779,"17,522.92",0.00755,0.00342,920.99884
432.28,14.42123,"17,525.45",0.00768,0.00358,921.13147
432.38,14.42459,"17,525.56",0.00761,0.00359,921.13763
432.48001,14.42781,"17,525.15",0.00763,0.00296,921.11609
432.57999,14.43125,"17,525.63",0.00758,0.00318,921.14099
432.67999,14.43468,"17,527.17",0.0075,0.0033,921.22198
432.78,14.43775,"17,525.05",0.00749,0.00356,921.11084
432.88,14.44119,"17,525.70",0.00764,0.00365,921.14471
432.98001,14.44455,"17,527.26",0.0077,0.00369,921.22681
433.07999,14.44776,"17,527.03",0.00767,0.00382,921.21442
433.17999,14.4512,"17,525.59",0.0075,0.00398,921.13904
433.28,14.45464,"17,528.43",0.0075,0.00356,921.28833
433.38,14.45785,"17,527.85",0.00761,0.00368,921.25781
433.48001,14.46114,"17,526.95",0.00758,0.00373,921.21039
433.57999,14.4645,"17,527.85",0.00751,0.00383,921.25763
433.67999,14.46787,"17,527.75",0.00763,0.00334,921.25238
433.78,14.47108,"17,527.34",0.00764,0.0034,921.23083
433.88,14.47452,"17,529.33",0.00771,0.00363,921.33575
433.98001,14.47803,"17,529.39",0.00767,0.00353,921.33850
434.07999,14.4811,"17,526.69",0.00767,0.00325,921.19678
434.17999,14.48453,"17,528.23",0.00749,0.00309,921.27783
434.28,14.48797,"17,529.56",0.00761,0.00333,921.34753
434.38,14.49103,"17,527.86",0.0076,0.00346,921.25824
434.48001,14.49455,"17,528.06",0.00757,0.00363,921.26874
434.57999,14.49799,"17,529.02",0.00751,0.00377,921.31921
434.67999,14.50113,"17,528.85",0.00751,0.00381,921.31030
434.78,14.50456,"17,529.17",0.00754,0.00376,921.32733
434.88,14.50793,"17,529.54",0.00757,0.00363,921.34631
434.98001,14.51114,"17,529.00",0.00756,0.00368,921.31812
435.07999,14.51443,"17,527.89",0.00756,0.00375,921.25970
435.17999,14.51779,"17,529.06",0.00755,0.00377,921.32147
435.28,14.52123,"17,529.95",0.00757,0.00324,921.36829
435.38,14.52444,"17,529.17",0.00766,0.00353,921.32733
435.48001,14.52788,"17,528.88",0.00766,0.00355,921.31171
435.57999,14.53132,"17,531.44",0.00771,0.00361,921.44659
435.67999,14.53438,"17,529.34",0.00766,0.003,921.33618
435.78,14.5379,"17,530.57",0.00766,0.0032,921.40076
435.88,14.54126,"17,531.58",0.00764,0.00335,921.45367
435.98001,14.54447,"17,531.85",0.00757,0.00361,921.46796
436.07999,14.54791,"17,533.19",0.00753,0.00371,921.53821
436.17999,14.55127,"17,533.66",0.0076,0.00382,921.56305
436.28,14.55456,"17,533.69",0.00758,0.00379,921.56445
436.38,14.55785,"17,532.48",0.00764,0.0038,921.50092
436.48001,14.56121,"17,534.51",0.00756,0.00362,921.60791
436.57999,14.5645,"17,535.98",0.00754,0.0037,921.68518
436.67999,14.56779,"17,534.07",0.00753,0.00367,921.58478
436.78,14.57123,"17,535.75",0.00755,0.00356,921.67279
436.88,14.57467,"17,538.05",0.00761,0.00319,921.79382
436.98001,14.57781,"17,536.95",0.00769,0.00357,921.73590
437.07999,14.58124,"17,537.67",0.00772,0.00359,921.77368
437.17999,14.58453,"17,538.11",0.00758,0.0035,921.79718
437.28,14.58774,"17,537.14",0.00758,0.00307,921.74609
437.38,14.59126,"17,538.75",0.00761,0.0032,921.83087
437.48001,14.59455,"17,538.96",0.00767,0.00335,921.84174
437.57999,14.59791,"17,539.53",0.00756,0.0036,921.87183
437.67999,14.6012,"17,538.31",0.00756,0.00365,921.80737
437.78,14.60456,"17,539.65",0.0076,0.00383,921.87775
437.88,14.60792,"17,540.04",0.00764,0.00376,921.89832
437.98001,14.61106,"17,538.28",0.00767,0.0036,921.80609
438.07999,14.61457,"17,539.55",0.00761,0.00363,921.87286
438.17999,14.61794,"17,541.01",0.00753,0.00368,921.94965
438.28,14.62108,"17,537.96",0.00759,0.00368,921.78906
438.38,14.62459,"17,540.25",0.00753,0.00356,921.90948
438.48001,14.62795,"17,540.53",0.00758,0.00353,921.92438
438.57999,14.63109,"17,537.61",0.00766,0.00356,921.77051
438.67999,14.63453,"17,538.77",0.00767,0.00361,921.83191
438.78,14.63789,"17,539.22",0.00782,0.00297,921.85516
438.88,14.64118,"17,540.11",0.00763,0.00312,921.90198
438.98001,14.64454,"17,538.85",0.00766,0.0033,921.83569
439.07999,14.64791,"17,539.11",0.00753,0.00349,921.84937
439.17999,14.65127,"17,539.35",0.00756,0.0037,921.86194
439.28,14.65441,"17,538.41",0.00762,0.00377,921.81299
439.38,14.65785,"17,540.33",0.00758,0.00375,921.91370
439.48001,14.66121,"17,540.27",0.00761,0.00382,921.91052
439.57999,14.66442,"17,539.41",0.00761,0.00355,921.86536
439.67999,14.66794,"17,541.77",0.00756,0.00364,921.98926
439.78,14.6713,"17,543.21",0.00765,0.00374,922.06494
439.88,14.67444,"17,541.29",0.00766,0.00376,921.96411
439.98001,14.67788,"17,543.29",0.00758,0.00379,922.06946
440.07999,14.68124,"17,543.02",0.00761,0.00338,922.05524
440.17999,14.68445,"17,544.31",0.00758,0.00359,922.12299
440.28,14.68782,"17,544.10",0.00775,0.00359,922.11163
440.38,14.69125,"17,544.12",0.00774,0.00302,922.11285
440.48001,14.69454,"17,545.96",0.00772,0.00314,922.20984
440.57999,14.69783,"17,544.60",0.00766,0.00326,922.13812
440.67999,14.70127,"17,546.18",0.00767,0.00347,922.22113
440.78,14.70456,"17,546.19",0.00765,0.00368,922.22168
440.88,14.7077,"17,544.56",0.00765,0.00379,922.13623
440.98001,14.71128,"17,547.55",0.00758,0.0038,922.29340
441.07999,14.71465,"17,548.50",0.00759,0.00383,922.34290
441.17999,14.71786,"17,547.22",0.00763,0.00359,922.27588
441.28,14.72122,"17,548.61",0.00772,0.00366,922.34894
441.38,14.72466,"17,550.41",0.00755,0.00371,922.44330
441.48001,14.7278,"17,550.64",0.00753,0.0037,922.45563
441.57999,14.73116,"17,550.56",0.00766,0.00358,922.45129
441.67999,14.7346,"17,551.53",0.00758,0.0036,922.50256
441.78,14.73782,"17,553.90",0.00774,0.0036,922.62677
441.88,14.74118,"17,552.41",0.00772,0.00361,922.54840
441.98001,14.74462,"17,556.99",0.00768,0.00312,922.78925
442.07999,14.74783,"17,556.93",0.00773,0.0032,922.78638
442.17999,14.75112,"17,554.91",0.00766,0.0033,922.67993
442.28,14.75456,"17,557.70",0.00759,0.00359,922.82660
442.38,14.75792,"17,558.25",0.00762,0.00374,922.85559
442.48001,14.76114,"17,558.58",0.00771,0.00372,922.87292
442.57999,14.76457,"17,560.08",0.0077,0.00379,922.95184
442.67999,14.76801,"17,561.94",0.00768,0.00385,923.04938
442.78,14.77115,"17,561.82",0.00756,0.00361,923.04303
442.88,14.77451,"17,562.54",0.00757,0.00362,923.08081
442.98001,14.77795,"17,564.35",0.00765,0.0037,923.17615
443.07999,14.78109,"17,564.20",0.00777,0.00377,923.16827
443.17999,14.78453,"17,564.79",0.00767,0.00353,923.19934
443.28,14.78796,"17,568.82",0.00768,0.00355,923.41101
443.38,14.79118,"17,568.45",0.00772,0.00352,923.39166
443.48001,14.79454,"17,568.36",0.00788,0.00309,923.38678
443.57999,14.79791,"17,569.53",0.00786,0.00298,923.44849
443.67999,14.80119,"17,571.05",0.00782,0.00318,923.52856
443.78,14.80441,"17,570.03",0.00765,0.00332,923.47479
443.88,14.80784,"17,571.70",0.00758,0.00356,923.56238
443.98001,14.81128,"17,572.49",0.00757,0.00376,923.60425
444.07999,14.81442,"17,571.60",0.00781,0.00368,923.55743
444.17999,14.81786,"17,573.62",0.00784,0.00379,923.66315
444.28,14.8213,"17,575.85",0.00776,0.0037,923.78052
444.38,14.82436,"17,573.65",0.00753,0.00356,923.66479
444.48001,14.82787,"17,575.12",0.00757,0.00364,923.74231
444.57999,14.83124,"17,577.11",0.00769,0.00374,923.84662
444.67999,14.83453,"17,577.59",0.00781,0.00378,923.87195
444.78,14.83789,"17,577.81",0.00771,0.00349,923.88348
444.88,14.84125,"17,578.56",0.00757,0.0036,923.92316
444.98001,14.84454,"17,580.54",0.00766,0.00354,924.02686
445.07999,14.84783,"17,579.62",0.00776,0.00287,923.97852
445.17999,14.85119,"17,580.68",0.0077,0.00307,924.03448
445.28,14.85456,"17,581.22",0.00768,0.00318,924.06311
445.38,14.85777,"17,579.99",0.00755,0.00334,923.99811
445.48001,14.86121,"17,581.88",0.00757,0.00358,924.09760
445.57999,14.86464,"17,582.84",0.00765,0.00366,924.14777
445.67999,14.86778,"17,581.55",0.00767,0.00374,924.08032
445.78,14.87122,"17,582.33",0.00767,0.00377,924.12140
445.88,14.87451,"17,583.35",0.00764,0.00384,924.17480
445.98001,14.87772,"17,583.53",0.0077,0.00354,924.18445
446.07999,14.88124,"17,585.05",0.0077,0.00368,924.26440
446.17999,14.88453,"17,584.26",0.00779,0.00373,924.22272
446.28,14.88789,"17,585.54",0.00764,0.00376,924.28967
446.38,14.89118,"17,586.42",0.00769,0.00345,924.33606
446.48001,14.89454,"17,586.08",0.00787,0.00357,924.31848
446.57999,14.8979,"17,587.22",0.00787,0.00323,924.37817
446.67999,14.90104,"17,584.67",0.0078,0.00329,924.24420
446.78,14.90456,"17,586.15",0.00767,0.00301,924.32208
446.88,14.90799,"17,588.32",0.00774,0.00325,924.43628
446.98001,14.91113,"17,585.57",0.00781,0.00337,924.29163
447.07999,14.91457,"17,585.11",0.00782,0.00356,924.26752
447.17999,14.91793,"17,585.63",0.00765,0.00371,924.29480
447.28,14.92107,"17,584.73",0.00761,0.0038,924.24750
447.38,14.92458,"17,585.65",0.00763,0.00373,924.29590
447.48001,14.92787,"17,584.55",0.00772,0.00376,924.23804
447.57999,14.93124,"17,585.40",0.00757,0.00364,924.28265
447.67999,14.93452,"17,584.66",0.00763,0.00368,924.24390
447.78,14.93789,"17,585.10",0.00767,0.00368,924.26685
447.88,14.94125,"17,585.54",0.00764,0.00378,924.28986
447.98001,14.94439,"17,582.37",0.00768,0.00321,924.12347
448.07999,14.9479,"17,584.56",0.00766,0.00354,924.23822
448.17999,14.95127,"17,585.77",0.00773,0.00355,924.30206
448.28,14.9544,"17,583.56",0.0078,0.00295,924.18579
448.38,14.95792,"17,583.92",0.00765,0.00309,924.20496
448.48001,14.96128,"17,583.74",0.00756,0.00325,924.19556
448.57999,14.96449,"17,582.88",0.00768,0.00343,924.15039
448.67999,14.96786,"17,582.51",0.00772,0.0037,924.13086
448.78,14.97122,"17,581.15",0.00763,0.00379,924.05939
448.88,14.97451,"17,580.99",0.00759,0.00376,924.05090
448.98001,14.9778,"17,580.82",0.00762,0.00379,924.04193
449.07999,14.98124,"17,581.81",0.00774,0.00357,924.09381
449.17999,14.9846,"17,582.73",0.00761,0.00362,924.14203
449.28,14.98781,"17,579.40",0.00764,0.00369,923.96722
449.38,14.99125,"17,579.26",0.00764,0.00377,923.96002
449.48001,14.99454,"17,581.98",0.00765,0.00354,924.10284
449.57999,14.99775,"17,578.95",0.00771,0.00346,923.94360
449.67999,15.00126,"17,581.71",0.00789,0.00354,924.08868
449.78,15.00463,"17,581.52",0.00783,0.00351,924.07837
449.88,15.00784,"17,580.19",0.00767,0.00307,924.00861
449.98001,15.0112,"17,580.75",0.00756,0.00306,924.03839
450.07999,15.01457,"17,581.28",0.00767,0.00334,924.06586
450.17999,15.01778,"17,581.44",0.00771,0.00347,924.07452
450.28,15.02114,"17,579.00",0.0076,0.00367,923.94629
450.38,15.02466,"17,580.97",0.00757,0.00376,924.04974
450.48001,15.02787,"17,581.69",0.00761,0.00374,924.08765
450.57999,15.03116,"17,579.43",0.00769,0.00376,923.96857
450.67999,15.0346,"17,580.86",0.00772,0.00357,924.04413
450.78,15.03788,"17,580.77",0.00757,0.00363,924.03937
450.88,15.0411,"17,579.61",0.00758,0.00369,923.97821
450.98001,15.04454,"17,582.48",0.00762,0.00374,924.12903
451.07999,15.0479,"17,582.41",0.00762,0.00327,924.12518
451.17999,15.05119,"17,581.20",0.00769,0.0034,924.06189
451.28,15.05463,"17,583.26",0.00758,0.00357,924.16986
451.38,15.05799,"17,583.88",0.00773,0.00359,924.20239
451.48001,15.06113,"17,582.72",0.00775,0.00302,924.14185
451.57999,15.06449,"17,581.86",0.00779,0.00318,924.09625
451.67999,15.06793,"17,582.67",0.00763,0.00331,924.13916
451.78,15.07114,"17,583.06",0.00759,0.00356,924.15942
451.88,15.07451,"17,582.28",0.00759,0.00369,924.11865
451.98001,15.07794,"17,583.17",0.0076,0.00376,924.16534
452.07999,15.08123,"17,582.18",0.00761,0.00373,924.11353
452.17999,15.08452,"17,581.10",0.00766,0.00379,924.05664
452.28,15.08788,"17,582.65",0.00756,0.00362,924.13794
452.38,15.09117,"17,581.19",0.00755,0.00364,924.06146
452.48001,15.09439,"17,578.82",0.00765,0.00365,923.93652
452.57999,15.0979,"17,581.24",0.00768,0.0037,924.06390
452.67999,15.10126,"17,581.47",0.00761,0.00338,924.07581
452.78,15.10448,"17,580.33",0.00769,0.00355,924.01617
452.88,15.10784,"17,579.49",0.00776,0.00353,923.97174
452.98001,15.11128,"17,580.12",0.00779,0.00353,924.00482
453.07999,15.11442,"17,579.34",0.00778,0.00302,923.96381
453.17999,15.11785,"17,578.80",0.00771,0.00313,923.93549
453.28,15.12129,"17,579.73",0.00765,0.00337,923.98480
453.38,15.12451,"17,578.57",0.00758,0.00352,923.92340
453.48001,15.12794,"17,578.33",0.0076,0.00372,923.91095
453.57999,15.13123,"17,579.49",0.0077,0.0037,923.97217
453.67999,15.13452,"17,578.83",0.00778,0.00371,923.93744
453.78,15.13773,"17,577.49",0.0077,0.00376,923.86682
453.88,15.14117,"17,578.32",0.00752,0.00362,923.91058
453.98001,15.14461,"17,580.30",0.00762,0.00359,924.01434
454.07999,15.14782,"17,579.88",0.00756,0.00367,923.99249
454.17999,15.15126,"17,581.74",0.00764,0.00363,924.09033
454.28,15.15462,"17,581.79",0.00769,0.00331,924.09296
454.38,15.15776,"17,581.29",0.00768,0.00352,924.06647
454.48001,15.1612,"17,581.58",0.00767,0.00345,924.08197
454.57999,15.16456,"17,582.90",0.00763,0.00326,924.15137
454.67999,15.16778,"17,582.95",0.0076,0.003,924.15393
454.78,15.17122,"17,584.08",0.00761,0.00317,924.21320
454.88,15.17458,"17,586.36",0.00761,0.00351,924.33319
454.98001,15.17794,"17,587.30",0.00754,0.00357,924.38269
455.07999,15.18116,"17,586.04",0.00761,0.00371,924.31622
455.17999,15.18444,"17,586.31",0.00767,0.00375,924.33051
455.28,15.18788,"17,588.65",0.00773,0.00377,924.45361
455.38,15.19102,"17,588.00",0.00767,0.00363,924.41943
455.48001,15.19453,"17,589.73",0.00754,0.00357,924.51038
455.57999,15.19805,"17,591.53",0.00762,0.00364,924.60480
455.67999,15.20111,"17,590.48",0.00765,0.00368,924.54956
455.78,15.20455,"17,591.54",0.00765,0.00351,924.60553
455.88,15.20791,"17,593.11",0.00773,0.00343,924.68768
455.98001,15.21113,"17,593.96",0.00767,0.00352,924.73254
456.07999,15.21456,"17,593.27",0.0077,0.00354,924.69629
456.17999,15.21793,"17,594.79",0.0076,0.00311,924.77582
456.28,15.22129,"17,597.18",0.0076,0.00308,924.90149
456.38,15.22458,"17,595.68",0.00759,0.00319,924.82306
456.48001,15.22787,"17,596.75",0.00761,0.00341,924.87909
456.57999,15.23131,"17,598.71",0.00754,0.00365,924.98206
456.67999,15.23437,"17,597.21",0.00754,0.00376,924.90332
456.78,15.23788,"17,598.41",0.00764,0.00375,924.96619
456.88,15.24132,"17,600.61",0.00766,0.0038,925.08173
456.98001,15.24438,"17,598.91",0.00756,0.00351,924.99274
457.07999,15.2479,"17,600.21",0.00758,0.0036,925.06104
457.17999,15.25126,"17,601.28",0.00767,0.00362,925.11719
457.28,15.25447,"17,601.32",0.00766,0.00369,925.11914
457.38,15.25784,"17,601.80",0.00767,0.00351,925.14447
457.48001,15.2612,"17,602.14",0.00764,0.00335,925.16235
457.57999,15.26456,"17,603.94",0.00773,0.00354,925.25690
457.67999,15.26785,"17,603.49",0.0077,0.00348,925.23358
457.78,15.27129,"17,603.67",0.00771,0.00348,925.24292
457.88,15.27465,"17,604.92",0.00758,0.00306,925.30841
457.98001,15.27772,"17,602.36",0.0076,0.0032,925.17395
458.07999,15.28123,"17,604.31",0.00761,0.0035,925.27631
458.17999,15.28467,"17,605.50",0.00759,0.00369,925.33893
458.28,15.28773,"17,602.92",0.00761,0.00373,925.20343
458.38,15.29132,"17,604.72",0.00762,0.00383,925.29797
458.48001,15.29468,"17,604.61",0.00758,0.00381,925.29211
458.57999,15.29782,"17,602.96",0.00757,0.00349,925.20569
458.67999,15.30118,"17,602.49",0.00759,0.00356,925.18073
458.78,15.30455,"17,602.88",0.00761,0.00368,925.20148
458.88,15.30783,"17,604.38",0.00765,0.00371,925.27991
458.98001,15.31112,"17,603.53",0.00772,0.00358,925.23553
459.07999,15.31456,"17,604.43",0.00773,0.00348,925.28296
459.17999,15.31785,"17,605.20",0.00771,0.0035,925.32330
459.28,15.32114,"17,602.33",0.00767,0.00323,925.17230
459.38,15.32458,"17,605.84",0.00758,0.00314,925.35706
459.48001,15.32786,"17,605.05",0.00758,0.00314,925.31537
459.57999,15.33108,"17,602.66",0.00758,0.00328,925.18988
459.67999,15.33459,"17,604.16",0.0076,0.00351,925.26880
459.78,15.33795,"17,605.29",0.00757,0.00366,925.32800
459.88,15.34117,"17,603.40",0.00761,0.00372,925.22888
459.98001,15.34461,"17,604.51",0.00758,0.00383,925.28699
460.07999,15.34797,"17,604.83",0.00758,0.0038,925.30377
460.17999,15.35118,"17,603.97",0.00762,0.00357,925.25854
460.28,15.35447,"17,603.42",0.00764,0.00362,925.22955
460.38,15.35791,"17,603.99",0.00768,0.00367,925.25964
460.48001,15.3612,"17,604.09",0.00761,0.00372,925.26477
460.57999,15.36448,"17,601.64",0.00773,0.00315,925.13599
460.67999,15.368,"17,604.55",0.00766,0.0035,925.28894
460.78,15.37121,"17,603.04",0.00768,0.00354,925.20966
460.88,15.37443,"17,601.11",0.00779,0.00359,925.10822
460.98001,15.37794,"17,602.76",0.0076,0.00297,925.19519
461.07999,15.38123,"17,601.11",0.0076,0.00319,925.10822
461.17999,15.38444,"17,600.83",0.0076,0.0033,925.09357
461.28,15.38788,"17,601.92",0.00761,0.00355,925.15094
461.38,15.39132,"17,602.40",0.00758,0.00368,925.17596
461.48001,15.39445,"17,600.22",0.00764,0.00375,925.06140
461.57999,15.39782,"17,599.96",0.00772,0.00375,925.04810
461.67999,15.40126,"17,600.66",0.00768,0.00365,925.08466
461.78,15.40447,"17,599.87",0.00763,0.00356,925.04315
461.88,15.40783,"17,597.65",0.00764,0.00364,924.92621
461.98001,15.41127,"17,600.27",0.00768,0.00364,925.06403
462.07999,15.41456,"17,600.71",0.00772,0.00346,925.08728
462.17999,15.41785,"17,598.32",0.00771,0.00325,924.96143
462.28,15.42121,"17,598.13",0.00772,0.00356,924.95148
462.38,15.4245,"17,598.16",0.00771,0.00351,924.95325
462.48001,15.42771,"17,597.23",0.00761,0.00358,924.90448
462.57999,15.43115,"17,598.41",0.00769,0.00295,924.96619
462.67999,15.43466,"17,599.10",0.0076,0.00322,925.00281
462.78,15.4378,"17,597.02",0.00764,0.00339,924.89319
462.88,15.44124,"17,596.97",0.00764,0.00356,924.89081
462.98001,15.4446,"17,598.15",0.00764,0.00369,924.95294
463.07999,15.44782,"17,598.21",0.00762,0.0037,924.95612
463.17999,15.45118,"17,596.65",0.00769,0.00373,924.87396
463.28,15.45454,"17,597.07",0.00762,0.00359,924.89618
463.38,15.45783,"17,596.51",0.00764,0.00362,924.86627
463.48001,15.46119,"17,596.33",0.00763,0.00363,924.85724
463.57999,15.46456,"17,597.17",0.00774,0.00368,924.90118
463.67999,15.46785,"17,595.56",0.00764,0.00354,924.81671
463.78,15.47106,"17,593.52",0.00769,0.00327,924.70911
463.88,15.4745,"17,594.80",0.00771,0.00347,924.77686
463.98001,15.47794,"17,595.34",0.00768,0.00352,924.80518
464.07999,15.48108,"17,594.55",0.00766,0.00327,924.76355
464.17999,15.48451,"17,593.08",0.00759,0.00307,924.68634
464.28,15.48802,"17,594.02",0.00767,0.0032,924.73541
464.38,15.49109,"17,593.38",0.00762,0.00343,924.70215
464.48001,15.49453,"17,592.32",0.00767,0.00368,924.64636
464.57999,15.49797,"17,592.60",0.00761,0.00367,924.66077
464.67999,15.50118,"17,592.22",0.00771,0.0038,924.64124
464.78,15.50454,"17,591.74",0.00767,0.0038,924.61591
464.88,15.50791,"17,592.38",0.00764,0.00356,924.64929
464.98001,15.51127,"17,592.83",0.00767,0.00359,924.67316
465.07999,15.51448,"17,591.24",0.00771,0.00354,924.58954
465.17999,15.51777,"17,591.25",0.0077,0.00368,924.59021
465.28,15.52128,"17,592.91",0.00772,0.00341,924.67737
465.38,15.52442,"17,591.63",0.00768,0.00334,924.61023
465.48001,15.52786,"17,592.11",0.00772,0.00344,924.63519
465.57999,15.53137,"17,593.64",0.00773,0.00346,924.71558
465.67999,15.53444,"17,592.69",0.00757,0.0031,924.66547
465.78,15.53795,"17,592.71",0.00761,0.00311,924.66705
465.88,15.54124,"17,592.84",0.00765,0.00323,924.67352
465.98001,15.54445,"17,592.04",0.00755,0.00354,924.63141
466.07999,15.54789,"17,593.08",0.00763,0.00355,924.68640
466.17999,15.55118,"17,593.66",0.00756,0.00374,924.71661
466.28,15.55462,"17,594.29",0.0076,0.00367,924.74976
466.38,15.55783,"17,591.99",0.00763,0.00371,924.62885
466.48001,15.56119,"17,592.86",0.00769,0.00351,924.67444
466.57999,15.56463,"17,594.86",0.0077,0.00352,924.77972
466.67999,15.56769,"17,592.14",0.0077,0.00362,924.63702
466.78,15.57121,"17,592.87",0.0077,0.0036,924.67511
466.88,15.57465,"17,594.79",0.00772,0.00309,924.77582
466.98001,15.57778,"17,593.64",0.00771,0.00343,924.71570
467.07999,15.5813,"17,595.58",0.0077,0.00342,924.81744
467.17999,15.58466,"17,596.26",0.00779,0.00357,924.85345
467.28,15.5878,"17,594.69",0.00761,0.00295,924.77094
467.38,15.59116,"17,596.28",0.00762,0.00313,924.85419
467.48001,15.59453,"17,597.01",0.00762,0.00329,924.89276
467.57999,15.59789,"17,598.75",0.0076,0.00352,924.98425
467.67999,15.6011,"17,597.16",0.00768,0.00366,924.90057
467.78,15.60454,"17,598.58",0.00775,0.00372,924.97540
467.88,15.60798,"17,600.34",0.00771,0.00377,925.06757
467.98001,15.61104,"17,598.84",0.00769,0.00371,924.98883
468.07999,15.61455,"17,601.21",0.0077,0.00355,925.11346
468.17999,15.61792,"17,601.28",0.00772,0.00355,925.11725
468.28,15.62106,"17,599.43",0.00771,0.00353,925.01996
468.38,15.62457,"17,601.73",0.00773,0.00357,925.14111
468.48001,15.62793,"17,603.01",0.00776,0.00308,925.20831
468.57999,15.63114,"17,601.62",0.00776,0.00329,925.13495
468.67999,15.63451,"17,601.74",0.00774,0.00347,925.14130
468.78,15.63787,"17,602.74",0.00766,0.00353,925.19415
468.88,15.64116,"17,604.56",0.00765,0.00299,925.28986
468.98001,15.64445,"17,603.72",0.00765,0.00306,925.24561
469.07999,15.64789,"17,605.25",0.00767,0.0034,925.32599
469.17999,15.65125,"17,607.18",0.00764,0.00359,925.42706
469.28,15.65446,"17,605.79",0.00773,0.00364,925.35419
469.38,15.65798,"17,608.07",0.00768,0.00377,925.47400
469.48001,15.66119,"17,607.94",0.00772,0.00373,925.46735
469.57999,15.6644,"17,606.68",0.00773,0.00372,925.40082
469.67999,15.66792,"17,608.80",0.00776,0.00353,925.51227
469.78,15.67128,"17,609.90",0.00777,0.00348,925.57050
469.88,15.67449,"17,609.42",0.00773,0.0036,925.54492
469.98001,15.67793,"17,609.90",0.0078,0.00342,925.57037
470.07999,15.68129,"17,611.13",0.00775,0.0031,925.63519
470.17999,15.68443,"17,612.28",0.00778,0.00327,925.69543
470.28,15.6878,"17,611.60",0.00778,0.00339,925.65961
470.38,15.69123,"17,613.01",0.00776,0.00318,925.73395
470.48001,15.69452,"17,613.59",0.0077,0.0032,925.76410
470.57999,15.69781,"17,612.52",0.00775,0.00314,925.70807
470.67999,15.70125,"17,615.55",0.00769,0.00333,925.86749
470.78,15.70461,"17,616.28",0.00773,0.00353,925.90558
470.88,15.70775,"17,613.77",0.0077,0.00369,925.77368
470.98001,15.71126,"17,616.14",0.00776,0.0037,925.89819
471.07999,15.71455,"17,616.94",0.00769,0.0038,925.94049
471.17999,15.71784,"17,616.81",0.00769,0.00359,925.93347
471.28,15.7212,"17,616.21",0.00775,0.00349,925.90186
471.38,15.72464,"17,616.87",0.00774,0.00353,925.93677
471.48001,15.72786,"17,617.93",0.00774,0.00363,925.99231
471.57999,15.73114,"17,617.18",0.00773,0.00348,925.95300
471.67999,15.73451,"17,616.98",0.00778,0.00311,925.94244
471.78,15.73779,"17,617.51",0.00773,0.00334,925.97034
471.88,15.74116,"17,617.39",0.00779,0.00341,925.96405
471.98001,15.7446,"17,619.68",0.00773,0.0035,926.08429
472.07999,15.74788,"17,619.45",0.00773,0.00289,926.07196
472.17999,15.75117,"17,617.65",0.0077,0.00313,925.97742
472.28,15.75454,"17,618.45",0.00776,0.00333,926.01953
472.38,15.75782,"17,619.45",0.0077,0.00356,926.07227
472.48001,15.76111,"17,617.93",0.00773,0.00365,925.99243
472.57999,15.76455,"17,618.31",0.00769,0.0037,926.01215
472.67999,15.76799,"17,618.11",0.0077,0.00372,926.00183
472.78,15.7712,"17,618.28",0.00774,0.00344,926.01068
472.88,15.77457,"17,617.28",0.00774,0.00356,925.95831
472.98001,15.77793,"17,617.88",0.00773,0.00352,925.98993
473.07999,15.78107,"17,618.15",0.00775,0.00359,926.00391
473.17999,15.78451,"17,616.13",0.00776,0.00338,925.89789
473.28,15.78794,"17,618.33",0.0078,0.00311,926.01337
473.38,15.79123,"17,618.70",0.00778,0.00317,926.03278
473.48001,15.79452,"17,616.52",0.0077,0.00346,925.91827
473.57999,15.79788,"17,616.54",0.00776,0.00352,925.91956
473.67999,15.80132,"17,616.72",0.00776,0.00303,925.92877
473.78,15.80446,"17,615.74",0.00774,0.00328,925.87726
473.88,15.80782,"17,615.70",0.00776,0.00335,925.87488
473.98001,15.81126,"17,616.13",0.00775,0.00356,925.89746
474.07999,15.8144,"17,614.59",0.00774,0.00363,925.81677
474.17999,15.81791,"17,614.88",0.00779,0.00376,925.83209
474.28,15.82135,"17,614.17",0.00772,0.0036,925.79480
474.38,15.82442,"17,612.79",0.00773,0.00343,925.72241
474.48001,15.82785,"17,611.87",0.00773,0.00349,925.67389
474.57999,15.83122,"17,612.38",0.00779,0.0036,925.70068
474.67999,15.83451,"17,611.88",0.00777,0.00357,925.67450
474.78,15.83787,"17,611.24",0.00778,0.00314,925.64050
474.88,15.84123,"17,611.59",0.00779,0.00309,925.65887
474.98001,15.84467,"17,612.76",0.0078,0.00341,925.72076
475.07999,15.84781,"17,610.43",0.00776,0.00349,925.59790
475.17999,15.85117,"17,610.59",0.00767,0.0033,925.60645
475.28,15.85461,"17,611.70",0.00773,0.00305,925.66492
475.38,15.85775,"17,609.94",0.00767,0.00326,925.57214
475.48001,15.86126,"17,610.66",0.00775,0.00352,925.61011
475.57999,15.8647,"17,611.27",0.00774,0.00368,925.64246
475.67999,15.86776,"17,609.56",0.00777,0.0038,925.55255
475.78,15.87127,"17,609.70",0.00773,0.00376,925.55951
475.88,15.87464,"17,610.81",0.00776,0.00365,925.61835
475.98001,15.87785,"17,610.56",0.00774,0.00345,925.60480
476.07999,15.88114,"17,609.36",0.00772,0.00352,925.54163
476.17999,15.88458,"17,611.14",0.00771,0.00357,925.63550
476.28,15.88794,"17,612.25",0.00773,0.00354,925.69366
476.38,15.89116,"17,610.14",0.00771,0.00308,925.58282
476.48001,15.89452,"17,610.72",0.00769,0.0031,925.61328
476.57999,15.89796,"17,612.12",0.00771,0.00345,925.68689
476.67999,15.90095,"17,609.00",0.00772,0.00354,925.52289
476.78,15.90461,"17,612.78",0.00757,0.00314,925.72168
476.88,15.90797,"17,614.17",0.00772,0.00315,925.79492
476.98001,15.91111,"17,611.77",0.00772,0.00337,925.66833
477.07999,15.91462,"17,613.08",0.00775,0.0036,925.73755
477.17999,15.91791,"17,613.44",0.00776,0.00364,925.75641
477.28,15.92113,"17,612.74",0.00771,0.00385,925.71942
477.38,15.92449,"17,612.79",0.00774,0.00384,925.72211
477.48001,15.92785,"17,614.10",0.00767,0.00345,925.79120
477.57999,15.93122,"17,615.55",0.00773,0.00347,925.86725
477.67999,15.9345,"17,613.92",0.00776,0.0035,925.78137
477.78,15.93794,"17,616.34",0.00779,0.00363,925.90875
477.88,15.9413,"17,617.44",0.00774,0.00341,925.96655
477.98001,15.94444,"17,614.71",0.00775,0.00314,925.82324
478.07999,15.94788,"17,615.29",0.00777,0.00314,925.85352
478.17999,15.95124,"17,616.47",0.0077,0.00342,925.91583
478.28,15.95438,"17,615.43",0.00763,0.00345,925.86078
478.38,15.95797,"17,617.39",0.00773,0.00311,925.96405
478.48001,15.96126,"17,616.33",0.00773,0.00322,925.90845
478.57999,15.96447,"17,615.84",0.00764,0.00338,925.88257
478.67999,15.96791,"17,617.13",0.00774,0.00352,925.95032
478.78,15.9712,"17,618.31",0.00776,0.00371,926.01245
478.88,15.97449,"17,617.24",0.00773,0.00387,925.95599
478.98001,15.97778,"17,615.74",0.00773,0.00399,925.87744
479.07999,15.98129,"17,618.28",0.00773,0.00349,926.01080
479.17999,15.98458,"17,619.53",0.00776,0.00353,926.07660
479.28,15.98779,"17,617.44",0.00773,0.00359,925.96655
479.38,15.99123,"17,618.41",0.00774,0.00359,926.01746
479.48001,15.99459,"17,618.93",0.00776,0.0032,926.04486
479.57999,15.9978,"17,617.85",0.00777,0.00305,925.98828
479.67999,16.00124,"17,619.33",0.00777,0.00333,926.06573
479.78,16.0046,"17,618.99",0.00779,0.00352,926.04803
479.88,16.00782,"17,617.16",0.00771,0.00335,925.95197
479.98001,16.01126,"17,619.05",0.00772,0.00312,926.05121
480.07999,16.01462,"17,618.99",0.00773,0.0032,926.04816
480.17999,16.01783,"17,618.70",0.00774,0.00337,926.03296
480.28,16.02112,"17,616.88",0.00773,0.00365,925.93732
480.38,16.02456,"17,619.06",0.00779,0.00381,926.05164
480.48001,16.02785,"17,621.00",0.00776,0.00394,926.15356
480.57999,16.03114,"17,619.60",0.00776,0.0038,926.08020
480.67999,16.03457,"17,621.40",0.00777,0.00363,926.17462
480.78,16.03794,"17,621.11",0.00778,0.00353,926.15942
480.88,16.04115,"17,621.38",0.00774,0.00356,926.17352
480.98001,16.04444,"17,623.66",0.0078,0.00372,926.29352
481.07999,16.04788,"17,624.20",0.00775,0.00328,926.32166
481.17999,16.05109,"17,623.99",0.00772,0.00307,926.31085
481.28,16.05453,"17,625.20",0.00772,0.00336,926.37439
481.38,16.05797,"17,627.54",0.0077,0.00344,926.49725
481.48001,16.06118,"17,627.99",0.00771,0.00349,926.52087
481.57999,16.06447,"17,626.67",0.00765,0.00314,926.45160
481.67999,16.06791,"17,628.75",0.00771,0.00325,926.56079
481.78,16.07112,"17,629.06",0.0077,0.0035,926.57745
481.88,16.07448,"17,629.16",0.00777,0.00364,926.58240
481.98001,16.07792,"17,630.09",0.00779,0.00376,926.63165
482.07999,16.08121,"17,630.25",0.00776,0.00378,926.63983
482.17999,16.08457,"17,630.44",0.00778,0.00386,926.64972
482.28,16.08794,"17,631.48",0.00773,0.0035,926.70435
482.38,16.0913,"17,632.53",0.00777,0.00359,926.75946
482.48001,16.09451,"17,630.74",0.00775,0.00359,926.66583
482.57999,16.0978,"17,629.93",0.00777,0.00362,926.62323
482.67999,16.10132,"17,631.14",0.00777,0.0032,926.68658
482.78,16.10445,"17,631.20",0.00776,0.0031,926.68976
482.88,16.10789,"17,630.74",0.0077,0.00342,926.66571
482.98001,16.11126,"17,630.98",0.00757,0.00366,926.67834
483.07999,16.11447,"17,630.73",0.00764,0.00349,926.66492
483.17999,16.11783,"17,630.52",0.00776,0.00315,926.65405
483.28,16.12127,"17,631.70",0.00769,0.00337,926.71600
483.38,16.12456,"17,632.05",0.00771,0.00357,926.73462
483.48001,16.12785,"17,629.88",0.00773,0.00367,926.62036
483.57999,16.13121,"17,631.17",0.00775,0.00382,926.68811
483.67999,16.13465,"17,632.11",0.00777,0.00386,926.73749
483.78,16.13779,"17,631.26",0.00777,0.00366,926.69305
483.88,16.14115,"17,630.47",0.00779,0.00357,926.65149
483.98001,16.14466,"17,632.58",0.00776,0.00365,926.76233
484.07999,16.1478,"17,632.20",0.00781,0.00366,926.74219
484.17999,16.15124,"17,632.23",0.0078,0.00365,926.74396
484.28,16.15468,"17,634.04",0.00778,0.00324,926.83923
484.38,16.15774,"17,631.63",0.00781,0.00356,926.71222
484.48001,16.16118,"17,632.26",0.00765,0.00354,926.74530
484.57999,16.16462,"17,633.86",0.0076,0.00364,926.82935
484.67999,16.16783,"17,633.66",0.00766,0.00324,926.81891
484.78,16.17112,"17,632.35",0.00772,0.00326,926.75043
484.88,16.17456,"17,633.43",0.00773,0.00343,926.80719
484.98001,16.17792,"17,636.20",0.00772,0.00357,926.95258
485.07999,16.18113,"17,635.88",0.00766,0.00384,926.93549
485.17999,16.1845,"17,635.46",0.00774,0.00391,926.91394
485.28,16.18794,"17,637.67",0.00776,0.00386,927.02966
485.38,16.191,"17,635.35",0.00769,0.00406,926.90808
485.48001,16.19459,"17,638.03",0.00775,0.00356,927.04852
485.57999,16.19795,"17,639.38",0.00773,0.00365,927.11975
485.67999,16.20109,"17,636.58",0.0077,0.00364,926.97260
485.78,16.2046,"17,638.26",0.00777,0.00368,927.06104
485.88,16.20797,"17,639.48",0.00779,0.00316,927.12494
485.98001,16.21118,"17,638.62",0.0078,0.00302,927.07996
486.07999,16.21454,"17,637.96",0.00766,0.00376,927.04535
486.17999,16.21791,"17,638.48",0.00759,0.00357,927.07257
486.28,16.22127,"17,640.76",0.00766,0.00302,927.19238
486.38,16.22448,"17,638.88",0.00777,0.00331,927.09320
486.48001,16.22792,"17,639.29",0.00774,0.00342,927.11517
486.57999,16.23128,"17,640.61",0.00774,0.00368,927.18433
486.67999,16.23435,"17,638.76",0.00776,0.00383,927.08734
486.78,16.23786,"17,640.67",0.00779,0.00392,927.18774
486.88,16.2413,"17,641.90",0.00783,0.00398,927.25208
486.98001,16.24444,"17,638.51",0.00777,0.00409,927.07379
487.07999,16.24795,"17,639.75",0.00774,0.00377,927.13928
487.17999,16.25131,"17,640.48",0.00777,0.00361,927.17780
487.28,16.25445,"17,640.35",0.00777,0.00367,927.17047
487.38,16.25781,"17,639.07",0.00781,0.00355,927.10333
487.48001,16.2611,"17,638.03",0.00778,0.00326,927.04852
487.57999,16.26447,"17,639.30",0.00773,0.00306,927.11554
487.67999,16.26775,"17,638.90",0.00767,0.00368,927.09473
487.78,16.27127,"17,639.90",0.00762,0.00374,927.14728
487.88,16.27463,"17,640.28",0.00772,0.00335,927.16681
487.98001,16.27777,"17,635.50",0.00773,0.00335,926.91571
488.07999,16.28121,"17,637.79",0.00772,0.00346,927.03632
488.17999,16.28457,"17,638.89",0.00771,0.0037,927.09393
488.28,16.28778,"17,636.28",0.00777,0.00394,926.95685
488.38,16.29122,"17,637.15",0.00776,0.00404,927.00256
488.48001,16.29459,"17,636.75",0.00775,0.00402,926.98151
488.57999,16.2978,"17,636.76",0.00773,0.0039,926.98181
488.67999,16.30124,"17,636.22",0.00774,0.00368,926.95355
488.78,16.3046,"17,635.43",0.00778,0.00362,926.91211
488.88,16.30789,"17,635.60",0.00777,0.00388,926.92102
488.98001,16.3111,"17,634.14",0.00779,0.00334,926.84436
489.07999,16.31454,"17,636.03",0.00778,0.00333,926.94385
489.17999,16.3179,"17,636.30",0.00776,0.00322,926.95789
489.28,16.32112,"17,633.48",0.00778,0.00363,926.80957
489.38,16.32456,"17,636.28",0.00768,0.00335,926.95679
489.48001,16.32792,"17,636.25",0.00771,0.00319,926.95502
489.57999,16.33106,"17,633.91",0.00766,0.00336,926.83246
489.67999,16.33449,"17,635.20",0.00778,0.00355,926.90009
489.78,16.33786,"17,635.14",0.0078,0.00384,926.89703
489.88,16.34115,"17,636.14",0.0078,0.00394,926.94958
489.98001,16.34451,"17,635.81",0.0078,0.00401,926.93213
490.07999,16.34795,"17,636.41",0.00773,0.00395,926.96375
490.17999,16.35116,"17,636.02",0.00774,0.00356,926.94312
490.28,16.35445,"17,635.02",0.00781,0.00363,926.89056
490.38,16.35789,"17,637.04",0.00776,0.00373,926.99689
490.48001,16.36118,"17,637.31",0.00779,0.00369,927.01074
490.57999,16.36446,"17,634.38",0.00776,0.00336,926.85699
490.67999,16.36798,"17,635.83",0.00773,0.00348,926.93304
490.78,16.37127,"17,636.58",0.0078,0.00351,926.97266
490.88,16.37448,"17,635.10",0.00778,0.00368,926.89496
490.98001,16.37784,"17,635.79",0.00773,0.00312,926.93127
491.07999,16.38121,"17,636.60",0.00769,0.00325,926.97339
491.17999,16.38449,"17,636.51",0.00765,0.0034,926.96906
491.28,16.38786,"17,637.90",0.00768,0.00353,927.04205
491.38,16.39137,"17,638.92",0.00777,0.00388,927.09546
491.48001,16.39451,"17,639.35",0.00777,0.00396,927.11792
491.57999,16.3978,"17,638.73",0.00779,0.00397,927.08557
491.67999,16.40124,"17,639.48",0.00773,0.00406,927.12524
491.78,16.40445,"17,640.33",0.00777,0.00366,927.16968
491.88,16.40774,"17,638.86",0.00775,0.00377,927.09247
491.98001,16.41125,"17,641.77",0.00778,0.00377,927.24512
492.07999,16.41461,"17,643.44",0.00778,0.00361,927.33319
492.17999,16.41783,"17,642.56",0.00774,0.00336,927.28699
492.28,16.42119,"17,644.13",0.0078,0.00369,927.36951
492.38,16.42463,"17,644.80",0.00769,0.00368,927.40466
492.48001,16.42777,"17,644.24",0.0076,0.00368,927.37506
492.57999,16.43113,"17,645.41",0.00761,0.00329,927.43677
492.67999,16.43464,"17,646.86",0.00766,0.00327,927.51263
492.78,16.43778,"17,647.09",0.00766,0.0034,927.52509
492.88,16.44122,"17,647.03",0.00778,0.00367,927.52167
492.98001,16.44466,"17,649.47",0.0078,0.00389,927.65021
493.07999,16.4478,"17,649.08",0.00781,0.00404,927.62976
493.17999,16.45116,"17,648.53",0.00777,0.00405,927.60059
493.28,16.4546,"17,650.84",0.00773,0.00411,927.72217
493.38,16.45789,"17,651.61",0.00776,0.00365,927.76251
493.48001,16.46117,"17,651.05",0.00772,0.00377,927.73291
493.57999,16.46454,"17,653.16",0.00776,0.00381,927.84393
493.67999,16.46798,"17,653.73",0.00779,0.00384,927.87378
493.78,16.47111,"17,652.51",0.00779,0.00337,927.80963
493.88,16.47448,"17,653.98",0.00776,0.0037,927.88733
493.98001,16.47799,"17,654.96",0.00773,0.00374,927.93884
494.07999,16.48105,"17,654.07",0.00765,0.00345,927.89172
494.17999,16.48457,"17,655.42",0.00763,0.00306,927.96277
494.28,16.488,"17,657.24",0.00763,0.00327,928.05823
494.38,16.49114,"17,656.76",0.00778,0.0034,928.03339
494.48001,16.49458,"17,657.22",0.00776,0.00368,928.05725
494.57999,16.49787,"17,658.31",0.00769,0.0038,928.11493
494.67999,16.50116,"17,658.07",0.00769,0.00389,928.10211
494.78,16.50452,"17,658.55",0.00779,0.004,928.12726
494.88,16.50788,"17,659.39",0.0078,0.00413,928.17126
494.98001,16.51132,"17,661.02",0.00776,0.00369,928.25702
495.07999,16.51446,"17,658.67",0.00776,0.00376,928.13348
495.17999,16.5179,"17,660.25",0.00781,0.00379,928.21686
495.28,16.52134,"17,661.97",0.00781,0.00349,928.30731
495.38,16.5244,"17,659.73",0.00776,0.00328,928.18958
495.48001,16.52791,"17,660.56",0.00773,0.00349,928.23297
495.57999,16.53128,"17,660.68",0.00764,0.00368,928.23926
495.67999,16.53442,"17,660.21",0.00763,0.00374,928.21429
495.78,16.53793,"17,661.42",0.0077,0.00319,928.27826
495.88,16.54129,"17,661.67",0.0076,0.00335,928.29138
495.98001,16.54451,"17,661.64",0.00766,0.00354,928.28986
496.07999,16.54779,"17,661.08",0.00766,0.00369,928.26038
496.17999,16.55116,"17,662.07",0.00771,0.00396,928.31256
496.28,16.55459,"17,663.57",0.00776,0.00394,928.39093
496.38,16.55781,"17,661.98",0.0078,0.00406,928.30780
496.48001,16.56124,"17,662.72",0.00771,0.004,928.34674
496.57999,16.56461,"17,664.94",0.0078,0.00373,928.46295
496.67999,16.56767,"17,662.79",0.00779,0.0038,928.34991
496.78,16.57119,"17,662.91",0.00776,0.00376,928.35657
496.88,16.57463,"17,662.52",0.00777,0.00347,928.33606
496.98001,16.57776,"17,663.04",0.00779,0.00345,928.36353
497.07999,16.58128,"17,664.69",0.00781,0.00363,928.44989
497.17999,16.58456,"17,663.89",0.00764,0.00369,928.40790
497.28,16.58785,"17,663.53",0.00764,0.00359,928.38892
497.38,16.59122,"17,662.74",0.00767,0.00317,928.34772
497.48001,16.59451,"17,662.63",0.00771,0.00335,928.34198
497.57999,16.59779,"17,663.44",0.00765,0.00347,928.38428
497.67999,16.60108,"17,662.27",0.00763,0.00383,928.32281
497.78,16.60452,"17,663.19",0.00769,0.00384,928.37134
497.88,16.60796,"17,664.85",0.00776,0.00398,928.45862
497.98001,16.6111,"17,663.28",0.00777,0.004,928.37579
498.07999,16.61453,"17,664.09",0.00772,0.00408,928.41870
498.17999,16.6179,"17,663.09",0.00774,0.00376,928.36609
498.28,16.62104,"17,661.66",0.00773,0.00376,928.29065
498.38,16.62455,"17,663.99",0.00778,0.00377,928.41345
498.48001,16.62791,"17,664.72",0.00775,0.00335,928.45142
498.57999,16.6312,"17,665.41",0.0077,0.00315,928.48798
498.67999,16.63456,"17,664.36",0.0077,0.00364,928.43256
498.78,16.63793,"17,664.75",0.00759,0.00368,928.45306
498.88,16.64114,"17,666.29",0.00762,0.0031,928.53424
498.98001,16.64443,"17,664.03",0.00759,0.00327,928.41528
499.07999,16.64787,"17,665.29",0.00765,0.0034,928.48151
499.17999,16.65123,"17,666.61",0.00776,0.00362,928.55090
499.28,16.65444,"17,664.53",0.0078,0.00386,928.44147
499.38,16.65796,"17,666.04",0.00777,0.00385,928.52124
499.48001,16.66132,"17,665.94",0.00772,0.00396,928.51556
499.57999,16.66446,"17,662.70",0.00774,0.00403,928.34540
499.67999,16.6679,"17,663.51",0.00773,0.00364,928.38788
499.78,16.67118,"17,663.96",0.00774,0.0037,928.41168
499.88,16.67447,"17,663.98",0.00776,0.00375,928.41272
499.98001,16.67784,"17,662.48",0.00779,0.00383,928.33368
500.07999,16.68127,"17,662.36",0.00772,0.00335,928.32733
500.17999,16.68456,"17,664.33",0.00776,0.00336,928.43091
500.28,16.68778,"17,661.44",0.00767,0.00365,928.27917
500.38,16.69121,"17,662.18",0.0076,0.00366,928.31805
500.48001,16.6945,"17,661.51",0.00764,0.00321,928.28278
500.57999,16.69779,"17,659.97",0.0076,0.0033,928.20215
500.67999,16.70123,"17,661.74",0.00766,0.00333,928.29498
500.78,16.70467,"17,662.45",0.00765,0.00361,928.33246
500.88,16.70781,"17,659.52",0.00777,0.00382,928.17847
500.98001,16.71124,"17,659.24",0.00774,0.00393,928.16357
501.07999,16.71461,"17,660.29",0.00776,0.00403,928.21863
501.17999,16.71782,"17,659.88",0.00778,0.00402,928.19702
501.28,16.72118,"17,657.92",0.00777,0.00362,928.09399
501.38,16.72455,"17,658.57",0.00774,0.00372,928.12860
501.48001,16.72783,"17,658.49",0.00777,0.00381,928.12427
501.57999,16.7312,"17,657.57",0.00776,0.00382,928.07581
501.67999,16.73464,"17,659.37",0.00772,0.00325,928.17017
501.78,16.73785,"17,657.21",0.00773,0.00343,928.05670
501.88,16.74114,"17,655.07",0.00764,0.00372,927.94434
501.98001,16.74458,"17,657.34",0.00761,0.00374,928.06378
502.07999,16.74794,"17,657.54",0.00762,0.00331,928.07404
502.17999,16.75115,"17,654.57",0.00762,0.00334,927.91803
502.28,16.75459,"17,654.38",0.00769,0.00351,927.90808
502.38,16.75795,"17,655.46",0.00784,0.00373,927.96503
502.48001,16.76109,"17,654.83",0.0078,0.00386,927.93201
502.57999,16.76446,"17,653.49",0.00783,0.00395,927.86145
502.67999,16.76789,"17,654.22",0.00781,0.00403,927.89984
502.78,16.77103,"17,653.33",0.00779,0.00398,927.85284
502.88,16.77462,"17,654.66",0.00786,0.00373,927.92273
502.98001,16.77798,"17,656.19",0.0078,0.00375,928.00311
503.07999,16.78112,"17,654.90",0.00777,0.00382,927.93567
503.17999,16.78448,"17,652.77",0.00775,0.00357,927.82336
503.28,16.78785,"17,653.56",0.00774,0.00334,927.86493
503.38,16.79121,"17,654.71",0.00769,0.00352,927.92560
503.48001,16.7945,"17,653.75",0.00765,0.00364,927.87512
503.57999,16.79794,"17,653.42",0.00761,0.00354,927.85754
503.67999,16.80138,"17,654.46",0.00764,0.0032,927.91205
503.78,16.80451,"17,654.17",0.00766,0.00331,927.89728
503.88,16.80788,"17,654.20",0.00765,0.00349,927.89862
503.98001,16.81132,"17,654.58",0.00777,0.00385,927.91876
504.07999,16.81438,"17,652.52",0.00775,0.00391,927.81055
504.17999,16.81789,"17,652.98",0.00782,0.00398,927.83459
504.28,16.82133,"17,654.58",0.00779,0.00402,927.91864
504.38,16.82447,"17,652.98",0.00776,0.004,927.83459
504.48001,16.82791,"17,652.04",0.00779,0.00378,927.78497
504.57999,16.8312,"17,653.02",0.00783,0.00369,927.83649
504.67999,16.83448,"17,651.90",0.0078,0.00387,927.77789
504.78,16.83777,"17,652.82",0.00775,0.0034,927.82623
504.88,16.84121,"17,652.48",0.0077,0.0033,927.80817
504.98001,16.84457,"17,652.23",0.00769,0.00363,927.79517
505.07999,16.84779,"17,651.49",0.00763,0.00372,927.75647
505.17999,16.85123,"17,651.76",0.00763,0.00332,927.77020
505.28,16.85466,"17,653.13",0.00762,0.00319,927.84216
505.38,16.85765,"17,650.99",0.00773,0.00335,927.72974
505.48001,16.86124,"17,651.82",0.00772,0.0036,927.77356
505.57999,16.86468,"17,653.51",0.00781,0.00386,927.86230
505.67999,16.86782,"17,652.15",0.00774,0.00388,927.79095
505.78,16.87133,"17,652.12",0.0078,0.004,927.78943
505.88,16.87454,"17,651.29",0.00779,0.00407,927.74567
505.98001,16.87783,"17,651.71",0.00774,0.00376,927.76752
506.07999,16.88112,"17,651.46",0.00776,0.00376,927.75488
506.17999,16.88448,"17,651.30",0.00779,0.00379,927.74628
506.28,16.88785,"17,652.13",0.00779,0.0039,927.79010
506.38,16.89106,"17,651.54",0.00778,0.00335,927.75861
506.48001,16.89457,"17,654.03",0.0078,0.00346,927.88977
506.57999,16.89801,"17,655.68",0.00769,0.00362,927.97656
506.67999,16.90108,"17,652.81",0.00762,0.00374,927.82544
506.78,16.90451,"17,654.54",0.0077,0.00316,927.91656
506.88,16.90788,"17,656.36",0.00765,0.00328,928.01227
506.98001,16.91109,"17,655.35",0.00767,0.00342,927.95911
507.07999,16.9146,"17,657.33",0.00764,0.00359,928.06342
507.17999,16.91789,"17,657.12",0.00782,0.0038,928.05188
507.28,16.92125,"17,658.39",0.00779,0.00394,928.11902
507.38,16.92454,"17,658.54",0.00777,0.004,928.12665
507.48001,16.92783,"17,658.64",0.00771,0.00406,928.13214
507.57999,16.93127,"17,659.53",0.00775,0.00367,928.17859
507.67999,16.93441,"17,657.84",0.00778,0.00363,928.08984
507.78,16.93792,"17,660.89",0.00778,0.00377,928.25043
507.88,16.94128,"17,662.06",0.00779,0.00368,928.31201
507.98001,16.9445,"17,659.75",0.00779,0.0036,928.19055
508.07999,16.94794,"17,660.74",0.00773,0.00336,928.24249
508.17999,16.9513,"17,662.18",0.00769,0.00365,928.31787
508.28,16.95444,"17,661.44",0.00762,0.0034,928.27899
508.38,16.95788,"17,662.03",0.00765,0.0032,928.31030
508.48001,16.96124,"17,661.35",0.00764,0.00334,928.27435
508.57999,16.9646,"17,663.63",0.00765,0.00349,928.39435
508.67999,16.96789,"17,663.50",0.00768,0.00363,928.38727
508.78,16.97125,"17,662.40",0.0077,0.0037,928.32965
508.88,16.97462,"17,664.42",0.00777,0.0038,928.43561
508.98001,16.97775,"17,661.15",0.00779,0.00393,928.26410
509.07999,16.98127,"17,663.94",0.00776,0.00391,928.41034
509.17999,16.98463,"17,664.11",0.00778,0.00369,928.41962
509.28,16.98777,"17,661.65",0.00779,0.00361,928.29004
509.38,16.99121,"17,663.38",0.00781,0.0037,928.38092
509.48001,16.99465,"17,663.49",0.00781,0.00362,928.38696
509.57999,16.99778,"17,663.20",0.00777,0.00331,928.37146
509.67999,17.00115,"17,663.06",0.00767,0.00361,928.36450
509.78,17.00451,"17,663.21",0.00761,0.00361,928.37225
509.88,17.0078,"17,662.56",0.00762,0.00368,928.33801
509.98001,17.01116,"17,663.01",0.00763,0.00315,928.36157
510.07999,17.01468,"17,663.99",0.00769,0.00333,928.41345
510.17999,17.01789,"17,664.79",0.00763,0.00343,928.45532
510.28,17.02118,"17,662.47",0.00764,0.0037,928.33337
510.38,17.02454,"17,663.19",0.00775,0.00383,928.37115
510.48001,17.02783,"17,664.68",0.0077,0.00391,928.44958
510.57999,17.03112,"17,661.74",0.00777,0.00398,928.29480
510.67999,17.03456,"17,664.47",0.00775,0.00389,928.43848
510.78,17.03792,"17,664.10",0.00776,0.00371,928.41919
510.88,17.04113,"17,663.00",0.00778,0.00371,928.36121
510.98001,17.04457,"17,663.82",0.00772,0.00374,928.40411
511.07999,17.04793,"17,663.87",0.00771,0.00335,928.40686
511.17999,17.05107,"17,662.85",0.00772,0.00311,928.35352
511.28,17.05451,"17,661.82",0.00774,0.00316,928.29932
511.38,17.05795,"17,663.32",0.00762,0.00368,928.37793
511.48001,17.06116,"17,663.03",0.00764,0.00327,928.36273
511.57999,17.06453,"17,661.18",0.00759,0.00316,928.26575
511.67999,17.06796,"17,662.42",0.00766,0.00336,928.33093
511.78,17.07118,"17,662.64",0.00769,0.00354,928.34210
511.88,17.07446,"17,661.29",0.00773,0.00371,928.27148
511.98001,17.0779,"17,662.45",0.00777,0.00389,928.33215
512.08002,17.08127,"17,662.29",0.00778,0.00397,928.32391
512.17999,17.08448,"17,662.58",0.00775,0.004,928.33911
512.28003,17.08792,"17,663.08",0.00773,0.0039,928.36517
512.38,17.09136,"17,664.46",0.00779,0.00374,928.43774
512.47998,17.09449,"17,662.17",0.00775,0.00372,928.31744
512.58002,17.09778,"17,661.38",0.00774,0.00381,928.27588
512.67999,17.1013,"17,663.79",0.00776,0.00371,928.40295
512.78003,17.10443,"17,663.71",0.00774,0.00344,928.39844
512.88,17.10795,"17,663.94",0.00772,0.00347,928.41034
512.97998,17.11131,"17,664.00",0.00765,0.00334,928.41394
513.08002,17.11445,"17,663.13",0.0076,0.00318,928.36829
513.17999,17.11781,"17,662.14",0.00758,0.00322,928.31580
513.28003,17.12118,"17,663.50",0.0076,0.00328,928.38727
513.38,17.12454,"17,664.13",0.00763,0.00354,928.42072
513.47998,17.12775,"17,661.17",0.00767,0.00362,928.26520
513.58002,17.13127,"17,663.08",0.00768,0.00389,928.36542
513.67999,17.1347,"17,664.18",0.00775,0.00391,928.42322
513.78003,17.13784,"17,662.14",0.00773,0.00402,928.31610
513.88,17.1412,"17,661.85",0.00768,0.00376,928.30090
513.97998,17.14457,"17,661.67",0.00773,0.00348,928.29108
514.08002,17.14771,"17,660.52",0.00773,0.00356,928.23102
514.17999,17.15122,"17,661.40",0.00775,0.00366,928.27722
514.28003,17.15458,"17,662.14",0.00777,0.00345,928.31592
514.38,17.15787,"17,660.09",0.00774,0.00326,928.20813
514.47998,17.16124,"17,659.88",0.00768,0.00367,928.19696
514.58002,17.1646,"17,659.75",0.00759,0.00368,928.19037
514.67999,17.16789,"17,658.57",0.00757,0.00312,928.12860
514.78003,17.17118,"17,656.63",0.00765,0.00326,928.02643
514.88,17.17446,"17,657.02",0.00772,0.00341,928.04694
514.97998,17.1779,"17,658.71",0.00766,0.00355,928.13586
515.08002,17.18119,"17,657.10",0.00773,0.00384,928.05115
515.17999,17.18463,"17,658.18",0.0078,0.0039,928.10785
515.28003,17.18799,"17,657.20",0.00777,0.00396,928.05627
515.38,17.19105,"17,656.71",0.00775,0.00405,928.03046
515.47998,17.19449,"17,656.48",0.0078,0.00364,928.01831
515.58002,17.19793,"17,656.78",0.00775,0.00368,928.03442
515.67999,17.20107,"17,654.90",0.00772,0.00379,927.93536
515.78003,17.20458,"17,655.36",0.00775,0.00366,927.95972
515.88,17.20787,"17,655.46",0.00779,0.00325,927.96472
515.97998,17.21124,"17,655.70",0.00773,0.00348,927.97723
516.08002,17.21452,"17,652.86",0.00763,0.00334,927.82800
516.17999,17.21774,"17,651.45",0.00756,0.0031,927.75421
516.28003,17.22125,"17,652.32",0.00758,0.00296,927.79987
516.38,17.22439,"17,649.90",0.00756,0.00316,927.67279
516.47998,17.2279,"17,650.65",0.00765,0.00347,927.71198
516.58002,17.23126,"17,649.84",0.00765,0.00369,927.66968
516.67999,17.2344,"17,646.64",0.00767,0.00377,927.50116
516.78003,17.23792,"17,648.01",0.00777,0.00376,927.57312
516.88,17.24128,"17,647.46",0.00772,0.00393,927.54443
516.97998,17.24449,"17,645.60",0.00775,0.00371,927.44666
517.08002,17.24785,"17,644.67",0.00775,0.00371,927.39777
517.17999,17.25122,"17,644.24",0.00775,0.00359,927.37531
517.28003,17.25458,"17,643.57",0.00778,0.00358,927.34015
517.38,17.25787,"17,640.02",0.00779,0.00352,927.15314
517.47998,17.26116,"17,638.68",0.00782,0.00343,927.08295
517.58002,17.26452,"17,638.21",0.0077,0.0035,927.05811
517.67999,17.26773,"17,634.61",0.00762,0.00361,926.86908
517.78003,17.27125,"17,634.20",0.0076,0.00305,926.84735
517.88,17.27461,"17,631.38",0.00769,0.00323,926.69897
517.97998,17.27775,"17,624.41",0.00774,0.00333,926.33295
518.08002,17.28126,"17,620.38",0.00767,0.00361,926.12115
518.11603,17.28253,"17,268.44",0.00775,0.00371,907.62341
518.11798,17.28268,"16,827.04",0.00775,0.00371,884.42328
518.12,17.28276,"16,220.47",0.00775,0.00371,852.54211
518.12201,17.28291,"15,503.22",0.00775,0.00371,814.84412
518.12402,17.28306,"14,704.83",0.00775,0.00371,772.88086
518.12598,17.28328,"13,841.83",0.00775,0.00371,727.52161
518.12799,17.28335,"12,937.35",0.00775,0.00371,679.98242
518.13,17.2835,"12,015.44",0.00775,0.00371,631.52722
518.13202,17.28365,"11,092.31",0.00775,0.00371,583.00793
518.13397,17.2838,"10,179.64",0.00775,0.00371,535.03845
