Modulus (Segment 0.001 mm/mm - 0.008 mm/mm) : Modulus (Segment 0.001 mm/mm - 0.008 mm/mm),"14,646.53238",MPa
Poisson's ratio (Least squares fit) : Poisson's ratio (Least squares fit),"0.30916"
Specimen properties : Gauge length,"14.91000",mm
Specimen properties : Gauge length transverse,"5.12600",mm
Specimen properties : Thickness,"1.84000",mm
Specimen properties : Width,"15.04000",mm

Time,Extension,Load,Video axial strain,Video transverse strain,Calculated Stress
(s),(mm),(N),(mm/mm),(mm/mm),(MPa)
"0.00000","-0.00007","22.78456","0.00000","-0.00015","0.82333"
"0.10000","0.00157","25.06452","0.00002","-0.00005","0.90572"
"0.20000","0.00598","38.48523","0.00002","0.00000","1.39068"
"0.30000","0.00994","52.97797","0.00005","0.00010","1.91439"
"0.40000","0.01315","63.58323","0.00010","-0.00010","2.29761"
"0.50000","0.01667","75.59847","0.00011","0.00019","2.73179"
"0.60000","0.02010","86.94302","0.00012","0.00020","3.14173"
"0.70000","0.02324","97.26384","0.00015","0.00051","3.51468"
"0.80000","0.02676","107.88351","0.00017","0.00065","3.89843"
"0.90000","0.03012","119.64537","0.00017","0.00075","4.32345"
"1.00000","0.03333","130.68797","0.00021","0.00084","4.72248"
"1.10000","0.03670","140.85281","0.00023","0.00087","5.08979"
"1.20000","0.03998","151.20773","0.00023","0.00095","5.46397"
"1.30000","0.04335","161.27528","0.00025","0.00096","5.82777"
"1.40000","0.04664","171.90096","0.00026","0.00102","6.21173"
"1.50000","0.05000","182.51248","0.00026","0.00119","6.59518"
"1.60000","0.05344","193.15845","0.00027","0.00118","6.97988"
"1.70000","0.05658","201.87518","0.00028","0.00133","7.29487"
"1.80000","0.06001","211.68120","0.00031","0.00133","7.64921"
"1.90000","0.06338","221.25177","0.00031","0.00147","7.99505"
"2.00000","0.06652","228.01210","0.00029","0.00153","8.23934"
"2.10000","0.07003","234.81262","0.00029","0.00165","8.48508"
"2.20000","0.07339","241.93053","0.00029","0.00166","8.74229"
"2.30000","0.07668","247.61760","0.00027","0.00183","8.94779"
"2.40000","0.08004","251.65894","0.00029","0.00176","9.09383"
"2.50000","0.08333","255.77126","0.00028","0.00136","9.24243"
"2.60000","0.08669","258.38217","0.00030","0.00095","9.33677"
"2.70000","0.08991","261.01724","0.00030","0.00056","9.43199"
"2.80000","0.09335","264.74857","0.00028","0.00004","9.56683"
"2.90000","0.09678","267.84210","0.00031","-0.00002","9.67861"
"3.00000","0.09992","271.41281","0.00031","0.00003","9.80764"
"3.10000","0.10336","274.60300","0.00031","0.00019","9.92292"
"3.20000","0.10680","278.27344","0.00033","0.00063","10.05556"
"3.30000","0.10986","280.94012","0.00034","0.00076","10.15192"
"3.40000","0.11338","284.69226","0.00035","0.00076","10.28750"
"3.50000","0.11674","286.66922","0.00037","0.00098","10.35894"
"3.60000","0.11995","289.82355","0.00037","0.00115","10.47293"
"3.70000","0.12339","293.41367","0.00039","0.00116","10.60266"
"3.80000","0.12675","297.52936","0.00040","0.00137","10.75138"
"3.90000","0.13004","301.52789","0.00041","0.00137","10.89587"
"4.00000","0.13326","304.49026","0.00040","0.00155","11.00291"
"4.10000","0.13662","308.28113","0.00042","0.00154","11.13990"
"4.20000","0.13998","312.75601","0.00045","0.00164","11.30160"
"4.30000","0.14320","316.44281","0.00044","0.00173","11.43483"
"4.40000","0.14671","321.71689","0.00046","0.00157","11.62541"
"4.50000","0.15015","325.87875","0.00050","0.00117","11.77580"
"4.60000","0.15321","330.87357","0.00048","0.00078","11.95629"
"4.70000","0.15672","336.40323","0.00052","0.00049","12.15611"
"4.80000","0.16001","340.93863","0.00054","0.00001","12.32000"
"4.90000","0.16323","345.90692","0.00057","-0.00029","12.49953"
"5.00000","0.16666","351.14664","0.00057","-0.00014","12.68887"
"5.10000","0.17003","356.09506","0.00059","-0.00013","12.86768"
"5.20000","0.17331","361.05481","0.00063","0.00013","13.04690"
"5.30000","0.17660","366.52060","0.00064","0.00044","13.24441"
"5.40000","0.18004","369.91360","0.00069","0.00054","13.36702"
"5.50000","0.18333","375.64932","0.00070","0.00063","13.57428"
"5.60000","0.18654","379.56216","0.00075","0.00069","13.71568"
"5.70000","0.19006","383.79678","0.00078","0.00082","13.86870"
"5.80000","0.19342","388.42874","0.00082","0.00090","14.03608"
"5.90000","0.19656","392.68671","0.00087","0.00092","14.18994"
"6.00000","0.20007","397.63785","0.00087","0.00110","14.36885"
"6.10000","0.20343","402.86154","0.00091","0.00115","14.55761"
"6.20000","0.20650","406.63379","0.00094","0.00109","14.69392"
"6.30000","0.20994","411.30112","0.00100","0.00121","14.86258"
"6.40000","0.21330","416.14874","0.00103","0.00130","15.03775"
"6.50000","0.21659","422.19498","0.00108","0.00132","15.25624"
"6.60000","0.21995","426.97977","0.00110","0.00095","15.42914"
"6.70000","0.22339","433.14197","0.00113","0.00047","15.65181"
"6.80000","0.22668","438.91968","0.00113","0.00020","15.86059"
"6.90000","0.22989","444.86597","0.00116","0.00004","16.07546"
"7.00000","0.23333","451.10486","0.00119","-0.00045","16.30091"
"7.10000","0.23669","456.63452","0.00117","-0.00037","16.50073"
"7.20000","0.23998","463.22598","0.00125","-0.00062","16.73891"
"7.30000","0.24342","469.54294","0.00124","-0.00049","16.96718"
"7.40000","0.24678","475.68576","0.00128","-0.00015","17.18915"
"7.50000","0.24992","482.47604","0.00128","0.00005","17.43452"
"7.60000","0.25328","489.36490","0.00134","0.00011","17.68346"
"7.70000","0.25665","496.01752","0.00139","0.00010","17.92385"
"7.80000","0.25986","503.30246","0.00144","0.00020","18.18710"
"7.90000","0.26330","511.35150","0.00143","0.00048","18.47795"
"8.00000","0.26674","518.46283","0.00143","0.00037","18.73493"
"8.10000","0.27002","526.38354","0.00146","0.00054","19.02114"
"8.20000","0.27331","533.41437","0.00143","0.00062","19.27521"
"8.30000","0.27668","542.27917","0.00145","0.00071","19.59554"
"8.40000","0.27996","549.84491","0.00146","0.00074","19.86893"
"8.50000","0.28325","557.01392","0.00150","0.00085","20.12799"
"8.60000","0.28662","565.81012","0.00149","0.00090","20.44584"
"8.70000","0.29005","573.61896","0.00150","0.00093","20.72802"
"8.80000","0.29327","581.59821","0.00151","0.00091","21.01636"
"8.90000","0.29663","590.11572","0.00153","0.00100","21.32414"
"9.00000","0.30007","598.72107","0.00155","0.00104","21.63510"
"9.10000","0.30321","606.15503","0.00157","0.00061","21.90373"
"9.20000","0.30665","614.84894","0.00157","0.00059","22.21789"
"9.30000","0.31008","623.31494","0.00159","0.00007","22.52381"
"9.40000","0.31330","631.88922","0.00157","-0.00013","22.83365"
"9.50000","0.31666","639.07056","0.00161","-0.00047","23.09315"
"9.60000","0.32010","647.81793","0.00162","-0.00071","23.40924"
"9.70000","0.32339","656.06421","0.00166","-0.00066","23.70722"
"9.80000","0.32660","664.30615","0.00165","-0.00083","24.00505"
"9.90000","0.32996","672.59735","0.00168","-0.00079","24.30466"
"10.00000","0.33340","680.69739","0.00168","-0.00067","24.59736"
"10.10000","0.33661","689.23749","0.00169","-0.00022","24.90596"
"10.20000","0.33998","697.62378","0.00168","-0.00001","25.20900"
"10.30000","0.34342","706.19720","0.00172","0.00012","25.51880"
"10.40000","0.34663","714.33154","0.00175","0.00031","25.81274"
"10.50000","0.34999","722.03644","0.00175","0.00030","26.09116"
"10.60000","0.35336","730.88837","0.00177","0.00036","26.41103"
"10.70000","0.35649","739.20721","0.00176","0.00038","26.71164"
"10.80000","0.36001","748.06201","0.00181","0.00040","27.03161"
"10.90000","0.36337","756.59009","0.00180","0.00052","27.33978"
"11.00000","0.36666","765.49573","0.00183","0.00055","27.66159"
"11.10000","0.36995","772.43646","0.00182","0.00057","27.91240"
"11.20000","0.37331","781.43115","0.00185","0.00074","28.23742"
"11.30000","0.37667","789.80225","0.00186","0.00069","28.53992"
"11.40000","0.37989","799.00763","0.00187","0.00091","28.87256"
"11.50000","0.38333","808.11084","0.00190","0.00099","29.20151"
"11.60000","0.38684","816.96771","0.00194","0.00095","29.52155"
"11.70000","0.38998","826.38214","0.00192","0.00100","29.86175"
"11.80000","0.39341","834.61993","0.00193","0.00102","30.15943"
"11.90000","0.39678","843.53333","0.00198","0.00104","30.48152"
"12.00000","0.39984","850.72693","0.00198","0.00049","30.74146"
"12.10000","0.40336","859.90240","0.00199","0.00038","31.07302"
"12.20000","0.40672","869.62396","0.00201","0.00017","31.42432"
"12.30000","0.41001","879.07800","0.00204","-0.00031","31.76594"
"12.40000","0.41330","887.38214","0.00205","-0.00041","32.06602"
"12.50000","0.41666","896.44550","0.00205","-0.00050","32.39353"
"12.60000","0.42010","904.92975","0.00207","-0.00056","32.70011"
"12.70000","0.42324","913.52295","0.00209","-0.00069","33.01063"
"12.80000","0.42660","922.97870","0.00211","-0.00091","33.35232"
"12.90000","0.43011","931.67291","0.00211","-0.00081","33.66649"
"13.00000","0.43317","940.94171","0.00214","-0.00079","34.00142"
"13.10000","0.43669","949.93188","0.00213","-0.00018","34.32629"
"13.20000","0.44013","959.21613","0.00211","-0.00002","34.66178"
"13.30000","0.44319","967.18304","0.00216","0.00001","34.94967"
"13.40000","0.44670","976.03540","0.00218","0.00018","35.26955"
"13.50000","0.44999","985.01678","0.00218","0.00034","35.59410"
"13.60000","0.45328","993.25171","0.00218","0.00041","35.89167"
"13.70000","0.45672","1,002.08551","0.00220","0.00039","36.21088"
"13.80000","0.46001","1,011.46130","0.00222","0.00029","36.54968"
"13.90000","0.46344","1,020.38922","0.00223","0.00036","36.87230"
"14.00000","0.46658","1,027.79285","0.00226","0.00055","37.13983"
"14.10000","0.47002","1,036.73999","0.00225","0.00055","37.46314"
"14.20000","0.47338","1,045.35254","0.00226","0.00067","37.77436"
"14.30000","0.47652","1,053.14172","0.00227","0.00072","38.05583"
"14.40000","0.48004","1,061.63708","0.00228","0.00081","38.36281"
"14.50000","0.48347","1,071.12952","0.00230","0.00089","38.70583"
"14.60000","0.48654","1,078.78284","0.00232","0.00092","38.98238"
"14.70000","0.49012","1,087.52283","0.00234","0.00087","39.29821"
"14.80000","0.49334","1,095.11145","0.00236","0.00107","39.57243"
"14.90000","0.49655","1,104.24573","0.00237","0.00096","39.90250"
"15.00000","0.49999","1,112.90295","0.00237","0.00102","40.21533"
"15.10000","0.50335","1,120.82788","0.00240","0.00112","40.50170"
"15.20000","0.50672","1,129.85974","0.00241","0.00073","40.82807"
"15.30000","0.51000","1,137.86353","0.00244","0.00044","41.11729"
"15.40000","0.51337","1,145.78125","0.00243","0.00021","41.40340"
"15.50000","0.51666","1,154.25171","0.00246","0.00012","41.70949"
"15.60000","0.51980","1,162.26685","0.00250","-0.00024","41.99912"
"15.70000","0.52331","1,171.51807","0.00251","-0.00029","42.33342"
"15.80000","0.52675","1,179.73132","0.00250","-0.00031","42.63021"
"15.90000","0.52988","1,187.48596","0.00249","-0.00062","42.91043"
"16.00000","0.53340","1,195.88098","0.00252","-0.00051","43.21378"
"16.10000","0.53676","1,203.55664","0.00253","-0.00066","43.49115"
"16.20000","0.53997","1,211.48206","0.00256","-0.00065","43.77754"
"16.30000","0.54334","1,219.42578","0.00259","-0.00035","44.06459"
"16.40000","0.54663","1,227.41711","0.00260","-0.00001","44.35336"
"16.50000","0.54999","1,234.35730","0.00256","0.00015","44.60415"
"16.60000","0.55328","1,241.76379","0.00261","0.00020","44.87178"
"16.70000","0.55672","1,251.10095","0.00264","0.00038","45.20919"
"16.80000","0.56008","1,258.45032","0.00265","0.00052","45.47476"
"16.90000","0.56322","1,265.86633","0.00265","0.00058","45.74274"
"17.00000","0.56666","1,273.25439","0.00266","0.00065","46.00971"
"17.10000","0.57002","1,281.48804","0.00268","0.00049","46.30724"
"17.20000","0.57323","1,289.31702","0.00271","0.00058","46.59015"
"17.30000","0.57667","1,297.19116","0.00272","0.00062","46.87468"
"17.40000","0.58003","1,304.47974","0.00271","0.00065","47.13806"
"17.50000","0.58332","1,312.87122","0.00274","0.00087","47.44129"
"17.60000","0.58668","1,320.15881","0.00274","0.00082","47.70463"
"17.70000","0.59005","1,327.98157","0.00279","0.00085","47.98731"
"17.80000","0.59326","1,335.16663","0.00278","0.00098","48.24694"
"17.90000","0.59655","1,343.62183","0.00281","0.00105","48.55248"
"18.00000","0.60006","1,350.89880","0.00281","0.00112","48.81543"
"18.10000","0.60335","1,359.27637","0.00284","0.00112","49.11816"
"18.20000","0.60656","1,366.18213","0.00284","0.00119","49.36771"
"18.30000","0.61008","1,374.45874","0.00286","0.00117","49.66679"
"18.40000","0.61337","1,382.50854","0.00287","0.00129","49.95767"
"18.50000","0.61658","1,389.51318","0.00288","0.00110","50.21078"
"18.60000","0.61994","1,397.45801","0.00291","0.00047","50.49788"
"18.70000","0.62338","1,404.68274","0.00294","0.00044","50.75895"
"18.80000","0.62667","1,411.58301","0.00296","0.00024","51.00829"
"18.90000","0.63003","1,420.33215","0.00296","0.00006","51.32444"
"19.00000","0.63347","1,428.58203","0.00295","-0.00025","51.62256"
"19.10000","0.63661","1,435.60608","0.00295","-0.00013","51.87638"
"19.20000","0.63990","1,443.34424","0.00299","-0.00029","52.15600"
"19.30000","0.64334","1,450.76379","0.00300","-0.00064","52.42411"
"19.40000","0.64662","1,458.83105","0.00301","-0.00053","52.71562"
"19.50000","0.64999","1,465.74146","0.00305","-0.00057","52.96533"
"19.60000","0.65342","1,473.05798","0.00305","-0.00046","53.22972"
"19.70000","0.65679","1,481.00488","0.00308","0.00000","53.51688"
"19.80000","0.65993","1,487.87000","0.00306","0.00026","53.76496"
"19.90000","0.66329","1,495.47180","0.00311","0.00044","54.03965"
"20.00000","0.66673","1,503.40186","0.00311","0.00057","54.32621"
"20.10000","0.66987","1,509.91199","0.00315","0.00060","54.56146"
"20.20000","0.67330","1,517.47827","0.00315","0.00071","54.83487"
"20.30000","0.67682","1,525.62537","0.00317","0.00047","55.12927"
"20.40000","0.67996","1,532.59985","0.00317","0.00058","55.38130"
"20.50000","0.68332","1,539.53394","0.00319","0.00072","55.63186"
"20.60000","0.68676","1,546.68567","0.00322","0.00072","55.89030"
"20.70000","0.68990","1,553.66443","0.00321","0.00078","56.14248"
"20.80000","0.69333","1,561.78638","0.00321","0.00088","56.43597"
"20.90000","0.69677","1,568.84473","0.00325","0.00098","56.69102"
"21.00000","0.70006","1,577.22668","0.00325","0.00103","56.99391"
"21.10000","0.70335","1,583.87463","0.00326","0.00110","57.23414"
"21.20000","0.70664","1,591.36499","0.00328","0.00125","57.50481"
"21.30000","0.71008","1,598.91003","0.00332","0.00127","57.77745"
"21.40000","0.71314","1,605.22607","0.00334","0.00129","58.00568"
"21.50000","0.71665","1,612.66406","0.00334","0.00140","58.27446"
"21.60000","0.72009","1,620.63110","0.00335","0.00140","58.56235"
"21.70000","0.72323","1,627.72913","0.00335","0.00136","58.81884"
"21.80000","0.72667","1,634.72766","0.00339","0.00120","59.07174"
"21.90000","0.73010","1,642.52197","0.00341","0.00102","59.35339"
"22.00000","0.73324","1,649.60608","0.00340","0.00071","59.60938"
"22.10000","0.73668","1,656.97168","0.00344","0.00039","59.87554"
"22.20000","0.73997","1,664.34387","0.00346","0.00005","60.14194"
"22.30000","0.74333","1,670.24585","0.00347","0.00005","60.35521"
"22.40000","0.74670","1,677.65930","0.00349","-0.00002","60.62310"
"22.50000","0.74998","1,686.14612","0.00350","-0.00013","60.92977"
"22.60000","0.75342","1,693.08972","0.00354","-0.00030","61.18068"
"22.70000","0.75656","1,699.21777","0.00353","-0.00049","61.40212"
"22.80000","0.75992","1,706.32654","0.00356","-0.00037","61.65900"
"22.90000","0.76344","1,714.53564","0.00358","-0.00035","61.95564"
"23.00000","0.76658","1,720.67822","0.00359","-0.00003","62.17761"
"23.10000","0.77009","1,728.18933","0.00358","0.00042","62.44902"
"23.20000","0.77345","1,735.22314","0.00361","0.00053","62.70319"
"23.30000","0.77659","1,741.60010","0.00361","0.00068","62.93363"
"23.40000","0.78003","1,747.93066","0.00366","0.00075","63.16239"
"23.50000","0.78332","1,756.43042","0.00367","0.00071","63.46953"
"23.60000","0.78661","1,763.44678","0.00367","0.00069","63.72307"
"23.70000","0.78997","1,770.13818","0.00373","0.00073","63.96487"
"23.80000","0.79333","1,777.56775","0.00371","0.00088","64.23334"
"23.90000","0.79677","1,784.82166","0.00372","0.00089","64.49546"
"24.00000","0.79991","1,791.79224","0.00375","0.00095","64.74735"
"24.10000","0.80327","1,797.88245","0.00375","0.00108","64.96742"
"24.20000","0.80671","1,804.92737","0.00376","0.00112","65.22199"
"24.30000","0.80977","1,812.88440","0.00376","0.00120","65.50953"
"24.40000","0.81336","1,820.09155","0.00378","0.00128","65.76996"
"24.50000","0.81680","1,826.22131","0.00379","0.00140","65.99146"
"24.60000","0.81994","1,833.56531","0.00384","0.00129","66.25684"
"24.70000","0.82345","1,840.98560","0.00384","0.00142","66.52498"
"24.80000","0.82674","1,847.54602","0.00390","0.00146","66.76204"
"24.90000","0.82995","1,854.49573","0.00386","0.00152","67.01318"
"25.00000","0.83332","1,860.91565","0.00385","0.00158","67.24516"
"25.10000","0.83660","1,868.09668","0.00389","0.00131","67.50465"
"25.20000","0.84004","1,876.71143","0.00392","0.00120","67.81595"
"25.30000","0.84326","1,882.19861","0.00396","0.00065","68.01423"
"25.40000","0.84669","1,888.93823","0.00395","0.00053","68.25777"
"25.50000","0.85006","1,895.71106","0.00398","0.00047","68.50251"
"25.60000","0.85320","1,902.73853","0.00397","0.00015","68.75645"
"25.70000","0.85663","1,909.94055","0.00400","0.00001","69.01670"
"25.80000","0.86007","1,916.10815","0.00404","0.00006","69.23957"
"25.90000","0.86321","1,922.81750","0.00404","0.00000","69.48202"
"26.00000","0.86672","1,930.44080","0.00406","-0.00034","69.75748"
"26.10000","0.87001","1,937.39893","0.00406","-0.00013","70.00893"
"26.20000","0.87338","1,943.98840","0.00411","-0.00015","70.24704"
"26.30000","0.87666","1,950.61340","0.00413","-0.00017","70.48643"
"26.40000","0.87995","1,956.69812","0.00414","0.00009","70.70631"
"26.50000","0.88332","1,964.51245","0.00411","0.00063","70.98869"
"26.60000","0.88660","1,971.59167","0.00415","0.00078","71.24450"
"26.70000","0.89004","1,977.79651","0.00417","0.00067","71.46871"
"26.80000","0.89340","1,985.45923","0.00419","0.00068","71.74561"
"26.90000","0.89654","1,991.65320","0.00421","0.00081","71.96943"
"27.00000","0.90006","1,999.16882","0.00422","0.00079","72.24101"
"27.10000","0.90342","2,006.41187","0.00421","0.00098","72.50274"
"27.20000","0.90656","2,011.26318","0.00425","0.00103","72.67805"
"27.30000","0.91007","2,018.85852","0.00424","0.00120","72.95251"
"27.40000","0.91343","2,025.76074","0.00428","0.00125","73.20192"
"27.50000","0.91665","2,032.74744","0.00431","0.00120","73.45439"
"27.60000","0.92001","2,039.93225","0.00430","0.00131","73.71402"
"27.70000","0.92337","2,046.06299","0.00433","0.00136","73.93555"
"27.80000","0.92666","2,053.53442","0.00433","0.00143","74.20554"
"27.90000","0.92988","2,059.22900","0.00434","0.00149","74.41132"
"28.00000","0.93339","2,067.00610","0.00437","0.00149","74.69234"
"28.10000","0.93668","2,073.79907","0.00438","0.00164","74.93781"
"28.20000","0.93989","2,079.30908","0.00438","0.00159","75.13692"
"28.30000","0.94340","2,086.46606","0.00444","0.00164","75.39554"
"28.40000","0.94669","2,093.46265","0.00443","0.00153","75.64837"
"28.50000","0.94983","2,099.13794","0.00444","0.00137","75.85345"
"28.60000","0.95327","2,106.22339","0.00445","0.00092","76.10948"
"28.70000","0.95671","2,113.16895","0.00451","0.00072","76.36047"
"28.80000","0.95992","2,119.94141","0.00448","0.00064","76.60519"
"28.90000","0.96336","2,126.62915","0.00452","0.00028","76.84686"
"29.00000","0.96672","2,133.17700","0.00452","0.00031","77.08347"
"29.10000","0.96994","2,139.55835","0.00453","0.00029","77.31406"
"29.20000","0.97330","2,146.22217","0.00456","0.00019","77.55486"
"29.30000","0.97674","2,153.00830","0.00458","0.00007","77.80008"
"29.40000","0.97995","2,159.60376","0.00456","-0.00010","78.03841"
"29.50000","0.98331","2,164.79565","0.00461","-0.00006","78.22602"
"29.60000","0.98675","2,173.63721","0.00459","0.00018","78.54552"
"29.70000","0.99004","2,179.76636","0.00463","0.00068","78.76700"
"29.80000","0.99325","2,186.24072","0.00464","0.00077","79.00095"
"29.90000","0.99662","2,192.71436","0.00466","0.00072","79.23488"
"30.00000","0.99998","2,199.21460","0.00467","0.00073","79.46977"
"30.10000","1.00319","2,205.89917","0.00468","0.00078","79.71132"
"30.20000","1.00663","2,212.30200","0.00471","0.00085","79.94269"
"30.30000","1.01014","2,219.71729","0.00470","0.00097","80.21065"
"30.40000","1.01321","2,225.09424","0.00475","0.00104","80.40495"
"30.50000","1.01665","2,232.08081","0.00473","0.00120","80.65741"
"30.60000","1.02008","2,238.85693","0.00475","0.00125","80.90227"
"30.70000","1.02322","2,245.86646","0.00478","0.00135","81.15556"
"30.80000","1.02666","2,251.72607","0.00480","0.00131","81.36730"
"30.90000","1.03002","2,258.44507","0.00481","0.00141","81.61009"
"31.00000","1.03339","2,265.87500","0.00482","0.00148","81.87858"
"31.10000","1.03668","2,272.29663","0.00484","0.00154","82.11063"
"31.20000","1.04004","2,278.60181","0.00485","0.00156","82.33847"
"31.30000","1.04340","2,285.14575","0.00486","0.00162","82.57494"
"31.40000","1.04654","2,289.96094","0.00489","0.00171","82.74893"
"31.50000","1.04998","2,297.95801","0.00487","0.00179","83.03791"
"31.60000","1.05349","2,304.73511","0.00492","0.00176","83.28281"
"31.70000","1.05656","2,310.35400","0.00493","0.00174","83.48585"
"31.80000","1.06007","2,317.73877","0.00494","0.00149","83.75270"
"31.90000","1.06343","2,324.43872","0.00496","0.00122","83.99480"
"32.00000","1.06657","2,330.52832","0.00498","0.00098","84.21486"
"32.10000","1.07001","2,337.07642","0.00499","0.00051","84.45148"
"32.20000","1.07330","2,343.27222","0.00499","0.00040","84.67537"
"32.30000","1.07658","2,350.06958","0.00502","0.00026","84.92099"
"32.40000","1.07995","2,356.20654","0.00503","0.00021","85.14275"
"32.50000","1.08331","2,362.73633","0.00502","0.00030","85.37872"
"32.60000","1.08675","2,369.38428","0.00506","0.00029","85.61894"
"32.70000","1.08989","2,375.27856","0.00509","0.00027","85.83193"
"32.80000","1.09325","2,382.12061","0.00510","-0.00006","86.07917"
"32.90000","1.09669","2,388.27832","0.00509","0.00053","86.30169"
"33.00000","1.09983","2,394.72412","0.00512","0.00065","86.53461"
"33.10000","1.10342","2,401.53809","0.00513","0.00088","86.78083"
"33.20000","1.10678","2,407.87939","0.00519","0.00089","87.00998"
"33.30000","1.10992","2,413.60010","0.00518","0.00092","87.21670"
"33.40000","1.11343","2,420.70459","0.00518","0.00093","87.47343"
"33.50000","1.11664","2,426.34741","0.00520","0.00098","87.67733"
"33.60000","1.11993","2,433.02686","0.00522","0.00117","87.91869"
"33.70000","1.12330","2,439.37402","0.00524","0.00120","88.14806"
"33.80000","1.12666","2,445.77930","0.00530","0.00120","88.37952"
"33.90000","1.13010","2,452.90649","0.00528","0.00140","88.63705"
"34.00000","1.13331","2,458.07593","0.00532","0.00144","88.82386"
"34.10000","1.13667","2,465.20142","0.00530","0.00148","89.08134"
"34.20000","1.14004","2,472.42065","0.00535","0.00152","89.34221"
"34.30000","1.14318","2,477.81787","0.00534","0.00160","89.53725"
"34.40000","1.14661","2,484.37231","0.00537","0.00168","89.77409"
"34.50000","1.15005","2,490.50562","0.00541","0.00178","89.99572"
"34.60000","1.15326","2,497.05615","0.00537","0.00176","90.23243"
"34.70000","1.15670","2,503.94141","0.00541","0.00182","90.48123"
"34.80000","1.15999","2,509.30566","0.00542","0.00197","90.67507"
"34.90000","1.16328","2,515.56494","0.00542","0.00187","90.90125"
"35.00000","1.16664","2,521.41797","0.00543","0.00191","91.11275"
"35.10000","1.16993","2,528.72046","0.00545","0.00149","91.37663"
"35.20000","1.17337","2,535.08032","0.00545","0.00133","91.60645"
"35.30000","1.17658","2,540.38623","0.00548","0.00098","91.79819"
"35.40000","1.18002","2,547.83887","0.00550","0.00079","92.06749"
"35.50000","1.18346","2,554.08496","0.00549","0.00060","92.29320"
"35.60000","1.18652","2,560.02832","0.00551","0.00037","92.50797"
"35.70000","1.19004","2,565.02954","0.00553","0.00050","92.68868"
"35.80000","1.19332","2,571.88672","0.00554","0.00047","92.93647"
"35.90000","1.19661","2,577.70312","0.00552","0.00025","93.14665"
"36.00000","1.20005","2,584.44580","0.00559","0.00032","93.39030"
"36.10000","1.20341","2,591.18311","0.00558","0.00043","93.63376"
"36.20000","1.20670","2,597.30249","0.00560","0.00036","93.85488"
"36.30000","1.20999","2,603.52905","0.00564","0.00084","94.07988"
"36.40000","1.21328","2,609.39478","0.00566","0.00094","94.29185"
"36.50000","1.21664","2,616.37842","0.00566","0.00091","94.54420"
"36.60000","1.21993","2,621.48022","0.00573","0.00110","94.72856"
"36.70000","1.22337","2,627.53491","0.00568","0.00105","94.94735"
"36.80000","1.22673","2,634.56738","0.00573","0.00106","95.20147"
"36.90000","1.22994","2,639.86914","0.00574","0.00119","95.39305"
"37.00000","1.23338","2,647.20142","0.00576","0.00133","95.65800"
"37.10000","1.23667","2,653.01367","0.00579","0.00120","95.86803"
"37.20000","1.23988","2,658.44751","0.00579","0.00140","96.06439"
"37.30000","1.24332","2,665.99780","0.00579","0.00148","96.33723"
"37.40000","1.24669","2,672.13770","0.00583","0.00157","96.55909"
"37.50000","1.24997","2,678.73804","0.00582","0.00163","96.79760"
"37.60000","1.25334","2,683.92554","0.00584","0.00164","96.98505"
"37.70000","1.25678","2,690.42041","0.00586","0.00180","97.21975"
"37.80000","1.25999","2,697.05518","0.00588","0.00180","97.45950"
"37.90000","1.26328","2,702.63867","0.00590","0.00179","97.66126"
"38.00000","1.26672","2,709.09888","0.00589","0.00193","97.89471"
"38.10000","1.27000","2,715.77612","0.00593","0.00201","98.13599"
"38.20000","1.27329","2,721.53760","0.00591","0.00192","98.34418"
"38.30000","1.27680","2,728.32812","0.00596","0.00183","98.58956"
"38.40000","1.28009","2,733.67114","0.00596","0.00172","98.78264"
"38.50000","1.28323","2,738.61816","0.00596","0.00135","98.96140"
"38.60000","1.28660","2,745.68677","0.00599","0.00111","99.21683"
"38.70000","1.29003","2,751.63940","0.00596","0.00080","99.43193"
"38.80000","1.29325","2,757.91602","0.00598","0.00067","99.65874"
"38.90000","1.29661","2,764.34375","0.00600","0.00054","99.89101"
"39.00000","1.30012","2,770.21899","0.00603","0.00049","100.10331"
"39.10000","1.30326","2,776.64087","0.00606","0.00060","100.33537"
"39.20000","1.30663","2,782.42578","0.00603","0.00047","100.54441"
"39.30000","1.30999","2,788.04883","0.00610","0.00015","100.74760"
"39.40000","1.31328","2,795.01538","0.00609","0.00053","100.99934"
"39.50000","1.31664","2,801.04272","0.00613","0.00075","101.21714"
"39.60000","1.32008","2,808.24365","0.00610","0.00100","101.47736"
"39.70000","1.32337","2,814.59570","0.00615","0.00096","101.70689"
"39.80000","1.32665","2,819.41724","0.00616","0.00118","101.88112"
"39.90000","1.32994","2,825.48730","0.00619","0.00099","102.10046"
"40.00000","1.33338","2,832.31934","0.00615","0.00112","102.34734"
"40.10000","1.33652","2,837.94824","0.00622","0.00121","102.55074"
"40.20000","1.33996","2,843.26758","0.00623","0.00128","102.74296"
"40.30000","1.34347","2,850.22119","0.00625","0.00134","102.99423"
"40.40000","1.34661","2,856.61694","0.00625","0.00146","103.22535"
"40.50000","1.35005","2,862.40527","0.00626","0.00156","103.43451"
"40.60000","1.35341","2,868.72705","0.00628","0.00151","103.66295"
"40.70000","1.35655","2,874.30786","0.00629","0.00167","103.86462"
"40.80000","1.35991","2,880.30273","0.00631","0.00169","104.08125"
"40.90000","1.36335","2,886.76880","0.00631","0.00181","104.31490"
"41.00000","1.36671","2,893.56030","0.00631","0.00185","104.56031"
"41.10000","1.37000","2,898.28784","0.00634","0.00183","104.73115"
"41.20000","1.37337","2,904.95728","0.00637","0.00203","104.97215"
"41.30000","1.37673","2,910.64868","0.00638","0.00201","105.17781"
"41.40000","1.37987","2,916.36353","0.00637","0.00206","105.38432"
"41.50000","1.38331","2,922.68286","0.00639","0.00212","105.61267"
"41.60000","1.38674","2,928.47632","0.00636","0.00205","105.82202"
"41.70000","1.38988","2,933.46948","0.00638","0.00153","106.00246"
"41.80000","1.39339","2,940.00317","0.00643","0.00168","106.23855"
"41.90000","1.39683","2,946.66113","0.00644","0.00117","106.47914"
"42.00000","1.39997","2,951.48950","0.00644","0.00102","106.65362"
"42.10000","1.40333","2,957.91064","0.00645","0.00074","106.88565"
"42.20000","1.40662","2,963.40430","0.00648","0.00072","107.08416"
"42.30000","1.40999","2,969.72461","0.00646","0.00068","107.31255"
"42.40000","1.41327","2,975.69409","0.00648","0.00071","107.52826"
"42.50000","1.41664","2,981.36572","0.00650","0.00049","107.73321"
"42.60000","1.42008","2,987.67358","0.00652","0.00067","107.96114"
"42.70000","1.42329","2,993.03223","0.00655","0.00047","108.15479"
"42.80000","1.42665","2,999.81177","0.00653","0.00092","108.39977"
"42.90000","1.43002","3,005.23071","0.00655","0.00109","108.59558"
"43.00000","1.43315","3,010.62012","0.00656","0.00122","108.79033"
"43.10000","1.43667","3,017.38306","0.00659","0.00118","109.03471"
"43.20000","1.44011","3,023.71094","0.00658","0.00110","109.26337"
"43.30000","1.44324","3,029.19238","0.00664","0.00126","109.46145"
"43.40000","1.44668","3,035.21484","0.00663","0.00133","109.67908"
"43.50000","1.44997","3,040.57495","0.00665","0.00139","109.87276"
"43.60000","1.45326","3,047.68896","0.00664","0.00146","110.12984"
"43.70000","1.45662","3,053.11353","0.00668","0.00160","110.32585"
"43.80000","1.45999","3,058.78101","0.00671","0.00164","110.53065"
"43.90000","1.46342","3,066.31714","0.00673","0.00160","110.80297"
"44.00000","1.46656","3,071.13013","0.00673","0.00176","110.97689"
"44.10000","1.47000","3,078.09595","0.00676","0.00180","111.22861"
"44.20000","1.47344","3,084.01831","0.00676","0.00182","111.44261"
"44.30000","1.47650","3,088.44360","0.00675","0.00204","111.60252"
"44.40000","1.48001","3,095.05493","0.00678","0.00192","111.84143"
"44.50000","1.48345","3,101.64258","0.00681","0.00214","112.07948"
"44.60000","1.48659","3,107.48096","0.00682","0.00214","112.29045"
"44.70000","1.49003","3,112.34253","0.00681","0.00214","112.46613"
"44.80000","1.49339","3,118.36133","0.00683","0.00215","112.68362"
"44.90000","1.49668","3,124.41748","0.00685","0.00201","112.90246"
"45.00000","1.49997","3,130.39526","0.00684","0.00168","113.11847"
"45.10000","1.50326","3,135.52441","0.00687","0.00137","113.30381"
"45.20000","1.50670","3,141.70410","0.00691","0.00117","113.52712"
"45.30000","1.50991","3,148.18237","0.00688","0.00080","113.76122"
"45.40000","1.51335","3,153.58301","0.00694","0.00079","113.95637"
"45.50000","1.51679","3,159.80420","0.00692","0.00073","114.18118"
"45.60000","1.51985","3,164.25122","0.00697","0.00075","114.34187"
"45.70000","1.52336","3,170.77075","0.00697","0.00078","114.57746"
"45.80000","1.52665","3,177.08398","0.00698","0.00069","114.80559"
"45.90000","1.52986","3,181.98315","0.00698","0.00044","114.98263"
"46.00000","1.53338","3,188.64844","0.00702","0.00082","115.22348"
"46.10000","1.53667","3,193.76733","0.00701","0.00113","115.40845"
"46.20000","1.54003","3,200.23682","0.00706","0.00124","115.64223"
"46.30000","1.54332","3,205.53369","0.00705","0.00134","115.83363"
"46.40000","1.54668","3,210.83618","0.00707","0.00124","116.02525"
"46.50000","1.54997","3,216.87988","0.00707","0.00127","116.24364"
"46.60000","1.55326","3,222.71655","0.00711","0.00134","116.45454"
"46.70000","1.55677","3,228.87817","0.00712","0.00138","116.67720"
"46.80000","1.56006","3,234.95117","0.00712","0.00146","116.89665"
"46.90000","1.56327","3,240.29785","0.00710","0.00155","117.08986"
"47.00000","1.56671","3,246.09058","0.00717","0.00169","117.29918"
"47.10000","1.57007","3,251.84912","0.00720","0.00181","117.50727"
"47.20000","1.57321","3,257.86816","0.00721","0.00188","117.72477"
"47.30000","1.57665","3,263.94775","0.00718","0.00191","117.94446"
"47.40000","1.58009","3,269.42139","0.00723","0.00194","118.14225"
"47.50000","1.58330","3,275.35059","0.00726","0.00195","118.35651"
"47.60000","1.58666","3,281.65698","0.00722","0.00214","118.58439"
"47.70000","1.59010","3,287.94263","0.00724","0.00218","118.81152"
"47.80000","1.59332","3,293.47632","0.00726","0.00217","119.01149"
"47.90000","1.59653","3,298.49976","0.00728","0.00220","119.19302"
"48.00000","1.60004","3,304.52759","0.00734","0.00223","119.41084"
"48.10000","1.60333","3,310.39429","0.00732","0.00233","119.62283"
"48.20000","1.60662","3,316.64502","0.00730","0.00215","119.84870"
"48.30000","1.61006","3,322.18042","0.00734","0.00180","120.04873"
"48.40000","1.61342","3,328.69434","0.00739","0.00150","120.28411"
"48.50000","1.61656","3,333.30078","0.00740","0.00111","120.45057"
"48.60000","1.61992","3,339.52197","0.00738","0.00101","120.67537"
"48.70000","1.62336","3,345.66528","0.00741","0.00085","120.89736"
"48.80000","1.62657","3,351.10498","0.00742","0.00087","121.09393"
"48.90000","1.63001","3,357.25806","0.00743","0.00091","121.31628"
"49.00000","1.63345","3,363.81909","0.00746","0.00092","121.55336"
"49.10000","1.63666","3,368.53271","0.00748","0.00101","121.72369"
"49.20000","1.64003","3,373.81665","0.00747","0.00085","121.91463"
"49.30000","1.64339","3,379.46680","0.00745","0.00100","122.11880"
"49.40000","1.64660","3,385.30957","0.00749","0.00127","122.32993"
"49.50000","1.64997","3,390.33423","0.00754","0.00129","122.51150"
"49.60000","1.65333","3,396.50391","0.00751","0.00125","122.73444"
"49.70000","1.65669","3,402.10840","0.00756","0.00130","122.93697"
"49.80000","1.65991","3,408.71021","0.00756","0.00139","123.17552"
"49.90000","1.66334","3,414.10669","0.00757","0.00147","123.37053"
"50.00000","1.66671","3,420.04810","0.00757","0.00166","123.58523"
"50.10000","1.66985","3,424.81982","0.00760","0.00159","123.75765"
"50.20000","1.67328","3,431.20142","0.00760","0.00188","123.98826"
"50.30000","1.67680","3,436.70801","0.00761","0.00184","124.18724"
"50.40000","1.67994","3,442.97949","0.00765","0.00190","124.41386"
"50.50000","1.68330","3,448.52246","0.00762","0.00194","124.61416"
"50.60000","1.68674","3,454.02588","0.00767","0.00208","124.81303"
"50.70000","1.68995","3,460.48096","0.00767","0.00206","125.04629"
"50.80000","1.69331","3,466.11255","0.00771","0.00216","125.24979"
"50.90000","1.69668","3,471.77637","0.00773","0.00221","125.45445"
"51.00000","1.70004","3,477.36377","0.00770","0.00229","125.65636"
"51.10000","1.70333","3,482.23267","0.00773","0.00233","125.83230"
"51.20000","1.70669","3,488.70752","0.00776","0.00233","126.06627"
"51.30000","1.71013","3,495.38184","0.00778","0.00245","126.30745"
"51.40000","1.71327","3,500.69971","0.00780","0.00232","126.49961"
"51.50000","1.71663","3,504.67749","0.00777","0.00170","126.64336"
"51.60000","1.71999","3,511.29517","0.00780","0.00166","126.88248"
"51.70000","1.72321","3,517.00439","0.00781","0.00142","127.08879"
"51.80000","1.72672","3,522.09399","0.00782","0.00117","127.27271"
"51.90000","1.73008","3,528.08911","0.00790","0.00113","127.48934"
"52.00000","1.73330","3,533.55029","0.00790","0.00096","127.68668"
"52.10000","1.73666","3,538.66455","0.00791","0.00098","127.87149"
"52.20000","1.73987","3,544.69092","0.00785","0.00105","128.08926"
"52.30000","1.74324","3,550.40405","0.00787","0.00103","128.29570"
"52.40000","1.74660","3,556.35059","0.00790","0.00109","128.51059"
"52.50000","1.74996","3,562.05542","0.00791","0.00103","128.71674"
"52.60000","1.75348","3,568.71045","0.00797","0.00132","128.95721"
"52.70000","1.75662","3,573.82446","0.00796","0.00136","129.14201"
"52.80000","1.75998","3,579.18140","0.00796","0.00153","129.33559"
"52.90000","1.76342","3,585.27124","0.00800","0.00146","129.55565"
"53.00000","1.76648","3,590.17822","0.00798","0.00154","129.73297"
"53.10000","1.77007","3,596.19702","0.00802","0.00158","129.95045"
"53.20000","1.77343","3,601.91211","0.00804","0.00167","130.15698"
"53.30000","1.77657","3,607.42334","0.00806","0.00176","130.35612"
"53.40000","1.78008","3,613.38818","0.00811","0.00177","130.57167"
"53.50000","1.78337","3,619.60498","0.00808","0.00190","130.79631"
"53.60000","1.78673","3,625.04565","0.00809","0.00209","130.99292"
"53.70000","1.78995","3,630.55542","0.00812","0.00204","131.19202"
"53.80000","1.79324","3,635.71265","0.00817","0.00216","131.37837"
"53.90000","1.79675","3,642.70386","0.00817","0.00219","131.63101"
"54.00000","1.79989","3,648.06470","0.00817","0.00223","131.82472"
"54.10000","1.80333","3,653.55640","0.00818","0.00237","132.02316"
"54.20000","1.80676","3,659.48853","0.00822","0.00246","132.23753"
"54.30000","1.80983","3,664.68872","0.00822","0.00238","132.42545"
"54.40000","1.81334","3,670.84863","0.00824","0.00251","132.64804"
"54.50000","1.81670","3,676.60376","0.00825","0.00256","132.85600"
"54.60000","1.81992","3,681.83618","0.00825","0.00254","133.04507"
"54.70000","1.82343","3,687.51880","0.00826","0.00254","133.25041"
"54.80000","1.82672","3,693.43042","0.00829","0.00197","133.46404"
"54.90000","1.83008","3,699.83423","0.00831","0.00172","133.69545"
"55.00000","1.83322","3,704.75464","0.00831","0.00143","133.87325"
"55.10000","1.83658","3,710.35156","0.00834","0.00121","134.07550"
"55.20000","1.84002","3,716.15820","0.00836","0.00117","134.28532"
"55.30000","1.84324","3,721.71704","0.00833","0.00114","134.48619"
"55.40000","1.84675","3,727.39624","0.00837","0.00114","134.69141"
"55.50000","1.85011","3,733.17749","0.00837","0.00121","134.90031"
"55.60000","1.85325","3,737.84814","0.00841","0.00123","135.06909"
"55.70000","1.85676","3,743.94946","0.00842","0.00148","135.28957"
"55.80000","1.86005","3,749.11011","0.00843","0.00167","135.47606"
"55.90000","1.86327","3,754.56030","0.00845","0.00162","135.67300"
"56.00000","1.86670","3,759.86279","0.00848","0.00158","135.86461"
"56.10000","1.87014","3,765.94922","0.00847","0.00141","136.08455"
"56.20000","1.87335","3,772.65674","0.00843","0.00169","136.32692"
"56.30000","1.87664","3,777.36768","0.00846","0.00163","136.49716"
"56.40000","1.87993","3,782.56079","0.00848","0.00183","136.68481"
"56.50000","1.88329","3,789.12988","0.00847","0.00190","136.92220"
"56.60000","1.88651","3,793.31885","0.00847","0.00204","137.07356"
"56.70000","1.89002","3,799.84790","0.00851","0.00206","137.30949"
"56.80000","1.89338","3,805.83545","0.00856","0.00214","137.52585"
"56.90000","1.89652","3,810.24414","0.00854","0.00215","137.68517"
"57.00000","1.90011","3,816.09644","0.00855","0.00226","137.89664"
"57.10000","1.90340","3,821.85498","0.00857","0.00238","138.10472"
"57.20000","1.90654","3,827.21167","0.00862","0.00244","138.29829"
"57.30000","1.90998","3,831.92310","0.00864","0.00249","138.46854"
"57.40000","1.91341","3,838.40698","0.00863","0.00254","138.70284"
"57.50000","1.91663","3,844.33130","0.00866","0.00256","138.91692"
"57.60000","1.91999","3,849.62817","0.00867","0.00246","139.10832"
"57.70000","1.92343","3,855.79810","0.00865","0.00269","139.33128"
"57.80000","1.92664","3,861.07349","0.00869","0.00259","139.52191"
"57.90000","1.92986","3,865.89575","0.00870","0.00241","139.69617"
"58.00000","1.93337","3,872.31787","0.00870","0.00205","139.92822"
"58.10000","1.93666","3,877.40723","0.00874","0.00180","140.11214"
"58.20000","1.93987","3,882.31787","0.00873","0.00167","140.28958"
"58.30000","1.94338","3,889.21094","0.00878","0.00142","140.53867"
"58.40000","1.94675","3,895.17773","0.00879","0.00129","140.75429"
"58.50000","1.94996","3,899.95166","0.00880","0.00121","140.92679"
"58.60000","1.95325","3,905.90552","0.00881","0.00128","141.14194"
"58.70000","1.95661","3,910.52319","0.00881","0.00127","141.30879"
"58.80000","1.95990","3,917.06567","0.00885","0.00135","141.54521"
"58.90000","1.96326","3,922.69458","0.00885","0.00155","141.74861"
"59.00000","1.96670","3,928.38086","0.00884","0.00169","141.95410"
"59.10000","1.96999","3,934.15771","0.00889","0.00172","142.16284"
"59.20000","1.97328","3,939.52905","0.00890","0.00162","142.35695"
"59.30000","1.97672","3,945.59985","0.00889","0.00166","142.57631"
"59.40000","1.98000","3,951.47510","0.00889","0.00172","142.78862"
"59.50000","1.98329","3,956.15576","0.00893","0.00187","142.95776"
"59.60000","1.98666","3,962.53198","0.00892","0.00194","143.18817"
"59.70000","1.99009","3,967.54248","0.00892","0.00198","143.36922"
"59.80000","1.99331","3,973.51636","0.00895","0.00205","143.58508"
"59.90000","1.99675","3,979.39819","0.00897","0.00215","143.79764"
"60.00000","2.00003","3,984.91553","0.00895","0.00214","143.99701"
"60.10000","2.00325","3,989.86182","0.00897","0.00229","144.17574"
"60.20000","2.00661","3,995.35400","0.00903","0.00233","144.37421"
"60.30000","2.01005","4,000.21265","0.00899","0.00246","144.54977"
"60.40000","2.01326","4,006.37988","0.00902","0.00248","144.77263"
"60.50000","2.01663","4,011.28149","0.00904","0.00263","144.94975"
"60.60000","2.02006","4,016.86646","0.00903","0.00262","145.15157"
"60.70000","2.02328","4,022.28394","0.00905","0.00267","145.34734"
"60.80000","2.02664","4,028.01489","0.00911","0.00272","145.55443"
"60.90000","2.02993","4,033.41699","0.00908","0.00278","145.74963"
"61.00000","2.03337","4,039.10620","0.00909","0.00284","145.95522"
"61.10000","2.03658","4,044.26343","0.00914","0.00279","146.14157"
"61.20000","2.03994","4,049.82568","0.00913","0.00253","146.34258"
"61.30000","2.04346","4,056.01001","0.00918","0.00238","146.56604"
"61.40000","2.04660","4,060.86743","0.00914","0.00180","146.74156"
"61.50000","2.04996","4,066.23755","0.00917","0.00177","146.93562"
"61.60000","2.05340","4,072.55151","0.00917","0.00156","147.16377"
"61.70000","2.05654","4,077.22485","0.00924","0.00138","147.33266"
"61.80000","2.06005","4,083.21777","0.00923","0.00152","147.54921"
"61.90000","2.06341","4,089.57520","0.00923","0.00150","147.77893"
"62.00000","2.06662","4,094.82349","0.00927","0.00155","147.96858"
"62.10000","2.06999","4,100.00439","0.00926","0.00169","148.15581"
"62.20000","2.07328","4,105.58301","0.00929","0.00174","148.35739"
"62.30000","2.07664","4,111.59521","0.00928","0.00210","148.57465"
"62.40000","2.07993","4,116.07422","0.00931","0.00181","148.73650"
"62.50000","2.08329","4,122.08594","0.00932","0.00170","148.95374"
"62.60000","2.08680","4,128.26367","0.00932","0.00183","149.17697"
"62.70000","2.08987","4,132.22314","0.00934","0.00193","149.32004"
"62.80000","2.09331","4,138.23779","0.00933","0.00209","149.53738"
"62.90000","2.09674","4,144.20068","0.00938","0.00205","149.75285"
"63.00000","2.09981","4,149.63818","0.00937","0.00217","149.94934"
"63.10000","2.10339","4,154.18750","0.00939","0.00224","150.11374"
"63.20000","2.10676","4,159.98975","0.00940","0.00237","150.32341"
"63.30000","2.10997","4,165.71924","0.00941","0.00245","150.53044"
"63.40000","2.11341","4,171.29492","0.00941","0.00250","150.73192"
"63.50000","2.11670","4,176.79785","0.00945","0.00252","150.93077"
"63.60000","2.11999","4,182.72705","0.00944","0.00264","151.14503"
"63.70000","2.12320","4,188.09375","0.00944","0.00273","151.33896"
"63.80000","2.12664","4,194.04297","0.00947","0.00274","151.55394"
"63.90000","2.13015","4,199.44238","0.00948","0.00288","151.74904"
"64.00000","2.13322","4,204.38721","0.00951","0.00290","151.92773"
"64.10000","2.13673","4,209.66797","0.00954","0.00292","152.11855"
"64.20000","2.14009","4,216.09473","0.00951","0.00299","152.35078"
"64.30000","2.14316","4,221.03613","0.00954","0.00305","152.52934"
"64.40000","2.14667","4,226.56494","0.00958","0.00290","152.72913"
"64.50000","2.15003","4,231.71826","0.00958","0.00227","152.91534"
"64.60000","2.15324","4,237.29932","0.00959","0.00221","153.11702"
"64.70000","2.15668","4,242.55566","0.00959","0.00180","153.30696"
"64.80000","2.16005","4,248.40820","0.00959","0.00170","153.51845"
"64.90000","2.16333","4,254.88477","0.00963","0.00157","153.75249"
"65.00000","2.16655","4,260.09229","0.00966","0.00156","153.94066"
"65.10000","2.16999","4,265.78418","0.00967","0.00163","154.14635"
"65.20000","2.17335","4,271.30664","0.00966","0.00167","154.34590"
"65.30000","2.17649","4,275.81201","0.00967","0.00168","154.50870"
"65.40000","2.18000","4,282.74414","0.00971","0.00169","154.75920"
"65.50000","2.18344","4,288.21875","0.00974","0.00192","154.95703"
"65.60000","2.18658","4,292.75684","0.00974","0.00208","155.12102"
"65.70000","2.19009","4,298.84082","0.00973","0.00189","155.34087"
"65.80000","2.19338","4,303.84570","0.00971","0.00205","155.52171"
"65.90000","2.19659","4,309.10498","0.00977","0.00207","155.71176"
"66.00000","2.20003","4,315.11572","0.00978","0.00217","155.92896"
"66.10000","2.20339","4,321.19238","0.00978","0.00214","156.14854"
"66.20000","2.20668","4,326.64209","0.00981","0.00227","156.34547"
"66.30000","2.20997","4,330.88770","0.00982","0.00240","156.49889"
"66.40000","2.21333","4,337.09229","0.00980","0.00245","156.72310"
"66.50000","2.21662","4,343.37451","0.00983","0.00251","156.95010"
"66.60000","2.21984","4,347.68164","0.00980","0.00262","157.10574"
"66.70000","2.22335","4,354.57617","0.00985","0.00270","157.35489"
"66.80000","2.22671","4,359.10840","0.00986","0.00275","157.51866"
"66.90000","2.22992","4,363.61523","0.00988","0.00281","157.68152"
"67.00000","2.23344","4,369.67773","0.00989","0.00288","157.90059"
"67.10000","2.23673","4,374.97510","0.00991","0.00302","158.09201"
"67.20000","2.23986","4,380.07861","0.00991","0.00296","158.27643"
"67.30000","2.24330","4,385.87305","0.00990","0.00300","158.48581"
"67.40000","2.24667","4,391.09521","0.00995","0.00313","158.67451"
"67.50000","2.24995","4,396.47559","0.00997","0.00315","158.86894"
"67.60000","2.25332","4,400.96045","0.00996","0.00316","159.03101"
"67.70000","2.25676","4,407.29834","0.00998","0.00277","159.26003"
"67.80000","2.25997","4,413.13135","0.01000","0.00225","159.47081"
"67.90000","2.26326","4,417.83057","0.01002","0.00222","159.64061"
"68.00000","2.26670","4,423.70801","0.01003","0.00208","159.85300"
"68.10000","2.26998","4,429.01074","0.01007","0.00181","160.04462"
"68.20000","2.27327","4,433.52393","0.01005","0.00181","160.20770"
"68.30000","2.27671","4,440.46484","0.01008","0.00183","160.45851"
"68.40000","2.28015","4,445.59619","0.01009","0.00177","160.64394"
"68.50000","2.28329","4,449.94629","0.01010","0.00182","160.80113"
"68.60000","2.28665","4,455.95996","0.01013","0.00187","161.01845"
"68.70000","2.29001","4,462.43164","0.01011","0.00203","161.25230"
"68.80000","2.29323","4,467.67822","0.01012","0.00179","161.44189"
"68.90000","2.29666","4,472.71191","0.01014","0.00218","161.62378"
"69.00000","2.30003","4,478.29443","0.01017","0.00209","161.82552"
"69.10000","2.30332","4,484.54785","0.01018","0.00205","162.05148"
"69.20000","2.30660","4,489.06250","0.01020","0.00219","162.21461"
"69.30000","2.31004","4,495.60938","0.01022","0.00228","162.45119"
"69.40000","2.31326","4,500.28613","0.01022","0.00235","162.62019"
"69.50000","2.31662","4,505.86035","0.01022","0.00248","162.82162"
"69.60000","2.31998","4,512.36816","0.01024","0.00264","163.05678"
"69.70000","2.32335","4,517.49023","0.01025","0.00265","163.24187"
"69.80000","2.32663","4,522.61670","0.01027","0.00282","163.42712"
"69.90000","2.32992","4,528.21582","0.01028","0.00279","163.62944"
"70.00000","2.33336","4,534.79639","0.01028","0.00289","163.86723"
"70.10000","2.33650","4,539.95752","0.01028","0.00295","164.05374"
"70.20000","2.33994","4,543.92188","0.01031","0.00303","164.19699"
"70.30000","2.34338","4,550.15039","0.01033","0.00305","164.42206"
"70.40000","2.34659","4,556.60889","0.01033","0.00315","164.65544"
"70.50000","2.35010","4,561.99170","0.01034","0.00315","164.84996"
"70.60000","2.35339","4,567.66602","0.01034","0.00323","165.05499"
"70.70000","2.35660","4,573.19336","0.01039","0.00329","165.25473"
"70.80000","2.35997","4,578.03076","0.01040","0.00330","165.42953"
"70.90000","2.36326","4,584.00781","0.01041","0.00300","165.64552"
"71.00000","2.36669","4,589.11182","0.01041","0.00261","165.82996"
"71.10000","2.36998","4,593.99365","0.01044","0.00256","166.00636"
"71.20000","2.37327","4,600.45850","0.01045","0.00227","166.23997"
"71.30000","2.37686","4,605.82910","0.01046","0.00199","166.43404"
"71.40000","2.37992","4,611.26807","0.01049","0.00183","166.63058"
"71.50000","2.38328","4,616.10303","0.01052","0.00191","166.80530"
"71.60000","2.38672","4,621.68506","0.01051","0.00190","167.00700"
"71.70000","2.38986","4,626.48926","0.01052","0.00197","167.18060"
"71.80000","2.39337","4,632.74805","0.01055","0.00197","167.40677"
"71.90000","2.39674","4,637.84717","0.01055","0.00198","167.59103"
"72.00000","2.39995","4,643.03174","0.01058","0.00204","167.77838"
"72.10000","2.40339","4,648.30078","0.01058","0.00210","167.96878"
"72.20000","2.40668","4,653.69482","0.01057","0.00247","168.16370"
"72.30000","2.41004","4,659.38965","0.01058","0.00235","168.36948"
"72.40000","2.41325","4,664.85645","0.01060","0.00231","168.56703"
"72.50000","2.41662","4,670.17773","0.01064","0.00240","168.75931"
"72.60000","2.42013","4,676.09131","0.01063","0.00258","168.97301"
"72.70000","2.42327","4,680.98145","0.01064","0.00254","169.14970"
"72.80000","2.42671","4,686.59717","0.01067","0.00268","169.35263"
"72.90000","2.43007","4,692.62012","0.01069","0.00272","169.57028"
"73.00000","2.43313","4,697.25830","0.01070","0.00284","169.73788"
"73.10000","2.43672","4,702.97510","0.01070","0.00296","169.94446"
"73.20000","2.44008","4,709.11035","0.01072","0.00294","170.16617"
"73.30000","2.44330","4,713.97559","0.01074","0.00309","170.34196"
"73.40000","2.44666","4,719.02881","0.01072","0.00314","170.52457"
"73.50000","2.45002","4,724.20215","0.01077","0.00324","170.71152"
"73.60000","2.45339","4,730.53418","0.01076","0.00321","170.94032"
"73.70000","2.45653","4,735.67090","0.01080","0.00334","171.12595"
"73.80000","2.45996","4,741.27100","0.01079","0.00334","171.32831"
"73.90000","2.46340","4,746.92725","0.01080","0.00337","171.53270"
"74.00000","2.46654","4,752.19824","0.01083","0.00341","171.72316"
"74.10000","2.47005","4,758.30859","0.01081","0.00302","171.94397"
"74.20000","2.47342","4,764.31299","0.01083","0.00300","172.16093"
"74.30000","2.47656","4,768.22803","0.01083","0.00298","172.30241"
"74.40000","2.47999","4,774.40820","0.01085","0.00244","172.52574"
"74.50000","2.48336","4,779.84570","0.01088","0.00234","172.72223"
"74.60000","2.48657","4,784.53955","0.01088","0.00213","172.89183"
"74.70000","2.49001","4,790.65234","0.01088","0.00210","173.11273"
"74.80000","2.49337","4,795.69287","0.01087","0.00210","173.29486"
"74.90000","2.49674","4,802.14941","0.01094","0.00209","173.52818"
"75.00000","2.49995","4,807.26953","0.01092","0.00208","173.71320"
"75.10000","2.50331","4,812.35254","0.01096","0.00211","173.89688"
"75.20000","2.50668","4,818.94238","0.01099","0.00205","174.13499"
"75.30000","2.50981","4,823.20703","0.01099","0.00178","174.28911"
"75.40000","2.51340","4,829.72852","0.01099","0.00230","174.52477"
"75.50000","2.51676","4,834.89453","0.01103","0.00258","174.71144"
"75.60000","2.51990","4,839.54346","0.01102","0.00253","174.87943"
"75.70000","2.52342","4,845.34717","0.01107","0.00249","175.08916"
"75.80000","2.52671","4,850.61963","0.01109","0.00257","175.27968"
"75.90000","2.52984","4,855.01270","0.01106","0.00274","175.43842"
"76.00000","2.53336","4,861.19482","0.01109","0.00272","175.66182"
"76.10000","2.53664","4,866.79688","0.01109","0.00287","175.86424"
"76.20000","2.54001","4,872.32178","0.01109","0.00296","176.06389"
"76.30000","2.54330","4,877.98242","0.01112","0.00291","176.26845"
"76.40000","2.54673","4,883.18848","0.01113","0.00304","176.45657"
"76.50000","2.54995","4,889.91943","0.01114","0.00313","176.69980"
"76.60000","2.55316","4,892.95312","0.01115","0.00324","176.80942"
"76.70000","2.55667","4,900.55127","0.01120","0.00332","177.08398"
"76.80000","2.56004","4,905.49854","0.01119","0.00335","177.26276"
"76.90000","2.56325","4,910.71191","0.01121","0.00344","177.45114"
"77.00000","2.56669","4,916.39209","0.01122","0.00346","177.65640"
"77.10000","2.57013","4,922.10449","0.01124","0.00345","177.86282"
"77.20000","2.57327","4,926.99170","0.01124","0.00354","178.03941"
"77.30000","2.57663","4,932.86377","0.01124","0.00356","178.25162"
"77.40000","2.57999","4,938.22803","0.01123","0.00348","178.44545"
"77.50000","2.58328","4,944.12500","0.01126","0.00292","178.65854"
"77.60000","2.58672","4,949.51270","0.01131","0.00278","178.85323"
"77.70000","2.59008","4,955.29297","0.01131","0.00266","179.06210"
"77.80000","2.59330","4,960.42188","0.01133","0.00234","179.24744"
"77.90000","2.59658","4,965.31152","0.01134","0.00224","179.42413"
"78.00000","2.60002","4,970.66113","0.01134","0.00217","179.61743"
"78.10000","2.60331","4,975.91553","0.01135","0.00218","179.80731"
"78.20000","2.60660","4,981.05420","0.01137","0.00230","179.99300"
"78.30000","2.61004","4,987.66650","0.01140","0.00233","180.23193"
"78.40000","2.61340","4,992.39648","0.01141","0.00219","180.40286"
"78.50000","2.61661","4,997.92383","0.01141","0.00232","180.60258"
"78.60000","2.61998","5,003.53320","0.01143","0.00249","180.80528"
"78.70000","2.62341","5,008.87207","0.01145","0.00266","180.99821"
"78.80000","2.62655","5,014.29785","0.01146","0.00288","181.19427"
"78.90000","2.62999","5,019.61768","0.01149","0.00270","181.38651"
"79.00000","2.63343","5,025.29199","0.01151","0.00266","181.59155"
"79.10000","2.63664","5,031.53760","0.01151","0.00270","181.81725"
"79.20000","2.64008","5,035.69336","0.01152","0.00287","181.96741"
"79.30000","2.64337","5,041.72266","0.01154","0.00293","182.18529"
"79.40000","2.64666","5,047.10693","0.01155","0.00305","182.37985"
"79.50000","2.64995","5,052.63525","0.01158","0.00311","182.57962"
"79.60000","2.65331","5,057.97168","0.01156","0.00323","182.77245"
"79.70000","2.65667","5,063.88623","0.01160","0.00327","182.98618"
"79.80000","2.65996","5,068.32129","0.01159","0.00345","183.14644"
"79.90000","2.66332","5,074.42383","0.01162","0.00341","183.36696"
"80.00000","2.66676","5,080.98682","0.01163","0.00348","183.60411"
"80.10000","2.66990","5,085.17725","0.01166","0.00344","183.75554"
"80.20000","2.67326","5,090.07910","0.01165","0.00363","183.93266"
"80.30000","2.67670","5,096.29932","0.01166","0.00359","184.15744"
"80.40000","2.67992","5,101.46094","0.01169","0.00366","184.34396"
"80.50000","2.68335","5,107.67480","0.01170","0.00365","184.56850"
"80.60000","2.68672","5,114.08545","0.01173","0.00364","184.80016"
"80.70000","2.69000","5,118.67529","0.01170","0.00303","184.96600"
"80.80000","2.69329","5,123.28711","0.01177","0.00315","185.13266"
"80.90000","2.69658","5,129.39062","0.01176","0.00265","185.35321"
"81.00000","2.69994","5,135.50684","0.01177","0.00254","185.57422"
"81.10000","2.70323","5,139.85449","0.01178","0.00243","185.73132"
"81.20000","2.70667","5,146.56641","0.01181","0.00239","185.97386"
"81.30000","2.71018","5,151.82471","0.01183","0.00246","186.16388"
"81.40000","2.71325","5,156.68750","0.01183","0.00246","186.33960"
"81.50000","2.71669","5,161.33545","0.01185","0.00240","186.50755"
"81.60000","2.72005","5,166.96729","0.01183","0.00248","186.71106"
"81.70000","2.72319","5,172.49561","0.01186","0.00235","186.91083"
"81.80000","2.72670","5,178.33105","0.01189","0.00227","187.12170"
"81.90000","2.73006","5,183.35986","0.01189","0.00278","187.30342"
"82.00000","2.73335","5,189.49512","0.01191","0.00297","187.52512"
"82.10000","2.73664","5,194.06836","0.01194","0.00299","187.69037"
"82.20000","2.74000","5,198.99902","0.01195","0.00283","187.86855"
"82.30000","2.74337","5,204.76270","0.01196","0.00285","188.07681"
"82.40000","2.74651","5,209.37012","0.01196","0.00304","188.24332"
"82.50000","2.74994","5,215.02100","0.01199","0.00303","188.44751"
"82.60000","2.75346","5,222.18799","0.01199","0.00316","188.70650"
"82.70000","2.75652","5,226.20264","0.01202","0.00314","188.85156"
"82.80000","2.76003","5,231.49023","0.01204","0.00332","189.04263"
"82.90000","2.76340","5,237.63916","0.01205","0.00336","189.26483"
"83.00000","2.76654","5,242.29834","0.01206","0.00346","189.43320"
"83.10000","2.77005","5,248.09961","0.01208","0.00344","189.64282"
"83.20000","2.77334","5,252.85693","0.01207","0.00360","189.81473"
"83.30000","2.77663","5,258.22754","0.01209","0.00366","190.00880"
"83.40000","2.77999","5,263.04492","0.01210","0.00369","190.18288"
"83.50000","2.78335","5,269.25146","0.01211","0.00372","190.40715"
"83.60000","2.78671","5,276.09521","0.01215","0.00375","190.65446"
"83.70000","2.78985","5,278.94580","0.01217","0.00375","190.75746"
"83.80000","2.79329","5,285.80469","0.01218","0.00386","191.00531"
"83.90000","2.79673","5,291.56641","0.01216","0.00334","191.21352"
"84.00000","2.79987","5,296.49121","0.01218","0.00313","191.39148"
"84.10000","2.80338","5,302.76123","0.01220","0.00296","191.61804"
"84.20000","2.80674","5,308.03320","0.01222","0.00273","191.80855"
"84.30000","2.80988","5,313.75586","0.01225","0.00257","192.01535"
"84.40000","2.81340","5,318.38477","0.01224","0.00248","192.18262"
"84.50000","2.81668","5,324.98682","0.01226","0.00251","192.42119"
"84.60000","2.81990","5,330.08447","0.01228","0.00252","192.60539"
"84.70000","2.82334","5,334.41211","0.01229","0.00259","192.76176"
"84.80000","2.82670","5,340.97998","0.01232","0.00260","192.99910"
"84.90000","2.83006","5,347.10059","0.01231","0.00270","193.22028"
"85.00000","2.83328","5,351.09570","0.01231","0.00261","193.36464"
"85.10000","2.83664","5,356.99902","0.01234","0.00271","193.57796"
"85.20000","2.84000","5,362.68896","0.01234","0.00304","193.78357"
"85.30000","2.84314","5,367.89795","0.01235","0.00303","193.97180"
"85.40000","2.84680","5,374.41650","0.01239","0.00293","194.20735"
"85.50000","2.85009","5,379.61670","0.01240","0.00288","194.39526"
"85.60000","2.85323","5,383.33789","0.01243","0.00309","194.52972"
"85.70000","2.85674","5,390.00537","0.01241","0.00307","194.77066"
"85.80000","2.86011","5,395.37646","0.01245","0.00326","194.96475"
"85.90000","2.86325","5,401.18945","0.01246","0.00341","195.17480"
"86.00000","2.86661","5,405.47168","0.01249","0.00334","195.32954"
"86.10000","2.86997","5,411.62109","0.01250","0.00352","195.55176"
"86.20000","2.87333","5,417.47754","0.01251","0.00361","195.76338"
"86.30000","2.87662","5,422.28027","0.01252","0.00364","195.93694"
"86.40000","2.88006","5,427.05566","0.01254","0.00373","196.10950"
"86.50000","2.88335","5,433.77979","0.01254","0.00379","196.35248"
"86.60000","2.88656","5,437.91797","0.01256","0.00383","196.50201"
"86.70000","2.89000","5,443.85693","0.01259","0.00391","196.71661"
"86.80000","2.89329","5,449.35791","0.01257","0.00392","196.91539"
"86.90000","2.89658","5,453.50488","0.01261","0.00400","197.06525"
"87.00000","2.90002","5,459.19238","0.01261","0.00398","197.27077"
"87.10000","2.90338","5,465.51367","0.01262","0.00389","197.49919"
"87.20000","2.90659","5,470.78564","0.01264","0.00379","197.68970"
"87.30000","2.90996","5,476.08252","0.01266","0.00341","197.88110"
"87.40000","2.91332","5,480.83301","0.01266","0.00311","198.05276"
"87.50000","2.91661","5,486.83643","0.01264","0.00285","198.26970"
"87.60000","2.91997","5,492.34229","0.01272","0.00281","198.46866"
"87.70000","2.92341","5,498.47461","0.01273","0.00275","198.69025"
"87.80000","2.92662","5,503.78076","0.01273","0.00270","198.88199"
"87.90000","2.92991","5,507.71924","0.01273","0.00277","199.02431"
"88.00000","2.93335","5,514.53125","0.01273","0.00279","199.27046"
"88.10000","2.93664","5,519.35693","0.01276","0.00276","199.44485"
"88.20000","2.93992","5,524.98682","0.01279","0.00309","199.64828"
"88.30000","2.94329","5,530.35400","0.01281","0.00312","199.84224"
"88.40000","2.94680","5,536.33740","0.01280","0.00288","200.05844"
"88.50000","2.95001","5,541.80615","0.01283","0.00318","200.25606"
"88.60000","2.95330","5,547.04590","0.01282","0.00302","200.44540"
"88.70000","2.95674","5,551.88037","0.01286","0.00314","200.62010"
"88.80000","2.95988","5,558.15137","0.01287","0.00320","200.84671"
"88.90000","2.96324","5,563.35156","0.01289","0.00333","201.03462"
"89.00000","2.96676","5,569.00146","0.01291","0.00340","201.23878"
"89.10000","2.96997","5,574.37891","0.01294","0.00341","201.43309"
"89.20000","2.97333","5,579.50049","0.01294","0.00354","201.61816"
"89.30000","2.97677","5,585.49854","0.01293","0.00359","201.83492"
"89.40000","2.97998","5,590.66699","0.01297","0.00379","202.02167"
"89.50000","2.98320","5,595.85645","0.01298","0.00378","202.20920"
"89.60000","2.98664","5,600.98291","0.01299","0.00382","202.39444"
"89.70000","2.99007","5,605.86621","0.01301","0.00395","202.57091"
"89.80000","2.99329","5,611.63672","0.01303","0.00387","202.77942"
"89.90000","2.99665","5,617.67188","0.01303","0.00418","202.99751"
"90.00000","3.00016","5,622.61035","0.01306","0.00401","203.17596"
"90.10000","3.00323","5,627.37305","0.01306","0.00409","203.34807"
"90.20000","3.00667","5,633.15088","0.01310","0.00415","203.55685"
"90.30000","3.01010","5,638.82227","0.01311","0.00422","203.76180"
"90.40000","3.01324","5,643.25977","0.01308","0.00424","203.92213"
"90.50000","3.01668","5,648.75781","0.01311","0.00371","204.12082"
"90.60000","3.02012","5,654.72412","0.01313","0.00338","204.33641"
"90.70000","3.02333","5,660.70654","0.01315","0.00316","204.55260"
"90.80000","3.02662","5,664.56689","0.01317","0.00295","204.69209"
"90.90000","3.02998","5,670.52344","0.01315","0.00282","204.90733"
"91.00000","3.03335","5,676.95459","0.01316","0.00291","205.13972"
"91.10000","3.03656","5,681.29248","0.01320","0.00296","205.29648"
"91.20000","3.04000","5,686.77881","0.01322","0.00294","205.49472"
"91.30000","3.04344","5,693.21875","0.01321","0.00304","205.72743"
"91.40000","3.04650","5,697.44092","0.01324","0.00303","205.88000"
"91.50000","3.05001","5,702.44043","0.01324","0.00332","206.06067"
"91.60000","3.05338","5,708.94531","0.01326","0.00314","206.29572"
"91.70000","3.05651","5,713.88330","0.01324","0.00338","206.47417"
"91.80000","3.06003","5,719.28857","0.01332","0.00312","206.66948"
"91.90000","3.06339","5,725.36523","0.01334","0.00327","206.88907"
"92.00000","3.06668","5,730.48389","0.01337","0.00338","207.07404"
"92.10000","3.07004","5,735.68701","0.01334","0.00330","207.26205"
"92.20000","3.07341","5,741.94678","0.01335","0.00345","207.48825"
"92.30000","3.07669","5,746.64600","0.01339","0.00356","207.65805"
"92.40000","3.07991","5,751.38477","0.01339","0.00362","207.82930"
"92.50000","3.08327","5,757.99170","0.01339","0.00378","208.06804"
"92.60000","3.08686","5,764.29834","0.01339","0.00377","208.29593"
"92.70000","3.08985","5,768.04297","0.01340","0.00399","208.43124"
"92.80000","3.09343","5,774.53906","0.01342","0.00391","208.66599"
"92.90000","3.09680","5,780.19580","0.01346","0.00401","208.87039"
"93.00000","3.09986","5,785.12354","0.01344","0.00406","209.04846"
"93.10000","3.10330","5,790.72363","0.01346","0.00420","209.25082"
"93.20000","3.10659","5,796.17822","0.01351","0.00430","209.44794"
"93.30000","3.10988","5,801.18652","0.01354","0.00431","209.62891"
"93.40000","3.11331","5,806.56201","0.01352","0.00432","209.82315"
"93.50000","3.11668","5,812.81836","0.01355","0.00430","210.04922"
"93.60000","3.12012","5,818.27148","0.01352","0.00433","210.24628"
"93.70000","3.12325","5,822.48389","0.01359","0.00382","210.39850"
"93.80000","3.12662","5,828.49854","0.01354","0.00367","210.61584"
"93.90000","3.13006","5,834.08643","0.01358","0.00354","210.81776"
"94.00000","3.13319","5,837.94043","0.01358","0.00326","210.95703"
"94.10000","3.13671","5,844.65430","0.01363","0.00314","211.19963"
"94.20000","3.14007","5,850.65869","0.01362","0.00303","211.41661"
"94.30000","3.14321","5,854.58008","0.01362","0.00302","211.55830"
"94.40000","3.14672","5,860.87207","0.01362","0.00304","211.78568"
"94.50000","3.15001","5,865.83936","0.01365","0.00315","211.96516"
"94.60000","3.15330","5,870.73877","0.01371","0.00317","212.14221"
"94.70000","3.15666","5,876.66211","0.01368","0.00333","212.35626"
"94.80000","3.16003","5,882.93994","0.01369","0.00338","212.58311"
"94.90000","3.16339","5,888.48730","0.01371","0.00337","212.78357"
"95.00000","3.16660","5,893.41260","0.01374","0.00341","212.96155"
"95.10000","3.17004","5,899.14600","0.01372","0.00328","213.16872"
"95.20000","3.17340","5,904.18896","0.01378","0.00354","213.35095"
"95.30000","3.17654","5,909.41357","0.01373","0.00355","213.53975"
"95.40000","3.17998","5,915.26709","0.01377","0.00360","213.75127"
"95.50000","3.18342","5,920.66650","0.01378","0.00365","213.94638"
"95.60000","3.18656","5,925.82129","0.01382","0.00375","214.13264"
"95.70000","3.19007","5,931.41211","0.01382","0.00391","214.33467"
"95.80000","3.19336","5,936.85449","0.01383","0.00396","214.53134"
"95.90000","3.19657","5,942.23291","0.01385","0.00396","214.72569"
"96.00000","3.19993","5,947.98535","0.01389","0.00405","214.93356"
"96.10000","3.20330","5,952.93164","0.01388","0.00422","215.11229"
"96.20000","3.20666","5,959.26465","0.01394","0.00416","215.34114"
"96.30000","3.20987","5,963.87354","0.01391","0.00430","215.50769"
"96.40000","3.21339","5,969.62109","0.01389","0.00431","215.71538"
"96.50000","3.21675","5,976.21924","0.01398","0.00433","215.95381"
"96.60000","3.21989","5,980.00781","0.01397","0.00452","216.09071"
"96.70000","3.22333","5,986.20752","0.01402","0.00448","216.31474"
"96.80000","3.22669","5,991.30176","0.01400","0.00462","216.49883"
"96.90000","3.22990","5,996.12500","0.01399","0.00449","216.67311"
"97.00000","3.23334","6,002.16602","0.01401","0.00420","216.89140"
"97.10000","3.23678","6,007.37207","0.01403","0.00374","217.07953"
"97.20000","3.23999","6,012.19580","0.01406","0.00368","217.25385"
"97.30000","3.24336","6,018.42676","0.01405","0.00322","217.47900"
"97.40000","3.24665","6,023.19482","0.01408","0.00320","217.65129"
"97.50000","3.24993","6,028.36670","0.01409","0.00316","217.83818"
"97.60000","3.25330","6,034.03711","0.01410","0.00319","218.04309"
"97.70000","3.25666","6,038.83643","0.01413","0.00320","218.21651"
"97.80000","3.26002","6,045.06934","0.01413","0.00335","218.44174"
"97.90000","3.26324","6,049.42920","0.01417","0.00331","218.59929"
"98.00000","3.26667","6,055.47070","0.01415","0.00339","218.81760"
"98.10000","3.26996","6,060.94141","0.01420","0.00339","219.01529"
"98.20000","3.27325","6,065.66406","0.01418","0.00330","219.18594"
"98.30000","3.27669","6,071.40332","0.01422","0.00354","219.39333"
"98.40000","3.28013","6,077.52783","0.01421","0.00358","219.61464"
"98.50000","3.28327","6,082.28125","0.01423","0.00376","219.78641"
"98.60000","3.28663","6,087.01465","0.01426","0.00382","219.95746"
"98.70000","3.29007","6,092.86621","0.01427","0.00371","220.16890"
"98.80000","3.29328","6,097.96191","0.01427","0.00380","220.35304"
"98.90000","3.29664","6,103.11475","0.01428","0.00389","220.53925"
"99.00000","3.30008","6,109.26465","0.01429","0.00404","220.76147"
"99.10000","3.30337","6,115.40479","0.01433","0.00407","220.98335"
"99.20000","3.30666","6,119.36963","0.01431","0.00413","221.12662"
"99.30000","3.31010","6,125.92627","0.01433","0.00422","221.36354"
"99.40000","3.31339","6,131.50195","0.01432","0.00437","221.56503"
"99.50000","3.31652","6,136.22803","0.01436","0.00435","221.73581"
"99.60000","3.31996","6,141.95264","0.01438","0.00438","221.94267"
"99.70000","3.32340","6,147.50000","0.01441","0.00453","222.14313"
"99.80000","3.32661","6,153.23926","0.01441","0.00458","222.35051"
"99.90000","3.32998","6,158.45312","0.01443","0.00463","222.53893"
"100.00000","3.33341","6,163.55762","0.01446","0.00456","222.72337"
"100.10000","3.33655","6,168.78223","0.01441","0.00464","222.91217"
"100.20000","3.33999","6,174.58936","0.01445","0.00441","223.12201"
"100.30000","3.34335","6,179.62646","0.01449","0.00389","223.30403"
"100.40000","3.34657","6,184.52393","0.01447","0.00377","223.48100"
"100.50000","3.35001","6,189.86621","0.01449","0.00357","223.67406"
"100.60000","3.35337","6,197.20557","0.01451","0.00335","223.93925"
"100.70000","3.35666","6,201.89160","0.01454","0.00330","224.10860"
"100.80000","3.35995","6,205.60840","0.01455","0.00329","224.24290"
"100.90000","3.36331","6,212.67822","0.01453","0.00337","224.49837"
"101.00000","3.36675","6,217.78955","0.01458","0.00331","224.68307"
"101.10000","3.36989","6,223.06787","0.01455","0.00341","224.87381"
"101.20000","3.37332","6,228.42334","0.01457","0.00356","225.06734"
"101.30000","3.37676","6,233.73779","0.01459","0.00373","225.25937"
"101.40000","3.37990","6,238.16797","0.01461","0.00354","225.41946"
"101.50000","3.38334","6,244.68359","0.01464","0.00356","225.65491"
"101.60000","3.38678","6,249.66309","0.01464","0.00364","225.83484"
"101.70000","3.38984","6,254.35645","0.01466","0.00377","226.00444"
"101.80000","3.39328","6,260.14453","0.01463","0.00381","226.21359"
"101.90000","3.39672","6,265.92578","0.01467","0.00377","226.42250"
"102.00000","3.40001","6,271.31836","0.01473","0.00396","226.61737"
"102.10000","3.40329","6,275.88330","0.01469","0.00395","226.78232"
"102.20000","3.40658","6,280.65332","0.01470","0.00403","226.95470"
"102.30000","3.41002","6,287.01807","0.01474","0.00419","227.18468"
"102.40000","3.41316","6,291.42432","0.01475","0.00419","227.34390"
"102.50000","3.41667","6,297.18848","0.01476","0.00437","227.55220"
"102.60000","3.42011","6,302.91699","0.01479","0.00447","227.75920"
"102.70000","3.42317","6,307.83301","0.01479","0.00446","227.93684"
"102.80000","3.42676","6,313.61621","0.01480","0.00457","228.14583"
"102.90000","3.43012","6,319.63184","0.01483","0.00459","228.36320"
"103.00000","3.43326","6,323.77637","0.01485","0.00465","228.51297"
"103.10000","3.43670","6,328.78369","0.01486","0.00467","228.69391"
"103.20000","3.43999","6,334.48975","0.01482","0.00471","228.90010"
"103.30000","3.44335","6,339.95996","0.01484","0.00475","229.09776"
"103.40000","3.44664","6,345.28906","0.01488","0.00454","229.29034"
"103.50000","3.45000","6,351.24072","0.01489","0.00449","229.50540"
"103.60000","3.45337","6,356.38379","0.01490","0.00397","229.69125"
"103.70000","3.45658","6,361.15820","0.01489","0.00364","229.86377"
"103.80000","3.45994","6,366.59717","0.01494","0.00355","230.06032"
"103.90000","3.46331","6,371.35449","0.01494","0.00344","230.23222"
"104.00000","3.46652","6,376.12402","0.01496","0.00347","230.40457"
"104.10000","3.47003","6,382.41113","0.01497","0.00342","230.63176"
"104.20000","3.47340","6,387.95557","0.01496","0.00353","230.83211"
"104.30000","3.47661","6,393.11279","0.01496","0.00354","231.01848"
"104.40000","3.48005","6,398.18896","0.01502","0.00386","231.20190"
"104.50000","3.48326","6,403.57520","0.01501","0.00379","231.39653"
"104.60000","3.48655","6,408.07764","0.01501","0.00363","231.55923"
"104.70000","3.48991","6,413.54346","0.01505","0.00350","231.75674"
"104.80000","3.49328","6,418.43652","0.01503","0.00372","231.93356"
"104.90000","3.49671","6,424.23047","0.01509","0.00373","232.14293"
"105.00000","3.49993","6,428.92432","0.01508","0.00386","232.31255"
"105.10000","3.50337","6,434.42725","0.01507","0.00396","232.51140"
"105.20000","3.50673","6,439.72656","0.01511","0.00405","232.70288"
"105.30000","3.50979","6,444.08691","0.01511","0.00408","232.86044"
"105.40000","3.51338","6,450.06738","0.01512","0.00412","233.07655"
"105.50000","3.51674","6,454.91992","0.01512","0.00428","233.25191"
"105.60000","3.51996","6,459.59668","0.01514","0.00436","233.42090"
"105.70000","3.52340","6,465.02539","0.01515","0.00449","233.61707"
"105.80000","3.52668","6,469.34375","0.01521","0.00448","233.77312"
"105.90000","3.52997","6,475.15674","0.01520","0.00459","233.98317"
"106.00000","3.53326","6,479.98975","0.01519","0.00469","234.15782"
"106.10000","3.53662","6,484.22705","0.01521","0.00473","234.31093"
"106.20000","3.53999","6,489.54980","0.01522","0.00485","234.50328"
"106.30000","3.54328","6,494.39160","0.01523","0.00484","234.67824"
"106.40000","3.54671","6,499.48486","0.01524","0.00491","234.86229"
"106.50000","3.55008","6,506.35303","0.01527","0.00492","235.11047"
"106.60000","3.55322","6,509.13721","0.01530","0.00474","235.21107"
"106.70000","3.55665","6,514.97900","0.01530","0.00483","235.42216"
"106.80000","3.56002","6,520.45459","0.01528","0.00429","235.62004"
"106.90000","3.56323","6,525.58203","0.01532","0.00411","235.80531"
"107.00000","3.56667","6,530.82715","0.01532","0.00396","235.99486"
"107.10000","3.57011","6,535.21289","0.01535","0.00371","236.15334"
"107.20000","3.57332","6,541.46826","0.01538","0.00365","236.37938"
"107.30000","3.57668","6,545.69629","0.01538","0.00367","236.53215"
"107.40000","3.57997","6,550.94775","0.01538","0.00361","236.72192"
"107.50000","3.58326","6,555.56543","0.01538","0.00368","236.88878"
"107.60000","3.58655","6,560.17236","0.01542","0.00380","237.05525"
"107.70000","3.59006","6,566.13330","0.01540","0.00383","237.27066"
"107.80000","3.59335","6,570.94287","0.01542","0.00389","237.44446"
"107.90000","3.59664","6,575.92627","0.01545","0.00405","237.62453"
"108.00000","3.60008","6,581.23926","0.01546","0.00390","237.81651"
"108.10000","3.60336","6,585.97949","0.01544","0.00389","237.98781"
"108.20000","3.60658","6,590.71973","0.01546","0.00401","238.15910"
"108.30000","3.60994","6,596.57422","0.01549","0.00407","238.37065"
"108.40000","3.61338","6,600.96631","0.01548","0.00418","238.52937"
"108.50000","3.61659","6,606.22998","0.01551","0.00418","238.71957"
"108.60000","3.62003","6,611.67969","0.01552","0.00429","238.91650"
"108.70000","3.62347","6,617.03125","0.01556","0.00437","239.10988"
"108.80000","3.62661","6,620.91504","0.01555","0.00447","239.25023"
"108.90000","3.62990","6,624.78857","0.01558","0.00453","239.39020"
"109.00000","3.63333","6,631.63135","0.01557","0.00464","239.63747"
"109.10000","3.63662","6,636.44287","0.01559","0.00477","239.81133"
"109.20000","3.63999","6,640.95654","0.01561","0.00472","239.97444"
"109.30000","3.64335","6,646.32910","0.01561","0.00481","240.16858"
"109.40000","3.64671","6,651.65039","0.01564","0.00489","240.36087"
"109.50000","3.64993","6,655.93213","0.01561","0.00498","240.51558"
"109.60000","3.65329","6,660.70410","0.01564","0.00504","240.68802"
"109.70000","3.65673","6,666.38477","0.01566","0.00503","240.89330"
"109.80000","3.65994","6,670.40186","0.01569","0.00495","241.03845"
"109.90000","3.66338","6,676.47559","0.01570","0.00511","241.25793"
"110.00000","3.66682","6,681.83252","0.01571","0.00503","241.45151"
"110.10000","3.66996","6,686.19141","0.01572","0.00465","241.60902"
"110.20000","3.67332","6,690.63770","0.01573","0.00435","241.76968"
"110.30000","3.67676","6,696.07666","0.01573","0.00396","241.96623"
"110.40000","3.67990","6,700.74170","0.01576","0.00380","242.13480"
"110.50000","3.68326","6,706.50391","0.01575","0.00374","242.34302"
"110.60000","3.68670","6,712.28223","0.01578","0.00377","242.55183"
"110.70000","3.68998","6,716.83105","0.01578","0.00383","242.71620"
"110.80000","3.69327","6,720.93018","0.01582","0.00391","242.86432"
"110.90000","3.69664","6,726.28076","0.01580","0.00399","243.05768"
"111.00000","3.70000","6,730.92236","0.01580","0.00390","243.22540"
"111.10000","3.70314","6,735.48340","0.01586","0.00424","243.39021"
"111.20000","3.70665","6,741.50000","0.01582","0.00418","243.60762"
"111.30000","3.71016","6,747.02441","0.01583","0.00412","243.80725"
"111.40000","3.71323","6,751.71777","0.01588","0.00401","243.97685"
"111.50000","3.71674","6,756.95166","0.01587","0.00409","244.16599"
"111.60000","3.72010","6,761.85059","0.01589","0.00412","244.34300"
"111.70000","3.72324","6,767.06934","0.01590","0.00429","244.53159"
"111.80000","3.72668","6,771.29639","0.01591","0.00426","244.68434"
"111.90000","3.73004","6,776.57031","0.01590","0.00438","244.87491"
"112.00000","3.73333","6,781.52588","0.01592","0.00451","245.05399"
"112.10000","3.73670","6,786.06543","0.01595","0.00459","245.21802"
"112.20000","3.74006","6,791.79736","0.01594","0.00467","245.42514"
"112.30000","3.74342","6,797.50293","0.01595","0.00476","245.63132"
"112.40000","3.74656","6,801.54199","0.01600","0.00475","245.77727"
"112.50000","3.75000","6,805.86328","0.01601","0.00484","245.93343"
"112.60000","3.75344","6,811.60840","0.01601","0.00500","246.14104"
"112.70000","3.75650","6,815.89307","0.01603","0.00513","246.29585"
"112.80000","3.76001","6,820.95361","0.01601","0.00510","246.47873"
"112.90000","3.76338","6,825.82910","0.01604","0.00511","246.65491"
"113.00000","3.76659","6,830.03076","0.01606","0.00513","246.80673"
"113.10000","3.77003","6,834.90869","0.01608","0.00515","246.98300"
"113.20000","3.77332","6,839.64404","0.01606","0.00521","247.15411"
"113.30000","3.77660","6,843.94531","0.01609","0.00503","247.30954"
"113.40000","3.77997","6,848.73389","0.01612","0.00492","247.48257"
"113.50000","3.78333","6,853.34229","0.01611","0.00477","247.64911"
"113.60000","3.78677","6,859.06787","0.01613","0.00436","247.85600"
"113.70000","3.78991","6,862.74756","0.01616","0.00412","247.98897"
"113.80000","3.79327","6,867.19434","0.01616","0.00401","248.14966"
"113.90000","3.79671","6,872.51025","0.01620","0.00405","248.34175"
"114.00000","3.79985","6,876.44629","0.01618","0.00406","248.48398"
"114.10000","3.80344","6,882.34033","0.01618","0.00401","248.69696"
"114.20000","3.80672","6,886.39941","0.01620","0.00408","248.84364"
"114.30000","3.80994","6,890.99805","0.01623","0.00383","249.00981"
"114.40000","3.81338","6,895.95801","0.01620","0.00439","249.18904"
"114.50000","3.81666","6,900.29639","0.01622","0.00444","249.34581"
"114.60000","3.81995","6,905.10107","0.01622","0.00445","249.51944"
"114.70000","3.82324","6,909.45410","0.01625","0.00419","249.67674"
"114.80000","3.82660","6,913.86768","0.01627","0.00414","249.83623"
"114.90000","3.83004","6,919.56348","0.01627","0.00433","250.04204"
"115.00000","3.83326","6,923.70459","0.01627","0.00441","250.19168"
"115.10000","3.83669","6,928.21387","0.01631","0.00434","250.35463"
"115.20000","3.84006","6,933.97510","0.01631","0.00453","250.56282"
"115.30000","3.84312","6,937.29736","0.01631","0.00466","250.68286"
"115.40000","3.84663","6,942.54639","0.01631","0.00472","250.87254"
"115.50000","3.85007","6,947.88184","0.01635","0.00471","251.06534"
"115.60000","3.85321","6,952.29004","0.01635","0.00472","251.22464"
"115.70000","3.85672","6,958.04883","0.01636","0.00485","251.43272"
"115.80000","3.86009","6,962.13330","0.01637","0.00497","251.58032"
"115.90000","3.86330","6,967.61377","0.01639","0.00503","251.77837"
"116.00000","3.86659","6,972.11084","0.01642","0.00506","251.94087"
"116.10000","3.86995","6,976.09619","0.01640","0.00521","252.08488"
"116.20000","3.87331","6,982.11426","0.01641","0.00531","252.30235"
"116.30000","3.87660","6,985.89844","0.01643","0.00529","252.43909"
"116.40000","3.88012","6,991.72021","0.01646","0.00533","252.64946"
"116.50000","3.88340","6,996.74658","0.01647","0.00533","252.83110"
"116.60000","3.88654","7,000.32422","0.01650","0.00538","252.96037"
"116.70000","3.89006","7,006.06396","0.01648","0.00547","253.16779"
"116.80000","3.89342","7,010.59717","0.01650","0.00535","253.33159"
"116.90000","3.89656","7,014.96387","0.01650","0.00473","253.48938"
"117.00000","3.90000","7,019.39014","0.01653","0.00463","253.64934"
"117.10000","3.90343","7,024.32324","0.01653","0.00434","253.82759"
"117.20000","3.90665","7,029.38525","0.01654","0.00429","254.01051"
"117.30000","3.91001","7,033.08350","0.01654","0.00418","254.14415"
"117.40000","3.91330","7,038.12988","0.01656","0.00415","254.32651"
"117.50000","3.91659","7,042.85498","0.01660","0.00421","254.49724"
"117.60000","3.91988","7,046.79248","0.01659","0.00431","254.63953"
"117.70000","3.92339","7,052.40674","0.01662","0.00419","254.84241"
"117.80000","3.92668","7,056.50830","0.01658","0.00416","254.99062"
"117.90000","3.92989","7,060.29248","0.01660","0.00447","255.12737"
"118.00000","3.93340","7,065.59473","0.01664","0.00468","255.31895"
"118.10000","3.93669","7,070.14600","0.01663","0.00453","255.48341"
"118.20000","3.93990","7,074.29443","0.01663","0.00432","255.63333"
"118.30000","3.94334","7,080.13721","0.01668","0.00451","255.84445"
"118.40000","3.94678","7,083.22363","0.01667","0.00440","255.95599"
"118.50000","3.94992","7,088.39355","0.01669","0.00449","256.14279"
"118.60000","3.95336","7,092.40283","0.01670","0.00467","256.28769"
"118.70000","3.95680","7,096.66992","0.01668","0.00465","256.44186"
"118.80000","3.95993","7,101.80322","0.01671","0.00478","256.62738"
"118.90000","3.96330","7,105.63281","0.01669","0.00488","256.76575"
"119.00000","3.96674","7,110.32129","0.01672","0.00488","256.93518"
"119.10000","3.96995","7,114.61621","0.01674","0.00502","257.09036"
"119.20000","3.97331","7,117.71240","0.01675","0.00512","257.20227"
"119.30000","3.97675","7,122.79688","0.01677","0.00516","257.38599"
"119.40000","3.98004","7,127.26562","0.01677","0.00520","257.54745"
"119.50000","3.98325","7,131.26074","0.01679","0.00517","257.69183"
"119.60000","3.98662","7,135.41895","0.01680","0.00527","257.84210"
"119.70000","3.99005","7,139.73926","0.01682","0.00536","257.99820"
"119.80000","3.99319","7,143.68750","0.01682","0.00536","258.14087"
"119.90000","3.99670","7,148.11914","0.01684","0.00540","258.30103"
"120.00000","4.00014","7,152.56934","0.01683","0.00549","258.46182"
"120.10000","4.00321","7,156.12012","0.01684","0.00555","258.59015"
"120.20000","4.00664","7,160.65771","0.01687","0.00555","258.75412"
"120.30000","4.01008","7,164.70947","0.01688","0.00539","258.90051"
"120.40000","4.01330","7,169.84961","0.01689","0.00551","259.08627"
"120.50000","4.01666","7,172.42188","0.01688","0.00483","259.17920"
"120.60000","4.02002","7,176.85596","0.01692","0.00483","259.33945"
"120.70000","4.02331","7,181.18457","0.01692","0.00441","259.49585"
"120.80000","4.02667","7,184.94971","0.01689","0.00434","259.63193"
"120.90000","4.02996","7,189.09375","0.01693","0.00431","259.78165"
"121.00000","4.03340","7,192.75635","0.01696","0.00430","259.91400"
"121.10000","4.03654","7,196.51123","0.01696","0.00433","260.04968"
"121.20000","4.03998","7,199.81641","0.01698","0.00437","260.16913"
"121.30000","4.04342","7,204.64160","0.01696","0.00447","260.34348"
"121.40000","4.04655","7,207.28320","0.01698","0.00457","260.43893"
"121.50000","4.05007","7,211.29834","0.01702","0.00469","260.58405"
"121.60000","4.05343","7,215.12207","0.01702","0.00462","260.72220"
"121.70000","4.05657","7,218.20361","0.01702","0.00479","260.83356"
"121.80000","4.06001","7,221.94922","0.01703","0.00466","260.96890"
"121.90000","4.06322","7,225.58936","0.01700","0.00466","261.10043"
"122.00000","4.06666","7,229.63721","0.01702","0.00468","261.24670"
"122.10000","4.06995","7,233.18896","0.01706","0.00459","261.37506"
"122.20000","4.07331","7,237.13184","0.01704","0.00464","261.51755"
"122.30000","4.07675","7,240.89795","0.01706","0.00483","261.65363"
"122.40000","4.07989","7,242.98486","0.01704","0.00484","261.72903"
"122.50000","4.08325","7,247.53564","0.01708","0.00490","261.89349"
"122.60000","4.08676","7,251.36914","0.01708","0.00499","262.03201"
"122.70000","4.08983","7,254.38281","0.01709","0.00501","262.14090"
"122.80000","4.09341","7,257.88867","0.01709","0.00521","262.26761"
"122.90000","4.09678","7,261.88867","0.01712","0.00522","262.41214"
"123.00000","4.09999","7,265.12842","0.01712","0.00521","262.52921"
"123.10000","4.10335","7,267.84619","0.01713","0.00527","262.62741"
"123.20000","4.10664","7,271.54443","0.01710","0.00537","262.76105"
"123.30000","4.11001","7,274.50342","0.01716","0.00539","262.86798"
"123.40000","4.11329","7,278.54395","0.01717","0.00546","263.01398"
"123.50000","4.11666","7,281.64551","0.01715","0.00553","263.12607"
"123.60000","4.12010","7,285.45801","0.01723","0.00555","263.26382"
"123.70000","4.12323","7,287.79004","0.01719","0.00556","263.34811"
"123.80000","4.12667","7,292.79150","0.01719","0.00570","263.52884"
"123.90000","4.13004","7,295.98926","0.01720","0.00567","263.64438"
"124.00000","4.13317","7,298.78564","0.01724","0.00572","263.74542"
"124.10000","4.13669","7,301.28125","0.01724","0.00570","263.83560"
"124.20000","4.14005","7,304.55957","0.01722","0.00526","263.95407"
"124.30000","4.14326","7,308.33252","0.01725","0.00522","264.09042"
"124.40000","4.14670","7,311.67188","0.01724","0.00498","264.21109"
"124.50000","4.15006","7,315.26025","0.01728","0.00475","264.34076"
"124.60000","4.15328","7,317.80957","0.01729","0.00450","264.43286"
"124.70000","4.15664","7,319.79297","0.01729","0.00438","264.50455"
"124.80000","4.16000","7,321.74121","0.01728","0.00442","264.57495"
"124.90000","4.16337","7,323.62109","0.01728","0.00446","264.64288"
"125.00000","4.16658","7,323.75439","0.01732","0.00443","264.64771"
"125.10000","4.17009","7,325.49854","0.01730","0.00451","264.71072"
"125.20000","4.17338","7,326.66406","0.01729","0.00453","264.75284"
"125.30000","4.17652","7,327.11279","0.01732","0.00448","264.76904"
"125.40000","4.17996","7,328.24658","0.01730","0.00470","264.81003"
"125.50000","4.18340","7,328.80176","0.01731","0.00479","264.83008"
"125.60000","4.18661","7,330.31055","0.01737","0.00479","264.88461"
"125.70000","4.19005","7,331.32080","0.01734","0.00486","264.92111"
"125.80000","4.19341","7,331.97607","0.01732","0.00484","264.94479"
"125.90000","4.19663","7,333.38965","0.01735","0.00458","264.99588"
"126.00000","4.19991","7,334.69434","0.01736","0.00457","265.04300"
"126.10000","4.20335","7,335.36328","0.01735","0.00479","265.06720"
"126.20000","4.20664","7,336.68115","0.01735","0.00480","265.11481"
"126.30000","4.20985","7,336.65527","0.01736","0.00475","265.11386"
"126.40000","4.21344","7,338.37549","0.01734","0.00491","265.17603"
"126.50000","4.21673","7,339.80469","0.01735","0.00495","265.22769"
"126.60000","4.21994","7,339.90869","0.01738","0.00496","265.23145"
"126.70000","4.22338","7,341.53027","0.01741","0.00508","265.29004"
"126.80000","4.22667","7,341.87598","0.01740","0.00518","265.30252"
"126.90000","4.22988","7,343.77734","0.01737","0.00518","265.37125"
"127.00000","4.23332","7,344.58252","0.01741","0.00524","265.40033"
"127.10000","4.23676","7,345.27637","0.01738","0.00529","265.42542"
"127.20000","4.23997","7,346.09277","0.01744","0.00535","265.45490"
"127.30000","4.24334","7,346.38184","0.01741","0.00540","265.46536"
"127.40000","4.24677","7,347.96533","0.01744","0.00554","265.52258"
"127.50000","4.24991","7,348.79443","0.01744","0.00547","265.55252"
"127.60000","4.25328","7,350.13135","0.01745","0.00560","265.60083"
"127.70000","4.25671","7,351.48779","0.01743","0.00552","265.64984"
"127.80000","4.26000","7,352.48389","0.01745","0.00557","265.68585"
"127.90000","4.26329","7,352.53223","0.01747","0.00569","265.68759"
"128.00000","4.26673","7,353.62158","0.01747","0.00573","265.72696"
"128.10001","4.27002","7,354.91064","0.01748","0.00574","265.77353"
"128.20000","4.27323","7,355.15332","0.01749","0.00578","265.78232"
"128.30000","4.27667","7,356.40088","0.01751","0.00575","265.82739"
"128.39999","4.28003","7,357.37744","0.01748","0.00571","265.86267"
"128.50000","4.28325","7,357.50635","0.01747","0.00580","265.86734"
"128.60001","4.28668","7,358.25000","0.01750","0.00507","265.89420"
"128.70000","4.29012","7,359.97852","0.01752","0.00528","265.95667"
"128.80000","4.29326","7,360.38184","0.01754","0.00462","265.97125"
"128.89999","4.29662","7,360.95361","0.01751","0.00464","265.99191"
"129.00000","4.29999","7,362.54736","0.01751","0.00457","266.04950"
"129.10001","4.30328","7,363.51465","0.01755","0.00456","266.08444"
"129.20000","4.30664","7,364.84326","0.01751","0.00462","266.13245"
"129.30000","4.31008","7,366.60791","0.01751","0.00461","266.19623"
"129.39999","4.31344","7,368.38428","0.01751","0.00455","266.26041"
"129.50000","4.31665","7,368.49512","0.01755","0.00445","266.26443"
"129.60001","4.32002","7,369.58398","0.01754","0.00440","266.30377"
"129.70000","4.32338","7,371.36328","0.01753","0.00482","266.36807"
"129.80000","4.32652","7,373.13623","0.01755","0.00484","266.43213"
"129.89999","4.33003","7,374.65527","0.01757","0.00495","266.48703"
"130.00000","4.33339","7,375.90137","0.01754","0.00504","266.53204"
"130.10001","4.33661","7,377.27002","0.01757","0.00479","266.58151"
"130.20000","4.34005","7,378.29492","0.01756","0.00473","266.61853"
"130.30000","4.34333","7,379.93701","0.01759","0.00487","266.67789"
"130.39999","4.34655","7,381.11816","0.01758","0.00483","266.72055"
"130.50000","4.34999","7,382.06885","0.01760","0.00507","266.75491"
"130.60001","4.35327","7,385.11768","0.01759","0.00493","266.86508"
"130.70000","4.35671","7,386.80811","0.01759","0.00508","266.92618"
"130.80000","4.36000","7,387.25732","0.01758","0.00515","266.94241"
"130.89999","4.36329","7,389.12500","0.01760","0.00522","267.00989"
"131.00000","4.36680","7,391.15039","0.01763","0.00529","267.08307"
"131.10001","4.36987","7,392.27930","0.01763","0.00537","267.12387"
"131.20000","4.37330","7,393.51074","0.01760","0.00543","267.16837"
"131.30000","4.37674","7,395.88721","0.01768","0.00540","267.25424"
"131.39999","4.37988","7,396.34033","0.01764","0.00552","267.27063"
"131.50000","4.38339","7,398.79688","0.01763","0.00556","267.35941"
"131.60001","4.38676","7,400.28076","0.01762","0.00561","267.41302"
"131.70000","4.38997","7,401.17334","0.01763","0.00562","267.44528"
"131.80000","4.39333","7,402.48047","0.01766","0.00562","267.49249"
"131.89999","4.39662","7,405.05957","0.01768","0.00570","267.58569"
"132.00000","4.40006","7,406.85742","0.01764","0.00578","267.65067"
"132.10001","4.40335","7,407.80908","0.01768","0.00584","267.68506"
"132.20000","4.40664","7,409.91455","0.01770","0.00586","267.76114"
"132.30000","4.41015","7,412.37158","0.01770","0.00579","267.84991"
"132.39999","4.41321","7,413.12598","0.01770","0.00569","267.87717"
"132.50000","4.41665","7,415.38916","0.01769","0.00517","267.95895"
"132.60001","4.42001","7,416.74902","0.01769","0.00528","268.00812"
"132.70000","4.42315","7,418.30225","0.01771","0.00507","268.06424"
"132.80000","4.42674","7,420.44580","0.01772","0.00475","268.14169"
"132.89999","4.43010","7,422.47021","0.01770","0.00470","268.21484"
"133.00000","4.43332","7,423.33105","0.01773","0.00456","268.24594"
"133.10001","4.43668","7,425.12109","0.01773","0.00462","268.31064"
"133.20000","4.43997","7,426.73291","0.01774","0.00466","268.36887"
"133.30000","4.44333","7,428.83887","0.01776","0.00471","268.44498"
"133.39999","4.44662","7,429.88379","0.01776","0.00469","268.48273"
"133.50000","4.45006","7,432.20215","0.01774","0.00473","268.56650"
"133.60001","4.45350","7,433.43066","0.01775","0.00466","268.61090"
"133.70000","4.45656","7,434.07178","0.01777","0.00473","268.63406"
"133.80000","4.46007","7,436.68213","0.01775","0.00506","268.72839"
"133.89999","4.46344","7,438.41602","0.01781","0.00495","268.79105"
"134.00000","4.46650","7,439.15869","0.01777","0.00479","268.81790"
"134.10001","4.47001","7,441.06934","0.01777","0.00473","268.88693"
"134.20000","4.47338","7,443.27881","0.01778","0.00489","268.96677"
"134.30000","4.47659","7,444.31006","0.01780","0.00494","269.00403"
"134.39999","4.48003","7,444.77881","0.01782","0.00492","269.02097"
"134.50000","4.48339","7,446.82568","0.01778","0.00505","269.09494"
"134.60001","4.48668","7,447.92139","0.01779","0.00519","269.13452"
"134.70000","4.48997","7,449.71631","0.01780","0.00511","269.19940"
"134.80000","4.49333","7,450.67236","0.01778","0.00524","269.23395"
"134.89999","4.49669","7,452.15137","0.01784","0.00528","269.28738"
"135.00000","4.49983","7,452.77832","0.01778","0.00526","269.31003"
"135.10001","4.50342","7,454.76172","0.01784","0.00546","269.38171"
"135.20000","4.50671","7,455.76270","0.01781","0.00550","269.41788"
"135.30000","4.50985","7,456.63965","0.01781","0.00548","269.44958"
"135.39999","4.51336","7,458.68018","0.01785","0.00550","269.52332"
"135.50000","4.51672","7,459.77686","0.01786","0.00557","269.56293"
"135.60001","4.51994","7,461.78760","0.01784","0.00565","269.63559"
"135.70000","4.52338","7,462.94189","0.01784","0.00576","269.67731"
"135.80000","4.52674","7,463.90967","0.01782","0.00575","269.71228"
"135.89999","4.53003","7,465.16309","0.01785","0.00586","269.75757"
"136.00000","4.53332","7,466.54590","0.01787","0.00582","269.80753"
"136.10001","4.53668","7,468.27148","0.01792","0.00587","269.86990"
"136.20000","4.53997","7,469.08545","0.01788","0.00587","269.89929"
"136.30000","4.54318","7,470.86084","0.01786","0.00583","269.96347"
"136.39999","4.54677","7,472.91309","0.01788","0.00596","270.03763"
"136.50000","4.55006","7,474.96875","0.01794","0.00566","270.11191"
"136.60001","4.55320","7,474.84131","0.01792","0.00570","270.10730"
"136.70000","4.55671","7,476.64404","0.01790","0.00532","270.17245"
"136.80000","4.56007","7,478.26611","0.01790","0.00503","270.23105"
"136.89999","4.56321","7,478.88232","0.01792","0.00494","270.25333"
"137.00000","4.56665","7,480.38232","0.01794","0.00472","270.30753"
"137.10001","4.57001","7,481.79980","0.01793","0.00469","270.35873"
"137.20000","4.57323","7,482.97559","0.01791","0.00464","270.40125"
"137.30000","4.57666","7,484.84229","0.01792","0.00472","270.46869"
"137.39999","4.58003","7,487.27002","0.01792","0.00474","270.55643"
"137.50000","4.58324","7,487.66162","0.01796","0.00469","270.57056"
"137.60001","4.58653","7,489.27002","0.01795","0.00465","270.62869"
"137.70000","4.59004","7,490.65039","0.01794","0.00456","270.67856"
"137.80000","4.59333","7,492.68359","0.01796","0.00469","270.75204"
"137.89999","4.59662","7,493.03906","0.01798","0.00495","270.76489"
"138.00000","4.60006","7,494.82715","0.01799","0.00496","270.82950"
"138.10001","4.60342","7,496.97705","0.01797","0.00508","270.90720"
"138.20000","4.60656","7,498.71484","0.01799","0.00487","270.96997"
"138.30000","4.61000","7,499.35156","0.01796","0.00479","270.99298"
"138.39999","4.61328","7,501.37939","0.01796","0.00478","271.06625"
"138.50000","4.61657","7,502.25635","0.01797","0.00493","271.09796"
"138.60001","4.62001","7,504.35352","0.01800","0.00512","271.17374"
"138.70000","4.62345","7,505.63672","0.01799","0.00511","271.22009"
"138.80000","4.62666","7,507.21484","0.01802","0.00509","271.27713"
"138.89999","4.62995","7,508.27100","0.01800","0.00521","271.31531"
"139.00000","4.63331","7,509.89600","0.01802","0.00523","271.37402"
"139.10001","4.63660","7,511.48975","0.01800","0.00536","271.43161"
"139.20000","4.63997","7,512.43701","0.01803","0.00546","271.46585"
"139.30000","4.64333","7,514.57373","0.01803","0.00548","271.54306"
"139.39999","4.64669","7,515.71973","0.01801","0.00561","271.58447"
"139.50000","4.64998","7,516.47656","0.01803","0.00557","271.61182"
"139.60001","4.65327","7,518.77588","0.01804","0.00560","271.69489"
"139.70000","4.65671","7,520.30322","0.01804","0.00571","271.75009"
"139.80000","4.65984","7,520.97900","0.01809","0.00570","271.77451"
"139.89999","4.66336","7,522.34229","0.01805","0.00576","271.82376"
"140.00000","4.66680","7,524.33545","0.01807","0.00582","271.89578"
"140.10001","4.66993","7,525.41553","0.01806","0.00574","271.93481"
"140.20000","4.67337","7,525.94531","0.01806","0.00586","271.95398"
"140.30000","4.67674","7,528.12695","0.01804","0.00578","272.03281"
"140.39999","4.67995","7,528.41602","0.01806","0.00583","272.04324"
"140.50000","4.68331","7,529.76025","0.01805","0.00587","272.09183"
"140.60001","4.68668","7,531.84473","0.01805","0.00597","272.16714"
"140.70000","4.69004","7,533.14697","0.01808","0.00594","272.21420"
"140.80000","4.69333","7,534.03662","0.01809","0.00530","272.24634"
"140.89999","4.69669","7,536.29736","0.01810","0.00513","272.32803"
"141.00000","4.70013","7,538.07031","0.01809","0.00490","272.39212"
"141.10001","4.70319","7,538.78662","0.01807","0.00493","272.41800"
"141.20000","4.70663","7,540.64453","0.01810","0.00480","272.48514"
"141.30000","4.71007","7,542.45752","0.01812","0.00474","272.55066"
"141.39999","4.71328","7,544.80420","0.01811","0.00488","272.63544"
"141.50000","4.71672","7,545.45166","0.01812","0.00491","272.65884"
"141.60001","4.72008","7,547.39355","0.01810","0.00479","272.72900"
"141.70000","4.72330","7,548.24072","0.01814","0.00486","272.75961"
"141.80000","4.72666","7,550.08008","0.01813","0.00476","272.82608"
"141.89999","4.72995","7,551.47168","0.01813","0.00512","272.87637"
"142.00000","4.73339","7,553.46924","0.01811","0.00507","272.94855"
"142.10001","4.73660","7,554.44092","0.01814","0.00510","272.98367"
"142.20000","4.73996","7,556.18896","0.01815","0.00484","273.04684"
"142.30000","4.74348","7,558.67139","0.01815","0.00495","273.13654"
"142.39999","4.74654","7,559.08545","0.01816","0.00494","273.15149"
"142.50000","4.74998","7,560.64258","0.01814","0.00503","273.20776"
"142.60001","4.75342","7,563.29395","0.01817","0.00509","273.30359"
"142.70000","4.75656","7,564.44629","0.01815","0.00511","273.34521"
"142.80000","4.76007","7,566.18701","0.01815","0.00526","273.40811"
"142.89999","4.76343","7,567.66260","0.01816","0.00539","273.46146"
"143.00000","4.76664","7,568.81592","0.01818","0.00537","273.50311"
"143.10001","4.77001","7,570.94482","0.01817","0.00545","273.58005"
"143.20000","4.77337","7,572.41553","0.01816","0.00545","273.63318"
"143.30000","4.77666","7,574.03760","0.01820","0.00560","273.69180"
"143.39999","4.77987","7,574.98877","0.01819","0.00568","273.72617"
"143.50000","4.78331","7,577.03125","0.01818","0.00563","273.79999"
"143.60001","4.78675","7,579.32129","0.01823","0.00580","273.88275"
"143.70000","4.78981","7,580.31689","0.01822","0.00582","273.91870"
"143.80000","4.79340","7,581.63574","0.01820","0.00578","273.96637"
"143.89999","4.79676","7,583.98779","0.01822","0.00589","274.05136"
"144.00000","4.79983","7,585.01270","0.01823","0.00596","274.08841"
"144.10001","4.80341","7,587.13135","0.01822","0.00596","274.16495"
"144.20000","4.80670","7,589.63379","0.01823","0.00602","274.25537"
"144.30000","4.80992","7,589.99365","0.01823","0.00601","274.26840"
"144.39999","4.81343","7,592.35938","0.01825","0.00608","274.35388"
"144.50000","4.81672","7,594.73438","0.01825","0.00609","274.43970"
"144.60001","4.82001","7,596.84814","0.01827","0.00606","274.51608"
"144.70000","4.82322","7,597.26172","0.01825","0.00591","274.53104"
"144.80000","4.82666","7,600.28076","0.01827","0.00551","274.64011"
"144.89999","4.83002","7,602.43457","0.01826","0.00559","274.71796"
"145.00000","4.83323","7,603.41943","0.01827","0.00511","274.75354"
"145.10001","4.83675","7,605.51074","0.01827","0.00498","274.82910"
"145.20000","4.84004","7,606.76025","0.01826","0.00495","274.87427"
"145.30000","4.84317","7,608.70947","0.01827","0.00479","274.94470"
"145.39999","4.84669","7,611.04736","0.01830","0.00479","275.02917"
"145.50000","4.85005","7,612.48682","0.01830","0.00486","275.08118"
"145.60001","4.85319","7,613.53320","0.01829","0.00492","275.11899"
"145.70000","4.85663","7,615.94092","0.01831","0.00475","275.20599"
"145.80000","4.86007","7,617.72314","0.01830","0.00478","275.27042"
"145.89999","4.86335","7,619.92627","0.01830","0.00482","275.35001"
"146.00000","4.86664","7,620.27197","0.01831","0.00507","275.36252"
"146.10001","4.87001","7,621.85156","0.01833","0.00515","275.41959"
"146.20000","4.87329","7,624.13428","0.01831","0.00521","275.50208"
"146.30000","4.87651","7,625.80127","0.01833","0.00493","275.56232"
"146.39999","4.88002","7,626.88135","0.01830","0.00490","275.60135"
"146.50000","4.88338","7,628.48340","0.01833","0.00497","275.65924"
"146.60001","4.88660","7,630.05713","0.01833","0.00517","275.71609"
"146.70000","4.89003","7,631.31445","0.01834","0.00522","275.76154"
"146.80000","4.89340","7,633.22559","0.01833","0.00517","275.83060"
"146.89999","4.89661","7,634.50342","0.01837","0.00537","275.87677"
"147.00000","4.89997","7,635.50684","0.01834","0.00535","275.91302"
"147.10001","4.90334","7,637.28027","0.01834","0.00539","275.97711"
"147.20000","4.90663","7,638.55371","0.01835","0.00556","276.02313"
"147.30000","4.90999","7,640.31641","0.01835","0.00550","276.08682"
"147.39999","4.91343","7,641.66504","0.01838","0.00553","276.13556"
"147.50000","4.91664","7,643.05420","0.01836","0.00562","276.18576"
"147.60001","4.91993","7,644.66895","0.01836","0.00580","276.24411"
"147.70000","4.92329","7,646.27979","0.01838","0.00572","276.30231"
"147.80000","4.92666","7,648.03662","0.01838","0.00577","276.36581"
"147.89999","4.92994","7,648.96729","0.01840","0.00592","276.39944"
"148.00000","4.93338","7,651.26221","0.01836","0.00593","276.48236"
"148.10001","4.93675","7,651.70752","0.01839","0.00597","276.49844"
"148.20000","4.93996","7,654.04492","0.01840","0.00601","276.58292"
"148.30000","4.94325","7,654.61475","0.01843","0.00602","276.60352"
"148.39999","4.94669","7,656.77930","0.01842","0.00609","276.68173"
"148.50000","4.94990","7,657.94434","0.01840","0.00606","276.72382"
"148.60001","4.95334","7,659.74609","0.01844","0.00617","276.78894"
"148.70000","4.95677","7,660.88574","0.01840","0.00600","276.83011"
"148.80000","4.95999","7,662.63232","0.01842","0.00567","276.89322"
"148.89999","4.96328","7,663.25000","0.01842","0.00552","276.91556"
"149.00000","4.96671","7,665.45361","0.01846","0.00515","276.99518"
"149.10001","4.97000","7,666.86426","0.01842","0.00497","277.04614"
"149.20000","4.97322","7,667.47168","0.01842","0.00504","277.06808"
"149.30000","4.97666","7,668.74316","0.01844","0.00483","277.11404"
"149.39999","4.98009","7,670.45898","0.01845","0.00490","277.17606"
"149.50000","4.98331","7,671.70361","0.01846","0.00499","277.22101"
"149.60001","4.98667","7,672.44531","0.01846","0.00494","277.24783"
"149.70000","4.99011","7,674.00586","0.01845","0.00495","277.30420"
"149.80000","4.99325","7,675.37061","0.01845","0.00479","277.35352"
"149.89999","4.99661","7,676.07227","0.01845","0.00497","277.37888"
"150.00000","5.00005","7,677.77051","0.01845","0.00501","277.44025"
"150.10001","5.00326","7,678.16602","0.01848","0.00523","277.45453"
"150.20000","5.00670","7,679.56250","0.01846","0.00494","277.50500"
"150.30000","5.01006","7,680.79248","0.01847","0.00513","277.54944"
"150.39999","5.01328","7,681.92480","0.01848","0.00505","277.59036"
"150.50000","5.01656","7,681.97021","0.01848","0.00520","277.59201"
"150.60001","5.01993","7,683.28027","0.01848","0.00525","277.63934"
"150.70000","5.02344","7,684.04443","0.01848","0.00537","277.66696"
"150.80000","5.02658","7,685.12500","0.01847","0.00540","277.70599"
"150.89999","5.03002","7,685.73291","0.01851","0.00542","277.72797"
"151.00000","5.03345","7,686.43018","0.01851","0.00544","277.75317"
"151.10001","5.03659","7,687.60303","0.01851","0.00553","277.79556"
"151.20000","5.03996","7,688.17432","0.01850","0.00565","277.81619"
"151.30000","5.04347","7,689.79785","0.01850","0.00565","277.87488"
"151.39999","5.04653","7,690.77832","0.01852","0.00572","277.91031"
"151.50000","5.05005","7,690.42383","0.01851","0.00572","277.89749"
"151.60001","5.05341","7,692.24609","0.01851","0.00592","277.96332"
"151.70000","5.05662","7,693.43066","0.01853","0.00595","278.00613"
"151.80000","5.05999","7,693.36768","0.01851","0.00590","278.00388"
"151.89999","5.06327","7,694.30762","0.01852","0.00595","278.03784"
"152.00000","5.06664","7,695.12207","0.01852","0.00603","278.06726"
"152.10001","5.06985","7,696.33594","0.01857","0.00602","278.11111"
"152.20000","5.07329","7,696.60156","0.01854","0.00612","278.12073"
"152.30000","5.07680","7,698.65820","0.01854","0.00605","278.19504"
"152.39999","5.07987","7,697.67822","0.01853","0.00611","278.15964"
"152.50000","5.08345","7,699.51025","0.01855","0.00610","278.22583"
"152.60001","5.08674","7,700.15186","0.01855","0.00610","278.24902"
"152.70000","5.08981","7,701.26123","0.01856","0.00618","278.28909"
"152.80000","5.09339","7,701.29492","0.01855","0.00605","278.29031"
"152.89999","5.09676","7,702.37158","0.01853","0.00576","278.32922"
"153.00000","5.09997","7,703.15625","0.01854","0.00557","278.35757"
"153.10001","5.10333","7,704.34521","0.01854","0.00527","278.40054"
"153.20000","5.10670","7,705.05811","0.01856","0.00525","278.42630"
"153.30000","5.10999","7,706.15771","0.01856","0.00495","278.46603"
"153.39999","5.11327","7,706.83057","0.01856","0.00496","278.49036"
"153.50000","5.11671","7,708.34619","0.01858","0.00501","278.54510"
"153.60001","5.12007","7,708.69482","0.01859","0.00498","278.55771"
"153.70000","5.12321","7,708.37793","0.01856","0.00501","278.54626"
"153.80000","5.12673","7,710.17578","0.01858","0.00497","278.61124"
"153.89999","5.13009","7,711.52881","0.01861","0.00503","278.66013"
"154.00000","5.13315","7,711.55713","0.01858","0.00500","278.66113"
"154.10001","5.13674","7,712.49854","0.01859","0.00514","278.69516"
"154.20000","5.14003","7,713.16211","0.01858","0.00485","278.71915"
"154.30000","5.14332","7,712.93701","0.01862","0.00501","278.71100"
"154.39999","5.14668","7,714.01758","0.01862","0.00530","278.75006"
"154.50000","5.15004","7,715.19043","0.01861","0.00519","278.79245"
"154.60001","5.15333","7,716.28174","0.01861","0.00498","278.83188"
"154.70000","5.15655","7,716.42773","0.01861","0.00496","278.83716"
"154.80000","5.15998","7,717.81934","0.01861","0.00527","278.88742"
"154.89999","5.16335","7,718.91309","0.01863","0.00514","278.92697"
"155.00000","5.16656","7,719.39307","0.01862","0.00507","278.94431"
"155.10001","5.17007","7,720.50684","0.01861","0.00518","278.98456"
"155.20000","5.17344","7,721.27637","0.01863","0.00530","279.01236"
"155.30000","5.17658","7,721.50977","0.01865","0.00537","279.02078"
"155.39999","5.18001","7,721.67822","0.01862","0.00543","279.02689"
"155.50000","5.18330","7,722.41797","0.01863","0.00540","279.05362"
"155.60001","5.18659","7,722.15283","0.01862","0.00554","279.04404"
"155.70000","5.19003","7,723.26514","0.01863","0.00551","279.08423"
"155.80000","5.19339","7,724.18018","0.01865","0.00561","279.11728"
"155.89999","5.19668","7,724.36621","0.01863","0.00563","279.12402"
"156.00000","5.19997","7,723.97363","0.01868","0.00569","279.10983"
"156.10001","5.20333","7,725.47510","0.01866","0.00575","279.16409"
"156.20000","5.20669","7,726.06592","0.01866","0.00586","279.18542"
"156.30000","5.20991","7,725.18018","0.01864","0.00586","279.15341"
"156.39999","5.21335","7,726.66650","0.01868","0.00593","279.20712"
"156.50000","5.21671","7,727.31250","0.01866","0.00600","279.23047"
"156.60001","5.21992","7,727.21924","0.01864","0.00597","279.22711"
"156.70000","5.22336","7,727.82422","0.01868","0.00596","279.24896"
"156.80000","5.22672","7,728.37109","0.01864","0.00603","279.26874"
"156.89999","5.22986","7,728.29150","0.01869","0.00599","279.26584"
"157.00000","5.23330","7,728.91064","0.01865","0.00606","279.28824"
"157.10001","5.23666","7,730.02783","0.01866","0.00610","279.32858"
"157.20000","5.23995","7,731.17480","0.01867","0.00611","279.37006"
"157.30000","5.24332","7,730.97656","0.01869","0.00609","279.36288"
"157.39999","5.24675","7,732.05908","0.01869","0.00617","279.40201"
"157.50000","5.24997","7,732.24658","0.01866","0.00619","279.40878"
"157.60001","5.25326","7,732.33105","0.01868","0.00616","279.41183"
"157.70000","5.25662","7,733.19238","0.01864","0.00625","279.44296"
"157.80000","5.26006","7,734.73242","0.01870","0.00561","279.49860"
"157.89999","5.26327","7,734.42920","0.01871","0.00557","279.48764"
"158.00000","5.26671","7,735.64209","0.01868","0.00535","279.53146"
"158.10001","5.27007","7,736.51367","0.01870","0.00512","279.56296"
"158.20000","5.27329","7,736.80225","0.01870","0.00505","279.57339"
"158.30000","5.27657","7,737.39062","0.01869","0.00503","279.59467"
"158.39999","5.28009","7,737.99951","0.01870","0.00497","279.61667"
"158.50000","5.28323","7,739.13916","0.01871","0.00503","279.65784"
"158.60001","5.28666","7,739.39697","0.01872","0.00501","279.66714"
"158.70000","5.29003","7,740.20410","0.01872","0.00503","279.69632"
"158.80000","5.29324","7,740.92383","0.01871","0.00508","279.72232"
"158.89999","5.29660","7,741.47607","0.01872","0.00504","279.74228"
"159.00000","5.30004","7,742.43408","0.01873","0.00491","279.77692"
"159.10001","5.30333","7,742.68359","0.01871","0.00481","279.78592"
"159.20000","5.30654","7,743.37598","0.01871","0.00496","279.81094"
"159.30000","5.30998","7,743.98145","0.01872","0.00489","279.83282"
"159.39999","5.31342","7,744.73486","0.01869","0.00497","279.86005"
"159.50000","5.31656","7,745.09326","0.01872","0.00490","279.87299"
"159.60001","5.32000","7,744.89844","0.01875","0.00503","279.86597"
"159.70000","5.32343","7,746.06104","0.01874","0.00504","279.90796"
"159.80000","5.32657","7,746.77148","0.01875","0.00517","279.93362"
"159.89999","5.33001","7,747.55420","0.01875","0.00522","279.96191"
"160.00000","5.33345","7,747.94287","0.01874","0.00526","279.97595"
"160.10001","5.33659","7,746.91699","0.01874","0.00543","279.93890"
"160.14799","5.33823","7,477.08984","0.01875","0.00540","270.18854"
"160.14999","5.33838","7,212.38916","0.01875","0.00540","260.62344"
"160.15199","5.33838","6,885.12305","0.01875","0.00540","248.79752"
"160.15401","5.33853","6,516.80664","0.01875","0.00540","235.48822"
"160.15601","5.33868","6,115.09961","0.01875","0.00540","220.97232"
"160.15800","5.33876","5,688.82373","0.01875","0.00540","205.56862"
"160.16000","5.33883","5,250.17773","0.01875","0.00540","189.71791"
"160.16200","5.33898","4,808.60986","0.01875","0.00540","173.76163"
"160.16400","5.33913","4,370.12256","0.01875","0.00540","157.91666"
