Modulus (Segment 0.001 mm/mm - 0.008 mm/mm) : Modulus (Segment 0.001 mm/mm - 0.008 mm/mm),"14,966.90721",MPa
Poisson's ratio (Least squares fit) : Poisson's ratio (Least squares fit),"0.24168"
Specimen properties : Gauge length,"15.03000",mm
Specimen properties : Gauge length transverse,"4.90400",mm
Specimen properties : Thickness,"1.82000",mm
Specimen properties : Width,"15.08000",mm

Time,Extension,Load,Video axial strain,Video transverse strain,Calculated Stress
(s),(mm),(N),(mm/mm),(mm/mm),(MPa)
"0.00000","-0.00007","7.95379","0.00004","0.00003","0.28980"
"0.10000","0.00142","9.09828","-0.00003","-0.00001","0.33150"
"0.20000","0.00590","22.21695","-0.00001","0.00007","0.80949"
"0.30000","0.00994","37.55802","-0.00002","0.00014","1.36845"
"0.40000","0.01315","48.26289","-0.00002","0.00049","1.75849"
"0.50000","0.01667","60.90144","-0.00003","0.00086","2.21899"
"0.60000","0.02010","72.94828","-0.00008","0.00091","2.65792"
"0.70000","0.02324","83.12674","-0.00008","0.00097","3.02878"
"0.80000","0.02676","94.12991","-0.00007","0.00073","3.42969"
"0.90000","0.03012","104.87608","-0.00001","0.00076","3.82123"
"1.00000","0.03333","116.72900","0.00002","0.00079","4.25310"
"1.10000","0.03670","127.52343","-0.00005","0.00083","4.64641"
"1.20000","0.03998","138.41446","-0.00012","0.00078","5.04323"
"1.30000","0.04335","149.66158","-0.00006","0.00076","5.45303"
"1.40000","0.04664","159.19432","0.00001","0.00082","5.80036"
"1.50000","0.05000","171.69165","0.00002","0.00075","6.25571"
"1.60000","0.05344","182.46249","-0.00014","0.00066","6.64815"
"1.70000","0.05658","191.57031","-0.00021","0.00063","6.98000"
"1.80000","0.06001","203.52928","-0.00005","0.00063","7.41573"
"1.90000","0.06338","213.53659","0.00004","0.00074","7.78036"
"2.00000","0.06652","222.27798","-0.00005","0.00077","8.09886"
"2.10000","0.07003","232.64545","-0.00017","0.00068","8.47660"
"2.20000","0.07339","241.26657","-0.00001","0.00067","8.79072"
"2.30000","0.07668","247.70093","0.00008","0.00047","9.02516"
"2.40000","0.08004","250.87071","0.00008","0.00043","9.14065"
"2.50000","0.08333","255.09810","0.00007","0.00043","9.29468"
"2.60000","0.08669","257.89862","-0.00011","0.00030","9.39672"
"2.70000","0.08991","259.26315","0.00002","0.00034","9.44644"
"2.80000","0.09327","262.64410","0.00015","0.00036","9.56962"
"2.90000","0.09678","264.91815","0.00010","0.00071","9.65248"
"3.00000","0.09992","267.70801","-0.00002","0.00099","9.75413"
"3.10000","0.10336","272.57294","-0.00008","0.00101","9.93139"
"3.20000","0.10680","275.95810","0.00001","0.00096","10.05473"
"3.30000","0.10986","278.42355","0.00002","0.00092","10.14456"
"3.40000","0.11338","282.76770","0.00013","0.00083","10.30284"
"3.50000","0.11674","285.28375","-0.00002","0.00074","10.39452"
"3.60000","0.11995","288.88852","-0.00003","0.00075","10.52586"
"3.70000","0.12339","292.27667","0.00003","0.00069","10.64931"
"3.80000","0.12675","295.29449","0.00013","0.00051","10.75926"
"3.90000","0.13004","298.83978","0.00014","0.00065","10.88844"
"4.00000","0.13326","302.89319","0.00000","0.00069","11.03613"
"4.10000","0.13662","306.55389","0.00006","0.00050","11.16951"
"4.20000","0.14006","311.14893","0.00026","0.00054","11.33693"
"4.30000","0.14320","315.01428","0.00025","0.00033","11.47777"
"4.40000","0.14671","319.26001","0.00009","0.00032","11.63247"
"4.50000","0.15007","324.02429","0.00004","0.00010","11.80606"
"4.60000","0.15321","328.42722","0.00018","0.00017","11.96648"
"4.70000","0.15672","333.80905","0.00031","0.00024","12.16257"
"4.80000","0.16001","339.03708","0.00032","0.00011","12.35306"
"4.90000","0.16323","344.30890","0.00017","0.00057","12.54514"
"5.00000","0.16666","348.76056","0.00016","0.00076","12.70734"
"5.10000","0.17010","354.54367","0.00032","0.00074","12.91805"
"5.20000","0.17331","359.37604","0.00044","0.00078","13.09412"
"5.30000","0.17668","364.27310","0.00040","0.00079","13.27255"
"5.40000","0.18004","369.38928","0.00030","0.00059","13.45896"
"5.50000","0.18333","374.92111","0.00029","0.00063","13.66052"
"5.60000","0.18654","379.46851","0.00029","0.00059","13.82621"
"5.70000","0.18998","383.97772","0.00055","0.00046","13.99050"
"5.80000","0.19342","389.10907","0.00053","0.00041","14.17747"
"5.90000","0.19656","392.97253","0.00040","0.00029","14.31823"
"6.00000","0.20007","397.54785","0.00042","0.00007","14.48494"
"6.10000","0.20343","401.89758","0.00053","0.00023","14.64342"
"6.20000","0.20657","406.36862","0.00055","0.00022","14.80633"
"6.30000","0.21001","411.71201","0.00055","0.00010","15.00102"
"6.40000","0.21330","415.48126","0.00061","-0.00003","15.13836"
"6.50000","0.21659","420.70114","0.00063","-0.00012","15.32855"
"6.60000","0.21995","425.73334","0.00063","-0.00024","15.51190"
"6.70000","0.22339","431.29428","0.00072","-0.00024","15.71451"
"6.80000","0.22660","437.04227","0.00076","-0.00016","15.92395"
"6.90000","0.22989","442.43695","0.00078","-0.00008","16.12051"
"7.00000","0.23333","449.02872","0.00089","0.00018","16.36068"
"7.10000","0.23669","455.78851","0.00097","0.00006","16.60698"
"7.20000","0.23991","462.23267","0.00095","0.00017","16.84178"
"7.30000","0.24334","469.14438","0.00098","0.00021","17.09361"
"7.40000","0.24678","476.32452","0.00101","0.00018","17.35522"
"7.50000","0.24992","482.65955","0.00110","0.00017","17.58604"
"7.60000","0.25328","489.12521","0.00113","0.00002","17.82163"
"7.70000","0.25665","495.63736","0.00119","0.00005","18.05890"
"7.80000","0.25986","503.74200","0.00122","0.00005","18.35420"
"7.90000","0.26337","510.19928","0.00125","0.00001","18.58947"
"8.00000","0.26674","518.11713","0.00127","-0.00003","18.87797"
"8.10000","0.27002","526.28668","0.00127","-0.00015","19.17563"
"8.20000","0.27331","534.48260","0.00118","-0.00023","19.47425"
"8.30000","0.27668","541.59814","0.00121","-0.00024","19.73351"
"8.40000","0.27996","550.49750","0.00130","-0.00016","20.05777"
"8.50000","0.28325","558.65039","0.00118","-0.00008","20.35483"
"8.60000","0.28662","567.88892","0.00111","-0.00025","20.69144"
"8.70000","0.29005","575.08075","0.00111","-0.00012","20.95348"
"8.80000","0.29327","583.69629","0.00115","-0.00014","21.26739"
"8.90000","0.29663","591.49683","0.00116","-0.00023","21.55161"
"9.00000","0.30007","601.06171","0.00117","-0.00023","21.90011"
"9.10000","0.30321","608.13611","0.00118","-0.00035","22.15787"
"9.20000","0.30665","616.92523","0.00119","-0.00035","22.47811"
"9.30000","0.31008","625.99042","0.00125","-0.00042","22.80841"
"9.40000","0.31330","634.72736","0.00131","-0.00040","23.12674"
"9.50000","0.31666","642.26715","0.00132","-0.00018","23.40146"
"9.60000","0.32010","650.72168","0.00130","0.00008","23.70951"
"9.70000","0.32339","659.06506","0.00135","0.00003","24.01351"
"9.80000","0.32660","667.01605","0.00139","0.00013","24.30321"
"9.90000","0.32996","676.51642","0.00142","0.00002","24.64936"
"10.00000","0.33340","684.69464","0.00140","0.00011","24.94734"
"10.10000","0.33661","693.17145","0.00149","-0.00001","25.25620"
"10.20000","0.33998","701.71533","0.00151","0.00005","25.56750"
"10.30000","0.34342","709.77490","0.00152","0.00003","25.86115"
"10.40000","0.34663","718.35248","0.00151","-0.00003","26.17369"
"10.50000","0.34992","726.66046","0.00155","-0.00002","26.47639"
"10.60000","0.35336","734.16858","0.00161","0.00005","26.74996"
"10.70000","0.35649","744.11530","0.00165","0.00003","27.11237"
"10.80000","0.35993","752.51160","0.00163","-0.00002","27.41830"
"10.90000","0.36337","761.61743","0.00161","-0.00005","27.75007"
"11.00000","0.36666","769.41455","0.00165","-0.00006","28.03417"
"11.10000","0.36995","777.48468","0.00170","-0.00010","28.32821"
"11.20000","0.37324","787.27155","0.00170","-0.00001","28.68480"
"11.30000","0.37667","795.80823","0.00173","-0.00005","28.99584"
"11.40000","0.37989","804.42950","0.00172","-0.00011","29.30996"
"11.50000","0.38333","814.21509","0.00175","-0.00005","29.66651"
"11.60000","0.38684","823.69464","0.00177","-0.00006","30.01190"
"11.70000","0.38998","832.99548","0.00177","-0.00005","30.35078"
"11.80000","0.39341","840.80798","0.00180","-0.00009","30.63544"
"11.90000","0.39678","849.72882","0.00183","-0.00024","30.96048"
"12.00000","0.39984","857.64807","0.00182","-0.00017","31.24902"
"12.10000","0.40328","866.85742","0.00186","-0.00026","31.58457"
"12.20000","0.40672","875.79181","0.00188","-0.00024","31.91010"
"12.30000","0.41001","885.01715","0.00188","-0.00035","32.24623"
"12.40000","0.41330","892.49786","0.00191","-0.00036","32.51880"
"12.50000","0.41673","901.97247","0.00191","-0.00011","32.86401"
"12.60000","0.42010","911.78955","0.00194","-0.00041","33.22170"
"12.70000","0.42324","919.39819","0.00197","-0.00015","33.49893"
"12.80000","0.42660","928.79645","0.00194","0.00013","33.84136"
"12.90000","0.43004","938.20654","0.00197","0.00026","34.18422"
"13.00000","0.43317","946.51263","0.00198","0.00028","34.48686"
"13.10000","0.43676","956.08289","0.00200","0.00005","34.83556"
"13.20000","0.44013","965.91058","0.00202","0.00006","35.19364"
"13.30000","0.44319","973.94287","0.00202","0.00007","35.48630"
"13.40000","0.44670","982.73401","0.00204","0.00010","35.80661"
"13.50000","0.44999","992.42535","0.00208","0.00011","36.15973"
"13.60000","0.45328","1,000.68793","0.00207","0.00012","36.46078"
"13.70000","0.45672","1,009.92627","0.00209","0.00012","36.79738"
"13.80000","0.46001","1,018.37952","0.00208","0.00013","37.10538"
"13.90000","0.46337","1,028.38330","0.00212","0.00006","37.46988"
"14.00000","0.46666","1,035.85632","0.00211","0.00007","37.74216"
"14.10000","0.47002","1,045.20654","0.00213","0.00000","38.08284"
"14.20000","0.47338","1,053.96082","0.00217","0.00010","38.40181"
"14.30000","0.47652","1,061.34302","0.00217","0.00005","38.67079"
"14.40000","0.48004","1,070.82520","0.00217","-0.00001","39.01628"
"14.50000","0.48340","1,079.62195","0.00220","0.00005","39.33680"
"14.60000","0.48654","1,087.88599","0.00220","0.00006","39.63790"
"14.70000","0.49005","1,096.72058","0.00226","0.00008","39.95980"
"14.80000","0.49341","1,104.33984","0.00225","0.00004","40.23741"
"14.90000","0.49655","1,113.65662","0.00225","-0.00002","40.57687"
"15.00000","0.49999","1,122.57129","0.00228","0.00010","40.90168"
"15.10000","0.50335","1,130.10913","0.00229","-0.00004","41.17633"
"15.20000","0.50672","1,139.54736","0.00230","-0.00001","41.52022"
"15.30000","0.51000","1,148.02539","0.00231","0.00002","41.82912"
"15.40000","0.51329","1,156.99683","0.00232","-0.00012","42.15601"
"15.50000","0.51666","1,165.25684","0.00235","-0.00011","42.45696"
"15.60000","0.51980","1,173.37720","0.00238","-0.00017","42.75283"
"15.70000","0.52331","1,181.66455","0.00238","-0.00014","43.05479"
"15.80000","0.52675","1,190.54541","0.00237","-0.00023","43.37837"
"15.90000","0.52988","1,198.31335","0.00242","0.00018","43.66140"
"16.00000","0.53340","1,206.92468","0.00242","0.00003","43.97516"
"16.10000","0.53676","1,214.04846","0.00243","0.00004","44.23472"
"16.20000","0.53997","1,221.79602","0.00245","0.00034","44.51701"
"16.30000","0.54334","1,230.38635","0.00246","0.00030","44.83001"
"16.40000","0.54663","1,237.97266","0.00244","0.00031","45.10641"
"16.50000","0.54999","1,246.15173","0.00245","0.00024","45.40443"
"16.60000","0.55328","1,253.24805","0.00247","0.00021","45.66299"
"16.70000","0.55672","1,262.35889","0.00251","0.00020","45.99495"
"16.80000","0.56008","1,270.68347","0.00253","0.00027","46.29826"
"16.90000","0.56322","1,277.30103","0.00252","0.00027","46.53937"
"17.00000","0.56666","1,285.85608","0.00255","0.00029","46.85108"
"17.10000","0.57002","1,293.62512","0.00257","0.00036","47.13416"
"17.20000","0.57323","1,301.12244","0.00263","0.00021","47.40732"
"17.30000","0.57667","1,310.15454","0.00256","0.00023","47.73642"
"17.40000","0.58003","1,318.13135","0.00260","0.00024","48.02705"
"17.50000","0.58332","1,325.13098","0.00263","0.00028","48.28209"
"17.60000","0.58668","1,332.92456","0.00265","0.00033","48.56606"
"17.70000","0.59005","1,340.52576","0.00269","0.00023","48.84301"
"17.80000","0.59326","1,349.42029","0.00269","0.00022","49.16709"
"17.90000","0.59655","1,356.66248","0.00267","0.00023","49.43097"
"18.00000","0.60006","1,365.77856","0.00268","0.00022","49.76311"
"18.10000","0.60335","1,372.83862","0.00273","0.00010","50.02036"
"18.20000","0.60664","1,380.75781","0.00274","0.00016","50.30890"
"18.30000","0.61008","1,388.83911","0.00275","0.00017","50.60334"
"18.40000","0.61337","1,396.69690","0.00274","0.00018","50.88965"
"18.50000","0.61658","1,403.94128","0.00274","0.00011","51.15360"
"18.60000","0.61994","1,412.31165","0.00279","0.00004","51.45858"
"18.70000","0.62338","1,419.73547","0.00283","0.00006","51.72907"
"18.80000","0.62659","1,426.76318","0.00287","0.00010","51.98513"
"18.90000","0.63003","1,435.91248","0.00280","-0.00001","52.31849"
"19.00000","0.63347","1,443.64697","0.00284","-0.00003","52.60031"
"19.10000","0.63661","1,450.68579","0.00284","0.00004","52.85677"
"19.20000","0.63990","1,457.76294","0.00288","-0.00002","53.11463"
"19.30000","0.64334","1,465.53882","0.00291","0.00037","53.39795"
"19.40000","0.64662","1,474.64209","0.00294","-0.00010","53.72964"
"19.50000","0.64999","1,481.13965","0.00291","0.00015","53.96638"
"19.60000","0.65342","1,488.85718","0.00294","0.00043","54.24757"
"19.70000","0.65671","1,496.42383","0.00296","0.00039","54.52327"
"19.80000","0.65993","1,503.84192","0.00295","0.00038","54.79355"
"19.90000","0.66329","1,511.32251","0.00296","0.00037","55.06611"
"20.00000","0.66665","1,518.43445","0.00290","0.00044","55.32524"
"20.10000","0.66987","1,525.13318","0.00298","0.00040","55.56931"
"20.20000","0.67330","1,534.10938","0.00299","0.00036","55.89637"
"20.30000","0.67682","1,541.38782","0.00306","0.00044","56.16156"
"20.40000","0.67996","1,548.35669","0.00306","0.00042","56.41548"
"20.50000","0.68332","1,555.50684","0.00303","0.00037","56.67600"
"20.60000","0.68676","1,563.52161","0.00309","0.00034","56.96803"
"20.70000","0.68990","1,570.64783","0.00310","0.00035","57.22767"
"20.80000","0.69333","1,578.40881","0.00313","0.00045","57.51045"
"20.90000","0.69670","1,586.49072","0.00311","0.00037","57.80492"
"21.00000","0.70006","1,593.58667","0.00314","0.00038","58.06347"
"21.10000","0.70327","1,601.26477","0.00317","0.00040","58.34322"
"21.20000","0.70664","1,608.27454","0.00318","0.00035","58.59863"
"21.30000","0.71008","1,615.42615","0.00317","0.00034","58.85920"
"21.40000","0.71321","1,621.45496","0.00319","0.00028","59.07887"
"21.50000","0.71658","1,630.05408","0.00322","0.00035","59.39218"
"21.60000","0.72016","1,637.90161","0.00324","0.00031","59.67811"
"21.70000","0.72323","1,644.88855","0.00321","0.00031","59.93269"
"21.80000","0.72674","1,653.02417","0.00325","0.00029","60.22911"
"21.90000","0.73010","1,660.17102","0.00326","0.00026","60.48951"
"22.00000","0.73317","1,666.36597","0.00327","0.00023","60.71523"
"22.10000","0.73668","1,673.97986","0.00326","0.00023","60.99265"
"22.20000","0.74004","1,681.98083","0.00330","0.00022","61.28417"
"22.30000","0.74333","1,689.21704","0.00327","0.00007","61.54783"
"22.40000","0.74670","1,695.68433","0.00336","0.00016","61.78347"
"22.50000","0.75006","1,703.34351","0.00336","0.00010","62.06253"
"22.60000","0.75342","1,711.46729","0.00337","0.00036","62.35853"
"22.70000","0.75656","1,717.26660","0.00341","0.00048","62.56983"
"22.80000","0.75992","1,724.83472","0.00337","0.00003","62.84558"
"22.90000","0.76344","1,731.94031","0.00339","0.00057","63.10448"
"23.00000","0.76650","1,738.93140","0.00340","0.00057","63.35920"
"23.10000","0.77009","1,745.63806","0.00347","0.00055","63.60357"
"23.20000","0.77345","1,752.99780","0.00339","0.00054","63.87172"
"23.30000","0.77652","1,760.10815","0.00343","0.00053","64.13080"
"23.40000","0.78003","1,767.61597","0.00345","0.00047","64.40435"
"23.50000","0.78332","1,774.54907","0.00351","0.00056","64.65696"
"23.60000","0.78661","1,782.30261","0.00351","0.00057","64.93947"
"23.70000","0.78997","1,788.45337","0.00349","0.00053","65.16357"
"23.80000","0.79333","1,795.88464","0.00352","0.00052","65.43433"
"23.90000","0.79677","1,803.16992","0.00356","0.00054","65.69978"
"24.00000","0.79991","1,809.50500","0.00358","0.00056","65.93060"
"24.10000","0.80327","1,817.01331","0.00353","0.00061","66.20418"
"24.20000","0.80671","1,824.45752","0.00349","0.00063","66.47541"
"24.30000","0.80977","1,830.82373","0.00352","0.00051","66.70737"
"24.40000","0.81336","1,839.52393","0.00362","0.00045","67.02437"
"24.50000","0.81680","1,846.30310","0.00364","0.00043","67.27137"
"24.60000","0.81994","1,852.59619","0.00363","0.00042","67.50066"
"24.70000","0.82345","1,860.06824","0.00366","0.00040","67.77291"
"24.80000","0.82674","1,867.13110","0.00366","0.00042","68.03025"
"24.90000","0.82995","1,873.31519","0.00361","0.00041","68.25558"
"25.00000","0.83332","1,880.40784","0.00372","0.00046","68.51400"
"25.10000","0.83660","1,887.13391","0.00370","0.00036","68.75907"
"25.20000","0.84004","1,894.38257","0.00370","0.00036","69.02318"
"25.30000","0.84326","1,900.73816","0.00373","0.00038","69.25475"
"25.40000","0.84669","1,907.91638","0.00375","0.00039","69.51630"
"25.50000","0.85006","1,915.26465","0.00375","0.00030","69.78403"
"25.60000","0.85320","1,921.70813","0.00382","0.00029","70.01881"
"25.70000","0.85663","1,929.12488","0.00377","0.00026","70.28904"
"25.80000","0.86007","1,935.82214","0.00375","0.00024","70.53306"
"25.90000","0.86321","1,942.51294","0.00386","0.00023","70.77684"
"26.00000","0.86672","1,950.36060","0.00386","0.00073","71.06278"
"26.10000","0.87001","1,956.03503","0.00383","0.00045","71.26953"
"26.20000","0.87330","1,963.85498","0.00379","0.00059","71.55446"
"26.30000","0.87666","1,970.28967","0.00387","0.00062","71.78891"
"26.40000","0.87995","1,977.24756","0.00390","0.00065","72.04243"
"26.50000","0.88332","1,984.45508","0.00394","0.00061","72.30504"
"26.60000","0.88660","1,990.40527","0.00393","0.00066","72.52184"
"26.70000","0.89004","1,998.50476","0.00393","0.00064","72.81695"
"26.80000","0.89340","2,004.93896","0.00398","0.00065","73.05138"
"26.90000","0.89654","2,010.81372","0.00396","0.00065","73.26543"
"27.00000","0.90006","2,019.69800","0.00400","0.00067","73.58913"
"27.10000","0.90342","2,025.89685","0.00402","0.00066","73.81499"
"27.20000","0.90656","2,031.97974","0.00404","0.00068","74.03663"
"27.30000","0.91000","2,039.43530","0.00406","0.00059","74.30828"
"27.40000","0.91343","2,046.66370","0.00405","0.00065","74.57165"
"27.50000","0.91665","2,053.25977","0.00406","0.00068","74.81198"
"27.60000","0.92001","2,060.20020","0.00404","0.00069","75.06487"
"27.70000","0.92337","2,066.00977","0.00399","0.00060","75.27654"
"27.80000","0.92666","2,073.09399","0.00406","0.00061","75.53466"
"27.90000","0.92988","2,079.03101","0.00411","0.00050","75.75098"
"28.00000","0.93339","2,086.76953","0.00416","0.00053","76.03294"
"28.10000","0.93668","2,092.81177","0.00413","0.00052","76.25309"
"28.20000","0.93989","2,099.58716","0.00413","0.00053","76.49995"
"28.30000","0.94340","2,106.63647","0.00415","0.00056","76.75681"
"28.40000","0.94669","2,113.51807","0.00423","0.00055","77.00754"
"28.50000","0.94991","2,119.42749","0.00423","0.00050","77.22285"
"28.60000","0.95327","2,126.26929","0.00422","0.00053","77.47214"
"28.70000","0.95671","2,133.34399","0.00422","0.00046","77.72991"
"28.80000","0.95992","2,140.39868","0.00427","0.00045","77.98695"
"28.90000","0.96336","2,146.47827","0.00425","0.00046","78.20847"
"29.00000","0.96680","2,153.57349","0.00429","0.00042","78.46699"
"29.10000","0.96994","2,160.21631","0.00424","0.00032","78.70902"
"29.20000","0.97330","2,166.50317","0.00417","0.00036","78.93809"
"29.30000","0.97674","2,174.00000","0.00429","0.00068","79.21124"
"29.40000","0.97995","2,179.61328","0.00435","0.00053","79.41576"
"29.50000","0.98331","2,185.50317","0.00437","0.00080","79.63036"
"29.60000","0.98675","2,194.02319","0.00438","0.00056","79.94080"
"29.70000","0.99004","2,200.28906","0.00438","0.00076","80.16910"
"29.80000","0.99325","2,207.08838","0.00440","0.00078","80.41684"
"29.90000","0.99662","2,212.77490","0.00442","0.00084","80.62403"
"30.00000","0.99998","2,219.78589","0.00443","0.00079","80.87948"
"30.10000","1.00319","2,226.20508","0.00442","0.00082","81.11337"
"30.20000","1.00663","2,233.09277","0.00447","0.00075","81.36433"
"30.30000","1.01014","2,239.58594","0.00445","0.00075","81.60091"
"30.40000","1.01321","2,245.58008","0.00444","0.00078","81.81931"
"30.50000","1.01672","2,251.94824","0.00453","0.00079","82.05134"
"30.60000","1.02008","2,260.53735","0.00451","0.00075","82.36429"
"30.70000","1.02322","2,265.70215","0.00453","0.00072","82.55247"
"30.80000","1.02659","2,271.78638","0.00448","0.00079","82.77415"
"30.90000","1.03002","2,279.41675","0.00446","0.00078","83.05218"
"31.00000","1.03339","2,285.53760","0.00450","0.00074","83.27519"
"31.10000","1.03668","2,291.90405","0.00458","0.00066","83.50716"
"31.20000","1.04004","2,298.07910","0.00462","0.00067","83.73215"
"31.30000","1.04340","2,304.90845","0.00456","0.00062","83.98098"
"31.40000","1.04654","2,310.93384","0.00466","0.00066","84.20052"
"31.50000","1.04998","2,318.14868","0.00465","0.00067","84.46340"
"31.60000","1.05349","2,325.20020","0.00468","0.00064","84.72033"
"31.70000","1.05656","2,330.17651","0.00468","0.00060","84.90164"
"31.80000","1.06007","2,336.99878","0.00461","0.00060","85.15022"
"31.90000","1.06343","2,344.31787","0.00474","0.00063","85.41689"
"32.00000","1.06650","2,350.12231","0.00478","0.00055","85.62838"
"32.10000","1.07001","2,356.96851","0.00476","0.00058","85.87783"
"32.20000","1.07330","2,363.25293","0.00470","0.00059","86.10680"
"32.30000","1.07658","2,369.74683","0.00475","0.00053","86.34341"
"32.40000","1.07995","2,375.95264","0.00480","0.00048","86.56953"
"32.50000","1.08331","2,382.81982","0.00482","0.00046","86.81974"
"32.60000","1.08675","2,390.28564","0.00486","0.00068","87.09176"
"32.70000","1.08989","2,395.21631","0.00486","0.00083","87.27142"
"32.80000","1.09333","2,402.30371","0.00487","0.00059","87.52965"
"32.90000","1.09669","2,408.85449","0.00486","0.00091","87.76833"
"33.00000","1.09983","2,414.57910","0.00488","0.00089","87.97691"
"33.10000","1.10342","2,421.36987","0.00489","0.00086","88.22433"
"33.20000","1.10678","2,428.03271","0.00491","0.00091","88.46710"
"33.30000","1.10992","2,433.54980","0.00496","0.00092","88.66812"
"33.40000","1.11336","2,440.07690","0.00491","0.00091","88.90594"
"33.50000","1.11664","2,446.21216","0.00492","0.00083","89.12949"
"33.60000","1.11993","2,452.99438","0.00498","0.00089","89.37660"
"33.70000","1.12330","2,459.16992","0.00502","0.00091","89.60161"
"33.80000","1.12666","2,466.14331","0.00502","0.00092","89.85569"
"33.90000","1.13010","2,472.72632","0.00498","0.00088","90.09554"
"34.00000","1.13331","2,477.99316","0.00503","0.00090","90.28745"
"34.10000","1.13667","2,484.78955","0.00507","0.00082","90.53508"
"34.20000","1.14004","2,492.17480","0.00508","0.00095","90.80417"
"34.30000","1.14318","2,496.35254","0.00506","0.00093","90.95638"
"34.40000","1.14669","2,503.56616","0.00501","0.00087","91.21922"
"34.50000","1.15005","2,510.48462","0.00508","0.00088","91.47130"
"34.60000","1.15326","2,517.45654","0.00512","0.00084","91.72533"
"34.70000","1.15678","2,523.97241","0.00515","0.00070","91.96273"
"34.80000","1.15999","2,528.81494","0.00516","0.00076","92.13918"
"34.90000","1.16328","2,535.42261","0.00517","0.00081","92.37993"
"35.00000","1.16657","2,541.38037","0.00510","0.00074","92.59701"
"35.10000","1.16993","2,547.59424","0.00514","0.00068","92.82341"
"35.20000","1.17337","2,554.52710","0.00522","0.00075","93.07602"
"35.30000","1.17658","2,559.70923","0.00523","0.00082","93.26483"
"35.40000","1.18002","2,566.49292","0.00509","0.00074","93.51200"
"35.50000","1.18346","2,573.11157","0.00524","0.00068","93.75315"
"35.60000","1.18652","2,578.15674","0.00529","0.00066","93.93698"
"35.70000","1.19004","2,586.04639","0.00531","0.00067","94.22444"
"35.80000","1.19340","2,591.56421","0.00528","0.00078","94.42549"
"35.90000","1.19654","2,597.30005","0.00526","0.00081","94.63448"
"36.00000","1.20005","2,604.61597","0.00529","0.00096","94.90104"
"36.10000","1.20341","2,611.15601","0.00537","0.00103","95.13933"
"36.20000","1.20670","2,616.78198","0.00530","0.00099","95.34431"
"36.30000","1.20999","2,622.31616","0.00529","0.00110","95.54596"
"36.40000","1.21328","2,628.11377","0.00539","0.00106","95.75720"
"36.50000","1.21664","2,635.58960","0.00535","0.00105","96.02959"
"36.60000","1.21986","2,641.64990","0.00541","0.00107","96.25040"
"36.70000","1.22329","2,647.84741","0.00545","0.00102","96.47621"
"36.80000","1.22673","2,653.64136","0.00544","0.00107","96.68732"
"36.90000","1.22994","2,659.72607","0.00544","0.00106","96.90901"
"37.00000","1.23338","2,666.90503","0.00545","0.00102","97.17059"
"37.10000","1.23667","2,671.93579","0.00539","0.00100","97.35388"
"37.20000","1.23988","2,678.12305","0.00547","0.00114","97.57932"
"37.30000","1.24332","2,685.43726","0.00553","0.00110","97.84582"
"37.40000","1.24669","2,691.30835","0.00554","0.00112","98.05974"
"37.50000","1.24997","2,697.38184","0.00553","0.00108","98.28103"
"37.60000","1.25334","2,703.31860","0.00557","0.00107","98.49734"
"37.70000","1.25678","2,709.07031","0.00559","0.00099","98.70691"
"37.80000","1.25991","2,715.43555","0.00560","0.00097","98.93883"
"37.90000","1.26328","2,721.72485","0.00558","0.00087","99.16798"
"38.00000","1.26672","2,727.34521","0.00546","0.00094","99.37276"
"38.10000","1.27000","2,733.88184","0.00553","0.00095","99.61093"
"38.20000","1.27329","2,739.70337","0.00568","0.00091","99.82304"
"38.30000","1.27680","2,746.76587","0.00569","0.00087","100.08038"
"38.40000","1.28009","2,752.50928","0.00566","0.00091","100.28963"
"38.50000","1.28323","2,757.58423","0.00565","0.00090","100.47455"
"38.60000","1.28667","2,764.69482","0.00566","0.00087","100.73363"
"38.70000","1.28996","2,769.79004","0.00571","0.00080","100.91927"
"38.80000","1.29325","2,776.18872","0.00573","0.00082","101.15241"
"38.90000","1.29661","2,781.77490","0.00573","0.00085","101.35595"
"39.00000","1.30012","2,788.99438","0.00578","0.00068","101.61900"
"39.10000","1.30326","2,795.40698","0.00580","0.00101","101.85265"
"39.20000","1.30663","2,801.20923","0.00578","0.00095","102.06406"
"39.30000","1.30999","2,806.58862","0.00580","0.00128","102.26006"
"39.40000","1.31328","2,813.01611","0.00582","0.00115","102.49425"
"39.50000","1.31664","2,819.16138","0.00582","0.00112","102.71815"
"39.60000","1.32008","2,825.91406","0.00589","0.00114","102.96420"
"39.70000","1.32337","2,832.48462","0.00587","0.00108","103.20360"
"39.80000","1.32665","2,838.18408","0.00584","0.00114","103.41126"
"39.90000","1.32994","2,843.35474","0.00587","0.00114","103.59966"
"40.00000","1.33338","2,849.92554","0.00589","0.00120","103.83907"
"40.10000","1.33652","2,855.28906","0.00593","0.00115","104.03449"
"40.20000","1.33996","2,861.91284","0.00594","0.00119","104.27583"
"40.30000","1.34347","2,867.78833","0.00593","0.00112","104.48991"
"40.40000","1.34661","2,873.58887","0.00585","0.00122","104.70126"
"40.50000","1.35005","2,880.05298","0.00600","0.00127","104.93678"
"40.60000","1.35341","2,886.68433","0.00598","0.00130","105.17840"
"40.70000","1.35647","2,892.02930","0.00602","0.00132","105.37315"
"40.80000","1.35999","2,897.85742","0.00598","0.00122","105.58550"
"40.90000","1.36335","2,904.21313","0.00597","0.00112","105.81708"
"41.00000","1.36671","2,910.28516","0.00604","0.00116","106.03831"
"41.10000","1.37000","2,914.12939","0.00606","0.00113","106.17838"
"41.20000","1.37337","2,920.87134","0.00605","0.00111","106.42403"
"41.30000","1.37673","2,927.04443","0.00601","0.00109","106.64895"
"41.40000","1.37987","2,932.37622","0.00602","0.00098","106.84322"
"41.50000","1.38323","2,938.43970","0.00600","0.00105","107.06415"
"41.60000","1.38674","2,944.62646","0.00603","0.00101","107.28957"
"41.70000","1.38988","2,950.17993","0.00614","0.00107","107.49191"
"41.80000","1.39339","2,956.54419","0.00612","0.00103","107.72379"
"41.90000","1.39683","2,962.97168","0.00614","0.00097","107.95798"
"42.00000","1.39997","2,967.51270","0.00619","0.00100","108.12344"
"42.10000","1.40333","2,973.63208","0.00619","0.00095","108.34641"
"42.20000","1.40662","2,979.71460","0.00608","0.00119","108.56802"
"42.30000","1.40999","2,986.16821","0.00615","0.00086","108.80317"
"42.40000","1.41327","2,991.81885","0.00623","0.00081","109.00906"
"42.50000","1.41664","2,996.86182","0.00628","0.00144","109.19279"
"42.60000","1.42008","3,004.46558","0.00630","0.00141","109.46985"
"42.70000","1.42321","3,009.58862","0.00627","0.00135","109.65651"
"42.80000","1.42665","3,015.70215","0.00617","0.00127","109.87926"
"42.90000","1.43002","3,021.94458","0.00634","0.00128","110.10670"
"43.00000","1.43315","3,027.21460","0.00629","0.00124","110.29872"
"43.10000","1.43674","3,033.82544","0.00636","0.00127","110.53959"
"43.20000","1.44011","3,039.89771","0.00632","0.00124","110.76084"
"43.30000","1.44324","3,045.79956","0.00624","0.00134","110.97588"
"43.40000","1.44676","3,051.24438","0.00637","0.00128","111.17426"
"43.50000","1.44997","3,057.57495","0.00639","0.00131","111.40492"
"43.60000","1.45326","3,063.48096","0.00640","0.00129","111.62011"
"43.70000","1.45662","3,068.79419","0.00643","0.00138","111.81371"
"43.80000","1.45999","3,074.24072","0.00637","0.00137","112.01215"
"43.90000","1.46342","3,080.92896","0.00642","0.00150","112.25584"
"44.00000","1.46656","3,087.17725","0.00648","0.00150","112.48351"
"44.10000","1.47007","3,093.21533","0.00644","0.00149","112.70351"
"44.20000","1.47344","3,099.26172","0.00636","0.00127","112.92381"
"44.30000","1.47650","3,104.27222","0.00646","0.00123","113.10637"
"44.40000","1.48001","3,110.77710","0.00638","0.00120","113.34338"
"44.50000","1.48345","3,116.15430","0.00649","0.00123","113.53931"
"44.60000","1.48659","3,121.72485","0.00658","0.00116","113.74227"
"44.70000","1.49003","3,128.02539","0.00653","0.00119","113.97183"
"44.80000","1.49339","3,133.72754","0.00654","0.00118","114.17960"
"44.90000","1.49668","3,139.90088","0.00655","0.00113","114.40453"
"45.00000","1.49997","3,145.66309","0.00661","0.00110","114.61448"
"45.10000","1.50326","3,151.56128","0.00662","0.00108","114.82938"
"45.20000","1.50670","3,156.86475","0.00666","0.00118","115.02261"
"45.30000","1.50991","3,162.65112","0.00662","0.00112","115.23345"
"45.40000","1.51335","3,169.09033","0.00668","0.00110","115.46806"
"45.50000","1.51679","3,175.18774","0.00670","0.00109","115.69023"
"45.60000","1.51985","3,179.54541","0.00671","0.00103","115.84901"
"45.70000","1.52329","3,185.13330","0.00670","0.00162","116.05260"
"45.80000","1.52673","3,191.31006","0.00674","0.00130","116.27766"
"45.90000","1.52986","3,196.93799","0.00672","0.00137","116.48271"
"46.00000","1.53338","3,203.04102","0.00676","0.00139","116.70509"
"46.10000","1.53674","3,208.19604","0.00675","0.00136","116.89291"
"46.20000","1.53995","3,214.34058","0.00666","0.00140","117.11679"
"46.30000","1.54332","3,219.89209","0.00675","0.00137","117.31906"
"46.40000","1.54675","3,226.19971","0.00679","0.00136","117.54889"
"46.50000","1.54997","3,232.12109","0.00682","0.00139","117.76463"
"46.60000","1.55326","3,236.65186","0.00681","0.00135","117.92972"
"46.70000","1.55677","3,243.21191","0.00679","0.00139","118.16874"
"46.80000","1.56006","3,249.98730","0.00684","0.00149","118.41560"
"46.90000","1.56320","3,254.76416","0.00688","0.00141","118.58965"
"47.00000","1.56671","3,260.85693","0.00687","0.00137","118.81165"
"47.10000","1.57007","3,267.20923","0.00694","0.00168","119.04310"
"47.20000","1.57321","3,272.12109","0.00686","0.00161","119.22206"
"47.30000","1.57665","3,278.70361","0.00685","0.00155","119.46191"
"47.40000","1.58009","3,283.76440","0.00692","0.00143","119.64629"
"47.50000","1.58330","3,290.73071","0.00699","0.00149","119.90012"
"47.60000","1.58666","3,295.54150","0.00698","0.00134","120.07540"
"47.70000","1.59010","3,302.80151","0.00694","0.00137","120.33993"
"47.80000","1.59324","3,307.30371","0.00698","0.00132","120.50397"
"47.90000","1.59653","3,312.61035","0.00700","0.00126","120.69732"
"48.00000","1.60004","3,318.73193","0.00696","0.00132","120.92036"
"48.10000","1.60333","3,325.09277","0.00705","0.00132","121.15212"
"48.20000","1.60662","3,329.69751","0.00709","0.00120","121.31990"
"48.30000","1.61006","3,335.80420","0.00706","0.00115","121.54240"
"48.40000","1.61342","3,342.03906","0.00709","0.00131","121.76958"
"48.50000","1.61656","3,347.38599","0.00710","0.00120","121.96439"
"48.60000","1.61992","3,353.02734","0.00713","0.00125","122.16994"
"48.70000","1.62336","3,359.25659","0.00711","0.00145","122.39691"
"48.80000","1.62657","3,364.92627","0.00707","0.00139","122.60349"
"48.90000","1.63001","3,370.82715","0.00714","0.00131","122.81849"
"49.00000","1.63352","3,377.23169","0.00709","0.00131","123.05184"
"49.10000","1.63666","3,382.05908","0.00716","0.00152","123.22773"
"49.20000","1.63995","3,387.59375","0.00717","0.00161","123.42939"
"49.30000","1.64339","3,393.18359","0.00722","0.00150","123.63306"
"49.40000","1.64660","3,399.53076","0.00714","0.00141","123.86433"
"49.50000","1.64997","3,404.61914","0.00727","0.00142","124.04973"
"49.60000","1.65340","3,410.78418","0.00728","0.00143","124.27435"
"49.70000","1.65669","3,416.02051","0.00723","0.00142","124.46514"
"49.80000","1.65991","3,421.73193","0.00728","0.00146","124.67324"
"49.90000","1.66334","3,427.39185","0.00730","0.00147","124.87946"
"50.00000","1.66671","3,433.12964","0.00732","0.00154","125.08852"
"50.10000","1.66985","3,438.62329","0.00734","0.00153","125.28869"
"50.20000","1.67328","3,444.34424","0.00734","0.00150","125.49714"
"50.30000","1.67680","3,451.15698","0.00735","0.00158","125.74536"
"50.40000","1.67994","3,456.30566","0.00739","0.00178","125.93296"
"50.50000","1.68330","3,461.68457","0.00736","0.00169","126.12894"
"50.60000","1.68674","3,468.10620","0.00742","0.00172","126.36292"
"50.70000","1.68995","3,473.91431","0.00743","0.00159","126.57455"
"50.80000","1.69331","3,478.74731","0.00736","0.00152","126.75064"
"50.90000","1.69668","3,484.70020","0.00737","0.00153","126.96754"
"51.00000","1.70004","3,491.03174","0.00744","0.00144","127.19823"
"51.10000","1.70333","3,495.32666","0.00744","0.00142","127.35472"
"51.20000","1.70669","3,501.70459","0.00743","0.00142","127.58710"
"51.30000","1.71013","3,508.09180","0.00743","0.00135","127.81982"
"51.40000","1.71319","3,512.81104","0.00750","0.00136","127.99178"
"51.50000","1.71663","3,518.18506","0.00751","0.00136","128.18758"
"51.60000","1.71999","3,524.72070","0.00755","0.00133","128.42570"
"51.70000","1.72321","3,529.17993","0.00756","0.00133","128.58818"
"51.80000","1.72672","3,535.45850","0.00758","0.00130","128.81696"
"51.90000","1.73001","3,540.85156","0.00755","0.00130","129.01346"
"52.00000","1.73330","3,546.35083","0.00761","0.00136","129.21382"
"52.10000","1.73666","3,552.28149","0.00758","0.00154","129.42990"
"52.20000","1.73987","3,557.88989","0.00762","0.00182","129.63425"
"52.30000","1.74324","3,562.87769","0.00759","0.00161","129.81599"
"52.40000","1.74660","3,568.84180","0.00763","0.00177","130.03329"
"52.50000","1.74996","3,575.04907","0.00767","0.00152","130.25946"
"52.60000","1.75348","3,580.93726","0.00766","0.00160","130.47400"
"52.70000","1.75662","3,585.47046","0.00767","0.00150","130.63918"
"52.80000","1.75998","3,591.86499","0.00770","0.00151","130.87216"
"52.90000","1.76342","3,597.89282","0.00773","0.00147","131.09180"
"53.00000","1.76648","3,602.75537","0.00773","0.00152","131.26897"
"53.10000","1.77007","3,608.59546","0.00775","0.00156","131.48175"
"53.20000","1.77343","3,614.68384","0.00775","0.00166","131.70358"
"53.30000","1.77665","3,620.04272","0.00777","0.00156","131.89883"
"53.40000","1.78008","3,626.35889","0.00779","0.00163","132.12897"
"53.50000","1.78337","3,631.32275","0.00772","0.00165","132.30983"
"53.60000","1.78666","3,638.19458","0.00781","0.00165","132.56021"
"53.70000","1.78995","3,643.07056","0.00786","0.00173","132.73787"
"53.80000","1.79324","3,648.38477","0.00784","0.00170","132.93150"
"53.90000","1.79675","3,655.53711","0.00781","0.00181","133.19209"
"54.00000","1.79989","3,659.35962","0.00786","0.00173","133.33138"
"54.10000","1.80333","3,665.79736","0.00790","0.00167","133.56593"
"54.20000","1.80676","3,670.83887","0.00792","0.00153","133.74963"
"54.30000","1.80983","3,676.42871","0.00792","0.00157","133.95331"
"54.40000","1.81334","3,683.79419","0.00794","0.00151","134.22166"
"54.50000","1.81670","3,688.90381","0.00795","0.00144","134.40784"
"54.60000","1.81992","3,693.31421","0.00797","0.00152","134.56854"
"54.70000","1.82343","3,700.15454","0.00798","0.00151","134.81776"
"54.80000","1.82672","3,705.33350","0.00800","0.00138","135.00647"
"54.90000","1.83001","3,710.35254","0.00800","0.00142","135.18935"
"55.00000","1.83330","3,716.46631","0.00802","0.00144","135.41209"
"55.10000","1.83658","3,722.40015","0.00800","0.00144","135.62830"
"55.20000","1.84002","3,729.01709","0.00805","0.00138","135.86940"
"55.30000","1.84324","3,732.19849","0.00807","0.00192","135.98531"
"55.40000","1.84675","3,738.12646","0.00807","0.00159","136.20131"
"55.50000","1.85011","3,744.63794","0.00809","0.00197","136.43855"
"55.60000","1.85325","3,749.84595","0.00807","0.00192","136.62831"
"55.70000","1.85676","3,755.57739","0.00811","0.00175","136.83714"
"55.80000","1.86005","3,761.33472","0.00810","0.00169","137.04691"
"55.90000","1.86327","3,765.78271","0.00814","0.00164","137.20898"
"56.00000","1.86670","3,771.02612","0.00814","0.00165","137.40002"
"56.10000","1.87007","3,778.09961","0.00814","0.00159","137.65775"
"56.20000","1.87335","3,783.47339","0.00820","0.00159","137.85355"
"56.30000","1.87664","3,788.56250","0.00820","0.00166","138.03897"
"56.40000","1.87993","3,794.63892","0.00820","0.00168","138.26038"
"56.50000","1.88329","3,798.99023","0.00822","0.00166","138.41891"
"56.60000","1.88651","3,804.25635","0.00823","0.00169","138.61079"
"56.70000","1.89002","3,810.11743","0.00824","0.00169","138.82434"
"56.80000","1.89338","3,815.52905","0.00828","0.00169","139.02151"
"56.90000","1.89652","3,820.93384","0.00829","0.00184","139.21844"
"57.00000","1.90011","3,826.71289","0.00829","0.00194","139.42902"
"57.10000","1.90340","3,833.02856","0.00830","0.00195","139.65913"
"57.20000","1.90661","3,838.48877","0.00832","0.00193","139.85808"
"57.30000","1.90998","3,843.22070","0.00834","0.00186","140.03049"
"57.40000","1.91334","3,849.15991","0.00835","0.00178","140.24689"
"57.50000","1.91663","3,854.25830","0.00838","0.00166","140.43265"
"57.60000","1.91999","3,859.92090","0.00838","0.00163","140.63896"
"57.70000","1.92343","3,865.54370","0.00837","0.00158","140.84384"
"57.80000","1.92664","3,870.87720","0.00840","0.00160","141.03818"
"57.90000","1.92993","3,876.49878","0.00843","0.00155","141.24300"
"58.00000","1.93337","3,882.94336","0.00842","0.00153","141.47781"
"58.10000","1.93666","3,888.11157","0.00844","0.00158","141.66612"
"58.20000","1.93987","3,893.03564","0.00845","0.00151","141.84554"
"58.30000","1.94338","3,899.15967","0.00847","0.00146","142.06866"
"58.40000","1.94675","3,905.83276","0.00849","0.00156","142.31180"
"58.50000","1.94989","3,911.39014","0.00849","0.00147","142.51428"
"58.60000","1.95325","3,915.96509","0.00849","0.00207","142.68098"
"58.70000","1.95661","3,921.84790","0.00852","0.00203","142.89532"
"58.80000","1.95990","3,927.07690","0.00855","0.00204","143.08585"
"58.90000","1.96334","3,932.63354","0.00854","0.00198","143.28830"
"59.00000","1.96678","3,938.43726","0.00856","0.00187","143.49977"
"59.10000","1.96999","3,943.88843","0.00858","0.00180","143.69838"
"59.20000","1.97328","3,948.87207","0.00859","0.00173","143.87997"
"59.30000","1.97672","3,954.85645","0.00861","0.00178","144.09801"
"59.40000","1.98000","3,960.60791","0.00864","0.00171","144.30757"
"59.50000","1.98329","3,965.11938","0.00864","0.00171","144.47195"
"59.60000","1.98666","3,970.92700","0.00865","0.00174","144.68356"
"59.70000","1.99009","3,977.53906","0.00867","0.00179","144.92447"
"59.80000","1.99331","3,981.23364","0.00867","0.00177","145.05908"
"59.90000","1.99667","3,988.44189","0.00871","0.00173","145.32172"
"60.00000","2.00011","3,992.73291","0.00869","0.00183","145.47807"
"60.10000","2.00325","3,998.10449","0.00872","0.00184","145.67378"
"60.20000","2.00661","4,003.20581","0.00871","0.00185","145.85966"
"60.30000","2.01005","4,009.01367","0.00875","0.00202","146.07127"
"60.40000","2.01326","4,014.66675","0.00875","0.00203","146.27725"
"60.50000","2.01670","4,019.45996","0.00879","0.00206","146.45189"
"60.60000","2.02006","4,025.79541","0.00881","0.00193","146.68272"
"60.70000","2.02328","4,031.02271","0.00879","0.00184","146.87318"
"60.80000","2.02664","4,035.95947","0.00881","0.00190","147.05305"
"60.90000","2.02993","4,041.39990","0.00883","0.00177","147.25128"
"61.00000","2.03329","4,047.72876","0.00883","0.00170","147.48189"
"61.10000","2.03658","4,052.18823","0.00887","0.00170","147.64436"
"61.20000","2.04002","4,058.40430","0.00887","0.00172","147.87085"
"61.30000","2.04346","4,063.98022","0.00888","0.00163","148.07402"
"61.40000","2.04660","4,068.17822","0.00892","0.00165","148.22697"
"61.50000","2.04996","4,074.09863","0.00892","0.00157","148.44269"
"61.60000","2.05340","4,079.88843","0.00895","0.00165","148.65364"
"61.70000","2.05654","4,085.43506","0.00891","0.00161","148.85574"
"61.80000","2.06005","4,091.13916","0.00897","0.00162","149.06357"
"61.90000","2.06349","4,097.33447","0.00895","0.00220","149.28931"
"62.00000","2.06662","4,102.10449","0.00898","0.00203","149.46310"
"62.10000","2.07006","4,107.12061","0.00900","0.00212","149.64587"
"62.20000","2.07328","4,112.29199","0.00900","0.00185","149.83429"
"62.30000","2.07664","4,118.37402","0.00904","0.00194","150.05589"
"62.40000","2.07993","4,123.53516","0.00904","0.00188","150.24394"
"62.50000","2.08329","4,128.98975","0.00906","0.00190","150.44269"
"62.60000","2.08680","4,135.23779","0.00906","0.00180","150.67033"
"62.70000","2.08987","4,139.28613","0.00908","0.00188","150.81784"
"62.80000","2.09331","4,146.12305","0.00910","0.00174","151.06696"
"62.90000","2.09674","4,151.19287","0.00911","0.00181","151.25168"
"63.00000","2.09981","4,155.06982","0.00913","0.00187","151.39293"
"63.10000","2.10339","4,160.97852","0.00914","0.00182","151.60822"
"63.20000","2.10676","4,167.07666","0.00915","0.00183","151.83041"
"63.30000","2.10997","4,171.85889","0.00916","0.00182","152.00465"
"63.40000","2.11341","4,178.03320","0.00917","0.00188","152.22961"
"63.50000","2.11670","4,183.53320","0.00919","0.00200","152.43001"
"63.60000","2.11999","4,188.87012","0.00919","0.00206","152.62447"
"63.70000","2.12328","4,193.49756","0.00923","0.00210","152.79308"
"63.80000","2.12664","4,199.29150","0.00924","0.00212","153.00418"
"63.90000","2.13008","4,204.84619","0.00922","0.00210","153.20657"
"64.00000","2.13329","4,209.75293","0.00925","0.00198","153.38535"
"64.10000","2.13673","4,215.05029","0.00927","0.00190","153.57837"
"64.20000","2.14017","4,221.45850","0.00929","0.00181","153.81184"
"64.30000","2.14316","4,226.03174","0.00931","0.00180","153.97849"
"64.40000","2.14667","4,231.49219","0.00932","0.00179","154.17743"
"64.50000","2.15003","4,236.76758","0.00936","0.00175","154.36964"
"64.60000","2.15324","4,242.21240","0.00935","0.00178","154.56804"
"64.70000","2.15668","4,248.68018","0.00935","0.00174","154.80370"
"64.80000","2.16005","4,253.35791","0.00934","0.00177","154.97412"
"64.90000","2.16333","4,259.52148","0.00939","0.00164","155.19870"
"65.00000","2.16662","4,264.32227","0.00937","0.00158","155.37363"
"65.10000","2.16999","4,270.27441","0.00941","0.00199","155.59050"
"65.20000","2.17335","4,276.98145","0.00941","0.00214","155.83487"
"65.30000","2.17649","4,280.90771","0.00942","0.00229","155.97792"
"65.40000","2.18000","4,286.82812","0.00946","0.00224","156.19363"
"65.50000","2.18344","4,292.27393","0.00945","0.00224","156.39206"
"65.60000","2.18658","4,296.87695","0.00948","0.00211","156.55977"
"65.70000","2.19002","4,303.54053","0.00951","0.00197","156.80257"
"65.80000","2.19338","4,308.50586","0.00950","0.00196","156.98347"
"65.90000","2.19659","4,312.40723","0.00951","0.00195","157.12563"
"66.00000","2.20003","4,319.13379","0.00956","0.00190","157.37071"
"66.10000","2.20339","4,324.93018","0.00953","0.00188","157.58191"
"66.20000","2.20668","4,329.34961","0.00957","0.00187","157.74294"
"66.30000","2.20997","4,334.62891","0.00955","0.00193","157.93529"
"66.40000","2.21341","4,340.37354","0.00955","0.00196","158.14461"
"66.50000","2.21662","4,346.10742","0.00960","0.00203","158.35352"
"66.60000","2.21984","4,350.63721","0.00961","0.00194","158.51857"
"66.70000","2.22335","4,356.10400","0.00961","0.00202","158.71776"
"66.80000","2.22671","4,362.24805","0.00963","0.00219","158.94162"
"66.90000","2.22992","4,366.50244","0.00963","0.00227","159.09663"
"67.00000","2.23344","4,372.63965","0.00967","0.00228","159.32024"
"67.10000","2.23673","4,377.17188","0.00967","0.00220","159.48538"
"67.20000","2.23986","4,382.50830","0.00968","0.00223","159.67981"
"67.30000","2.24330","4,387.37354","0.00970","0.00211","159.85709"
"67.40000","2.24667","4,393.15723","0.00971","0.00206","160.06781"
"67.50000","2.24988","4,398.24561","0.00973","0.00195","160.25322"
"67.60000","2.25332","4,402.79639","0.00975","0.00202","160.41902"
"67.70000","2.25676","4,409.82373","0.00976","0.00200","160.67506"
"67.80000","2.25997","4,414.04736","0.00976","0.00197","160.82896"
"67.90000","2.26326","4,418.75781","0.00978","0.00189","161.00060"
"68.00000","2.26662","4,424.83008","0.00980","0.00197","161.22183"
"68.10000","2.26998","4,429.68555","0.00981","0.00186","161.39876"
"68.20000","2.27327","4,435.32617","0.00981","0.00178","161.60426"
"68.30000","2.27671","4,441.36865","0.00982","0.00181","161.82443"
"68.40000","2.28007","4,446.04248","0.00983","0.00221","161.99472"
"68.50000","2.28329","4,450.80273","0.00987","0.00226","162.16817"
"68.60000","2.28665","4,456.74072","0.00990","0.00236","162.38452"
"68.70000","2.29001","4,462.61328","0.00989","0.00238","162.59850"
"68.80000","2.29323","4,467.51514","0.00991","0.00235","162.77710"
"68.90000","2.29666","4,472.86670","0.00994","0.00221","162.97209"
"69.00000","2.30010","4,478.54199","0.00995","0.00207","163.17886"
"69.10000","2.30332","4,483.79004","0.00993","0.00201","163.37009"
"69.20000","2.30668","4,489.51221","0.00995","0.00203","163.57858"
"69.30000","2.30997","4,495.39111","0.00997","0.00198","163.79279"
"69.40000","2.31326","4,500.06982","0.00996","0.00203","163.96326"
"69.50000","2.31654","4,505.63525","0.01000","0.00201","164.16603"
"69.60000","2.31998","4,511.49219","0.01001","0.00199","164.37944"
"69.70000","2.32342","4,516.66016","0.01001","0.00204","164.56773"
"69.80000","2.32663","4,521.81152","0.01006","0.00205","164.75543"
"69.90000","2.33000","4,527.93799","0.01004","0.00200","164.97865"
"70.00000","2.33336","4,533.15283","0.01005","0.00212","165.16866"
"70.10000","2.33657","4,538.22949","0.01006","0.00231","165.35362"
"70.20000","2.33994","4,544.04492","0.01009","0.00238","165.56552"
"70.30000","2.34338","4,549.43164","0.01010","0.00233","165.76178"
"70.40000","2.34659","4,554.62354","0.01011","0.00234","165.95096"
"70.50000","2.35003","4,560.74756","0.01013","0.00232","166.17409"
"70.60000","2.35346","4,565.99072","0.01013","0.00223","166.36513"
"70.70000","2.35660","4,570.70996","0.01013","0.00218","166.53708"
"70.80000","2.35997","4,575.30615","0.01017","0.00218","166.70454"
"70.90000","2.36326","4,581.44824","0.01021","0.00205","166.92833"
"71.00000","2.36669","4,586.94727","0.01018","0.00197","167.12869"
"71.10000","2.36991","4,591.99072","0.01021","0.00207","167.31245"
"71.20000","2.37327","4,597.34961","0.01020","0.00206","167.50771"
"71.30000","2.37686","4,602.81641","0.01024","0.00189","167.70689"
"71.40000","2.37992","4,608.37988","0.01024","0.00194","167.90961"
"71.50000","2.38328","4,613.10645","0.01025","0.00194","168.08182"
"71.60000","2.38672","4,618.09668","0.01029","0.00217","168.26364"
"71.70000","2.38979","4,623.67383","0.01028","0.00216","168.46686"
"71.80000","2.39337","4,628.85107","0.01031","0.00250","168.65549"
"71.90000","2.39674","4,634.47559","0.01032","0.00249","168.86043"
"72.00000","2.39995","4,639.81885","0.01032","0.00242","169.05510"
"72.10000","2.40339","4,645.13965","0.01034","0.00244","169.24898"
"72.20000","2.40668","4,649.61475","0.01039","0.00222","169.41203"
"72.30000","2.40997","4,655.96387","0.01038","0.00217","169.64336"
"72.40000","2.41325","4,660.92236","0.01038","0.00217","169.82404"
"72.50000","2.41662","4,665.41895","0.01037","0.00212","169.98787"
"72.60000","2.42013","4,672.02441","0.01040","0.00208","170.22855"
"72.70000","2.42327","4,675.63477","0.01044","0.00209","170.36009"
"72.80000","2.42671","4,681.90039","0.01043","0.00209","170.58838"
"72.90000","2.43007","4,687.77539","0.01044","0.00210","170.80244"
"73.00000","2.43313","4,691.61621","0.01047","0.00213","170.94238"
"73.10000","2.43672","4,698.26611","0.01047","0.00216","171.18468"
"73.20000","2.44008","4,702.86621","0.01046","0.00218","171.35228"
"73.30000","2.44330","4,708.64014","0.01050","0.00229","171.56265"
"73.40000","2.44666","4,712.66455","0.01054","0.00246","171.70929"
"73.50000","2.45002","4,719.49072","0.01050","0.00246","171.95801"
"73.60000","2.45339","4,724.88086","0.01054","0.00251","172.15440"
"73.70000","2.45653","4,728.82275","0.01052","0.00243","172.29803"
"73.80000","2.45989","4,734.60205","0.01057","0.00242","172.50861"
"73.90000","2.46333","4,740.57617","0.01059","0.00230","172.72627"
"74.00000","2.46654","4,744.94971","0.01056","0.00228","172.88562"
"74.10000","2.47005","4,750.65332","0.01059","0.00219","173.09344"
"74.20000","2.47349","4,756.68701","0.01061","0.00213","173.31328"
"74.30000","2.47656","4,761.26953","0.01061","0.00212","173.48026"
"74.40000","2.47999","4,767.59619","0.01063","0.00215","173.71077"
"74.50000","2.48336","4,772.45947","0.01065","0.00211","173.88797"
"74.60000","2.48657","4,777.29932","0.01064","0.00204","174.06430"
"74.70000","2.49001","4,782.77051","0.01068","0.00206","174.26366"
"74.80000","2.49337","4,787.72412","0.01068","0.00206","174.44414"
"74.90000","2.49674","4,793.33643","0.01071","0.00222","174.64864"
"75.00000","2.49995","4,798.54590","0.01069","0.00204","174.83844"
"75.10000","2.50331","4,803.53271","0.01072","0.00219","175.02014"
"75.20000","2.50668","4,809.20264","0.01077","0.00260","175.22673"
"75.30000","2.50981","4,814.34033","0.01075","0.00256","175.41393"
"75.40000","2.51340","4,821.00195","0.01079","0.00256","175.65665"
"75.50000","2.51676","4,825.86084","0.01081","0.00244","175.83368"
"75.60000","2.51990","4,830.30078","0.01080","0.00230","175.99545"
"75.70000","2.52342","4,837.00293","0.01080","0.00221","176.23965"
"75.80000","2.52671","4,841.68994","0.01082","0.00222","176.41043"
"75.90000","2.52984","4,846.64160","0.01086","0.00220","176.59084"
"76.00000","2.53328","4,851.87598","0.01085","0.00222","176.78156"
"76.10000","2.53664","4,856.93457","0.01088","0.00218","176.96587"
"76.20000","2.54001","4,862.39502","0.01087","0.00217","177.16483"
"76.30000","2.54330","4,867.62988","0.01086","0.00231","177.35556"
"76.40000","2.54673","4,873.14941","0.01090","0.00228","177.55667"
"76.50000","2.55002","4,879.51562","0.01092","0.00231","177.78864"
"76.60000","2.55316","4,883.31934","0.01092","0.00234","177.92722"
"76.70000","2.55667","4,889.57227","0.01094","0.00245","178.15504"
"76.80000","2.56004","4,895.27441","0.01095","0.00265","178.36281"
"76.90000","2.56325","4,900.24658","0.01097","0.00263","178.54398"
"77.00000","2.56676","4,905.60352","0.01101","0.00253","178.73917"
"77.10000","2.57005","4,910.98926","0.01100","0.00252","178.93539"
"77.20000","2.57327","4,915.72705","0.01103","0.00241","179.10802"
"77.30000","2.57663","4,921.68604","0.01103","0.00241","179.32513"
"77.40000","2.57999","4,926.82471","0.01102","0.00245","179.51237"
"77.50000","2.58328","4,932.13770","0.01105","0.00233","179.70595"
"77.60000","2.58664","4,937.18896","0.01106","0.00231","179.89000"
"77.70000","2.59008","4,942.91553","0.01108","0.00228","180.09865"
"77.80000","2.59337","4,948.24951","0.01110","0.00223","180.29300"
"77.90000","2.59658","4,952.48535","0.01108","0.00225","180.44733"
"78.00000","2.59995","4,958.36768","0.01111","0.00228","180.66167"
"78.10000","2.60331","4,962.79248","0.01112","0.00221","180.82288"
"78.20000","2.60660","4,968.48389","0.01115","0.00215","181.03026"
"78.30000","2.61004","4,974.93799","0.01115","0.00235","181.26541"
"78.40000","2.61340","4,979.54639","0.01114","0.00257","181.43332"
"78.50000","2.61661","4,984.49219","0.01117","0.00251","181.61353"
"78.60000","2.61998","4,989.59668","0.01117","0.00265","181.79951"
"78.70000","2.62341","4,994.36279","0.01118","0.00262","181.97318"
"78.80000","2.62655","4,999.74707","0.01123","0.00241","182.16934"
"78.90000","2.62999","5,005.83057","0.01123","0.00244","182.39101"
"79.00000","2.63343","5,010.69189","0.01124","0.00237","182.56813"
"79.10000","2.63664","5,016.25439","0.01126","0.00232","182.77080"
"79.20000","2.64001","5,021.07568","0.01129","0.00232","182.94647"
"79.30000","2.64344","5,026.89453","0.01130","0.00231","183.15849"
"79.40000","2.64666","5,032.28662","0.01130","0.00238","183.35495"
"79.50000","2.64995","5,037.35596","0.01131","0.00241","183.53966"
"79.60000","2.65331","5,042.58545","0.01132","0.00238","183.73019"
"79.70000","2.65675","5,047.70850","0.01134","0.00234","183.91685"
"79.80000","2.65996","5,053.27881","0.01136","0.00237","184.11981"
"79.90000","2.66332","5,056.98633","0.01136","0.00244","184.25490"
"80.00000","2.66676","5,064.31592","0.01136","0.00256","184.52196"
"80.10000","2.66990","5,068.56445","0.01137","0.00259","184.67676"
"80.20000","2.67326","5,073.89844","0.01141","0.00269","184.87111"
"80.30000","2.67670","5,079.35449","0.01140","0.00277","185.06990"
"80.40000","2.67992","5,084.43506","0.01145","0.00255","185.25502"
"80.50000","2.68335","5,090.26221","0.01143","0.00255","185.46733"
"80.60000","2.68672","5,094.24414","0.01146","0.00251","185.61241"
"80.70000","2.69000","5,101.04736","0.01146","0.00253","185.86029"
"80.80000","2.69329","5,105.13916","0.01143","0.00242","186.00938"
"80.90000","2.69658","5,111.09180","0.01149","0.00245","186.22627"
"81.00000","2.69994","5,117.03418","0.01147","0.00238","186.44279"
"81.10000","2.70323","5,120.87305","0.01151","0.00234","186.58266"
"81.20000","2.70667","5,127.19727","0.01153","0.00235","186.81308"
"81.30000","2.71018","5,133.41406","0.01150","0.00229","187.03960"
"81.40000","2.71325","5,137.23438","0.01157","0.00232","187.17880"
"81.50000","2.71669","5,142.58691","0.01157","0.00224","187.37383"
"81.60000","2.72005","5,147.95264","0.01156","0.00233","187.56932"
"81.70000","2.72319","5,153.18604","0.01160","0.00253","187.76001"
"81.80000","2.72670","5,157.89844","0.01160","0.00263","187.93170"
"81.90000","2.73006","5,163.73047","0.01162","0.00288","188.14420"
"82.00000","2.73328","5,168.51270","0.01162","0.00275","188.31845"
"82.10000","2.73664","5,174.00635","0.01162","0.00264","188.51862"
"82.20000","2.74000","5,179.56152","0.01159","0.00255","188.72102"
"82.30000","2.74337","5,184.32861","0.01167","0.00246","188.89471"
"82.40000","2.74651","5,188.61426","0.01169","0.00242","189.05086"
"82.50000","2.74994","5,194.68750","0.01172","0.00253","189.27214"
"82.60000","2.75346","5,200.11914","0.01168","0.00252","189.47005"
"82.70000","2.75652","5,204.47852","0.01172","0.00249","189.62889"
"82.80000","2.76003","5,210.38525","0.01169","0.00250","189.84410"
"82.90000","2.76340","5,215.84521","0.01176","0.00246","190.04305"
"83.00000","2.76654","5,220.20703","0.01172","0.00244","190.20197"
"83.10000","2.77005","5,225.30664","0.01172","0.00254","190.38777"
"83.20000","2.77334","5,230.80078","0.01178","0.00256","190.58795"
"83.30000","2.77663","5,235.68750","0.01178","0.00278","190.76601"
"83.40000","2.78006","5,240.97363","0.01180","0.00274","190.95860"
"83.50000","2.78335","5,245.92383","0.01180","0.00278","191.13898"
"83.60000","2.78671","5,251.95117","0.01182","0.00283","191.35858"
"83.70000","2.78985","5,256.45166","0.01186","0.00269","191.52257"
"83.80000","2.79329","5,261.09033","0.01185","0.00274","191.69157"
"83.90000","2.79673","5,266.89160","0.01187","0.00265","191.90295"
"84.00000","2.79987","5,271.63525","0.01190","0.00264","192.07579"
"84.10000","2.80346","5,278.02197","0.01185","0.00252","192.30849"
"84.20000","2.80674","5,282.61328","0.01195","0.00252","192.47578"
"84.30000","2.80981","5,287.30713","0.01191","0.00251","192.64680"
"84.40000","2.81340","5,293.34375","0.01193","0.00250","192.86676"
"84.50000","2.81668","5,298.92529","0.01194","0.00247","193.07011"
"84.60000","2.81990","5,303.92432","0.01195","0.00246","193.25226"
"84.70000","2.82334","5,309.05273","0.01197","0.00245","193.43912"
"84.80000","2.82670","5,314.21875","0.01197","0.00240","193.62735"
"84.90000","2.82999","5,320.18115","0.01196","0.00235","193.84459"
"85.00000","2.83328","5,324.93457","0.01193","0.00233","194.01779"
"85.10000","2.83671","5,330.43164","0.01190","0.00269","194.21808"
"85.20000","2.84000","5,335.78809","0.01203","0.00264","194.41324"
"85.30000","2.84314","5,339.76416","0.01207","0.00283","194.55812"
"85.40000","2.84673","5,346.43896","0.01207","0.00266","194.80132"
"85.50000","2.85009","5,351.70312","0.01205","0.00266","194.99312"
"85.60000","2.85323","5,356.31641","0.01208","0.00257","195.16121"
"85.70000","2.85674","5,362.59180","0.01206","0.00259","195.38986"
"85.80000","2.86003","5,367.01904","0.01210","0.00255","195.55116"
"85.90000","2.86325","5,372.16943","0.01201","0.00259","195.73882"
"86.00000","2.86661","5,377.30518","0.01213","0.00258","195.92595"
"86.10000","2.86997","5,383.06006","0.01218","0.00260","196.13564"
"86.20000","2.87333","5,387.63086","0.01214","0.00260","196.30217"
"86.30000","2.87662","5,392.60205","0.01216","0.00262","196.48331"
"86.40000","2.88006","5,397.95703","0.01220","0.00259","196.67841"
"86.50000","2.88335","5,403.39648","0.01213","0.00260","196.87660"
"86.60000","2.88656","5,408.40234","0.01223","0.00284","197.05899"
"86.70000","2.89000","5,414.11768","0.01224","0.00286","197.26724"
"86.80000","2.89336","5,419.18604","0.01221","0.00290","197.45190"
"86.90000","2.89658","5,423.39893","0.01223","0.00295","197.60541"
"87.00000","2.90002","5,429.01221","0.01222","0.00293","197.80994"
"87.10000","2.90338","5,434.20947","0.01220","0.00292","197.99930"
"87.20000","2.90659","5,439.52295","0.01227","0.00281","198.19290"
"87.30000","2.90996","5,444.38232","0.01232","0.00273","198.36995"
"87.40000","2.91332","5,449.29590","0.01227","0.00272","198.54898"
"87.50000","2.91661","5,454.68701","0.01231","0.00270","198.74541"
"87.60000","2.91997","5,459.66162","0.01234","0.00254","198.92667"
"87.70000","2.92348","5,465.75586","0.01237","0.00267","199.14871"
"87.80000","2.92662","5,470.96484","0.01239","0.00261","199.33850"
"87.90000","2.92999","5,474.97119","0.01240","0.00261","199.48448"
"88.00000","2.93335","5,481.26709","0.01235","0.00255","199.71387"
"88.10000","2.93671","5,486.20654","0.01239","0.00251","199.89384"
"88.20000","2.93992","5,491.29834","0.01240","0.00247","200.07938"
"88.30000","2.94336","5,496.31396","0.01235","0.00273","200.26212"
"88.40000","2.94680","5,502.02002","0.01245","0.00303","200.47002"
"88.50000","2.95001","5,507.21045","0.01242","0.00288","200.65913"
"88.60000","2.95330","5,512.23730","0.01244","0.00262","200.84230"
"88.70000","2.95674","5,516.98779","0.01243","0.00278","201.01538"
"88.80000","2.95988","5,522.82275","0.01248","0.00273","201.22798"
"88.90000","2.96332","5,526.93701","0.01253","0.00266","201.37788"
"89.00000","2.96676","5,533.75879","0.01250","0.00272","201.62645"
"89.10000","2.96997","5,537.98730","0.01245","0.00268","201.78052"
"89.20000","2.97333","5,543.37988","0.01252","0.00267","201.97701"
"89.30000","2.97677","5,549.52393","0.01256","0.00266","202.20087"
"89.40000","2.97998","5,555.42090","0.01260","0.00269","202.41573"
"89.50000","2.98320","5,558.99463","0.01259","0.00276","202.54593"
"89.60000","2.98664","5,564.01514","0.01262","0.00272","202.72885"
"89.70000","2.99007","5,569.54785","0.01260","0.00281","202.93045"
"89.80000","2.99329","5,574.52637","0.01265","0.00279","203.11185"
"89.90000","2.99665","5,579.83984","0.01264","0.00298","203.30544"
"90.00000","3.00016","5,585.71729","0.01263","0.00302","203.51959"
"90.10000","3.00323","5,589.54199","0.01268","0.00310","203.65895"
"90.20000","3.00667","5,594.24316","0.01266","0.00307","203.83023"
"90.30000","3.01010","5,600.03760","0.01261","0.00306","204.04137"
"90.40000","3.01324","5,604.97754","0.01265","0.00295","204.22136"
"90.50000","3.01668","5,609.43115","0.01272","0.00290","204.38362"
"90.60000","3.02012","5,615.80762","0.01275","0.00294","204.61595"
"90.70000","3.02333","5,620.38965","0.01275","0.00292","204.78290"
"90.80000","3.02662","5,625.22803","0.01272","0.00280","204.95920"
"90.90000","3.02991","5,631.21191","0.01268","0.00274","205.17722"
"91.00000","3.03335","5,635.24463","0.01279","0.00272","205.32416"
"91.10000","3.03656","5,641.23340","0.01281","0.00277","205.54236"
"91.20000","3.04000","5,646.21338","0.01282","0.00271","205.72382"
"91.30000","3.04351","5,651.92578","0.01280","0.00265","205.93195"
"91.40000","3.04650","5,655.98389","0.01279","0.00264","206.07980"
"91.50000","3.05001","5,660.64551","0.01281","0.00264","206.24965"
"91.60000","3.05338","5,666.72998","0.01286","0.00262","206.47134"
"91.70000","3.05651","5,671.25879","0.01287","0.00311","206.63635"
"91.80000","3.06003","5,676.60156","0.01281","0.00307","206.83102"
"91.90000","3.06339","5,681.47461","0.01279","0.00302","207.00858"
"92.00000","3.06668","5,687.69092","0.01288","0.00294","207.23508"
"92.10000","3.07004","5,691.91016","0.01286","0.00300","207.38881"
"92.20000","3.07333","5,697.24902","0.01293","0.00283","207.58333"
"92.30000","3.07677","5,703.15381","0.01289","0.00283","207.79848"
"92.40000","3.07991","5,707.30127","0.01281","0.00282","207.94958"
"92.50000","3.08327","5,713.37109","0.01299","0.00286","208.17075"
"92.60000","3.08686","5,719.18652","0.01293","0.00278","208.38264"
"92.70000","3.08985","5,722.44971","0.01301","0.00284","208.50154"
"92.80000","3.09336","5,727.82031","0.01301","0.00283","208.69722"
"92.90000","3.09680","5,733.94873","0.01302","0.00284","208.92050"
"93.00000","3.09979","5,738.79199","0.01296","0.00281","209.09697"
"93.10000","3.10330","5,743.06641","0.01289","0.00292","209.25272"
"93.20000","3.10666","5,748.91309","0.01301","0.00305","209.46574"
"93.30000","3.10988","5,754.50293","0.01306","0.00322","209.66942"
"93.40000","3.11331","5,759.51074","0.01309","0.00325","209.85188"
"93.50000","3.11668","5,764.89355","0.01293","0.00314","210.04800"
"93.60000","3.12004","5,770.59082","0.01296","0.00321","210.25558"
"93.70000","3.12325","5,775.35400","0.01310","0.00304","210.42914"
"93.80000","3.12669","5,779.96582","0.01311","0.00306","210.59717"
"93.90000","3.13006","5,787.15381","0.01308","0.00305","210.85907"
"94.00000","3.13312","5,790.47070","0.01308","0.00302","210.97993"
"94.10000","3.13678","5,795.73779","0.01302","0.00299","211.17184"
"94.20000","3.14007","5,802.04346","0.01305","0.00294","211.40160"
"94.30000","3.14321","5,805.77197","0.01314","0.00290","211.53745"
"94.40000","3.14672","5,811.84961","0.01313","0.00285","211.75888"
"94.50000","3.15001","5,816.33008","0.01306","0.00283","211.92213"
"94.60000","3.15330","5,820.89941","0.01309","0.00272","212.08862"
"94.70000","3.15666","5,826.16455","0.01309","0.00266","212.28046"
"94.80000","3.16003","5,832.28369","0.01322","0.00277","212.50342"
"94.90000","3.16339","5,836.91455","0.01320","0.00288","212.67215"
"95.00000","3.16660","5,840.75342","0.01310","0.00282","212.81201"
"95.10000","3.17004","5,847.25635","0.01315","0.00289","213.04895"
"95.20000","3.17333","5,852.10986","0.01322","0.00327","213.22580"
"95.30000","3.17654","5,856.08057","0.01323","0.00316","213.37047"
"95.40000","3.18005","5,861.72119","0.01332","0.00299","213.57599"
"95.50000","3.18342","5,867.26855","0.01329","0.00297","213.77811"
"95.60000","3.18663","5,871.88135","0.01316","0.00296","213.94618"
"95.70000","3.19007","5,876.58594","0.01330","0.00293","214.11760"
"95.80000","3.19336","5,882.49707","0.01320","0.00295","214.33298"
"95.90000","3.19665","5,888.22607","0.01332","0.00295","214.54172"
"96.00000","3.19993","5,892.07812","0.01339","0.00295","214.68207"
"96.10000","3.20330","5,897.87109","0.01327","0.00295","214.89314"
"96.20000","3.20666","5,903.40137","0.01326","0.00294","215.09464"
"96.30000","3.20995","5,907.88721","0.01332","0.00299","215.25809"
"96.40000","3.21339","5,913.79199","0.01336","0.00303","215.47322"
"96.50000","3.21668","5,919.92188","0.01331","0.00321","215.69658"
"96.60000","3.21989","5,922.60400","0.01338","0.00329","215.79430"
"96.70000","3.22333","5,928.26807","0.01340","0.00331","216.00067"
"96.80000","3.22669","5,934.05908","0.01337","0.00340","216.21167"
"96.90000","3.22990","5,939.02246","0.01347","0.00327","216.39252"
"97.00000","3.23342","5,944.95898","0.01350","0.00325","216.60883"
"97.10000","3.23678","5,949.89160","0.01340","0.00326","216.78854"
"97.20000","3.23999","5,954.98047","0.01340","0.00319","216.97395"
"97.30000","3.24336","5,959.82764","0.01337","0.00307","217.15057"
"97.40000","3.24665","5,964.45068","0.01350","0.00311","217.31902"
"97.50000","3.24993","5,970.29199","0.01359","0.00310","217.53185"
"97.60000","3.25330","5,974.24707","0.01348","0.00316","217.67595"
"97.70000","3.25666","5,979.86523","0.01347","0.00304","217.88065"
"97.80000","3.26002","5,984.99707","0.01344","0.00299","218.06763"
"97.90000","3.26324","5,989.32471","0.01349","0.00290","218.22531"
"98.00000","3.26667","5,995.33789","0.01351","0.00291","218.44441"
"98.10000","3.27004","6,000.41992","0.01354","0.00284","218.62958"
"98.20000","3.27325","6,005.72998","0.01350","0.00285","218.82306"
"98.30000","3.27669","6,010.44580","0.01361","0.00325","218.99487"
"98.40000","3.28013","6,015.69287","0.01366","0.00321","219.18605"
"98.50000","3.28327","6,019.99902","0.01352","0.00313","219.34296"
"98.60000","3.28663","6,025.37109","0.01359","0.00329","219.53870"
"98.70000","3.29007","6,030.43066","0.01364","0.00323","219.72304"
"98.80000","3.29321","6,035.58496","0.01359","0.00309","219.91084"
"98.90000","3.29664","6,039.54883","0.01361","0.00307","220.05527"
"99.00000","3.30008","6,045.81836","0.01365","0.00314","220.28371"
"99.10000","3.30330","6,050.61035","0.01361","0.00311","220.45830"
"99.20000","3.30666","6,055.42529","0.01377","0.00301","220.63374"
"99.30000","3.31002","6,060.33740","0.01364","0.00302","220.81271"
"99.40000","3.31339","6,065.63574","0.01366","0.00306","221.00577"
"99.50000","3.31652","6,069.54248","0.01371","0.00309","221.14810"
"99.60000","3.31996","6,075.08838","0.01373","0.00305","221.35017"
"99.70000","3.32340","6,080.42236","0.01382","0.00307","221.54453"
"99.80000","3.32654","6,084.55762","0.01381","0.00329","221.69519"
"99.90000","3.32998","6,090.20020","0.01374","0.00333","221.90079"
"100.00000","3.33341","6,095.32373","0.01369","0.00347","222.08746"
"100.10000","3.33655","6,100.51318","0.01369","0.00350","222.27655"
"100.20000","3.33999","6,105.38037","0.01385","0.00344","222.45389"
"100.30000","3.34335","6,110.46875","0.01381","0.00338","222.63928"
"100.40000","3.34657","6,115.59473","0.01379","0.00336","222.82605"
"100.50000","3.35001","6,120.42334","0.01380","0.00321","223.00198"
"100.60000","3.35344","6,127.11816","0.01381","0.00319","223.24591"
"100.70000","3.35666","6,132.01270","0.01390","0.00318","223.42426"
"100.80000","3.35995","6,135.34473","0.01387","0.00315","223.54565"
"100.90000","3.36331","6,142.08887","0.01383","0.00313","223.79138"
"101.00000","3.36675","6,147.65381","0.01383","0.00314","223.99416"
"101.10000","3.36989","6,151.98682","0.01386","0.00308","224.15202"
"101.20000","3.37332","6,156.62891","0.01396","0.00302","224.32117"
"101.30000","3.37684","6,162.90283","0.01388","0.00306","224.54976"
"101.40000","3.37990","6,166.98389","0.01389","0.00298","224.69846"
"101.50000","3.38334","6,172.63086","0.01387","0.00300","224.90421"
"101.60000","3.38678","6,178.68213","0.01392","0.00297","225.12469"
"101.70000","3.38984","6,183.12354","0.01392","0.00296","225.28651"
"101.80000","3.39335","6,187.55127","0.01392","0.00307","225.44785"
"101.90000","3.39672","6,193.27246","0.01393","0.00336","225.65630"
"102.00000","3.40001","6,198.68652","0.01396","0.00328","225.85356"
"102.10000","3.40329","6,201.99121","0.01397","0.00321","225.97397"
"102.20000","3.40666","6,207.62842","0.01400","0.00319","226.17937"
"102.30000","3.41002","6,212.89209","0.01401","0.00316","226.37115"
"102.40000","3.41323","6,217.88965","0.01410","0.00317","226.55324"
"102.50000","3.41667","6,223.07422","0.01402","0.00312","226.74214"
"102.60000","3.42011","6,227.73193","0.01405","0.00314","226.91185"
"102.70000","3.42325","6,232.57959","0.01404","0.00321","227.08849"
"102.80000","3.42669","6,237.73877","0.01403","0.00311","227.27646"
"102.90000","3.43012","6,243.89746","0.01405","0.00321","227.50085"
"103.00000","3.43326","6,247.78809","0.01406","0.00320","227.64261"
"103.10000","3.43670","6,252.54346","0.01414","0.00331","227.81587"
"103.20000","3.43999","6,257.72119","0.01409","0.00341","228.00453"
"103.30000","3.44328","6,262.87695","0.01411","0.00357","228.19238"
"103.40000","3.44672","6,266.89209","0.01417","0.00354","228.33868"
"103.50000","3.45000","6,271.52832","0.01424","0.00355","228.50760"
"103.60000","3.45344","6,277.58057","0.01417","0.00349","228.72812"
"103.70000","3.45658","6,281.85645","0.01414","0.00344","228.88391"
"103.80000","3.45994","6,287.41211","0.01416","0.00331","229.08635"
"103.90000","3.46331","6,292.13818","0.01428","0.00334","229.25854"
"104.00000","3.46652","6,296.57861","0.01424","0.00340","229.42033"
"104.10000","3.47003","6,302.58008","0.01419","0.00331","229.63899"
"104.20000","3.47340","6,307.70020","0.01423","0.00324","229.82555"
"104.30000","3.47661","6,312.16260","0.01424","0.00323","229.98814"
"104.40000","3.48005","6,317.42725","0.01431","0.00318","230.17996"
"104.50000","3.48334","6,321.42871","0.01430","0.00313","230.32576"
"104.60000","3.48655","6,327.28174","0.01428","0.00314","230.53902"
"104.70000","3.48991","6,332.16260","0.01439","0.00308","230.71686"
"104.80000","3.49328","6,337.20215","0.01435","0.00309","230.90048"
"104.90000","3.49671","6,342.94824","0.01436","0.00305","231.10985"
"105.00000","3.49993","6,346.39697","0.01437","0.00299","231.23550"
"105.10000","3.50337","6,352.75928","0.01434","0.00336","231.46732"
"105.20000","3.50673","6,357.84473","0.01437","0.00348","231.65260"
"105.30000","3.50987","6,362.26758","0.01440","0.00349","231.81375"
"105.40000","3.51338","6,367.01514","0.01443","0.00330","231.98674"
"105.50000","3.51674","6,372.34766","0.01446","0.00330","232.18103"
"105.60000","3.51996","6,377.60107","0.01444","0.00329","232.37244"
"105.70000","3.52340","6,382.44824","0.01449","0.00330","232.54906"
"105.80000","3.52676","6,387.16650","0.01438","0.00324","232.72096"
"105.90000","3.52997","6,392.30029","0.01438","0.00325","232.90802"
"106.00000","3.53326","6,396.68652","0.01447","0.00331","233.06784"
"106.10000","3.53662","6,401.47412","0.01448","0.00323","233.24228"
"106.20000","3.53999","6,407.15967","0.01451","0.00324","233.44943"
"106.30000","3.54328","6,410.70215","0.01446","0.00329","233.57851"
"106.40000","3.54671","6,416.71338","0.01449","0.00338","233.79753"
"106.50000","3.55008","6,422.50537","0.01449","0.00339","234.00856"
"106.60000","3.55322","6,425.71436","0.01455","0.00352","234.12549"
"106.70000","3.55665","6,431.76123","0.01454","0.00359","234.34581"
"106.80000","3.56002","6,436.34180","0.01467","0.00356","234.51270"
"106.90000","3.56323","6,441.41211","0.01452","0.00362","234.69745"
"107.00000","3.56667","6,445.95703","0.01457","0.00347","234.86304"
"107.10000","3.57011","6,450.73486","0.01457","0.00357","235.03712"
"107.20000","3.57332","6,455.64209","0.01457","0.00346","235.21593"
"107.30000","3.57668","6,460.14795","0.01467","0.00346","235.38010"
"107.40000","3.58005","6,465.85010","0.01467","0.00342","235.58786"
"107.50000","3.58326","6,470.54102","0.01458","0.00339","235.75877"
"107.60000","3.58655","6,473.98096","0.01463","0.00342","235.88411"
"107.70000","3.59014","6,480.25146","0.01473","0.00330","236.11258"
"107.80000","3.59335","6,485.08203","0.01469","0.00323","236.28859"
"107.90000","3.59664","6,488.80176","0.01470","0.00326","236.42412"
"108.00000","3.60008","6,494.26074","0.01476","0.00328","236.62302"
"108.10000","3.60336","6,499.29199","0.01468","0.00325","236.80634"
"108.20000","3.60658","6,503.43750","0.01476","0.00320","236.95738"
"108.30000","3.61002","6,508.54541","0.01471","0.00323","237.14349"
"108.40000","3.61338","6,512.88330","0.01472","0.00316","237.30154"
"108.50000","3.61659","6,516.89551","0.01475","0.00355","237.44774"
"108.60000","3.61996","6,522.38428","0.01472","0.00362","237.64772"
"108.70000","3.62339","6,526.89258","0.01474","0.00346","237.81198"
"108.80000","3.62653","6,531.60156","0.01490","0.00351","237.98357"
"108.90000","3.62990","6,534.75439","0.01481","0.00336","238.09843"
"109.00000","3.63341","6,540.98340","0.01478","0.00332","238.32539"
"109.10000","3.63662","6,545.50488","0.01482","0.00332","238.49014"
"109.20000","3.63999","6,549.13330","0.01495","0.00337","238.62234"
"109.30000","3.64342","6,554.88672","0.01487","0.00336","238.83197"
"109.40000","3.64671","6,559.42188","0.01483","0.00334","238.99721"
"109.50000","3.64993","6,563.51807","0.01482","0.00336","239.14645"
"109.60000","3.65329","6,568.06592","0.01497","0.00336","239.31216"
"109.70000","3.65673","6,573.43945","0.01496","0.00337","239.50795"
"109.80000","3.65987","6,576.56396","0.01487","0.00354","239.62180"
"109.90000","3.66338","6,582.34229","0.01486","0.00362","239.83234"
"110.00000","3.66682","6,586.88525","0.01496","0.00367","239.99786"
"110.10000","3.66988","6,590.75439","0.01510","0.00368","240.13884"
"110.20000","3.67332","6,594.72803","0.01505","0.00373","240.28362"
"110.30000","3.67676","6,599.42871","0.01497","0.00372","240.45490"
"110.40000","3.67990","6,604.38037","0.01495","0.00374","240.63530"
"110.50000","3.68333","6,608.31348","0.01507","0.00369","240.77861"
"110.60000","3.68677","6,613.56250","0.01512","0.00364","240.96986"
"110.70000","3.69006","6,616.79297","0.01514","0.00350","241.08757"
"110.80000","3.69327","6,621.14111","0.01509","0.00348","241.24600"
"110.90000","3.69664","6,625.60840","0.01501","0.00355","241.40877"
"111.00000","3.70000","6,630.48828","0.01506","0.00346","241.58656"
"111.10000","3.70314","6,633.07178","0.01517","0.00344","241.68069"
"111.20000","3.70665","6,638.39355","0.01522","0.00342","241.87460"
"111.30000","3.71016","6,642.97510","0.01506","0.00342","242.04153"
"111.40000","3.71323","6,646.38672","0.01507","0.00337","242.16583"
"111.50000","3.71674","6,650.32031","0.01520","0.00346","242.30916"
"111.60000","3.72010","6,654.94775","0.01522","0.00338","242.47777"
"111.70000","3.72324","6,658.68652","0.01525","0.00336","242.61398"
"111.80000","3.72668","6,663.17627","0.01520","0.00328","242.77757"
"111.90000","3.72997","6,667.40527","0.01514","0.00325","242.93167"
"112.00000","3.73333","6,671.21094","0.01526","0.00383","243.07033"
"112.10000","3.73670","6,675.18359","0.01533","0.00378","243.21507"
"112.20000","3.73998","6,679.91064","0.01530","0.00360","243.38730"
"112.30000","3.74342","6,684.16602","0.01526","0.00356","243.54236"
"112.40000","3.74656","6,687.33740","0.01530","0.00351","243.65790"
"112.50000","3.75000","6,691.77246","0.01529","0.00343","243.81950"
"112.60000","3.75344","6,696.64062","0.01537","0.00339","243.99687"
"112.70000","3.75650","6,700.52490","0.01535","0.00337","244.13840"
"112.80000","3.76001","6,704.61816","0.01539","0.00341","244.28754"
"112.90000","3.76345","6,710.26172","0.01537","0.00344","244.49316"
"113.00000","3.76659","6,713.77539","0.01535","0.00337","244.62119"
"113.10000","3.77003","6,717.80273","0.01542","0.00346","244.76793"
"113.20000","3.77332","6,722.20605","0.01543","0.00345","244.92838"
"113.30000","3.77660","6,726.99805","0.01545","0.00351","245.10297"
"113.40000","3.77997","6,730.56445","0.01531","0.00347","245.23291"
"113.50000","3.78333","6,734.94629","0.01540","0.00361","245.39256"
"113.60000","3.78677","6,740.44043","0.01547","0.00370","245.59276"
"113.70000","3.78991","6,743.82373","0.01549","0.00375","245.71602"
"113.80000","3.79335","6,748.48779","0.01540","0.00380","245.88596"
"113.90000","3.79671","6,752.93115","0.01538","0.00373","246.04787"
"114.00000","3.79985","6,757.03076","0.01551","0.00376","246.19724"
"114.10000","3.80344","6,761.07764","0.01553","0.00376","246.34468"
"114.20000","3.80680","6,766.52930","0.01553","0.00379","246.54332"
"114.30000","3.80994","6,770.77344","0.01555","0.00363","246.69795"
"114.40000","3.81338","6,774.26074","0.01540","0.00361","246.82501"
"114.50000","3.81666","6,778.88770","0.01551","0.00365","246.99361"
"114.60000","3.81995","6,783.12354","0.01557","0.00342","247.14793"
"114.70000","3.82324","6,786.81494","0.01560","0.00359","247.28244"
"114.80000","3.82660","6,791.43652","0.01556","0.00355","247.45084"
"114.90000","3.83004","6,796.65576","0.01560","0.00352","247.64099"
"115.00000","3.83326","6,800.06738","0.01557","0.00342","247.76530"
"115.10000","3.83669","6,804.48633","0.01565","0.00344","247.92632"
"115.20000","3.84006","6,809.05078","0.01567","0.00348","248.09262"
"115.30000","3.84320","6,812.94727","0.01550","0.00357","248.23459"
"115.40000","3.84663","6,817.18213","0.01553","0.00332","248.38889"
"115.50000","3.85007","6,822.04346","0.01564","0.00339","248.56601"
"115.60000","3.85321","6,825.13037","0.01571","0.00396","248.67850"
"115.70000","3.85672","6,829.47119","0.01571","0.00364","248.83665"
"115.80000","3.86009","6,834.07617","0.01569","0.00367","249.00444"
"115.90000","3.86330","6,839.17627","0.01572","0.00370","249.19026"
"116.00000","3.86659","6,842.02832","0.01573","0.00356","249.29417"
"116.10000","3.86995","6,845.61963","0.01577","0.00358","249.42503"
"116.20000","3.87331","6,851.16650","0.01573","0.00356","249.62714"
"116.30000","3.87660","6,854.07617","0.01578","0.00353","249.73315"
"116.40000","3.88012","6,858.82471","0.01577","0.00349","249.90617"
"116.50000","3.88340","6,862.51367","0.01578","0.00352","250.04057"
"116.60000","3.88654","6,865.96777","0.01580","0.00353","250.16643"
"116.70000","3.89006","6,869.96436","0.01581","0.00349","250.31204"
"116.80000","3.89334","6,874.16992","0.01582","0.00347","250.46529"
"116.90000","3.89656","6,877.27783","0.01582","0.00350","250.57852"
"117.00000","3.90000","6,881.04785","0.01584","0.00354","250.71588"
"117.10000","3.90343","6,885.84521","0.01583","0.00366","250.89069"
"117.20000","3.90665","6,888.82715","0.01585","0.00381","250.99933"
"117.30000","3.90994","6,892.01709","0.01586","0.00386","251.11555"
"117.40000","3.91330","6,895.52441","0.01588","0.00388","251.24335"
"117.50000","3.91659","6,899.17578","0.01591","0.00382","251.37639"
"117.60000","3.91988","6,902.66650","0.01589","0.00391","251.50357"
"117.70000","3.92339","6,907.53906","0.01589","0.00389","251.68111"
"117.80000","3.92668","6,910.14355","0.01590","0.00375","251.77600"
"117.90000","3.92996","6,913.62158","0.01590","0.00362","251.90273"
"118.00000","3.93340","6,918.15479","0.01592","0.00372","252.06790"
"118.10000","3.93669","6,921.14014","0.01593","0.00362","252.17668"
"118.20000","3.93990","6,924.45020","0.01595","0.00361","252.29727"
"118.30000","3.94327","6,928.45752","0.01597","0.00358","252.44328"
"118.40000","3.94678","6,931.35205","0.01599","0.00360","252.54875"
"118.50000","3.94992","6,935.52930","0.01600","0.00354","252.70096"
"118.60000","3.95336","6,938.92383","0.01598","0.00354","252.82463"
"118.70000","3.95680","6,942.35791","0.01601","0.00368","252.94975"
"118.80000","3.95993","6,945.85449","0.01600","0.00343","253.07716"
"118.90000","3.96330","6,949.00391","0.01601","0.00342","253.19191"
"119.00000","3.96674","6,953.77344","0.01604","0.00359","253.36569"
"119.10000","3.96995","6,957.54346","0.01606","0.00401","253.50305"
"119.20000","3.97331","6,960.68652","0.01604","0.00386","253.61757"
"119.30000","3.97675","6,965.01074","0.01606","0.00378","253.77513"
"119.40000","3.98004","6,969.33252","0.01609","0.00370","253.93260"
"119.50000","3.98325","6,971.91455","0.01608","0.00374","254.02667"
"119.60000","3.98662","6,975.65137","0.01609","0.00354","254.16283"
"119.70000","3.98998","6,979.37891","0.01609","0.00365","254.29865"
"119.80000","3.99319","6,983.26758","0.01611","0.00360","254.44034"
"119.90000","3.99663","6,987.43262","0.01612","0.00369","254.59209"
"120.00000","4.00007","6,990.68555","0.01609","0.00365","254.71062"
"120.10000","4.00321","6,993.54639","0.01615","0.00357","254.81485"
"120.20000","4.00664","6,997.66650","0.01618","0.00362","254.96497"
"120.30000","4.01008","7,001.52734","0.01618","0.00357","255.10564"
"120.40000","4.01330","7,005.71777","0.01617","0.00373","255.25832"
"120.50000","4.01666","7,009.11670","0.01618","0.00376","255.38216"
"120.60000","4.02002","7,012.62305","0.01617","0.00394","255.50992"
"120.70000","4.02339","7,017.01416","0.01621","0.00387","255.66991"
"120.80000","4.02667","7,019.84033","0.01622","0.00399","255.77289"
"120.90000","4.02996","7,023.69043","0.01622","0.00393","255.91316"
"121.00000","4.03340","7,027.20654","0.01623","0.00392","256.04129"
"121.10000","4.03654","7,030.68311","0.01623","0.00382","256.16794"
"121.20000","4.03998","7,034.63574","0.01621","0.00389","256.31198"
"121.30000","4.04342","7,038.63818","0.01625","0.00375","256.45779"
"121.40000","4.04655","7,041.32520","0.01626","0.00382","256.55569"
"121.50000","4.05007","7,044.54199","0.01625","0.00382","256.67291"
"121.60000","4.05343","7,048.58545","0.01629","0.00373","256.82022"
"121.70000","4.05657","7,051.30566","0.01629","0.00369","256.91934"
"121.80000","4.06001","7,054.18750","0.01628","0.00365","257.02435"
"121.90000","4.06322","7,058.24951","0.01631","0.00364","257.17236"
"122.00000","4.06666","7,061.65820","0.01631","0.00366","257.29654"
"122.10000","4.06995","7,064.99072","0.01631","0.00375","257.41797"
"122.20000","4.07331","7,069.24951","0.01633","0.00359","257.57315"
"122.30000","4.07675","7,072.79883","0.01635","0.00358","257.70245"
"122.40000","4.07989","7,075.63916","0.01636","0.00378","257.80597"
"122.50000","4.08332","7,079.19678","0.01635","0.00417","257.93558"
"122.60000","4.08676","7,083.11182","0.01640","0.00395","258.07822"
"122.70000","4.08990","7,085.87842","0.01639","0.00388","258.17902"
"122.80000","4.09341","7,088.82715","0.01637","0.00389","258.28647"
"122.90000","4.09678","7,093.04150","0.01640","0.00388","258.44003"
"123.00000","4.09992","7,096.20850","0.01642","0.00361","258.55542"
"123.10000","4.10335","7,098.79541","0.01643","0.00360","258.64966"
"123.20000","4.10664","7,102.18945","0.01643","0.00365","258.77335"
"123.30000","4.10993","7,105.78027","0.01643","0.00371","258.90417"
"123.40000","4.11329","7,108.41943","0.01646","0.00368","259.00034"
"123.50000","4.11666","7,111.90039","0.01645","0.00359","259.12717"
"123.60000","4.12010","7,115.65527","0.01648","0.00372","259.26398"
"123.70000","4.12323","7,117.71924","0.01649","0.00369","259.33917"
"123.80000","4.12667","7,121.28223","0.01650","0.00374","259.46899"
"123.90000","4.13004","7,125.62500","0.01651","0.00370","259.62723"
"124.00000","4.13317","7,127.57715","0.01650","0.00390","259.69836"
"124.10000","4.13669","7,131.00732","0.01651","0.00392","259.82333"
"124.20000","4.14012","7,134.93457","0.01653","0.00393","259.96643"
"124.30000","4.14326","7,137.73584","0.01653","0.00402","260.06848"
"124.40000","4.14678","7,140.99121","0.01655","0.00399","260.18710"
"124.50000","4.15006","7,143.45410","0.01655","0.00401","260.27686"
"124.60000","4.15328","7,146.87646","0.01654","0.00400","260.40155"
"124.70000","4.15657","7,149.82666","0.01653","0.00388","260.50903"
"124.80000","4.16000","7,152.65186","0.01654","0.00394","260.61197"
"124.90000","4.16337","7,156.60889","0.01658","0.00383","260.75613"
"125.00000","4.16658","7,158.51025","0.01659","0.00385","260.82541"
"125.10000","4.17009","7,162.27881","0.01658","0.00378","260.96274"
"125.20000","4.17338","7,166.34912","0.01658","0.00380","261.11105"
"125.30000","4.17652","7,168.09473","0.01659","0.00375","261.17465"
"125.40000","4.18003","7,171.86914","0.01663","0.00375","261.31216"
"125.50000","4.18340","7,174.70264","0.01656","0.00389","261.41541"
"125.60000","4.18661","7,178.17676","0.01659","0.00377","261.54199"
"125.70000","4.19005","7,180.48584","0.01662","0.00369","261.62613"
"125.80000","4.19349","7,183.36035","0.01663","0.00390","261.73087"
"125.90000","4.19663","7,187.02148","0.01663","0.00366","261.86426"
"126.00000","4.19991","7,189.68115","0.01665","0.00382","261.96115"
"126.10000","4.20335","7,192.47168","0.01666","0.00415","262.06284"
"126.20000","4.20664","7,196.14307","0.01666","0.00396","262.19659"
"126.30000","4.20993","7,198.87402","0.01669","0.00399","262.29611"
"126.40000","4.21344","7,201.97021","0.01665","0.00395","262.40891"
"126.50000","4.21673","7,204.66162","0.01669","0.00390","262.50699"
"126.60000","4.21994","7,206.97412","0.01670","0.00388","262.59125"
"126.70000","4.22338","7,210.81201","0.01671","0.00377","262.73108"
"126.80000","4.22667","7,213.32227","0.01672","0.00376","262.82254"
"126.90000","4.22988","7,216.46338","0.01670","0.00367","262.93698"
"127.00000","4.23340","7,218.67090","0.01672","0.00382","263.01743"
"127.10000","4.23676","7,223.04883","0.01672","0.00382","263.17694"
"127.20000","4.23997","7,225.46484","0.01676","0.00380","263.26495"
"127.30000","4.24334","7,227.49463","0.01674","0.00373","263.33893"
"127.40000","4.24677","7,231.25732","0.01679","0.00383","263.47601"
"127.50000","4.24991","7,233.59521","0.01678","0.00381","263.56119"
"127.60000","4.25328","7,236.71338","0.01678","0.00399","263.67480"
"127.70000","4.25671","7,240.22559","0.01680","0.00400","263.80280"
"127.80000","4.26000","7,242.87158","0.01681","0.00410","263.89920"
"127.90000","4.26329","7,245.06104","0.01683","0.00411","263.97897"
"128.00000","4.26673","7,248.77734","0.01681","0.00414","264.11438"
"128.10001","4.27002","7,250.62109","0.01682","0.00405","264.18155"
"128.20000","4.27316","7,253.29688","0.01685","0.00414","264.27905"
"128.30000","4.27659","7,256.40674","0.01682","0.00411","264.39236"
"128.39999","4.28003","7,259.12354","0.01687","0.00415","264.49133"
"128.50000","4.28325","7,261.54004","0.01685","0.00398","264.57938"
"128.60001","4.28668","7,265.01514","0.01684","0.00390","264.70599"
"128.70000","4.29012","7,267.47754","0.01686","0.00388","264.79572"
"128.80000","4.29326","7,270.09326","0.01688","0.00389","264.89102"
"128.89999","4.29662","7,272.95654","0.01691","0.00399","264.99536"
"129.00000","4.29999","7,276.20703","0.01692","0.00388","265.11380"
"129.10001","4.30328","7,278.88330","0.01688","0.00375","265.21130"
"129.20000","4.30664","7,282.02100","0.01687","0.00377","265.32562"
"129.30000","4.31008","7,284.47119","0.01689","0.00381","265.41489"
"129.39999","4.31336","7,287.35840","0.01690","0.00383","265.52011"
"129.50000","4.31665","7,289.67725","0.01692","0.00408","265.60458"
"129.60001","4.31994","7,293.03369","0.01693","0.00376","265.72687"
"129.70000","4.32338","7,295.78369","0.01693","0.00403","265.82709"
"129.80000","4.32652","7,298.04785","0.01695","0.00429","265.90958"
"129.89999","4.33003","7,300.53613","0.01698","0.00421","266.00024"
"130.00000","4.33339","7,303.63330","0.01695","0.00412","266.11310"
"130.10001","4.33661","7,306.76709","0.01695","0.00401","266.22726"
"130.20000","4.34005","7,308.61865","0.01698","0.00406","266.29474"
"130.30000","4.34341","7,311.90283","0.01696","0.00402","266.41440"
"130.39999","4.34655","7,314.90479","0.01698","0.00391","266.52377"
"130.50000","4.34999","7,317.73145","0.01702","0.00381","266.62677"
"130.60001","4.35327","7,320.82666","0.01698","0.00379","266.73953"
"130.70000","4.35671","7,323.00732","0.01702","0.00386","266.81900"
"130.80000","4.35993","7,325.71533","0.01702","0.00385","266.91766"
"130.89999","4.36329","7,329.15771","0.01704","0.00380","267.04309"
"131.00000","4.36680","7,332.78906","0.01702","0.00384","267.17538"
"131.10001","4.36987","7,333.77393","0.01703","0.00390","267.21127"
"131.20000","4.37330","7,337.09912","0.01704","0.00390","267.33243"
"131.30000","4.37674","7,339.80811","0.01706","0.00399","267.43115"
"131.39999","4.37988","7,342.99268","0.01707","0.00400","267.54718"
"131.50000","4.38339","7,345.82910","0.01708","0.00416","267.65051"
"131.60001","4.38676","7,348.16357","0.01708","0.00419","267.73557"
"131.70000","4.38990","7,349.74756","0.01709","0.00425","267.79330"
"131.80000","4.39333","7,353.23340","0.01712","0.00432","267.92029"
"131.89999","4.39662","7,355.92920","0.01709","0.00422","268.01852"
"132.00000","4.40006","7,358.99951","0.01709","0.00418","268.13040"
"132.10001","4.40335","7,361.22266","0.01712","0.00419","268.21140"
"132.20000","4.40664","7,364.21777","0.01712","0.00417","268.32053"
"132.30000","4.41015","7,368.00049","0.01711","0.00412","268.45834"
"132.39999","4.41321","7,368.85498","0.01713","0.00409","268.48947"
"132.50000","4.41665","7,372.46045","0.01711","0.00418","268.62085"
"132.60001","4.42001","7,374.86719","0.01716","0.00398","268.70856"
"132.70000","4.42315","7,377.42725","0.01715","0.00393","268.80182"
"132.80000","4.42674","7,380.78076","0.01715","0.00389","268.92401"
"132.89999","4.43010","7,383.56348","0.01716","0.00391","269.02539"
"133.00000","4.43324","7,386.07422","0.01715","0.00387","269.11688"
"133.10001","4.43668","7,387.69531","0.01719","0.00386","269.17593"
"133.20000","4.43997","7,389.57227","0.01717","0.00388","269.24432"
"133.30000","4.44333","7,390.39941","0.01716","0.00397","269.27448"
"133.39999","4.44662","7,390.71826","0.01718","0.00415","269.28610"
"133.50000","4.44998","7,391.30176","0.01718","0.00442","269.30734"
"133.60001","4.45342","7,392.43115","0.01717","0.00431","269.34851"
"133.70000","4.45656","7,391.65527","0.01717","0.00428","269.32022"
"133.80000","4.46007","7,391.50439","0.01719","0.00417","269.31473"
"133.89999","4.46344","7,392.98682","0.01723","0.00414","269.36874"
"134.00000","4.46650","7,391.90869","0.01723","0.00412","269.32947"
"134.10001","4.47001","7,392.54639","0.01723","0.00405","269.35269"
"134.20000","4.47338","7,392.30078","0.01723","0.00389","269.34375"
"134.30000","4.47659","7,392.07568","0.01723","0.00390","269.33554"
"134.39999","4.48003","7,392.97852","0.01723","0.00385","269.36844"
"134.50000","4.48339","7,392.24463","0.01723","0.00384","269.34171"
"134.60001","4.48668","7,392.49219","0.01723","0.00386","269.35071"
"134.70000","4.48989","7,391.58447","0.01722","0.00382","269.31766"
"134.80000","4.49333","7,392.39453","0.01727","0.00388","269.34717"
"134.89999","4.49669","7,392.72168","0.01725","0.00392","269.35907"
"135.00000","4.49983","7,392.41699","0.01722","0.00384","269.34799"
"135.10001","4.50342","7,392.96143","0.01726","0.00395","269.36783"
"135.20000","4.50671","7,391.98242","0.01726","0.00399","269.33215"
"135.30000","4.50985","7,391.06152","0.01726","0.00407","269.29858"
"135.39999","4.51336","7,392.00244","0.01727","0.00425","269.33289"
"135.50000","4.51672","7,391.21143","0.01726","0.00421","269.30405"
"135.60001","4.51994","7,389.93896","0.01725","0.00432","269.25769"
"135.70000","4.52338","7,390.39404","0.01727","0.00431","269.27426"
"135.80000","4.52681","7,390.55664","0.01728","0.00426","269.28021"
"135.89999","4.52995","7,389.42822","0.01730","0.00428","269.23907"
"136.00000","4.53332","7,390.70410","0.01729","0.00422","269.28558"
"136.10001","4.53668","7,390.96240","0.01727","0.00423","269.29498"
"136.20000","4.53997","7,389.86426","0.01726","0.00426","269.25497"
"136.30000","4.54326","7,389.36133","0.01728","0.00414","269.23663"
"136.39999","4.54677","7,390.70117","0.01729","0.00409","269.28546"
"136.50000","4.55006","7,390.66602","0.01727","0.00402","269.28418"
"136.60001","4.55327","7,390.46582","0.01729","0.00395","269.27689"
"136.70000","4.55671","7,390.23242","0.01732","0.00396","269.26837"
"136.80000","4.56000","7,389.48730","0.01731","0.00394","269.24124"
"136.89999","4.56321","7,390.05420","0.01731","0.00394","269.26190"
"137.00000","4.56665","7,389.41797","0.01728","0.00393","269.23871"
"137.10001","4.57001","7,388.02979","0.01729","0.00393","269.18814"
"137.20000","4.57330","7,388.82715","0.01729","0.00390","269.21719"
"137.30000","4.57666","7,388.53369","0.01732","0.00386","269.20648"
"137.39999","4.58003","7,388.92041","0.01731","0.00408","269.22058"
"137.50000","4.58324","7,388.15381","0.01731","0.00444","269.19266"
"137.60001","4.58653","7,387.22510","0.01730","0.00431","269.15881"
"137.70000","4.59004","7,388.04492","0.01734","0.00430","269.18869"
"137.80000","4.59333","7,389.03076","0.01731","0.00416","269.22461"
"137.89999","4.59662","7,388.85645","0.01734","0.00410","269.21826"
"138.00000","4.60006","7,389.71924","0.01730","0.00399","269.24969"
"138.10001","4.60342","7,391.00635","0.01735","0.00404","269.29657"
"138.20000","4.60663","7,391.49609","0.01734","0.00395","269.31442"
"138.30000","4.61000","7,391.87988","0.01734","0.00395","269.32840"
"138.39999","4.61336","7,392.59131","0.01734","0.00388","269.35434"
"138.50000","4.61657","7,393.05371","0.01737","0.00387","269.37119"
"138.60001","4.62001","7,393.74756","0.01737","0.00388","269.39645"
"138.70000","4.62345","7,396.21387","0.01733","0.00393","269.48633"
"138.80000","4.62659","7,396.46680","0.01736","0.00388","269.49554"
"138.89999","4.62995","7,397.41162","0.01737","0.00389","269.52997"
"139.00000","4.63331","7,397.58838","0.01740","0.00387","269.53641"
"139.10001","4.63660","7,399.66504","0.01738","0.00397","269.61206"
"139.20000","4.63997","7,401.02148","0.01738","0.00403","269.66150"
"139.30000","4.64333","7,402.79639","0.01739","0.00423","269.72617"
"139.39999","4.64669","7,403.95361","0.01738","0.00421","269.76834"
"139.50000","4.64991","7,405.05811","0.01742","0.00433","269.80856"
"139.60001","4.65327","7,406.55566","0.01742","0.00426","269.86313"
"139.70000","4.65671","7,407.24121","0.01739","0.00429","269.88812"
"139.80000","4.65984","7,408.37305","0.01744","0.00423","269.92935"
"139.89999","4.66328","7,409.58984","0.01740","0.00427","269.97369"
"140.00000","4.66680","7,410.87549","0.01740","0.00426","270.02054"
"140.10001","4.66993","7,412.07520","0.01740","0.00420","270.06424"
"140.20000","4.67337","7,412.37549","0.01738","0.00419","270.07520"
"140.30000","4.67674","7,413.98779","0.01741","0.00408","270.13394"
"140.39999","4.67995","7,414.96973","0.01742","0.00408","270.16971"
"140.50000","4.68331","7,416.52783","0.01744","0.00401","270.22647"
"140.60001","4.68660","7,416.85400","0.01743","0.00402","270.23837"
"140.70000","4.69004","7,418.45459","0.01740","0.00397","270.29669"
"140.80000","4.69333","7,419.65332","0.01744","0.00399","270.34036"
"140.89999","4.69662","7,421.15625","0.01745","0.00398","270.39511"
"141.00000","4.70013","7,422.14746","0.01744","0.00399","270.43124"
"141.10001","4.70319","7,422.66162","0.01742","0.00385","270.44998"
"141.20000","4.70663","7,423.69092","0.01743","0.00393","270.48746"
"141.30000","4.71007","7,426.28564","0.01746","0.00400","270.58200"
"141.39999","4.71321","7,426.91455","0.01745","0.00435","270.60492"
"141.50000","4.71672","7,427.84375","0.01748","0.00453","270.63879"
"141.60001","4.72008","7,428.64697","0.01751","0.00435","270.66806"
"141.70000","4.72330","7,430.50000","0.01747","0.00438","270.73557"
"141.80000","4.72666","7,431.68457","0.01748","0.00428","270.77872"
"141.89999","4.72995","7,431.69092","0.01747","0.00416","270.77896"
"142.00000","4.73339","7,433.49707","0.01748","0.00414","270.84476"
"142.10001","4.73660","7,433.77344","0.01750","0.00407","270.85483"
"142.20000","4.73996","7,436.24414","0.01752","0.00398","270.94485"
"142.30000","4.74348","7,437.62549","0.01748","0.00399","270.99518"
"142.39999","4.74654","7,438.50000","0.01748","0.00400","271.02704"
"142.50000","4.74998","7,439.79492","0.01751","0.00388","271.07422"
"142.60001","4.75342","7,440.82178","0.01753","0.00386","271.11163"
"142.70000","4.75656","7,441.47607","0.01750","0.00388","271.13550"
"142.80000","4.76007","7,443.27881","0.01753","0.00392","271.20117"
"142.89999","4.76343","7,444.08008","0.01754","0.00392","271.23038"
"143.00000","4.76664","7,445.10205","0.01752","0.00402","271.26761"
"143.10001","4.77001","7,445.89795","0.01752","0.00404","271.29660"
"143.20000","4.77337","7,446.91992","0.01750","0.00415","271.33383"
"143.30000","4.77666","7,447.81348","0.01752","0.00430","271.36639"
"143.39999","4.77987","7,448.97559","0.01752","0.00427","271.40872"
"143.50000","4.78331","7,449.74756","0.01754","0.00432","271.43686"
"143.60001","4.78675","7,451.73193","0.01757","0.00438","271.50916"
"143.70000","4.78989","7,452.31152","0.01754","0.00449","271.53027"
"143.80000","4.79340","7,453.22803","0.01757","0.00440","271.56369"
"143.89999","4.79676","7,455.35889","0.01754","0.00429","271.64133"
"144.00000","4.79983","7,455.61719","0.01754","0.00424","271.65073"
"144.10001","4.80341","7,457.12793","0.01756","0.00430","271.70578"
"144.20000","4.80678","7,459.22998","0.01753","0.00423","271.78235"
"144.30000","4.80992","7,459.91895","0.01754","0.00427","271.80746"
"144.39999","4.81343","7,460.82666","0.01757","0.00407","271.84055"
"144.50000","4.81679","7,462.13330","0.01756","0.00410","271.88815"
"144.60001","4.82001","7,463.27490","0.01758","0.00409","271.92975"
"144.70000","4.82322","7,463.36670","0.01758","0.00402","271.93307"
"144.80000","4.82666","7,464.75000","0.01757","0.00401","271.98349"
"144.89999","4.83002","7,465.63281","0.01758","0.00412","272.01566"
"145.00000","4.83323","7,466.90625","0.01756","0.00397","272.06204"
"145.10001","4.83675","7,468.36523","0.01760","0.00394","272.11520"
"145.20000","4.84004","7,468.67871","0.01763","0.00392","272.12665"
"145.30000","4.84325","7,469.50977","0.01760","0.00396","272.15692"
"145.39999","4.84676","7,471.22021","0.01762","0.00413","272.21924"
"145.50000","4.85005","7,471.83789","0.01759","0.00452","272.24173"
"145.60001","4.85319","7,472.43457","0.01760","0.00445","272.26349"
"145.70000","4.85670","7,474.72119","0.01766","0.00427","272.34680"
"145.80000","4.86007","7,474.63330","0.01764","0.00426","272.34360"
"145.89999","4.86335","7,476.58252","0.01764","0.00411","272.41461"
"146.00000","4.86664","7,476.56396","0.01762","0.00407","272.41394"
"146.10001","4.87001","7,478.35205","0.01759","0.00409","272.47910"
"146.20000","4.87329","7,479.19092","0.01763","0.00404","272.50964"
"146.30000","4.87651","7,479.45312","0.01765","0.00407","272.51920"
"146.39999","4.88010","7,481.45264","0.01765","0.00391","272.59207"
"146.50000","4.88338","7,482.41406","0.01765","0.00391","272.62708"
"146.60001","4.88660","7,482.30811","0.01764","0.00396","272.62323"
"146.70000","4.89003","7,484.32227","0.01765","0.00396","272.69662"
"146.80000","4.89340","7,485.75098","0.01764","0.00393","272.74869"
"146.89999","4.89661","7,486.67188","0.01767","0.00400","272.78223"
"147.00000","4.89997","7,487.61914","0.01766","0.00411","272.81674"
"147.10001","4.90334","7,489.45898","0.01764","0.00405","272.88379"
"147.20000","4.90663","7,490.63867","0.01767","0.00418","272.92676"
"147.30000","4.90999","7,492.29102","0.01766","0.00428","272.98697"
"147.39999","4.91335","7,494.42432","0.01768","0.00436","273.06470"
"147.50000","4.91664","7,495.78857","0.01766","0.00438","273.11441"
"147.60001","4.91993","7,496.52002","0.01768","0.00441","273.14105"
"147.70000","4.92329","7,498.58008","0.01769","0.00439","273.21613"
"147.80000","4.92666","7,499.93604","0.01769","0.00429","273.26550"
"147.89999","4.92994","7,501.36621","0.01768","0.00431","273.31763"
"148.00000","4.93338","7,503.27637","0.01768","0.00422","273.38724"
"148.10001","4.93675","7,504.67236","0.01770","0.00417","273.43808"
"148.20000","4.93996","7,505.93408","0.01768","0.00421","273.48407"
"148.30000","4.94325","7,507.29883","0.01774","0.00420","273.53378"
"148.39999","4.94669","7,509.07422","0.01774","0.00415","273.59848"
"148.50000","4.94990","7,510.13184","0.01771","0.00403","273.63699"
"148.60001","4.95334","7,511.84277","0.01774","0.00402","273.69934"
"148.70000","4.95677","7,514.01270","0.01771","0.00405","273.77841"
"148.80000","4.95999","7,515.68896","0.01773","0.00402","273.83948"
"148.89999","4.96335","7,517.49951","0.01775","0.00393","273.90546"
"149.00000","4.96671","7,518.62305","0.01772","0.00398","273.94638"
"149.10001","4.97000","7,520.36035","0.01779","0.00392","274.00970"
"149.20000","4.97329","7,521.78223","0.01778","0.00405","274.06149"
"149.30000","4.97666","7,523.74463","0.01774","0.00458","274.13300"
"149.39999","4.98009","7,525.52393","0.01776","0.00437","274.19781"
"149.50000","4.98331","7,526.15479","0.01780","0.00436","274.22083"
"149.60001","4.98667","7,528.06836","0.01778","0.00426","274.29053"
"149.70000","4.99011","7,529.66797","0.01779","0.00426","274.34882"
"149.80000","4.99317","7,531.23779","0.01776","0.00401","274.40601"
"149.89999","4.99661","7,533.01172","0.01777","0.00410","274.47064"
"150.00000","5.00005","7,534.85498","0.01778","0.00407","274.53781"
"150.10001","5.00326","7,536.57764","0.01780","0.00412","274.60059"
"150.20000","5.00662","7,537.79102","0.01784","0.00398","274.64478"
"150.30000","5.01006","7,540.42480","0.01779","0.00398","274.74075"
"150.39999","5.01335","7,540.79004","0.01779","0.00398","274.75406"
"150.50000","5.01656","7,542.38867","0.01780","0.00401","274.81232"
"150.60001","5.01993","7,543.69287","0.01779","0.00404","274.85983"
"150.70000","5.02337","7,544.91309","0.01783","0.00394","274.90430"
"150.80000","5.02658","7,546.34717","0.01779","0.00405","274.95654"
"150.89999","5.03002","7,547.75684","0.01782","0.00418","275.00790"
"151.00000","5.03353","7,548.59766","0.01781","0.00433","275.03854"
"151.10001","5.03652","7,549.29639","0.01781","0.00424","275.06400"
"151.20000","5.03996","7,551.19629","0.01781","0.00427","275.13321"
"151.30000","5.04340","7,553.34668","0.01780","0.00430","275.21158"
"151.39999","5.04653","7,553.69727","0.01781","0.00439","275.22433"
"151.50000","5.05012","7,556.20898","0.01786","0.00438","275.31586"
"151.60001","5.05341","7,557.77344","0.01786","0.00442","275.37286"
"151.70000","5.05662","7,558.93750","0.01785","0.00439","275.41528"
"151.80000","5.05999","7,560.60400","0.01785","0.00433","275.47598"
"151.89999","5.06327","7,561.76953","0.01781","0.00431","275.51846"
"152.00000","5.06664","7,564.15137","0.01788","0.00430","275.60526"
"152.10001","5.06993","7,565.38525","0.01787","0.00428","275.65021"
"152.20000","5.07329","7,567.05713","0.01784","0.00426","275.71112"
"152.30000","5.07680","7,568.82666","0.01785","0.00420","275.77560"
"152.39999","5.07987","7,569.31689","0.01786","0.00410","275.79346"
"152.50000","5.08338","7,571.46631","0.01790","0.00412","275.87177"
"152.60001","5.08674","7,572.58545","0.01791","0.00398","275.91254"
"152.70000","5.08988","7,573.70068","0.01788","0.00404","275.95319"
"152.80000","5.09339","7,574.80176","0.01787","0.00403","275.99332"
"152.89999","5.09676","7,575.82031","0.01787","0.00398","276.03043"
"153.00000","5.09997","7,577.44531","0.01787","0.00392","276.08963"
"153.10001","5.10333","7,578.83105","0.01795","0.00445","276.14011"
"153.20000","5.10670","7,580.47852","0.01791","0.00439","276.20013"
"153.30000","5.10999","7,582.42920","0.01787","0.00437","276.27121"
"153.39999","5.11327","7,582.30029","0.01791","0.00426","276.26651"
"153.50000","5.11671","7,583.95703","0.01791","0.00421","276.32687"
"153.60001","5.12007","7,585.77881","0.01791","0.00411","276.39325"
"153.70000","5.12321","7,585.56104","0.01789","0.00422","276.38531"
"153.80000","5.12673","7,586.92383","0.01794","0.00414","276.43497"
"153.89999","5.13009","7,589.08105","0.01789","0.00403","276.51358"
"154.00000","5.13315","7,588.94092","0.01790","0.00402","276.50848"
"154.10001","5.13674","7,590.19873","0.01791","0.00403","276.55429"
"154.20000","5.14003","7,591.24072","0.01795","0.00402","276.59225"
"154.30000","5.14324","7,592.50098","0.01794","0.00409","276.63818"
"154.39999","5.14668","7,592.99854","0.01793","0.00402","276.65631"
"154.50000","5.15004","7,594.44482","0.01792","0.00407","276.70901"
"154.60001","5.15333","7,595.64111","0.01793","0.00415","276.75259"
"154.70000","5.15662","7,597.01953","0.01793","0.00423","276.80283"
"154.80000","5.15998","7,598.49414","0.01792","0.00433","276.85654"
"154.89999","5.16335","7,599.80518","0.01794","0.00439","276.90433"
"155.00000","5.16656","7,600.27637","0.01793","0.00449","276.92148"
"155.10001","5.17007","7,601.68066","0.01796","0.00446","276.97266"
"155.20000","5.17344","7,603.97070","0.01795","0.00437","277.05609"
"155.30000","5.17658","7,604.10645","0.01798","0.00427","277.06104"
"155.39999","5.18001","7,606.19336","0.01797","0.00436","277.13708"
"155.50000","5.18330","7,607.43408","0.01796","0.00428","277.18228"
"155.60001","5.18659","7,608.14404","0.01799","0.00431","277.20816"
"155.70000","5.19003","7,610.47021","0.01797","0.00429","277.29291"
"155.80000","5.19339","7,611.52783","0.01796","0.00421","277.33145"
"155.89999","5.19661","7,612.01025","0.01801","0.00421","277.34903"
"156.00000","5.19997","7,613.87549","0.01800","0.00412","277.41699"
"156.10001","5.20333","7,615.09326","0.01796","0.00415","277.46136"
"156.20000","5.20669","7,616.35742","0.01799","0.00407","277.50742"
"156.30000","5.20991","7,618.16064","0.01797","0.00404","277.57312"
"156.39999","5.21335","7,619.27539","0.01800","0.00403","277.61374"
"156.50000","5.21671","7,620.47314","0.01802","0.00398","277.65738"
"156.60001","5.21992","7,622.34277","0.01801","0.00434","277.72549"
"156.70000","5.22336","7,623.52344","0.01803","0.00445","277.76852"
"156.80000","5.22672","7,624.91309","0.01800","0.00433","277.81915"
"156.89999","5.22994","7,626.13184","0.01801","0.00423","277.86356"
"157.00000","5.23330","7,627.96631","0.01805","0.00415","277.93039"
"157.10001","5.23666","7,629.52930","0.01805","0.00410","277.98734"
"157.20000","5.23995","7,630.93164","0.01801","0.00412","278.03842"
"157.30000","5.24332","7,631.25049","0.01804","0.00406","278.05005"
"157.39999","5.24675","7,632.06494","0.01807","0.00402","278.07971"
"157.50000","5.24997","7,633.74854","0.01803","0.00403","278.14108"
"157.60001","5.25326","7,634.04297","0.01806","0.00405","278.15179"
"157.70000","5.25669","7,635.40869","0.01803","0.00406","278.20157"
"157.80000","5.25998","7,636.50830","0.01803","0.00413","278.24164"
"157.89999","5.26327","7,637.50537","0.01802","0.00418","278.27795"
"158.00000","5.26671","7,638.53174","0.01805","0.00433","278.31534"
"158.10001","5.27015","7,640.18457","0.01801","0.00432","278.37558"
"158.20000","5.27329","7,640.08691","0.01804","0.00441","278.37201"
"158.30000","5.27657","7,639.95068","0.01804","0.00452","278.36703"
"158.39999","5.28009","7,641.91797","0.01803","0.00442","278.43872"
"158.50000","5.28323","7,642.55469","0.01805","0.00441","278.46191"
"158.60001","5.28659","7,642.03223","0.01808","0.00440","278.44290"
"158.70000","5.29010","7,643.52246","0.01806","0.00433","278.49719"
"158.80000","5.29332","7,644.41260","0.01805","0.00426","278.52963"
"158.89999","5.29668","7,644.67139","0.01807","0.00428","278.53906"
"159.00000","5.30004","7,645.12061","0.01806","0.00419","278.55542"
"159.10001","5.30333","7,645.69922","0.01805","0.00421","278.57651"
"159.20000","5.30662","7,645.73291","0.01811","0.00415","278.57773"
"159.30000","5.30998","7,646.66211","0.01805","0.00403","278.61157"
"159.39999","5.31342","7,647.45166","0.01810","0.00414","278.64035"
"159.50000","5.31656","7,647.44678","0.01805","0.00409","278.64017"
"159.60001","5.32000","7,648.03125","0.01809","0.00409","278.66147"
"159.70000","5.32351","7,649.08496","0.01804","0.00404","278.69986"
"159.80000","5.32650","7,648.55615","0.01811","0.00453","278.68060"
"159.89999","5.33001","7,649.91211","0.01808","0.00447","278.73001"
"160.00000","5.33345","7,650.39600","0.01808","0.00437","278.74762"
"160.10001","5.33659","7,651.18896","0.01807","0.00423","278.77652"
"160.20000","5.34003","7,652.14209","0.01809","0.00430","278.81125"
"160.30000","5.34339","7,652.91455","0.01807","0.00423","278.83939"
"160.39999","5.34660","7,653.38672","0.01809","0.00421","278.85660"
"160.50000","5.34997","7,653.90918","0.01811","0.00415","278.87564"
"160.60001","5.35325","7,654.94727","0.01812","0.00407","278.91345"
"160.70000","5.35669","7,656.19141","0.01812","0.00413","278.95880"
"160.80000","5.35991","7,655.92236","0.01810","0.00411","278.94897"
"160.89999","5.36327","7,656.94434","0.01811","0.00415","278.98624"
"161.00000","5.36678","7,658.39600","0.01808","0.00427","279.03912"
"161.10001","5.36985","7,658.69043","0.01809","0.00435","279.04984"
"161.20000","5.37336","7,659.47900","0.01811","0.00441","279.07858"
"161.30000","5.37672","7,660.41064","0.01810","0.00439","279.11252"
"161.39999","5.37986","7,661.38232","0.01810","0.00436","279.14792"
"161.50000","5.38345","7,662.79541","0.01813","0.00448","279.19940"
"161.60001","5.38674","7,662.83252","0.01811","0.00434","279.20078"
"161.70000","5.38995","7,663.80811","0.01814","0.00446","279.23630"
"161.80000","5.39331","7,664.58057","0.01813","0.00453","279.26447"
"161.89999","5.39660","7,664.75195","0.01811","0.00433","279.27069"
"162.00000","5.39996","7,666.02295","0.01810","0.00440","279.31702"
"162.10001","5.40325","7,666.31152","0.01812","0.00434","279.32751"
"162.20000","5.40669","7,667.72021","0.01814","0.00435","279.37885"
"162.30000","5.41013","7,668.51221","0.01817","0.00417","279.40771"
"162.39999","5.41319","7,668.59033","0.01819","0.00417","279.41055"
"162.50000","5.41678","7,669.48535","0.01815","0.00410","279.44318"
"162.60001","5.42007","7,670.30811","0.01816","0.00418","279.47314"
"162.70000","5.42313","7,670.15869","0.01815","0.00414","279.46771"
"162.80000","5.42672","7,671.33398","0.01812","0.00414","279.51053"
"162.89999","5.43008","7,672.15723","0.01813","0.00414","279.54053"
"163.00000","5.43330","7,672.49023","0.01818","0.00437","279.55264"
"163.10001","5.43666","7,672.40576","0.01817","0.00461","279.54956"
"163.20000","5.44002","7,674.18164","0.01818","0.00443","279.61429"
"163.30000","5.44339","7,674.91699","0.01818","0.00438","279.64108"
"163.39999","5.44660","7,675.27832","0.01817","0.00440","279.65424"
"163.50000","5.44996","7,676.51123","0.01819","0.00428","279.69916"
"163.60001","5.45340","7,676.98975","0.01818","0.00427","279.71658"
"163.70000","5.45654","7,677.64502","0.01816","0.00419","279.74048"
"163.80000","5.46005","7,679.32324","0.01818","0.00416","279.80161"
"163.89999","5.46342","7,679.48486","0.01817","0.00415","279.80750"
"164.00000","5.46656","7,679.14062","0.01819","0.00409","279.79495"
"164.10001","5.47007","7,680.96289","0.01818","0.00408","279.86136"
"164.20000","5.47336","7,680.82812","0.01819","0.00408","279.85645"
"164.30000","5.47664","7,681.32861","0.01818","0.00411","279.87469"
"164.39999","5.48001","7,681.89600","0.01818","0.00411","279.89536"
"164.50000","5.48337","7,682.74072","0.01818","0.00422","279.92615"
"164.60001","5.48673","7,684.02197","0.01818","0.00436","279.97281"
"164.70000","5.48995","7,684.32910","0.01822","0.00440","279.98401"
"164.80000","5.49331","7,684.82227","0.01816","0.00451","280.00198"
"164.89999","5.49667","7,685.78809","0.01819","0.00446","280.03717"
"165.00000","5.49989","7,686.60693","0.01819","0.00442","280.06702"
"165.10001","5.50340","7,688.08350","0.01819","0.00442","280.12079"
"165.20000","5.50676","7,688.92920","0.01818","0.00445","280.15161"
"165.30000","5.50990","7,688.90967","0.01821","0.00452","280.15091"
"165.39999","5.51334","7,689.96777","0.01818","0.00440","280.18945"
"165.50000","5.51663","7,690.18750","0.01822","0.00435","280.19745"
"165.60001","5.51992","7,691.27539","0.01823","0.00436","280.23709"
"165.70000","5.52336","7,692.59180","0.01825","0.00436","280.28506"
"165.80000","5.52664","7,691.62012","0.01824","0.00436","280.24966"
"165.89999","5.53001","7,693.56787","0.01821","0.00425","280.32062"
"166.00000","5.53330","7,694.17041","0.01820","0.00427","280.34259"
"166.10001","5.53673","7,695.25488","0.01824","0.00419","280.38211"
"166.20000","5.54002","7,696.24414","0.01825","0.00420","280.41815"
"166.30000","5.54323","7,695.89453","0.01822","0.00414","280.40540"
"166.39999","5.54675","7,697.66260","0.01823","0.00409","280.46982"
"166.50000","5.55011","7,697.67383","0.01821","0.00406","280.47025"
"166.60001","5.55325","7,699.11914","0.01824","0.00405","280.52289"
"166.70000","5.55669","7,699.74365","0.01827","0.00407","280.54565"
"166.80000","5.56013","7,700.22559","0.01825","0.00452","280.56320"
"166.89999","5.56326","7,700.82178","0.01828","0.00442","280.58493"
"167.00000","5.56663","7,701.12500","0.01825","0.00443","280.59598"
"167.10001","5.56999","7,701.60791","0.01829","0.00436","280.61359"
"167.20000","5.57328","7,702.68213","0.01826","0.00422","280.65271"
"167.30000","5.57664","7,702.45996","0.01828","0.00422","280.64462"
"167.39999","5.58008","7,703.84375","0.01825","0.00426","280.69504"
"167.50000","5.58329","7,705.12451","0.01827","0.00415","280.74170"
"167.60001","5.58658","7,704.76025","0.01826","0.00413","280.72842"
"167.70000","5.59002","7,706.56836","0.01824","0.00414","280.79431"
"167.80000","5.59338","7,707.03174","0.01824","0.00406","280.81119"
"167.89999","5.59660","7,707.34863","0.01825","0.00411","280.82275"
"168.00000","5.60004","7,707.77832","0.01823","0.00408","280.83841"
"168.10001","5.60347","7,708.86523","0.01825","0.00412","280.87799"
"168.20000","5.60661","7,709.39795","0.01825","0.00415","280.89740"
"168.30000","5.60998","7,709.27588","0.01827","0.00432","280.89297"
"168.39999","5.61341","7,710.18555","0.01832","0.00438","280.92612"
"168.50000","5.61655","7,710.11719","0.01827","0.00439","280.92361"
"168.60001","5.61999","7,711.26611","0.01825","0.00451","280.96548"
"168.70000","5.62343","7,712.37305","0.01826","0.00454","281.00580"
"168.80000","5.62657","7,712.68604","0.01825","0.00452","281.01721"
"168.89999","5.63008","7,712.12598","0.01826","0.00451","280.99680"
"169.00000","5.63337","7,714.00928","0.01828","0.00451","281.06543"
"169.10001","5.63666","7,714.14697","0.01828","0.00446","281.07043"
"169.20000","5.63995","7,714.42285","0.01829","0.00446","281.08051"
"169.30000","5.64331","7,715.51660","0.01831","0.00439","281.12036"
"169.39999","5.64675","7,716.62061","0.01831","0.00435","281.16058"
"169.50000","5.64989","7,716.03809","0.01827","0.00437","281.13934"
"169.60001","5.65332","7,715.99707","0.01829","0.00424","281.13785"
"169.70000","5.65676","7,717.27637","0.01829","0.00427","281.18448"
"169.80000","5.65982","7,715.92090","0.01827","0.00420","281.13507"
"169.89999","5.66334","7,717.69580","0.01829","0.00416","281.19974"
"170.00000","5.66678","7,717.61084","0.01829","0.00413","281.19666"
"170.10001","5.66991","7,718.46045","0.01830","0.00416","281.22760"
"170.20000","5.67335","7,719.13086","0.01831","0.00413","281.25204"
"170.30000","5.67672","7,719.06689","0.01830","0.00423","281.24969"
"170.39999","5.68000","7,719.97998","0.01831","0.00432","281.28296"
"170.50000","5.68329","7,721.07031","0.01831","0.00448","281.32269"
"170.60001","5.68666","7,721.54932","0.01833","0.00456","281.34015"
"170.70000","5.69009","7,723.01562","0.01831","0.00438","281.39359"
"170.80000","5.69323","7,721.99756","0.01832","0.00444","281.35648"
"170.89999","5.69667","7,722.78809","0.01830","0.00425","281.38528"
"171.00000","5.70011","7,724.27686","0.01833","0.00424","281.43954"
"171.10001","5.70325","7,724.75830","0.01831","0.00425","281.45706"
"171.20000","5.70668","7,724.52051","0.01831","0.00416","281.44843"
"171.30000","5.71012","7,725.57910","0.01836","0.00416","281.48697"
"171.39999","5.71319","7,726.42480","0.01830","0.00411","281.51779"
"171.50000","5.71670","7,727.29883","0.01830","0.00413","281.54965"
"171.60001","5.72006","7,728.00977","0.01833","0.00408","281.57553"
"171.70000","5.72328","7,728.46777","0.01831","0.00406","281.59222"
"171.80000","5.72664","7,729.36475","0.01831","0.00414","281.62491"
"171.89999","5.73000","7,730.66650","0.01835","0.00413","281.67233"
"172.00000","5.73337","7,731.36084","0.01832","0.00422","281.69763"
"172.10001","5.73658","7,731.17627","0.01830","0.00436","281.69092"
"172.20000","5.73994","7,731.87256","0.01829","0.00440","281.71628"
"172.30000","5.74345","7,733.11572","0.01830","0.00449","281.76160"
"172.39999","5.74652","7,732.79834","0.01832","0.00449","281.75003"
"172.50000","5.75003","7,733.92920","0.01832","0.00454","281.79123"
"172.60001","5.75340","7,734.99512","0.01834","0.00455","281.83005"
"172.70000","5.75653","7,734.55811","0.01833","0.00441","281.81415"
"172.80000","5.76005","7,736.65820","0.01837","0.00445","281.89066"
"172.89999","5.76341","7,737.67480","0.01836","0.00439","281.92770"
"173.00000","5.76670","7,738.00293","0.01837","0.00436","281.93967"
"173.10001","5.76999","7,737.64844","0.01837","0.00439","281.92673"
"173.20000","5.77335","7,739.31738","0.01836","0.00433","281.98755"
"173.30000","5.77671","7,739.81641","0.01836","0.00435","282.00574"
"173.39999","5.77985","7,739.43604","0.01834","0.00432","281.99188"
"173.50000","5.78329","7,740.82324","0.01836","0.00421","282.04242"
"173.60001","5.78673","7,741.22559","0.01835","0.00417","282.05707"
"173.70000","5.78987","7,741.99756","0.01839","0.00422","282.08521"
"173.80000","5.79338","7,742.04736","0.01836","0.00411","282.08701"
"173.89999","5.79674","7,743.08203","0.01839","0.00415","282.12473"
"174.00000","5.79988","7,743.60303","0.01836","0.00412","282.14371"
"174.10001","5.80332","7,745.09473","0.01834","0.00409","282.19806"
"174.20000","5.80661","7,744.86670","0.01836","0.00420","282.18973"
"174.30000","5.80990","7,745.60547","0.01839","0.00444","282.21664"
"174.39999","5.81333","7,746.21582","0.01838","0.00459","282.23889"
"174.50000","5.81670","7,747.30908","0.01844","0.00444","282.27872"
"174.60001","5.82006","7,748.50684","0.01835","0.00444","282.32236"
"174.70000","5.82320","7,747.76318","0.01839","0.00425","282.29529"
"174.80000","5.82664","7,748.91455","0.01836","0.00417","282.33722"
"174.89999","5.83000","7,750.05273","0.01839","0.00428","282.37869"
"175.00000","5.83321","7,749.45850","0.01837","0.00416","282.35706"
"175.10001","5.83673","7,751.07080","0.01840","0.00415","282.41580"
"175.20000","5.84009","7,752.09424","0.01837","0.00414","282.45309"
"175.30000","5.84323","7,751.55859","0.01836","0.00417","282.43356"
"175.39999","5.84674","7,752.30957","0.01838","0.00414","282.46094"
"175.50000","5.85011","7,753.50195","0.01839","0.00410","282.50436"
"175.60001","5.85332","7,753.80811","0.01838","0.00409","282.51553"
"175.70000","5.85668","7,753.94580","0.01836","0.00409","282.52054"
"175.80000","5.86012","7,755.05176","0.01840","0.00430","282.56085"
"175.89999","5.86333","7,755.96631","0.01837","0.00435","282.59415"
"176.00000","5.86662","7,754.44141","0.01837","0.00435","282.53860"
"176.10001","5.87006","7,754.37451","0.01839","0.00442","282.53616"
"176.17200","5.87260","7,287.97070","0.01839","0.00447","265.54242"
"176.17400","5.87268","6,970.29297","0.01839","0.00447","253.96759"
"176.17599","5.87282","6,608.96582","0.01839","0.00447","240.80238"
"176.17799","5.87290","6,213.03711","0.01839","0.00447","226.37643"
"176.17999","5.87297","5,789.71338","0.01839","0.00447","210.95233"
"176.18201","5.87312","5,351.29102","0.01839","0.00447","194.97810"
"176.18401","5.87320","4,908.87256","0.01839","0.00447","178.85828"
"176.18600","5.87335","4,468.78760","0.01839","0.00447","162.82346"
