Modulus (Segment 0.001 mm/mm - 0.008 mm/mm) : Modulus (Segment 0.001 mm/mm - 0.008 mm/mm),"104,201.65",MPa,,,
Poisson's ratio (Least squares fit) : Poisson's ratio (Least squares fit),0.44412,,,,
Specimen properties : Gauge length,15.21,mm,,,
Specimen properties : Gauge length transverse,5.29,mm,,,
Specimen properties : Thickness,1.26,mm,,,
Specimen properties : Width,15.1,mm,,,
,,,,,
Time,Extension,Load,Video axial strain,Video transverse strain,Calculated Stress
(s),(mm),(N),(mm/mm),(mm/mm),(MPa)
0,0.0071,38.31668,0.00005,-0.00001,2.01391
0.1,0.008,39.68392,0.00005,0.00002,2.08577
0.2,0.01233,71.11012,0.00007,-0.00005,3.73752
0.3,0.01682,118.3048,0.00013,-0.00007,6.21806
0.4,0.0204,155.43965,0.00013,-0.00013,8.16985
0.5,0.02369,186.7769,0.00015,-0.00009,9.81693
0.6,0.02713,217.97487,0.00017,0.00006,11.45668
0.7,0.03057,250.75609,0.0002,0.0001,13.17965
0.8,0.03386,283.46259,0.00016,0.00041,14.89870
0.9,0.03714,314.88507,0.00019,0.00038,16.55025
1,0.04043,345.77737,0.00021,0.00037,18.17394
1.1,0.0438,377.36563,0.00022,0.00044,19.83421
1.2,0.04701,408.49216,0.00022,0.00056,21.47021
1.3,0.05045,441.44156,0.00029,0.00079,23.20202
1.4,0.05389,473.62372,0.0003,0.00098,24.89350
1.5,0.05702,504.10452,0.00033,0.0009,26.49556
1.6,0.06054,535.73615,0.00035,0.00087,28.15811
1.7,0.0639,567.04285,0.00031,0.001,29.80358
1.8,0.06704,595.99414,0.00035,0.00092,31.32525
1.9,0.07048,627.67932,0.00036,0.00089,32.99061
2,0.07377,657.04651,0.0004,0.00104,34.53414
2.1,0.07713,690.54944,0.00038,0.00108,36.29504
2.2,0.08042,721.76343,0.0004,0.00096,37.93564
2.3,0.08378,752.33038,0.00038,0.00081,39.54222
2.4,0.08722,783.39099,0.00045,0.00065,41.17476
2.5,0.09036,811.70404,0.00048,0.00055,42.66288
2.6,0.09379,843.45459,0.0005,0.00054,44.33168
2.7,0.09723,874.45715,0.00047,0.00046,45.96117
2.8,0.10037,902.01843,0.00047,0.00031,47.40978
2.9,0.10388,934.01282,0.00049,0.00019,49.09139
3,0.10725,965.31073,0.00055,0.0002,50.73640
3.1,0.11039,995.14307,0.00053,0.00017,52.30437
3.2,0.11382,"1,025.23",0.0005,0.00011,53.88599
3.3,0.11711,"1,054.40",0.0006,0.00005,55.41882
3.4,0.1204,"1,086.33",0.00066,0.00008,57.09689
3.5,0.12376,"1,116.42",0.00067,0.00001,58.67862
3.6,0.12713,"1,146.00",0.00062,0.00003,60.23342
3.7,0.13049,"1,176.08",0.00066,0,61.81455
3.8,0.1337,"1,203.39",0.00069,0.00025,63.24996
3.9,0.13714,"1,235.50",0.00072,0.00052,64.93734
4,0.14051,"1,266.63",0.00075,0.00054,66.57348
4.1,0.14364,"1,292.83",0.00076,0.00054,67.95084
4.2,0.14716,"1,325.18",0.0007,0.00047,69.65077
4.3,0.15052,"1,356.15",0.00068,0.00054,71.27879
4.4,0.15373,"1,385.63",0.00073,0.00103,72.82825
4.5,0.15717,"1,414.39",0.00076,0.00102,74.33995
4.6,0.16053,"1,442.65",0.00076,0.00105,75.82535
4.7,0.16375,"1,472.18",0.00076,0.00109,77.37708
4.8,0.16711,"1,500.67",0.00082,0.00107,78.87465
4.9,0.17047,"1,532.15",0.00079,0.0011,80.52903
5,0.17384,"1,561.09",0.00082,0.00108,82.05032
5.1,0.17705,"1,587.66",0.00082,0.0013,83.44712
5.2,0.18056,"1,619.71",0.00084,0.00121,85.13116
5.3,0.18385,"1,648.55",0.00085,0.00113,86.64702
5.4,0.18699,"1,675.96",0.00088,0.00105,88.08774
5.5,0.1905,"1,706.29",0.0009,0.00077,89.68213
5.6,0.19387,"1,736.26",0.00094,0.00072,91.25723
5.7,0.19708,"1,765.04",0.00095,0.00071,92.76963
5.8,0.20052,"1,793.27",0.001,0.00069,94.25388
5.9,0.20396,"1,822.33",0.00099,0.00055,95.78117
6,0.2071,"1,850.71",0.00104,0.00043,97.27278
6.1,0.21038,"1,879.48",0.00104,0.00021,98.78473
6.2,0.21382,"1,910.44",0.00108,0.00021,100.41218
6.3,0.21704,"1,939.34",0.00111,0.0001,101.93080
6.4,0.2204,"1,966.73",0.00112,0.00016,103.37091
6.5,0.22391,"1,998.17",0.00112,0.00013,105.02335
6.6,0.22713,"2,026.08",0.0011,0.00006,106.48987
6.7,0.23041,"2,053.79",0.00109,0.00002,107.94675
6.8,0.23385,"2,084.02",0.00115,0.00009,109.53522
6.9,0.23714,"2,113.01",0.00115,0.00033,111.05918
7,0.24035,"2,141.86",0.00116,0.00056,112.57525
7.1,0.24379,"2,171.64",0.00114,0.00058,114.14088
7.2,0.2473,"2,200.55",0.0012,0.00061,115.66024
7.3,0.25044,"2,228.49",0.0012,0.00056,117.12865
7.4,0.25381,"2,258.15",0.00127,0.00056,118.68768
7.5,0.25724,"2,287.93",0.00126,0.00064,120.25279
7.6,0.26038,"2,315.84",0.00127,0.00113,121.71973
7.7,0.26375,"2,344.63",0.00126,0.00104,123.23311
7.8,0.26718,"2,374.94",0.00129,0.0012,124.82596
7.9,0.27047,"2,403.46",0.00129,0.00115,126.32503
8,0.27376,"2,431.20",0.0013,0.00117,127.78288
8.1,0.2772,"2,461.39",0.00138,0.00132,129.36958
8.2,0.28049,"2,489.30",0.00134,0.0014,130.83687
8.3,0.2837,"2,516.75",0.00133,0.00123,132.27940
8.4,0.28706,"2,547.96",0.00134,0.0012,133.92009
8.5,0.2905,"2,577.65",0.00136,0.00099,135.48047
8.6,0.29372,"2,605.15",0.00141,0.00087,136.92580
8.7,0.29715,"2,633.18",0.00141,0.00083,138.39890
8.8,0.30059,"2,663.82",0.00137,0.0008,140.00945
8.9,0.30366,"2,691.60",0.00137,0.00069,141.46977
9,0.30709,"2,719.69",0.00142,0.00063,142.94576
9.1,0.31046,"2,749.91",0.00145,0.00043,144.53426
9.2,0.31375,"2,778.83",0.00146,0.0004,146.05452
9.3,0.31718,"2,807.79",0.00145,0.00034,147.57668
9.4,0.32055,"2,838.29",0.00147,0.00027,149.17955
9.5,0.32383,"2,865.89",0.00148,0.00024,150.62993
9.6,0.32712,"2,893.02",0.00152,0.00021,152.05605
9.7,0.33041,"2,923.43",0.00151,0.00015,153.65448
9.8,0.33385,"2,952.47",0.00155,0.00014,155.18100
9.9,0.33699,"2,980.50",0.00154,0.00008,156.65396
10,0.34043,"3,009.59",0.00156,0.00043,158.18306
10.1,0.34394,"3,039.22",0.00159,0.00071,159.74033
10.2,0.34708,"3,067.80",0.00159,0.00073,161.24234
10.3,0.35052,"3,096.68",0.00159,0.00067,162.76018
10.4,0.3538,"3,124.42",0.00158,0.00063,164.21863
10.5,0.35702,"3,152.57",0.0016,0.00077,165.69794
10.6,0.36046,"3,182.63",0.00161,0.0012,167.27782
10.7,0.36374,"3,211.77",0.00159,0.00127,168.80940
10.8,0.36718,"3,241.50",0.00161,0.00121,170.37236
10.9,0.37047,"3,267.94",0.00157,0.0013,171.76161
11,0.37376,"3,296.85",0.0016,0.00134,173.28111
11.1,0.3772,"3,326.21",0.00164,0.00145,174.82466
11.2,0.38034,"3,353.62",0.00167,0.00154,176.26488
11.3,0.38377,"3,382.82",0.00168,0.00144,177.80002
11.4,0.38721,"3,411.89",0.0017,0.00147,179.32755
11.5,0.39035,"3,440.51",0.00169,0.00137,180.83186
11.6,0.39386,"3,469.61",0.0017,0.00112,182.36147
11.7,0.39723,"3,498.20",0.00173,0.001,183.86407
11.8,0.40044,"3,526.84",0.00169,0.00095,185.36943
11.9,0.4038,"3,554.79",0.00175,0.00098,186.83862
12,0.40709,"3,584.49",0.00176,0.00083,188.39963
12.1,0.41053,"3,613.97",0.0018,0.0007,189.94908
12.2,0.41382,"3,641.34",0.00182,0.00064,191.38753
12.3,0.41711,"3,668.74",0.00178,0.00061,192.82780
12.4,0.42054,"3,699.37",0.00179,0.0005,194.43762
12.5,0.42368,"3,726.38",0.0018,0.00044,195.85707
12.6,0.42712,"3,755.57",0.00186,0.00041,197.39145
12.7,0.43048,"3,784.81",0.00184,0.00033,198.92827
12.8,0.43362,"3,811.58",0.00184,0.00026,200.33554
12.9,0.43714,"3,842.92",0.00184,0.00047,201.98260
13,0.44057,"3,872.30",0.00188,0.00061,203.52675
13.1,0.44371,"3,898.78",0.00192,0.00076,204.91832
13.2,0.44715,"3,926.90",0.00188,0.0008,206.39667
13.3,0.45044,"3,955.51",0.00197,0.00083,207.90015
13.4,0.45373,"3,985.01",0.00194,0.00085,209.45067
13.5,0.45702,"4,012.25",0.00195,0.00088,210.88266
13.6,0.46045,"4,041.86",0.00195,0.00074,212.43866
13.7,0.46397,"4,072.08",0.00197,0.00131,214.02699
13.8,0.46711,"4,099.34",0.00199,0.00134,215.46004
13.9,0.47054,"4,129.00",0.00202,0.00138,217.01889
14,0.47391,"4,157.80",0.00204,0.00133,218.53244
14.1,0.47697,"4,183.60",0.00198,0.00139,219.88855
14.2,0.48056,"4,215.58",0.00204,0.0015,221.56949
14.3,0.48385,"4,243.52",0.00201,0.0016,223.03821
14.4,0.48706,"4,271.84",0.0021,0.00166,224.52661
14.5,0.4905,"4,299.59",0.00208,0.00165,225.98479
14.6,0.49386,"4,328.40",0.00204,0.0015,227.49944
14.7,0.49715,"4,357.54",0.00207,0.00151,229.03070
14.8,0.50036,"4,384.94",0.00208,0.00145,230.47101
14.9,0.5038,"4,414.31",0.00211,0.00121,232.01443
15,0.50716,"4,444.34",0.00211,0.00115,233.59276
15.1,0.51038,"4,470.67",0.00211,0.00101,234.97675
15.2,0.51389,"4,500.95",0.00215,0.00083,236.56850
15.3,0.51718,"4,530.93",0.00218,0.00083,238.14430
15.4,0.52032,"4,554.99",0.00221,0.00073,239.40872
15.5,0.52383,"4,587.33",0.00223,0.00075,241.10857
15.6,0.52712,"4,615.67",0.00224,0.00063,242.59792
15.7,0.53041,"4,643.72",0.00225,0.00066,244.07249
15.8,0.53385,"4,673.26",0.00228,0.00059,245.62489
15.9,0.53721,"4,701.69",0.00228,0.00066,247.11940
16,0.5405,"4,730.71",0.00229,0.00099,248.64427
16.1,0.54379,"4,758.18",0.00238,0.00097,250.08847
16.2,0.54715,"4,788.24",0.00227,0.00111,251.66838
16.3,0.55044,"4,815.51",0.00231,0.00116,253.10168
16.4,0.55373,"4,842.47",0.00233,0.00114,254.51862
16.5,0.55724,"4,872.85",0.00251,0.00105,256.11545
16.6,0.56053,"4,902.12",0.00241,0.00098,257.65359
16.7,0.56374,"4,928.10",0.00247,0.00103,259.01910
16.8,0.56718,"4,958.96",0.00238,0.00082,260.64099
16.9,0.57047,"4,987.56",0.00241,0.00137,262.14432
17,0.57368,"5,014.94",0.0024,0.00147,263.58350
17.1,0.57712,"5,044.35",0.00249,0.00148,265.12952
17.2,0.58056,"5,073.52",0.00243,0.00153,266.66248
17.3,0.58377,"5,100.79",0.00246,0.00153,268.09564
17.4,0.58713,"5,129.41",0.00246,0.00155,269.60025
17.5,0.5905,"5,158.49",0.00247,0.00184,271.12866
17.6,0.59371,"5,185.93",0.00246,0.00187,272.57065
17.7,0.597,"5,213.26",0.00247,0.00173,274.00739
17.8,0.60044,"5,243.91",0.00245,0.00162,275.61816
17.9,0.6038,"5,272.50",0.0025,0.00146,277.12082
18,0.60709,"5,299.86",0.00275,0.00139,278.55872
18.1,0.61053,"5,330.08",0.00262,0.00134,280.14740
18.2,0.61389,"5,358.88",0.00254,0.00107,281.66095
18.3,0.61703,"5,385.32",0.00259,0.00121,283.05054
18.4,0.62047,"5,415.09",0.00269,0.00101,284.61536
18.5,0.62383,"5,442.74",0.00269,0.00094,286.06870
18.6,0.62704,"5,470.26",0.00273,0.00089,287.51483
18.7,0.63048,"5,499.69",0.0027,0.00084,289.06189
18.8,0.63392,"5,529.38",0.00267,0.00087,290.62219
18.9,0.63706,"5,556.72",0.00283,0.00101,292.05911
19,0.64042,"5,584.06",0.00285,0.00087,293.49609
19.1,0.64378,"5,612.77",0.00275,0.00117,295.00531
19.2,0.64707,"5,642.29",0.00282,0.00125,296.55682
19.3,0.65044,"5,670.29",0.00278,0.00132,298.02866
19.4,0.6538,"5,699.27",0.00289,0.00128,299.55185
19.5,0.65716,"5,727.51",0.00294,0.00135,301.03583
19.6,0.66045,"5,755.71",0.00293,0.00128,302.51822
19.7,0.66374,"5,784.86",0.00282,0.00097,304.05032
19.8,0.66718,"5,813.51",0.00278,0.0009,305.55600
19.9,0.67032,"5,840.54",0.00278,0.00122,306.97702
20,0.67375,"5,869.25",0.00287,0.00139,308.48572
20.1,0.67727,"5,899.99",0.00291,0.0016,310.10153
20.2,0.6804,"5,926.38",0.00301,0.00156,311.48843
20.3,0.68384,"5,954.28",0.00311,0.0016,312.95493
20.4,0.68721,"5,983.26",0.00301,0.00165,314.47818
20.5,0.69042,"6,012.90",0.00302,0.0019,316.03580
20.6,0.69378,"6,040.46",0.00312,0.00199,317.48438
20.7,0.69707,"6,069.10",0.00309,0.00197,318.99005
20.8,0.70051,"6,098.03",0.00312,0.00187,320.51038
20.9,0.7038,"6,126.01",0.00299,0.00165,321.98105
21,0.70716,"6,154.19",0.00305,0.00163,323.46188
21.1,0.7106,"6,184.01",0.00312,0.0015,325.02957
21.2,0.71366,"6,209.34",0.00316,0.00148,326.36069
21.3,0.7171,"6,237.96",0.0032,0.00145,327.86487
21.4,0.72054,"6,267.71",0.00323,0.00139,329.42853
21.5,0.72368,"6,295.66",0.00321,0.00123,330.89749
21.6,0.72719,"6,323.87",0.0032,0.00121,332.38040
21.7,0.73055,"6,352.95",0.00321,0.00108,333.90900
21.8,0.73377,"6,381.44",0.00318,0.00098,335.40649
21.9,0.73713,"6,408.74",0.00329,0.00099,336.84113
22,0.74042,"6,436.81",0.0033,0.00115,338.31628
22.1,0.74378,"6,465.19",0.00327,0.001,339.80811
22.2,0.747,"6,491.17",0.00328,0.00119,341.17358
22.3,0.75043,"6,521.76",0.00327,0.00154,342.78159
22.4,0.75395,"6,551.82",0.00326,0.00147,344.36133
22.5,0.75708,"6,577.51",0.00336,0.00147,345.71176
22.6,0.76052,"6,605.64",0.00333,0.00145,347.19016
22.7,0.76389,"6,636.73",0.00333,0.00123,348.82428
22.8,0.76695,"6,662.62",0.00337,0.00114,350.18518
22.9,0.77054,"6,692.19",0.00342,0.00105,351.73926
23,0.7739,"6,720.47",0.00338,0.00107,353.22556
23.1,0.77711,"6,748.79",0.00337,0.00173,354.71429
23.2,0.78048,"6,776.60",0.00334,0.00173,356.17587
23.3,0.78384,"6,805.24",0.00337,0.00179,357.68097
23.4,0.78713,"6,833.23",0.00349,0.00174,359.15201
23.5,0.79034,"6,859.87",0.00348,0.00187,360.55231
23.6,0.79378,"6,890.51",0.00343,0.00202,362.16293
23.7,0.79722,"6,920.57",0.00342,0.00214,363.74286
23.8,0.80036,"6,945.96",0.00345,0.00208,365.07703
23.9,0.80387,"6,975.93",0.00346,0.00206,366.65265
24,0.80723,"7,004.46",0.00353,0.0018,368.15179
24.1,0.8103,"7,030.33",0.00354,0.00177,369.51175
24.2,0.81381,"7,060.01",0.00353,0.00173,371.07166
24.3,0.81717,"7,089.02",0.00356,0.00165,372.59619
24.4,0.82039,"7,116.70",0.00357,0.0016,374.05145
24.5,0.82382,"7,145.59",0.00357,0.00157,375.56970
24.6,0.82726,"7,173.37",0.00358,0.00148,377.03003
24.7,0.83048,"7,202.00",0.00358,0.00144,378.53448
24.8,0.83369,"7,227.51",0.00359,0.00118,379.87555
24.9,0.83713,"7,258.19",0.00364,0.00112,381.48813
25,0.84049,"7,286.28",0.00365,0.00107,382.96454
25.1,0.8437,"7,312.83",0.00368,0.00107,384.35977
25.2,0.84722,"7,343.19",0.00365,0.00125,385.95554
25.3,0.85058,"7,372.00",0.00367,0.00138,387.46982
25.4,0.85364,"7,396.35",0.00368,0.00143,388.74985
25.5,0.85716,"7,427.55",0.0037,0.00168,390.38922
25.6,0.86045,"7,455.02",0.0037,0.00162,391.83350
25.7,0.86366,"7,482.05",0.00369,0.00161,393.25400
25.8,0.8671,"7,512.01",0.00368,0.00138,394.82855
25.9,0.87054,"7,540.35",0.00368,0.00132,396.31824
26,0.87375,"7,568.52",0.00368,0.00117,397.79874
26.1,0.87711,"7,594.83",0.00371,0.00115,399.18170
26.2,0.88048,"7,622.78",0.00372,0.00153,400.65082
26.3,0.88376,"7,651.49",0.0037,0.00185,402.15958
26.4,0.88698,"7,677.57",0.00375,0.00192,403.53064
26.5,0.89049,"7,708.81",0.00373,0.00201,405.17215
26.6,0.89385,"7,737.01",0.00376,0.0021,406.65448
26.7,0.89707,"7,763.34",0.00377,0.0024,408.03864
26.8,0.9005,"7,793.95",0.0038,0.00234,409.64749
26.9,0.90387,"7,820.46",0.00379,0.00228,411.04074
27,0.90701,"7,847.33",0.00379,0.00219,412.45276
27.1,0.91044,"7,875.16",0.00384,0.00204,413.91586
27.2,0.91388,"7,903.36",0.00385,0.00186,415.39801
27.3,0.9171,"7,932.11",0.00386,0.00187,416.90881
27.4,0.92053,"7,959.38",0.00387,0.00179,418.34222
27.5,0.9239,"7,986.57",0.00387,0.00171,419.77158
27.6,0.92711,"8,015.54",0.0039,0.00169,421.29422
27.7,0.9304,"8,041.65",0.0039,0.00157,422.66647
27.8,0.93376,"8,071.51",0.00394,0.00156,424.23590
27.9,0.93713,"8,099.49",0.00389,0.00132,425.70624
28,0.94041,"8,125.60",0.00388,0.00133,427.07870
28.1,0.94385,"8,156.06",0.00393,0.00122,428.67966
28.2,0.94722,"8,184.25",0.00396,0.00124,430.16116
28.3,0.95043,"8,210.16",0.00394,0.00136,431.52328
28.4,0.95372,"8,237.51",0.00394,0.00147,432.96051
28.5,0.95716,"8,265.98",0.00398,0.00156,434.45688
28.6,0.96037,"8,294.43",0.00401,0.00175,435.95227
28.7,0.96381,"8,322.25",0.00401,0.00173,437.41434
28.8,0.96724,"8,351.73",0.00402,0.0017,438.96393
28.9,0.97046,"8,378.82",0.004,0.00168,440.38776
29,0.97382,"8,405.56",0.00402,0.00152,441.79321
29.1,0.97718,"8,434.78",0.00405,0.00139,443.32898
29.2,0.98047,"8,463.20",0.00405,0.00144,444.82303
29.3,0.98376,"8,488.08",0.00405,0.0017,446.13046
29.4,0.98712,"8,517.80",0.00405,0.00202,447.69250
29.5,0.99056,"8,546.31",0.0041,0.00206,449.19089
29.6,0.99378,"8,574.16",0.00415,0.00224,450.65512
29.7,0.99714,"8,600.93",0.00415,0.00225,452.06189
29.8,1.00058,"8,629.26",0.00414,0.00234,453.55109
29.9,1.00364,"8,656.13",0.00415,0.00249,454.96332
30,1.00708,"8,683.25",0.00418,0.0024,456.38861
30.1,1.01059,"8,712.61",0.00414,0.00234,457.93164
30.2,1.01373,"8,738.79",0.00416,0.00223,459.30774
30.3,1.01717,"8,766.75",0.0042,0.00216,460.77716
30.4,1.02053,"8,796.35",0.00422,0.002,462.33337
30.5,1.02375,"8,823.37",0.00421,0.00199,463.75339
30.6,1.02711,"8,849.29",0.00417,0.00194,465.11548
30.7,1.0304,"8,877.29",0.00417,0.00191,466.58734
30.8,1.03384,"8,906.66",0.00417,0.00171,468.13074
30.9,1.03712,"8,933.70",0.00422,0.00164,469.55231
31,1.04049,"8,961.83",0.00421,0.00146,471.03085
31.1,1.04392,"8,990.56",0.00426,0.00144,472.54086
31.2,1.04706,"9,016.80",0.00424,0.00156,473.91995
31.3,1.05043,"9,044.68",0.00425,0.00141,475.38504
31.4,1.05386,"9,074.84",0.00429,0.00149,476.97025
31.5,1.05708,"9,099.92",0.0043,0.00163,478.28839
31.6,1.06052,"9,127.94",0.00432,0.00178,479.76144
31.7,1.06388,"9,156.72",0.00428,0.00186,481.27423
31.8,1.06709,"9,184.58",0.00432,0.00185,482.73825
31.9,1.07046,"9,211.52",0.00433,0.00186,484.15433
32,1.07375,"9,237.98",0.00434,0.00183,485.54495
32.1,1.07711,"9,266.82",0.00435,0.00167,487.06104
32.2,1.08032,"9,291.87",0.00434,0.00148,488.37759
32.3,1.08383,"9,321.38",0.00438,0.00166,489.92862
32.4,1.08727,"9,350.74",0.00435,0.0018,491.47147
32.5,1.09034,"9,375.40",0.00439,0.0022,492.76801
32.6,1.09385,"9,405.00",0.00441,0.00217,494.32336
32.7,1.09721,"9,433.09",0.00442,0.00225,495.80020
32.8,1.10028,"9,458.73",0.00444,0.00225,497.14761
32.9,1.10379,"9,485.91",0.0044,0.00256,498.57611
33,1.10715,"9,514.34",0.00448,0.00262,500.07062
33.1,1.11044,"9,541.97",0.0045,0.00248,501.52252
33.2,1.11388,"9,569.63",0.00451,0.00257,502.97623
33.3,1.11717,"9,597.07",0.0045,0.00237,504.41870
33.4,1.12046,"9,624.36",0.00451,0.00227,505.85297
33.5,1.12374,"9,650.63",0.00454,0.00213,507.23395
33.6,1.12718,"9,679.65",0.00456,0.00215,508.75894
33.7,1.13054,"9,707.71",0.00458,0.00215,510.23395
33.8,1.13368,"9,732.19",0.00459,0.00192,511.52042
33.9,1.1372,"9,762.47",0.00461,0.00189,513.11194
34,1.14056,"9,789.32",0.00455,0.0018,514.52338
34.1,1.14362,"9,814.57",0.00459,0.00178,515.85065
34.2,1.14721,"9,843.47",0.00461,0.0017,517.36951
34.3,1.1505,"9,870.58",0.00452,0.00179,518.79443
34.4,1.15371,"9,896.96",0.0046,0.00167,520.18073
34.5,1.15715,"9,925.45",0.00459,0.00198,521.67810
34.6,1.16051,"9,953.13",0.0046,0.00206,523.13336
34.7,1.1638,"9,980.31",0.00464,0.00222,524.56189
34.8,1.16702,"10,006.57",0.0047,0.00214,525.94208
34.9,1.17045,"10,034.66",0.00468,0.00213,527.41821
35,1.17374,"10,061.16",0.00465,0.00204,528.81097
35.1,1.17703,"10,086.17",0.00476,0.00184,530.12579
35.2,1.18054,"10,114.77",0.00475,0.0017,531.62872
35.3,1.18391,"10,143.11",0.00473,0.00164,533.11841
35.4,1.18712,"10,169.02",0.00474,0.00168,534.48041
35.5,1.19048,"10,197.28",0.00473,0.00203,535.96545
35.6,1.19385,"10,223.99",0.00476,0.00223,537.36932
35.7,1.19706,"10,250.75",0.00479,0.00226,538.77570
35.8,1.20042,"10,278.62",0.00481,0.0024,540.24060
35.9,1.20386,"10,306.08",0.0048,0.00247,541.68427
36,1.20715,"10,332.10",0.0048,0.00261,543.05164
36.1,1.21051,"10,358.42",0.00486,0.00275,544.43475
36.2,1.2138,"10,386.66",0.00492,0.00277,545.91925
36.3,1.21709,"10,414.98",0.00493,0.00274,547.40796
36.4,1.22038,"10,439.15",0.00488,0.00259,548.67828
36.5,1.22382,"10,467.32",0.00488,0.00245,550.15887
36.6,1.22718,"10,495.66",0.00491,0.0024,551.64844
36.7,1.23047,"10,522.17",0.00497,0.00234,553.04181
36.8,1.23383,"10,551.08",0.00499,0.0023,554.56128
36.9,1.23719,"10,577.66",0.00509,0.00218,555.95831
37,1.24041,"10,603.71",0.00495,0.00211,557.32715
37.1,1.24377,"10,631.20",0.005,0.002,558.77240
37.2,1.24713,"10,658.43",0.00497,0.00183,560.20343
37.3,1.25042,"10,685.44",0.005,0.00186,561.62280
37.4,1.25379,"10,710.85",0.00509,0.0019,562.95874
37.5,1.25722,"10,739.35",0.00497,0.00206,564.45679
37.6,1.26044,"10,766.87",0.00494,0.00219,565.90277
37.7,1.26373,"10,792.18",0.00495,0.0023,567.23352
37.8,1.26709,"10,820.75",0.00499,0.00227,568.73492
37.9,1.27045,"10,847.20",0.00507,0.00236,570.12524
38,1.27374,"10,872.86",0.00502,0.00233,571.47351
38.1,1.27718,"10,901.91",0.00501,0.00204,573.00061
38.2,1.28062,"10,928.33",0.00509,0.00192,574.38916
38.3,1.28376,"10,953.85",0.00523,0.00183,575.73077
38.4,1.28704,"10,980.50",0.00525,0.00169,577.13135
38.5,1.29048,"11,008.22",0.00512,0.00167,578.58844
38.6,1.2937,"11,034.82",0.00522,0.00216,579.98621
38.7,1.29713,"11,061.57",0.00528,0.00233,581.39233
38.8,1.30057,"11,088.86",0.00533,0.00253,582.82684
38.9,1.30379,"11,116.44",0.00534,0.00253,584.27631
39,1.30715,"11,142.06",0.00538,0.00262,585.62286
39.1,1.31051,"11,169.23",0.00541,0.00293,587.05072
39.2,1.31372,"11,195.75",0.0053,0.00296,588.44495
39.3,1.31709,"11,220.50",0.00538,0.0029,589.74567
39.4,1.32045,"11,249.34",0.00537,0.00285,591.26129
39.5,1.32389,"11,277.36",0.0054,0.00261,592.73438
39.6,1.3271,"11,301.68",0.00539,0.00259,594.01251
39.7,1.33047,"11,329.23",0.00542,0.00255,595.46039
39.8,1.33398,"11,357.03",0.0054,0.00247,596.92139
39.9,1.33697,"11,383.41",0.00545,0.00239,598.30792
40,1.34048,"11,409.02",0.00544,0.00234,599.65417
40.1,1.34392,"11,436.37",0.00544,0.00234,601.09167
40.2,1.34706,"11,463.14",0.00546,0.00224,602.49866
40.3,1.35057,"11,490.31",0.00545,0.00208,603.92688
40.4,1.35393,"11,517.05",0.00547,0.00203,605.33234
40.5,1.35715,"11,541.93",0.0055,0.00219,606.63965
40.6,1.36044,"11,566.04",0.0055,0.00221,607.90729
40.7,1.36372,"11,594.88",0.00551,0.00226,609.42291
40.8,1.36716,"11,621.53",0.00551,0.00233,610.82355
40.9,1.3703,"11,646.84",0.00554,0.00244,612.15381
41,1.37381,"11,674.46",0.00555,0.00243,613.60541
41.1,1.37733,"11,702.65",0.00556,0.00239,615.08740
41.2,1.38032,"11,726.27",0.00555,0.0022,616.32874
41.3,1.38383,"11,754.06",0.00558,0.00203,617.78949
41.4,1.38719,"11,781.02",0.00561,0.00192,619.20642
41.5,1.39033,"11,805.98",0.00561,0.00191,620.51813
41.6,1.39384,"11,833.30",0.00563,0.00184,621.95404
41.7,1.39721,"11,861.20",0.00565,0.00218,623.42078
41.8,1.40049,"11,887.07",0.00567,0.00263,624.78052
41.9,1.40378,"11,911.60",0.00563,0.00273,626.06970
42,1.40707,"11,938.63",0.00564,0.00273,627.49017
42.1,1.41043,"11,966.29",0.00565,0.00291,628.94409
42.2,1.41365,"11,989.48",0.00565,0.00313,630.16302
42.3,1.41716,"12,016.78",0.00566,0.00308,631.59760
42.4,1.4206,"12,045.43",0.00565,0.00305,633.10345
42.5,1.42374,"12,068.82",0.00569,0.00297,634.33319
42.6,1.42718,"12,096.69",0.00569,0.00287,635.79785
42.7,1.43054,"12,122.97",0.00566,0.00272,637.17932
42.8,1.4336,"12,146.34",0.00571,0.0026,638.40759
42.9,1.43719,"12,174.49",0.00572,0.00261,639.88721
43,1.44048,"12,200.86",0.00574,0.00253,641.27319
43.1,1.44377,"12,226.95",0.00578,0.00247,642.64435
43.2,1.44713,"12,251.90",0.00571,0.00246,643.95575
43.3,1.45049,"12,279.24",0.00574,0.00236,645.39252
43.4,1.45378,"12,305.47",0.00577,0.00221,646.77148
43.5,1.457,"12,329.41",0.00574,0.0021,648.02960
43.6,1.46043,"12,355.96",0.00576,0.0022,649.42511
43.7,1.46387,"12,382.33",0.00576,0.00232,650.81073
43.8,1.46701,"12,406.50",0.00576,0.00228,652.08148
43.9,1.47052,"12,435.22",0.00577,0.00259,653.59082
44,1.47389,"12,461.49",0.00584,0.00258,654.97156
44.1,1.47703,"12,484.93",0.00584,0.00256,656.20380
44.2,1.48054,"12,512.89",0.00585,0.00233,657.67340
44.3,1.48383,"12,538.23",0.00584,0.00219,659.00507
44.4,1.48704,"12,563.70",0.00581,0.0021,660.34393
44.5,1.49048,"12,588.82",0.00588,0.00201,661.66394
44.6,1.49384,"12,614.70",0.00588,0.002,663.02417
44.7,1.49713,"12,642.45",0.00592,0.0022,664.48279
44.8,1.50042,"12,666.92",0.00592,0.00244,665.76898
44.9,1.50378,"12,694.12",0.00593,0.00271,667.19855
45,1.50707,"12,719.04",0.00592,0.00288,668.50848
45.1,1.51036,"12,744.56",0.0059,0.00298,669.84967
45.2,1.51387,"12,772.09",0.00589,0.00334,671.29688
45.3,1.51723,"12,798.48",0.00591,0.00328,672.68372
45.4,1.52045,"12,821.77",0.00594,0.00318,673.90802
45.5,1.52381,"12,848.21",0.00597,0.00313,675.29742
45.6,1.5271,"12,873.87",0.00598,0.00305,676.64594
45.7,1.53039,"12,898.53",0.00597,0.00282,677.94250
45.8,1.53375,"12,924.95",0.00596,0.00283,679.33081
45.9,1.53711,"12,949.74",0.00595,0.00274,680.63361
46,1.54048,"12,976.78",0.00598,0.00268,682.05518
46.1,1.54377,"13,000.43",0.00603,0.00262,683.29797
46.2,1.5472,"13,028.18",0.00602,0.00264,684.75671
46.3,1.55042,"13,053.45",0.006,0.00236,686.08502
46.4,1.55371,"13,075.66",0.00598,0.00231,687.25201
46.5,1.55722,"13,105.33",0.00603,0.00225,688.81177
46.6,1.56051,"13,130.31",0.00608,0.00215,690.12457
46.7,1.56379,"13,154.94",0.00604,0.00231,691.41931
46.8,1.56716,"13,180.25",0.00606,0.00249,692.74915
46.9,1.5706,"13,206.22",0.00605,0.00255,694.11462
47,1.57373,"13,231.18",0.00606,0.00269,695.42621
47.1,1.57702,"13,255.80",0.00609,0.00265,696.72009
47.2,1.58046,"13,281.09",0.00612,0.00254,698.04944
47.3,1.58375,"13,307.01",0.00614,0.00236,699.41193
47.4,1.58711,"13,331.35",0.00613,0.00235,700.69116
47.5,1.59055,"13,358.05",0.00613,0.00223,702.09454
47.6,1.59376,"13,383.58",0.00616,0.00212,703.43628
47.7,1.59705,"13,405.95",0.0062,0.00214,704.61194
47.8,1.60049,"13,434.01",0.00618,0.00209,706.08673
47.9,1.60378,"13,458.99",0.00615,0.00271,707.39984
48,1.60707,"13,482.57",0.00617,0.0029,708.63922
48.1,1.61051,"13,509.21",0.00619,0.003,710.03918
48.2,1.61387,"13,534.25",0.00622,0.00324,711.35559
48.3,1.61708,"13,559.30",0.00623,0.0034,712.67218
48.4,1.62045,"13,585.22",0.00622,0.00333,714.03473
48.5,1.62388,"13,610.94",0.00619,0.00329,715.38611
48.6,1.62702,"13,633.86",0.00624,0.00316,716.59113
48.7,1.63046,"13,659.09",0.00624,0.00296,717.91693
48.8,1.6339,"13,686.30",0.00624,0.00294,719.34723
48.9,1.63711,"13,710.48",0.00624,0.00289,720.61835
49,1.64047,"13,733.96",0.00629,0.00288,721.85211
49.1,1.64384,"13,760.16",0.00631,0.00281,723.22943
49.2,1.64713,"13,785.88",0.00632,0.00271,724.58099
49.3,1.65041,"13,809.50",0.00631,0.00268,725.82233
49.4,1.65378,"13,834.85",0.00635,0.00247,727.15503
49.5,1.65722,"13,860.57",0.0063,0.00245,728.50677
49.6,1.66043,"13,884.79",0.00634,0.00277,729.77979
49.7,1.66379,"13,910.10",0.00631,0.00272,731.11005
49.8,1.66723,"13,936.21",0.00633,0.00261,732.48212
49.9,1.67029,"13,958.84",0.00631,0.0029,733.67175
50,1.67373,"13,983.37",0.00633,0.00285,734.96094
50.1,1.67717,"14,009.94",0.00631,0.00285,736.35742
50.2,1.68038,"14,034.64",0.00634,0.00277,737.65588
50.3,1.68382,"14,058.92",0.00634,0.00249,738.93219
50.4,1.68719,"14,084.19",0.00636,0.00236,740.26007
50.5,1.69047,"14,109.78",0.00636,0.00229,741.60516
50.6,1.69376,"14,134.06",0.00643,0.00217,742.88153
50.7,1.69713,"14,159.93",0.00647,0.00213,744.24103
50.8,1.70049,"14,183.91",0.00647,0.00237,745.50159
50.9,1.7037,"14,207.05",0.00642,0.00277,746.71771
51,1.70721,"14,234.88",0.0065,0.00301,748.18054
51.1,1.71065,"14,260.21",0.00647,0.00308,749.51154
51.2,1.71372,"14,282.39",0.00649,0.00313,750.67755
51.3,1.71715,"14,306.80",0.00651,0.00352,751.96039
51.4,1.72052,"14,332.81",0.0065,0.00349,753.32751
51.5,1.72366,"14,356.51",0.0065,0.00348,754.57312
51.6,1.72717,"14,382.06",0.00651,0.00331,755.91589
51.7,1.73053,"14,405.46",0.00651,0.00321,757.14612
51.8,1.73382,"14,430.26",0.00654,0.00312,758.44940
51.9,1.73711,"14,454.30",0.00652,0.00309,759.71326
52,1.74047,"14,479.96",0.00658,0.00302,761.06177
52.1,1.74384,"14,505.17",0.00659,0.003,762.38696
52.2,1.74697,"14,527.10",0.0066,0.00296,763.53955
52.3,1.75049,"14,552.98",0.00661,0.00292,764.89948
52.4,1.75393,"14,578.91",0.00659,0.00263,766.26233
52.5,1.75699,"14,600.54",0.00663,0.00257,767.39911
52.6,1.7605,"14,626.14",0.00665,0.00278,768.74506
52.7,1.76387,"14,650.41",0.00664,0.00284,770.02045
52.8,1.767,"14,674.67",0.00664,0.00307,771.29565
52.9,1.77052,"14,700.75",0.00667,0.0031,772.66650
53,1.77388,"14,724.43",0.00674,0.00304,773.91107
53.1,1.77709,"14,748.64",0.00665,0.00304,775.18335
53.2,1.78053,"14,772.67",0.00665,0.00294,776.44653
53.3,1.78389,"14,797.02",0.00672,0.00275,777.72638
53.4,1.78718,"14,822.84",0.00673,0.00263,779.08325
53.5,1.7904,"14,844.03",0.0069,0.00244,780.19727
53.6,1.79376,"14,869.09",0.00693,0.00238,781.51416
53.7,1.79712,"14,894.00",0.00696,0.0023,782.82343
53.8,1.80034,"14,916.90",0.00702,0.00231,784.02734
53.9,1.80385,"14,942.66",0.00693,0.00304,785.38080
54,1.80721,"14,966.09",0.00682,0.00318,786.61255
54.1,1.81035,"14,989.53",0.00692,0.00324,787.84430
54.2,1.81379,"15,014.86",0.00688,0.00358,789.17609
54.3,1.81708,"15,038.07",0.00697,0.00367,790.39600
54.4,1.82037,"15,061.61",0.007,0.0036,791.63293
54.5,1.8238,"15,085.89",0.00699,0.0034,792.90918
54.6,1.82717,"15,111.99",0.00689,0.00338,794.28076
54.7,1.83053,"15,136.94",0.0069,0.00331,795.59235
54.8,1.83374,"15,158.86",0.00696,0.00326,796.74445
54.9,1.83711,"15,182.75",0.00704,0.00323,798.00018
55,1.84047,"15,207.96",0.00706,0.00317,799.32513
55.1,1.84368,"15,229.72",0.00701,0.00311,800.46899
55.2,1.8472,"15,256.91",0.00696,0.00312,801.89777
55.3,1.85056,"15,279.49",0.00696,0.00294,803.08478
55.4,1.85377,"15,302.79",0.00706,0.00289,804.30914
55.5,1.85721,"15,328.71",0.00711,0.00307,805.67175
55.6,1.8605,"15,352.44",0.00707,0.00307,806.91907
55.7,1.86379,"15,375.91",0.00696,0.00297,808.15240
55.8,1.86708,"15,398.29",0.00715,0.00294,809.32886
55.9,1.87051,"15,422.74",0.00715,0.00296,810.61407
56,1.8738,"15,448.86",0.00716,0.00307,811.98688
56.1,1.87709,"15,470.24",0.0072,0.00315,813.11072
56.2,1.88053,"15,494.01",0.00713,0.00292,814.35992
56.3,1.88382,"15,519.22",0.00706,0.00271,815.68488
56.4,1.88703,"15,540.59",0.00717,0.00261,816.80811
56.5,1.89047,"15,567.79",0.00724,0.0025,818.23743
56.6,1.89383,"15,590.70",0.00724,0.00245,819.44177
56.7,1.89705,"15,612.14",0.00728,0.00238,820.56860
56.8,1.90056,"15,637.98",0.0073,0.00283,821.92688
56.9,1.90392,"15,662.17",0.00723,0.00317,823.19806
57,1.90706,"15,684.21",0.00722,0.00324,824.35638
57.1,1.91042,"15,707.01",0.00725,0.00344,825.55530
57.2,1.91386,"15,731.08",0.00727,0.00378,826.82001
57.3,1.91708,"15,755.49",0.00726,0.00378,828.10333
57.4,1.92044,"15,777.42",0.00722,0.00373,829.25574
57.5,1.92395,"15,803.05",0.0073,0.00365,830.60272
57.6,1.92717,"15,825.35",0.00728,0.00344,831.77509
57.7,1.93045,"15,847.07",0.0073,0.0034,832.91656
57.8,1.93382,"15,872.58",0.00728,0.00335,834.25732
57.9,1.93718,"15,896.59",0.00732,0.00325,835.51929
58,1.94039,"15,916.56",0.0073,0.00328,836.56891
58.1,1.94383,"15,941.73",0.00735,0.00314,837.89172
58.2,1.94727,"15,966.83",0.00734,0.00311,839.21124
58.3,1.95041,"15,988.59",0.00734,0.00304,840.35504
58.4,1.95377,"16,010.96",0.00734,0.003,841.53058
58.5,1.95714,"16,034.46",0.00736,0.00307,842.76587
58.6,1.96027,"16,058.58",0.00739,0.00309,844.03351
58.7,1.96371,"16,080.83",0.00739,0.00311,845.20270
58.8,1.96722,"16,106.52",0.00738,0.00298,846.55310
58.9,1.97044,"16,127.79",0.00739,0.00325,847.67108
59,1.9738,"16,150.39",0.00743,0.00318,848.85889
59.1,1.97716,"16,175.02",0.00747,0.00299,850.15363
59.2,1.98045,"16,198.04",0.00743,0.00283,851.36353
59.3,1.98374,"16,219.69",0.00742,0.00275,852.50146
59.4,1.9871,"16,243.19",0.00743,0.00264,853.73669
59.5,1.99054,"16,267.51",0.00743,0.00265,855.01471
59.6,1.99376,"16,289.44",0.00743,0.00254,856.16730
59.7,1.99719,"16,312.22",0.00745,0.0028,857.36487
59.8,2.00063,"16,335.47",0.00746,0.00335,858.58673
59.9,2.0037,"16,356.71",0.00749,0.00329,859.70288
60,2.00713,"16,380.57",0.00746,0.00346,860.95691
60.1,2.01057,"16,404.89",0.00746,0.00377,862.23529
60.2,2.01371,"16,426.12",0.00746,0.00382,863.35126
60.3,2.01722,"16,449.46",0.00754,0.0038,864.57770
60.4,2.02051,"16,473.13",0.00752,0.00369,865.82178
60.5,2.0238,"16,495.88",0.00755,0.00367,867.01770
60.6,2.02709,"16,517.21",0.00753,0.00367,868.13892
60.7,2.03038,"16,539.93",0.00756,0.00335,869.33289
60.8,2.03381,"16,563.33",0.00754,0.00339,870.56311
60.9,2.03695,"16,584.33",0.00753,0.0033,871.66656
61,2.04054,"16,609.58",0.00755,0.00324,872.99390
61.1,2.0439,"16,632.67",0.00755,0.00324,874.20721
61.2,2.04704,"16,652.65",0.00757,0.00317,875.25775
61.3,2.05048,"16,676.71",0.00759,0.00313,876.52197
61.4,2.05384,"16,699.57",0.00759,0.00316,877.72388
61.5,2.05706,"16,721.50",0.00762,0.00296,878.87616
61.6,2.0605,"16,743.07",0.0076,0.00316,880.01013
61.7,2.06386,"16,767.04",0.00758,0.00309,881.26971
61.8,2.06715,"16,789.08",0.00763,0.00327,882.42804
61.9,2.07051,"16,811.37",0.00763,0.00326,883.59979
62,2.0738,"16,833.58",0.00765,0.00325,884.76697
62.1,2.07716,"16,855.88",0.00764,0.00291,885.93951
62.2,2.0803,"16,876.74",0.00766,0.00284,887.03546
62.3,2.08381,"16,900.21",0.00763,0.00267,888.26929
62.4,2.08718,"16,923.46",0.00768,0.00273,889.49097
62.5,2.09039,"16,943.27",0.00769,0.00264,890.53223
62.6,2.0939,"16,967.01",0.00768,0.00279,891.78040
62.7,2.09719,"16,990.38",0.00771,0.00327,893.00848
62.8,2.10041,"17,011.71",0.0077,0.00353,894.12946
62.9,2.10384,"17,033.32",0.0077,0.00351,895.26544
63,2.10706,"17,054.87",0.00769,0.00386,896.39825
63.1,2.11042,"17,078.09",0.00771,0.0039,897.61829
63.2,2.11378,"17,099.10",0.00772,0.00399,898.72290
63.3,2.11715,"17,121.58",0.00776,0.00392,899.90411
63.4,2.12051,"17,144.27",0.00773,0.00361,901.09711
63.5,2.12365,"17,164.29",0.00767,0.00356,902.14941
63.6,2.12709,"17,187.86",0.00775,0.00355,903.38788
63.7,2.13052,"17,211.65",0.00778,0.00342,904.63843
63.8,2.13366,"17,230.56",0.0078,0.00346,905.63214
63.9,2.13725,"17,255.37",0.00778,0.00338,906.93634
64,2.14061,"17,278.14",0.00775,0.00339,908.13300
64.1,2.14375,"17,298.52",0.00776,0.00325,909.20410
64.2,2.14712,"17,320.53",0.0078,0.0031,910.36115
64.3,2.1504,"17,341.64",0.00785,0.00295,911.47064
64.4,2.15377,"17,364.21",0.0078,0.00325,912.65674
64.5,2.15713,"17,385.86",0.00781,0.0032,913.79468
64.6,2.16049,"17,407.29",0.00781,0.00342,914.92145
64.7,2.16386,"17,430.26",0.00786,0.00341,916.12842
64.8,2.167,"17,449.47",0.00787,0.00341,917.13818
64.9,2.17043,"17,472.66",0.00787,0.00307,918.35681
65,2.1738,"17,495.53",0.00788,0.00296,919.55920
65.1,2.17701,"17,514.09",0.00787,0.00287,920.53430
65.2,2.18052,"17,537.07",0.00785,0.00278,921.74219
65.3,2.18389,"17,559.31",0.00781,0.00277,922.91150
65.4,2.1871,"17,579.82",0.00782,0.00271,923.98920
65.5,2.19054,"17,602.46",0.00788,0.00312,925.17950
65.6,2.19383,"17,622.75",0.00788,0.00352,926.24579
65.7,2.19704,"17,643.70",0.00791,0.00361,927.34662
65.8,2.2004,"17,665.63",0.00791,0.00381,928.49957
65.9,2.20384,"17,687.08",0.0079,0.00402,929.62671
66,2.20713,"17,709.25",0.00791,0.00398,930.79205
66.1,2.21042,"17,728.11",0.00787,0.00402,931.78320
66.2,2.21393,"17,751.49",0.0079,0.00388,933.01233
66.3,2.21714,"17,773.10",0.00794,0.00376,934.14807
66.4,2.22036,"17,790.61",0.00791,0.00372,935.06848
66.5,2.2238,"17,814.77",0.00792,0.0036,936.33813
66.6,2.22716,"17,836.21",0.008,0.00361,937.46509
66.7,2.23037,"17,855.88",0.008,0.00354,938.49884
66.8,2.23381,"17,877.31",0.008,0.00352,939.62518
66.9,2.23725,"17,899.21",0.00801,0.00345,940.77606
67,2.24039,"17,918.60",0.00802,0.00339,941.79541
67.1,2.24375,"17,939.06",0.00807,0.00368,942.87103
67.2,2.24719,"17,960.57",0.00799,0.00338,944.00146
67.3,2.25033,"17,982.10",0.008,0.00363,945.13306
67.4,2.25377,"18,000.32",0.0081,0.0036,946.09064
67.5,2.2572,"18,023.24",0.00812,0.00353,947.29517
67.6,2.26042,"18,044.48",0.00805,0.00344,948.41168
67.7,2.26378,"18,063.76",0.00802,0.00318,949.42499
67.8,2.26714,"18,083.83",0.00803,0.00306,950.47980
67.9,2.27043,"18,104.22",0.00807,0.003,951.55151
68,2.27372,"18,123.81",0.00808,0.00287,952.58142
68.1,2.27716,"18,146.71",0.00821,0.00278,953.78455
68.2,2.2806,"18,167.60",0.00816,0.00276,954.88269
68.3,2.28374,"18,185.36",0.00817,0.00293,955.81635
68.4,2.28717,"18,205.51",0.0081,0.00349,956.87512
68.5,2.29061,"18,227.98",0.0081,0.00364,958.05658
68.6,2.29368,"18,247.56",0.00815,0.00395,959.08551
68.7,2.29719,"18,267.29",0.00827,0.00416,960.12250
68.8,2.30055,"18,287.76",0.00828,0.00419,961.19824
68.9,2.30376,"18,308.57",0.00817,0.00419,962.29211
69,2.30713,"18,327.11",0.00821,0.004,963.26642
69.1,2.31049,"18,349.60",0.00818,0.00389,964.44855
69.2,2.31378,"18,368.89",0.00818,0.00384,965.46246
69.3,2.31699,"18,386.93",0.00824,0.00376,966.41071
69.4,2.32043,"18,408.55",0.00828,0.00369,967.54718
69.5,2.32379,"18,429.43",0.0083,0.00364,968.64429
69.6,2.32701,"18,447.35",0.00828,0.00362,969.58643
69.7,2.33052,"18,468.64",0.00842,0.0035,970.70520
69.8,2.33396,"18,490.13",0.00837,0.00378,971.83478
69.9,2.33702,"18,507.98",0.00834,0.00375,972.77325
70,2.34046,"18,527.85",0.00828,0.00377,973.81750
70.1,2.34382,"18,548.18",0.00824,0.0038,974.88580
70.2,2.34711,"18,567.79",0.00836,0.00374,975.91650
70.3,2.35055,"18,587.24",0.00838,0.00369,976.93896
70.4,2.35384,"18,608.84",0.00848,0.00336,978.07422
70.5,2.35713,"18,627.53",0.00842,0.00328,979.05664
70.6,2.36042,"18,646.43",0.00844,0.0031,980.04968
70.7,2.36378,"18,666.18",0.00853,0.00305,981.08795
70.8,2.36714,"18,686.79",0.00846,0.00294,982.17126
70.9,2.37036,"18,704.35",0.00851,0.00285,983.09418
71,2.37379,"18,724.51",0.00848,0.00284,984.15356
71.1,2.37731,"18,745.21",0.00851,0.00335,985.24182
71.2,2.38044,"18,762.65",0.00855,0.00379,986.15833
71.3,2.38381,"18,783.52",0.00855,0.00389,987.25549
71.4,2.38717,"18,801.78",0.00854,0.00425,988.21503
71.5,2.39031,"18,820.18",0.0085,0.00429,989.18237
71.6,2.39382,"18,840.48",0.00854,0.00423,990.24939
71.7,2.39711,"18,860.47",0.00855,0.00408,991.29987
71.8,2.40047,"18,880.21",0.0086,0.0039,992.33716
71.9,2.40376,"18,897.24",0.00857,0.00383,993.23224
72,2.40713,"18,917.09",0.00857,0.00384,994.27551
72.1,2.41049,"18,937.78",0.00857,0.00377,995.36316
72.2,2.41363,"18,953.70",0.00857,0.00375,996.19977
72.3,2.41714,"18,974.11",0.00858,0.00364,997.27246
72.4,2.42058,"18,994.17",0.00859,0.00352,998.32703
72.5,2.42379,"19,011.63",0.00858,0.00366,999.24475
72.6,2.42723,"19,031.47",0.00861,0.00371,1000.28766
72.7,2.43059,"19,050.16",0.00866,0.00375,1001.26965
72.8,2.43366,"19,067.06",0.00866,0.00373,1002.15814
72.9,2.4371,"19,086.26",0.00867,0.00375,1003.16742
73,2.44038,"19,105.41",0.00864,0.0038,1004.17389
73.1,2.44382,"19,124.34",0.00863,0.00339,1005.16870
73.2,2.44711,"19,140.78",0.00865,0.00323,1006.03296
73.3,2.45047,"19,160.05",0.00867,0.0032,1007.04547
73.4,2.45391,"19,180.46",0.00868,0.00308,1008.11859
73.5,2.45698,"19,195.43",0.00865,0.00301,1008.90497
73.6,2.46049,"19,214.67",0.00866,0.00295,1009.91663
73.7,2.46385,"19,233.11",0.00866,0.00293,1010.88568
73.8,2.46699,"19,249.67",0.00867,0.00362,1011.75623
73.9,2.4705,"19,269.99",0.00869,0.00385,1012.82404
74,2.47387,"19,289.05",0.00868,0.00403,1013.82587
74.1,2.47708,"19,304.31",0.00869,0.00433,1014.62811
74.2,2.48052,"19,323.27",0.00868,0.00427,1015.62421
74.3,2.48381,"19,340.80",0.00867,0.00429,1016.54590
74.4,2.48709,"19,359.13",0.0087,0.00419,1017.50891
74.5,2.49046,"19,375.15",0.0087,0.00396,1018.35144
74.6,2.49382,"19,393.35",0.00871,0.00395,1019.30786
74.7,2.49718,"19,413.20",0.00871,0.0039,1020.35095
74.8,2.5004,"19,429.12",0.00875,0.00387,1021.18768
74.9,2.50384,"19,447.12",0.00874,0.00372,1022.13385
75,2.5072,"19,463.77",0.00878,0.00373,1023.00922
75.1,2.51034,"19,478.82",0.00876,0.00368,1023.79999
75.2,2.51385,"19,499.08",0.00876,0.00357,1024.86475
75.3,2.51721,"19,517.48",0.00876,0.0037,1025.83179
75.4,2.52043,"19,532.21",0.00877,0.00365,1026.60645
75.5,2.52386,"19,549.36",0.00879,0.00378,1027.50781
75.6,2.52723,"19,567.58",0.0088,0.00372,1028.46509
75.7,2.53037,"19,584.16",0.00877,0.00363,1029.33655
75.8,2.53373,"19,599.76",0.00876,0.00343,1030.15674
75.9,2.53717,"19,618.33",0.0088,0.00321,1031.13245
76,2.54046,"19,635.65",0.00881,0.00313,1032.04309
76.1,2.54382,"19,650.62",0.00883,0.00308,1032.82971
76.2,2.54726,"19,669.25",0.00883,0.00308,1033.80908
76.3,2.55047,"19,685.10",0.00881,0.00308,1034.64209
76.4,2.55368,"19,699.38",0.00885,0.0032,1035.39233
76.5,2.55712,"19,717.04",0.00884,0.0039,1036.32056
76.6,2.56049,"19,733.85",0.00884,0.00423,1037.20459
76.7,2.5637,"19,749.16",0.00884,0.00433,1038.00879
76.8,2.56714,"19,765.13",0.00884,0.00436,1038.84814
76.9,2.57057,"19,783.02",0.00885,0.0043,1039.78882
77,2.57379,"19,798.38",0.00885,0.00429,1040.59570
77.1,2.57715,"19,814.03",0.00887,0.00415,1041.41846
77.2,2.58052,"19,830.51",0.00888,0.00396,1042.28467
77.3,2.58373,"19,845.56",0.00887,0.00391,1043.07605
77.4,2.58717,"19,860.84",0.00888,0.00388,1043.87903
77.5,2.5906,"19,879.27",0.00889,0.00374,1044.84778
77.6,2.59382,"19,894.76",0.00888,0.00371,1045.66150
77.7,2.59711,"19,908.27",0.0089,0.00366,1046.37195
77.8,2.60054,"19,925.82",0.00891,0.00373,1047.29419
77.9,2.60376,"19,941.64",0.00892,0.0037,1048.12573
78,2.60697,"19,955.02",0.00892,0.00371,1048.82910
78.1,2.61048,"19,971.71",0.00891,0.00379,1049.70593
78.2,2.61385,"19,986.48",0.00894,0.00366,1050.48254
78.3,2.61706,"20,001.64",0.00895,0.00351,1051.27954
78.4,2.6205,"20,017.52",0.00896,0.00334,1052.11414
78.5,2.62394,"20,032.47",0.00894,0.0032,1052.89978
78.6,2.627,"20,046.21",0.00893,0.00311,1053.62158
78.7,2.63044,"20,061.29",0.00895,0.00309,1054.41479
78.8,2.63388,"20,077.80",0.00897,0.00308,1055.28210
78.9,2.63709,"20,093.26",0.00898,0.00386,1056.09485
79,2.64053,"20,106.74",0.00898,0.00399,1056.80347
79.1,2.64382,"20,121.35",0.00898,0.00426,1057.57129
79.2,2.64718,"20,136.39",0.00899,0.00445,1058.36194
79.3,2.65039,"20,149.24",0.00901,0.00449,1059.03699
79.4,2.65376,"20,164.60",0.00899,0.00446,1059.84436
79.5,2.65712,"20,179.29",0.009,0.00423,1060.61658
79.6,2.66041,"20,192.22",0.00901,0.0041,1061.29614
79.7,2.66385,"20,207.17",0.00902,0.00403,1062.08191
79.8,2.66728,"20,222.21",0.00903,0.00397,1062.87219
79.9,2.67042,"20,233.95",0.00904,0.00394,1063.48914
80,2.67379,"20,247.63",0.00903,0.00385,1064.20850
80.1,2.67715,"20,261.81",0.00902,0.00376,1064.95361
80.2,2.68036,"20,274.66",0.00903,0.00384,1065.62891
80.3,2.6838,"20,288.37",0.00904,0.00374,1066.34973
80.4,2.68709,"20,301.39",0.00905,0.00384,1067.03430
80.5,2.69053,"20,315.49",0.00908,0.0039,1067.77502
80.6,2.69374,"20,327.32",0.00905,0.0038,1068.39685
80.7,2.69711,"20,340.37",0.00906,0.00349,1069.08289
80.8,2.70054,"20,353.51",0.00906,0.00336,1069.77368
80.9,2.70368,"20,364.60",0.00903,0.00332,1070.35608
81,2.70719,"20,378.69",0.00905,0.00324,1071.09668
81.1,2.71063,"20,392.28",0.00909,0.00314,1071.81091
81.2,2.7137,"20,403.01",0.00906,0.00362,1072.37500
81.3,2.71721,"20,414.14",0.00907,0.00412,1072.95996
81.4,2.72057,"20,427.17",0.00908,0.00418,1073.64490
81.5,2.72379,"20,438.16",0.00909,0.00458,1074.22278
81.6,2.72715,"20,449.73",0.00911,0.00449,1074.83069
81.7,2.73051,"20,461.52",0.0091,0.00448,1075.45044
81.8,2.7338,"20,472.93",0.00904,0.00432,1076.05017
81.9,2.73709,"20,483.03",0.00908,0.00413,1076.58093
82,2.74045,"20,494.25",0.00911,0.00413,1077.17078
82.1,2.74389,"20,506.86",0.00913,0.00406,1077.83350
82.2,2.74695,"20,514.40",0.00915,0.00394,1078.22986
82.3,2.75047,"20,526.73",0.00913,0.00394,1078.87793
82.4,2.7539,"20,538.77",0.0091,0.00411,1079.51062
82.5,2.75704,"20,546.31",0.00915,0.00391,1079.90698
82.6,2.76056,"20,557.75",0.00915,0.00403,1080.50830
82.7,2.76392,"20,567.50",0.00917,0.00391,1081.02087
82.8,2.76706,"20,577.23",0.00922,0.00386,1081.53223
82.9,2.7705,"20,586.85",0.00918,0.00361,1082.03760
83,2.77379,"20,594.71",0.00915,0.0034,1082.45093
83.1,2.77707,"20,605.08",0.00911,0.00325,1082.99609
83.2,2.78044,"20,612.91",0.00919,0.00331,1083.40771
83.3,2.78387,"20,623.69",0.00921,0.00323,1083.97424
83.4,2.78724,"20,633.67",0.00917,0.00375,1084.49841
83.5,2.79038,"20,638.95",0.00919,0.00398,1084.77625
83.6,2.79381,"20,646.90",0.00914,0.00428,1085.19373
83.7,2.79718,"20,655.40",0.00915,0.00461,1085.64087
83.8,2.80032,"20,660.81",0.00912,0.0045,1085.92517
83.9,2.8039,"20,670.32",0.00916,0.0045,1086.42493
84,2.80727,"20,676.73",0.00913,0.00421,1086.76196
84.1,2.81041,"20,682.33",0.00914,0.00417,1087.05615
84.2,2.81384,"20,689.99",0.00916,0.00406,1087.45874
84.3,2.81721,"20,696.31",0.0092,0.00402,1087.79077
84.4,2.82042,"20,701.91",0.00919,0.0043,1088.08508
84.5,2.82371,"20,704.81",0.00918,0.00414,1088.23779
84.6,2.82722,"20,712.12",0.00921,0.00409,1088.62207
84.7,2.83051,"20,718.53",0.00922,0.00414,1088.95898
84.8,2.83372,"20,720.64",0.00921,0.00377,1089.06958
84.9,2.83716,"20,726.13",0.00917,0.00364,1089.35828
85,2.84045,"20,729.72",0.0091,0.0035,1089.54688
85.1,2.84366,"20,731.94",0.00918,0.00327,1089.66357
85.2,2.84718,"20,737.11",0.00917,0.00323,1089.93555
85.3,2.85054,"20,738.16",0.0092,0.00326,1089.99060
85.4,2.85375,"20,739.67",0.00915,0.00406,1090.07007
85.5,2.85719,"20,742.01",0.00917,0.00425,1090.19299
85.6,2.86063,"20,743.69",0.00915,0.00466,1090.28101
85.7,2.86369,"20,743.46",0.00917,0.00459,1090.26892
85.8,2.86706,"20,742.32",0.00913,0.0045,1090.20923
85.9,2.87049,"20,743.94",0.00915,0.00427,1090.29407
86,2.87378,"20,743.79",0.00915,0.00414,1090.28650
86.1,2.87715,"20,741.95",0.00919,0.00412,1090.18970
86.2,2.88058,"20,741.45",0.00931,0.00416,1090.16357
86.3,2.8838,"20,738.87",0.00928,0.00419,1090.02759
86.4,2.88701,"20,734.15",0.00916,0.00418,1089.77954
86.5,2.89052,"20,731.93",0.00919,0.00416,1089.66333
86.6,2.89381,"20,728.04",0.00915,0.00374,1089.45886
86.7,2.89703,"20,720.14",0.00927,0.00349,1089.04321
86.8,2.90046,"20,714.77",0.00925,0.00333,1088.76135
86.9,2.9039,"20,709.54",0.00925,0.00323,1088.48621
87,2.90704,"20,699.93",0.00925,0.00364,1087.98132
87.1,2.91048,"20,689.95",0.00916,0.00415,1087.45679
87.2,2.91384,"20,679.84",0.00911,0.00461,1086.92542
87.3,2.91706,"20,668.09",0.00912,0.00458,1086.30774
87.4,2.92042,"20,654.91",0.00915,0.00428,1085.61475
87.5,2.92386,"20,642.26",0.00915,0.00429,1084.94983
87.6,2.92715,"20,627.59",0.00915,0.00403,1084.17908
87.7,2.93051,"20,609.63",0.00924,0.00413,1083.23486
87.8,2.9338,"20,594.73",0.00932,0.0042,1082.45203
87.9,2.93716,"20,574.47",0.00932,0.00436,1081.38684
88,2.94037,"20,551.05",0.00928,0.00376,1080.15601
88.1,2.94374,"20,528.06",0.00928,0.00353,1078.94775
88.2,2.94717,"20,503.78",0.00918,0.00328,1077.67163
88.3,2.95039,"20,476.36",0.0092,0.00351,1076.23022
88.4,2.95383,"20,446.59",0.00906,0.00426,1074.66577
88.5,2.95719,"20,413.03",0.00918,0.00466,1072.90186
88.6,2.9604,"20,376.44",0.00921,0.00436,1070.97839
88.7,2.96377,"20,337.82",0.00913,0.00415,1068.94873
88.8,2.96713,"20,297.10",0.00918,0.00405,1066.80872
88.9,2.97042,"20,251.49",0.00915,0.00412,1064.41113
89,2.97386,"20,201.56",0.00912,0.00392,1061.78687
89.1,2.97714,"20,149.44",0.00911,0.00357,1059.04736
89.2,2.98058,"20,092.14",0.00909,0.00321,1056.03601
89.3,2.98372,"20,026.63",0.00906,0.0035,1052.59253
89.4,2.98708,"19,958.94",0.009,0.00452,1049.03503
89.5,2.99052,"19,886.51",0.00894,0.00422,1045.22815
89.6,2.99366,"19,805.34",0.00893,0.00392,1040.96204
89.7,2.99717,"19,720.50",0.0089,0.00388,1036.50293
89.8,3.00061,"19,627.56",0.00887,0.00378,1031.61755
89.9,3.00375,"19,525.84",0.00883,0.00327,1026.27148
90,3.00719,"19,421.55",0.00877,0.00347,1020.79010
90.1,3.01048,"19,313.24",0.00869,0.0044,1015.09747
90.2,3.01376,"19,201.84",0.00866,0.00397,1009.24207
90.3,3.01713,"19,090.94",0.00863,0.0037,1003.41321
90.4,3.02049,"18,984.59",0.00858,0.00358,997.82330
90.5,3.02393,"18,881.02",0.00855,0.00333,992.37970
90.6,3.02714,"18,779.99",0.0085,0.00296,987.06989
90.7,3.03043,"18,687.05",0.00847,0.00414,982.18518
90.8,3.03394,"18,605.37",0.00842,0.00417,977.89191
90.9,3.03701,"18,528.15",0.00838,0.00382,973.83319
91,3.04052,"18,464.65",0.00834,0.00352,970.49579
91.1,3.04396,"18,409.15",0.00834,0.00362,967.57837
91.2,3.04702,"18,358.00",0.00835,0.00364,964.89026
91.3,3.05054,"18,316.11",0.00834,0.00325,962.68817
91.4,3.0539,"18,280.02",0.00834,0.00299,960.79132
91.5,3.05704,"18,246.98",0.00829,0.00349,959.05499
91.6,3.06048,"18,219.77",0.00828,0.00399,957.62482
91.7,3.06376,"18,196.19",0.00828,0.00419,956.38544
91.8,3.06713,"18,177.52",0.00825,0.00396,955.40405
91.9,3.07049,"18,160.87",0.00822,0.00374,954.52911
92,3.07385,"18,145.12",0.00821,0.00368,953.70142
92.1,3.07729,"18,133.93",0.00822,0.00358,953.11292
92.2,3.08036,"18,120.02",0.00822,0.00345,952.38208
92.3,3.08387,"18,112.54",0.00821,0.00345,951.98859
92.4,3.08723,"18,105.36",0.00824,0.00363,951.61145
92.5,3.09037,"18,094.54",0.00824,0.0034,951.04285
92.6,3.09388,"18,090.19",0.00821,0.003,950.81433
92.7,3.09725,"18,086.71",0.00821,0.00295,950.63098
92.8,3.10046,"18,081.38",0.0082,0.00303,950.35126
92.9,3.10382,"18,076.59",0.00819,0.00381,950.09943
93,3.10711,"18,073.76",0.00819,0.00425,949.95050
93.1,3.1104,"18,071.78",0.00821,0.00421,949.84668
93.2,3.11369,"18,068.98",0.00822,0.00402,949.69928
93.3,3.1172,"18,068.08",0.00818,0.00381,949.65216
93.4,3.12056,"18,066.33",0.00821,0.00371,949.56030
93.5,3.12363,"18,061.60",0.00819,0.00355,949.31146
93.6,3.12714,"18,062.62",0.00818,0.00344,949.36523
93.7,3.1305,"18,061.51",0.0082,0.00354,949.30695
93.8,3.13364,"18,057.50",0.00818,0.00338,949.09607
93.9,3.13723,"18,057.95",0.00821,0.00368,949.11938
94,3.14059,"18,056.36",0.00821,0.00338,949.03595
94.1,3.14381,"18,053.67",0.00822,0.00312,948.89490
94.2,3.14725,"18,052.06",0.0082,0.00302,948.81000
94.3,3.15053,"18,049.08",0.00818,0.00307,948.65344
94.4,3.15375,"18,045.72",0.00813,0.00362,948.47705
94.5,3.15711,"18,042.29",0.0082,0.00422,948.29626
94.6,3.16055,"18,039.89",0.00818,0.00417,948.17041
94.7,3.16384,"18,035.58",0.00819,0.00409,947.94379
94.8,3.16705,"18,028.13",0.00817,0.00381,947.55212
94.9,3.17056,"18,025.44",0.00816,0.00363,947.41071
95,3.17385,"18,020.83",0.00814,0.00357,947.16852
95.1,3.17699,"18,011.03",0.00816,0.00341,946.65350
95.2,3.1805,"18,006.68",0.00817,0.00348,946.42499
95.3,3.18379,"17,999.70",0.00814,0.0034,946.05786
95.4,3.18701,"17,991.51",0.00814,0.00365,945.62744
95.5,3.19052,"17,985.14",0.00813,0.00328,945.29297
95.6,3.19396,"17,976.00",0.00816,0.00297,944.81256
95.7,3.19717,"17,967.26",0.00816,0.00294,944.35297
95.8,3.20046,"17,957.05",0.00813,0.00339,943.81653
95.9,3.20382,"17,948.71",0.00814,0.00402,943.37823
96,3.20711,"17,938.37",0.00806,0.00409,942.83447
96.1,3.2104,"17,925.56",0.00812,0.00398,942.16150
96.2,3.21391,"17,916.94",0.00816,0.00374,941.70807
96.3,3.2172,"17,905.36",0.00812,0.00365,941.09943
96.4,3.22041,"17,890.00",0.00809,0.00347,940.29242
96.5,3.22385,"17,879.10",0.00811,0.00322,939.71924
96.6,3.22714,"17,865.02",0.00809,0.00318,938.97919
96.7,3.23043,"17,850.50",0.00807,0.00348,938.21631
96.8,3.23379,"17,837.10",0.00809,0.0034,937.51178
96.9,3.23723,"17,822.93",0.00809,0.00306,936.76715
97,3.24044,"17,807.65",0.0081,0.00292,935.96405
97.1,3.24381,"17,791.35",0.00806,0.00314,935.10730
97.2,3.24717,"17,776.06",0.00807,0.00377,934.30383
97.3,3.25038,"17,759.38",0.00806,0.00413,933.42664
97.4,3.25375,"17,741.22",0.00802,0.00397,932.47266
97.5,3.25718,"17,725.44",0.00803,0.00368,931.64276
97.6,3.26047,"17,708.35",0.00802,0.00355,930.74493
97.7,3.26383,"17,688.29",0.00803,0.00348,929.69067
97.8,3.2672,"17,670.55",0.008,0.00331,928.75787
97.9,3.27049,"17,652.10",0.00797,0.00331,927.78815
98,3.2737,"17,631.76",0.00797,0.00343,926.71912
98.1,3.27706,"17,613.14",0.008,0.00312,925.74048
98.2,3.28058,"17,594.39",0.00799,0.00288,924.75519
98.3,3.28371,"17,573.64",0.00799,0.00284,923.66449
98.4,3.28715,"17,553.29",0.00793,0.0036,922.59460
98.5,3.29067,"17,535.48",0.00794,0.00409,921.65900
98.6,3.29373,"17,513.89",0.00792,0.00405,920.52417
98.7,3.29717,"17,492.96",0.00798,0.00378,919.42419
98.8,3.30046,"17,474.06",0.00791,0.0036,918.43042
98.9,3.30382,"17,454.88",0.00788,0.00352,917.42255
99,3.30711,"17,434.00",0.00789,0.00334,916.32501
99.1,3.31055,"17,414.74",0.00791,0.00337,915.31262
99.2,3.31391,"17,395.58",0.00787,0.00344,914.30579
99.3,3.31712,"17,373.93",0.00789,0.00324,913.16797
99.4,3.32041,"17,355.40",0.00789,0.00291,912.19366
99.5,3.32385,"17,336.07",0.0078,0.00276,911.17810
99.6,3.32699,"17,317.26",0.00782,0.00336,910.18903
99.7,3.33043,"17,298.15",0.00787,0.00395,909.18494
99.8,3.33394,"17,281.65",0.00786,0.00404,908.31738
99.9,3.33708,"17,264.83",0.0078,0.00396,907.43359
100,3.34051,"17,247.17",0.00776,0.00358,906.50519
100.1,3.3438,"17,231.15",0.00779,0.00355,905.66321
100.2,3.34709,"17,215.30",0.00782,0.00332,904.83020
100.3,3.35046,"17,199.31",0.00778,0.00311,903.98962
100.4,3.35382,"17,186.26",0.00779,0.00331,903.30389
100.5,3.35726,"17,173.48",0.00778,0.00338,902.63208
100.6,3.36039,"17,156.56",0.00778,0.00322,901.74268
100.7,3.36383,"17,144.28",0.00778,0.00281,901.09729
100.8,3.36727,"17,132.48",0.00778,0.00269,900.47736
100.9,3.37034,"17,119.29",0.00774,0.00325,899.78394
101,3.37385,"17,106.90",0.00772,0.00368,899.13281
101.1,3.37729,"17,096.05",0.00774,0.00405,898.56244
101.2,3.38042,"17,083.61",0.00775,0.00382,897.90839
101.3,3.38386,"17,073.01",0.00774,0.00353,897.35168
101.4,3.38723,"17,062.55",0.00768,0.00354,896.80200
101.5,3.39044,"17,050.17",0.00773,0.00338,896.15082
101.6,3.39373,"17,039.21",0.00773,0.00295,895.57495
101.7,3.39709,"17,030.03",0.00772,0.00332,895.09235
101.8,3.40053,"17,020.38",0.00769,0.00356,894.58514
101.9,3.40374,"17,009.54",0.00772,0.00316,894.01538
102,3.40718,"16,999.28",0.00767,0.00291,893.47607
102.1,3.41062,"16,992.54",0.00766,0.00279,893.12189
102.2,3.41361,"16,980.04",0.00764,0.00279,892.46509
102.3,3.41712,"16,972.90",0.00769,0.00352,892.08978
102.4,3.42056,"16,965.29",0.00768,0.00401,891.68994
102.5,3.4237,"16,953.70",0.00767,0.00392,891.08051
102.6,3.42721,"16,948.36",0.00767,0.00376,890.79974
102.7,3.43057,"16,940.65",0.00765,0.00351,890.39453
102.8,3.43379,"16,931.44",0.00764,0.00346,889.91071
102.9,3.43715,"16,924.16",0.00767,0.0033,889.52820
103,3.44051,"16,918.43",0.00768,0.00309,889.22705
103.1,3.4438,"16,912.20",0.0077,0.00321,888.89954
103.2,3.44709,"16,903.42",0.00771,0.00346,888.43774
103.3,3.45053,"16,897.91",0.00766,0.00324,888.14856
103.4,3.45389,"16,893.33",0.00758,0.00289,887.90753
103.5,3.45703,"16,884.17",0.00762,0.00269,887.42633
103.6,3.46054,"16,880.28",0.00762,0.00279,887.22144
103.7,3.46383,"16,873.28",0.00766,0.00357,886.85394
103.8,3.46697,"16,864.68",0.00763,0.00369,886.40167
103.9,3.47056,"16,862.35",0.00763,0.00406,886.27905
104,3.47385,"16,856.21",0.00763,0.0038,885.95642
104.1,3.47706,"16,849.37",0.00764,0.00365,885.59705
104.2,3.48042,"16,842.83",0.00765,0.00351,885.25342
104.3,3.48379,"16,837.48",0.00762,0.0034,884.97229
104.4,3.48707,"16,832.36",0.00763,0.00336,884.70312
104.5,3.49044,"16,825.54",0.00766,0.00329,884.34454
104.6,3.4938,"16,819.73",0.00768,0.00335,884.03900
104.7,3.49716,"16,814.97",0.00764,0.00334,883.78925
104.8,3.50038,"16,807.48",0.00765,0.00306,883.39526
104.9,3.50389,"16,803.57",0.00757,0.00283,883.18994
105,3.50718,"16,797.73",0.00761,0.00269,882.88312
105.1,3.51039,"16,788.93",0.00761,0.0033,882.42053
105.2,3.51383,"16,784.73",0.0076,0.00356,882.19983
105.3,3.51719,"16,778.72",0.00765,0.00405,881.88397
105.4,3.52041,"16,770.78",0.00757,0.00391,881.46637
105.5,3.52384,"16,763.10",0.00757,0.00377,881.06274
105.6,3.52728,"16,756.23",0.00759,0.00357,880.70160
105.7,3.53042,"16,748.50",0.0076,0.00339,880.29559
105.8,3.53378,"16,739.98",0.00766,0.00328,879.84772
105.9,3.53715,"16,732.38",0.00759,0.00317,879.44836
106,3.54044,"16,723.73",0.00757,0.00351,878.99329
106.1,3.54372,"16,716.04",0.00761,0.00344,878.58936
106.2,3.54716,"16,709.39",0.00761,0.00301,878.23993
106.3,3.55053,"16,702.33",0.00755,0.00281,877.86853
106.4,3.55374,"16,691.69",0.0076,0.00258,877.30945
106.5,3.5571,"16,684.19",0.00759,0.00331,876.91516
106.6,3.56047,"16,675.38",0.00755,0.00361,876.45197
106.7,3.56368,"16,666.03",0.00753,0.00404,875.96063
106.8,3.56712,"16,657.87",0.00755,0.00394,875.53168
106.9,3.57056,"16,649.66",0.0075,0.00367,875.10059
107,3.57377,"16,640.35",0.00757,0.00347,874.61127
107.1,3.57713,"16,631.69",0.00757,0.0034,874.15607
107.2,3.58057,"16,624.74",0.00756,0.00331,873.79041
107.3,3.58371,"16,614.91",0.00756,0.00334,873.27393
107.4,3.58707,"16,605.27",0.00755,0.00336,872.76746
107.5,3.59051,"16,599.12",0.00758,0.00343,872.44421
107.6,3.5938,"16,591.44",0.00754,0.00305,872.04016
107.7,3.59709,"16,581.06",0.00751,0.00273,871.49475
107.8,3.60045,"16,573.31",0.00754,0.00254,871.08759
107.9,3.60389,"16,566.58",0.00751,0.00331,870.73383
108,3.6071,"16,558.86",0.00754,0.00357,870.32782
108.1,3.61039,"16,551.11",0.00753,0.00391,869.92047
108.2,3.6139,"16,544.06",0.00751,0.00396,869.54993
108.3,3.61704,"16,537.31",0.0075,0.00365,869.19543
108.4,3.62048,"16,530.32",0.00754,0.00351,868.82812
108.5,3.62392,"16,525.06",0.00754,0.00336,868.55127
108.6,3.62706,"16,516.80",0.00749,0.00325,868.11737
108.7,3.63042,"16,508.67",0.00745,0.00339,867.69019
108.8,3.63378,"16,504.91",0.0075,0.00318,867.49261
108.9,3.63715,"16,498.20",0.00743,0.00342,867.13965
109,3.64043,"16,491.18",0.00745,0.00312,866.77094
109.1,3.6438,"16,485.25",0.00749,0.0028,866.45905
109.2,3.64723,"16,479.53",0.00754,0.00259,866.15857
109.3,3.65045,"16,471.64",0.00746,0.00293,865.74396
109.4,3.65374,"16,466.28",0.00749,0.00348,865.46173
109.5,3.65718,"16,460.67",0.00748,0.00371,865.16711
109.6,3.66031,"16,452.65",0.00748,0.0039,864.74561
109.7,3.66383,"16,447.71",0.00743,0.0037,864.48572
109.8,3.66726,"16,443.69",0.00748,0.00353,864.27478
109.9,3.6704,"16,435.79",0.00749,0.00339,863.85974
110,3.67384,"16,428.98",0.00748,0.00332,863.50177
110.1,3.67713,"16,424.87",0.00751,0.00329,863.28528
110.2,3.68042,"16,420.68",0.00749,0.00322,863.06537
110.3,3.68371,"16,413.38",0.00751,0.00348,862.68152
110.4,3.68714,"16,408.98",0.00742,0.00331,862.45056
110.5,3.69051,"16,404.64",0.00744,0.00291,862.22205
110.6,3.69372,"16,400.07",0.00745,0.00268,861.98206
110.7,3.69716,"16,396.28",0.00748,0.00252,861.78259
110.8,3.7006,"16,393.93",0.00745,0.00319,861.65906
110.9,3.70359,"16,386.55",0.00745,0.00354,861.27155
111,3.70717,"16,384.27",0.00745,0.004,861.15155
111.1,3.71061,"16,382.61",0.00745,0.00383,861.06433
111.2,3.71375,"16,377.27",0.00744,0.00357,860.78351
111.3,3.71719,"16,373.21",0.00741,0.00348,860.57013
111.4,3.72055,"16,371.41",0.00745,0.00335,860.47577
111.5,3.72377,"16,367.38",0.00748,0.0033,860.26379
111.6,3.72713,"16,363.88",0.00737,0.00328,860.08002
111.7,3.73049,"16,361.55",0.00738,0.00324,859.95734
111.8,3.73386,"16,358.80",0.00743,0.00339,859.81299
111.9,3.73707,"16,354.12",0.00741,0.00324,859.56683
112,3.74051,"16,352.65",0.00745,0.00285,859.48944
112.1,3.74394,"16,351.32",0.00741,0.00263,859.41980
112.2,3.74701,"16,344.46",0.00744,0.00256,859.05890
112.3,3.75052,"16,344.10",0.0074,0.00335,859.04016
112.4,3.75388,"16,341.81",0.00743,0.00347,858.91998
112.5,3.75695,"16,337.65",0.0074,0.00385,858.70105
112.6,3.76054,"16,336.52",0.00741,0.00381,858.64185
112.7,3.7639,"16,333.58",0.00739,0.00359,858.48724
112.8,3.76711,"16,331.63",0.00745,0.00347,858.38458
112.9,3.77048,"16,328.99",0.00743,0.0034,858.24603
113,3.77376,"16,327.04",0.00743,0.00331,858.14368
113.1,3.77713,"16,325.08",0.00739,0.00319,858.04041
113.2,3.78034,"16,321.98",0.00735,0.00313,857.87762
113.3,3.78385,"16,321.72",0.00737,0.00338,857.86377
113.4,3.78722,"16,321.17",0.00742,0.00326,857.83502
113.5,3.79043,"16,317.21",0.0074,0.00305,857.62695
113.6,3.79387,"16,316.45",0.0074,0.00272,857.58710
113.7,3.79716,"16,314.43",0.00736,0.00257,857.48090
113.8,3.80037,"16,311.31",0.0074,0.00337,857.31708
113.9,3.80388,"16,310.81",0.0074,0.0035,857.29041
114,3.80717,"16,308.31",0.00742,0.00373,857.15936
114.1,3.81046,"16,306.78",0.00749,0.00387,857.07861
114.2,3.81382,"16,304.72",0.00739,0.00366,856.97064
114.3,3.81719,"16,304.10",0.0074,0.00351,856.93774
114.4,3.82048,"16,301.70",0.00738,0.00339,856.81189
114.5,3.82376,"16,298.30",0.00736,0.00332,856.63312
114.6,3.82713,"16,297.73",0.00732,0.00335,856.60321
114.7,3.83049,"16,297.02",0.00736,0.00312,856.56567
114.8,3.8337,"16,292.91",0.00741,0.00343,856.34991
114.9,3.83714,"16,292.17",0.00741,0.0033,856.31104
115,3.8405,"16,290.69",0.00737,0.00295,856.23328
115.1,3.84372,"16,287.22",0.00744,0.0027,856.05072
115.2,3.84716,"16,286.89",0.00741,0.00258,856.03339
115.3,3.85045,"16,284.24",0.00742,0.00285,855.89386
115.4,3.85373,"16,282.75",0.00742,0.00346,855.81561
115.5,3.8571,"16,281.01",0.00738,0.00376,855.72406
115.6,3.86053,"16,280.05",0.00739,0.00395,855.67383
115.7,3.86375,"16,278.97",0.0074,0.00371,855.61725
115.8,3.86704,"16,274.73",0.00737,0.00348,855.39417
115.9,3.87055,"16,275.29",0.00739,0.0034,855.42365
116,3.87376,"16,274.35",0.00736,0.00331,855.37427
116.1,3.87705,"16,270.42",0.00731,0.00318,855.16779
116.2,3.88056,"16,270.39",0.0073,0.00317,855.16589
116.3,3.88385,"16,267.25",0.00728,0.00338,855.00098
116.4,3.88714,"16,263.52",0.00744,0.00337,854.80511
116.5,3.8905,"16,262.28",0.00732,0.00319,854.73975
116.6,3.89387,"16,259.71",0.0074,0.0028,854.60498
116.7,3.89708,"16,256.72",0.00738,0.00263,854.44757
116.8,3.90044,"16,253.77",0.00736,0.00265,854.29254
116.9,3.90388,"16,251.62",0.00737,0.00342,854.17938
117,3.9071,"16,248.79",0.00738,0.00367,854.03052
117.1,3.91046,"16,244.24",0.00736,0.00389,853.79156
117.2,3.9139,"16,241.95",0.00737,0.00376,853.67151
117.3,3.91711,"16,239.81",0.00737,0.00351,853.55902
117.4,3.9204,"16,233.54",0.00744,0.0034,853.22949
117.5,3.92384,"16,232.23",0.00732,0.00332,853.16022
117.6,3.92712,"16,227.94",0.00729,0.00315,852.93518
117.7,3.93041,"16,222.75",0.00733,0.00313,852.66199
117.8,3.93385,"16,220.57",0.00734,0.00328,852.54767
117.9,3.93721,"16,217.37",0.00733,0.00331,852.37915
118,3.94035,"16,211.05",0.00736,0.0031,852.04712
118.1,3.94379,"16,205.92",0.00735,0.00276,851.77753
118.2,3.94723,"16,202.31",0.00737,0.00257,851.58789
118.3,3.95037,"16,196.82",0.0074,0.00286,851.29913
118.4,3.95381,"16,192.13",0.00737,0.00337,851.05255
118.5,3.95724,"16,186.96",0.00737,0.00372,850.78101
118.6,3.96046,"16,180.79",0.00741,0.00387,850.45667
118.7,3.96382,"16,175.52",0.00734,0.00363,850.17969
118.8,3.96718,"16,170.94",0.00732,0.00351,849.93903
118.9,3.97047,"16,165.55",0.00732,0.00337,849.65570
119,3.97376,"16,157.72",0.00729,0.00319,849.24432
119.1,3.9772,"16,153.75",0.00728,0.00295,849.03552
119.2,3.98056,"16,149.47",0.00727,0.00315,848.81079
119.3,3.9837,"16,141.50",0.00729,0.00321,848.39172
119.4,3.98714,"16,134.41",0.00729,0.00322,848.01892
119.5,3.9905,"16,129.14",0.00733,0.00287,847.74194
119.6,3.99364,"16,122.05",0.00743,0.00267,847.36945
119.7,3.99715,"16,116.72",0.00744,0.0026,847.08917
119.8,4.00059,"16,111.96",0.00743,0.0032,846.83929
119.9,4.00373,"16,103.86",0.00735,0.00343,846.41321
120,4.00717,"16,098.75",0.00731,0.00389,846.14465
120.1,4.01053,"16,093.02",0.00736,0.00382,845.84369
120.2,4.01374,"16,086.14",0.00742,0.00347,845.48218
120.3,4.01711,"16,077.01",0.00741,0.00335,845.00214
120.4,4.02047,"16,072.36",0.00747,0.00327,844.75781
120.5,4.02391,"16,066.50",0.0073,0.00317,844.44989
120.6,4.02705,"16,058.45",0.00727,0.00295,844.02637
120.7,4.03049,"16,053.08",0.00727,0.00313,843.74432
120.8,4.03392,"16,046.91",0.00745,0.00321,843.41998
120.9,4.03699,"16,038.22",0.00742,0.00315,842.96320
121,4.0405,"16,033.32",0.00741,0.00277,842.70563
121.1,4.04394,"16,027.85",0.00732,0.00255,842.41809
121.2,4.047,"16,018.86",0.00731,0.00262,841.94580
121.3,4.05052,"16,013.26",0.00751,0.00336,841.65155
121.4,4.05388,"16,006.80",0.00744,0.00376,841.31213
121.5,4.05709,"16,000.53",0.00746,0.00385,840.98248
121.6,4.06046,"15,993.04",0.00737,0.00348,840.58862
121.7,4.06374,"15,985.95",0.00733,0.00343,840.21582
121.8,4.06711,"15,980.75",0.00727,0.0033,839.94299
121.9,4.07039,"15,972.89",0.00723,0.00317,839.52960
122,4.07383,"15,969.25",0.00731,0.00308,839.33826
122.1,4.07727,"15,963.84",0.00741,0.00314,839.05396
122.2,4.08034,"15,955.84",0.00734,0.00331,838.63330
122.3,4.08385,"15,951.94",0.00726,0.00324,838.42865
122.4,4.08721,"15,948.13",0.00724,0.00285,838.22821
122.5,4.09035,"15,940.93",0.00743,0.00266,837.84991
122.6,4.09386,"15,935.40",0.00736,0.00252,837.55890
122.7,4.09723,"15,930.85",0.00734,0.00333,837.31982
122.8,4.10044,"15,925.37",0.00725,0.00354,837.03210
122.9,4.1038,"15,919.54",0.00729,0.00382,836.72577
123,4.10709,"15,913.14",0.00729,0.00363,836.38928
123.1,4.11045,"15,908.07",0.00725,0.00347,836.12292
123.2,4.11367,"15,902.39",0.00725,0.00333,835.82397
123.3,4.11718,"15,899.03",0.00724,0.00317,835.64746
123.4,4.12054,"15,894.16",0.00726,0.00305,835.39178
123.5,4.12376,"15,885.86",0.00722,0.00299,834.95557
123.6,4.12719,"15,882.92",0.0072,0.00316,834.80078
123.7,4.13056,"15,879.21",0.00724,0.00326,834.60571
123.8,4.1337,"15,872.27",0.00727,0.00306,834.24127
123.9,4.13714,"15,868.06",0.00743,0.00272,834.01971
124,4.14042,"15,862.29",0.00743,0.00253,833.71637
124.1,4.14371,"15,857.35",0.00728,0.00263,833.45667
124.2,4.14715,"15,853.98",0.00735,0.00337,833.27972
124.3,4.15051,"15,848.67",0.00738,0.00371,833.00055
124.4,4.1538,"15,844.38",0.00739,0.00377,832.77533
124.5,4.15702,"15,837.23",0.00733,0.00344,832.39948
124.6,4.16045,"15,834.46",0.00731,0.00343,832.25397
124.7,4.16382,"15,830.44",0.00722,0.00324,832.04236
124.8,4.16703,"15,822.48",0.0073,0.00321,831.62427
124.9,4.17054,"15,819.50",0.00738,0.00305,831.46759
125,4.17391,"15,815.54",0.00728,0.00298,831.25916
125.1,4.17712,"15,809.90",0.00721,0.00321,830.96265
125.2,4.18048,"15,805.07",0.00732,0.00325,830.70905
125.3,4.18385,"15,800.39",0.00741,0.00285,830.46289
125.4,4.18706,"15,795.18",0.00738,0.00264,830.18945
125.5,4.19042,"15,791.80",0.00741,0.00245,830.01160
125.6,4.19386,"15,787.52",0.00744,0.00319,829.78674
125.7,4.19715,"15,782.53",0.00742,0.00351,829.52448
125.8,4.20044,"15,776.24",0.00735,0.00383,829.19354
125.9,4.2038,"15,773.10",0.00735,0.00369,829.02881
126,4.20709,"15,768.59",0.00736,0.00342,828.79144
126.1,4.21038,"15,762.06",0.00738,0.00334,828.44855
126.2,4.21382,"15,757.08",0.00735,0.00324,828.18646
126.3,4.21718,"15,754.17",0.00736,0.00305,828.03363
126.4,4.22047,"15,747.95",0.00734,0.00301,827.70679
126.5,4.22383,"15,743.10",0.00729,0.003,827.45190
126.6,4.22719,"15,737.59",0.00725,0.00315,827.16211
126.7,4.23033,"15,730.50",0.00738,0.00311,826.78973
126.8,4.23377,"15,725.84",0.00735,0.00271,826.54498
126.9,4.23721,"15,721.66",0.00738,0.0025,826.32483
127,4.24042,"15,715.95",0.00737,0.00244,826.02496
127.1,4.24378,"15,708.94",0.00725,0.00331,825.65643
127.2,4.2473,"15,705.93",0.00739,0.00348,825.49854
127.3,4.25044,"15,700.72",0.00732,0.00371,825.22424
127.4,4.25373,"15,692.13",0.00732,0.00351,824.77283
127.5,4.25716,"15,686.98",0.00732,0.00336,824.50220
127.6,4.26053,"15,681.66",0.00733,0.00321,824.22266
127.7,4.26374,"15,674.51",0.0073,0.00308,823.84692
127.8,4.26718,"15,669.11",0.00728,0.00298,823.56317
127.9,4.27062,"15,663.50",0.00728,0.00308,823.26819
128,4.27368,"15,655.16",0.00728,0.00307,822.83002
128.10001,4.27712,"15,649.32",0.00724,0.00318,822.52295
128.2,4.28056,"15,644.95",0.00732,0.00281,822.29315
128.3,4.28369,"15,637.68",0.00731,0.00261,821.91113
128.39999,4.28713,"15,630.74",0.00731,0.00242,821.54608
128.5,4.29057,"15,627.39",0.00729,0.00301,821.37006
128.60001,4.29378,"15,620.12",0.00727,0.00337,820.98834
128.7,4.29715,"15,613.03",0.00733,0.00369,820.61566
128.8,4.30044,"15,607.79",0.0073,0.00361,820.34015
128.89999,4.30372,"15,600.36",0.00729,0.00332,819.94934
129,4.30709,"15,594.77",0.00728,0.00329,819.65594
129.10001,4.31045,"15,589.86",0.00729,0.00309,819.39771
129.2,4.31389,"15,584.70",0.00727,0.00305,819.12665
129.3,4.31703,"15,576.28",0.00726,0.00291,818.68408
129.39999,4.32047,"15,570.93",0.00723,0.00293,818.40253
129.5,4.3239,"15,566.87",0.00723,0.00315,818.18915
129.60001,4.32704,"15,560.10",0.00724,0.00296,817.83368
129.7,4.33048,"15,555.07",0.00723,0.00268,817.56921
129.8,4.33392,"15,550.35",0.00725,0.00248,817.32111
129.89999,4.33706,"15,544.00",0.00725,0.00272,816.98730
130,4.34057,"15,539.02",0.00728,0.00317,816.72559
130.10001,4.34386,"15,534.52",0.00725,0.00363,816.48907
130.2,4.34707,"15,528.28",0.00725,0.00368,816.16113
130.3,4.35036,"15,522.82",0.00722,0.00336,815.87427
130.39999,4.35372,"15,518.61",0.00722,0.00328,815.65283
130.5,4.35716,"15,514.69",0.00723,0.0032,815.44672
130.60001,4.36037,"15,507.77",0.00722,0.00304,815.08313
130.7,4.36389,"15,504.65",0.00721,0.00293,814.91888
130.8,4.36725,"15,501.35",0.0072,0.00308,814.74548
130.89999,4.37031,"15,493.59",0.00723,0.00285,814.33789
131,4.37383,"15,489.21",0.0072,0.00309,814.10748
131.10001,4.37719,"15,484.38",0.00723,0.00299,813.85370
131.2,4.3804,"15,480.12",0.00726,0.00254,813.62994
131.3,4.38392,"15,475.81",0.0072,0.00236,813.40344
131.39999,4.38721,"15,472.34",0.00718,0.00256,813.22107
131.5,4.39049,"15,467.14",0.00722,0.00335,812.94769
131.60001,4.39378,"15,460.68",0.00722,0.00374,812.60803
131.7,4.39707,"15,457.21",0.00723,0.00364,812.42590
131.8,4.40043,"15,454.05",0.00721,0.00345,812.25940
131.89999,4.40372,"15,448.20",0.00719,0.00331,811.95184
132,4.40716,"15,444.53",0.0072,0.00314,811.75897
132.10001,4.4106,"15,442.42",0.00721,0.00302,811.64850
132.2,4.41374,"15,437.75",0.0072,0.00304,811.40277
132.3,4.41725,"15,435.33",0.0072,0.00308,811.27588
132.39999,4.42054,"15,430.85",0.00718,0.00294,811.04010
132.5,4.42368,"15,426.38",0.00715,0.00303,810.80493
132.60001,4.42719,"15,425.08",0.00718,0.00283,810.73712
132.7,4.43048,"15,422.08",0.00717,0.00261,810.57922
132.8,4.43377,"15,418.96",0.00718,0.00241,810.41516
132.89999,4.43713,"15,414.74",0.00717,0.00325,810.19336
133,4.44049,"15,413.41",0.00717,0.00341,810.12329
133.10001,4.44386,"15,411.47",0.0072,0.00372,810.02167
133.2,4.44699,"15,406.29",0.00716,0.00366,809.74927
133.3,4.45043,"15,404.17",0.00719,0.00336,809.63794
133.39999,4.45387,"15,403.15",0.00717,0.00331,809.58411
133.5,4.45708,"15,399.18",0.00716,0.00316,809.37549
133.60001,4.46052,"15,397.76",0.00715,0.00304,809.30078
133.7,4.46388,"15,395.65",0.00719,0.00288,809.19000
133.8,4.46702,"15,391.03",0.00717,0.00315,808.94727
133.89999,4.47046,"15,391.42",0.00714,0.00305,808.96747
134,4.47382,"15,389.15",0.00717,0.00312,808.84833
134.10001,4.47711,"15,387.99",0.00715,0.00286,808.78735
134.2,4.48048,"15,385.14",0.00712,0.00261,808.63788
134.3,4.48384,"15,384.96",0.00713,0.0025,808.62799
134.39999,4.4872,"15,385.01",0.00716,0.00313,808.63098
134.5,4.49034,"15,381.38",0.00715,0.00335,808.44025
134.60001,4.49378,"15,382.24",0.00717,0.00383,808.48517
134.7,4.49714,"15,380.75",0.00714,0.00367,808.40686
134.8,4.50036,"15,378.61",0.00717,0.00356,808.29468
134.89999,4.50387,"15,379.39",0.00717,0.00329,808.33539
135,4.50723,"15,378.79",0.00718,0.00317,808.30408
135.10001,4.51037,"15,374.98",0.00711,0.0031,808.10352
135.2,4.51381,"15,375.75",0.00712,0.0029,808.14404
135.3,4.51717,"15,375.74",0.00715,0.00308,808.14368
135.39999,4.52039,"15,374.08",0.00715,0.00294,808.05640
135.5,4.52375,"15,372.68",0.00719,0.00313,807.98297
135.60001,4.52719,"15,372.57",0.00719,0.00292,807.97681
135.7,4.53048,"15,374.12",0.00712,0.00267,808.05817
135.8,4.53376,"15,370.95",0.00714,0.0025,807.89203
135.89999,4.5372,"15,372.32",0.00723,0.00259,807.96405
136,4.54042,"15,371.34",0.0072,0.00321,807.91211
136.10001,4.5437,"15,368.85",0.00717,0.00367,807.78162
136.2,4.54714,"15,371.00",0.00714,0.00368,807.89423
136.3,4.55051,"15,371.50",0.00715,0.00357,807.92065
136.39999,4.55372,"15,369.32",0.00719,0.00336,807.80634
136.5,4.55716,"15,368.60",0.0072,0.00325,807.76855
136.60001,4.56059,"15,369.39",0.00715,0.00317,807.81006
136.7,4.56373,"15,367.81",0.00715,0.00303,807.72699
136.8,4.5671,"15,367.07",0.00718,0.00283,807.68805
136.89999,4.57053,"15,365.27",0.00721,0.00299,807.59308
137,4.57375,"15,364.98",0.00719,0.00292,807.57788
137.10001,4.57711,"15,363.09",0.00712,0.00309,807.47858
137.2,4.58055,"15,364.82",0.00714,0.00273,807.56958
137.3,4.58376,"15,362.73",0.00718,0.00252,807.45978
137.39999,4.58705,"15,360.26",0.00719,0.0025,807.32990
137.5,4.59049,"15,361.16",0.00716,0.00325,807.37701
137.60001,4.59385,"15,360.80",0.00718,0.00336,807.35852
137.7,4.59714,"15,359.61",0.00719,0.00368,807.29559
137.8,4.6005,"15,358.73",0.00719,0.00365,807.24951
137.89999,4.60394,"15,358.95",0.00715,0.00344,807.26086
138,4.60708,"15,356.41",0.00717,0.00327,807.12769
138.10001,4.61044,"15,356.56",0.00716,0.00315,807.13531
138.2,4.61388,"15,355.18",0.00715,0.00309,807.06293
138.3,4.61702,"15,353.40",0.00715,0.00291,806.96918
138.39999,4.62046,"15,352.38",0.00716,0.00304,806.91589
138.5,4.6239,"15,353.29",0.00716,0.00296,806.96381
138.60001,4.62704,"15,351.57",0.00718,0.00317,806.87329
138.7,4.63047,"15,348.98",0.00718,0.00293,806.73700
138.8,4.63384,"15,349.23",0.00713,0.00264,806.75049
138.89999,4.63713,"15,349.21",0.00715,0.00248,806.74896
139,4.64041,"15,345.90",0.00718,0.00277,806.57495
139.10001,4.64378,"15,344.91",0.00721,0.00318,806.52332
139.2,4.64721,"15,344.28",0.00714,0.00367,806.49023
139.3,4.65035,"15,343.72",0.00715,0.00372,806.46045
139.39999,4.65387,"15,343.36",0.00716,0.00354,806.44165
139.5,4.65723,"15,343.35",0.00718,0.00333,806.44104
139.60001,4.66029,"15,339.45",0.00712,0.00325,806.23633
139.7,4.66381,"15,338.20",0.00714,0.00314,806.17029
139.8,4.66724,"15,339.38",0.00715,0.00301,806.23254
139.89999,4.67046,"15,337.50",0.00716,0.00306,806.13397
140,4.6739,"15,335.95",0.00715,0.00309,806.05225
140.10001,4.67718,"15,334.61",0.00715,0.00306,805.98193
140.2,4.68055,"15,335.26",0.00711,0.00313,806.01599
140.3,4.68376,"15,332.03",0.00711,0.00276,805.84625
140.39999,4.68712,"15,330.92",0.00713,0.0026,805.78784
140.5,4.69049,"15,329.13",0.00716,0.00245,805.69373
140.60001,4.6937,"15,326.01",0.00718,0.00308,805.52966
140.7,4.69714,"15,326.02",0.00716,0.00344,805.53040
140.8,4.70058,"15,325.56",0.00717,0.00371,805.50592
140.89999,4.70372,"15,321.77",0.00713,0.00364,805.30701
141,4.70708,"15,318.92",0.00716,0.00337,805.15723
141.10001,4.71044,"15,318.48",0.00715,0.00332,805.13428
141.2,4.71366,"15,315.42",0.00719,0.00312,804.97327
141.3,4.71717,"15,313.48",0.00714,0.00305,804.87109
141.39999,4.72046,"15,310.19",0.00713,0.00304,804.69830
141.5,4.72382,"15,307.78",0.00714,0.00309,804.57147
141.60001,4.72718,"15,304.28",0.00716,0.003,804.38776
141.7,4.7304,"15,301.47",0.00718,0.00315,804.24005
141.8,4.73383,"15,298.38",0.00714,0.00273,804.07770
141.89999,4.73697,"15,292.13",0.00714,0.0026,803.74884
142,4.74049,"15,291.73",0.00714,0.00252,803.72827
142.10001,4.74392,"15,290.38",0.00712,0.00306,803.65698
142.2,4.74706,"15,284.54",0.00711,0.00329,803.34998
142.3,4.7505,"15,281.23",0.00712,0.00379,803.17596
142.39999,4.75386,"15,277.43",0.00712,0.00367,802.97632
142.5,4.75708,"15,273.12",0.00713,0.00338,802.75000
142.60001,4.76052,"15,269.92",0.00709,0.00323,802.58154
142.7,4.7638,"15,265.40",0.00708,0.00321,802.34430
142.8,4.76717,"15,262.09",0.0071,0.00304,802.17023
142.89999,4.77046,"15,257.50",0.00711,0.00291,801.92908
143,4.77382,"15,254.27",0.00708,0.00305,801.75897
143.10001,4.77718,"15,250.79",0.0071,0.00293,801.57605
143.2,4.78032,"15,242.72",0.00706,0.00307,801.15192
143.3,4.78376,"15,240.46",0.00708,0.00273,801.03326
143.39999,4.7872,"15,237.81",0.00713,0.00252,800.89417
143.5,4.79034,"15,231.64",0.00713,0.0025,800.56995
143.60001,4.79385,"15,227.96",0.00703,0.00312,800.37634
143.7,4.79729,"15,223.36",0.00708,0.00352,800.13464
143.8,4.80043,"15,219.04",0.00707,0.00368,799.90747
143.89999,4.80379,"15,215.48",0.00709,0.00361,799.72028
144,4.80715,"15,210.57",0.00706,0.00337,799.46228
144.10001,4.81044,"15,206.38",0.00708,0.00322,799.24219
144.2,4.8138,"15,201.56",0.0071,0.0031,798.98859
144.3,4.81717,"15,198.93",0.0071,0.00298,798.85071
144.39999,4.82053,"15,195.85",0.00706,0.00297,798.68878
144.5,4.82374,"15,189.47",0.00708,0.003,798.35358
144.60001,4.82718,"15,186.21",0.00704,0.00311,798.18188
144.7,4.83054,"15,183.21",0.00703,0.00314,798.02441
144.8,4.83368,"15,177.61",0.00705,0.00271,797.73004
144.89999,4.8372,"15,175.58",0.00708,0.00256,797.62354
145,4.84056,"15,170.80",0.00705,0.00247,797.37213
145.10001,4.84377,"15,166.20",0.00704,0.00313,797.13031
145.2,4.84721,"15,163.05",0.00705,0.0035,796.96490
145.3,4.8505,"15,158.44",0.00708,0.00366,796.72247
145.39999,4.85371,"15,152.53",0.00707,0.00352,796.41187
145.5,4.85708,"15,147.12",0.00704,0.00328,796.12744
145.60001,4.86051,"15,144.60",0.00702,0.00318,795.99512
145.7,4.8638,"15,141.98",0.00706,0.00313,795.85718
145.8,4.86709,"15,134.88",0.00709,0.00299,795.48383
145.89999,4.87053,"15,132.00",0.00707,0.00294,795.33276
146,4.87382,"15,128.42",0.00702,0.00284,795.14465
146.10001,4.87703,"15,122.68",0.00702,0.00309,794.84271
146.2,4.88047,"15,119.94",0.00705,0.00301,794.69873
146.3,4.88383,"15,115.74",0.007,0.00268,794.47821
146.39999,4.88705,"15,111.17",0.00699,0.00246,794.23792
146.5,4.89056,"15,109.18",0.00701,0.00254,794.13354
146.60001,4.89392,"15,105.79",0.00706,0.00318,793.95514
146.7,4.89706,"15,101.17",0.00704,0.00356,793.71222
146.8,4.90042,"15,097.53",0.00703,0.00364,793.52087
146.89999,4.90386,"15,094.18",0.00704,0.00346,793.34467
147,4.90707,"15,092.46",0.00701,0.00332,793.25427
147.10001,4.91051,"15,089.07",0.00701,0.0032,793.07629
147.2,4.91395,"15,087.59",0.00701,0.00305,792.99835
147.3,4.91709,"15,084.09",0.00702,0.00285,792.81476
147.39999,4.92038,"15,081.13",0.00701,0.00297,792.65924
147.5,4.92382,"15,081.08",0.00703,0.00284,792.65656
147.60001,4.9271,"15,078.58",0.007,0.00307,792.52496
147.7,4.93032,"15,074.98",0.00699,0.00305,792.33575
147.8,4.93383,"15,076.11",0.00703,0.00264,792.39526
147.89999,4.93727,"15,075.08",0.00704,0.00251,792.34119
148,4.94041,"15,072.93",0.00701,0.00254,792.22778
148.10001,4.94384,"15,069.91",0.00701,0.0032,792.06909
148.2,4.94721,"15,069.63",0.00704,0.00365,792.05475
148.3,4.95035,"15,068.01",0.00704,0.00368,791.96942
148.39999,4.95378,"15,066.29",0.00702,0.00354,791.87909
148.5,4.95722,"15,065.44",0.00703,0.00331,791.83435
148.60001,4.96044,"15,063.30",0.00703,0.00324,791.72205
148.7,4.9638,"15,062.18",0.00703,0.00307,791.66278
148.8,4.96716,"15,062.13",0.00701,0.00295,791.66022
148.89999,4.97045,"15,061.03",0.00701,0.00282,791.60260
149,4.97374,"15,057.48",0.00701,0.00293,791.41583
149.10001,4.9771,"15,057.75",0.00702,0.00292,791.43011
149.2,4.98054,"15,057.42",0.00698,0.00304,791.41272
149.3,4.98375,"15,055.69",0.00699,0.00294,791.32202
149.39999,4.98719,"15,055.03",0.00701,0.00253,791.28729
149.5,4.99056,"15,054.25",0.00706,0.00248,791.24622
149.60001,4.99369,"15,052.40",0.00706,0.00307,791.14893
149.7,4.99713,"15,051.39",0.00701,0.00343,791.09613
149.8,5.0005,"15,051.47",0.00698,0.00371,791.10010
149.89999,5.00371,"15,050.09",0.007,0.00366,791.02759
150,5.00715,"15,048.41",0.00703,0.00344,790.93909
150.10001,5.01051,"15,048.40",0.00703,0.00324,790.93866
150.2,5.01387,"15,047.92",0.00702,0.00316,790.91321
150.3,5.01709,"15,045.26",0.007,0.00304,790.77362
150.39999,5.02038,"15,043.91",0.00703,0.00289,790.70264
150.5,5.02389,"15,043.09",0.00704,0.0028,790.65942
150.60001,5.02695,"15,041.52",0.00703,0.00289,790.57690
150.7,5.03046,"15,041.02",0.00697,0.00311,790.55103
150.8,5.03398,"15,040.82",0.00699,0.00301,790.54010
150.89999,5.03704,"15,037.47",0.007,0.00269,790.36407
151,5.04048,"15,036.83",0.00701,0.00249,790.33069
151.10001,5.04384,"15,035.44",0.00706,0.00279,790.25763
151.2,5.04706,"15,033.60",0.00707,0.00323,790.16064
151.3,5.05049,"15,031.42",0.00704,0.00363,790.04614
151.39999,5.05378,"15,029.94",0.007,0.00368,789.96838
151.5,5.05722,"15,029.60",0.00699,0.00351,789.95050
151.60001,5.06051,"15,025.84",0.00699,0.00337,789.75275
151.7,5.0638,"15,023.76",0.00701,0.00325,789.64355
151.8,5.06724,"15,023.73",0.00699,0.00307,789.64209
151.89999,5.0703,"15,018.47",0.007,0.00296,789.36584
152,5.07381,"15,017.62",0.00697,0.00283,789.32098
152.10001,5.07725,"15,016.66",0.00698,0.00286,789.27032
152.2,5.08039,"15,011.73",0.007,0.00306,789.01135
152.3,5.08383,"15,011.64",0.00703,0.00303,789.00684
152.39999,5.08727,"15,010.39",0.007,0.00268,788.94104
152.5,5.0904,"15,006.69",0.00699,0.00255,788.74658
152.60001,5.09377,"15,005.14",0.00695,0.00271,788.66492
152.7,5.09713,"15,003.65",0.00699,0.00334,788.58661
152.8,5.10049,"15,003.23",0.00703,0.0037,788.56470
152.89999,5.10378,"15,000.04",0.00701,0.00369,788.39685
153,5.10715,"14,998.53",0.007,0.00363,788.31744
153.10001,5.11058,"14,998.72",0.00699,0.00327,788.32776
153.2,5.11372,"14,993.64",0.00697,0.0032,788.06036
153.3,5.11716,"14,992.79",0.00697,0.00313,788.01575
153.39999,5.12052,"14,991.97",0.00698,0.00295,787.97272
153.5,5.12366,"14,987.66",0.00697,0.00297,787.74646
153.60001,5.12725,"14,988.69",0.00696,0.00291,787.80042
153.7,5.13061,"14,986.51",0.00692,0.00307,787.68561
153.8,5.13375,"14,982.54",0.00697,0.00298,787.47687
153.89999,5.13712,"14,979.75",0.00703,0.00266,787.33057
154,5.14048,"14,977.99",0.007,0.00247,787.23804
154.10001,5.14377,"14,975.79",0.00696,0.00248,787.12244
154.2,5.14705,"14,972.95",0.00697,0.00324,786.97290
154.3,5.15057,"14,972.20",0.00696,0.00361,786.93347
154.39999,5.15378,"14,969.83",0.00701,0.00373,786.80939
154.5,5.15707,"14,965.49",0.00699,0.00338,786.58093
154.60001,5.16051,"14,965.21",0.00696,0.00333,786.56604
154.7,5.1638,"14,961.98",0.00694,0.00323,786.39636
154.8,5.16701,"14,957.66",0.00694,0.00307,786.16943
154.89999,5.17052,"14,956.58",0.00695,0.00297,786.11298
155,5.17389,"14,954.43",0.00699,0.00285,785.99994
155.10001,5.1771,"14,951.70",0.00697,0.00299,785.85608
155.2,5.18054,"14,950.42",0.00693,0.00289,785.78906
155.3,5.1839,"14,947.38",0.00692,0.00306,785.62927
155.39999,5.18704,"14,944.43",0.00693,0.00288,785.47406
155.5,5.1904,"14,941.49",0.00699,0.00254,785.31952
155.60001,5.19392,"14,940.08",0.00699,0.00264,785.24548
155.7,5.19713,"14,937.02",0.00694,0.00303,785.08478
155.8,5.20042,"14,931.84",0.00695,0.00359,784.81250
155.89999,5.20393,"14,930.64",0.00695,0.00372,784.74921
156,5.20714,"14,927.62",0.00699,0.00349,784.59033
156.10001,5.21043,"14,921.74",0.00692,0.00335,784.28125
156.2,5.21387,"14,920.49",0.00695,0.00322,784.21588
156.3,5.21716,"14,916.63",0.00694,0.00309,784.01276
156.39999,5.22037,"14,912.88",0.00696,0.00294,783.81604
156.5,5.22381,"14,911.19",0.00694,0.00281,783.72675
156.60001,5.22725,"14,908.05",0.00692,0.00295,783.56195
156.7,5.23039,"14,904.66",0.00692,0.00285,783.38379
156.8,5.23375,"14,902.16",0.00691,0.00295,783.25250
156.89999,5.23719,"14,900.45",0.0069,0.00292,783.16260
157,5.2404,"14,898.01",0.00691,0.00256,783.03442
157.10001,5.24376,"14,893.75",0.00691,0.00238,782.81061
157.2,5.2472,"14,893.61",0.00691,0.00306,782.80286
157.3,5.25049,"14,890.47",0.00692,0.00337,782.63782
157.39999,5.25378,"14,887.50",0.00692,0.0037,782.48175
157.5,5.25714,"14,885.01",0.00694,0.00355,782.35095
157.60001,5.26043,"14,881.91",0.00692,0.00328,782.18823
157.7,5.26372,"14,878.93",0.00692,0.00329,782.03125
157.8,5.26716,"14,878.18",0.00693,0.00305,781.99213
157.89999,5.27052,"14,876.20",0.00693,0.00294,781.88794
158,5.27373,"14,871.78",0.00691,0.0028,781.65558
158.10001,5.27717,"14,868.91",0.0069,0.0028,781.50476
158.2,5.28053,"14,867.25",0.00688,0.00276,781.41760
158.3,5.28375,"14,864.08",0.00689,0.003,781.25079
158.39999,5.28711,"14,859.96",0.00691,0.00285,781.03455
158.5,5.29048,"14,858.20",0.00689,0.00251,780.94183
158.60001,5.29376,"14,855.90",0.00688,0.00237,780.82074
158.7,5.29713,"14,854.54",0.00691,0.00305,780.74951
158.8,5.30049,"14,852.25",0.00688,0.00338,780.62891
158.89999,5.30385,"14,849.09",0.00693,0.00372,780.46301
159,5.30707,"14,847.11",0.00693,0.00352,780.35883
159.10001,5.31043,"14,846.29",0.00692,0.00336,780.31616
159.2,5.31387,"14,845.52",0.00692,0.00318,780.27545
159.3,5.31701,"14,841.95",0.00688,0.00306,780.08783
159.39999,5.32052,"14,841.17",0.00691,0.003,780.04651
159.5,5.32396,"14,843.21",0.00693,0.00282,780.15411
159.60001,5.3271,"14,840.83",0.00693,0.00281,780.02869
159.7,5.33046,"14,840.19",0.00694,0.00281,779.99536
159.8,5.33382,"14,838.55",0.00692,0.00297,779.90894
159.89999,5.33711,"14,838.66",0.0069,0.00289,779.91486
160,5.34047,"14,838.90",0.00686,0.00261,779.92767
160.10001,5.34384,"14,838.74",0.00688,0.00242,779.91882
160.2,5.3472,"14,839.51",0.00693,0.00248,779.95929
160.3,5.35041,"14,837.99",0.00691,0.00319,779.87952
160.39999,5.3537,"14,837.78",0.00692,0.00358,779.86847
160.5,5.35721,"14,839.56",0.0069,0.00358,779.96198
160.60001,5.36035,"14,837.99",0.00688,0.00344,779.87958
160.7,5.36379,"14,837.27",0.00689,0.00317,779.84180
160.8,5.36723,"14,840.56",0.00687,0.00319,780.01453
160.89999,5.37037,"14,838.84",0.0069,0.00301,779.92444
161,5.37381,"14,840.88",0.00688,0.00287,780.03149
161.10001,5.37717,"14,839.97",0.00689,0.00273,779.98358
161.2,5.38038,"14,839.98",0.00689,0.00271,779.98413
161.3,5.38382,"14,840.53",0.00686,0.0029,780.01288
161.39999,5.38711,"14,841.25",0.00687,0.00302,780.05103
161.5,5.39055,"14,843.30",0.00686,0.00288,780.15900
161.60001,5.39376,"14,840.31",0.00683,0.00257,780.00140
161.7,5.3972,"14,842.38",0.00689,0.0024,780.11060
161.8,5.40056,"14,844.64",0.00691,0.00308,780.22931
161.89999,5.4037,"14,842.20",0.00689,0.0033,780.10095
162,5.40714,"14,844.39",0.00693,0.00365,780.21606
162.10001,5.41058,"14,846.21",0.00689,0.00358,780.31183
162.2,5.41372,"14,844.25",0.0069,0.00352,780.20862
162.3,5.41723,"14,847.20",0.00693,0.00322,780.36365
162.39999,5.42059,"14,847.21",0.00695,0.00314,780.36420
162.5,5.42373,"14,845.26",0.00696,0.00306,780.26172
162.60001,5.42709,"14,846.30",0.00695,0.00286,780.31641
162.7,5.43046,"14,848.48",0.00692,0.00268,780.43109
162.8,5.43375,"14,848.36",0.00693,0.00279,780.42444
162.89999,5.43711,"14,847.52",0.00688,0.00282,780.38043
163,5.44047,"14,848.03",0.00689,0.003,780.40747
163.10001,5.44383,"14,850.88",0.00686,0.00284,780.55725
163.2,5.44697,"14,847.58",0.00689,0.00249,780.38373
163.3,5.45049,"14,849.91",0.0069,0.00245,780.50629
163.39999,5.45385,"14,850.24",0.00688,0.00316,780.52332
163.5,5.45706,"14,849.51",0.00692,0.00335,780.48499
163.60001,5.4605,"14,852.44",0.00692,0.00363,780.63928
163.7,5.46386,"14,852.50",0.00691,0.00359,780.64246
163.8,5.46708,"14,850.88",0.00691,0.00325,780.55725
163.89999,5.47044,"14,851.51",0.00694,0.00321,780.59021
164,5.47388,"14,852.74",0.00692,0.00312,780.65479
164.10001,5.47709,"14,852.07",0.00692,0.00294,780.61951
164.2,5.48046,"14,851.30",0.00691,0.00281,780.57928
164.3,5.48389,"14,850.79",0.00692,0.00273,780.55243
164.39999,5.48718,"14,852.46",0.00691,0.00281,780.64038
164.5,5.4904,"14,850.29",0.00687,0.00302,780.52594
164.60001,5.49391,"14,851.58",0.00687,0.00299,780.59375
164.7,5.49712,"14,850.12",0.00689,0.0026,780.51727
164.8,5.50034,"14,846.97",0.0069,0.00244,780.35162
164.89999,5.50385,"14,850.02",0.00691,0.00261,780.51202
165,5.50721,"14,849.73",0.0069,0.0031,780.49695
165.10001,5.51043,"14,847.88",0.00691,0.00338,780.39954
165.2,5.51379,"14,846.90",0.00689,0.00361,780.34784
165.3,5.51723,"14,847.37",0.00692,0.0035,780.37274
165.39999,5.52044,"14,847.10",0.00691,0.00328,780.35870
165.5,5.5238,"14,846.37",0.00693,0.00315,780.32007
165.60001,5.52717,"14,845.73",0.00692,0.003,780.28638
165.7,5.53045,"14,844.41",0.00692,0.00287,780.21710
165.8,5.53374,"14,842.73",0.00692,0.0027,780.12860
165.89999,5.53718,"14,843.23",0.00693,0.00275,780.15485
166,5.54047,"14,842.56",0.0069,0.00279,780.12000
166.10001,5.54376,"14,838.21",0.00688,0.00295,779.89142
166.2,5.5472,"14,839.07",0.00688,0.00283,779.93634
166.3,5.55048,"14,837.22",0.0069,0.00246,779.83893
166.39999,5.55377,"14,835.21",0.0069,0.00228,779.73334
166.5,5.55714,"14,833.65",0.00687,0.00288,779.65137
166.60001,5.56057,"14,832.60",0.00688,0.00322,779.59637
166.7,5.56379,"14,831.62",0.0069,0.00363,779.54480
166.8,5.56715,"14,830.24",0.0069,0.00354,779.47229
166.89999,5.57044,"14,828.53",0.00688,0.00339,779.38226
167,5.57373,"14,826.35",0.00689,0.00314,779.26782
167.10001,5.57709,"14,824.51",0.00689,0.00306,779.17126
167.2,5.58053,"14,825.04",0.00689,0.00295,779.19897
167.3,5.58382,"14,825.04",0.00688,0.0028,779.19916
167.39999,5.58711,"14,819.65",0.00687,0.00266,778.91559
167.5,5.59047,"14,819.62",0.00684,0.00269,778.91425
167.60001,5.59383,"14,819.71",0.00682,0.00302,778.91913
167.7,5.59697,"14,816.75",0.00683,0.00292,778.76324
167.8,5.60041,"14,817.61",0.00685,0.00264,778.80841
167.89999,5.60385,"14,816.78",0.00687,0.0024,778.76471
168,5.60706,"14,816.37",0.00687,0.00244,778.74353
168.10001,5.6105,"14,814.94",0.00686,0.00309,778.66821
168.2,5.61394,"14,814.98",0.00688,0.0035,778.67017
168.3,5.617,"14,811.77",0.00687,0.00359,778.50165
168.39999,5.62044,"14,811.02",0.0069,0.00341,778.46216
168.5,5.62388,"14,810.27",0.00689,0.00316,778.42242
168.60001,5.62709,"14,809.73",0.00691,0.00313,778.39429
168.7,5.63045,"14,807.50",0.0069,0.00298,778.27734
168.8,5.63389,"14,806.63",0.00689,0.00285,778.23126
168.89999,5.63718,"14,806.76",0.00689,0.00262,778.23834
169,5.64039,"14,803.71",0.00687,0.00276,778.07794
169.10001,5.64376,"14,802.17",0.00682,0.00281,777.99713
169.2,5.64727,"14,802.57",0.00686,0.0029,778.01801
169.3,5.65033,"14,799.43",0.00684,0.00273,777.85315
169.39999,5.65385,"14,798.60",0.00686,0.00239,777.80933
169.5,5.65728,"14,798.07",0.00685,0.00248,777.78162
169.60001,5.66035,"14,794.23",0.00686,0.00317,777.57983
169.7,5.66379,"14,791.65",0.00684,0.00334,777.44427
169.8,5.66715,"14,791.01",0.00686,0.0036,777.41046
169.89999,5.67036,"14,789.35",0.00684,0.00354,777.32318
170,5.6738,"14,786.67",0.00687,0.00331,777.18225
170.10001,5.67716,"14,785.58",0.00688,0.00314,777.12500
170.2,5.68053,"14,785.48",0.00689,0.00296,777.11987
170.3,5.68374,"14,782.11",0.00687,0.00288,776.94281
170.39999,5.6871,"14,781.01",0.00691,0.00273,776.88495
170.5,5.69054,"14,780.70",0.00689,0.00281,776.86823
170.60001,5.69368,"14,777.40",0.00685,0.00274,776.69489
170.7,5.69719,"14,777.35",0.00687,0.00303,776.69263
170.8,5.70063,"14,776.73",0.00684,0.00276,776.65973
170.89999,5.7037,"14,773.50",0.00687,0.00244,776.49011
171,5.70721,"14,772.09",0.00683,0.0024,776.41589
171.10001,5.71057,"14,771.90",0.00685,0.00295,776.40588
171.2,5.71371,"14,769.84",0.00686,0.00329,776.29767
171.3,5.71715,"14,768.85",0.00684,0.00359,776.24579
171.39999,5.72051,"14,767.92",0.00684,0.00347,776.19696
171.5,5.72387,"14,767.84",0.00682,0.00335,776.19250
171.60001,5.72709,"14,764.88",0.00684,0.00318,776.03723
171.7,5.73053,"14,764.63",0.00684,0.00314,776.02393
171.8,5.73389,"14,764.23",0.00684,0.00291,776.00281
171.89999,5.73695,"14,759.81",0.00686,0.00281,775.77057
172,5.74047,"14,761.40",0.00686,0.00269,775.85394
172.10001,5.7439,"14,761.70",0.00682,0.00285,775.86987
172.2,5.74704,"14,759.26",0.00681,0.00283,775.74158
172.3,5.75056,"14,759.39",0.00682,0.00293,775.74860
172.39999,5.75392,"14,756.71",0.00684,0.00252,775.60736
172.5,5.75706,"14,756.56",0.0068,0.00243,775.59961
172.60001,5.7605,"14,756.33",0.00683,0.00241,775.58740
172.7,5.76386,"14,755.52",0.00681,0.00322,775.54492
172.8,5.76715,"14,754.77",0.00682,0.00344,775.50568
172.89999,5.77044,"14,753.91",0.00683,0.00366,775.46051
173,5.77387,"14,754.91",0.00684,0.00356,775.51312
173.10001,5.77724,"14,755.88",0.00684,0.00322,775.56372
173.2,5.78038,"14,752.27",0.00684,0.00305,775.37439
173.3,5.78381,"14,753.34",0.00687,0.00299,775.43054
173.39999,5.78718,"14,754.05",0.00684,0.00289,775.46777
173.5,5.79032,"14,751.28",0.00684,0.00276,775.32233
173.60001,5.7939,"14,752.71",0.00687,0.00281,775.39752
173.7,5.79719,"14,750.88",0.00682,0.00283,775.30133
173.8,5.80041,"14,750.62",0.00683,0.00299,775.28723
173.89999,5.80384,"14,750.01",0.00682,0.00275,775.25568
174,5.80713,"14,750.33",0.00681,0.00252,775.27209
174.10001,5.81042,"14,749.32",0.00682,0.00239,775.21893
174.2,5.81371,"14,747.02",0.00683,0.00305,775.09839
174.3,5.81715,"14,747.94",0.00681,0.00331,775.14679
174.39999,5.82051,"14,748.78",0.00682,0.00365,775.19080
174.5,5.82372,"14,745.98",0.00683,0.00357,775.04376
174.60001,5.82716,"14,746.53",0.00683,0.00349,775.07233
174.7,5.83045,"14,746.67",0.00685,0.00324,775.07983
174.8,5.83366,"14,744.07",0.00683,0.00309,774.94318
174.89999,5.83718,"14,746.08",0.0068,0.00296,775.04901
175,5.84054,"14,744.41",0.00686,0.00272,774.96118
175.10001,5.84375,"14,742.12",0.00684,0.00281,774.84070
175.2,5.84719,"14,742.41",0.00682,0.00274,774.85596
175.3,5.85055,"14,741.59",0.0068,0.00298,774.81299
175.39999,5.85377,"14,740.77",0.00679,0.00289,774.76971
175.5,5.85706,"14,737.77",0.00679,0.00269,774.61188
175.60001,5.86049,"14,737.69",0.00681,0.0024,774.60773
175.7,5.86378,"14,737.56",0.00683,0.0026,774.60089
175.8,5.86707,"14,735.93",0.00682,0.00315,774.51526
175.89999,5.87051,"14,735.73",0.00685,0.00352,774.50507
176,5.87387,"14,733.76",0.00679,0.00369,774.40149
176.10001,5.87709,"14,731.49",0.0068,0.00354,774.28192
176.2,5.88045,"14,731.54",0.00682,0.00322,774.28479
176.3,5.88381,"14,729.77",0.00683,0.00314,774.19147
176.39999,5.88702,"14,727.15",0.00683,0.00302,774.05414
176.5,5.89046,"14,727.49",0.00687,0.00294,774.07178
176.60001,5.8939,"14,727.41",0.00684,0.0028,774.06744
176.7,5.89711,"14,725.15",0.00683,0.00281,773.94855
176.8,5.9004,"14,722.62",0.0068,0.0029,773.81598
176.89999,5.90384,"14,721.96",0.00676,0.00297,773.78088
177,5.90705,"14,721.32",0.00677,0.00287,773.74731
177.10001,5.91042,"14,718.91",0.00678,0.00251,773.62067
177.2,5.91386,"14,720.20",0.00682,0.00245,773.68854
177.3,5.91714,"14,718.74",0.00681,0.00303,773.61188
177.39999,5.92043,"14,716.96",0.00681,0.00332,773.51813
177.5,5.92387,"14,718.77",0.00681,0.00371,773.61353
177.60001,5.92723,"14,717.85",0.0068,0.00362,773.56537
177.7,5.93045,"14,715.05",0.00682,0.00334,773.41797
177.8,5.93381,"14,715.50",0.00686,0.00318,773.44177
177.89999,5.93732,"14,716.01",0.00682,0.00308,773.46863
178,5.94039,"14,714.05",0.00679,0.003,773.36517
178.10001,5.94382,"14,712.43",0.00681,0.00285,773.28046
178.2,5.94719,"14,711.58",0.00685,0.00283,773.23566
178.3,5.9504,"14,710.90",0.0068,0.00286,773.19989
178.39999,5.95376,"14,709.05",0.00677,0.00297,773.10266
178.5,5.9572,"14,709.20",0.00675,0.00295,773.11047
178.60001,5.96042,"14,708.69",0.00676,0.00265,773.08386
178.7,5.96378,"14,706.58",0.0068,0.00238,772.97260
178.8,5.96714,"14,707.75",0.00681,0.00292,773.03436
178.89999,5.97058,"14,707.86",0.00678,0.00312,773.03992
179,5.97372,"14,704.91",0.00679,0.00346,772.88489
179.10001,5.97708,"14,704.63",0.00678,0.00364,772.87000
179.2,5.98052,"14,705.60",0.00683,0.00351,772.92108
179.3,5.98366,"14,704.40",0.00681,0.00322,772.85840
179.39999,5.98717,"14,704.62",0.00684,0.00313,772.86969
179.5,5.99061,"14,705.61",0.00682,0.00296,772.92163
179.60001,5.99375,"14,704.08",0.0068,0.00292,772.84161
179.7,5.99719,"14,703.51",0.00682,0.00277,772.81128
179.8,6.00055,"14,704.55",0.00678,0.0028,772.86603
179.89999,6.00376,"14,704.14",0.00675,0.00279,772.84454
180,6.00713,"14,702.03",0.00677,0.00299,772.73376
180.10001,6.01049,"14,703.71",0.00678,0.00281,772.82172
180.2,6.01385,"14,705.00",0.00681,0.00258,772.88947
180.3,6.01707,"14,702.71",0.00678,0.00244,772.76941
180.39999,6.02043,"14,702.36",0.00678,0.00301,772.75073
180.5,6.02387,"14,703.43",0.00684,0.00321,772.80725
180.60001,6.02693,"14,702.35",0.00682,0.00369,772.75037
180.7,6.03052,"14,702.64",0.00681,0.00356,772.76593
180.8,6.03388,"14,703.92",0.00682,0.00333,772.83276
180.89999,6.03702,"14,700.71",0.0068,0.00322,772.66443
181,6.04053,"14,702.64",0.00681,0.00313,772.76575
181.10001,6.0439,"14,702.10",0.00681,0.003,772.73755
181.2,6.04711,"14,701.90",0.00682,0.00284,772.72675
181.3,6.05047,"14,699.53",0.00678,0.00282,772.60236
181.39999,6.05384,"14,698.38",0.00678,0.00279,772.54163
181.5,6.0572,"14,700.15",0.00678,0.00298,772.63483
181.60001,6.06041,"14,697.43",0.00675,0.00298,772.49207
181.7,6.06385,"14,697.14",0.00678,0.00278,772.47638
181.8,6.06722,"14,697.41",0.0068,0.00248,772.49072
181.89999,6.07028,"14,693.78",0.00676,0.00262,772.30005
182,6.07379,"14,694.59",0.00677,0.00321,772.34247
182.10001,6.07723,"14,694.83",0.00679,0.00339,772.35510
182.2,6.08037,"14,692.29",0.00676,0.00366,772.22162
182.3,6.08388,"14,693.35",0.0068,0.00352,772.27747
182.39999,6.08725,"14,692.30",0.0068,0.00323,772.22247
182.5,6.09038,"14,691.59",0.0068,0.00319,772.18494
182.60001,6.09375,"14,688.92",0.00679,0.00304,772.04431
182.7,6.09711,"14,687.03",0.00679,0.00296,771.94507
182.8,6.1004,"14,688.35",0.0068,0.00282,772.01471
182.89999,6.10369,"14,686.08",0.00678,0.00277,771.89557
183,6.1072,"14,686.22",0.00678,0.00276,771.90253
183.10001,6.11056,"14,685.26",0.00676,0.00302,771.85217
183.2,6.1137,"14,681.97",0.00677,0.00296,771.67944
183.3,6.11714,"14,682.77",0.00678,0.00264,771.72107
183.39999,6.1205,"14,682.30",0.00677,0.00246,771.69684
183.5,6.12372,"14,679.02",0.00679,0.00259,771.52441
183.60001,6.12715,"14,679.32",0.00678,0.00331,771.54004
183.7,6.13052,"14,678.67",0.00676,0.00367,771.50604
183.8,6.13381,"14,677.84",0.00676,0.00363,771.46210
183.89999,6.13724,"14,676.50",0.00679,0.0034,771.39160
184,6.14046,"14,673.49",0.00676,0.00321,771.23370
184.10001,6.14375,"14,673.82",0.00677,0.00311,771.25079
184.2,6.14703,"14,671.34",0.00678,0.00299,771.12079
184.3,6.15047,"14,671.47",0.00675,0.00282,771.12762
184.39999,6.15384,"14,670.72",0.00675,0.00252,771.08789
184.5,6.15705,"14,668.52",0.00676,0.00283,770.97211
184.60001,6.16056,"14,669.29",0.00676,0.00291,771.01282
184.7,6.16385,"14,668.07",0.00677,0.00296,770.94861
184.8,6.16706,"14,665.83",0.00675,0.00283,770.83112
184.89999,6.17043,"14,665.77",0.00675,0.0025,770.82758
185,6.17379,"14,665.61",0.00676,0.00243,770.81921
185.10001,6.17708,"14,665.49",0.00677,0.00321,770.81329
185.2,6.18052,"14,665.06",0.00672,0.00333,770.79059
185.3,6.18388,"14,665.03",0.00677,0.0037,770.78882
185.39999,6.18709,"14,665.36",0.00679,0.00344,770.80627
185.5,6.19038,"14,664.69",0.00675,0.00334,770.77130
185.60001,6.19382,"14,664.83",0.00675,0.00317,770.77850
185.7,6.19711,"14,666.08",0.0068,0.00311,770.84424
185.8,6.2004,"14,664.65",0.00677,0.00294,770.76917
185.89999,6.20391,"14,666.60",0.0068,0.00281,770.87122
186,6.2072,"14,667.23",0.00678,0.00278,770.90442
186.10001,6.21041,"14,665.82",0.00675,0.00276,770.83020
186.2,6.21377,"14,666.58",0.0067,0.00305,770.87042
186.3,6.21714,"14,667.08",0.00673,0.00293,770.89679
186.39999,6.22035,"14,666.94",0.00675,0.00273,770.88916
186.5,6.22379,"14,668.25",0.00678,0.00245,770.95801
186.60001,6.22723,"14,669.47",0.00675,0.0029,771.02216
186.7,6.23044,"14,668.71",0.00672,0.00325,770.98242
186.8,6.2338,"14,668.46",0.00672,0.00365,770.96912
186.89999,6.23717,"14,670.25",0.00678,0.00368,771.06348
187,6.24038,"14,670.00",0.0068,0.00357,771.04993
187.10001,6.24374,"14,669.41",0.00675,0.00324,771.01910
187.2,6.24718,"14,670.33",0.00673,0.0032,771.06732
187.3,6.25055,"14,671.72",0.00675,0.00296,771.14075
187.39999,6.25376,"14,669.15",0.00678,0.00289,771.00549
187.5,6.2572,"14,671.00",0.00681,0.0028,771.10266
187.60001,6.26056,"14,670.49",0.00679,0.00289,771.07599
187.7,6.2637,"14,670.65",0.00672,0.00278,771.08417
187.8,6.26706,"14,671.45",0.00673,0.003,771.12646
187.89999,6.27057,"14,672.94",0.00673,0.00296,771.20490
188,6.27371,"14,672.00",0.00676,0.00255,771.15533
188.10001,6.27715,"14,671.63",0.00681,0.00241,771.13568
188.2,6.28059,"14,673.89",0.00679,0.00303,771.25452
188.3,6.28373,"14,674.34",0.00678,0.00334,771.27808
188.39999,6.28709,"14,673.16",0.00676,0.0036,771.21606
188.5,6.29045,"14,674.96",0.00681,0.00363,771.31110
188.60001,6.29382,"14,676.59",0.00677,0.00335,771.39630
188.7,6.29711,"14,676.64",0.00675,0.0033,771.39911
188.8,6.30047,"14,677.76",0.00676,0.00318,771.45782
188.89999,6.30391,"14,679.82",0.00676,0.00302,771.56635
189,6.30705,"14,678.86",0.00677,0.0029,771.51562
189.10001,6.31041,"14,679.96",0.00679,0.0028,771.57355
189.2,6.31385,"14,682.98",0.00679,0.0028,771.73236
189.3,6.31699,"14,683.48",0.00675,0.00275,771.75867
189.39999,6.3205,"14,684.39",0.00678,0.00302,771.80634
189.5,6.32394,"14,687.95",0.00672,0.00297,771.99377
189.60001,6.32708,"14,688.67",0.00677,0.00262,772.03119
189.7,6.33044,"14,689.95",0.00675,0.00255,772.09882
189.8,6.3338,"14,691.68",0.00674,0.00287,772.18976
189.89999,6.33709,"14,692.42",0.00675,0.00326,772.22839
190,6.34045,"14,694.66",0.00676,0.00362,772.34637
190.10001,6.34382,"14,697.76",0.00677,0.00364,772.50897
190.2,6.34725,"14,699.37",0.00676,0.00335,772.59357
190.3,6.35039,"14,698.10",0.00678,0.0033,772.52692
190.39999,6.35383,"14,700.22",0.00677,0.00318,772.63855
190.5,6.35719,"14,702.72",0.00677,0.00306,772.76996
190.60001,6.36033,"14,701.28",0.00677,0.0029,772.69440
190.7,6.36385,"14,703.45",0.00676,0.00269,772.80835
190.8,6.36728,"14,706.38",0.00674,0.00267,772.96222
190.89999,6.37035,"14,706.45",0.00674,0.00285,772.96582
191,6.37394,"14,708.48",0.00676,0.003,773.07257
191.10001,6.37722,"14,709.95",0.00675,0.00289,773.14984
191.2,6.38036,"14,709.55",0.00677,0.00255,773.12903
191.3,6.38373,"14,711.13",0.00674,0.00249,773.21191
191.39999,6.38709,"14,714.39",0.00675,0.00303,773.38306
191.5,6.39045,"14,717.24",0.00677,0.00332,773.53308
191.60001,6.39374,"14,716.36",0.00679,0.00373,773.48657
191.7,6.39718,"14,718.01",0.00675,0.00365,773.57367
191.8,6.40062,"14,721.29",0.0068,0.00338,773.74585
191.89999,6.40368,"14,720.64",0.00678,0.00328,773.71179
192,6.40712,"14,722.92",0.00679,0.00315,773.83167
192.10001,6.41056,"14,723.18",0.00676,0.00305,773.84515
192.2,6.4137,"14,723.64",0.00679,0.00285,773.86945
192.3,6.41728,"14,726.47",0.00678,0.00277,774.01837
192.39999,6.4205,"14,726.63",0.00678,0.00282,774.02643
192.5,6.42379,"14,725.52",0.00675,0.00288,773.96851
192.60001,6.42715,"14,725.96",0.00675,0.00301,773.99146
192.7,6.43044,"14,727.45",0.00675,0.0029,774.06958
192.8,6.4338,"14,727.93",0.00675,0.00258,774.09503
192.89999,6.43701,"14,726.08",0.00675,0.00244,773.99786
193,6.44045,"14,727.34",0.00678,0.00318,774.06378
193.10001,6.44389,"14,728.80",0.00679,0.00325,774.14062
193.2,6.44703,"14,725.99",0.00678,0.00366,773.99292
193.3,6.45047,"14,726.71",0.00677,0.00358,774.03064
193.39999,6.45383,"14,725.16",0.00678,0.00337,773.94916
193.5,6.45704,"14,723.37",0.00677,0.00317,773.85498
193.60001,6.46048,"14,725.42",0.00678,0.00314,773.96307
193.7,6.46384,"14,724.00",0.00676,0.00292,773.88849
193.8,6.46713,"14,722.67",0.00678,0.00281,773.81818
193.89999,6.4705,"14,721.56",0.00678,0.00257,773.76019
194,6.47386,"14,721.33",0.00674,0.00279,773.74792
194.10001,6.47715,"14,721.50",0.00671,0.00288,773.75720
194.2,6.48036,"14,718.29",0.00676,0.00295,773.58826
194.3,6.4838,"14,718.22",0.00675,0.00267,773.58478
194.39999,6.48716,"14,718.24",0.00673,0.00245,773.58582
194.5,6.49038,"14,716.38",0.00674,0.00262,773.48792
194.60001,6.49389,"14,715.83",0.00677,0.00315,773.45917
194.7,6.49725,"14,715.33",0.00679,0.00332,773.43250
194.8,6.50039,"14,712.64",0.00678,0.00359,773.29144
194.89999,6.50375,"14,713.00",0.00676,0.00349,773.31012
195,6.50712,"14,712.04",0.00673,0.00323,773.25989
195.10001,6.51041,"14,710.29",0.00678,0.00312,773.16754
195.2,6.51377,"14,708.72",0.00676,0.00301,773.08521
195.3,6.51721,"14,706.98",0.00675,0.00283,772.99359
195.39999,6.52049,"14,707.41",0.00675,0.00269,773.01636
195.5,6.52371,"14,703.26",0.00673,0.00249,772.79852
195.60001,6.52715,"14,702.86",0.00673,0.00285,772.77722
195.7,6.53043,"14,700.91",0.00672,0.00293,772.67474
195.8,6.53372,"14,697.74",0.0067,0.00282,772.50824
195.89999,6.53724,"14,698.05",0.00672,0.0025,772.52429
196,6.54052,"14,696.99",0.00671,0.00248,772.46863
196.10001,6.54374,"14,692.48",0.00676,0.00303,772.23163
196.2,6.5471,"14,691.25",0.00672,0.00335,772.16675
196.3,6.55054,"14,690.34",0.00675,0.00366,772.11938
196.39999,6.55368,"14,687.70",0.00674,0.00353,771.98029
196.5,6.55712,"14,685.69",0.00675,0.0033,771.87482
196.60001,6.56063,"14,683.96",0.00673,0.00317,771.78400
196.7,6.56377,"14,682.39",0.00676,0.00303,771.70135
196.8,6.56713,"14,679.20",0.00676,0.00284,771.53345
196.89999,6.57057,"14,678.49",0.00676,0.00278,771.49640
197,6.57371,"14,675.65",0.00675,0.00256,771.34705
197.10001,6.57707,"14,672.20",0.00669,0.00278,771.16565
197.2,6.58058,"14,673.17",0.00672,0.00298,771.21667
197.3,6.58387,"14,671.99",0.00672,0.00281,771.15472
197.39999,6.58709,"14,668.14",0.00669,0.00257,770.95239
197.5,6.59052,"14,666.76",0.00668,0.00238,770.87976
197.60001,6.59389,"14,665.55",0.0067,0.00277,770.81604
197.7,6.59703,"14,661.58",0.00673,0.00324,770.60785
197.8,6.60046,"14,659.43",0.00673,0.00368,770.49475
197.89999,6.6039,"14,659.08",0.00671,0.00356,770.47595
198,6.60704,"14,656.60",0.00668,0.00343,770.34576
198.10001,6.61048,"14,654.43",0.00672,0.00317,770.23193
198.2,6.61399,"14,654.96",0.00675,0.00306,770.25964
198.3,6.61706,"14,651.15",0.00674,0.00295,770.05951
198.39999,6.62042,"14,647.95",0.00673,0.00278,769.89105
198.5,6.62378,"14,649.36",0.00667,0.00261,769.96533
198.60001,6.62714,"14,647.08",0.00666,0.00273,769.84540
198.7,6.63043,"14,644.44",0.00673,0.00287,769.70679
198.8,6.63387,"14,643.79",0.00671,0.00287,769.67273
198.89999,6.63723,"14,643.22",0.00668,0.00262,769.64240
199,6.64045,"14,640.15",0.00668,0.00244,769.48145
199.10001,6.64381,"14,639.51",0.00671,0.00269,769.44781
199.2,6.64725,"14,638.99",0.00672,0.00317,769.42004
199.3,6.65031,"14,634.82",0.0067,0.00349,769.20093
199.39999,6.65383,"14,636.05",0.00673,0.00358,769.26599
199.5,6.65726,"14,636.55",0.00671,0.00347,769.29199
199.60001,6.6604,"14,633.96",0.00671,0.0033,769.15607
199.7,6.66384,"14,632.42",0.00674,0.00307,769.07477
199.8,6.66713,"14,632.18",0.00672,0.00298,769.06238
199.89999,6.67042,"14,632.16",0.00673,0.00281,769.06140
200,6.67378,"14,630.17",0.00674,0.0028,768.95697
200.10001,6.67707,"14,629.84",0.00669,0.00278,768.93951
200.2,6.68051,"14,629.88",0.00668,0.00288,768.94165
200.3,6.68372,"14,628.56",0.00668,0.00298,768.87207
200.39999,6.68716,"14,628.72",0.00671,0.00281,768.88049
200.5,6.6906,"14,629.49",0.00669,0.00251,768.92084
200.60001,6.69359,"14,625.68",0.00668,0.00245,768.72058
200.7,6.69717,"14,626.26",0.00671,0.00302,768.75134
200.8,6.70054,"14,626.60",0.0067,0.00328,768.76917
200.89999,6.70375,"14,625.05",0.00671,0.00354,768.68781
201,6.70726,"14,623.89",0.00672,0.0035,768.62665
201.10001,6.71055,"14,623.39",0.0067,0.00341,768.60010
201.2,6.71376,"14,623.47",0.00668,0.00319,768.60431
201.3,6.71713,"14,622.26",0.00672,0.00309,768.54120
201.39999,6.72042,"14,621.84",0.00673,0.00295,768.51898
201.5,6.72378,"14,621.23",0.0067,0.00284,768.48669
201.60001,6.72699,"14,620.08",0.0067,0.00258,768.42633
201.7,6.73051,"14,621.03",0.00668,0.00275,768.47607
201.8,6.73387,"14,621.04",0.00668,0.00295,768.47681
201.89999,6.73708,"14,618.69",0.00672,0.00293,768.35339
202,6.74052,"14,619.01",0.00674,0.00265,768.37018
202.10001,6.74381,"14,619.04",0.00669,0.00244,768.37183
202.2,6.74702,"14,616.91",0.00669,0.00247,768.25970
202.3,6.75054,"14,616.92",0.00669,0.00317,768.26044
202.39999,6.75382,"14,614.98",0.0067,0.00347,768.15857
202.5,6.75719,"14,614.21",0.00669,0.00364,768.11768
202.60001,6.76048,"14,612.98",0.0067,0.00354,768.05304
202.7,6.76376,"14,611.88",0.00673,0.0032,767.99512
202.8,6.76713,"14,610.71",0.00672,0.00323,767.93378
202.89999,6.77034,"14,608.83",0.00671,0.00309,767.83521
203,6.77385,"14,609.92",0.00665,0.00287,767.89258
203.10001,6.77722,"14,610.74",0.00672,0.00273,767.93524
203.2,6.78043,"14,608.52",0.00671,0.00283,767.81873
203.3,6.78387,"14,607.41",0.00671,0.0028,767.76031
203.39999,6.78723,"14,607.05",0.00668,0.00304,767.74170
203.5,6.79037,"14,606.03",0.00668,0.00293,767.68768
203.60001,6.79381,"14,606.04",0.00669,0.00254,767.68817
203.7,6.79717,"14,604.69",0.00671,0.00244,767.61731
203.8,6.80053,"14,605.50",0.0067,0.00309,767.65991
203.89999,6.80382,"14,603.91",0.00672,0.00326,767.57666
204,6.80726,"14,603.65",0.00669,0.00376,767.56268
204.10001,6.81047,"14,603.73",0.00673,0.00362,767.56708
204.2,6.81369,"14,600.39",0.0067,0.00346,767.39148
204.3,6.81713,"14,602.09",0.0067,0.00326,767.48071
204.39999,6.82049,"14,603.51",0.00668,0.00319,767.55524
204.5,6.82378,"14,600.56",0.00671,0.00307,767.40045
204.60001,6.82721,"14,600.90",0.00668,0.00287,767.41852
204.7,6.83058,"14,600.73",0.0067,0.00279,767.40924
204.8,6.83372,"14,598.05",0.00667,0.00262,767.26855
204.89999,6.83708,"14,598.73",0.00668,0.00276,767.30414
205,6.84044,"14,597.58",0.00666,0.00298,767.24353
205.10001,6.84373,"14,597.29",0.00665,0.00297,767.22833
205.2,6.8471,"14,597.04",0.00667,0.00252,767.21552
205.3,6.85053,"14,597.40",0.00669,0.00243,767.23444
205.39999,6.85382,"14,597.58",0.00669,0.00326,767.24359
205.5,6.85711,"14,594.76",0.00668,0.0034,767.09546
205.60001,6.86055,"14,596.63",0.00668,0.00372,767.19391
205.7,6.86376,"14,596.04",0.00668,0.00361,767.16302
205.8,6.86705,"14,594.91",0.0067,0.00342,767.10321
205.89999,6.87056,"14,596.59",0.00668,0.00328,767.19196
206,6.87393,"14,595.95",0.0067,0.00305,767.15784
206.10001,6.87706,"14,594.92",0.0067,0.00298,767.10388
206.2,6.8805,"14,595.67",0.00674,0.00286,767.14325
206.3,6.88387,"14,595.71",0.00671,0.00295,767.14520
206.39999,6.887,"14,594.12",0.0067,0.00286,767.06177
206.5,6.89044,"14,594.49",0.00667,0.00302,767.08130
206.60001,6.89388,"14,595.75",0.00666,0.00302,767.14758
206.7,6.89709,"14,594.87",0.00668,0.0028,767.10156
206.8,6.90046,"14,594.44",0.00668,0.00254,767.07861
206.89999,6.9039,"14,595.06",0.00669,0.00269,767.11127
207,6.90711,"14,594.72",0.00671,0.00325,767.09369
207.10001,6.9104,"14,593.02",0.00666,0.00359,767.00433
207.2,6.91384,"14,594.46",0.00671,0.00366,767.07983
207.3,6.91712,"14,593.51",0.00668,0.00361,767.02979
207.39999,6.92041,"14,592.19",0.00668,0.0033,766.96063
207.5,6.92385,"14,593.25",0.0067,0.00321,767.01617
207.60001,6.92729,"14,593.82",0.00667,0.00303,767.04620
207.7,6.93035,"14,591.06",0.00668,0.0029,766.90088
207.8,6.93372,"14,589.90",0.00668,0.00288,766.83990
207.89999,6.93723,"14,591.25",0.00669,0.00258,766.91113
208,6.94037,"14,589.84",0.00666,0.00283,766.83698
208.10001,6.94388,"14,590.16",0.00665,0.0031,766.85358
208.2,6.94732,"14,590.30",0.00663,0.00294,766.86133
208.3,6.95038,"14,588.26",0.00667,0.00265,766.75397
208.39999,6.95382,"14,587.95",0.00668,0.00252,766.73749
208.5,6.95711,"14,588.00",0.00666,0.00294,766.74042
208.60001,6.96047,"14,586.44",0.00666,0.00334,766.65820
208.7,6.96369,"14,584.39",0.00668,0.00365,766.55035
208.8,6.96712,"14,586.03",0.00667,0.00364,766.63660
208.89999,6.97056,"14,585.49",0.00669,0.00347,766.60846
209,6.97377,"14,583.50",0.00667,0.00327,766.50391
209.10001,6.97714,"14,583.02",0.00667,0.00318,766.47858
209.2,6.9805,"14,582.98",0.00667,0.003,766.47662
209.3,6.98364,"14,580.67",0.00667,0.00294,766.35522
209.39999,6.98715,"14,581.63",0.00668,0.00284,766.40521
209.5,6.99059,"14,580.88",0.00665,0.00279,766.36597
209.60001,6.99373,"14,578.69",0.00666,0.00292,766.25116
209.7,6.99724,"14,579.10",0.00665,0.00307,766.27264
209.8,7.00053,"14,578.61",0.00662,0.00286,766.24670
209.89999,7.00382,"14,577.88",0.00664,0.00252,766.20862
210,7.00711,"14,575.43",0.00667,0.00253,766.07971
210.10001,7.0104,"14,575.12",0.00664,0.00328,766.06311
210.2,7.01383,"14,575.94",0.00665,0.0035,766.10657
210.3,7.01705,"14,574.46",0.00663,0.00376,766.02832
210.39999,7.02048,"14,574.75",0.00667,0.00359,766.04370
210.5,7.02385,"14,573.46",0.00663,0.00333,765.97595
210.60001,7.02699,"14,572.40",0.00666,0.00329,765.92053
210.7,7.0305,"14,572.78",0.00666,0.00314,765.94049
210.8,7.03386,"14,571.67",0.00669,0.00301,765.88196
210.89999,7.03708,"14,570.40",0.00666,0.00279,765.81525
211,7.04051,"14,571.40",0.00663,0.00281,765.86798
211.10001,7.0438,"14,570.93",0.00663,0.00288,765.84314
211.2,7.04717,"14,571.60",0.00664,0.00308,765.87817
211.3,7.05045,"14,569.70",0.00666,0.00301,765.77856
211.39999,7.05374,"14,568.16",0.00666,0.0027,765.69763
211.5,7.05718,"14,570.06",0.00664,0.00255,765.79755
211.60001,7.06039,"14,568.77",0.00663,0.00295,765.72949
211.7,7.06383,"14,569.49",0.00665,0.00336,765.76733
211.8,7.06727,"14,570.88",0.00665,0.00366,765.84015
211.89999,7.07041,"14,567.99",0.00666,0.00366,765.68842
212,7.07385,"14,570.92",0.00666,0.00355,765.84265
212.10001,7.07714,"14,571.48",0.00666,0.00331,765.87201
212.2,7.08035,"14,570.62",0.00665,0.0032,765.82684
212.3,7.08386,"14,571.54",0.00667,0.00311,765.87500
212.39999,7.08722,"14,572.73",0.00668,0.00298,765.93762
212.5,7.09051,"14,573.73",0.00668,0.00282,765.98999
212.60001,7.0938,"14,572.80",0.00665,0.00287,765.94159
212.7,7.09716,"14,572.60",0.00664,0.00287,765.93103
212.8,7.10053,"14,575.11",0.00665,0.00307,766.06262
212.89999,7.10367,"14,572.93",0.00665,0.00299,765.94843
213,7.10718,"14,574.84",0.00665,0.0026,766.04852
213.10001,7.11054,"14,575.79",0.00665,0.00252,766.09869
213.2,7.11368,"14,574.21",0.00665,0.00299,766.01526
213.3,7.11719,"14,577.91",0.00666,0.0034,766.20996
213.39999,7.12056,"14,577.29",0.00665,0.00378,766.17712
213.5,7.1237,"14,577.34",0.00665,0.0036,766.17981
213.60001,7.12713,"14,577.81",0.00664,0.00357,766.20490
213.7,7.1305,"14,577.84",0.00666,0.00325,766.20605
213.8,7.13379,"14,578.76",0.00667,0.00313,766.25446
213.89999,7.13715,"14,579.62",0.00671,0.00309,766.29987
214,7.14059,"14,580.43",0.00671,0.00296,766.34229
214.10001,7.1438,"14,580.13",0.00667,0.0028,766.32642
214.2,7.14701,"14,578.50",0.00664,0.00282,766.24091
214.3,7.15053,"14,580.97",0.00662,0.003,766.37097
214.39999,7.15382,"14,581.40",0.00665,0.003,766.39313
214.5,7.15703,"14,578.54",0.00664,0.00289,766.24298
214.60001,7.16054,"14,580.88",0.00667,0.00259,766.36597
214.7,7.16391,"14,583.03",0.00666,0.00253,766.47913
214.8,7.16704,"14,581.90",0.00666,0.00325,766.41962
214.89999,7.17048,"14,582.18",0.00666,0.00363,766.43439
215,7.17385,"14,581.90",0.00666,0.00371,766.41949
215.10001,7.17706,"14,581.74",0.00667,0.00365,766.41132
215.2,7.18042,"14,583.17",0.00666,0.0035,766.48645
215.3,7.18386,"14,584.12",0.00665,0.00328,766.53625
215.39999,7.18707,"14,584.89",0.00669,0.00313,766.57654
215.5,7.19036,"14,584.00",0.00668,0.00299,766.53003
215.60001,7.19387,"14,586.06",0.00669,0.00289,766.63824
215.7,7.19709,"14,587.99",0.00669,0.00279,766.73969
215.8,7.20038,"14,586.13",0.00669,0.00285,766.64215
215.89999,7.20381,"14,587.66",0.00665,0.00301,766.72247
216,7.20725,"14,589.98",0.00667,0.003,766.84454
216.10001,7.21047,"14,589.27",0.00669,0.00284,766.80725
216.2,7.21383,"14,590.75",0.00667,0.00253,766.88489
216.3,7.21727,"14,589.63",0.00667,0.00257,766.82605
216.39999,7.22033,"14,590.06",0.00667,0.00323,766.84851
216.5,7.22377,"14,590.87",0.00668,0.00359,766.89099
216.60001,7.22721,"14,592.40",0.00668,0.00378,766.97168
216.7,7.23042,"14,592.33",0.0067,0.00354,766.96802
216.8,7.23386,"14,590.20",0.00669,0.0033,766.85571
216.89999,7.2373,"14,594.11",0.00671,0.00321,767.06152
217,7.24036,"14,593.27",0.00672,0.00313,767.01709
217.10001,7.24372,"14,592.34",0.00667,0.00296,766.96832
217.2,7.24709,"14,593.78",0.0067,0.00285,767.04395
217.3,7.25045,"14,594.41",0.00669,0.00268,767.07715
217.39999,7.25374,"14,594.37",0.0067,0.00275,767.07495
217.5,7.25718,"14,596.66",0.00665,0.00296,767.19519
217.60001,7.26061,"14,597.43",0.00667,0.00294,767.23608
217.7,7.26368,"14,596.37",0.00667,0.00295,767.18005
217.8,7.26712,"14,598.28",0.00669,0.0026,767.28076
217.89999,7.27055,"14,600.56",0.0067,0.00293,767.40033
218,7.27369,"14,601.12",0.0067,0.00329,767.42963
218.10001,7.27713,"14,600.64",0.00668,0.00355,767.40466
218.2,7.28057,"14,603.34",0.00671,0.00369,767.54639
218.3,7.28378,"14,603.60",0.00673,0.00348,767.56024
218.39999,7.28722,"14,604.17",0.00672,0.00333,767.59033
218.5,7.29051,"14,605.33",0.00674,0.00324,767.65131
218.60001,7.2938,"14,606.54",0.00674,0.00312,767.71484
218.7,7.29716,"14,607.17",0.00674,0.00298,767.74792
218.8,7.30052,"14,609.75",0.00672,0.00278,767.88342
218.89999,7.30396,"14,611.25",0.00671,0.00263,767.96210
219,7.30703,"14,608.84",0.0067,0.00286,767.83539
219.10001,7.31046,"14,610.33",0.00675,0.00313,767.91412
219.2,7.31383,"14,612.46",0.00672,0.00296,768.02570
219.3,7.31697,"14,611.85",0.00672,0.00281,767.99365
219.39999,7.32048,"14,613.23",0.00673,0.00251,768.06610
219.5,7.32384,"14,614.16",0.00674,0.0032,768.11536
219.60001,7.32705,"14,614.08",0.00673,0.0034,768.11102
219.7,7.33057,"14,616.02",0.00676,0.00362,768.21320
219.8,7.33378,"14,616.04",0.00678,0.0037,768.21375
219.89999,7.33714,"14,615.43",0.00675,0.0035,768.18176
220,7.34043,"14,615.82",0.00674,0.00335,768.20264
220.10001,7.34372,"14,617.16",0.00672,0.00322,768.27289
220.2,7.34723,"14,619.31",0.00677,0.00312,768.38580
220.3,7.35037,"14,617.26",0.00675,0.00297,768.27838
220.39999,7.35381,"14,619.45",0.00674,0.00285,768.39337
220.5,7.35732,"14,621.49",0.00672,0.00278,768.50049
220.60001,7.36031,"14,620.97",0.00669,0.00288,768.47314
220.7,7.3639,"14,621.63",0.00671,0.0031,768.50763
220.8,7.36719,"14,621.78",0.00675,0.003,768.51550
220.89999,7.3704,"14,622.95",0.00673,0.0027,768.57709
221,7.37384,"14,624.28",0.00672,0.00255,768.64734
221.10001,7.3772,"14,624.73",0.00674,0.00322,768.67072
221.2,7.38049,"14,624.99",0.00673,0.00335,768.68457
221.3,7.38378,"14,624.42",0.00674,0.00374,768.65466
221.39999,7.38707,"14,624.96",0.00675,0.00367,768.68262
221.5,7.39051,"14,626.70",0.00674,0.00353,768.77429
221.60001,7.39365,"14,625.18",0.00674,0.00326,768.69427
221.7,7.39716,"14,626.52",0.00676,0.00319,768.76471
221.8,7.4006,"14,627.92",0.00675,0.00314,768.83856
221.89999,7.40366,"14,626.04",0.00676,0.00297,768.73950
222,7.40717,"14,627.80",0.00675,0.00284,768.83228
222.10001,7.41054,"14,627.61",0.00671,0.00265,768.82239
222.2,7.41375,"14,627.79",0.00672,0.00292,768.83173
222.3,7.41719,"14,628.55",0.00673,0.00304,768.87177
222.39999,7.42055,"14,628.86",0.00675,0.00299,768.88800
222.5,7.42384,"14,629.05",0.00674,0.00259,768.89801
222.60001,7.42713,"14,627.17",0.00671,0.00251,768.79883
222.7,7.43049,"14,628.37",0.00674,0.00327,768.86200
222.8,7.43385,"14,628.97",0.00674,0.00337,768.89355
222.89999,7.43699,"14,626.56",0.00675,0.00377,768.76678
223,7.44043,"14,625.87",0.00673,0.0037,768.73071
223.10001,7.44387,"14,626.46",0.00674,0.0034,768.76160
223.2,7.44708,"14,624.92",0.00672,0.00336,768.68054
223.3,7.4506,"14,626.27",0.00676,0.0032,768.75159
223.39999,7.45388,"14,625.33",0.0068,0.00307,768.70258
223.5,7.45702,"14,623.31",0.00676,0.00299,768.59613
223.60001,7.46046,"14,623.99",0.00675,0.00282,768.63165
223.7,7.46382,"14,625.08",0.00674,0.00293,768.68903
223.8,7.46711,"14,625.10",0.00672,0.00299,768.69006
223.89999,7.4704,"14,623.60",0.0067,0.00312,768.61127
224,7.47391,"14,626.46",0.00671,0.00289,768.76190
224.10001,7.47713,"14,626.63",0.00675,0.00252,768.77063
224.2,7.48034,"14,624.90",0.00672,0.00277,768.67975
224.3,7.48385,"14,627.18",0.00672,0.00334,768.79956
224.39999,7.48714,"14,627.53",0.00675,0.00342,768.81818
224.5,7.49036,"14,626.52",0.00675,0.00363,768.76483
224.60001,7.49387,"14,628.45",0.00677,0.00364,768.86627
224.7,7.49723,"14,628.40",0.00678,0.00347,768.86371
224.8,7.50037,"14,626.90",0.00675,0.00325,768.78485
224.89999,7.50381,"14,627.72",0.00676,0.00317,768.82770
225,7.50725,"14,629.12",0.00677,0.00304,768.90125
225.10001,7.51039,"14,627.81",0.00677,0.0029,768.83246
225.2,7.51382,"14,626.73",0.00675,0.00273,768.77576
225.3,7.51719,"14,628.20",0.00672,0.00295,768.85333
225.39999,7.52047,"14,628.80",0.00672,0.00317,768.88470
225.5,7.52376,"14,627.07",0.0067,0.00308,768.79364
225.60001,7.5272,"14,628.97",0.00677,0.00272,768.89380
225.7,7.53041,"14,629.49",0.00675,0.00256,768.92114
225.8,7.5337,"14,627.46",0.00675,0.00303,768.81439
225.89999,7.53722,"14,630.22",0.00674,0.00337,768.95917
226,7.54058,"14,630.27",0.00675,0.00351,768.96191
226.10001,7.54379,"14,629.38",0.00677,0.00373,768.91504
226.2,7.54716,"14,629.61",0.00676,0.00358,768.92725
226.3,7.55052,"14,631.15",0.00677,0.0034,769.00818
226.39999,7.55366,"14,630.87",0.00676,0.00329,768.99359
226.5,7.5571,"14,629.85",0.00678,0.00307,768.93964
226.60001,7.56053,"14,630.55",0.00673,0.00303,768.97681
226.7,7.56375,"14,630.29",0.00675,0.00285,768.96307
226.8,7.56711,"14,630.20",0.00674,0.00287,768.95844
226.89999,7.57062,"14,631.29",0.00679,0.00296,769.01550
227,7.57376,"14,630.67",0.00675,0.00312,768.98309
227.10001,7.57705,"14,629.11",0.00673,0.00304,768.90094
227.2,7.58049,"14,631.64",0.00674,0.0028,769.03412
227.3,7.58378,"14,631.99",0.00675,0.00251,769.05225
227.39999,7.58707,"14,630.98",0.00677,0.00293,768.99908
227.5,7.5905,"14,631.83",0.0068,0.00322,769.04388
227.60001,7.59394,"14,633.32",0.00678,0.00377,769.12225
227.7,7.59708,"14,632.22",0.00676,0.00369,769.06445
227.8,7.60052,"14,633.42",0.00675,0.00349,769.12732
227.89999,7.60381,"14,632.55",0.00672,0.00334,769.08179
228,7.60702,"14,633.18",0.00679,0.00324,769.11475
228.10001,7.61046,"14,633.29",0.0068,0.0031,769.12079
228.2,7.61382,"14,634.90",0.00677,0.00298,769.20526
228.3,7.61711,"14,634.51",0.00675,0.00285,769.18481
228.39999,7.62047,"14,633.23",0.00674,0.0029,769.11768
228.5,7.62376,"14,633.68",0.0068,0.00293,769.14130
228.60001,7.62712,"14,634.26",0.00681,0.00308,769.17145
228.7,7.63041,"14,633.71",0.00681,0.00305,769.14264
228.8,7.63378,"14,632.88",0.0068,0.0026,769.09918
228.89999,7.63721,"14,633.21",0.00679,0.00256,769.11633
229,7.64035,"14,632.75",0.00677,0.00314,769.09253
229.10001,7.64387,"14,633.82",0.00678,0.00338,769.14874
229.2,7.64723,"14,634.50",0.00675,0.00369,769.18439
229.3,7.65037,"14,631.89",0.00679,0.00364,769.04688
229.39999,7.6538,"14,631.32",0.0068,0.00327,769.01697
229.5,7.65717,"14,632.38",0.00676,0.00331,769.07269
229.60001,7.66046,"14,632.25",0.00675,0.00319,769.06610
229.7,7.66382,"14,630.66",0.00676,0.00306,768.98230
229.8,7.66718,"14,630.95",0.0068,0.00294,768.99762
229.89999,7.67055,"14,632.31",0.0068,0.00266,769.06927
230,7.67376,"14,631.42",0.00679,0.00289,769.02216
230.10001,7.67705,"14,630.95",0.00677,0.00309,768.99762
230.2,7.68056,"14,630.83",0.00679,0.00307,768.99152
230.3,7.6837,"14,629.36",0.00679,0.0029,768.91418
230.39999,7.68714,"14,629.83",0.00679,0.00254,768.93909
230.5,7.69058,"14,630.87",0.00677,0.00296,768.99335
230.60001,7.69364,"14,627.62",0.00676,0.00321,768.82263
230.7,7.69715,"14,627.76",0.00676,0.00343,768.83008
230.8,7.70052,"14,628.02",0.00676,0.00371,768.84393
230.89999,7.70373,"14,627.63",0.00676,0.0036,768.82336
231,7.70717,"14,626.49",0.00676,0.00337,768.76349
231.10001,7.71053,"14,626.21",0.00676,0.0032,768.74860
231.2,7.71382,"14,626.51",0.00681,0.00322,768.76434
231.3,7.71711,"14,624.97",0.00678,0.00306,768.68323
231.39999,7.72047,"14,625.52",0.00679,0.0029,768.71216
231.5,7.72383,"14,625.68",0.00673,0.00279,768.72076
231.60001,7.72697,"14,622.98",0.00678,0.0029,768.57886
231.7,7.73056,"14,625.17",0.00682,0.00318,768.69397
231.8,7.73392,"14,625.85",0.00683,0.00305,768.72974
231.89999,7.73706,"14,623.36",0.00675,0.00271,768.59851
232,7.74057,"14,624.68",0.00675,0.00255,768.66833
232.10001,7.74386,"14,624.86",0.00675,0.00295,768.67767
232.2,7.74708,"14,624.27",0.00674,0.00328,768.64661
232.3,7.75044,"14,624.57",0.00675,0.00356,768.66248
232.39999,7.75388,"14,623.65",0.00677,0.00368,768.61426
232.5,7.75717,"14,624.84",0.00676,0.00343,768.67639
232.60001,7.76046,"14,624.14",0.00677,0.00331,768.63965
232.7,7.76382,"14,625.09",0.00677,0.00324,768.68951
232.8,7.76718,"14,626.25",0.0068,0.0031,768.75043
232.89999,7.77025,"14,623.23",0.00679,0.00297,768.59192
233,7.77383,"14,626.02",0.00677,0.00279,768.73883
233.10001,7.7772,"14,628.48",0.0068,0.00288,768.86810
233.2,7.78041,"14,626.82",0.00673,0.00308,768.78040
233.3,7.78392,"14,628.53",0.00683,0.00314,768.87061
233.39999,7.78721,"14,630.40",0.00685,0.00303,768.96857
233.5,7.79042,"14,630.79",0.00682,0.00278,768.98956
233.60001,7.79379,"14,631.70",0.00682,0.0026,769.03705
233.7,7.79715,"14,633.15",0.00683,0.00325,769.11346
233.8,7.80044,"14,633.66",0.0068,0.00331,769.13989
233.89999,7.8038,"14,634.48",0.00681,0.00364,769.18317
234,7.80724,"14,637.68",0.00676,0.00371,769.35132
234.10001,7.81053,"14,639.17",0.00677,0.0034,769.42963
234.2,7.81374,"14,637.78",0.00681,0.00335,769.35651
234.3,7.81718,"14,639.16",0.00678,0.00322,769.42944
234.39999,7.82047,"14,641.20",0.00678,0.00308,769.53644
234.5,7.82368,"14,640.34",0.00681,0.00295,769.49103
234.60001,7.82719,"14,643.27",0.00676,0.00271,769.64514
234.7,7.83056,"14,643.26",0.00679,0.00289,769.64484
234.8,7.83377,"14,642.80",0.00681,0.00308,769.62030
234.89999,7.83713,"14,643.54",0.00684,0.00305,769.65930
235,7.8405,"14,644.44",0.00683,0.00296,769.70685
235.10001,7.84371,"14,644.93",0.00679,0.00264,769.73260
235.2,7.84707,"14,644.66",0.00676,0.00251,769.71851
235.3,7.85059,"14,648.11",0.00676,0.00322,769.89966
235.39999,7.85373,"14,648.32",0.00678,0.00331,769.91046
235.5,7.85709,"14,647.96",0.00681,0.00368,769.89160
235.60001,7.86053,"14,648.95",0.0068,0.00367,769.94354
235.7,7.86382,"14,650.11",0.00681,0.00347,770.00452
235.8,7.8671,"14,649.86",0.00681,0.00334,769.99158
235.89999,7.87054,"14,651.80",0.00684,0.00322,770.09351
236,7.87383,"14,651.70",0.00685,0.00314,770.08813
236.10001,7.87712,"14,651.83",0.00681,0.00288,770.09521
236.2,7.88048,"14,653.89",0.00681,0.00278,770.20331
236.3,7.88392,"14,655.60",0.00679,0.0029,770.29333
236.39999,7.88706,"14,655.03",0.0068,0.00293,770.26331
236.5,7.89042,"14,654.99",0.00685,0.00303,770.26111
236.60001,7.89386,"14,657.20",0.00683,0.00304,770.37714
236.7,7.89707,"14,657.91",0.00679,0.0026,770.41461
236.8,7.90051,"14,658.09",0.0068,0.00288,770.42419
236.89999,7.90387,"14,659.07",0.00683,0.00328,770.47540
237,7.90716,"14,658.92",0.00678,0.00349,770.46802
237.10001,7.91045,"14,659.33",0.00686,0.00366,770.48944
237.2,7.91374,"14,660.57",0.0068,0.00365,770.55457
237.3,7.9171,"14,661.41",0.00678,0.00336,770.59851
237.39999,7.92039,"14,661.06",0.0068,0.00331,770.58044
237.5,7.92375,"14,662.61",0.00685,0.00316,770.66162
237.60001,7.92727,"14,664.39",0.00684,0.00308,770.75525
237.7,7.93041,"14,664.51",0.00682,0.00296,770.76135
237.8,7.93377,"14,664.03",0.00683,0.00278,770.73615
237.89999,7.93721,"14,665.21",0.00685,0.00295,770.79865
238,7.94035,"14,666.17",0.0068,0.00312,770.84900
238.10001,7.94378,"14,665.95",0.00677,0.00312,770.83740
238.2,7.94722,"14,668.30",0.00686,0.00293,770.96057
238.3,7.95051,"14,667.86",0.0068,0.00259,770.93750
238.39999,7.9538,"14,667.92",0.00683,0.00282,770.94073
238.5,7.95716,"14,668.61",0.00681,0.00331,770.97705
238.60001,7.96053,"14,669.52",0.00679,0.0034,771.02515
238.7,7.96374,"14,667.58",0.00682,0.00372,770.92303
238.8,7.96703,"14,668.98",0.00682,0.00363,770.99640
238.89999,7.97061,"14,670.21",0.00681,0.00333,771.06122
239,7.97375,"14,670.31",0.00685,0.00327,771.06659
239.10001,7.97712,"14,671.28",0.00686,0.00311,771.11725
239.2,7.98055,"14,673.01",0.00684,0.00302,771.20831
239.3,7.98369,"14,672.23",0.00685,0.00281,771.16711
239.39999,7.98713,"14,674.12",0.0068,0.00264,771.26660
239.5,7.99049,"14,675.19",0.00683,0.00289,771.32318
239.60001,7.99371,"14,674.83",0.00682,0.00313,771.30383
239.7,7.99722,"14,676.03",0.00687,0.00306,771.36725
239.8,8.00051,"14,676.98",0.00684,0.00291,771.41681
239.89999,8.00387,"14,679.40",0.00687,0.00261,771.54419
240,8.00709,"14,677.94",0.00674,0.00298,771.46741
240.10001,8.01037,"14,679.42",0.00684,0.00325,771.54541
240.2,8.01389,"14,680.84",0.00682,0.00356,771.61981
240.3,8.01703,"14,681.05",0.00684,0.00366,771.63104
240.39999,8.02054,"14,683.07",0.00685,0.00337,771.73688
240.5,8.02398,"14,684.10",0.00676,0.00328,771.79126
240.60001,8.02704,"14,683.06",0.00686,0.00327,771.73676
240.7,8.03048,"14,684.88",0.00686,0.00313,771.83228
240.8,8.03384,"14,685.61",0.00687,0.00303,771.87048
240.89999,8.03713,"14,686.31",0.00689,0.0029,771.90741
241,8.04049,"14,685.98",0.00683,0.00274,771.88989
241.10001,8.04386,"14,686.97",0.00684,0.00288,771.94232
241.2,8.04722,"14,688.64",0.00683,0.00312,772.02991
241.3,8.05036,"14,686.56",0.00689,0.00298,771.92053
241.39999,8.0538,"14,687.14",0.00686,0.00268,771.95081
241.5,8.05716,"14,688.80",0.00686,0.00259,772.03845
241.60001,8.0603,"14,687.12",0.00682,0.00285,771.95020
241.7,8.06381,"14,689.81",0.00682,0.00333,772.09131
241.8,8.06725,"14,691.25",0.00685,0.00373,772.16730
241.89999,8.07039,"14,689.73",0.00686,0.00374,772.08691
242,8.0739,"14,691.73",0.00686,0.00343,772.19238
242.10001,8.07719,"14,692.87",0.00687,0.00331,772.25226
242.2,8.0804,"14,692.28",0.00689,0.00323,772.22131
242.3,8.08377,"14,692.38",0.00687,0.0031,772.22650
242.39999,8.0872,"14,694.52",0.00693,0.00305,772.33893
242.5,8.09049,"14,695.85",0.00685,0.00281,772.40894
242.60001,8.09378,"14,695.04",0.00682,0.00285,772.36652
242.7,8.09722,"14,697.18",0.00685,0.00289,772.47858
242.8,8.10051,"14,698.31",0.00687,0.00311,772.53827
242.89999,8.10365,"14,696.51",0.0069,0.00307,772.44360
243,8.10716,"14,699.55",0.00691,0.00264,772.60352
243.10001,8.11052,"14,701.85",0.00688,0.00254,772.72400
243.2,8.11366,"14,699.44",0.00683,0.00307,772.59741
243.3,8.11725,"14,703.32",0.00685,0.00332,772.80157
243.39999,8.12054,"14,704.56",0.00685,0.00368,772.86658
243.5,8.12375,"14,704.33",0.00688,0.00366,772.85461
243.60001,8.12711,"14,705.83",0.00686,0.00347,772.93341
243.7,8.1304,"14,705.91",0.00689,0.00338,772.93732
243.8,8.13369,"14,707.65",0.00683,0.00327,773.02924
243.89999,8.13713,"14,708.43",0.00688,0.00321,773.06989
244,8.14057,"14,711.82",0.00691,0.00298,773.24817
244.10001,8.14385,"14,712.58",0.00677,0.00278,773.28821
244.2,8.14707,"14,712.48",0.00694,0.00283,773.28284
244.3,8.15051,"14,715.83",0.00689,0.00303,773.45905
244.39999,8.15379,"14,716.00",0.00691,0.00309,773.46802
244.5,8.15701,"14,716.37",0.00695,0.00315,773.48737
244.60001,8.16052,"14,718.56",0.00682,0.0027,773.60229
244.7,8.16388,"14,721.68",0.00688,0.00248,773.76666
244.8,8.1671,"14,721.74",0.00684,0.00328,773.76965
244.89999,8.17054,"14,723.76",0.00688,0.00338,773.87592
245,8.17382,"14,723.70",0.00686,0.00381,773.87274
245.10001,8.17704,"14,726.62",0.00675,0.0037,774.02600
245.2,8.18048,"14,727.20",0.00679,0.00356,774.05658
245.3,8.18384,"14,729.96",0.00684,0.00341,774.20148
245.39999,8.18713,"14,730.31",0.00677,0.00333,774.22009
245.5,8.19049,"14,730.59",0.00679,0.00323,774.23468
245.60001,8.19385,"14,732.29",0.00677,0.00287,774.32428
245.7,8.19714,"14,735.10",0.0069,0.00279,774.47162
245.8,8.20036,"14,734.01",0.0069,0.00278,774.41467
245.89999,8.20372,"14,736.05",0.00676,0.00301,774.52167
246,8.20716,"14,737.41",0.00677,0.00316,774.59326
246.10001,8.21037,"14,738.20",0.00683,0.0031,774.63483
246.2,8.21381,"14,740.38",0.00684,0.00269,774.74951
246.3,8.21725,"14,741.25",0.00686,0.00263,774.79474
246.39999,8.22038,"14,742.01",0.00684,0.0033,774.83514
246.5,8.22375,"14,742.70",0.00671,0.00338,774.87128
246.60001,8.22719,"14,744.62",0.00674,0.00379,774.97198
246.7,8.2304,"14,744.44",0.00686,0.0037,774.96259
246.8,8.23376,"14,744.04",0.00687,0.00361,774.94159
246.89999,8.2372,"14,745.96",0.00687,0.00339,775.04230
247,8.24049,"14,746.74",0.00679,0.00331,775.08337
247.10001,8.24378,"14,746.41",0.00685,0.00323,775.06641
247.2,8.24714,"14,746.90",0.0069,0.00304,775.09192
247.3,8.2505,"14,746.96",0.0069,0.0028,775.09528
247.39999,8.25372,"14,747.00",0.00686,0.00301,775.09698
247.5,8.25708,"14,748.75",0.00688,0.00303,775.18896
247.60001,8.26059,"14,749.57",0.00688,0.00316,775.23218
247.7,8.26373,"14,748.20",0.00692,0.00307,775.16010
247.8,8.26717,"14,748.94",0.00694,0.00264,775.19928
247.89999,8.27053,"14,751.13",0.00691,0.00263,775.31409
248,8.27367,"14,751.84",0.00675,0.00331,775.35181
248.10001,8.27711,"14,750.35",0.00684,0.00333,775.27332
248.2,8.28055,"14,752.08",0.00689,0.00374,775.36414
248.3,8.28384,"14,754.09",0.00688,0.00372,775.47009
248.39999,8.28713,"14,754.02",0.0068,0.00349,775.46613
248.5,8.29049,"14,754.79",0.00673,0.00339,775.50684
248.60001,8.29385,"14,755.34",0.00672,0.00328,775.53540
248.7,8.29707,"14,754.38",0.00669,0.00318,775.48505
248.8,8.30043,"14,755.44",0.00694,0.00308,775.54083
248.89999,8.30394,"14,757.74",0.00683,0.00286,775.66174
249,8.307,"14,755.96",0.00671,0.0031,775.56824
249.10001,8.31052,"14,757.22",0.00674,0.00325,775.63464
249.2,8.31396,"14,759.26",0.00674,0.00318,775.74164
249.3,8.31702,"14,758.23",0.00688,0.00308,775.68732
249.39999,8.32046,"14,758.76",0.00683,0.00268,775.71545
249.5,8.32382,"14,759.11",0.00668,0.00255,775.73389
249.60001,8.32711,"14,760.64",0.00674,0.00336,775.81433
249.7,8.33047,"14,760.25",0.00685,0.0034,775.79388
249.8,8.33384,"14,762.11",0.00684,0.00391,775.89124
249.89999,8.3372,"14,763.39",0.00687,0.00381,775.95850
250,8.34034,"14,761.12",0.00675,0.0035,775.83929
250.10001,8.34378,"14,762.17",0.00686,0.00337,775.89484
250.2,8.34721,"14,763.32",0.00692,0.00323,775.95508
250.3,8.35028,"14,761.93",0.00691,0.00316,775.88171
250.39999,8.35387,"14,762.84",0.00688,0.00302,775.92963
250.5,8.35723,"14,764.67",0.00689,0.00302,776.02618
250.60001,8.36037,"14,763.40",0.00693,0.003,775.95929
250.7,8.36388,"14,764.63",0.00688,0.00312,776.02374
250.8,8.36717,"14,763.72",0.00693,0.00318,775.97583
250.89999,8.37038,"14,763.62",0.00693,0.00292,775.97095
251,8.37382,"14,764.19",0.00689,0.00264,776.00085
251.10001,8.37718,"14,766.01",0.00688,0.00275,776.09656
251.2,8.38047,"14,766.01",0.00687,0.00336,776.09644
251.3,8.38376,"14,764.56",0.00689,0.00347,776.02039
251.39999,8.3872,"14,765.95",0.00681,0.0038,776.09314
251.5,8.39056,"14,767.56",0.00673,0.00366,776.17792
251.60001,8.39363,"14,764.72",0.00684,0.00342,776.02844
251.7,8.39721,"14,766.17",0.00675,0.00343,776.10504
251.8,8.40058,"14,767.27",0.00681,0.00323,776.16254
251.89999,8.40372,"14,765.52",0.00676,0.00316,776.07086
252,8.4073,"14,768.62",0.00674,0.00295,776.23364
252.10001,8.41052,"14,766.80",0.00686,0.00306,776.13794
252.2,8.41373,"14,765.60",0.00679,0.00305,776.07489
252.3,8.41709,"14,766.82",0.00698,0.00325,776.13873
252.39999,8.42046,"14,767.15",0.00675,0.00309,776.15631
252.5,8.42382,"14,768.75",0.00678,0.00282,776.24017
252.60001,8.42711,"14,766.56",0.00677,0.00258,776.12531
252.7,8.43054,"14,767.18",0.00676,0.00317,776.15765
252.8,8.43383,"14,768.13",0.00682,0.00341,776.20770
252.89999,8.43697,"14,765.21",0.00675,0.00362,776.05432
253,8.44049,"14,767.61",0.00684,0.00376,776.18048
253.10001,8.44385,"14,766.20",0.00685,0.00364,776.10626
253.2,8.44706,"14,766.59",0.00685,0.00344,776.12708
253.3,8.45057,"14,768.87",0.00695,0.00337,776.24646
253.39999,8.45386,"14,768.07",0.0067,0.00322,776.20483
253.5,8.45708,"14,765.93",0.00674,0.00287,776.09229
253.60001,8.46044,"14,766.53",0.00675,0.00284,776.12360
253.7,8.4638,"14,767.76",0.00681,0.00308,776.18829
253.8,8.46709,"14,768.88",0.0069,0.00315,776.24713
253.89999,8.47038,"14,767.97",0.00685,0.00322,776.19922
254,8.47382,"14,768.18",0.00692,0.00318,776.21039
254.10001,8.47718,"14,770.50",0.00691,0.00275,776.33240
254.2,8.4804,"14,770.31",0.0069,0.00251,776.32263
254.3,8.48383,"14,770.76",0.00685,0.00327,776.34619
254.39999,8.48712,"14,771.49",0.00687,0.00344,776.38428
254.5,8.49034,"14,770.28",0.00689,0.00366,776.32062
254.60001,8.49385,"14,772.93",0.0069,0.00373,776.46027
254.7,8.49721,"14,773.40",0.00678,0.00351,776.48480
254.8,8.50042,"14,773.77",0.00682,0.00343,776.50421
254.89999,8.50379,"14,773.81",0.00671,0.00331,776.50610
255,8.50723,"14,775.32",0.00689,0.00325,776.58582
255.10001,8.51036,"14,776.77",0.00688,0.00305,776.66180
255.2,8.51373,"14,776.21",0.00689,0.00283,776.63257
255.3,8.51724,"14,776.93",0.00672,0.00303,776.67029
255.39999,8.52045,"14,778.23",0.00671,0.00323,776.73865
255.5,8.52374,"14,776.34",0.00675,0.0032,776.63940
255.60001,8.52718,"14,778.51",0.00673,0.00314,776.75354
255.7,8.53047,"14,778.34",0.00677,0.00263,776.74457
255.8,8.53368,"14,775.60",0.0069,0.00261,776.60071
255.89999,8.53712,"14,777.67",0.00686,0.00321,776.70935
256,8.54056,"14,777.72",0.00685,0.00348,776.71167
256.10001,8.54377,"14,777.65",0.0068,0.00376,776.70801
256.20001,8.54713,"14,776.41",0.00671,0.00382,776.64313
256.29999,8.55057,"14,777.25",0.00671,0.00349,776.68707
256.39999,8.55379,"14,777.31",0.00679,0.00344,776.69019
256.5,8.55707,"14,776.38",0.00684,0.00334,776.64136
256.60001,8.56044,"14,776.06",0.00667,0.00321,776.62469
256.70001,8.56373,"14,776.12",0.00674,0.00284,776.62775
256.79999,8.56709,"14,776.52",0.00679,0.00309,776.64874
256.89999,8.57053,"14,779.47",0.0067,0.00313,776.80402
257,8.57382,"14,779.44",0.00671,0.00323,776.80237
257.10001,8.5771,"14,777.86",0.00674,0.0032,776.71942
257.20001,8.58047,"14,780.45",0.00679,0.00285,776.85559
257.29999,8.58383,"14,781.56",0.00687,0.00262,776.91394
257.39999,8.58704,"14,781.12",0.0068,0.00311,776.89038
257.5,8.59041,"14,781.95",0.0068,0.00335,776.93402
257.60001,8.59392,"14,783.49",0.00681,0.00355,777.01532
257.70001,8.59706,"14,783.86",0.00679,0.0038,777.03442
257.79999,8.6005,"14,785.06",0.00671,0.00368,777.09772
257.89999,8.60394,"14,787.13",0.00674,0.00349,777.20642
258,8.607,"14,785.96",0.00684,0.00338,777.14514
258.10001,8.61051,"14,786.80",0.00694,0.00325,777.18903
258.20001,8.61388,"14,788.21",0.00694,0.00315,777.26318
258.29999,8.61716,"14,789.36",0.00689,0.00293,777.32355
258.39999,8.62045,"14,788.06",0.0069,0.00303,777.25525
258.5,8.62389,"14,790.07",0.00677,0.00325,777.36102
258.60001,8.62718,"14,789.91",0.00675,0.00329,777.35236
258.70001,8.63032,"14,789.01",0.00672,0.00323,777.30505
258.79999,8.63375,"14,790.24",0.00691,0.00282,777.37012
258.89999,8.63719,"14,790.89",0.00679,0.00258,777.40405
259,8.64033,"14,790.35",0.00678,0.00298,777.37579
259.10001,8.64384,"14,792.14",0.00676,0.00332,777.46985
259.20001,8.64721,"14,793.49",0.00675,0.00359,777.54065
259.29999,8.65035,"14,792.40",0.00669,0.00378,777.48340
259.39999,8.65378,"14,792.94",0.00673,0.00365,777.51202
259.5,8.65715,"14,794.41",0.00676,0.00351,777.58899
259.60001,8.66044,"14,794.94",0.0067,0.00339,777.61688
259.70001,8.66387,"14,794.87",0.00673,0.00328,777.61310
259.79999,8.66724,"14,796.02",0.00679,0.00306,777.67371
259.89999,8.67053,"14,796.40",0.00677,0.00292,777.69385
260,8.67374,"14,794.23",0.00683,0.00311,777.57941
260.10001,8.6771,"14,795.29",0.00678,0.00331,777.63519
260.20001,8.68054,"14,796.35",0.00676,0.00335,777.69104
260.29999,8.68368,"14,794.38",0.00674,0.0032,777.58722
260.39999,8.68719,"14,796.38",0.00677,0.0027,777.69269
260.5,8.69063,"14,797.95",0.00687,0.00269,777.77509
260.60001,8.69369,"14,795.06",0.00678,0.00308,777.62317
260.70001,8.69721,"14,796.06",0.00675,0.00351,777.67590
260.79999,8.7005,"14,796.99",0.00673,0.00382,777.72491
260.89999,8.70371,"14,797.32",0.00674,0.00381,777.74182
261,8.70707,"14,796.73",0.00681,0.00353,777.71088
261.10001,8.71044,"14,796.32",0.00675,0.00346,777.68921
261.20001,8.7138,"14,797.63",0.00684,0.00338,777.75812
261.29999,8.71709,"14,796.66",0.00682,0.0033,777.70758
261.39999,8.72052,"14,797.50",0.00684,0.00301,777.75122
261.5,8.72389,"14,798.77",0.00687,0.00295,777.81812
261.60001,8.72695,"14,795.49",0.0069,0.00303,777.64594
261.70001,8.73046,"14,798.22",0.00695,0.00315,777.78937
261.79999,8.7339,"14,799.90",0.0068,0.00322,777.87756
261.89999,8.73704,"14,799.45",0.00695,0.00316,777.85413
262,8.74055,"14,799.87",0.0069,0.00278,777.87585
262.10001,8.74384,"14,800.37",0.00694,0.00266,777.90253
262.20001,8.74713,"14,800.04",0.0069,0.00338,777.88501
262.29999,8.75042,"14,801.10",0.0068,0.00361,777.94086
262.39999,8.75378,"14,801.49",0.00686,0.00392,777.96130
262.5,8.75715,"14,802.72",0.00686,0.0038,778.02570
262.60001,8.76043,"14,802.60",0.00685,0.00349,778.01941
262.70001,8.76387,"14,805.38",0.00683,0.00341,778.16589
262.79999,8.76723,"14,807.23",0.00686,0.00339,778.26306
262.89999,8.77037,"14,805.04",0.00678,0.00327,778.14783
263,8.77381,"14,806.13",0.00682,0.00319,778.20520
263.10001,8.77717,"14,807.12",0.00692,0.00281,778.25720
263.20001,8.78039,"14,807.12",0.00691,0.00306,778.25732
263.29999,8.78383,"14,808.71",0.00681,0.00328,778.34076
263.39999,8.78719,"14,808.50",0.00685,0.0032,778.32971
263.5,8.7904,"14,808.66",0.00678,0.00306,778.33820
263.60001,8.79377,"14,810.01",0.00674,0.00275,778.40881
263.70001,8.79713,"14,811.13",0.00677,0.00295,778.46802
263.79999,8.80042,"14,810.55",0.0068,0.00343,778.43750
263.89999,8.80371,"14,810.01",0.00681,0.0035,778.40900
264,8.80715,"14,812.48",0.00675,0.00389,778.53882
264.10001,8.81051,"14,814.44",0.00673,0.00375,778.64166
264.20001,8.8138,"14,812.73",0.00673,0.00345,778.55188
264.29999,8.81723,"14,815.12",0.00679,0.00344,778.67743
264.39999,8.82052,"14,816.19",0.00681,0.0034,778.73389
264.5,8.82374,"14,815.50",0.00693,0.00323,778.69781
264.60001,8.8271,"14,816.85",0.00681,0.00298,778.76831
264.70001,8.83054,"14,817.02",0.00684,0.00274,778.77747
264.79999,8.83375,"14,817.58",0.00679,0.00318,778.80670
264.89999,8.83711,"14,817.81",0.00698,0.00301,778.81903
265,8.84055,"14,818.64",0.00697,0.00321,778.86273
265.10001,8.84377,"14,820.12",0.00701,0.00313,778.94043
265.20001,8.84705,"14,818.06",0.00692,0.00268,778.83197
265.29999,8.85049,"14,821.07",0.00696,0.00283,778.99017
265.39999,8.85378,"14,823.17",0.00693,0.00343,779.10083
265.5,8.85707,"14,822.52",0.0069,0.00365,779.06677
265.60001,8.86051,"14,823.83",0.00691,0.00383,779.13538
265.70001,8.86387,"14,826.08",0.00675,0.0037,779.25391
265.79999,8.86708,"14,825.64",0.00682,0.0035,779.23065
265.89999,8.87045,"14,827.33",0.00677,0.00337,779.31921
266,8.87388,"14,828.33",0.00676,0.00337,779.37177
266.10001,8.87702,"14,828.02",0.0068,0.00321,779.35553
266.20001,8.88046,"14,830.47",0.00685,0.00295,779.48450
266.29999,8.88397,"14,832.83",0.00689,0.00281,779.60822
266.39999,8.88711,"14,833.11",0.00689,0.00304,779.62299
266.5,8.89048,"14,832.73",0.00685,0.00322,779.60321
266.60001,8.89384,"14,833.57",0.00698,0.00316,779.64722
266.70001,8.89705,"14,834.53",0.00683,0.00309,779.69781
266.79999,8.90042,"14,835.43",0.00685,0.0027,779.74530
266.89999,8.90385,"14,838.18",0.00691,0.00314,779.88959
267,8.90722,"14,839.73",0.00698,0.00349,779.97131
267.10001,8.91043,"14,840.38",0.00689,0.00376,780.00513
267.20001,8.91379,"14,842.40",0.00682,0.00383,780.11151
267.29999,8.91723,"14,844.58",0.00692,0.00363,780.22583
267.39999,8.9203,"14,842.99",0.00693,0.00344,780.14258
267.5,8.92373,"14,844.96",0.00684,0.00339,780.24597
267.60001,8.92725,"14,848.78",0.00681,0.00327,780.44690
267.70001,8.93039,"14,847.54",0.00684,0.00317,780.38184
267.79999,8.93382,"14,848.48",0.00682,0.00304,780.43109
267.89999,8.93719,"14,850.17",0.00683,0.00272,780.51996
268,8.9404,"14,850.58",0.00699,0.00298,780.54114
268.10001,8.94376,"14,852.19",0.00682,0.00329,780.62604
268.20001,8.94713,"14,854.29",0.0069,0.00323,780.73639
268.29999,8.95049,"14,854.48",0.00701,0.00299,780.74640
268.39999,8.95378,"14,854.08",0.007,0.00282,780.72522
268.5,8.95722,"14,857.94",0.00697,0.00311,780.92841
268.60001,8.96058,"14,860.03",0.00685,0.00333,781.03815
268.70001,8.96372,"14,857.68",0.00682,0.00361,780.91455
268.79999,8.96708,"14,858.97",0.00697,0.00383,780.98260
268.89999,8.97059,"14,863.05",0.007,0.00371,781.19690
269,8.97366,"14,862.43",0.00689,0.00348,781.16431
269.10001,8.97725,"14,863.58",0.00679,0.00339,781.22491
269.20001,8.98061,"14,865.21",0.00691,0.00327,781.31006
269.29999,8.98367,"14,864.64",0.00699,0.00315,781.28033
269.39999,8.98719,"14,866.72",0.00702,0.00307,781.38977
269.5,8.99047,"14,867.78",0.00692,0.003,781.44537
269.60001,8.99376,"14,868.31",0.00693,0.00302,781.47302
269.70001,8.99705,"14,868.09",0.00697,0.00318,781.46155
269.79999,9.00049,"14,870.26",0.00704,0.00322,781.57581
269.89999,9.00385,"14,873.43",0.00703,0.00294,781.74243
270,9.00707,"14,872.43",0.00699,0.00269,781.69006
270.10001,9.01043,"14,873.07",0.00702,0.00309,781.72321
270.20001,9.01387,"14,874.75",0.00688,0.00337,781.81171
270.29999,9.01693,"14,873.53",0.00684,0.00364,781.74750
270.39999,9.02052,"14,877.86",0.00677,0.00377,781.97528
270.5,9.02388,"14,878.56",0.00703,0.00359,782.01202
270.60001,9.0271,"14,877.75",0.00701,0.00356,781.96948
270.70001,9.03053,"14,879.24",0.00692,0.00341,782.04749
270.79999,9.03382,"14,881.09",0.00685,0.0033,782.14490
270.89999,9.03711,"14,881.62",0.00683,0.00326,782.17267
271,9.0404,"14,881.16",0.00688,0.003,782.14844
271.10001,9.04376,"14,882.28",0.00697,0.00285,782.20770
271.20001,9.0472,"14,885.27",0.00688,0.00318,782.36481
271.29999,9.05041,"14,884.91",0.00687,0.00327,782.34589
271.39999,9.05385,"14,885.91",0.00686,0.00326,782.39850
271.5,9.05721,"14,887.28",0.00679,0.00288,782.47052
271.60001,9.06028,"14,886.22",0.00684,0.00272,782.41473
271.70001,9.06379,"14,888.76",0.00683,0.00308,782.54785
271.79999,9.06715,"14,889.61",0.00682,0.0034,782.59283
271.89999,9.07037,"14,888.84",0.0069,0.00361,782.55212
272,9.07388,"14,891.98",0.00689,0.00384,782.71722
272.10001,9.07717,"14,892.77",0.00687,0.00362,782.75891
272.20001,9.08046,"14,893.43",0.00687,0.00353,782.79358
272.29999,9.08375,"14,892.65",0.00691,0.00338,782.75238
272.39999,9.08703,"14,893.10",0.00685,0.00324,782.77600
272.5,9.09047,"14,896.77",0.00685,0.00318,782.96893
272.60001,9.09369,"14,896.84",0.00703,0.00291,782.97260
272.70001,9.0972,"14,899.87",0.00698,0.00283,783.13208
272.79999,9.10056,"14,901.14",0.00697,0.00301,783.19885
272.89999,9.1037,"14,900.54",0.00698,0.0033,783.16699
273,9.10721,"14,905.09",0.00704,0.00314,783.40619
273.10001,9.1105,"14,906.48",0.00697,0.0029,783.47931
273.20001,9.11364,"14,905.86",0.0069,0.00267,783.44678
273.29999,9.11715,"14,908.72",0.00687,0.00276,783.59735
273.39999,9.12052,"14,910.73",0.00695,0.00344,783.70294
273.5,9.12381,"14,913.73",0.00694,0.00361,783.86053
273.60001,9.12717,"14,914.83",0.00692,0.00385,783.91846
273.70001,9.13046,"14,915.04",0.00694,0.00346,783.92932
273.79999,9.13382,"14,918.64",0.00698,0.00344,784.11865
273.89999,9.13703,"14,918.83",0.00697,0.00335,784.12830
274,9.14055,"14,922.10",0.00701,0.00325,784.30048
274.10001,9.14383,"14,924.04",0.00691,0.00316,784.40222
274.20001,9.14705,"14,922.96",0.00689,0.00285,784.34540
274.29999,9.15056,"14,926.45",0.00692,0.00293,784.52930
274.39999,9.15385,"14,928.10",0.00689,0.00312,784.61584
274.5,9.15699,"14,926.96",0.00688,0.00321,784.55609
274.60001,9.16043,"14,928.93",0.00692,0.0032,784.65955
274.70001,9.16386,"14,931.29",0.00693,0.00295,784.78351
274.79999,9.16708,"14,932.86",0.00687,0.00273,784.86578
274.89999,9.17044,"14,933.73",0.00689,0.00277,784.91187
275,9.17388,"14,935.27",0.00692,0.0034,784.99255
275.10001,9.17709,"14,937.35",0.00691,0.00366,785.10199
275.20001,9.18038,"14,936.80",0.00687,0.00381,785.07300
275.29999,9.18382,"14,938.92",0.00689,0.00373,785.18457
275.39999,9.18711,"14,941.25",0.00685,0.00344,785.30682
275.5,9.1904,"14,939.40",0.00689,0.00341,785.20953
275.60001,9.19391,"14,943.42",0.00693,0.00328,785.42114
275.70001,9.1972,"14,944.72",0.00705,0.00313,785.48956
275.79999,9.20041,"14,942.79",0.00697,0.00278,785.38782
275.89999,9.20377,"14,944.37",0.00691,0.00291,785.47095
276,9.20721,"14,944.64",0.00688,0.00325,785.48492
276.10001,9.21035,"14,945.12",0.00689,0.00325,785.51044
276.20001,9.21379,"14,945.82",0.00681,0.00322,785.54694
276.29999,9.21723,"14,947.78",0.00702,0.00305,785.65039
276.39999,9.22037,"14,946.06",0.007,0.00271,785.55969
276.5,9.2238,"14,947.17",0.00704,0.00294,785.61823
276.60001,9.22717,"14,949.89",0.00694,0.00344,785.76086
276.70001,9.23038,"14,950.22",0.00695,0.00367,785.77844
276.79999,9.23374,"14,949.23",0.00684,0.00386,785.72620
276.89999,9.23718,"14,952.52",0.00685,0.00361,785.89941
277,9.24054,"14,954.06",0.00688,0.00347,785.98035
277.10001,9.24383,"14,952.45",0.00684,0.00336,785.89557
277.20001,9.2472,"14,953.58",0.00704,0.00324,785.95502
277.29999,9.25056,"14,955.46",0.00695,0.00312,786.05371
277.39999,9.2537,"14,953.92",0.00697,0.00286,785.97314
277.5,9.25714,"14,955.92",0.00695,0.00303,786.07812
277.60001,9.26065,"14,957.87",0.007,0.00305,786.18042
277.70001,9.26371,"14,956.15",0.00686,0.00328,786.09021
277.79999,9.26715,"14,956.91",0.00687,0.0032,786.12976
277.89999,9.27059,"14,959.40",0.00685,0.00291,786.26105
278,9.27365,"14,958.67",0.00699,0.00271,786.22278
278.10001,9.27709,"14,958.70",0.00699,0.00324,786.22430
278.20001,9.28045,"14,960.11",0.0069,0.00339,786.29816
278.29999,9.28382,"14,961.45",0.00684,0.00379,786.36859
278.39999,9.2871,"14,961.26",0.00696,0.00378,786.35846
278.5,9.29047,"14,962.44",0.0069,0.00358,786.42053
278.60001,9.29391,"14,962.81",0.00699,0.0034,786.44000
278.70001,9.29704,"14,962.18",0.00698,0.00331,786.40698
278.79999,9.30041,"14,963.24",0.00685,0.00324,786.46271
278.89999,9.30385,"14,965.01",0.00684,0.00303,786.55579
279,9.30698,"14,964.20",0.0069,0.00282,786.51318
279.10001,9.3105,"14,965.26",0.00692,0.00297,786.56897
279.20001,9.31394,"14,967.60",0.00691,0.00331,786.69177
279.29999,9.31707,"14,967.14",0.00686,0.00327,786.66748
279.39999,9.32051,"14,967.47",0.00686,0.00317,786.68500
279.5,9.3238,"14,968.71",0.00701,0.00277,786.75043
279.60001,9.32709,"14,969.22",0.00689,0.00261,786.77679
279.70001,9.33038,"14,970.84",0.00686,0.00325,786.86224
279.79999,9.33382,"14,973.49",0.00685,0.00343,787.00122
279.89999,9.33718,"14,974.59",0.00692,0.00366,787.05945
280,9.34039,"14,973.09",0.00682,0.00386,786.98047
280.10001,9.34383,"14,975.55",0.00685,0.00358,787.10962
280.20001,9.34719,"14,978.68",0.0069,0.00344,787.27405
280.29999,9.35033,"14,977.50",0.00687,0.00338,787.21246
280.39999,9.35385,"14,978.72",0.00689,0.00323,787.27643
280.5,9.35721,"14,980.08",0.00685,0.00318,787.34778
280.60001,9.36042,"14,981.60",0.00685,0.00281,787.42761
280.70001,9.36386,"14,984.37",0.00694,0.00302,787.57306
280.79999,9.36715,"14,984.24",0.00703,0.00319,787.56641
280.89999,9.37044,"14,985.87",0.00691,0.00321,787.65222
281,9.37372,"14,986.94",0.00681,0.00319,787.70837
281.10001,9.37709,"14,989.17",0.0069,0.00286,787.82568
281.20001,9.38053,"14,992.01",0.00698,0.00268,787.97510
281.29999,9.38374,"14,990.60",0.00698,0.00342,787.90082
281.39999,9.38718,"14,993.59",0.00693,0.00348,788.05792
281.5,9.39062,"14,995.77",0.00703,0.00381,788.17261
281.60001,9.39368,"14,994.94",0.00688,0.00383,788.12872
281.70001,9.39719,"14,996.71",0.00697,0.00346,788.22217
281.79999,9.40048,"14,997.08",0.00698,0.00347,788.24152
281.89999,9.40377,"14,998.15",0.00703,0.00339,788.29779
282,9.40721,"14,999.98",0.00693,0.00325,788.39368
282.10001,9.41057,"15,000.86",0.00689,0.00308,788.44006
282.20001,9.41378,"15,002.00",0.00707,0.00283,788.50006
282.29999,9.41707,"15,002.02",0.00709,0.0029,788.50110
282.39999,9.42044,"15,003.76",0.00707,0.00313,788.59241
282.5,9.4238,"15,006.38",0.00704,0.00328,788.73004
282.60001,9.42701,"15,005.39",0.00692,0.00315,788.67804
282.70001,9.43052,"15,007.67",0.00687,0.00272,788.79797
282.79999,9.43389,"15,011.18",0.00692,0.00266,788.98230
282.89999,9.43703,"15,009.83",0.00693,0.00318,788.91138
283,9.44054,"15,012.74",0.0069,0.00348,789.06439
283.10001,9.44383,"15,012.85",0.00689,0.00381,789.07001
283.20001,9.44697,"15,013.90",0.00696,0.00384,789.12524
283.29999,9.45048,"15,016.26",0.00705,0.00352,789.24957
283.39999,9.45384,"15,017.97",0.00704,0.00344,789.33948
283.5,9.45713,"15,018.67",0.00701,0.00344,789.37628
283.60001,9.46042,"15,018.72",0.00694,0.00327,789.37878
283.70001,9.46386,"15,021.10",0.00689,0.0032,789.50403
283.79999,9.46715,"15,023.90",0.00692,0.00284,789.65118
283.89999,9.47036,"15,023.40",0.00689,0.00302,789.62482
284,9.47387,"15,026.85",0.0069,0.00311,789.80591
284.10001,9.47716,"15,028.80",0.00701,0.0033,789.90839
284.20001,9.48045,"15,028.75",0.00709,0.00325,789.90570
284.29999,9.48389,"15,032.42",0.0071,0.00288,790.09894
284.39999,9.48717,"15,033.34",0.00708,0.00272,790.14734
284.5,9.49031,"15,033.55",0.00708,0.00342,790.15839
284.60001,9.49375,"15,036.19",0.00711,0.00355,790.29688
284.70001,9.49719,"15,038.71",0.007,0.00385,790.42944
284.79999,9.5004,"15,039.93",0.007,0.00386,790.49377
284.89999,9.50377,"15,040.46",0.00701,0.00365,790.52167
285,9.50721,"15,042.66",0.00702,0.00346,790.63678
285.10001,9.51042,"15,044.60",0.00701,0.0034,790.73914
285.20001,9.51378,"15,043.82",0.00698,0.00332,790.69788
285.29999,9.51715,"15,046.75",0.00699,0.00318,790.85223
285.39999,9.52043,"15,047.50",0.00693,0.00288,790.89142
285.5,9.52372,"15,048.09",0.00697,0.00313,790.92230
285.60001,9.52716,"15,051.38",0.00696,0.00318,791.09540
285.70001,9.53052,"15,052.32",0.00715,0.00327,791.14496
285.79999,9.53374,"15,050.88",0.00694,0.00322,791.06927
285.89999,9.53717,"15,052.02",0.00692,0.00284,791.12909
286,9.54054,"15,054.45",0.00694,0.00276,791.25653
286.10001,9.54368,"15,054.07",0.00694,0.00338,791.23682
286.20001,9.54711,"15,053.97",0.00702,0.00347,791.23163
286.29999,9.55063,"15,055.89",0.00706,0.00387,791.33246
286.39999,9.55377,"15,056.50",0.00693,0.00384,791.36432
286.5,9.5572,"15,056.56",0.00691,0.00376,791.36749
286.60001,9.56057,"15,057.79",0.00699,0.00346,791.43219
286.70001,9.56371,"15,056.32",0.00703,0.00341,791.35480
286.79999,9.56707,"15,055.43",0.00703,0.00322,791.30817
286.89999,9.57051,"15,058.37",0.00691,0.00304,791.46277
287,9.57387,"15,059.33",0.00704,0.00289,791.51294
287.10001,9.57708,"15,057.91",0.00702,0.00304,791.43835
287.20001,9.58045,"15,059.46",0.00705,0.00309,791.52026
287.29999,9.58389,"15,061.07",0.00712,0.00329,791.60443
287.39999,9.58702,"15,060.37",0.00716,0.00316,791.56805
287.5,9.59046,"15,061.38",0.00708,0.0029,791.62109
287.60001,9.5939,"15,062.68",0.00704,0.00263,791.68927
287.70001,9.59704,"15,063.55",0.00703,0.00344,791.73499
287.79999,9.60048,"15,064.89",0.00709,0.00354,791.80530
287.89999,9.60392,"15,067.50",0.00706,0.00392,791.94244
288,9.60705,"15,066.92",0.00693,0.00385,791.91223
288.10001,9.61042,"15,067.57",0.0069,0.00358,791.94617
288.20001,9.61378,"15,070.24",0.0071,0.00344,792.08636
288.29999,9.61714,"15,072.65",0.0071,0.00342,792.21350
288.39999,9.62043,"15,071.93",0.00707,0.00328,792.17523
288.5,9.62379,"15,074.08",0.00703,0.00314,792.28827
288.60001,9.62723,"15,076.36",0.00695,0.00291,792.40833
288.70001,9.63037,"15,075.39",0.00697,0.00306,792.35742
288.79999,9.63381,"15,078.06",0.00696,0.00325,792.49774
288.89999,9.63717,"15,080.30",0.00696,0.00332,792.61560
289,9.64031,"15,079.35",0.00696,0.00321,792.56525
289.10001,9.64382,"15,082.28",0.00714,0.00283,792.71960
289.20001,9.64726,"15,084.79",0.00694,0.00268,792.85138
289.29999,9.6504,"15,085.47",0.00695,0.00327,792.88727
289.39999,9.65384,"15,085.17",0.0069,0.0035,792.87146
289.5,9.65713,"15,087.17",0.00692,0.00378,792.97638
289.60001,9.66042,"15,089.69",0.00701,0.00381,793.10901
289.70001,9.6637,"15,090.25",0.00702,0.0036,793.13831
289.79999,9.66707,"15,091.82",0.00687,0.00348,793.22076
289.89999,9.67058,"15,094.94",0.00702,0.00339,793.38458
290,9.67372,"15,094.39",0.00709,0.00327,793.35583
290.10001,9.67716,"15,098.48",0.00714,0.0031,793.57080
290.20001,9.6806,"15,100.75",0.00705,0.00276,793.69037
290.29999,9.68366,"15,099.35",0.00698,0.00306,793.61676
290.39999,9.68717,"15,102.79",0.00697,0.00326,793.79767
290.5,9.69054,"15,105.73",0.00714,0.00322,793.95203
290.60001,9.69375,"15,106.45",0.00709,0.00324,793.98999
290.70001,9.69719,"15,108.43",0.00694,0.00285,794.09393
290.79999,9.70055,"15,109.89",0.00694,0.00276,794.17065
290.89999,9.70384,"15,112.04",0.00699,0.00337,794.28381
291,9.70705,"15,112.77",0.00704,0.00354,794.32196
291.10001,9.71041,"15,114.20",0.00708,0.00379,794.39697
291.20001,9.71385,"15,117.14",0.00697,0.00386,794.55176
291.29999,9.71699,"15,117.53",0.00693,0.00367,794.57227
291.39999,9.7205,"15,121.53",0.00697,0.00346,794.78229
291.5,9.72394,"15,123.38",0.0071,0.00338,794.87970
291.60001,9.72693,"15,121.22",0.0071,0.00331,794.76636
291.70001,9.73052,"15,125.20",0.00706,0.00303,794.97528
291.79999,9.73381,"15,127.86",0.00701,0.00298,795.11511
291.89999,9.73702,"15,128.29",0.00696,0.00304,795.13794
292,9.74053,"15,130.57",0.00696,0.00318,795.25739
292.10001,9.74382,"15,131.73",0.00716,0.00328,795.31873
292.20001,9.74719,"15,134.26",0.00693,0.00316,795.45129
292.29999,9.75047,"15,134.31",0.00695,0.00278,795.45398
292.39999,9.75384,"15,136.29",0.00704,0.00297,795.55841
292.5,9.75713,"15,138.48",0.00704,0.00341,795.67322
292.60001,9.76034,"15,137.94",0.00702,0.00346,795.64508
292.70001,9.76385,"15,141.58",0.00701,0.00388,795.83630
292.79999,9.76721,"15,144.75",0.00704,0.00379,796.00281
292.89999,9.77035,"15,143.04",0.00709,0.00355,795.91315
293,9.77387,"15,146.53",0.00711,0.00346,796.09644
293.10001,9.77723,"15,148.03",0.00708,0.00334,796.17529
293.20001,9.78037,"15,149.17",0.00712,0.00329,796.23517
293.29999,9.7838,"15,152.00",0.00714,0.00312,796.38367
293.39999,9.78717,"15,153.28",0.0071,0.00283,796.45123
293.5,9.79046,"15,156.09",0.00692,0.00298,796.59900
293.60001,9.79375,"15,157.34",0.00706,0.00303,796.66443
293.70001,9.79718,"15,159.96",0.00716,0.0033,796.80212
293.79999,9.80047,"15,162.72",0.00717,0.00318,796.94757
293.89999,9.80361,"15,162.32",0.00708,0.00302,796.92645
294,9.8072,"15,168.60",0.007,0.00274,797.25653
294.10001,9.81049,"15,170.93",0.00701,0.00346,797.37891
294.20001,9.8137,"15,170.96",0.00713,0.00349,797.38055
294.29999,9.81721,"15,174.41",0.00707,0.00367,797.56152
294.39999,9.82058,"15,177.23",0.00693,0.00389,797.71008
294.5,9.82372,"15,177.70",0.00709,0.00367,797.73486
294.60001,9.82715,"15,180.71",0.00696,0.00344,797.89270
294.70001,9.83052,"15,183.39",0.00703,0.00338,798.03375
294.79999,9.83373,"15,184.94",0.00719,0.00328,798.11530
294.89999,9.83717,"15,186.54",0.00716,0.00317,798.19940
295,9.84061,"15,190.34",0.00701,0.00282,798.39911
295.10001,9.84382,"15,192.59",0.00701,0.00304,798.51752
295.20001,9.84711,"15,191.19",0.00705,0.00308,798.44360
295.29999,9.85055,"15,196.26",0.00718,0.00325,798.71033
295.39999,9.85376,"15,199.15",0.00706,0.00311,798.86200
295.5,9.85705,"15,200.53",0.00714,0.00314,798.93463
295.60001,9.86056,"15,204.99",0.00706,0.00266,799.16907
295.70001,9.86385,"15,206.90",0.00706,0.0032,799.26929
295.79999,9.86706,"15,207.76",0.00714,0.00348,799.31445
295.89999,9.87043,"15,212.04",0.00718,0.00363,799.53979
296,9.87386,"15,214.77",0.00709,0.00395,799.68329
296.10001,9.877,"15,216.70",0.00702,0.00363,799.78448
296.20001,9.88044,"15,220.17",0.00701,0.00344,799.96710
296.29999,9.88395,"15,224.19",0.00702,0.00343,800.17822
296.39999,9.88709,"15,226.33",0.00702,0.00334,800.29071
296.5,9.89046,"15,228.69",0.00699,0.00322,800.41492
296.60001,9.89389,"15,231.96",0.00706,0.00291,800.58661
296.70001,9.89711,"15,235.35",0.00701,0.00286,800.76471
296.79999,9.9004,"15,237.03",0.00711,0.00301,800.85321
296.89999,9.90383,"15,242.15",0.00724,0.00315,801.12225
297,9.9072,"15,243.81",0.00714,0.00324,801.20959
297.10001,9.91048,"15,245.50",0.00707,0.00301,801.29816
297.20001,9.91385,"15,249.44",0.00705,0.00268,801.50531
297.29999,9.91729,"15,252.24",0.00714,0.00267,801.65234
297.39999,9.92035,"15,251.99",0.00717,0.00347,801.63928
297.5,9.92379,"15,255.04",0.00702,0.00356,801.79956
297.60001,9.92715,"15,258.73",0.00702,0.00388,801.99347
297.70001,9.93037,"15,261.19",0.00708,0.00377,802.12311
297.79999,9.9338,"15,263.58",0.00705,0.00348,802.24854
297.89999,9.93717,"15,266.18",0.00697,0.00342,802.38531
298,9.94045,"15,269.20",0.00708,0.00337,802.54382
298.10001,9.94382,"15,271.31",0.00718,0.00325,802.65472
298.20001,9.94711,"15,274.37",0.00718,0.00303,802.81537
298.29999,9.95047,"15,277.23",0.00715,0.00281,802.96613
298.39999,9.95368,"15,279.54",0.00722,0.0031,803.08734
298.5,9.95712,"15,283.27",0.00723,0.00324,803.28357
298.60001,9.96056,"15,287.16",0.00719,0.00322,803.48761
298.70001,9.9637,"15,288.05",0.0071,0.00319,803.53455
298.79999,9.96714,"15,290.69",0.00723,0.00293,803.67328
298.89999,9.97057,"15,293.97",0.00721,0.00275,803.84558
299,9.97364,"15,296.29",0.00708,0.00345,803.96802
299.10001,9.97715,"15,300.48",0.00712,0.00343,804.18805
299.20001,9.98059,"15,303.16",0.00701,0.00368,804.32892
299.29999,9.98373,"15,304.90",0.00706,0.00368,804.42023
299.39999,9.98716,"15,306.93",0.00706,0.00364,804.52698
299.5,9.99045,"15,310.06",0.00709,0.00343,804.69147
299.60001,9.99382,"15,313.25",0.00712,0.0033,804.85938
299.70001,9.99703,"15,314.58",0.00716,0.00324,804.92902
299.79999,10.00039,"15,318.40",0.00713,0.00317,805.12976
299.89999,10.00391,"15,322.86",0.00709,0.00285,805.36438
300,10.00697,"15,323.40",0.00716,0.00291,805.39264
300.10001,10.01048,"15,327.10",0.00726,0.00319,805.58685
300.20001,10.01385,"15,330.59",0.00723,0.00334,805.77075
300.29999,10.01691,"15,330.98",0.00722,0.00319,805.79083
300.39999,10.0205,"15,335.05",0.0072,0.00314,806.00488
300.5,10.02386,"15,339.10",0.00724,0.0027,806.21771
300.60001,10.02707,"15,340.36",0.00722,0.00333,806.28418
300.70001,10.03059,"15,343.45",0.00722,0.00351,806.44659
300.79999,10.03388,"15,345.80",0.00723,0.0037,806.57007
300.89999,10.03716,"15,348.33",0.00716,0.00383,806.70306
301,10.04038,"15,349.15",0.00714,0.00369,806.74585
301.10001,10.04374,"15,350.98",0.0072,0.00344,806.84229
301.20001,10.04718,"15,354.52",0.00714,0.00342,807.02814
301.29999,10.05039,"15,355.97",0.00702,0.00331,807.10449
301.39999,10.05391,"15,358.80",0.00707,0.00319,807.25330
301.5,10.05727,"15,361.02",0.00717,0.00295,807.37012
301.60001,10.06033,"15,360.06",0.00722,0.0028,807.31921
301.70001,10.06384,"15,363.98",0.00719,0.00316,807.52533
301.79999,10.06721,"15,366.16",0.00711,0.0033,807.63983
301.89999,10.07042,"15,366.71",0.00705,0.0033,807.66888
302,10.07379,"15,368.32",0.00718,0.00312,807.75385
302.10001,10.07722,"15,372.08",0.0073,0.00279,807.95099
302.20001,10.08044,"15,373.81",0.00716,0.00308,808.04205
302.29999,10.08373,"15,374.16",0.0071,0.00347,808.06042
302.39999,10.08709,"15,376.05",0.00715,0.00357,808.15967
302.5,10.09045,"15,379.56",0.00707,0.00387,808.34418
302.60001,10.09359,"15,379.33",0.00715,0.0038,808.33252
302.70001,10.09718,"15,384.50",0.00713,0.00349,808.60400
302.79999,10.10054,"15,385.54",0.00709,0.00341,808.65845
302.89999,10.10368,"15,384.93",0.00708,0.00334,808.62653
303,10.10719,"15,389.15",0.00711,0.00326,808.84845
303.10001,10.11048,"15,392.19",0.00709,0.00297,809.00830
303.20001,10.1137,"15,393.37",0.00706,0.00292,809.07025
303.29999,10.11713,"15,394.69",0.00715,0.00319,809.13959
303.39999,10.12057,"15,397.10",0.00719,0.00326,809.26605
303.5,10.12379,"15,399.74",0.00721,0.00326,809.40521
303.60001,10.12715,"15,401.38",0.00718,0.00313,809.49121
303.70001,10.13059,"15,404.22",0.00717,0.00285,809.64044
303.79999,10.1338,"15,404.52",0.00716,0.00289,809.65607
303.89999,10.13701,"15,405.36",0.00726,0.00344,809.70062
304,10.14052,"15,409.72",0.00721,0.00369,809.92969
304.10001,10.14382,"15,411.47",0.0072,0.00396,810.02161
304.20001,10.1471,"15,411.48",0.00725,0.00383,810.02191
304.29999,10.15054,"15,415.52",0.00718,0.00351,810.23444
304.39999,10.15383,"15,417.24",0.00719,0.00346,810.32465
304.5,10.15697,"15,417.58",0.00716,0.00334,810.34283
304.60001,10.16041,"15,419.76",0.0072,0.00328,810.45715
304.70001,10.16377,"15,420.44",0.00718,0.00313,810.49316
304.79999,10.16698,"15,423.17",0.00721,0.00289,810.63635
304.89999,10.17042,"15,424.88",0.00722,0.00302,810.72620
305,10.17386,"15,427.05",0.00723,0.00331,810.84039
305.10001,10.17707,"15,428.07",0.0071,0.00329,810.89423
305.20001,10.18044,"15,428.70",0.00713,0.00321,810.92688
305.29999,10.18387,"15,431.09",0.00713,0.00301,811.05292
305.39999,10.18716,"15,433.33",0.00714,0.00273,811.17047
305.5,10.19045,"15,433.01",0.00709,0.00329,811.15344
305.60001,10.19389,"15,435.55",0.0071,0.00352,811.28735
305.70001,10.19718,"15,437.86",0.00724,0.00385,811.40863
305.79999,10.20047,"15,438.19",0.00726,0.00384,811.42584
305.89999,10.20383,"15,440.20",0.00709,0.00356,811.53143
306,10.20719,"15,440.94",0.00709,0.00348,811.57037
306.10001,10.21033,"15,441.61",0.0071,0.0034,811.60577
306.20001,10.21377,"15,443.61",0.00729,0.00327,811.71075
306.29999,10.21721,"15,446.19",0.00722,0.00325,811.84644
306.39999,10.22042,"15,447.33",0.00722,0.00284,811.90613
306.5,10.22378,"15,448.26",0.00715,0.00296,811.95544
306.60001,10.22722,"15,451.40",0.00726,0.00324,812.12018
306.70001,10.23043,"15,453.06",0.00728,0.00327,812.20776
306.79999,10.23372,"15,452.99",0.00732,0.00324,812.20355
306.89999,10.23708,"15,455.20",0.00712,0.00288,812.31976
307,10.24045,"15,456.82",0.00713,0.00274,812.40497
307.10001,10.24374,"15,458.36",0.00727,0.00326,812.48596
307.20001,10.2471,"15,461.28",0.00721,0.00364,812.63947
307.29999,10.25054,"15,462.98",0.00723,0.00394,812.72864
307.39999,10.25368,"15,463.65",0.00713,0.00387,812.76416
307.5,10.25712,"15,466.50",0.00711,0.00354,812.91394
307.60001,10.26055,"15,470.09",0.0073,0.00351,813.10284
307.70001,10.26369,"15,470.79",0.00721,0.00341,813.13959
307.79999,10.26713,"15,472.41",0.00728,0.00337,813.22449
307.89999,10.27057,"15,476.20",0.00722,0.00311,813.42389
308,10.27378,"15,478.52",0.00732,0.00292,813.54572
308.10001,10.27714,"15,479.53",0.00734,0.00298,813.59857
308.20001,10.28043,"15,480.62",0.00713,0.00338,813.65582
308.29999,10.2838,"15,483.60",0.00714,0.00335,813.81268
308.39999,10.28701,"15,485.60",0.0072,0.00324,813.91779
308.5,10.29045,"15,488.46",0.00725,0.00311,814.06824
308.60001,10.29389,"15,492.00",0.00714,0.00268,814.25391
308.70001,10.29702,"15,491.29",0.00719,0.00327,814.21667
308.79999,10.30046,"15,494.92",0.00718,0.00359,814.40778
308.89999,10.3039,"15,498.44",0.00723,0.00388,814.59290
309,10.30696,"15,498.81",0.00727,0.00393,814.61237
309.10001,10.31048,"15,500.35",0.00713,0.00365,814.69305
309.20001,10.31384,"15,503.69",0.00718,0.00349,814.86865
309.29999,10.31713,"15,505.02",0.00723,0.00348,814.93835
309.39999,10.32049,"15,506.66",0.00731,0.00333,815.02490
309.5,10.32386,"15,508.70",0.00734,0.0032,815.13165
309.60001,10.32714,"15,510.12",0.00732,0.00305,815.20630
309.70001,10.33036,"15,510.85",0.00729,0.0029,815.24487
309.79999,10.3338,"15,513.22",0.0072,0.00321,815.36938
309.89999,10.33723,"15,517.22",0.00717,0.00338,815.57996
310,10.34037,"15,516.25",0.00736,0.00327,815.52875
310.10001,10.34388,"15,520.13",0.00731,0.00305,815.73254
310.20001,10.34725,"15,523.71",0.00713,0.00287,815.92090
310.29999,10.35031,"15,523.81",0.00716,0.00286,815.92596
310.39999,10.35382,"15,526.78",0.00726,0.00351,816.08221
310.5,10.35719,"15,528.38",0.00716,0.00381,816.16650
310.60001,10.36048,"15,532.16",0.0071,0.00392,816.36475
310.70001,10.36384,"15,533.50",0.00714,0.00381,816.43549
310.79999,10.3672,"15,536.91",0.00715,0.00353,816.61462
310.89999,10.37049,"15,539.19",0.00714,0.00346,816.73431
311,10.3737,"15,538.85",0.00715,0.00346,816.71661
311.10001,10.37714,"15,543.03",0.00723,0.00325,816.93604
311.20001,10.3805,"15,546.75",0.00727,0.00295,817.13184
311.29999,10.38365,"15,546.13",0.00737,0.00294,817.09912
311.39999,10.38723,"15,550.38",0.00723,0.00321,817.32251
311.5,10.39059,"15,553.75",0.00717,0.00332,817.49988
311.60001,10.39373,"15,553.74",0.00717,0.00329,817.49927
311.70001,10.39717,"15,557.34",0.00722,0.00324,817.68829
311.79999,10.40046,"15,558.98",0.0073,0.00292,817.77478
311.89999,10.40375,"15,561.41",0.00728,0.00279,817.90222
312,10.40719,"15,564.67",0.00721,0.00348,818.07367
312.10001,10.41055,"15,567.81",0.0072,0.00356,818.23889
312.20001,10.41384,"15,569.96",0.00724,0.00391,818.35156
312.29999,10.41713,"15,570.41",0.00727,0.00384,818.37512
312.39999,10.42056,"15,574.17",0.00728,0.00358,818.57306
312.5,10.42378,"15,578.11",0.0072,0.00349,818.77991
312.60001,10.42699,"15,576.70",0.00718,0.00343,818.70575
312.70001,10.4305,"15,580.02",0.00717,0.00335,818.88043
312.79999,10.43387,"15,583.32",0.00715,0.00306,819.05414
312.89999,10.43701,"15,582.97",0.00714,0.00288,819.03546
313,10.44059,"15,588.95",0.00734,0.0031,819.34979
313.10001,10.44388,"15,589.07",0.00733,0.0032,819.35614
313.20001,10.44702,"15,589.29",0.0073,0.00334,819.36792
313.29999,10.45046,"15,592.13",0.00724,0.00326,819.51703
313.39999,10.45382,"15,594.87",0.00724,0.00285,819.66119
313.5,10.45711,"15,596.10",0.0073,0.00272,819.72565
313.60001,10.4604,"15,597.38",0.00732,0.00355,819.79285
313.70001,10.46391,"15,601.64",0.00729,0.00348,820.01678
313.79999,10.46713,"15,603.33",0.00719,0.00401,820.10583
313.89999,10.47034,"15,602.98",0.00713,0.00388,820.08710
314,10.47378,"15,606.30",0.00716,0.00357,820.26178
314.10001,10.47714,"15,608.43",0.0072,0.00348,820.37347
314.20001,10.48043,"15,609.22",0.00715,0.00339,820.41534
314.29999,10.48387,"15,613.37",0.00716,0.0034,820.63354
314.39999,10.48723,"15,614.32",0.0072,0.00306,820.68317
314.5,10.49044,"15,613.56",0.00731,0.00286,820.64349
314.60001,10.49381,"15,617.32",0.00734,0.00292,820.84088
314.70001,10.49717,"15,618.18",0.00725,0.00319,820.88623
314.79999,10.50038,"15,619.28",0.00717,0.00332,820.94373
314.89999,10.50375,"15,620.66",0.00719,0.00328,821.01642
315,10.50718,"15,623.00",0.00719,0.0029,821.13934
315.10001,10.51047,"15,624.64",0.0073,0.00279,821.22583
315.20001,10.51376,"15,624.91",0.00721,0.00349,821.23975
315.29999,10.51712,"15,627.78",0.00731,0.00362,821.39056
315.39999,10.52041,"15,629.28",0.00719,0.00392,821.46967
315.5,10.5237,"15,629.56",0.00717,0.00389,821.48450
315.60001,10.52714,"15,632.71",0.00713,0.00364,821.64990
315.70001,10.5305,"15,634.72",0.00732,0.00348,821.75562
315.79999,10.53379,"15,634.92",0.00723,0.00339,821.76587
315.89999,10.53716,"15,636.04",0.00716,0.00333,821.82465
316,10.54059,"15,637.95",0.00721,0.00311,821.92529
316.10001,10.54366,"15,637.95",0.00732,0.00289,821.92505
316.20001,10.54709,"15,639.01",0.00739,0.00292,821.98114
316.29999,10.55053,"15,641.03",0.00724,0.00336,822.08734
316.39999,10.55375,"15,642.19",0.00724,0.00327,822.14819
316.5,10.55718,"15,642.71",0.0072,0.0032,822.17529
316.60001,10.56055,"15,645.01",0.00724,0.00301,822.29639
316.70001,10.56383,"15,644.70",0.0072,0.00296,822.27997
316.79999,10.56705,"15,645.69",0.00719,0.00345,822.33197
316.89999,10.57041,"15,648.24",0.00722,0.00365,822.46625
317,10.57385,"15,650.28",0.0072,0.00388,822.57324
317.10001,10.57714,"15,650.56",0.00727,0.00377,822.58783
317.20001,10.58043,"15,651.55",0.00719,0.00357,822.64026
317.29999,10.58394,"15,654.69",0.0072,0.0035,822.80505
317.39999,10.587,"15,655.07",0.00728,0.00345,822.82495
317.5,10.59044,"15,656.44",0.00729,0.00329,822.89728
317.60001,10.59388,"15,657.75",0.00719,0.00309,822.96600
317.70001,10.59702,"15,659.04",0.00724,0.00297,823.03369
317.79999,10.60046,"15,661.53",0.00727,0.00297,823.16455
317.89999,10.60389,"15,664.84",0.00738,0.00314,823.33875
318,10.60711,"15,666.27",0.00737,0.00332,823.41394
318.10001,10.61047,"15,666.85",0.00731,0.00327,823.44440
318.20001,10.61376,"15,670.03",0.00722,0.00302,823.61145
318.29999,10.6172,"15,672.76",0.00724,0.00272,823.75476
318.39999,10.62041,"15,673.31",0.00732,0.00347,823.78387
318.5,10.62377,"15,675.28",0.00729,0.00352,823.88708
318.60001,10.62736,"15,678.88",0.00724,0.00393,824.07660
318.70001,10.63035,"15,679.01",0.00721,0.00385,824.08331
318.79999,10.63386,"15,681.83",0.00716,0.00372,824.23157
318.89999,10.6373,"15,684.70",0.00718,0.00354,824.38263
319,10.64029,"15,684.55",0.00715,0.00345,824.37439
319.10001,10.6438,"15,685.95",0.00715,0.00331,824.44788
319.20001,10.64724,"15,690.45",0.00724,0.00319,824.68463
319.29999,10.65046,"15,691.40",0.00722,0.00294,824.73468
319.39999,10.65382,"15,692.01",0.00718,0.00294,824.76660
319.5,10.65718,"15,695.19",0.00717,0.00322,824.93378
319.60001,10.66054,"15,698.77",0.00718,0.00333,825.12219
319.70001,10.66368,"15,698.28",0.00724,0.00326,825.09595
319.79999,10.66712,"15,700.89",0.00717,0.00309,825.23358
319.89999,10.67048,"15,702.73",0.00717,0.00282,825.33026
320,10.67362,"15,703.21",0.0072,0.00323,825.35541
320.10001,10.67721,"15,707.45",0.00719,0.00354,825.57837
320.20001,10.68058,"15,709.90",0.00721,0.00376,825.70691
320.29999,10.68364,"15,709.15",0.00714,0.00391,825.66730
320.39999,10.68715,"15,711.22",0.00716,0.00376,825.77643
320.5,10.69051,"15,713.29",0.00711,0.00362,825.88489
320.60001,10.69373,"15,715.17",0.00716,0.00343,825.98364
320.70001,10.69717,"15,716.02",0.00717,0.00336,826.02856
320.79999,10.70053,"15,717.53",0.00713,0.00328,826.10815
320.89999,10.70389,"15,720.13",0.00725,0.00295,826.24457
321,10.70703,"15,720.63",0.00727,0.003,826.27087
321.10001,10.71047,"15,723.17",0.00722,0.0032,826.40417
321.20001,10.71383,"15,724.97",0.0072,0.00335,826.49878
321.29999,10.71697,"15,723.70",0.00722,0.00333,826.43250
321.39999,10.72056,"15,728.50",0.00719,0.00321,826.68439
321.5,10.72392,"15,730.86",0.00721,0.00281,826.80859
321.60001,10.72699,"15,729.26",0.00723,0.00336,826.72437
321.70001,10.73057,"15,733.60",0.00722,0.00351,826.95270
321.79999,10.73386,"15,734.72",0.00722,0.00371,827.01147
321.89999,10.737,"15,735.68",0.00727,0.0039,827.06183
322,10.74044,"15,738.49",0.00719,0.00381,827.20947
322.10001,10.7438,"15,739.42",0.00717,0.00353,827.25873
322.20001,10.74717,"15,742.86",0.0072,0.00342,827.43909
322.29999,10.75045,"15,743.85",0.00717,0.00339,827.49152
322.39999,10.75389,"15,746.88",0.00722,0.00329,827.65045
322.5,10.75718,"15,749.07",0.00725,0.00302,827.76562
322.60001,10.76032,"15,747.58",0.00727,0.00293,827.68744
322.70001,10.76383,"15,753.26",0.00722,0.00317,827.98596
322.79999,10.76719,"15,755.32",0.00721,0.00347,828.09418
322.89999,10.77041,"15,755.61",0.00725,0.00328,828.10931
323,10.77392,"15,758.05",0.00724,0.00321,828.23785
323.10001,10.77721,"15,760.25",0.00723,0.00297,828.35315
323.20001,10.78042,"15,762.36",0.00728,0.00312,828.46417
323.29999,10.78378,"15,763.70",0.00726,0.00352,828.53467
323.39999,10.78707,"15,765.77",0.00727,0.00359,828.64349
323.5,10.79044,"15,767.67",0.00727,0.00387,828.74316
323.60001,10.7938,"15,768.91",0.00733,0.00391,828.80829
323.70001,10.79716,"15,772.78",0.00721,0.00358,829.01166
323.79999,10.80053,"15,774.74",0.00728,0.00346,829.11505
323.89999,10.80374,"15,773.59",0.00723,0.00342,829.05444
324,10.8071,"15,777.66",0.0072,0.00339,829.26813
324.10001,10.81047,"15,780.54",0.00722,0.00302,829.41949
324.20001,10.81368,"15,780.62",0.00725,0.00286,829.42407
324.29999,10.81719,"15,783.23",0.00727,0.00318,829.56097
324.39999,10.82056,"15,785.47",0.00726,0.00343,829.67889
324.5,10.82377,"15,786.28",0.00727,0.00336,829.72137
324.60001,10.82713,"15,788.78",0.00722,0.00326,829.85291
324.70001,10.8305,"15,790.31",0.0073,0.00285,829.93341
324.79999,10.83371,"15,791.51",0.00726,0.00281,829.99640
324.89999,10.83707,"15,792.52",0.00725,0.00347,830.04944
325,10.84059,"15,795.63",0.00733,0.00362,830.21301
325.10001,10.8438,"15,799.17",0.00721,0.00385,830.39899
325.20001,10.84709,"15,798.77",0.00724,0.00386,830.37787
325.29999,10.85053,"15,801.03",0.00727,0.00356,830.49670
325.39999,10.85382,"15,804.36",0.00718,0.00359,830.67181
325.5,10.85703,"15,805.09",0.00724,0.00346,830.70996
325.60001,10.86047,"15,808.17",0.00722,0.00335,830.87183
325.70001,10.8639,"15,810.17",0.00722,0.00325,830.97711
325.79999,10.86712,"15,811.68",0.00726,0.00293,831.05646
325.89999,10.87048,"15,814.88",0.00729,0.00315,831.22449
326,10.87392,"15,817.72",0.00727,0.00341,831.37372
326.10001,10.87706,"15,817.90",0.00727,0.00337,831.38354
326.20001,10.88042,"15,819.04",0.00724,0.00331,831.44318
326.29999,10.88386,"15,823.21",0.00725,0.00301,831.66223
326.39999,10.88707,"15,826.67",0.00728,0.00272,831.84454
326.5,10.89044,"15,827.49",0.00723,0.00349,831.88739
326.60001,10.89387,"15,829.96",0.00724,0.00355,832.01697
326.70001,10.89716,"15,832.30",0.0073,0.00389,832.14014
326.79999,10.90038,"15,833.40",0.00726,0.00394,832.19824
326.89999,10.90374,"15,836.91",0.00734,0.00364,832.38275
327,10.90718,"15,839.25",0.00728,0.00355,832.50580
327.10001,10.91039,"15,841.25",0.00724,0.00349,832.61047
327.20001,10.91383,"15,845.10",0.00726,0.00335,832.81317
327.29999,10.91734,"15,849.39",0.00732,0.00312,833.03864
327.39999,10.92048,"15,851.25",0.00724,0.00296,833.13647
327.5,10.92377,"15,852.84",0.00732,0.00315,833.21960
327.60001,10.92721,"15,857.69",0.00726,0.00334,833.47485
327.70001,10.93035,"15,859.51",0.00728,0.0034,833.57062
327.79999,10.93386,"15,861.97",0.00732,0.00323,833.69977
327.89999,10.93722,"15,865.58",0.00726,0.00303,833.88934
328,10.94051,"15,868.25",0.00728,0.00278,834.02966
328.10001,10.9438,"15,869.52",0.00726,0.00332,834.09668
328.20001,10.94716,"15,873.40",0.0073,0.00349,834.30029
328.29999,10.95052,"15,876.61",0.00734,0.00373,834.46924
328.39999,10.95366,"15,876.80",0.00733,0.004,834.47913
328.5,10.9571,"15,882.16",0.00726,0.00382,834.76074
328.60001,10.96061,"15,885.78",0.00726,0.00363,834.95093
328.70001,10.96368,"15,886.75",0.00726,0.00347,835.00189
328.79999,10.96719,"15,889.80",0.0073,0.00344,835.16223
328.89999,10.97055,"15,892.31",0.00739,0.00338,835.29437
329,10.97369,"15,894.89",0.00734,0.00306,835.42969
329.10001,10.97713,"15,897.81",0.00734,0.00296,835.58362
329.20001,10.98049,"15,900.98",0.00726,0.00315,835.74994
329.29999,10.98378,"15,903.32",0.0073,0.00336,835.87299
329.39999,10.98722,"15,906.80",0.00728,0.00324,836.05579
329.5,10.99058,"15,910.22",0.00732,0.00313,836.23553
329.60001,10.99387,"15,911.63",0.00736,0.00281,836.31000
329.70001,10.99701,"15,912.13",0.00733,0.00293,836.33594
329.79999,11.00045,"15,914.96",0.00729,0.00348,836.48474
329.89999,11.00389,"15,918.77",0.00733,0.00393,836.68524
330,11.00703,"15,919.16",0.00732,0.00389,836.70563
330.10001,11.01061,"15,923.57",0.00736,0.0038,836.93756
330.20001,11.0139,"15,925.25",0.00739,0.00377,837.02545
330.29999,11.01704,"15,926.05",0.00731,0.00358,837.06769
330.39999,11.02055,"15,929.35",0.00733,0.00334,837.24115
330.5,11.02384,"15,931.73",0.00733,0.00324,837.36633
330.60001,11.02705,"15,933.88",0.00736,0.0029,837.47906
330.70001,11.03049,"15,935.76",0.0073,0.00296,837.57806
330.79999,11.03386,"15,938.69",0.00735,0.00312,837.73212
330.89999,11.03722,"15,942.04",0.00735,0.00345,837.90820
331,11.04043,"15,941.86",0.00735,0.00336,837.89874
331.10001,11.0438,"15,943.96",0.00739,0.00322,838.00885
331.20001,11.04716,"15,947.28",0.00737,0.00295,838.18359
331.29999,11.0503,"15,947.40",0.00737,0.00313,838.18964
331.39999,11.05381,"15,952.77",0.0074,0.00347,838.47198
331.5,11.05725,"15,954.46",0.00734,0.00359,838.56073
331.60001,11.06039,"15,954.90",0.00736,0.00404,838.58398
331.70001,11.0639,"15,958.56",0.00735,0.00386,838.77625
331.79999,11.06719,"15,960.88",0.00739,0.00369,838.89825
331.89999,11.0704,"15,960.88",0.00738,0.00352,838.89856
332,11.07377,"15,961.76",0.00739,0.00341,838.94452
332.10001,11.07713,"15,964.93",0.00732,0.00334,839.11133
332.20001,11.08049,"15,968.13",0.00739,0.00306,839.27917
332.29999,11.08378,"15,968.17",0.00732,0.00294,839.28174
332.39999,11.08722,"15,970.20",0.00733,0.00293,839.38818
332.5,11.09051,"15,972.83",0.00737,0.00308,839.52643
332.60001,11.09372,"15,971.95",0.00734,0.0033,839.48035
332.70001,11.09716,"15,976.44",0.00733,0.00318,839.71631
332.79999,11.10052,"15,977.70",0.00739,0.003,839.78247
332.89999,11.10373,"15,977.81",0.00733,0.003,839.78796
333,11.10717,"15,982.52",0.00736,0.00351,840.03552
333.10001,11.11053,"15,983.75",0.00732,0.00362,840.10028
333.20001,11.11375,"15,985.34",0.00743,0.00393,840.18390
333.29999,11.11711,"15,987.11",0.00734,0.00387,840.27692
333.39999,11.12048,"15,988.61",0.00738,0.00378,840.35583
333.5,11.12376,"15,992.21",0.00737,0.00357,840.54486
333.60001,11.12705,"15,992.79",0.00734,0.00341,840.57538
333.70001,11.13057,"15,996.75",0.00739,0.00333,840.78339
333.79999,11.13378,"15,997.73",0.00734,0.00306,840.83533
333.89999,11.13707,"15,997.88",0.00732,0.00289,840.84302
334,11.1405,"16,001.85",0.00733,0.00289,841.05188
334.10001,11.14387,"16,004.32",0.00734,0.0031,841.18127
334.20001,11.14701,"16,004.20",0.00735,0.0033,841.17535
334.29999,11.15052,"16,007.24",0.00736,0.00323,841.33490
334.39999,11.15388,"16,010.16",0.00732,0.00312,841.48846
334.5,11.1571,"16,011.04",0.00734,0.00291,841.53491
334.60001,11.16046,"16,013.34",0.00738,0.0035,841.65540
334.70001,11.16382,"16,013.51",0.00737,0.00356,841.66479
334.79999,11.16711,"16,015.84",0.00741,0.00391,841.78717
334.89999,11.1704,"16,016.92",0.00741,0.00389,841.84387
335,11.17384,"16,020.31",0.00736,0.0037,842.02173
335.10001,11.17713,"16,021.92",0.00737,0.0035,842.10638
335.20001,11.18042,"16,021.34",0.00735,0.00343,842.07599
335.29999,11.18385,"16,024.85",0.0074,0.00333,842.26050
335.39999,11.18714,"16,027.06",0.00736,0.003,842.37665
335.5,11.19035,"16,027.03",0.00731,0.00295,842.37494
335.60001,11.19379,"16,028.71",0.00732,0.00287,842.46362
335.70001,11.19723,"16,031.87",0.00734,0.00312,842.62939
335.79999,11.20045,"16,033.33",0.00733,0.00333,842.70642
335.89999,11.20381,"16,034.23",0.00735,0.00325,842.75372
336,11.20724,"16,036.26",0.00738,0.00311,842.86023
336.10001,11.21038,"16,037.31",0.00739,0.00288,842.91553
336.20001,11.21375,"16,038.50",0.00737,0.00355,842.97803
336.29999,11.21719,"16,041.78",0.00738,0.0036,843.15063
336.39999,11.2204,"16,043.56",0.00738,0.00386,843.24420
336.5,11.22376,"16,042.61",0.00736,0.00396,843.19409
336.60001,11.2272,"16,046.92",0.00741,0.00384,843.42053
336.70001,11.23049,"16,048.26",0.00736,0.00353,843.49084
336.79999,11.2337,"16,048.45",0.00736,0.00342,843.50122
336.89999,11.23706,"16,049.36",0.00738,0.00328,843.54865
337,11.2405,"16,053.24",0.00737,0.00302,843.75293
337.10001,11.24364,"16,054.39",0.00731,0.00293,843.81329
337.20001,11.24708,"16,056.84",0.00739,0.00284,843.94196
337.29999,11.25067,"16,059.89",0.00735,0.00308,844.10205
337.39999,11.25366,"16,059.41",0.00732,0.00322,844.07709
337.5,11.2571,"16,062.29",0.00736,0.00332,844.22864
337.60001,11.26053,"16,064.97",0.00736,0.00325,844.36945
337.70001,11.26367,"16,066.39",0.00738,0.00288,844.44403
337.79999,11.26711,"16,067.49",0.00741,0.00331,844.50177
337.89999,11.27055,"16,070.83",0.00736,0.00359,844.67737
338,11.27384,"16,074.07",0.00738,0.00383,844.84772
338.10001,11.27712,"16,074.71",0.00739,0.0039,844.88129
338.20001,11.28056,"16,077.66",0.00738,0.00384,845.03601
338.29999,11.28385,"16,079.49",0.00738,0.00357,845.13220
338.39999,11.28699,"16,080.51",0.00739,0.00344,845.18628
338.5,11.29043,"16,083.34",0.00736,0.00336,845.33472
338.60001,11.29394,"16,086.92",0.0074,0.00316,845.52313
338.70001,11.297,"16,086.17",0.00732,0.00293,845.48370
338.79999,11.30059,"16,089.71",0.00733,0.00283,845.66968
338.89999,11.30388,"16,093.48",0.0073,0.00305,845.86792
339,11.30702,"16,094.00",0.00734,0.00319,845.89484
339.10001,11.31053,"16,095.11",0.00737,0.00324,845.95325
339.20001,11.31382,"16,098.42",0.00739,0.00324,846.12769
339.29999,11.31711,"16,099.76",0.00742,0.00298,846.19794
339.39999,11.32047,"16,101.67",0.00741,0.00348,846.29846
339.5,11.32383,"16,104.93",0.0074,0.0036,846.46960
339.60001,11.3272,"16,107.04",0.00742,0.00385,846.58020
339.70001,11.33034,"16,106.10",0.00739,0.004,846.53094
339.79999,11.33377,"16,108.50",0.00739,0.00393,846.65692
339.89999,11.33721,"16,109.75",0.00736,0.00362,846.72290
340,11.34035,"16,107.74",0.00737,0.00348,846.61737
340.10001,11.34386,"16,109.27",0.00736,0.00336,846.69757
340.20001,11.34723,"16,112.26",0.00741,0.00317,846.85474
340.29999,11.35044,"16,112.84",0.00741,0.00296,846.88544
340.39999,11.35388,"16,115.34",0.00742,0.00285,847.01678
340.5,11.35717,"16,116.06",0.00737,0.00293,847.05444
340.60001,11.36038,"16,118.73",0.0074,0.00323,847.19501
340.70001,11.36374,"16,120.91",0.00742,0.00326,847.30957
340.79999,11.36718,"16,123.74",0.00743,0.00327,847.45807
340.89999,11.37055,"16,127.09",0.00742,0.00297,847.63416
341,11.37376,"16,127.52",0.00746,0.00311,847.65704
341.10001,11.37712,"16,131.41",0.00741,0.00367,847.86151
341.20001,11.38049,"16,134.66",0.00744,0.00378,848.03235
341.29999,11.38363,"16,135.08",0.00741,0.004,848.05408
341.39999,11.38714,"16,138.24",0.0074,0.00383,848.22021
341.5,11.3905,"16,142.46",0.00739,0.0037,848.44220
341.60001,11.39379,"16,143.58",0.00742,0.00347,848.50116
341.70001,11.39723,"16,147.85",0.00746,0.0034,848.72534
341.79999,11.40052,"16,104.48",0.00743,0.00317,846.44592
341.832,11.40164,"15,839.07",0.00734,0.00321,832.49622
341.84799,11.40216,"15,557.60",0.00719,0.00339,817.70197
341.862,11.40261,"15,289.57",0.00704,0.00339,803.61450
341.87799,11.40313,"15,032.65",0.00692,0.00325,790.11108
341.89999,11.40388,"14,773.06",0.00682,0.00305,776.46704
341.92801,11.40477,"14,513.75",0.00676,0.00327,762.83783
341.95999,11.4059,"14,262.65",0.00668,0.00346,749.63977
342.004,11.40739,"14,008.38",0.00655,0.00288,736.27551
342.09799,11.41045,"13,758.00",0.00652,0.00302,723.11584
342.198,11.41382,"13,631.82",0.0063,0.00283,716.48376
342.298,11.41703,"13,554.23",0.00632,0.00349,712.40540
342.39801,11.42047,"13,505.43",0.00626,0.00352,709.84076
342.49799,11.42383,"13,470.42",0.00623,0.0032,708.00055
342.59799,11.42697,"13,441.81",0.00621,0.003,706.49664
342.698,11.43048,"13,423.19",0.00619,0.00261,705.51849
342.798,11.43377,"13,407.91",0.00616,0.00252,704.71527
342.89801,11.43699,"13,395.78",0.00621,0.00238,704.07751
342.99799,11.44042,"13,389.35",0.00616,0.00281,703.73962
343.09799,11.44386,"13,383.23",0.00615,0.00288,703.41797
343.198,11.44708,"13,377.46",0.00616,0.00283,703.11481
343.298,11.45037,"13,373.28",0.00622,0.00266,702.89478
343.39801,11.45373,"13,372.33",0.00624,0.00336,702.84491
343.49799,11.45702,"13,374.10",0.00621,0.0034,702.93799
343.59799,11.46031,"13,371.89",0.00622,0.00368,702.82178
343.698,11.46382,"13,373.34",0.00623,0.00353,702.89819
343.798,11.46711,"13,376.28",0.00622,0.00334,703.05249
343.89801,11.47032,"13,376.34",0.00623,0.00313,703.05560
343.99799,11.47376,"13,380.05",0.00623,0.00304,703.25085
344.09799,11.47712,"13,381.08",0.00622,0.00294,703.30475
344.198,11.48033,"13,382.20",0.00623,0.00282,703.36365
344.298,11.48377,"13,386.21",0.00621,0.0025,703.57471
344.39801,11.48714,"13,389.06",0.00623,0.00246,703.72437
344.49799,11.49035,"13,389.87",0.00623,0.00234,703.76709
344.59799,11.49371,"13,392.03",0.00628,0.00287,703.88055
344.698,11.49715,"13,395.00",0.00626,0.0029,704.03632
344.798,11.50036,"13,398.13",0.00626,0.00285,704.20087
344.89801,11.50365,"13,397.58",0.00624,0.00256,704.17218
344.99799,11.50716,"13,401.03",0.00625,0.00328,704.35339
345.09799,11.51045,"13,403.34",0.00628,0.00341,704.47491
345.198,11.51374,"13,403.83",0.0063,0.00366,704.50043
345.298,11.51718,"13,407.50",0.00628,0.0035,704.69373
345.39801,11.52047,"13,408.26",0.00629,0.00321,704.73328
345.49799,11.52361,"13,407.64",0.00631,0.00316,704.70111
345.59799,11.52704,"13,409.64",0.00629,0.00308,704.80615
345.698,11.53048,"13,411.79",0.0063,0.00295,704.91888
345.798,11.53362,"13,411.59",0.00632,0.00282,704.90863
345.89801,11.53706,"13,411.86",0.00633,0.00256,704.92273
345.99799,11.5405,"13,413.62",0.0063,0.0025,705.01514
346.09799,11.54364,"13,413.49",0.00625,0.0025,705.00861
346.198,11.547,"13,412.84",0.00627,0.00295,704.97437
346.298,11.55044,"13,413.17",0.00631,0.0029,704.99152
346.39801,11.55365,"13,412.88",0.0063,0.00281,704.97607
346.49799,11.55709,"13,412.11",0.00631,0.00289,704.93604
346.59799,11.56045,"13,413.99",0.00631,0.00332,705.03467
346.698,11.56381,"13,412.90",0.00628,0.00345,704.97760
346.798,11.56703,"13,410.49",0.00632,0.00365,704.85077
346.89801,11.57039,"13,411.57",0.00634,0.0034,704.90759
346.99799,11.57383,"13,411.78",0.00633,0.00321,704.91876
347.09799,11.57697,"13,409.88",0.00635,0.0031,704.81848
347.198,11.58041,"13,408.52",0.00634,0.00299,704.74731
347.298,11.58392,"13,409.09",0.00634,0.0029,704.77716
347.39801,11.58698,"13,407.57",0.00635,0.00278,704.69714
347.49799,11.59042,"13,406.95",0.00635,0.0025,704.66455
347.59799,11.59386,"13,405.68",0.00635,0.00254,704.59784
347.698,11.59692,"13,403.21",0.00634,0.00276,704.46802
347.798,11.60044,"13,401.89",0.00633,0.00294,704.39880
347.89801,11.60373,"13,402.06",0.00631,0.00287,704.40759
347.99799,11.60709,"13,400.88",0.00633,0.00279,704.34540
348.09799,11.61038,"13,397.09",0.00632,0.00318,704.14655
348.198,11.61374,"13,395.53",0.00632,0.00332,704.06433
348.298,11.61718,"13,395.20",0.00632,0.00364,704.04688
348.39801,11.62024,"13,391.17",0.00632,0.00352,703.83551
348.49799,11.62375,"13,390.69",0.00632,0.0032,703.81024
348.59799,11.62719,"13,387.69",0.00625,0.00314,703.65234
348.698,11.63026,"13,384.04",0.00637,0.00306,703.46069
348.798,11.63384,"13,382.57",0.00628,0.00298,703.38330
348.89801,11.63721,"13,380.54",0.00638,0.00265,703.27686
348.99799,11.64035,"13,376.29",0.00623,0.00245,703.05304
349.09799,11.64378,"13,373.85",0.00622,0.0026,702.92499
349.198,11.64707,"13,372.06",0.00621,0.00294,702.83087
349.298,11.65036,"13,369.71",0.00634,0.00291,702.70709
349.39801,11.65372,"13,366.29",0.00636,0.00284,702.52765
349.49799,11.65709,"13,363.37",0.00635,0.00268,702.37390
349.59799,11.66052,"13,362.03",0.00646,0.0032,702.30371
349.698,11.66366,"13,357.92",0.00631,0.0033,702.08783
349.798,11.66703,"13,355.56",0.00634,0.00354,701.96381
349.89801,11.67046,"13,352.47",0.00633,0.00358,701.80121
349.99799,11.6736,"13,348.77",0.00631,0.00332,701.60651
350.09799,11.67712,"13,346.66",0.00621,0.00313,701.49585
350.198,11.68048,"13,344.79",0.00618,0.00304,701.39728
350.298,11.68369,"13,340.98",0.00607,0.00289,701.19714
350.39801,11.68713,"13,337.59",0.00612,0.00265,701.01898
350.49799,11.69042,"13,335.71",0.00626,0.00248,700.92023
350.59799,11.69371,"13,333.36",0.0061,0.00256,700.79663
350.698,11.697,"13,329.51",0.00619,0.00298,700.59436
350.798,11.70036,"13,325.85",0.0062,0.00293,700.40198
350.89801,11.7038,"13,324.27",0.00619,0.00286,700.31903
350.99799,11.70701,"13,318.91",0.00621,0.00256,700.03735
351.09799,11.71045,"13,318.56",0.00624,0.00327,700.01892
351.198,11.71381,"13,315.88",0.00612,0.00333,699.87799
351.298,11.71695,"13,307.96",0.0061,0.00339,699.46204
351.39801,11.72046,"13,308.57",0.00613,0.00347,699.49402
351.49799,11.72383,"13,304.14",0.00612,0.00334,699.26099
351.59799,11.72704,"13,299.81",0.00617,0.00306,699.03363
351.698,11.73048,"13,296.10",0.00604,0.00309,698.83862
351.798,11.73377,"13,292.31",0.00605,0.00271,698.63928
351.89801,11.73705,"13,290.07",0.00613,0.0026,698.52124
351.99799,11.74034,"13,284.49",0.00611,0.0025,698.22797
352.09799,11.74371,"13,281.16",0.00611,0.00247,698.05316
352.198,11.74707,"13,278.61",0.00618,0.00298,697.91925
352.298,11.75036,"13,273.49",0.00607,0.00284,697.65015
352.39801,11.7538,"13,270.62",0.00615,0.00274,697.49945
352.49799,11.75716,"13,269.01",0.00613,0.00271,697.41455
352.59799,11.76022,"13,261.57",0.00609,0.00323,697.02344
352.698,11.76374,"13,259.86",0.00611,0.00332,696.93372
352.798,11.7671,"13,256.49",0.00614,0.00359,696.75641
352.89801,11.77031,"13,251.13",0.00613,0.00342,696.47479
352.99799,11.77383,"13,248.83",0.00607,0.00321,696.35388
353.09799,11.77711,"13,244.51",0.00611,0.00308,696.12677
353.198,11.7804,"13,241.96",0.00609,0.00299,695.99310
353.298,11.78369,"13,238.02",0.00611,0.00259,695.78552
353.39801,11.78713,"13,234.84",0.00605,0.00259,695.61884
353.49799,11.79042,"13,231.63",0.0061,0.00246,695.44965
353.59799,11.79363,"13,226.21",0.00606,0.00235,695.16492
353.698,11.79714,"13,224.91",0.00608,0.00271,695.09686
353.798,11.80043,"13,221.27",0.00605,0.00285,694.90552
353.89801,11.80372,"13,214.68",0.0061,0.00278,694.55908
353.99799,11.80716,"13,212.64",0.00609,0.00296,694.45172
354.09799,11.81045,"13,209.37",0.00608,0.0034,694.27985
354.198,11.81366,"13,204.44",0.00605,0.00338,694.02081
354.298,11.81702,"13,200.49",0.00609,0.00354,693.81299
354.39801,11.82046,"13,196.27",0.00608,0.00344,693.59125
354.49799,11.82368,"13,192.02",0.00612,0.00323,693.36804
354.59799,11.82704,"13,187.50",0.0061,0.00309,693.13055
354.698,11.83048,"13,185.42",0.00607,0.00295,693.02094
354.798,11.83362,"13,180.94",0.00605,0.00264,692.78571
354.89801,11.83698,"13,175.82",0.00604,0.00249,692.51660
354.99799,11.84049,"13,174.37",0.00605,0.00241,692.44019
355.09799,11.8437,"13,170.64",0.00604,0.00235,692.24432
355.198,11.84707,"13,165.76",0.00604,0.00289,691.98804
355.298,11.85043,"13,163.20",0.00609,0.00282,691.85315
355.39801,11.85379,"13,160.10",0.00607,0.00281,691.69006
355.49799,11.85701,"13,154.73",0.00606,0.00295,691.40833
355.59799,11.86037,"13,151.73",0.00606,0.00332,691.25024
355.698,11.86381,"13,148.47",0.00609,0.0034,691.07916
355.798,11.86695,"13,143.14",0.00603,0.00361,690.79907
355.89801,11.87046,"13,140.21",0.00605,0.00343,690.64484
355.99799,11.8739,"13,138.34",0.00607,0.00327,690.54688
356.09799,11.87696,"13,133.63",0.00607,0.00303,690.29901
356.198,11.8804,"13,129.31",0.00605,0.00286,690.07190
356.298,11.88376,"13,126.91",0.00604,0.00271,689.94574
356.39801,11.88698,"13,123.85",0.00604,0.00255,689.78479
356.49799,11.89042,"13,119.82",0.00604,0.00234,689.57336
356.59799,11.89378,"13,117.92",0.00604,0.00234,689.47363
356.698,11.89714,"13,114.68",0.00607,0.00267,689.30292
356.798,11.90036,"13,110.52",0.00606,0.00279,689.08423
356.89801,11.90372,"13,108.83",0.00607,0.00279,688.99561
356.99799,11.90708,"13,106.12",0.00606,0.00294,688.85321
357.09799,11.91022,"13,100.42",0.00606,0.00332,688.55347
357.198,11.91373,"13,098.90",0.00608,0.00351,688.47345
357.298,11.91717,"13,096.47",0.00609,0.00357,688.34601
357.39801,11.92031,"13,091.60",0.00607,0.0034,688.09009
357.49799,11.92375,"13,088.37",0.00607,0.00314,687.92017
357.59799,11.92711,"13,085.31",0.00604,0.00303,687.75964
357.698,11.93033,"13,082.23",0.00605,0.00294,687.59729
357.798,11.93376,"13,079.02",0.00608,0.00274,687.42902
357.89801,11.93713,"13,076.50",0.00606,0.0025,687.29657
357.99799,11.94041,"13,073.05",0.00605,0.00236,687.11517
358.09799,11.9437,"13,068.90",0.00604,0.00225,686.89667
358.198,11.94714,"13,067.68",0.00607,0.00284,686.83295
358.298,11.9505,"13,065.40",0.00607,0.00277,686.71307
358.39801,11.95364,"13,058.76",0.00607,0.00276,686.36383
358.49799,11.95701,"13,055.81",0.00608,0.00273,686.20862
358.59799,11.96044,"13,054.80",0.00604,0.00322,686.15601
358.698,11.96366,"13,050.62",0.00607,0.00334,685.93591
358.798,11.96717,"13,047.93",0.00606,0.00354,685.79449
358.89801,11.97046,"13,043.64",0.00609,0.00333,685.56897
358.99799,11.97367,"13,040.61",0.00609,0.00315,685.40973
359.09799,11.97711,"13,038.41",0.00606,0.00302,685.29437
359.198,11.98032,"13,035.27",0.00607,0.00282,685.12915
359.298,11.98369,"13,031.16",0.00613,0.00278,684.91321
359.39801,11.98697,"13,027.13",0.00612,0.00255,684.70160
359.49799,11.99041,"13,027.25",0.00609,0.00243,684.70801
359.59799,11.99385,"13,025.88",0.00607,0.00249,684.63574
359.698,11.99699,"13,020.24",0.00609,0.00284,684.33936
359.798,12.00035,"13,017.25",0.00609,0.00281,684.18237
359.89801,12.00379,"13,016.57",0.00606,0.00274,684.14667
359.99799,12.00693,"13,011.96",0.00605,0.00261,683.90436
360.09799,12.01044,"13,010.74",0.00609,0.00327,683.83997
360.198,12.01388,"13,007.73",0.00607,0.00335,683.68182
360.298,12.01702,"13,003.76",0.00609,0.00354,683.47302
360.39801,12.02053,"13,001.95",0.00611,0.00334,683.37805
360.49799,12.02375,"12,998.83",0.0061,0.0031,683.21417
360.59799,12.02703,"12,997.01",0.00607,0.00303,683.11853
360.698,12.03032,"12,991.68",0.00611,0.00291,682.83832
360.798,12.03368,"12,989.51",0.00617,0.00282,682.72412
360.89801,12.03712,"12,987.83",0.00621,0.00246,682.63605
360.99799,12.04034,"12,983.32",0.00613,0.00242,682.39868
361.09799,12.04377,"12,980.63",0.00612,0.0025,682.25751
361.198,12.04714,"12,978.99",0.00607,0.00284,682.17139
361.298,12.0502,"12,974.64",0.00608,0.00281,681.94244
361.39801,12.05379,"12,973.97",0.00608,0.00279,681.90759
361.49799,12.05715,"12,971.72",0.00608,0.0025,681.78912
361.59799,12.06029,"12,966.65",0.00609,0.00321,681.52264
361.698,12.0638,"12,966.33",0.00607,0.00319,681.50568
361.798,12.06717,"12,963.50",0.0061,0.00355,681.35699
361.89801,12.07038,"12,960.40",0.00609,0.0033,681.19391
361.99799,12.07367,"12,955.13",0.00611,0.00312,680.91736
362.09799,12.07703,"12,952.62",0.00612,0.00301,680.78516
362.198,12.08047,"12,951.19",0.00611,0.0029,680.71008
362.298,12.08368,"12,946.17",0.00611,0.00275,680.44598
362.39801,12.0872,"12,944.30",0.00611,0.00248,680.34784
362.49799,12.09049,"12,941.72",0.00612,0.00238,680.21246
362.59799,12.09362,"12,936.42",0.00615,0.00264,679.93359
362.698,12.09714,"12,935.19",0.00608,0.00271,679.86938
362.798,12.1005,"12,932.42",0.00606,0.00282,679.72339
362.89801,12.10364,"12,927.33",0.00604,0.00278,679.45605
362.99799,12.10708,"12,925.49",0.00604,0.00261,679.35950
363.09799,12.11051,"12,923.04",0.00606,0.00334,679.23065
363.198,12.11373,"12,919.52",0.00607,0.00339,679.04535
363.298,12.11702,"12,914.79",0.00608,0.00354,678.79694
363.39801,12.12046,"12,911.84",0.00607,0.00333,678.64172
363.49799,12.12374,"12,909.66",0.00608,0.00304,678.52734
363.59799,12.12696,"12,904.73",0.00611,0.00301,678.26807
363.698,12.13047,"12,903.24",0.0061,0.00292,678.18988
363.798,12.13376,"12,899.44",0.00612,0.00267,677.98993
363.89801,12.13705,"12,894.39",0.00609,0.00256,677.72449
363.99799,12.14048,"12,893.39",0.00609,0.00235,677.67194
364.09799,12.14377,"12,889.18",0.00612,0.00262,677.45105
364.198,12.14699,"12,884.07",0.0061,0.00283,677.18237
364.298,12.15043,"12,881.67",0.0061,0.00282,677.05585
364.39801,12.15379,"12,878.33",0.00605,0.00274,676.88031
364.49799,12.157,"12,874.16",0.00608,0.00284,676.66150
364.59799,12.16044,"12,870.11",0.00608,0.00312,676.44867
364.698,12.16388,"12,866.46",0.00603,0.0034,676.25653
364.798,12.16702,"12,862.28",0.00609,0.00347,676.03687
364.89801,12.17038,"12,858.11",0.00609,0.00327,675.81787
364.99799,12.17374,"12,855.06",0.00609,0.00304,675.65778
365.09799,12.17703,"12,850.81",0.0061,0.00293,675.43414
365.198,12.18039,"12,845.15",0.00611,0.00285,675.13672
365.298,12.18383,"12,844.23",0.00608,0.00269,675.08838
365.39801,12.18712,"12,839.19",0.0061,0.00245,674.82324
365.49799,12.19033,"12,832.61",0.00608,0.00238,674.47742
365.59799,12.1937,"12,829.44",0.00607,0.00264,674.31110
365.698,12.19714,"12,825.44",0.00604,0.00285,674.10052
365.798,12.20027,"12,821.73",0.0061,0.00274,673.90582
365.89801,12.20371,"12,817.96",0.00603,0.00269,673.70758
365.99799,12.20722,"12,815.70",0.00602,0.00267,673.58856
366.09799,12.21036,"12,811.41",0.00601,0.00318,673.36340
366.198,12.21373,"12,807.14",0.00603,0.00328,673.13885
366.298,12.21709,"12,805.52",0.006,0.00337,673.05347
366.39801,12.22038,"12,802.42",0.00605,0.0031,672.89069
366.49799,12.22367,"12,796.66",0.00602,0.00299,672.58789
366.59799,12.22711,"12,796.00",0.00606,0.00286,672.55341
366.698,12.23047,"12,793.53",0.00602,0.00285,672.42352
366.798,12.23376,"12,788.58",0.00605,0.0025,672.16333
366.89801,12.23712,"12,786.28",0.00607,0.00234,672.04236
366.99799,12.24048,"12,783.29",0.00605,0.00232,671.88513
367.09799,12.24362,"12,779.36",0.00605,0.0027,671.67871
367.198,12.24706,"12,777.70",0.00602,0.00284,671.59125
367.298,12.2505,"12,774.21",0.00609,0.00269,671.40784
367.39801,12.25364,"12,770.15",0.00604,0.00267,671.19452
367.49799,12.25708,"12,767.72",0.00607,0.00264,671.06677
367.59799,12.26051,"12,765.26",0.00601,0.00306,670.93781
367.698,12.26365,"12,762.46",0.00604,0.00321,670.79065
367.798,12.26701,"12,757.77",0.00605,0.00339,670.54382
367.89801,12.27038,"12,755.07",0.00609,0.00304,670.40210
367.99799,12.27374,"12,753.56",0.00605,0.00294,670.32281
368.09799,12.27703,"12,749.80",0.00607,0.00295,670.12500
368.198,12.28039,"12,748.87",0.00604,0.00278,670.07617
368.298,12.28383,"12,744.99",0.00601,0.00255,669.87201
368.39801,12.28697,"12,740.39",0.0059,0.00242,669.63031
368.49799,12.29041,"12,737.59",0.00602,0.00229,669.48315
368.59799,12.29384,"12,735.59",0.00598,0.00246,669.37823
368.698,12.29698,"12,730.55",0.00603,0.0028,669.11328
368.798,12.30042,"12,726.89",0.00598,0.00275,668.92084
368.89801,12.30386,"12,724.94",0.0061,0.00268,668.81860
368.99799,12.307,"12,721.46",0.00608,0.00279,668.63538
369.09799,12.31044,"12,717.99",0.006,0.00314,668.45312
369.198,12.31365,"12,713.67",0.00598,0.00317,668.22601
369.298,12.31701,"12,712.67",0.00602,0.0034,668.17328
369.39801,12.3203,"12,708.83",0.00601,0.00312,667.97192
369.49799,12.32374,"12,705.59",0.00597,0.00298,667.80133
369.59799,12.32718,"12,705.18",0.00597,0.00292,667.78003
369.698,12.33032,"12,698.81",0.00593,0.00272,667.44489
369.798,12.33376,"12,697.61",0.00596,0.0026,667.38208
369.89801,12.33712,"12,696.20",0.00596,0.00237,667.30786
369.99799,12.34026,"12,691.29",0.00603,0.00234,667.04962
370.09799,12.34377,"12,689.01",0.00602,0.00257,666.92999
370.198,12.34713,"12,688.55",0.00601,0.00279,666.90601
370.298,12.35035,"12,686.14",0.00603,0.00278,666.77899
370.39801,12.35378,"12,684.55",0.00598,0.00277,666.69556
370.49799,12.35715,"12,682.38",0.00596,0.00271,666.58136
370.59799,12.36036,"12,680.54",0.00606,0.00312,666.48505
370.698,12.36365,"12,677.38",0.00597,0.00311,666.31848
370.798,12.36709,"12,676.55",0.00603,0.00338,666.27490
370.89801,12.37053,"12,675.66",0.00597,0.0032,666.22845
370.99799,12.37359,"12,671.59",0.00603,0.003,666.01447
371.09799,12.37718,"12,670.97",0.00602,0.00291,665.98163
371.198,12.38054,"12,670.38",0.00588,0.0028,665.95105
371.298,12.3836,"12,665.67",0.00583,0.00262,665.70306
371.39801,12.38712,"12,665.15",0.00602,0.00247,665.67596
371.49799,12.3904,"12,663.08",0.00596,0.00237,665.56689
371.59799,12.39369,"12,660.74",0.00594,0.0023,665.44421
371.698,12.39713,"12,659.38",0.00586,0.00284,665.37280
371.798,12.40049,"12,658.33",0.00589,0.00281,665.31726
371.89801,12.40371,"12,656.10",0.00597,0.00278,665.20050
371.99799,12.407,"12,653.18",0.00604,0.00272,665.04700
372.09799,12.41036,"12,653.32",0.00598,0.00313,665.05389
372.198,12.41372,"12,653.31",0.00592,0.00319,665.05377
372.298,12.41694,"12,648.77",0.00587,0.00351,664.81488
372.39801,12.42045,"12,650.73",0.00586,0.00338,664.91785
372.49799,12.42381,"12,650.69",0.0059,0.0031,664.91571
372.59799,12.42703,"12,647.32",0.00594,0.00307,664.73853
372.698,12.43046,"12,647.22",0.00586,0.00298,664.73328
372.798,12.43375,"12,644.31",0.00578,0.00264,664.58051
372.89801,12.43697,"12,642.93",0.00582,0.0025,664.50793
372.99799,12.44048,"12,643.81",0.0058,0.00243,664.55444
373.09799,12.44384,"12,643.18",0.00586,0.00237,664.52118
373.198,12.44706,"12,640.43",0.0059,0.00288,664.37677
373.298,12.45042,"12,639.04",0.00583,0.00292,664.30365
373.39801,12.45378,"12,639.18",0.00584,0.00287,664.31110
373.49799,12.457,"12,639.41",0.00581,0.00274,664.32281
373.59799,12.46029,"12,635.39",0.00583,0.00269,664.11151
373.698,12.4638,"12,635.60",0.00596,0.00313,664.12256
373.798,12.46708,"12,635.96",0.00594,0.00312,664.14142
373.89801,12.47037,"12,632.38",0.00598,0.0035,663.95355
373.99799,12.47381,"12,634.95",0.00581,0.00329,664.08868
374.09799,12.4771,"12,631.71",0.00582,0.00312,663.91852
374.198,12.48031,"12,629.20",0.00591,0.00302,663.78656
374.298,12.48368,"12,629.24",0.00586,0.00288,663.78833
374.39801,12.48711,"12,628.68",0.00575,0.00267,663.75897
374.49799,12.49033,"12,627.25",0.00578,0.00251,663.68365
374.59799,12.49377,"12,625.21",0.00576,0.00241,663.57697
374.698,12.4972,"12,625.97",0.00582,0.0027,663.61688
374.798,12.50034,"12,624.79",0.00582,0.00281,663.55463
374.89801,12.50371,"12,621.97",0.00584,0.00279,663.40662
374.99799,12.50707,"12,621.39",0.00587,0.00273,663.37610
375.09799,12.51036,"12,619.86",0.00579,0.00271,663.29535
375.198,12.51365,"12,619.30",0.00572,0.00321,663.26599
375.298,12.51716,"12,620.22",0.00577,0.00317,663.31427
375.39801,12.52052,"12,619.04",0.00583,0.00342,663.25232
375.49799,12.52366,"12,614.58",0.00579,0.0034,663.01801
375.59799,12.52702,"12,613.48",0.00569,0.00323,662.96008
375.698,12.53046,"12,613.04",0.00572,0.00302,662.93732
375.798,12.53368,"12,611.54",0.00577,0.00294,662.85828
375.89801,12.53711,"12,609.11",0.00583,0.00266,662.73047
375.99799,12.54048,"12,608.78",0.00575,0.00245,662.71301
376.09799,12.54369,"12,607.87",0.00573,0.00246,662.66553
376.198,12.54705,"12,605.88",0.00574,0.00232,662.56073
376.298,12.55042,"12,604.64",0.00587,0.00267,662.49573
376.39801,12.55371,"12,601.67",0.00579,0.00276,662.33936
376.49799,12.55707,"12,600.52",0.00584,0.00263,662.27893
376.59799,12.56043,"12,601.06",0.00579,0.00264,662.30743
376.698,12.56379,"12,600.49",0.00574,0.00329,662.27734
376.798,12.56701,"12,597.18",0.00577,0.00331,662.10358
376.89801,12.57037,"12,596.03",0.0058,0.00335,662.04285
376.99799,12.57381,"12,596.08",0.00579,0.00337,662.04565
377.09799,12.57695,"12,593.15",0.00576,0.00316,661.89136
377.198,12.58039,"12,591.69",0.00575,0.00299,661.81500
377.298,12.58383,"12,591.35",0.00571,0.00295,661.79694
377.39801,12.58696,"12,589.78",0.00575,0.00277,661.71472
377.49799,12.59048,"12,588.13",0.00575,0.00241,661.62775
377.59799,12.59384,"12,587.73",0.00573,0.00244,661.60657
377.698,12.59705,"12,584.88",0.00574,0.00234,661.45691
377.798,12.60034,"12,581.84",0.00579,0.00235,661.29694
377.89801,12.6037,"12,582.18",0.00575,0.00285,661.31512
377.99799,12.60714,"12,581.10",0.00576,0.00274,661.25824
378.09799,12.61036,"12,577.28",0.00572,0.00264,661.05750
378.198,12.61372,"12,576.35",0.00574,0.00306,661.00873
378.298,12.61731,"12,576.64",0.00576,0.00325,661.02399
378.39801,12.6203,"12,572.74",0.00577,0.0033,660.81909
378.49799,12.62366,"12,571.30",0.00573,0.00346,660.74323
378.59799,12.6271,"12,569.23",0.00574,0.00324,660.63422
378.698,12.63024,"12,567.41",0.00572,0.003,660.53857
378.798,12.63375,"12,566.09",0.00569,0.00289,660.46924
378.89801,12.63719,"12,565.98",0.00567,0.00278,660.46368
378.99799,12.6404,"12,563.27",0.00574,0.00246,660.32098
379.09799,12.64376,"12,560.60",0.00574,0.00235,660.18060
379.198,12.64705,"12,558.64",0.00574,0.00228,660.07770
379.298,12.65042,"12,557.77",0.00575,0.00236,660.03192
379.39801,12.6537,"12,554.38",0.00574,0.00269,659.85400
379.49799,12.65707,"12,552.57",0.00574,0.00266,659.75867
379.59799,12.6605,"12,552.76",0.00574,0.00264,659.76880
379.698,12.66364,"12,548.11",0.00571,0.00257,659.52411
379.798,12.66708,"12,547.39",0.00573,0.00318,659.48657
379.89801,12.67052,"12,546.71",0.00574,0.00324,659.45081
379.99799,12.67358,"12,541.53",0.00571,0.00345,659.17822
380.09799,12.6771,"12,542.31",0.00576,0.00326,659.21973
380.198,12.68053,"12,542.30",0.00576,0.00309,659.21881
380.298,12.68375,"12,539.68",0.00577,0.00293,659.08105
380.39801,12.68711,"12,537.74",0.00578,0.00284,658.97919
380.49799,12.69047,"12,536.24",0.00569,0.00263,658.90070
380.59799,12.69376,"12,535.32",0.00576,0.00238,658.85211
380.698,12.69698,"12,532.02",0.00574,0.00233,658.67889
380.798,12.70041,"12,531.45",0.00572,0.0023,658.64868
380.89801,12.70378,"12,530.61",0.00574,0.0025,658.60474
380.99799,12.70691,"12,527.20",0.00574,0.0027,658.42529
381.09799,12.7105,"12,527.84",0.00572,0.00274,658.45892
381.198,12.71387,"12,526.67",0.00574,0.00289,658.39758
381.298,12.71693,"12,521.92",0.00576,0.00323,658.14771
381.39801,12.72044,"12,522.10",0.00574,0.00328,658.15710
381.49799,12.72373,"12,521.11",0.00575,0.00352,658.10510
381.59799,12.72702,"12,519.40",0.00575,0.0034,658.01556
381.698,12.73046,"12,517.92",0.00569,0.00323,657.93768
381.76199,12.73255,"12,517.25",0.00574,0.00306,657.90240
