Modulus (Segment 0.001 mm/mm - 0.008 mm/mm) : Modulus (Segment 0.001 mm/mm - 0.008 mm/mm),"116,018.74",MPa,,,
Poisson's ratio (Least squares fit) : Poisson's ratio (Least squares fit),0.26104,,,,
Specimen properties : Gauge length,15.38,mm,,,
Specimen properties : Gauge length transverse,5.521,mm,,,
Specimen properties : Thickness,1.27,mm,,,
Specimen properties : Width,15.1,mm,,,
,,,,,
Time,Extension,Load,Video axial strain,Video transverse strain,Calculated Stress
(s),(mm),(N),(mm/mm),(mm/mm),(MPa)
0,0.01315,30.02678,0.00002,0.00002,1.56577
0.1,0.01398,31.07742,0.00001,0.00002,1.62056
0.2,0.01839,62.9369,0.00003,0.00006,3.28189
0.3,0.02279,112.49095,0.00006,0.00003,5.86593
0.4,0.02646,146.49861,0.00008,-0.00038,7.63929
0.5,0.02989,180.07402,0.00006,-0.00039,9.39010
0.6,0.03326,213.67117,0.00006,-0.00016,11.14205
0.7,0.03655,244.52219,0.00009,-0.00001,12.75080
0.8,0.03983,276.56055,0.00013,-0.00001,14.42147
0.9,0.04327,308.5751,0.00015,-0.00006,16.09089
1,0.04641,338.65744,0.00012,-0.00004,17.65956
1.1,0.04985,370.6752,0.00014,-0.00004,19.32915
1.2,0.05329,404.58148,0.00013,-0.00001,21.09723
1.3,0.05643,434.44159,0.00015,-0.00001,22.65430
1.4,0.05994,466.54935,0.00019,0.00004,24.32859
1.5,0.0633,499.53152,0.0002,-0.00002,26.04847
1.6,0.06644,530.87067,0.0002,0.00009,27.68268
1.7,0.06988,560.88599,0.00022,0.0001,29.24785
1.8,0.07309,590.77509,0.00023,0.00014,30.80644
1.9,0.07653,622.51135,0.00026,0.00018,32.46135
2,0.07982,653.77209,0.00026,0.00026,34.09147
2.1,0.08318,685.61987,0.00026,0.00021,35.75220
2.2,0.08662,716.84497,0.00029,0.00022,37.38046
2.3,0.08976,745.48633,0.00028,0.00027,38.87398
2.4,0.0932,778.33514,0.00031,0.00033,40.58691
2.5,0.09663,809.46765,0.00031,0.0003,42.21034
2.6,0.09977,838.91254,0.00034,0.00029,43.74577
2.7,0.10329,869.15698,0.00036,0.00019,45.32289
2.8,0.10665,901.04462,0.00037,0.00025,46.98569
2.9,0.10986,931.3902,0.00038,0.00019,48.56809
3,0.11323,961.74609,0.00044,0.00021,50.15102
3.1,0.11651,991.23584,0.00042,0.00015,51.68879
3.2,0.1198,"1,022.14",0.00046,0.00012,53.30026
3.3,0.12309,"1,052.49",0.00051,-0.00004,54.88314
3.4,0.12653,"1,085.25",0.00052,-0.00005,56.59105
3.5,0.12997,"1,115.35",0.00055,-0.00009,58.16080
3.6,0.13311,"1,143.81",0.00056,-0.00011,59.64463
3.7,0.13654,"1,175.82",0.0006,-0.00021,61.31388
3.8,0.13998,"1,205.34",0.00062,-0.00017,62.85338
3.9,0.14305,"1,233.80",0.00065,-0.00017,64.33734
4,0.14656,"1,264.16",0.00064,-0.00006,65.92087
4.1,0.14992,"1,295.76",0.00067,-0.00017,67.56865
4.2,0.15321,"1,325.97",0.0007,0,69.14401
4.3,0.15657,"1,356.56",0.00073,-0.0001,70.73899
4.4,0.15994,"1,385.73",0.00073,-0.00011,72.25983
4.5,0.16323,"1,415.58",0.00074,-0.00012,73.81670
4.6,0.16644,"1,444.08",0.00076,-0.00009,75.30277
4.7,0.16988,"1,474.90",0.00077,-0.00006,76.90997
4.8,0.17331,"1,506.40",0.00081,-0.00006,78.55244
4.9,0.17645,"1,533.99",0.00083,0.00005,79.99103
5,0.17997,"1,565.76",0.00082,0.00005,81.64784
5.1,0.18333,"1,596.83",0.00085,0.00016,83.26793
5.2,0.18639,"1,624.04",0.00084,0.00021,84.68691
5.3,0.18991,"1,655.14",0.00088,0.00013,86.30884
5.4,0.19327,"1,685.41",0.0009,0.00021,87.88692
5.5,0.19648,"1,715.66",0.00091,0.00017,89.46429
5.6,0.19992,"1,745.23",0.0009,0.00014,91.00632
5.7,0.20328,"1,775.70",0.00092,0.00022,92.59522
5.8,0.2065,"1,805.24",0.00094,0.00023,94.13593
5.9,0.20979,"1,832.61",0.00095,0.00018,95.56267
6,0.21322,"1,864.53",0.00098,0.0002,97.22762
6.1,0.21651,"1,894.81",0.00101,0.00016,98.80647
6.2,0.2198,"1,922.65",0.00104,0.00013,100.25825
6.3,0.22331,"1,954.98",0.00101,0.00016,101.94393
6.4,0.2266,"1,985.00",0.00104,0.00005,103.50951
6.5,0.22982,"2,011.51",0.00106,0.00004,104.89188
6.6,0.23325,"2,042.16",0.00109,-0.00004,106.49007
6.7,0.23654,"2,070.30",0.00108,-0.00004,107.95720
6.8,0.23976,"2,099.37",0.0011,0.00003,109.47317
6.9,0.24319,"2,131.13",0.00112,-0.00006,111.12961
7,0.24663,"2,160.92",0.00112,-0.00009,112.68298
7.1,0.24985,"2,190.15",0.00118,-0.00025,114.20730
7.2,0.25321,"2,219.08",0.00119,-0.00045,115.71563
7.3,0.25657,"2,248.93",0.0012,-0.00018,117.27239
7.4,0.25986,"2,278.63",0.00121,-0.00005,118.82111
7.5,0.26315,"2,305.98",0.00121,-0.00003,120.24725
7.6,0.26659,"2,336.88",0.00123,-0.00002,121.85848
7.7,0.26987,"2,367.52",0.00128,0,123.45602
7.8,0.27316,"2,394.70",0.0013,-0.00001,124.87379
7.9,0.2766,"2,426.37",0.00129,0.00003,126.52495
8,0.27996,"2,453.88",0.00129,0.00007,127.95954
8.1,0.2831,"2,482.41",0.00131,0.00017,129.44701
8.2,0.28647,"2,512.43",0.00129,0.00023,131.01242
8.3,0.2899,"2,542.71",0.00129,0.00024,132.59140
8.4,0.29312,"2,572.89",0.00128,0.00028,134.16536
8.5,0.29648,"2,600.31",0.00132,0.00026,135.59506
8.6,0.29999,"2,630.74",0.00137,0.00027,137.18225
8.7,0.30313,"2,660.43",0.00138,0.00028,138.73039
8.8,0.3065,"2,687.91",0.0014,0.00031,140.16335
8.9,0.30986,"2,717.68",0.00143,0.00032,141.71558
9,0.31315,"2,748.67",0.00141,0.00033,143.33176
9.1,0.31651,"2,777.48",0.00142,0.00029,144.83369
9.2,0.31995,"2,807.84",0.00146,0.0003,146.41685
9.3,0.32324,"2,836.38",0.00149,0.0003,147.90553
9.4,0.32645,"2,862.94",0.00147,0.0002,149.29015
9.5,0.32981,"2,894.07",0.00151,0.00023,150.91360
9.6,0.33325,"2,924.13",0.00151,0.00018,152.48131
9.7,0.33639,"2,952.44",0.00153,0.00012,153.95732
9.8,0.33983,"2,981.18",0.00152,0.00013,155.45615
9.9,0.34327,"3,011.13",0.00157,0.00011,157.01761
10,0.34655,"3,040.63",0.00157,0.00004,158.55614
10.1,0.34984,"3,069.81",0.00158,0.00013,160.07784
10.2,0.35321,"3,098.90",0.0016,-0.00001,161.59436
10.3,0.35642,"3,127.41",0.00159,-0.00012,163.08110
10.4,0.35978,"3,155.84",0.0016,-0.00016,164.56374
10.5,0.36315,"3,187.02",0.00162,0.00012,166.18958
10.6,0.36658,"3,216.82",0.00165,0.00008,167.74368
10.7,0.36987,"3,244.88",0.00165,0.00011,169.20708
10.8,0.37316,"3,272.64",0.00167,0.00013,170.65442
10.9,0.3766,"3,303.21",0.00167,0.00011,172.24858
11,0.37974,"3,331.10",0.00169,0.00012,173.70305
11.1,0.38318,"3,360.62",0.00171,0.00016,175.24245
11.2,0.38661,"3,389.86",0.00171,0.00025,176.76712
11.3,0.38983,"3,418.96",0.00175,0.00023,178.28435
11.4,0.39319,"3,448.23",0.00172,0.00032,179.81062
11.5,0.39663,"3,478.17",0.00177,0.00039,181.37170
11.6,0.39984,"3,506.45",0.0018,0.00036,182.84662
11.7,0.40313,"3,534.37",0.00181,0.00043,184.30257
11.8,0.40649,"3,565.35",0.00181,0.0004,185.91829
11.9,0.40993,"3,595.67",0.00183,0.00039,187.49904
12,0.41315,"3,623.41",0.00186,0.0004,188.94568
12.1,0.41651,"3,652.44",0.00184,0.00044,190.45921
12.2,0.42002,"3,681.35",0.00183,0.00044,191.96696
12.3,0.42309,"3,709.40",0.00187,0.00039,193.42967
12.4,0.42652,"3,740.20",0.0019,0.00041,195.03572
12.5,0.42989,"3,768.73",0.00191,0.00035,196.52342
12.6,0.43303,"3,797.49",0.0019,0.00036,198.02336
12.7,0.43654,"3,827.31",0.00191,0.00029,199.57800
12.8,0.4399,"3,857.60",0.00191,0.00025,201.15755
12.9,0.44319,"3,886.10",0.00196,0.00029,202.64375
13,0.44648,"3,913.49",0.00195,0.0002,204.07207
13.1,0.44977,"3,942.91",0.00196,0.00028,205.60599
13.2,0.45313,"3,973.72",0.00199,0.00026,207.21274
13.3,0.45642,"4,001.14",0.00199,0.00017,208.64285
13.4,0.45986,"4,030.44",0.00201,-0.00014,210.17053
13.5,0.46344,"4,062.31",0.00202,-0.00016,211.83221
13.6,0.46651,"4,090.58",0.00203,-0.00009,213.30669
13.7,0.46995,"4,120.05",0.00205,-0.00007,214.84329
13.8,0.47331,"4,148.77",0.00205,0.00012,216.34100
13.9,0.47637,"4,175.71",0.00206,0.00013,217.74550
14,0.47989,"4,205.74",0.00207,0.00017,219.31148
14.1,0.48325,"4,236.80",0.00209,0.00016,220.93147
14.2,0.48654,"4,264.97",0.00212,0.00023,222.40033
14.3,0.4899,"4,292.69",0.00214,0.00027,223.84572
14.4,0.49326,"4,322.81",0.00214,0.00041,225.41661
14.5,0.49663,"4,352.96",0.00216,0.00037,226.98849
14.6,0.49977,"4,380.17",0.00217,0.0004,228.40744
14.7,0.5032,"4,410.89",0.00217,0.00041,230.00945
14.8,0.50657,"4,440.91",0.0022,0.00046,231.57471
14.9,0.50971,"4,468.27",0.00221,0.0005,233.00125
15,0.51329,"4,498.94",0.00222,0.00052,234.60103
15.1,0.51666,"4,528.03",0.00221,0.0005,236.11781
15.2,0.51972,"4,554.04",0.00225,0.00049,237.47406
15.3,0.52323,"4,585.51",0.00226,0.00048,239.11487
15.4,0.52652,"4,613.95",0.00228,0.0005,240.59822
15.5,0.52981,"4,643.91",0.00229,0.00053,242.16035
15.6,0.53325,"4,673.65",0.00231,0.00061,243.71133
15.7,0.53661,"4,701.81",0.0023,0.00047,245.17941
15.8,0.5399,"4,732.86",0.00234,0.00047,246.79874
15.9,0.54319,"4,759.87",0.00235,0.00046,248.20706
16,0.54655,"4,789.31",0.00239,0.00044,249.74214
16.1,0.54984,"4,818.41",0.00239,0.00035,251.25963
16.2,0.55305,"4,844.72",0.00238,0.00041,252.63202
16.3,0.55664,"4,876.57",0.00241,0.00009,254.29259
16.4,0.55993,"4,906.46",0.00242,0.00009,255.85141
16.5,0.56314,"4,932.97",0.00241,0.00008,257.23355
16.6,0.56658,"4,963.98",0.00245,-0.00002,258.85092
16.7,0.56987,"4,992.49",0.00245,-0.00006,260.33719
16.8,0.57308,"5,020.81",0.00244,-0.00009,261.81409
16.9,0.57652,"5,050.33",0.00249,-0.00012,263.35339
17,0.57988,"5,079.80",0.00248,0.00024,264.89047
17.1,0.58317,"5,107.84",0.00248,0.00024,266.35257
17.2,0.58654,"5,136.70",0.00251,0.00023,267.85718
17.3,0.5899,"5,166.80",0.00251,0.00032,269.42682
17.4,0.59319,"5,195.27",0.00252,0.00039,270.91162
17.5,0.5964,"5,221.47",0.00255,0.0005,272.27750
17.6,0.59984,"5,253.47",0.00254,0.00046,273.94629
17.7,0.6032,"5,283.82",0.00257,0.00051,275.52902
17.8,0.60642,"5,309.92",0.00256,0.00055,276.88983
17.9,0.60993,"5,340.96",0.00258,0.00056,278.50870
18,0.61329,"5,369.31",0.00262,0.00058,279.98679
18.1,0.6165,"5,398.55",0.00263,0.0006,281.51175
18.2,0.61987,"5,427.28",0.00264,0.00065,283.00974
18.3,0.62323,"5,456.27",0.00266,0.00066,284.52142
18.4,0.62644,"5,484.14",0.00267,0.00063,285.97485
18.5,0.62988,"5,513.42",0.0027,0.00064,287.50168
18.6,0.63325,"5,543.66",0.00269,0.00063,289.07843
18.7,0.63653,"5,572.56",0.00274,0.00067,290.58560
18.8,0.63982,"5,598.31",0.00273,0.00065,291.92856
18.9,0.64319,"5,629.04",0.00276,0.00064,293.53073
19,0.64647,"5,658.74",0.00276,0.00056,295.07938
19.1,0.64976,"5,687.15",0.00279,0.00055,296.56097
19.2,0.6532,"5,716.23",0.00281,0.00053,298.07727
19.3,0.65656,"5,744.97",0.00282,0.0003,299.57605
19.4,0.65985,"5,774.16",0.0028,0.00022,301.09824
19.5,0.66322,"5,804.05",0.00281,0.00025,302.65683
19.6,0.66658,"5,832.91",0.00283,0.00019,304.16177
19.7,0.66979,"5,860.57",0.00286,0.00017,305.60391
19.8,0.67316,"5,888.33",0.00289,0.00008,307.05154
19.9,0.67667,"5,920.21",0.00287,0.0001,308.71399
20,0.67988,"5,948.83",0.00287,-0.00008,310.20670
20.1,0.68317,"5,975.77",0.00288,0.00011,311.61133
20.2,0.68661,"6,006.15",0.00289,0.00019,313.19547
20.3,0.6899,"6,035.15",0.0029,0.00039,314.70792
20.4,0.69311,"6,063.60",0.00289,0.00044,316.19141
20.5,0.69647,"6,093.15",0.00291,0.00046,317.73199
20.6,0.69991,"6,121.66",0.00293,0.0005,319.21884
20.7,0.7032,"6,150.28",0.00296,0.0006,320.71136
20.8,0.70656,"6,179.43",0.00296,0.00059,322.23151
20.9,0.71,"6,209.50",0.00299,0.00069,323.79953
21,0.71306,"6,236.94",0.003,0.00064,325.23032
21.1,0.71643,"6,264.17",0.00304,0.00074,326.65021
21.2,0.71994,"6,295.07",0.00303,0.00068,328.26144
21.3,0.72308,"6,324.04",0.00304,0.00072,329.77225
21.4,0.72652,"6,351.12",0.00307,0.00075,331.18439
21.5,0.72996,"6,381.21",0.00307,0.00073,332.75308
21.6,0.73324,"6,410.23",0.00308,0.00077,334.26651
21.7,0.73653,"6,437.85",0.00311,0.00075,335.70700
21.8,0.73982,"6,467.74",0.00312,0.00079,337.26526
21.9,0.74318,"6,495.57",0.00315,0.00075,338.71686
22,0.7464,"6,523.17",0.00315,0.00079,340.15588
22.1,0.74984,"6,553.25",0.00315,0.00075,341.72421
22.2,0.75342,"6,584.43",0.00318,0.00071,343.35059
22.3,0.75649,"6,611.66",0.0032,0.00069,344.77011
22.4,0.75985,"6,639.81",0.00321,0.00062,346.23801
22.5,0.76329,"6,669.42",0.00323,0.00022,347.78207
22.6,0.76643,"6,697.64",0.00322,0.00036,349.25366
22.7,0.76986,"6,726.34",0.00323,0.00025,350.75061
22.8,0.77323,"6,755.71",0.00327,0.00026,352.28165
22.9,0.77659,"6,785.06",0.00327,0.00025,353.81219
23,0.77988,"6,812.77",0.00327,0.00022,355.25760
23.1,0.78324,"6,842.64",0.00328,0.00012,356.81473
23.2,0.78661,"6,872.71",0.00328,0.00008,358.38300
23.3,0.78974,"6,900.15",0.00331,0.00028,359.81357
23.4,0.79318,"6,929.64",0.0033,0.00046,361.35175
23.5,0.79662,"6,960.62",0.00333,0.00044,362.96704
23.6,0.79976,"6,986.91",0.00335,0.00052,364.33780
23.7,0.80327,"7,015.39",0.00337,0.00063,365.82330
23.8,0.80664,"7,045.20",0.00336,0.00063,367.37750
23.9,0.80977,"7,073.40",0.00338,0.00072,368.84811
24,0.81321,"7,102.29",0.0034,0.00079,370.35455
24.1,0.81658,"7,131.93",0.00342,0.00075,371.90005
24.2,0.81979,"7,161.00",0.00343,0.00082,373.41595
24.3,0.82323,"7,189.46",0.00342,0.00087,374.90036
24.4,0.82659,"7,219.00",0.00345,0.00084,376.44031
24.5,0.82995,"7,248.42",0.00349,0.00081,377.97446
24.6,0.83309,"7,273.94",0.00349,0.00088,379.30542
24.7,0.83653,"7,304.63",0.0035,0.00086,380.90570
24.8,0.83997,"7,334.48",0.0035,0.00085,382.46207
24.9,0.84311,"7,361.48",0.00352,0.00088,383.87045
25,0.84662,"7,391.26",0.00355,0.00091,385.42328
25.1,0.84998,"7,420.11",0.00353,0.00092,386.92761
25.2,0.85312,"7,447.59",0.00356,0.00088,388.36044
25.3,0.85656,"7,478.05",0.00357,0.00083,389.94907
25.4,0.85985,"7,506.42",0.00358,0.00082,391.42838
25.5,0.86306,"7,534.70",0.00358,0.00085,392.90308
25.6,0.8665,"7,563.41",0.00361,0.0007,394.39981
25.7,0.86986,"7,592.09",0.00362,0.00072,395.89569
25.8,0.87323,"7,621.32",0.00362,0.00049,397.41983
25.9,0.87651,"7,648.38",0.00362,0.00048,398.83066
26,0.87988,"7,677.37",0.00365,0.00042,400.34280
26.1,0.88317,"7,707.74",0.00365,0.00025,401.92642
26.2,0.88638,"7,734.89",0.00369,0.00026,403.34210
26.3,0.88989,"7,766.01",0.00367,0.0003,404.96494
26.4,0.89326,"7,794.05",0.00369,0.00016,406.42682
26.5,0.89647,"7,821.84",0.0037,0.0002,407.87607
26.6,0.89998,"7,850.89",0.00371,0.00056,409.39084
26.7,0.90327,"7,878.82",0.00373,0.00058,410.84741
26.8,0.90648,"7,907.57",0.00375,0.00062,412.34659
26.9,0.90985,"7,934.49",0.00375,0.00072,413.75052
27,0.91321,"7,963.34",0.00378,0.00083,415.25461
27.1,0.9165,"7,993.54",0.00379,0.00081,416.82974
27.2,0.91986,"8,020.75",0.00381,0.00085,418.24829
27.3,0.92322,"8,049.02",0.0038,0.00092,419.72260
27.4,0.92651,"8,078.45",0.00383,0.00086,421.25726
27.5,0.92973,"8,105.58",0.00384,0.00095,422.67197
27.6,0.93316,"8,136.12",0.00385,0.00091,424.26443
27.7,0.9366,"8,164.69",0.00387,0.00096,425.75424
27.8,0.93982,"8,191.13",0.00389,0.0009,427.13306
27.9,0.94325,"8,221.64",0.00389,0.00097,428.72379
28,0.94662,"8,249.36",0.00391,0.00098,430.16925
28.1,0.94983,"8,278.42",0.00392,0.00096,431.68509
28.2,0.95319,"8,306.19",0.00394,0.00099,433.13269
28.3,0.95648,"8,335.09",0.00395,0.00089,434.64017
28.4,0.95977,"8,364.51",0.00397,0.00098,436.17416
28.5,0.96313,"8,391.30",0.00397,0.00095,437.57120
28.6,0.96665,"8,421.66",0.00398,0.00091,439.15421
28.7,0.96986,"8,449.46",0.00399,0.00086,440.60406
28.8,0.97315,"8,476.99",0.00403,0.00083,442.03943
28.9,0.97659,"8,507.46",0.00403,0.00076,443.62805
29,0.97988,"8,536.23",0.00402,0.00073,445.12830
29.1,0.98309,"8,562.14",0.00404,0.00073,446.47977
29.2,0.9866,"8,592.16",0.00405,0.00076,448.04510
29.3,0.98996,"8,621.90",0.00404,0.00042,449.59595
29.4,0.99318,"8,649.51",0.00407,0.00037,451.03555
29.5,0.99654,"8,676.98",0.00408,0.00033,452.46793
29.6,0.9999,"8,704.67",0.00411,0.00031,453.91202
29.7,1.00312,"8,733.34",0.00411,0.00051,455.40720
29.8,1.00648,"8,761.44",0.00413,0.00059,456.87225
29.9,1.00992,"8,791.63",0.00414,0.00066,458.44684
30,1.01321,"8,819.02",0.00416,0.00062,459.87482
30.1,1.0165,"8,845.95",0.00415,0.00077,461.27890
30.2,1.01993,"8,876.79",0.00417,0.00082,462.88705
30.3,1.02322,"8,905.54",0.0042,0.00086,464.38635
30.4,1.02644,"8,931.52",0.00422,0.00092,465.74103
30.5,1.0298,"8,960.74",0.00422,0.00101,467.26471
30.6,1.03324,"8,990.15",0.00422,0.00099,468.79865
30.7,1.03645,"9,018.07",0.00423,0.00103,470.25439
30.8,1.03989,"9,047.18",0.00425,0.00101,471.77237
30.9,1.04333,"9,076.14",0.00427,0.00098,473.28271
31,1.04647,"9,103.32",0.00428,0.001,474.69971
31.1,1.04983,"9,132.60",0.00428,0.00099,476.22665
31.2,1.05334,"9,161.51",0.00429,0.00103,477.73416
31.3,1.05648,"9,189.51",0.00432,0.00111,479.19449
31.4,1.05984,"9,216.57",0.00433,0.00105,480.60516
31.5,1.06328,"9,246.50",0.00434,0.00104,482.16614
31.6,1.06657,"9,275.25",0.00433,0.00112,483.66522
31.7,1.06986,"9,302.02",0.00436,0.00103,485.06110
31.8,1.07315,"9,330.02",0.00436,0.00104,486.52133
31.9,1.07651,"9,358.79",0.00436,0.00096,488.02158
32,1.07972,"9,386.23",0.00438,0.0009,489.45248
32.1,1.08316,"9,416.62",0.00441,0.00086,491.03699
32.2,1.08667,"9,444.67",0.0044,0.00085,492.50012
32.3,1.08974,"9,471.06",0.00442,0.00082,493.87592
32.4,1.09325,"9,499.70",0.00445,0.00079,495.36942
32.5,1.09661,"9,529.69",0.00445,0.00075,496.93314
32.6,1.09968,"9,556.07",0.00446,0.00067,498.30902
32.7,1.10319,"9,584.27",0.00448,0.00068,499.77939
32.8,1.10655,"9,613.54",0.00449,0.00071,501.30588
32.9,1.10984,"9,642.67",0.0045,0.00033,502.82498
33,1.11328,"9,670.25",0.00451,0.00062,504.26306
33.1,1.11657,"9,698.63",0.00453,0.00068,505.74286
33.2,1.11993,"9,727.33",0.00454,0.00075,507.23926
33.3,1.12307,"9,753.74",0.00456,0.00079,508.61633
33.4,1.12651,"9,783.39",0.00458,0.00089,510.16254
33.5,1.12995,"9,812.78",0.00459,0.00098,511.69547
33.6,1.13309,"9,837.60",0.0046,0.00106,512.98932
33.7,1.1366,"9,867.95",0.00462,0.00098,514.57220
33.8,1.13996,"9,897.63",0.00462,0.00104,516.12006
33.9,1.14303,"9,922.96",0.00463,0.00109,517.44055
34,1.14661,"9,953.11",0.00465,0.00109,519.01288
34.1,1.14983,"9,980.65",0.00465,0.00107,520.44885
34.2,1.15312,"10,009.86",0.00467,0.00109,521.97235
34.3,1.15655,"10,037.81",0.00468,0.0011,523.42944
34.4,1.15992,"10,066.38",0.00469,0.00105,524.91943
34.5,1.16321,"10,094.66",0.00469,0.00111,526.39417
34.6,1.16642,"10,119.32",0.00472,0.00112,527.68018
34.7,1.16986,"10,150.69",0.00474,0.00114,529.31561
34.8,1.17322,"10,179.53",0.00473,0.00114,530.81982
34.9,1.17636,"10,204.93",0.00476,0.00114,532.14404
35,1.17995,"10,234.67",0.00477,0.00108,533.69507
35.1,1.18331,"10,263.67",0.00476,0.00101,535.20709
35.2,1.18645,"10,289.68",0.00478,0.00104,536.56348
35.3,1.18996,"10,318.61",0.00479,0.00096,538.07196
35.4,1.19325,"10,345.76",0.00478,0.00088,539.48773
35.5,1.19646,"10,373.48",0.00481,0.00084,540.93329
35.6,1.1999,"10,401.48",0.00483,0.00085,542.39325
35.7,1.20326,"10,430.02",0.00481,0.00083,543.88159
35.8,1.20655,"10,458.74",0.00482,0.00082,545.37946
35.9,1.20984,"10,484.45",0.00486,0.00079,546.71985
36,1.2132,"10,513.41",0.00488,0.00079,548.23041
36.1,1.21657,"10,543.13",0.00489,0.00059,549.78015
36.2,1.21978,"10,568.90",0.00492,0.00101,551.12354
36.3,1.22322,"10,597.87",0.0049,0.00103,552.63416
36.4,1.22651,"10,626.22",0.0049,0.00099,554.11273
36.5,1.2298,"10,653.58",0.00493,0.00107,555.53961
36.6,1.23323,"10,683.11",0.00494,0.00094,557.07922
36.7,1.2366,"10,709.06",0.00498,0.0011,558.43274
36.8,1.23981,"10,736.96",0.00499,0.00106,559.88727
36.9,1.24317,"10,765.05",0.00494,0.00105,561.35236
37,1.24654,"10,793.57",0.00497,0.00114,562.83929
37.1,1.24983,"10,823.16",0.00502,0.00113,564.38239
37.2,1.25311,"10,847.53",0.00504,0.00121,565.65332
37.3,1.25663,"10,877.50",0.00504,0.0012,567.21576
37.4,1.25991,"10,906.17",0.00507,0.00121,568.71112
37.5,1.26305,"10,930.91",0.00507,0.00115,570.00110
37.6,1.26657,"10,959.47",0.00506,0.0012,571.49023
37.7,1.26993,"10,987.59",0.0051,0.00115,572.95673
37.8,1.27314,"11,014.69",0.0051,0.00126,574.36963
37.9,1.27658,"11,044.19",0.00512,0.00129,575.90814
38,1.28002,"11,071.77",0.00512,0.00114,577.34656
38.1,1.28316,"11,097.85",0.00514,0.0012,578.70612
38.2,1.28645,"11,126.19",0.00514,0.00119,580.18402
38.3,1.28988,"11,154.67",0.00515,0.0012,581.66925
38.4,1.29317,"11,183.27",0.00515,0.00112,583.16071
38.5,1.29646,"11,208.68",0.00514,0.00112,584.48535
38.6,1.2999,"11,237.30",0.00509,0.00104,585.97791
38.7,1.30326,"11,265.21",0.00513,0.00098,587.43335
38.8,1.30648,"11,291.46",0.00515,0.00103,588.80231
38.9,1.30991,"11,321.14",0.00514,0.00092,590.35004
39,1.3132,"11,346.63",0.0052,0.00088,591.67926
39.1,1.31642,"11,374.38",0.00516,0.00086,593.12616
39.2,1.31985,"11,404.70",0.00524,0.0008,594.70697
39.3,1.32329,"11,432.34",0.00522,0.00081,596.14832
39.4,1.3265,"11,459.42",0.00529,0.00079,597.56036
39.5,1.32987,"11,486.23",0.00528,0.00105,598.95868
39.6,1.33331,"11,514.69",0.0053,0.0011,600.44269
39.7,1.33645,"11,543.01",0.00532,0.0011,601.91956
39.8,1.33981,"11,569.55",0.00532,0.00113,603.30353
39.9,1.34325,"11,597.62",0.00535,0.00121,604.76691
40,1.34653,"11,626.09",0.00537,0.00107,606.25189
40.1,1.3499,"11,653.23",0.00533,0.00117,607.66681
40.2,1.35334,"11,681.87",0.00532,0.0012,609.16064
40.3,1.35655,"11,708.45",0.00534,0.00122,610.54651
40.4,1.35976,"11,734.43",0.0054,0.00127,611.90118
40.5,1.36313,"11,762.29",0.00541,0.00117,613.35376
40.6,1.36656,"11,790.61",0.00543,0.00121,614.83099
40.7,1.3697,"11,816.97",0.00542,0.00125,616.20551
40.8,1.37322,"11,844.46",0.00539,0.00132,617.63861
40.9,1.37673,"11,874.71",0.0054,0.00128,619.21649
41,1.37972,"11,900.23",0.00545,0.00122,620.54675
41.1,1.38316,"11,927.31",0.00547,0.00133,621.95917
41.2,1.38659,"11,955.57",0.00549,0.00129,623.43280
41.3,1.38973,"11,982.08",0.00541,0.00129,624.81512
41.4,1.39325,"12,010.49",0.00542,0.00124,626.29669
41.5,1.39661,"12,039.51",0.00549,0.00125,627.80988
41.6,1.3999,"12,067.05",0.00551,0.00123,629.24603
41.7,1.40319,"12,091.88",0.00553,0.00118,630.54089
41.8,1.40647,"12,119.56",0.00545,0.0011,631.98419
41.9,1.40991,"12,147.53",0.00553,0.0011,633.44275
42,1.41305,"12,173.60",0.00556,0.00112,634.80206
42.1,1.41656,"12,201.33",0.00558,0.00106,636.24835
42.2,1.42,"12,230.44",0.00555,0.00104,637.76617
42.3,1.42314,"12,256.29",0.00555,0.00096,639.11432
42.4,1.42658,"12,284.26",0.00556,0.00094,640.57239
42.5,1.42994,"12,312.02",0.00564,0.00087,642.02020
42.6,1.43308,"12,337.25",0.00565,0.00091,643.33600
42.7,1.43652,"12,364.30",0.0056,0.00091,644.74646
42.8,1.43988,"12,393.33",0.00555,0.00117,646.26013
42.9,1.44317,"12,420.56",0.00565,0.00117,647.68018
43,1.44653,"12,446.93",0.00567,0.00131,649.05493
43.1,1.4499,"12,474.66",0.0057,0.00131,650.50110
43.2,1.45326,"12,502.78",0.00563,0.00126,651.96765
43.3,1.4564,"12,527.23",0.00556,0.00122,653.24237
43.4,1.45984,"12,554.43",0.00558,0.00121,654.66083
43.5,1.4632,"12,582.02",0.00566,0.00128,656.09943
43.6,1.46641,"12,608.15",0.00569,0.00133,657.46228
43.7,1.46993,"12,636.38",0.00559,0.00136,658.93414
43.8,1.47336,"12,664.19",0.00559,0.00133,660.38440
43.9,1.47643,"12,688.95",0.00565,0.00138,661.67517
44,1.47994,"12,716.86",0.00574,0.00134,663.13098
44.1,1.48323,"12,744.43",0.0057,0.00139,664.56860
44.2,1.48652,"12,772.02",0.00569,0.00135,666.00739
44.3,1.48988,"12,797.31",0.00566,0.00136,667.32611
44.4,1.49317,"12,825.04",0.00577,0.00139,668.77209
44.5,1.49661,"12,854.16",0.00578,0.00142,670.29047
44.6,1.49975,"12,879.25",0.00574,0.00138,671.59851
44.7,1.50318,"12,907.18",0.00579,0.00139,673.05548
44.8,1.50655,"12,933.91",0.00577,0.00131,674.44928
44.9,1.50976,"12,960.05",0.00578,0.00127,675.81201
45,1.51327,"12,989.11",0.00583,0.00128,677.32745
45.1,1.51664,"13,016.14",0.00579,0.0012,678.73706
45.2,1.51985,"13,041.07",0.00579,0.00121,680.03680
45.3,1.52321,"13,068.97",0.00578,0.00117,681.49188
45.4,1.5265,"13,095.54",0.00583,0.00111,682.87732
45.5,1.52979,"13,122.36",0.00587,0.00108,684.27594
45.6,1.53315,"13,148.52",0.00585,0.00112,685.64008
45.7,1.53652,"13,174.92",0.00587,0.00101,687.01672
45.8,1.53988,"13,203.26",0.00588,0.00098,688.49457
45.9,1.54317,"13,228.58",0.00599,0.00094,689.81512
46,1.54661,"13,257.01",0.00593,0.00107,691.29724
46.1,1.54989,"13,284.97",0.00597,0.00117,692.75537
46.2,1.55303,"13,308.04",0.00591,0.00122,693.95819
46.3,1.55662,"13,337.67",0.0059,0.00127,695.50348
46.4,1.55998,"13,364.80",0.00595,0.00135,696.91840
46.5,1.56312,"13,390.42",0.00597,0.00127,698.25403
46.6,1.56656,"13,417.61",0.00591,0.00133,699.67188
46.7,1.56992,"13,443.83",0.0059,0.00136,701.03906
46.8,1.57321,"13,470.60",0.00593,0.0014,702.43506
46.9,1.5765,"13,497.28",0.00598,0.00136,703.82660
47,1.57986,"13,523.53",0.00595,0.00143,705.19519
47.1,1.58315,"13,550.16",0.00593,0.00144,706.58386
47.2,1.58644,"13,576.03",0.00593,0.00144,707.93304
47.3,1.58995,"13,604.76",0.00598,0.00148,709.43109
47.4,1.59324,"13,631.76",0.006,0.00152,710.83893
47.5,1.59638,"13,655.88",0.00599,0.00145,712.09662
47.6,1.59989,"13,685.04",0.00603,0.0015,713.61743
47.7,1.60318,"13,711.10",0.00604,0.0015,714.97607
47.8,1.60647,"13,736.89",0.00611,0.00151,716.32135
47.9,1.60991,"13,763.74",0.00608,0.00149,717.72125
48,1.61327,"13,789.54",0.00609,0.00149,719.06671
48.1,1.61648,"13,816.73",0.00612,0.00147,720.48425
48.2,1.61985,"13,843.19",0.00611,0.00146,721.86432
48.3,1.62329,"13,869.63",0.00613,0.00148,723.24268
48.4,1.6265,"13,895.82",0.00609,0.00142,724.60858
48.5,1.62979,"13,921.83",0.00614,0.00129,725.96509
48.6,1.6333,"13,950.59",0.00616,0.00125,727.46472
48.7,1.63651,"13,976.65",0.00618,0.00129,728.82379
48.8,1.6398,"14,000.09",0.00617,0.00125,730.04578
48.9,1.64324,"14,028.38",0.00616,0.00125,731.52118
49,1.6466,"14,055.92",0.00628,0.00114,732.95691
49.1,1.64974,"14,080.51",0.00631,0.0011,734.23950
49.2,1.65318,"14,108.08",0.00625,0.00109,735.67694
49.3,1.65662,"14,134.58",0.0062,0.00101,737.05902
49.4,1.65983,"14,160.58",0.00621,0.00099,738.41498
49.5,1.66319,"14,187.15",0.00622,0.00122,739.80023
49.6,1.66663,"14,215.34",0.00626,0.00129,741.27045
49.7,1.6697,"14,239.75",0.00626,0.00138,742.54321
49.8,1.67313,"14,264.21",0.00624,0.0014,743.81848
49.9,1.67657,"14,293.41",0.00626,0.00147,745.34149
50,1.67986,"14,319.59",0.00628,0.0015,746.70660
50.1,1.68322,"14,344.68",0.0063,0.00151,748.01501
50.2,1.68659,"14,371.73",0.00631,0.0015,749.42523
50.3,1.68988,"14,399.65",0.00631,0.00151,750.88141
50.4,1.69309,"14,423.49",0.0063,0.00161,752.12451
50.5,1.69653,"14,451.98",0.00636,0.00159,753.61005
50.6,1.69989,"14,477.88",0.00634,0.00158,754.96045
50.7,1.7031,"14,502.90",0.00635,0.00156,756.26514
50.8,1.70654,"14,530.05",0.00637,0.00157,757.68085
50.9,1.71005,"14,558.62",0.00638,0.00158,759.17065
51,1.71312,"14,582.99",0.00638,0.00164,760.44153
51.1,1.71656,"14,607.58",0.00641,0.00163,761.72394
51.2,1.71992,"14,635.13",0.0064,0.00169,763.16058
51.3,1.72306,"14,661.13",0.00644,0.00161,764.51660
51.4,1.72657,"14,686.94",0.00644,0.00157,765.86212
51.5,1.72993,"14,713.37",0.00647,0.00153,767.24054
51.6,1.73322,"14,739.52",0.00648,0.00149,768.60406
51.7,1.73651,"14,764.52",0.00649,0.00146,769.90784
51.8,1.73987,"14,791.79",0.00648,0.00143,771.32990
51.9,1.74324,"14,819.25",0.00648,0.0015,772.76172
52,1.74638,"14,841.57",0.00647,0.00142,773.92578
52.1,1.74989,"14,870.01",0.0065,0.00139,775.40863
52.2,1.75333,"14,897.11",0.00652,0.00134,776.82153
52.3,1.75639,"14,921.87",0.00653,0.0013,778.11267
52.4,1.7599,"14,948.37",0.00654,0.00116,779.49445
52.5,1.76327,"14,972.98",0.00651,0.00136,780.77808
52.6,1.76648,"14,999.77",0.00658,0.00098,782.17511
52.7,1.76992,"15,026.61",0.0066,0.00113,783.57483
52.8,1.77321,"15,052.68",0.00661,0.00128,784.93420
52.9,1.77657,"15,077.76",0.0066,0.00146,786.24182
53,1.77986,"15,103.11",0.0066,0.00152,787.56390
53.1,1.78322,"15,129.31",0.00661,0.00153,788.93011
53.2,1.78659,"15,157.68",0.00659,0.00156,790.40930
53.3,1.78972,"15,179.53",0.00664,0.00158,791.54852
53.4,1.79316,"15,206.15",0.00665,0.00163,792.93701
53.5,1.7966,"15,233.85",0.00668,0.00165,794.38153
53.6,1.79974,"15,258.60",0.00667,0.00166,795.67169
53.7,1.80325,"15,284.81",0.00666,0.00165,797.03870
53.8,1.80661,"15,310.94",0.00668,0.00166,798.40100
53.9,1.80975,"15,335.66",0.00669,0.00162,799.69049
54,1.81319,"15,362.37",0.00668,0.00171,801.08295
54.1,1.81641,"15,387.39",0.0067,0.00172,802.38782
54.2,1.81977,"15,412.92",0.0067,0.00166,803.71893
54.3,1.82313,"15,437.96",0.00674,0.00171,805.02454
54.4,1.82657,"15,465.85",0.00674,0.00166,806.47919
54.5,1.83001,"15,494.14",0.00675,0.00173,807.95453
54.6,1.83315,"15,516.43",0.00678,0.00166,809.11688
54.7,1.83651,"15,542.78",0.00679,0.00166,810.49060
54.8,1.83995,"15,570.21",0.0068,0.00163,811.92120
54.9,1.84301,"15,593.05",0.0068,0.00164,813.11218
55,1.8466,"15,620.55",0.0068,0.00152,814.54633
55.1,1.84996,"15,646.82",0.0068,0.0015,815.91571
55.2,1.85318,"15,671.01",0.00681,0.00151,817.17743
55.3,1.85661,"15,697.83",0.00683,0.00152,818.57599
55.4,1.8599,"15,723.55",0.00683,0.00143,819.91687
55.5,1.86319,"15,749.49",0.00688,0.00131,821.26971
55.6,1.86648,"15,773.73",0.00685,0.00131,822.53375
55.7,1.86984,"15,799.60",0.00689,0.00113,823.88287
55.8,1.87328,"15,827.13",0.0069,0.00102,825.31812
55.9,1.87642,"15,850.18",0.00691,0.00108,826.52020
56,1.87986,"15,876.17",0.00689,0.00135,827.87543
56.1,1.88329,"15,902.92",0.00691,0.0014,829.27075
56.2,1.88636,"15,925.67",0.00694,0.00146,830.45685
56.3,1.88987,"15,954.29",0.00697,0.00154,831.94934
56.4,1.89331,"15,979.79",0.007,0.00158,833.27917
56.5,1.89645,"16,003.62",0.00695,0.00162,834.52167
56.6,1.89996,"16,030.07",0.00698,0.00168,835.90070
56.7,1.90325,"16,055.67",0.00702,0.00171,837.23572
56.8,1.90654,"16,081.39",0.00702,0.00172,838.57709
56.9,1.90983,"16,105.05",0.00703,0.0017,839.81055
57,1.91319,"16,131.37",0.00702,0.00173,841.18335
57.1,1.91655,"16,158.86",0.00704,0.00177,842.61652
57.2,1.91977,"16,181.57",0.00707,0.00176,843.80109
57.3,1.92335,"16,209.37",0.00706,0.00181,845.25049
57.4,1.92657,"16,234.50",0.00707,0.00185,846.56091
57.5,1.92978,"16,256.41",0.00706,0.00176,847.70349
57.6,1.93322,"16,284.54",0.00708,0.00184,849.17023
57.7,1.93658,"16,309.47",0.00707,0.0018,850.47052
57.8,1.93972,"16,332.66",0.00709,0.0018,851.67963
57.9,1.94323,"16,359.69",0.00711,0.00175,853.08893
58,1.94667,"16,386.48",0.00711,0.00178,854.48633
58.1,1.94989,"16,411.27",0.00713,0.00181,855.77899
58.2,1.95317,"16,433.85",0.00714,0.00169,856.95642
58.3,1.95654,"16,459.68",0.00718,0.00165,858.30304
58.4,1.95975,"16,486.33",0.00717,0.00166,859.69287
58.5,1.96304,"16,509.67",0.00718,0.00163,860.90985
58.6,1.96663,"16,537.34",0.0072,0.00157,862.35272
58.7,1.96984,"16,561.66",0.0072,0.00136,863.62091
58.8,1.97313,"16,585.13",0.00721,0.00128,864.84503
58.9,1.97657,"16,612.75",0.00723,0.00121,866.28534
59,1.97993,"16,637.81",0.00726,0.00109,867.59192
59.1,1.98314,"16,660.62",0.00728,0.00111,868.78149
59.2,1.98651,"16,686.40",0.00724,0.00108,870.12549
59.3,1.98994,"16,712.59",0.00728,0.00139,871.49115
59.4,1.99316,"16,736.92",0.00728,0.00162,872.76025
59.5,1.9966,"16,761.94",0.00731,0.0016,874.06451
59.6,1.99996,"16,787.07",0.00732,0.00164,875.37543
59.7,2.0031,"16,810.80",0.00733,0.0017,876.61255
59.8,2.00646,"16,834.70",0.00731,0.00174,877.85883
59.9,2.00997,"16,862.34",0.00733,0.00174,879.30017
60,2.01319,"16,886.11",0.00734,0.00176,880.53955
60.1,2.01655,"16,909.83",0.00734,0.00185,881.77649
60.2,2.01991,"16,937.33",0.00736,0.00183,883.21039
60.3,2.02328,"16,962.50",0.00734,0.0018,884.52332
60.4,2.02642,"16,985.82",0.00735,0.00188,885.73895
60.5,2.02978,"17,010.61",0.00738,0.00185,887.03162
60.6,2.03322,"17,036.13",0.00738,0.00192,888.36279
60.7,2.03636,"17,059.90",0.00743,0.00186,889.60193
60.8,2.03987,"17,085.64",0.00742,0.0019,890.94440
60.9,2.04338,"17,111.86",0.00744,0.00188,892.31158
61,2.04645,"17,133.77",0.00747,0.00186,893.45410
61.1,2.04988,"17,159.06",0.00748,0.00184,894.77301
61.2,2.05325,"17,184.55",0.0075,0.00188,896.10205
61.3,2.05646,"17,209.21",0.00749,0.00185,897.38794
61.4,2.05982,"17,233.54",0.00751,0.0018,898.65656
61.5,2.06326,"17,260.10",0.00753,0.00177,900.04187
61.6,2.06662,"17,284.79",0.00751,0.00178,901.32947
61.7,2.06984,"17,308.35",0.00752,0.00156,902.55756
61.8,2.0732,"17,333.42",0.00751,0.00162,903.86517
61.9,2.07656,"17,357.47",0.00753,0.00144,905.11896
62,2.07978,"17,380.44",0.00755,0.00133,906.31702
62.1,2.08322,"17,405.70",0.00756,0.00123,907.63391
62.2,2.08658,"17,431.34",0.00759,0.00109,908.97137
62.3,2.08979,"17,454.37",0.00756,0.00116,910.17194
62.4,2.09323,"17,478.86",0.00759,0.00119,911.44922
62.5,2.09659,"17,504.48",0.0076,0.00121,912.78491
62.6,2.09981,"17,528.69",0.00762,0.00151,914.04761
62.7,2.10317,"17,552.35",0.00762,0.00171,915.28131
62.8,2.10646,"17,576.43",0.00761,0.00171,916.53711
62.9,2.1099,"17,601.96",0.00765,0.00176,917.86853
63,2.11311,"17,624.28",0.00764,0.00184,919.03223
63.1,2.11655,"17,649.81",0.00765,0.00189,920.36346
63.2,2.11991,"17,674.40",0.00767,0.00179,921.64551
63.3,2.12305,"17,696.80",0.0077,0.00185,922.81403
63.4,2.12656,"17,723.47",0.00768,0.00189,924.20477
63.5,2.13,"17,748.56",0.00769,0.00191,925.51276
63.6,2.13307,"17,769.60",0.0077,0.00188,926.61011
63.7,2.13665,"17,796.09",0.00773,0.00196,927.99146
63.8,2.13994,"17,820.22",0.00773,0.00196,929.24963
63.9,2.14316,"17,844.56",0.00774,0.00197,930.51910
64,2.14659,"17,867.94",0.00777,0.002,931.73798
64.1,2.14981,"17,891.12",0.0078,0.00191,932.94659
64.2,2.15317,"17,916.57",0.0078,0.00197,934.27368
64.3,2.15646,"17,939.63",0.00782,0.00194,935.47607
64.4,2.15982,"17,964.67",0.00781,0.0019,936.78198
64.5,2.16326,"17,990.47",0.00782,0.00191,938.12756
64.6,2.1664,"18,011.09",0.00781,0.00191,939.20288
64.7,2.16984,"18,036.59",0.00782,0.00185,940.53223
64.8,2.17327,"18,062.80",0.00782,0.00179,941.89929
64.9,2.17641,"18,084.20",0.00783,0.00171,943.01514
65,2.17985,"18,109.37",0.00784,0.00169,944.32776
65.1,2.18329,"18,134.01",0.00784,0.00163,945.61243
65.2,2.1865,"18,156.47",0.00784,0.00136,946.78357
65.3,2.18994,"18,181.25",0.00786,0.00126,948.07593
65.4,2.19323,"18,204.69",0.00791,0.00139,949.29810
65.5,2.19652,"18,227.79",0.00791,0.00126,950.50256
65.6,2.19981,"18,250.91",0.00793,0.00128,951.70813
65.7,2.20324,"18,276.06",0.0079,0.00123,953.01978
65.8,2.20661,"18,301.65",0.00793,0.00176,954.35406
65.9,2.20982,"18,322.37",0.00792,0.00178,955.43457
66,2.21326,"18,348.31",0.00795,0.00188,956.78723
66.1,2.21662,"18,372.92",0.00796,0.00186,958.07080
66.2,2.21976,"18,393.55",0.00797,0.00188,959.14655
66.3,2.2232,"18,418.57",0.00797,0.00196,960.45105
66.4,2.22656,"18,441.65",0.008,0.00193,961.65472
66.5,2.22977,"18,465.56",0.008,0.00199,962.90155
66.6,2.23321,"18,489.41",0.00802,0.00197,964.14490
66.7,2.23665,"18,513.00",0.00803,0.00206,965.37518
66.8,2.23986,"18,535.79",0.00803,0.002,966.56342
66.9,2.24315,"18,557.89",0.00803,0.00201,967.71594
67,2.24652,"18,582.98",0.00804,0.00206,969.02435
67.1,2.2498,"18,607.16",0.00804,0.00204,970.28534
67.2,2.25309,"18,627.46",0.00805,0.00208,971.34387
67.3,2.25661,"18,653.44",0.00809,0.00201,972.69849
67.4,2.25989,"18,677.57",0.00811,0.00204,973.95667
67.5,2.26311,"18,699.54",0.00811,0.00203,975.10272
67.6,2.26655,"18,723.88",0.00813,0.00199,976.37164
67.7,2.26983,"18,745.16",0.00813,0.00197,977.48126
67.8,2.27312,"18,768.21",0.00815,0.00193,978.68347
67.9,2.27656,"18,793.77",0.00817,0.00191,980.01624
68,2.28,"18,816.85",0.00817,0.0018,981.21967
68.1,2.28314,"18,839.62",0.00815,0.00183,982.40710
68.2,2.2865,"18,861.25",0.00814,0.00177,983.53510
68.3,2.28994,"18,886.17",0.0082,0.00173,984.83466
68.4,2.29315,"18,909.51",0.0082,0.00165,986.05164
68.5,2.29644,"18,930.40",0.00816,0.00147,987.14105
68.6,2.29988,"18,955.04",0.00818,0.00156,988.42578
68.7,2.30324,"18,979.32",0.00817,0.00131,989.69165
68.8,2.30646,"19,000.04",0.00821,0.00155,990.77246
68.9,2.30997,"19,026.25",0.00824,0.00156,992.13879
69,2.31326,"19,048.17",0.00822,0.00182,993.28217
69.1,2.3164,"19,069.22",0.00823,0.00186,994.37958
69.2,2.31983,"19,093.15",0.00824,0.00194,995.62769
69.3,2.3232,"19,117.49",0.00823,0.00195,996.89661
69.4,2.32641,"19,138.80",0.00826,0.00201,998.00830
69.5,2.32985,"19,161.23",0.00828,0.00199,999.17761
69.6,2.33336,"19,186.28",0.00827,0.00204,1000.48395
69.7,2.3365,"19,208.93",0.00829,0.00207,1001.66498
69.8,2.33979,"19,229.79",0.00829,0.00208,1002.75275
69.9,2.34323,"19,253.59",0.00832,0.00209,1003.99384
70,2.34651,"19,276.38",0.00836,0.00213,1005.18231
70.1,2.3498,"19,297.97",0.00834,0.00209,1006.30829
70.2,2.35324,"19,323.43",0.00837,0.00209,1007.63562
70.3,2.3566,"19,345.97",0.00838,0.00212,1008.81122
70.4,2.35982,"19,366.45",0.00838,0.00209,1009.87878
70.5,2.36318,"19,390.10",0.00838,0.00211,1011.11243
70.6,2.36662,"19,413.76",0.00839,0.00207,1012.34601
70.7,2.36976,"19,434.89",0.0084,0.00208,1013.44812
70.8,2.3732,"19,456.95",0.00841,0.00208,1014.59821
70.9,2.37663,"19,481.49",0.00841,0.002,1015.87811
71,2.37985,"19,503.57",0.0084,0.00198,1017.02936
71.1,2.38321,"19,525.93",0.00842,0.00195,1018.19543
71.2,2.38657,"19,548.50",0.00846,0.00187,1019.37225
71.3,2.38971,"19,570.40",0.00844,0.00184,1020.51416
71.4,2.39315,"19,592.17",0.00846,0.00176,1021.64960
71.5,2.39651,"19,616.22",0.00846,0.00157,1022.90344
71.6,2.39988,"19,638.87",0.00846,0.0017,1024.08447
71.7,2.40316,"19,659.35",0.00849,0.00167,1025.15234
71.8,2.40653,"19,683.17",0.0085,0.00152,1026.39465
71.9,2.40989,"19,706.65",0.00849,0.00138,1027.61902
72,2.41303,"19,726.79",0.00848,0.00141,1028.66895
72.1,2.41654,"19,749.35",0.00851,0.00193,1029.84558
72.2,2.41998,"19,772.63",0.00849,0.00193,1031.05957
72.3,2.42319,"19,794.20",0.00854,0.00201,1032.18420
72.4,2.42663,"19,817.19",0.00854,0.00205,1033.38330
72.5,2.43,"19,840.03",0.00856,0.00206,1034.57397
72.6,2.43313,"19,860.29",0.00853,0.0021,1035.63062
72.7,2.4365,"19,882.91",0.00854,0.00211,1036.81018
72.8,2.43979,"19,905.92",0.00858,0.00212,1038.01038
72.9,2.44322,"19,927.92",0.00859,0.00211,1039.15723
73,2.44644,"19,948.30",0.00857,0.00215,1040.22009
73.1,2.4498,"19,970.60",0.00857,0.00214,1041.38293
73.2,2.45331,"19,994.86",0.00861,0.00214,1042.64819
73.3,2.45638,"20,014.24",0.00864,0.00212,1043.65869
73.4,2.45982,"20,036.71",0.00867,0.00214,1044.82996
73.5,2.46325,"20,058.46",0.00866,0.00214,1045.96423
73.6,2.46639,"20,078.90",0.00866,0.00215,1047.03052
73.7,2.4699,"20,103.01",0.00866,0.00215,1048.28748
73.8,2.47327,"20,125.70",0.00868,0.00214,1049.47046
73.9,2.47648,"20,145.91",0.0087,0.00213,1050.52454
74,2.47992,"20,167.72",0.0087,0.00207,1051.66199
74.1,2.48321,"20,189.96",0.00872,0.00208,1052.82166
74.2,2.4865,"20,212.50",0.00871,0.00202,1053.99683
74.3,2.48978,"20,232.74",0.00872,0.00201,1055.05237
74.4,2.49322,"20,254.68",0.00874,0.00188,1056.19641
74.5,2.49666,"20,278.05",0.00873,0.0018,1057.41516
74.6,2.4998,"20,296.96",0.00872,0.00177,1058.40137
74.7,2.50324,"20,319.44",0.00872,0.00178,1059.57336
74.8,2.5066,"20,341.30",0.00874,0.00166,1060.71350
74.9,2.50966,"20,358.85",0.00877,0.00143,1061.62842
75,2.51333,"20,383.63",0.00875,0.00145,1062.92090
75.1,2.51662,"20,404.62",0.00876,0.00157,1064.01501
75.2,2.51983,"20,425.07",0.00878,0.00188,1065.08154
75.3,2.52319,"20,445.56",0.00879,0.00202,1066.15015
75.4,2.52663,"20,467.61",0.00879,0.00207,1067.30005
75.5,2.52984,"20,488.28",0.0088,0.00211,1068.37793
75.6,2.53313,"20,507.98",0.0088,0.0022,1069.40479
75.7,2.53657,"20,529.71",0.00881,0.00217,1070.53796
75.8,2.53986,"20,551.28",0.00886,0.00218,1071.66284
75.9,2.54307,"20,569.87",0.00886,0.00223,1072.63232
76,2.54666,"20,594.35",0.00884,0.00223,1073.90857
76.1,2.54995,"20,614.15",0.00883,0.00218,1074.94153
76.2,2.55309,"20,631.55",0.00887,0.00218,1075.84875
76.3,2.55652,"20,654.11",0.00889,0.00221,1077.02490
76.4,2.55989,"20,674.64",0.0089,0.00222,1078.09570
76.5,2.5631,"20,694.48",0.00891,0.00223,1079.13013
76.6,2.56654,"20,714.96",0.0089,0.00226,1080.19800
76.7,2.56998,"20,735.08",0.0089,0.0022,1081.24719
76.8,2.57319,"20,755.82",0.00893,0.00219,1082.32898
76.9,2.57648,"20,774.49",0.00895,0.00215,1083.30237
77,2.57992,"20,795.34",0.00896,0.00221,1084.38977
77.1,2.58313,"20,815.80",0.00898,0.00214,1085.45654
77.2,2.58642,"20,833.37",0.00895,0.00217,1086.37256
77.3,2.58993,"20,856.93",0.00896,0.00211,1087.60132
77.4,2.59322,"20,875.88",0.00897,0.00203,1088.58960
77.5,2.59643,"20,892.97",0.00897,0.00199,1089.48059
77.6,2.59995,"20,915.14",0.00898,0.00191,1090.63684
77.7,2.60324,"20,934.04",0.009,0.00178,1091.62244
77.8,2.60637,"20,952.11",0.00903,0.00171,1092.56445
77.9,2.60989,"20,972.23",0.00904,0.0018,1093.61365
78,2.61325,"20,991.32",0.00906,0.00177,1094.60913
78.1,2.61646,"21,011.55",0.00902,0.00183,1095.66418
78.2,2.6199,"21,029.76",0.00902,0.00185,1096.61377
78.3,2.62326,"21,050.37",0.00904,0.00206,1097.68848
78.4,2.62648,"21,068.17",0.00904,0.00208,1098.61658
78.5,2.62977,"21,085.41",0.00905,0.00208,1099.51538
78.6,2.6332,"21,107.08",0.00907,0.00207,1100.64563
78.7,2.63657,"21,126.90",0.00906,0.00218,1101.67896
78.8,2.63986,"21,144.06",0.00909,0.00221,1102.57410
78.9,2.64329,"21,163.17",0.00909,0.00218,1103.57043
79,2.64658,"21,181.90",0.00911,0.00227,1104.54700
79.1,2.6498,"21,200.03",0.00913,0.00226,1105.49243
79.2,2.65316,"21,218.81",0.00911,0.00232,1106.47192
79.3,2.65652,"21,237.82",0.00912,0.00227,1107.46289
79.4,2.65974,"21,255.44",0.00913,0.00223,1108.38208
79.5,2.66325,"21,275.02",0.00914,0.00226,1109.40283
79.6,2.66669,"21,293.34",0.00916,0.00228,1110.35828
79.7,2.66983,"21,311.53",0.00917,0.00227,1111.30652
79.8,2.67319,"21,327.89",0.00916,0.00228,1112.16003
79.9,2.67655,"21,347.81",0.0092,0.00229,1113.19849
80,2.67984,"21,365.92",0.00918,0.00225,1114.14282
80.1,2.6832,"21,383.29",0.00918,0.00228,1115.04883
80.2,2.68657,"21,402.55",0.00922,0.00223,1116.05310
80.3,2.68993,"21,421.68",0.00924,0.00223,1117.05078
80.4,2.69314,"21,438.76",0.00921,0.00214,1117.94141
80.5,2.69651,"21,457.15",0.00921,0.00217,1118.90015
80.6,2.69994,"21,475.67",0.00922,0.0021,1119.86572
80.7,2.70308,"21,491.45",0.00921,0.00198,1120.68896
80.8,2.7066,"21,510.47",0.00925,0.00188,1121.68066
80.9,2.71003,"21,529.50",0.00923,0.00189,1122.67322
81,2.71317,"21,545.73",0.00923,0.00184,1123.51953
81.1,2.71661,"21,563.55",0.00926,0.0018,1124.44836
81.2,2.71997,"21,582.41",0.00925,0.00193,1125.43188
81.3,2.72319,"21,600.22",0.00927,0.00189,1126.36060
81.4,2.72655,"21,616.74",0.00931,0.00201,1127.22205
81.5,2.72991,"21,634.65",0.0093,0.00225,1128.15588
81.6,2.7332,"21,652.06",0.00925,0.00216,1129.06384
81.7,2.73649,"21,668.42",0.00931,0.0023,1129.91724
81.8,2.73985,"21,686.32",0.00931,0.0022,1130.85059
81.9,2.74329,"21,706.42",0.00933,0.00238,1131.89868
82,2.74636,"21,720.02",0.00928,0.00227,1132.60767
82.1,2.74987,"21,738.02",0.00932,0.00224,1133.54663
82.2,2.75331,"21,757.44",0.00931,0.00223,1134.55896
82.3,2.75645,"21,773.03",0.00935,0.00229,1135.37207
82.4,2.75996,"21,791.07",0.00936,0.00221,1136.31299
82.5,2.76325,"21,807.29",0.00934,0.00227,1137.15869
82.6,2.76654,"21,825.11",0.00935,0.00228,1138.08752
82.7,2.76982,"21,841.38",0.00938,0.00228,1138.93604
82.8,2.77311,"21,859.27",0.0094,0.00232,1139.86914
82.9,2.77648,"21,876.59",0.0094,0.00232,1140.77222
83,2.77976,"21,891.97",0.00941,0.00235,1141.57446
83.1,2.78328,"21,910.72",0.00937,0.00229,1142.55200
83.2,2.78671,"21,929.60",0.00941,0.00236,1143.53662
83.3,2.78978,"21,943.65",0.00944,0.0023,1144.26917
83.4,2.79322,"21,960.32",0.00943,0.00231,1145.13867
83.5,2.79658,"21,978.13",0.00944,0.00225,1146.06714
83.6,2.79972,"21,993.19",0.0094,0.0023,1146.85242
83.7,2.80331,"22,011.20",0.00944,0.00218,1147.79150
83.8,2.80667,"22,027.83",0.00944,0.00209,1148.65869
83.9,2.80988,"22,043.97",0.00943,0.00198,1149.50073
84,2.81325,"22,060.28",0.00945,0.00191,1150.35095
84.1,2.81653,"22,078.27",0.00944,0.00192,1151.28906
84.2,2.8199,"22,095.01",0.00946,0.00184,1152.16174
84.3,2.82311,"22,108.07",0.00946,0.00183,1152.84326
84.4,2.82655,"22,125.73",0.0095,0.00203,1153.76404
84.5,2.82991,"22,145.74",0.00948,0.00234,1154.80725
84.6,2.83305,"22,158.62",0.00948,0.00227,1155.47888
84.7,2.83656,"22,176.35",0.00949,0.00218,1156.40344
84.8,2.83993,"22,191.67",0.00949,0.00231,1157.20264
84.9,2.84307,"22,206.19",0.0095,0.00246,1157.95972
85,2.84658,"22,224.77",0.00951,0.00222,1158.92834
85.1,2.84994,"22,241.12",0.0095,0.00232,1159.78088
85.2,2.85316,"22,255.50",0.00949,0.00236,1160.53101
85.3,2.85659,"22,270.97",0.00953,0.00231,1161.33752
85.4,2.85996,"22,288.20",0.00955,0.00227,1162.23584
85.5,2.86317,"22,304.21",0.00952,0.00238,1163.07092
85.6,2.86646,"22,316.92",0.00954,0.00232,1163.73376
85.7,2.8699,"22,334.63",0.00956,0.00233,1164.65735
85.8,2.87326,"22,351.71",0.00956,0.00236,1165.54761
85.9,2.87647,"22,365.05",0.00953,0.00235,1166.24341
86,2.87999,"22,381.96",0.00958,0.00237,1167.12537
86.1,2.88327,"22,397.82",0.00959,0.00234,1167.95251
86.2,2.88641,"22,409.40",0.00959,0.00232,1168.55627
86.3,2.88993,"22,428.93",0.0096,0.00231,1169.57458
86.4,2.89321,"22,443.04",0.0096,0.00235,1170.31030
86.5,2.89643,"22,456.73",0.00962,0.00229,1171.02405
86.6,2.89987,"22,471.28",0.00961,0.00225,1171.78296
86.7,2.9033,"22,487.21",0.00963,0.00217,1172.61365
86.8,2.90652,"22,502.17",0.00964,0.00205,1173.39343
86.9,2.90988,"22,514.85",0.00964,0.00196,1174.05505
87,2.91324,"22,529.69",0.00962,0.00195,1174.82861
87.1,2.91653,"22,545.31",0.00963,0.00188,1175.64343
87.2,2.91975,"22,556.44",0.00964,0.00198,1176.22351
87.3,2.92326,"22,574.08",0.00966,0.00187,1177.14331
87.4,2.92655,"22,586.98",0.00966,0.00235,1177.81641
87.5,2.92984,"22,600.25",0.00963,0.00239,1178.50818
87.6,2.93327,"22,616.79",0.00964,0.00224,1179.37036
87.7,2.93656,"22,630.73",0.00965,0.00246,1180.09778
87.8,2.93978,"22,643.55",0.00967,0.00257,1180.76599
87.9,2.94314,"22,657.13",0.00968,0.00235,1181.47400
88,2.94658,"22,671.35",0.00969,0.00235,1182.21570
88.1,2.94979,"22,685.59",0.00968,0.0024,1182.95801
88.2,2.95323,"22,698.12",0.00968,0.00235,1183.61145
88.3,2.95659,"22,711.22",0.0097,0.00233,1184.29492
88.4,2.95981,"22,724.81",0.00971,0.0024,1185.00354
88.5,2.96309,"22,736.72",0.00971,0.00242,1185.62463
88.6,2.96653,"22,751.56",0.00971,0.00248,1186.39844
88.7,2.96982,"22,763.73",0.00973,0.00239,1187.03271
88.8,2.97311,"22,774.28",0.00973,0.00241,1187.58276
88.9,2.97655,"22,789.46",0.00973,0.00239,1188.37451
89,2.97998,"22,802.01",0.00975,0.00235,1189.02893
89.1,2.98312,"22,812.66",0.00973,0.00234,1189.58447
89.2,2.98649,"22,824.56",0.00974,0.00225,1190.20520
89.3,2.98992,"22,837.77",0.00975,0.00225,1190.89368
89.4,2.99314,"22,850.56",0.00976,0.00216,1191.56091
89.5,2.99658,"22,862.18",0.00976,0.00213,1192.16638
89.6,3.00001,"22,875.39",0.00978,0.00197,1192.85559
89.7,3.00315,"22,885.24",0.00976,0.00193,1193.36938
89.8,3.00652,"22,896.45",0.00975,0.00196,1193.95374
89.9,3.00988,"22,909.65",0.00977,0.00205,1194.64209
90,3.01317,"22,919.81",0.00977,0.00215,1195.17188
90.1,3.01646,"22,928.80",0.00977,0.00232,1195.64050
90.2,3.01989,"22,940.96",0.00977,0.0022,1196.27490
90.3,3.02333,"22,951.89",0.00979,0.00232,1196.84485
90.4,3.02655,"22,960.38",0.00976,0.00238,1197.28711
90.5,3.02983,"22,970.24",0.00975,0.00239,1197.80151
90.6,3.03327,"22,979.12",0.00978,0.00233,1198.26428
90.7,3.03641,"22,988.38",0.00977,0.0024,1198.74756
90.8,3.03985,"22,997.84",0.00979,0.00241,1199.24097
90.9,3.04329,"23,008.34",0.0098,0.00239,1199.78821
91,3.04643,"23,015.16",0.00978,0.00242,1200.14417
91.1,3.04994,"23,023.36",0.0098,0.00239,1200.57166
91.2,3.0533,"23,032.80",0.00979,0.00242,1201.06396
91.3,3.05644,"23,040.27",0.00979,0.00246,1201.45337
91.4,3.0598,"23,047.32",0.0098,0.00235,1201.82104
91.5,3.06317,"23,054.37",0.00982,0.00244,1202.18860
91.6,3.06653,"23,064.50",0.00983,0.00233,1202.71667
91.7,3.06982,"23,070.70",0.00985,0.0023,1203.03979
91.8,3.07326,"23,078.60",0.00982,0.00218,1203.45227
91.9,3.07669,"23,086.66",0.00982,0.00215,1203.87256
92,3.07976,"23,091.26",0.00981,0.00206,1204.11206
92.1,3.0832,"23,099.34",0.00982,0.00207,1204.53369
92.2,3.08663,"23,107.39",0.00982,0.00206,1204.95349
92.3,3.08977,"23,111.91",0.00985,0.00221,1205.18909
92.4,3.09321,"23,118.93",0.00982,0.00222,1205.55493
92.5,3.09665,"23,126.34",0.00984,0.00229,1205.94165
92.6,3.09986,"23,133.37",0.00983,0.00234,1206.30823
92.7,3.10315,"23,138.01",0.00984,0.0024,1206.55017
92.8,3.10651,"23,144.70",0.00983,0.00238,1206.89868
92.9,3.10988,"23,151.73",0.00984,0.00245,1207.26526
93,3.11309,"23,157.71",0.00985,0.00241,1207.57751
93.1,3.11653,"23,165.42",0.00987,0.00246,1207.97949
93.2,3.11997,"23,172.89",0.00982,0.00244,1208.36890
93.3,3.12303,"23,175.52",0.00985,0.00241,1208.50623
93.4,3.12654,"23,184.17",0.00986,0.00248,1208.95715
93.5,3.12991,"23,190.87",0.00987,0.00242,1209.30640
93.6,3.13304,"23,194.97",0.00982,0.00242,1209.52051
93.7,3.13656,"23,202.02",0.00982,0.00233,1209.88806
93.8,3.13992,"23,209.56",0.00983,0.00241,1210.28113
93.9,3.14321,"23,216.44",0.00985,0.0023,1210.63977
94,3.14657,"23,221.41",0.00986,0.00209,1210.89917
94.1,3.14994,"23,227.66",0.00986,0.00201,1211.22510
94.2,3.15322,"23,234.46",0.00988,0.00192,1211.57935
94.3,3.15644,"23,238.70",0.00986,0.00198,1211.80029
94.4,3.15988,"23,246.94",0.00986,0.00189,1212.23010
94.5,3.16331,"23,254.65",0.00988,0.00245,1212.63208
94.6,3.16638,"23,257.64",0.00988,0.00227,1212.78821
94.7,3.16997,"23,265.86",0.00987,0.00233,1213.21692
94.8,3.17325,"23,271.57",0.00986,0.00241,1213.51465
94.9,3.17639,"23,275.93",0.00986,0.00237,1213.74194
95,3.17991,"23,283.38",0.00986,0.00232,1214.13049
95.1,3.18319,"23,288.75",0.00988,0.00243,1214.41052
95.2,3.18641,"23,294.45",0.00987,0.00243,1214.70789
95.3,3.18992,"23,300.75",0.00988,0.00241,1215.03601
95.4,3.19328,"23,307.46",0.00989,0.00243,1215.38623
95.5,3.19657,"23,313.18",0.00991,0.00244,1215.68445
95.6,3.19986,"23,317.18",0.00989,0.00239,1215.89294
95.7,3.20322,"23,323.57",0.00987,0.00244,1216.22632
95.8,3.20659,"23,330.00",0.00987,0.00234,1216.56177
95.9,3.20973,"23,332.65",0.00986,0.00233,1216.69971
96,3.21331,"23,340.31",0.00986,0.00229,1217.09912
96.1,3.2166,"23,345.49",0.00989,0.00211,1217.36938
96.2,3.21974,"23,348.86",0.0099,0.00193,1217.54480
96.3,3.22325,"23,354.65",0.00987,0.00185,1217.84692
96.4,3.22654,"23,359.40",0.00988,0.00181,1218.09485
96.5,3.22975,"23,364.08",0.00989,0.00187,1218.33875
96.6,3.23319,"23,369.29",0.00989,0.00222,1218.61023
96.7,3.23663,"23,373.44",0.0099,0.00234,1218.82654
96.8,3.23984,"23,377.50",0.00989,0.00238,1219.03857
96.9,3.24321,"23,380.11",0.00988,0.0024,1219.17444
97,3.24657,"23,385.95",0.00993,0.00241,1219.47913
97.1,3.24986,"23,390.24",0.00991,0.00239,1219.70276
97.2,3.25315,"23,391.11",0.00987,0.00242,1219.74805
97.3,3.25659,"23,396.37",0.00987,0.00244,1220.02258
97.4,3.25995,"23,400.07",0.00987,0.00241,1220.21533
97.5,3.26316,"23,401.32",0.0099,0.00238,1220.28040
97.6,3.26653,"23,405.47",0.00986,0.0024,1220.49707
97.7,3.26989,"23,407.04",0.00988,0.00235,1220.57861
97.8,3.2731,"23,409.25",0.00988,0.00229,1220.69409
97.9,3.27647,"23,411.24",0.00989,0.00229,1220.79785
98,3.2799,"23,413.74",0.0099,0.00216,1220.92822
98.1,3.28312,"23,414.52",0.00991,0.00206,1220.96899
98.2,3.28648,"23,413.72",0.0099,0.00205,1220.92725
98.3,3.28999,"23,417.02",0.0099,0.00177,1221.09937
98.4,3.29313,"23,417.25",0.00988,0.00179,1221.11121
98.5,3.29649,"23,414.64",0.0099,0.0023,1220.97522
98.6,3.29986,"23,415.84",0.0099,0.00241,1221.03748
98.7,3.30322,"23,416.08",0.00989,0.00232,1221.05029
98.8,3.30651,"23,412.97",0.00986,0.0024,1220.88782
98.9,3.30987,"23,413.06",0.00986,0.00239,1220.89270
99,3.31339,"23,411.22",0.00988,0.0024,1220.79688
99.1,3.31652,"23,407.16",0.00988,0.00246,1220.58533
99.2,3.31989,"23,404.25",0.00988,0.00246,1220.43335
99.3,3.32325,"23,400.27",0.00988,0.00241,1220.22559
99.4,3.32646,"23,395.89",0.00988,0.00239,1219.99744
99.5,3.32983,"23,389.51",0.00987,0.00236,1219.66455
99.6,3.33327,"23,385.69",0.00987,0.00228,1219.46545
99.7,3.33648,"23,380.56",0.0099,0.00211,1219.19788
99.8,3.33984,"23,371.17",0.00987,0.00205,1218.70837
99.9,3.34321,"23,364.41",0.00986,0.00204,1218.35571
100,3.34649,"23,356.07",0.00985,0.002,1217.92102
100.1,3.34978,"23,346.35",0.00983,0.00221,1217.41382
100.2,3.35322,"23,338.42",0.00982,0.0023,1217.00061
100.3,3.35666,"23,328.34",0.00983,0.00236,1216.47485
100.4,3.3598,"23,312.92",0.00981,0.00239,1215.67090
100.5,3.36316,"23,300.03",0.00981,0.00241,1214.99854
100.6,3.3666,"23,287.51",0.00982,0.00241,1214.34595
100.7,3.36974,"23,270.73",0.0098,0.00241,1213.47070
100.8,3.37317,"23,252.78",0.00981,0.0024,1212.53455
100.9,3.37661,"23,236.36",0.00979,0.00232,1211.67871
101,3.37983,"23,216.43",0.00978,0.00235,1210.63916
101.1,3.38326,"23,195.03",0.00978,0.00214,1209.52319
101.2,3.38663,"23,172.29",0.00978,0.00208,1208.33728
101.3,3.38984,"23,145.17",0.00976,0.00203,1206.92322
101.4,3.39313,"23,115.01",0.00976,0.00225,1205.35071
101.5,3.39657,"23,085.74",0.00973,0.00234,1203.82458
101.6,3.40001,"23,052.44",0.0097,0.00238,1202.08801
101.7,3.40314,"23,011.65",0.0097,0.00239,1199.96069
101.8,3.40651,"22,970.64",0.00966,0.00238,1197.82227
101.9,3.41002,"22,928.31",0.00964,0.00248,1195.61511
102,3.41301,"22,876.31",0.00966,0.00238,1192.90332
102.1,3.4166,"22,822.64",0.00964,0.00222,1190.10498
102.2,3.41996,"22,763.08",0.00961,0.00201,1186.99902
102.3,3.4231,"22,694.58",0.00958,0.00214,1183.42688
102.4,3.42661,"22,620.62",0.00956,0.00236,1179.57019
102.5,3.42997,"22,539.58",0.00952,0.00236,1175.34424
102.6,3.43319,"22,449.75",0.00951,0.00239,1170.65991
102.7,3.43655,"22,354.15",0.00947,0.00234,1165.67529
102.8,3.43991,"22,257.30",0.00939,0.0023,1160.62451
102.9,3.44328,"22,158.14",0.00934,0.00197,1155.45410
103,3.44649,"22,052.53",0.00932,0.00216,1149.94666
103.1,3.44993,"21,948.76",0.00929,0.00236,1144.53589
103.2,3.45337,"21,849.05",0.00926,0.0023,1139.33606
103.3,3.45643,"21,745.98",0.00919,0.00231,1133.96167
103.4,3.45994,"21,651.61",0.00916,0.00229,1129.04053
103.5,3.46331,"21,560.59",0.00913,0.00211,1124.29443
103.6,3.46637,"21,473.78",0.00907,0.00193,1119.76733
103.7,3.46996,"21,396.38",0.00904,0.00173,1115.73120
103.8,3.47325,"21,323.01",0.00902,0.00222,1111.90515
103.9,3.47654,"21,253.78",0.00901,0.0023,1108.29517
104,3.47982,"21,188.71",0.00896,0.00238,1104.90247
104.1,3.48326,"21,131.38",0.00894,0.00228,1101.91272
104.2,3.48655,"21,080.56",0.00893,0.00224,1099.26282
104.3,3.48976,"21,031.79",0.00894,0.00214,1096.71936
104.4,3.49328,"20,992.12",0.00889,0.00191,1094.65100
104.5,3.49664,"20,958.45",0.00887,0.00186,1092.89526
104.6,3.49978,"20,928.65",0.00886,0.00207,1091.34119
104.7,3.50329,"20,908.36",0.00888,0.00222,1090.28333
104.8,3.50666,"20,891.58",0.00888,0.00226,1089.40796
104.9,3.50972,"20,876.88",0.00888,0.00234,1088.64136
105,3.51323,"20,869.13",0.00885,0.00226,1088.23755
105.1,3.51659,"20,863.76",0.00883,0.00231,1087.95740
105.2,3.51981,"20,860.95",0.00883,0.0023,1087.81104
105.3,3.52325,"20,858.64",0.00885,0.00232,1087.69067
105.4,3.52661,"20,859.55",0.00885,0.00229,1087.73779
105.5,3.5299,"20,862.42",0.00886,0.00221,1087.88782
105.6,3.53311,"20,863.61",0.00885,0.00216,1087.94934
105.7,3.53655,"20,868.61",0.00885,0.00198,1088.21021
105.8,3.53984,"20,873.19",0.00886,0.00193,1088.44897
105.9,3.54313,"20,877.46",0.00886,0.00196,1088.67163
106,3.54656,"20,885.51",0.00884,0.00174,1089.09167
106.1,3.54993,"20,892.74",0.00888,0.00218,1089.46851
106.2,3.55314,"20,898.27",0.00884,0.00225,1089.75720
106.3,3.5565,"20,905.42",0.00884,0.00229,1090.13000
106.4,3.55987,"20,911.95",0.00886,0.00232,1090.47009
106.5,3.56308,"20,919.25",0.00887,0.00231,1090.85107
106.6,3.56652,"20,926.53",0.0089,0.0024,1091.23047
106.7,3.56988,"20,932.83",0.00886,0.00234,1091.55908
106.8,3.57317,"20,940.93",0.00886,0.00238,1091.98132
106.9,3.57653,"20,946.13",0.00888,0.00231,1092.25256
107,3.57997,"20,954.69",0.0089,0.00234,1092.69897
107.1,3.58319,"20,960.91",0.0089,0.00231,1093.02332
107.2,3.5864,"20,964.06",0.00891,0.00224,1093.18787
107.3,3.58991,"20,972.25",0.00888,0.00216,1093.61462
107.4,3.59328,"20,978.44",0.0089,0.00205,1093.93750
107.5,3.59649,"20,981.22",0.00888,0.00203,1094.08276
107.6,3.59993,"20,986.46",0.00893,0.00173,1094.35559
107.7,3.60329,"20,989.63",0.00891,0.00171,1094.52124
107.8,3.6065,"20,993.03",0.0089,0.00226,1094.69812
107.9,3.60979,"20,996.09",0.00889,0.00231,1094.85791
108,3.61323,"20,998.01",0.00889,0.00233,1094.95789
108.1,3.61652,"21,000.61",0.00891,0.00231,1095.09363
108.2,3.61981,"21,001.29",0.0089,0.00239,1095.12915
108.3,3.62332,"21,003.34",0.00891,0.00233,1095.23621
108.4,3.62653,"21,002.96",0.00889,0.0024,1095.21594
108.5,3.62975,"20,999.32",0.00889,0.00235,1095.02625
108.6,3.63318,"21,000.95",0.00889,0.00238,1095.11145
108.7,3.63655,"21,000.87",0.00891,0.00235,1095.10706
108.8,3.63976,"20,997.40",0.00892,0.00235,1094.92615
108.9,3.6432,"20,995.79",0.00891,0.00226,1094.84253
109,3.64664,"20,992.69",0.00891,0.00205,1094.68042
109.1,3.64978,"20,988.37",0.00888,0.00195,1094.45544
109.2,3.65314,"20,982.99",0.00889,0.00198,1094.17505
109.3,3.65658,"20,979.21",0.0089,0.00198,1093.97778
109.4,3.65979,"20,973.18",0.00889,0.00221,1093.66321
109.5,3.66315,"20,967.63",0.00892,0.00226,1093.37378
109.6,3.66667,"20,963.97",0.0089,0.00229,1093.18298
109.7,3.66988,"20,957.47",0.00889,0.00228,1092.84412
109.8,3.67317,"20,948.78",0.00888,0.00233,1092.39099
109.9,3.67653,"20,944.31",0.00886,0.00236,1092.15784
110,3.6799,"20,938.21",0.00884,0.00241,1091.83972
110.1,3.68311,"20,929.05",0.00884,0.00234,1091.36218
110.2,3.68655,"20,921.70",0.00883,0.00228,1090.97876
110.3,3.68998,"20,915.49",0.00885,0.00229,1090.65479
110.4,3.69312,"20,906.72",0.00885,0.00205,1090.19751
110.5,3.69656,"20,899.63",0.00883,0.00195,1089.82764
110.6,3.7,"20,893.45",0.00883,0.00198,1089.50537
110.7,3.70306,"20,882.63",0.00885,0.00169,1088.94116
110.8,3.7065,"20,875.77",0.00883,0.00215,1088.58362
110.9,3.70994,"20,870.86",0.00882,0.00225,1088.32739
111,3.71315,"20,862.44",0.00884,0.0023,1087.88867
111.1,3.71659,"20,854.99",0.00883,0.00229,1087.50037
111.2,3.71995,"20,848.18",0.00881,0.0023,1087.14514
111.3,3.72317,"20,841.45",0.0088,0.00237,1086.79395
111.4,3.72646,"20,833.68",0.00884,0.00233,1086.38892
111.5,3.72989,"20,827.24",0.00883,0.00233,1086.05322
111.6,3.73326,"20,821.85",0.00882,0.0023,1085.77185
111.7,3.73647,"20,813.52",0.00879,0.00222,1085.33765
111.8,3.73991,"20,809.51",0.0088,0.00212,1085.12854
111.9,3.74335,"20,804.50",0.00883,0.00196,1084.86707
112,3.74641,"20,796.04",0.0088,0.00176,1084.42603
112.1,3.74992,"20,790.38",0.00879,0.00199,1084.13098
112.2,3.75329,"20,786.13",0.0088,0.00212,1083.90906
112.3,3.75643,"20,779.72",0.00877,0.00223,1083.57495
112.4,3.75994,"20,774.81",0.00876,0.00226,1083.31934
112.5,3.76323,"20,770.30",0.00877,0.00225,1083.08411
112.6,3.76652,"20,765.60",0.00875,0.00225,1082.83862
112.7,3.76988,"20,760.57",0.00876,0.00231,1082.57629
112.8,3.77317,"20,755.19",0.00877,0.00231,1082.29602
112.9,3.77653,"20,751.61",0.00875,0.00234,1082.10913
113,3.77974,"20,745.62",0.00877,0.00231,1081.79712
113.1,3.78326,"20,744.31",0.00879,0.00226,1081.72876
113.2,3.78669,"20,742.94",0.00877,0.00219,1081.65723
113.3,3.78976,"20,737.41",0.00875,0.00199,1081.36877
113.4,3.79327,"20,734.20",0.00875,0.00191,1081.20142
113.5,3.79663,"20,731.80",0.00876,0.00178,1081.07617
113.6,3.79977,"20,726.69",0.00875,0.00171,1080.80957
113.7,3.80329,"20,724.22",0.00876,0.0022,1080.68091
113.8,3.80657,"20,721.11",0.00877,0.00224,1080.51892
113.9,3.80986,"20,717.54",0.00878,0.00224,1080.33240
114,3.81323,"20,713.64",0.00874,0.00224,1080.12915
114.1,3.81659,"20,709.63",0.00875,0.00229,1079.92041
114.2,3.81988,"20,706.67",0.00873,0.00231,1079.76562
114.3,3.82309,"20,699.07",0.00876,0.0023,1079.36951
114.4,3.82653,"20,695.97",0.00875,0.00232,1079.20789
114.5,3.82989,"20,691.48",0.00876,0.00224,1078.97388
114.6,3.83303,"20,684.85",0.00872,0.00224,1078.62817
114.7,3.83662,"20,679.28",0.00875,0.00216,1078.33765
114.8,3.83991,"20,674.96",0.00871,0.00197,1078.11206
114.9,3.84312,"20,666.81",0.00875,0.00187,1077.68762
115,3.84656,"20,661.53",0.00873,0.00197,1077.41187
115.1,3.84985,"20,654.59",0.00874,0.00186,1077.05005
115.2,3.85314,"20,646.79",0.0087,0.00216,1076.64355
115.3,3.8565,"20,639.67",0.0087,0.00221,1076.27185
115.4,3.85994,"20,631.57",0.00871,0.00226,1075.84961
115.5,3.86322,"20,625.00",0.00872,0.00229,1075.50696
115.6,3.86644,"20,613.43",0.0087,0.00227,1074.90393
115.7,3.86988,"20,605.34",0.00872,0.00236,1074.48193
115.8,3.87324,"20,596.89",0.00868,0.00235,1074.04138
115.9,3.87645,"20,585.49",0.0087,0.00228,1073.44702
116,3.87997,"20,578.06",0.00866,0.00224,1073.05933
116.1,3.88325,"20,566.21",0.00865,0.00215,1072.44165
116.2,3.88654,"20,555.38",0.00865,0.00196,1071.87683
116.3,3.88991,"20,545.30",0.00866,0.00189,1071.35132
116.4,3.89327,"20,534.44",0.00864,0.002,1070.78491
116.5,3.89648,"20,523.22",0.00868,0.00212,1070.19971
116.6,3.89985,"20,510.90",0.00866,0.00217,1069.55737
116.7,3.90321,"20,500.59",0.00866,0.00222,1069.01953
116.8,3.90657,"20,491.04",0.00865,0.00233,1068.52136
116.9,3.90979,"20,476.81",0.00867,0.00232,1067.77954
117,3.91322,"20,465.37",0.00862,0.00235,1067.18286
117.1,3.91659,"20,455.49",0.00863,0.00238,1066.66797
117.2,3.91973,"20,441.26",0.00858,0.00238,1065.92578
117.3,3.92324,"20,430.47",0.0086,0.00222,1065.36340
117.4,3.9266,"20,419.57",0.00863,0.00217,1064.79504
117.5,3.92982,"20,405.38",0.00862,0.00207,1064.05469
117.6,3.93325,"20,395.16",0.00866,0.00191,1063.52185
117.7,3.93669,"20,382.92",0.00864,0.00221,1062.88342
117.8,3.93983,"20,370.58",0.00863,0.00231,1062.24023
117.9,3.94319,"20,357.45",0.00869,0.00216,1061.55566
118,3.94656,"20,345.49",0.00861,0.00222,1060.93188
118.1,3.94984,"20,335.46",0.00866,0.00222,1060.40894
118.2,3.95313,"20,322.89",0.0086,0.00232,1059.75354
118.3,3.95665,"20,312.52",0.00862,0.00233,1059.21265
118.4,3.95986,"20,302.52",0.00856,0.00239,1058.69116
118.5,3.96315,"20,288.14",0.00855,0.0023,1057.94116
118.6,3.96659,"20,279.03",0.00859,0.00228,1057.46594
118.7,3.96995,"20,268.95",0.00863,0.00215,1056.94055
118.8,3.97309,"20,256.24",0.00859,0.0021,1056.27795
118.9,3.9766,"20,246.79",0.00859,0.00192,1055.78491
119,3.98004,"20,237.61",0.00865,0.00181,1055.30652
119.1,3.9831,"20,225.08",0.0086,0.00215,1054.65295
119.2,3.98647,"20,214.33",0.0086,0.00239,1054.09216
119.3,3.9899,"20,203.74",0.00854,0.00225,1053.54028
119.4,3.99304,"20,193.30",0.00858,0.00225,1052.99597
119.5,3.99656,"20,182.79",0.00857,0.00227,1052.44763
119.6,3.99999,"20,174.50",0.00853,0.00232,1052.01562
119.7,4.00313,"20,162.18",0.00859,0.00233,1051.37305
119.8,4.00657,"20,152.66",0.00859,0.00221,1050.87671
119.9,4.00993,"20,144.03",0.00854,0.00231,1050.42627
120,4.01322,"20,134.46",0.0085,0.00229,1049.92773
120.1,4.01644,"20,123.42",0.00851,0.00213,1049.35168
120.2,4.01987,"20,114.52",0.00848,0.00206,1048.88794
120.3,4.02331,"20,106.34",0.00852,0.00189,1048.46094
120.4,4.02645,"20,095.16",0.00858,0.00194,1047.87817
120.5,4.02989,"20,086.54",0.00859,0.00202,1047.42896
120.6,4.03333,"20,078.45",0.00852,0.00214,1047.00659
120.7,4.03639,"20,067.27",0.00858,0.0023,1046.42383
120.8,4.0399,"20,059.18",0.00861,0.00225,1046.00195
120.9,4.04334,"20,051.10",0.0086,0.00223,1045.58081
121,4.04648,"20,041.02",0.00862,0.00227,1045.05493
121.1,4.04992,"20,032.02",0.00853,0.00227,1044.58557
121.2,4.05328,"20,026.15",0.00851,0.00233,1044.27942
121.3,4.05657,"20,016.90",0.00855,0.00222,1043.79712
121.4,4.05978,"20,006.58",0.00863,0.00216,1043.25916
121.5,4.06315,"19,998.18",0.00861,0.0021,1042.82092
121.6,4.06651,"19,989.95",0.00865,0.00189,1042.39197
121.7,4.06972,"19,980.54",0.00861,0.00183,1041.90137
121.8,4.07324,"19,974.05",0.00861,0.00216,1041.56274
121.9,4.07667,"19,965.63",0.00862,0.00225,1041.12390
122,4.07974,"19,956.23",0.00859,0.00244,1040.63354
122.1,4.08325,"19,949.42",0.00848,0.00221,1040.27869
122.2,4.08661,"19,942.19",0.00852,0.00217,1039.90161
122.3,4.08975,"19,933.60",0.00855,0.00221,1039.45325
122.4,4.09326,"19,925.97",0.00853,0.00225,1039.05591
122.5,4.09663,"19,919.53",0.00858,0.00228,1038.71985
122.6,4.09984,"19,912.30",0.00857,0.00228,1038.34302
122.7,4.1032,"19,904.47",0.00855,0.00221,1037.93457
122.8,4.10649,"19,896.68",0.00856,0.00221,1037.52832
122.9,4.10986,"19,889.85",0.00856,0.00213,1037.17188
123,4.11307,"19,881.81",0.00861,0.00189,1036.75269
123.1,4.11658,"19,878.07",0.00859,0.00178,1036.55786
123.2,4.11995,"19,871.19",0.00856,0.00197,1036.19922
123.3,4.12308,"19,862.18",0.00858,0.00219,1035.72900
123.4,4.1266,"19,857.53",0.00856,0.00239,1035.48669
123.5,4.12996,"19,852.39",0.00859,0.00245,1035.21899
123.6,4.1331,"19,844.30",0.00858,0.00227,1034.79712
123.7,4.13654,"19,838.10",0.00852,0.00225,1034.47363
123.8,4.13983,"19,830.57",0.00852,0.00226,1034.08069
123.9,4.14319,"19,826.09",0.00853,0.00228,1033.84717
124,4.14648,"19,819.68",0.00855,0.00223,1033.51318
124.1,4.14992,"19,814.24",0.00852,0.00223,1033.22925
124.2,4.15328,"19,808.58",0.00856,0.00217,1032.93420
124.3,4.15642,"19,799.94",0.00847,0.00211,1032.48352
124.4,4.15986,"19,795.10",0.00853,0.00198,1032.23132
124.5,4.16329,"19,791.91",0.00857,0.00182,1032.06482
124.6,4.16643,"19,783.45",0.00854,0.00201,1031.62354
124.7,4.16994,"19,778.39",0.00852,0.00207,1031.35999
124.8,4.17331,"19,774.87",0.00852,0.00238,1031.17651
124.9,4.17652,"19,769.00",0.00855,0.00241,1030.87036
125,4.17988,"19,763.56",0.00856,0.00235,1030.58655
125.1,4.18317,"19,757.51",0.00854,0.0022,1030.27136
125.2,4.18646,"19,753.57",0.00848,0.00224,1030.06567
125.3,4.18982,"19,749.21",0.00848,0.00223,1029.83850
125.4,4.19326,"19,745.15",0.00853,0.00231,1029.62671
125.5,4.19663,"19,741.94",0.00855,0.00226,1029.45898
125.6,4.19976,"19,734.72",0.00855,0.00222,1029.08264
125.7,4.2032,"19,731.44",0.00852,0.00212,1028.91174
125.8,4.20657,"19,729.66",0.00852,0.00212,1028.81885
125.9,4.2097,"19,723.22",0.00858,0.00192,1028.48291
126,4.21322,"19,721.15",0.00856,0.00183,1028.37500
126.1,4.21658,"19,718.65",0.00846,0.00201,1028.24500
126.2,4.21987,"19,714.40",0.00847,0.00224,1028.02295
126.3,4.22323,"19,712.01",0.00852,0.00235,1027.89832
126.4,4.22659,"19,707.93",0.00852,0.00241,1027.68591
126.5,4.22981,"19,704.11",0.00856,0.00249,1027.48657
126.6,4.23317,"19,700.79",0.00851,0.00226,1027.31335
126.7,4.23661,"19,699.43",0.00851,0.00225,1027.24255
126.8,4.2399,"19,697.48",0.00847,0.00225,1027.14087
126.9,4.24319,"19,691.07",0.0085,0.00226,1026.80652
127,4.24662,"19,691.01",0.00852,0.00223,1026.80347
127.1,4.24991,"19,688.44",0.00853,0.0022,1026.66956
127.2,4.25305,"19,683.95",0.00852,0.00211,1026.43518
127.3,4.25656,"19,682.70",0.00849,0.00213,1026.37000
127.4,4.25993,"19,680.70",0.0085,0.00188,1026.26599
127.5,4.26314,"19,677.75",0.0085,0.00176,1026.11206
127.6,4.26658,"19,677.46",0.00853,0.00193,1026.09668
127.7,4.27002,"19,675.84",0.00854,0.00222,1026.01233
127.8,4.27308,"19,671.69",0.00851,0.00233,1025.79578
127.9,4.27652,"19,670.42",0.00852,0.00243,1025.72986
128,4.27996,"19,669.28",0.0085,0.00246,1025.67041
128.10001,4.2831,"19,668.43",0.00852,0.00218,1025.62622
128.2,4.28653,"19,665.13",0.00851,0.00229,1025.45410
128.3,4.28997,"19,665.30",0.0085,0.00228,1025.46277
128.39999,4.29319,"19,664.79",0.00853,0.00221,1025.43616
128.5,4.29647,"19,661.64",0.00851,0.00226,1025.27197
128.60001,4.29991,"19,661.62",0.00845,0.00219,1025.27063
128.7,4.3032,"19,659.90",0.00843,0.00216,1025.18127
128.8,4.30641,"19,658.74",0.00841,0.00216,1025.12048
128.89999,4.30985,"19,658.18",0.0085,0.00199,1025.09131
129,4.31329,"19,657.99",0.00854,0.0018,1025.08154
129.10001,4.3165,"19,654.87",0.00854,0.00187,1024.91882
129.2,4.31987,"19,653.13",0.00854,0.00191,1024.82837
129.3,4.32331,"19,653.04",0.00852,0.00234,1024.82349
129.39999,4.32644,"19,651.08",0.00851,0.00244,1024.72131
129.5,4.32988,"19,650.48",0.00853,0.00247,1024.69006
129.60001,4.33325,"19,648.77",0.00851,0.00224,1024.60083
129.7,4.33646,"19,647.46",0.00849,0.00219,1024.53271
129.8,4.3399,"19,645.77",0.00848,0.00225,1024.44421
129.89999,4.34326,"19,645.45",0.00848,0.00233,1024.42786
130,4.34655,"19,642.90",0.00847,0.00229,1024.29480
130.10001,4.34976,"19,640.14",0.00845,0.00223,1024.15100
130.2,4.3532,"19,640.52",0.00849,0.0022,1024.17065
130.3,4.35656,"19,640.20",0.00849,0.00209,1024.15405
130.39999,4.35978,"19,637.62",0.00847,0.00207,1024.01929
130.5,4.36321,"19,636.75",0.0085,0.00185,1023.97412
130.60001,4.36665,"19,637.41",0.00851,0.00178,1024.00830
130.7,4.36972,"19,634.09",0.00852,0.00175,1023.83533
130.8,4.37323,"19,633.52",0.00854,0.00227,1023.80579
130.89999,4.37659,"19,632.17",0.00852,0.00241,1023.73499
131,4.37981,"19,630.13",0.00852,0.00245,1023.62854
131.10001,4.38324,"19,628.98",0.0085,0.00241,1023.56891
131.2,4.38661,"19,628.68",0.00848,0.0022,1023.55310
131.3,4.3899,"19,627.21",0.00849,0.00228,1023.47668
131.39999,4.39318,"19,624.32",0.00848,0.00229,1023.32587
131.5,4.39655,"19,623.22",0.00848,0.00228,1023.26855
131.60001,4.39991,"19,623.11",0.00852,0.0023,1023.26282
131.7,4.40312,"19,619.88",0.00851,0.0022,1023.09418
131.8,4.40656,"19,618.96",0.00851,0.00212,1023.04651
131.89999,4.41,"19,617.05",0.00851,0.00207,1022.94672
132,4.41314,"19,614.22",0.0085,0.00186,1022.79919
132.10001,4.41665,"19,613.04",0.00852,0.00179,1022.73749
132.2,4.41994,"19,610.06",0.00849,0.0019,1022.58252
132.3,4.42308,"19,606.42",0.00852,0.00215,1022.39221
132.39999,4.42659,"19,605.49",0.00851,0.00234,1022.34387
132.5,4.42981,"19,603.06",0.00852,0.00241,1022.21704
132.60001,4.43324,"19,601.28",0.00848,0.00243,1022.12427
132.7,4.43653,"19,597.45",0.0085,0.00235,1021.92456
132.8,4.43989,"19,596.29",0.00849,0.00224,1021.86426
132.89999,4.44326,"19,595.64",0.00849,0.0023,1021.83044
133,4.4464,"19,591.09",0.00847,0.00228,1021.59326
133.10001,4.44983,"19,589.33",0.00846,0.00229,1021.50116
133.2,4.45335,"19,588.14",0.00847,0.00219,1021.43903
133.3,4.45649,"19,584.64",0.00848,0.00213,1021.25696
133.39999,4.45992,"19,583.64",0.0085,0.0021,1021.20453
133.5,4.46329,"19,581.96",0.00849,0.00189,1021.11713
133.60001,4.46643,"19,577.79",0.00849,0.0018,1020.89960
133.7,4.46986,"19,576.03",0.00849,0.00181,1020.80780
133.8,4.47323,"19,574.01",0.00849,0.00217,1020.70239
133.89999,4.47652,"19,573.48",0.0085,0.00235,1020.67487
134,4.4798,"19,569.05",0.00851,0.00239,1020.44391
134.10001,4.48324,"19,567.76",0.00849,0.00233,1020.37646
134.2,4.48668,"19,567.45",0.00849,0.00226,1020.36017
134.3,4.48974,"19,562.83",0.00847,0.00228,1020.11920
134.39999,4.49318,"19,562.22",0.00849,0.00234,1020.08746
134.5,4.49654,"19,559.86",0.00849,0.00229,1019.96472
134.60001,4.49976,"19,556.75",0.00845,0.00227,1019.80225
134.7,4.50335,"19,555.90",0.00846,0.00225,1019.75806
134.8,4.50663,"19,553.51",0.00849,0.00214,1019.63330
134.89999,4.50977,"19,548.57",0.00849,0.00209,1019.37604
135,4.51321,"19,547.08",0.0085,0.00202,1019.29791
135.10001,4.51657,"19,545.13",0.00848,0.00185,1019.19617
135.2,4.51986,"19,542.09",0.00847,0.00181,1019.03790
135.3,4.52315,"19,539.71",0.00848,0.00218,1018.91388
135.39999,4.52651,"19,536.73",0.00846,0.00238,1018.75867
135.5,4.52995,"19,536.62",0.0085,0.00241,1018.75262
135.60001,4.53317,"19,531.50",0.00848,0.00224,1018.48578
135.7,4.5366,"19,530.37",0.00845,0.00227,1018.42694
135.8,4.53989,"19,528.38",0.00846,0.0023,1018.32324
135.89999,4.54303,"19,523.79",0.00846,0.00228,1018.08362
136,4.54662,"19,524.28",0.00848,0.0023,1018.10938
136.10001,4.54991,"19,521.37",0.00848,0.00235,1017.95752
136.2,4.55312,"19,518.37",0.00847,0.00224,1017.80078
136.3,4.55656,"19,516.55",0.00847,0.00213,1017.70593
136.39999,4.56,"19,515.37",0.00847,0.0022,1017.64435
136.5,4.56321,"19,512.98",0.00847,0.00195,1017.51996
136.60001,4.5665,"19,509.97",0.00846,0.00183,1017.36304
136.7,4.56994,"19,508.38",0.00847,0.00189,1017.27991
136.8,4.57315,"19,506.94",0.00846,0.00216,1017.20496
136.89999,4.57644,"19,503.63",0.00848,0.0023,1017.03253
137,4.57995,"19,504.20",0.00847,0.00246,1017.06189
137.10001,4.58324,"19,502.42",0.00847,0.0024,1016.96930
137.2,4.58638,"19,497.97",0.00847,0.00225,1016.73706
137.3,4.58989,"19,499.03",0.00847,0.00227,1016.79230
137.39999,4.59325,"19,496.70",0.00846,0.00228,1016.67108
137.5,4.59647,"19,495.64",0.00846,0.00236,1016.61566
137.60001,4.59998,"19,494.42",0.00846,0.00232,1016.55231
137.7,4.60334,"19,494.14",0.00846,0.00226,1016.53748
137.8,4.60648,"19,491.88",0.00846,0.00219,1016.41962
137.89999,4.60985,"19,489.24",0.00846,0.00219,1016.28192
138,4.61328,"19,488.31",0.00847,0.00207,1016.23346
138.10001,4.61642,"19,485.92",0.00848,0.00193,1016.10876
138.2,4.61979,"19,483.85",0.00849,0.00181,1016.00073
138.3,4.6233,"19,484.89",0.00844,0.00186,1016.05499
138.39999,4.62651,"19,483.45",0.00844,0.00223,1015.98004
138.5,4.62988,"19,479.13",0.00845,0.0024,1015.75488
138.60001,4.63324,"19,479.47",0.00846,0.00254,1015.77258
138.7,4.63653,"19,478.48",0.00845,0.00222,1015.72076
138.8,4.63974,"19,475.42",0.00845,0.00231,1015.56116
138.89999,4.64318,"19,474.64",0.00847,0.00232,1015.52094
139,4.64662,"19,473.29",0.00845,0.00231,1015.45013
139.10001,4.64976,"19,472.38",0.00842,0.00235,1015.40289
139.2,4.65327,"19,471.92",0.00843,0.00232,1015.37872
139.3,4.65663,"19,472.12",0.00844,0.00225,1015.38904
139.39999,4.65977,"19,469.85",0.00846,0.00215,1015.27069
139.5,4.66321,"19,468.94",0.00845,0.00215,1015.22321
139.60001,4.66657,"19,469.27",0.00844,0.00193,1015.24084
139.7,4.66986,"19,468.28",0.00846,0.00187,1015.18878
139.8,4.67322,"19,466.93",0.00846,0.00199,1015.11859
139.89999,4.67659,"19,467.02",0.00847,0.00223,1015.12311
140,4.67995,"19,467.79",0.00845,0.00234,1015.16321
140.10001,4.68316,"19,465.50",0.00845,0.00244,1015.04395
140.2,4.68653,"19,465.48",0.00846,0.00243,1015.04297
140.3,4.68989,"19,464.35",0.00846,0.00224,1014.98419
140.39999,4.6931,"19,463.05",0.00844,0.00227,1014.91644
140.5,4.69654,"19,463.47",0.00845,0.00232,1014.93823
140.60001,4.69998,"19,464.97",0.00846,0.00231,1015.01636
140.7,4.70312,"19,462.35",0.00846,0.00232,1014.88000
140.8,4.70648,"19,460.88",0.00846,0.00224,1014.80292
140.89999,4.70984,"19,461.45",0.00843,0.00221,1014.83301
141,4.71306,"19,461.13",0.00845,0.00217,1014.81622
141.10001,4.71657,"19,461.46",0.00848,0.00201,1014.83325
141.2,4.71986,"19,461.53",0.00846,0.00189,1014.83710
141.3,4.7233,"19,461.03",0.00847,0.0019,1014.81085
141.39999,4.72651,"19,460.26",0.00844,0.00187,1014.77094
141.5,4.7298,"19,461.04",0.00845,0.00231,1014.81122
141.60001,4.73324,"19,461.13",0.00844,0.00233,1014.81635
141.7,4.73638,"19,457.77",0.00845,0.00228,1014.64117
141.8,4.73989,"19,459.43",0.00845,0.00239,1014.72729
141.89999,4.74333,"19,460.45",0.00845,0.00228,1014.78088
142,4.74647,"19,458.48",0.00844,0.00228,1014.67822
142.10001,4.74998,"19,457.49",0.00843,0.00234,1014.62646
142.2,4.75327,"19,457.10",0.00843,0.00229,1014.60602
142.3,4.75648,"19,457.13",0.00843,0.00228,1014.60754
142.39999,4.75984,"19,455.64",0.00844,0.00227,1014.52997
142.5,4.76321,"19,455.07",0.00846,0.00217,1014.50031
142.60001,4.76657,"19,456.16",0.00845,0.00214,1014.55695
142.7,4.76986,"19,455.40",0.00844,0.00191,1014.51733
142.8,4.77322,"19,455.41",0.00844,0.00181,1014.51813
142.89999,4.77666,"19,456.41",0.00843,0.00214,1014.57025
143,4.77972,"19,452.84",0.00844,0.00197,1014.38409
143.10001,4.78316,"19,453.13",0.00846,0.00231,1014.39917
143.2,4.7866,"19,454.86",0.00845,0.00245,1014.48932
143.3,4.78974,"19,453.66",0.00845,0.00247,1014.42664
143.39999,4.79325,"19,453.50",0.00844,0.0024,1014.41840
143.5,4.79661,"19,454.04",0.00844,0.00223,1014.44641
143.60001,4.79983,"19,453.71",0.00844,0.00225,1014.42902
143.7,4.80319,"19,454.06",0.00844,0.00231,1014.44763
143.8,4.80648,"19,453.60",0.00844,0.00234,1014.42371
143.89999,4.80984,"19,453.51",0.00845,0.00229,1014.41895
144,4.81313,"19,453.22",0.00846,0.00226,1014.40375
144.10001,4.81657,"19,454.65",0.00846,0.00213,1014.47821
144.2,4.82001,"19,456.20",0.00847,0.00201,1014.55884
144.3,4.82315,"19,453.48",0.00846,0.00194,1014.41718
144.39999,4.82651,"19,453.35",0.00843,0.00185,1014.41046
144.5,4.82995,"19,455.67",0.00843,0.00187,1014.53156
144.60001,4.83309,"19,453.10",0.00845,0.00218,1014.39722
144.7,4.8366,"19,455.21",0.00846,0.00232,1014.50732
144.8,4.83996,"19,453.59",0.00845,0.0023,1014.42310
144.89999,4.84317,"19,453.78",0.00844,0.00223,1014.43298
145,4.84654,"19,452.85",0.00842,0.00229,1014.38452
145.10001,4.8499,"19,453.76",0.00842,0.00226,1014.43195
145.2,4.85319,"19,452.80",0.00844,0.00232,1014.38177
145.3,4.85648,"19,450.69",0.00844,0.00228,1014.27197
145.39999,4.85992,"19,452.75",0.00845,0.00229,1014.37933
145.5,4.8632,"19,453.67",0.00844,0.00224,1014.42694
145.60001,4.86642,"19,450.46",0.00844,0.00215,1014.25983
145.7,4.86993,"19,452.19",0.00845,0.00211,1014.35010
145.8,4.87322,"19,452.13",0.00847,0.00196,1014.34674
145.89999,4.87636,"19,450.12",0.00847,0.00183,1014.24225
146,4.87995,"19,451.45",0.00846,0.00191,1014.31128
146.10001,4.88323,"19,450.81",0.00844,0.0018,1014.27789
146.2,4.88645,"19,450.25",0.00845,0.00223,1014.24872
146.3,4.88996,"19,450.60",0.00844,0.00237,1014.26727
146.39999,4.89332,"19,451.85",0.00845,0.00234,1014.33246
146.5,4.89646,"19,451.34",0.00846,0.00235,1014.30579
146.60001,4.89983,"19,449.07",0.00844,0.00228,1014.18744
146.7,4.90319,"19,450.57",0.00844,0.00228,1014.26575
146.8,4.90648,"19,451.08",0.00844,0.00224,1014.29211
146.89999,4.90984,"19,450.36",0.00844,0.00228,1014.25476
147,4.91328,"19,451.93",0.00846,0.00229,1014.33624
147.10001,4.91657,"19,452.13",0.00845,0.0022,1014.34705
147.2,4.91978,"19,449.64",0.00845,0.00213,1014.21729
147.3,4.92322,"19,453.07",0.00846,0.00209,1014.39600
147.39999,4.92658,"19,452.14",0.00847,0.00197,1014.34753
147.5,4.92972,"19,451.09",0.00845,0.00184,1014.29266
147.60001,4.93323,"19,452.94",0.00846,0.00188,1014.38916
147.7,4.93667,"19,454.90",0.00845,0.00207,1014.49115
147.8,4.93981,"19,454.86",0.00846,0.00233,1014.48901
147.89999,4.94317,"19,454.41",0.00843,0.00231,1014.46576
148,4.94654,"19,455.18",0.00846,0.00246,1014.50580
148.10001,4.94975,"19,456.35",0.00843,0.00227,1014.56702
148.2,4.95319,"19,455.40",0.00845,0.0022,1014.51764
148.3,4.95662,"19,457.62",0.00844,0.0023,1014.63293
148.39999,4.95991,"19,456.98",0.00845,0.0023,1014.59979
148.5,4.9632,"19,456.73",0.00845,0.00231,1014.58698
148.60001,4.96657,"19,459.47",0.00845,0.0023,1014.72974
148.7,4.96993,"19,459.41",0.00846,0.00221,1014.72638
148.8,4.97314,"19,458.70",0.00845,0.00214,1014.68921
148.89999,4.97651,"19,460.63",0.00846,0.00209,1014.79004
149,4.97994,"19,461.22",0.00845,0.00182,1014.82104
149.10001,4.98316,"19,461.59",0.00846,0.00177,1014.84039
149.2,4.98659,"19,462.59",0.00846,0.0019,1014.89252
149.3,4.98996,"19,463.82",0.00848,0.00209,1014.95660
149.39999,4.9931,"19,465.16",0.00846,0.0023,1015.02625
149.5,4.99646,"19,465.25",0.00846,0.00232,1015.03082
149.60001,4.9999,"19,468.03",0.00845,0.00237,1015.17584
149.7,5.00319,"19,468.20",0.00845,0.00224,1015.18481
149.8,5.00655,"19,469.19",0.00844,0.00226,1015.23657
149.89999,5.00991,"19,471.06",0.00845,0.00227,1015.33380
150,5.01328,"19,472.65",0.00845,0.00228,1015.41681
150.10001,5.01649,"19,473.07",0.00845,0.00227,1015.43890
150.2,5.01978,"19,473.77",0.00847,0.00227,1015.47528
150.3,5.02329,"19,475.08",0.00847,0.00215,1015.54370
150.39999,5.02643,"19,476.14",0.00847,0.00214,1015.59912
150.5,5.02987,"19,478.14",0.00847,0.00204,1015.70325
150.60001,5.03338,"19,480.63",0.00847,0.00187,1015.83319
150.7,5.03652,"19,481.46",0.00848,0.0018,1015.87659
150.8,5.03988,"19,482.11",0.00847,0.0018,1015.91028
150.89999,5.04324,"19,484.69",0.00846,0.00211,1016.04462
151,5.04653,"19,486.76",0.00847,0.00219,1016.15247
151.10001,5.0499,"19,485.57",0.00847,0.00241,1016.09076
151.2,5.05318,"19,488.02",0.00848,0.00242,1016.21844
151.3,5.05662,"19,490.11",0.00849,0.00222,1016.32715
151.39999,5.05984,"19,489.25",0.00847,0.00226,1016.28265
151.5,5.0632,"19,491.01",0.00847,0.0023,1016.37439
151.60001,5.06664,"19,492.41",0.00846,0.00229,1016.44751
151.7,5.06978,"19,493.56",0.00847,0.00227,1016.50739
151.8,5.07322,"19,494.54",0.00847,0.00228,1016.55865
151.89999,5.07665,"19,498.06",0.00848,0.00225,1016.74176
152,5.07979,"19,496.53",0.00848,0.00217,1016.66193
152.10001,5.08323,"19,498.49",0.00851,0.00208,1016.76416
152.2,5.08659,"19,500.91",0.00849,0.00188,1016.89056
152.3,5.08981,"19,501.02",0.00851,0.00181,1016.89618
152.39999,5.09317,"19,501.92",0.00849,0.00195,1016.94299
152.5,5.09653,"19,504.14",0.0085,0.00225,1017.05878
152.60001,5.0999,"19,506.58",0.00849,0.00236,1017.18610
152.7,5.10311,"19,506.17",0.00848,0.0023,1017.16492
152.8,5.10655,"19,508.62",0.00847,0.00221,1017.29272
152.89999,5.10999,"19,511.29",0.00849,0.00225,1017.43176
153,5.11305,"19,511.13",0.00847,0.00224,1017.42365
153.10001,5.11656,"19,513.44",0.00848,0.00228,1017.54382
153.2,5.12,"19,515.73",0.00849,0.00232,1017.66357
153.3,5.12306,"19,514.91",0.00849,0.00233,1017.62073
153.39999,5.12658,"19,518.38",0.0085,0.00236,1017.80145
153.5,5.13001,"19,519.86",0.0085,0.00221,1017.87860
153.60001,5.13315,"19,521.23",0.0085,0.0022,1017.94995
153.7,5.13652,"19,521.35",0.00851,0.00205,1017.95660
153.8,5.13981,"19,522.08",0.00851,0.00189,1017.99469
153.89999,5.14317,"19,524.68",0.00852,0.00181,1018.13025
154,5.14646,"19,524.96",0.00852,0.00183,1018.14441
154.10001,5.14989,"19,527.09",0.00849,0.00223,1018.25580
154.2,5.15326,"19,529.19",0.0085,0.00235,1018.36530
154.3,5.1564,"19,528.27",0.00852,0.00246,1018.31714
154.39999,5.15991,"19,531.50",0.00849,0.00223,1018.48560
154.5,5.16327,"19,532.86",0.00851,0.0023,1018.55670
154.60001,5.16641,"19,531.64",0.0085,0.00232,1018.49310
154.7,5.16992,"19,532.03",0.00849,0.00233,1018.51337
154.8,5.17329,"19,533.92",0.00849,0.00228,1018.61169
154.89999,5.1765,"19,534.06",0.0085,0.00235,1018.61938
155,5.17994,"19,534.52",0.0085,0.00229,1018.64325
155.10001,5.1833,"19,534.43",0.00852,0.00222,1018.63867
155.2,5.18652,"19,535.76",0.00853,0.00215,1018.70782
155.3,5.1898,"19,534.96",0.00854,0.00202,1018.66638
155.39999,5.19324,"19,536.60",0.00852,0.00194,1018.75183
155.5,5.19661,"19,539.10",0.00853,0.00193,1018.88220
155.60001,5.19974,"19,536.14",0.0085,0.00197,1018.72766
155.7,5.20326,"19,539.10",0.00851,0.00226,1018.88220
155.8,5.20655,"19,539.77",0.00853,0.00242,1018.91693
155.89999,5.20976,"19,538.86",0.00851,0.00229,1018.86926
156,5.21327,"19,540.95",0.00852,0.00225,1018.97864
156.10001,5.21656,"19,540.94",0.0085,0.0023,1018.97803
156.2,5.21977,"19,541.15",0.00852,0.00229,1018.98889
156.3,5.22321,"19,542.20",0.0085,0.00231,1019.04358
156.39999,5.22665,"19,542.95",0.00851,0.0024,1019.08264
156.5,5.22986,"19,542.33",0.00852,0.00237,1019.05042
156.60001,5.23315,"19,543.47",0.00852,0.00228,1019.10968
156.7,5.23652,"19,544.63",0.00852,0.00225,1019.17059
156.8,5.23988,"19,545.47",0.00853,0.00216,1019.21399
156.89999,5.24309,"19,543.11",0.00852,0.00208,1019.09125
157,5.2466,"19,545.91",0.00854,0.00189,1019.23730
157.10001,5.24997,"19,547.50",0.00852,0.00202,1019.32013
157.2,5.25318,"19,545.57",0.00853,0.00202,1019.21942
157.3,5.25654,"19,547.84",0.00852,0.00233,1019.33783
157.39999,5.25991,"19,547.15",0.00852,0.00239,1019.30200
157.5,5.26312,"19,547.67",0.00852,0.00223,1019.32898
157.60001,5.26656,"19,548.84",0.0085,0.00234,1019.39008
157.7,5.26992,"19,549.72",0.00851,0.00226,1019.43591
157.8,5.27314,"19,548.57",0.0085,0.00234,1019.37592
157.89999,5.27657,"19,548.92",0.00851,0.00231,1019.39429
158,5.27994,"19,550.51",0.00851,0.00237,1019.47705
158.10001,5.28315,"19,551.91",0.00851,0.00233,1019.55017
158.2,5.28651,"19,550.79",0.00852,0.00236,1019.49182
158.3,5.28988,"19,551.80",0.00852,0.00223,1019.54419
158.39999,5.29324,"19,552.26",0.00854,0.00221,1019.56812
158.5,5.29653,"19,552.33",0.00854,0.00207,1019.57166
158.60001,5.29989,"19,553.63",0.00851,0.00186,1019.63971
158.7,5.30326,"19,552.82",0.00851,0.00189,1019.59753
158.8,5.30647,"19,552.37",0.00852,0.00222,1019.57404
158.89999,5.30983,"19,553.71",0.00854,0.00231,1019.64380
159,5.31327,"19,554.93",0.00852,0.00246,1019.70734
159.10001,5.31641,"19,553.70",0.00851,0.00231,1019.64331
159.2,5.31985,"19,553.59",0.00852,0.00232,1019.63745
159.3,5.32336,"19,555.43",0.00851,0.00227,1019.73340
159.39999,5.3265,"19,555.77",0.00851,0.00233,1019.75134
159.5,5.32986,"19,555.07",0.00852,0.00235,1019.71497
159.60001,5.33322,"19,554.42",0.00853,0.0023,1019.68066
159.7,5.33651,"19,555.58",0.0085,0.00232,1019.74127
159.8,5.33988,"19,555.49",0.00853,0.00233,1019.73669
159.89999,5.34324,"19,556.39",0.00853,0.00224,1019.78363
160,5.34668,"19,556.83",0.00851,0.00214,1019.80652
160.10001,5.34982,"19,554.02",0.00852,0.00202,1019.66010
160.2,5.3531,"19,554.33",0.0085,0.00191,1019.67609
160.3,5.35662,"19,555.12",0.00851,0.00204,1019.71741
160.39999,5.35976,"19,553.69",0.0085,0.00223,1019.64270
160.5,5.36319,"19,552.16",0.00851,0.00225,1019.56323
160.60001,5.36663,"19,552.98",0.00851,0.00242,1019.60590
160.7,5.36977,"19,551.90",0.00852,0.00233,1019.54968
160.8,5.37321,"19,551.22",0.0085,0.00235,1019.51385
160.89999,5.37657,"19,550.99",0.00852,0.00232,1019.50220
161,5.37979,"19,549.05",0.00849,0.00242,1019.40100
161.10001,5.38315,"19,548.29",0.00849,0.00239,1019.36139
161.2,5.38651,"19,548.45",0.0085,0.0024,1019.36932
161.3,5.38995,"19,548.90",0.00852,0.00229,1019.39282
161.39999,5.39309,"19,545.52",0.0085,0.00226,1019.21661
161.5,5.39653,"19,545.60",0.0085,0.00222,1019.22083
161.60001,5.39996,"19,545.94",0.0085,0.00205,1019.23853
161.7,5.4031,"19,543.04",0.0085,0.00194,1019.08722
161.8,5.40654,"19,542.42",0.00847,0.00199,1019.05493
161.89999,5.40998,"19,542.30",0.00849,0.00218,1019.04913
162,5.41312,"19,538.60",0.00849,0.00215,1018.85590
162.10001,5.41663,"19,538.46",0.00849,0.00221,1018.84888
162.2,5.41999,"19,537.78",0.00849,0.00225,1018.81323
162.3,5.42313,"19,535.82",0.00848,0.00237,1018.71100
162.39999,5.4265,"19,533.74",0.00848,0.00233,1018.60260
162.5,5.42986,"19,533.14",0.00848,0.00233,1018.57111
162.60001,5.43322,"19,532.83",0.00848,0.00236,1018.55518
162.7,5.43644,"19,530.20",0.0085,0.00232,1018.41803
162.8,5.43987,"19,528.59",0.00848,0.00226,1018.33380
162.89999,5.44331,"19,528.86",0.00848,0.00226,1018.34790
163,5.44638,"19,525.01",0.00848,0.00226,1018.14746
163.10001,5.44989,"19,525.22",0.0085,0.00214,1018.15814
163.2,5.45325,"19,523.57",0.0085,0.00198,1018.07239
163.3,5.45647,"19,521.45",0.0085,0.00185,1017.96149
163.39999,5.4599,"19,521.31",0.0085,0.00193,1017.95453
163.5,5.46327,"19,520.30",0.00848,0.00225,1017.90167
163.60001,5.46648,"19,518.48",0.00849,0.00232,1017.80688
163.7,5.46984,"19,516.51",0.00848,0.00229,1017.70422
163.8,5.47321,"19,516.64",0.00849,0.0023,1017.71075
163.89999,5.4765,"19,515.14",0.00847,0.0023,1017.63281
164,5.47978,"19,513.04",0.00846,0.00228,1017.52325
164.10001,5.48322,"19,512.04",0.00847,0.00233,1017.47107
164.2,5.48666,"19,512.94",0.00846,0.00231,1017.51801
164.3,5.4898,"19,509.48",0.00845,0.00233,1017.33728
164.39999,5.49331,"19,510.12",0.00848,0.00223,1017.37054
164.5,5.4966,"19,508.52",0.00849,0.00222,1017.28717
164.60001,5.49966,"19,504.08",0.00847,0.00215,1017.05585
164.7,5.50333,"19,506.23",0.00846,0.00202,1017.16809
164.8,5.50661,"19,505.33",0.00847,0.00183,1017.12091
164.89999,5.50983,"19,503.86",0.00846,0.00183,1017.04437
165,5.51327,"19,501.97",0.00848,0.00182,1016.94604
165.10001,5.51655,"19,502.02",0.00847,0.00213,1016.94849
165.2,5.51984,"19,502.52",0.00848,0.0022,1016.97449
165.3,5.52313,"19,500.47",0.00849,0.00228,1016.86774
165.39999,5.52657,"19,500.84",0.00846,0.00223,1016.88678
165.5,5.52986,"19,500.82",0.00846,0.00233,1016.88586
165.60001,5.53307,"19,498.32",0.00849,0.00229,1016.75562
165.7,5.53658,"19,500.90",0.00848,0.00236,1016.89026
165.8,5.53995,"19,500.67",0.00849,0.00232,1016.87811
165.89999,5.54309,"19,497.60",0.00848,0.00227,1016.71771
166,5.5466,"19,498.47",0.00847,0.00229,1016.76337
166.10001,5.54989,"19,498.27",0.00846,0.00221,1016.75305
166.2,5.55317,"19,497.22",0.0085,0.00219,1016.69794
166.3,5.55654,"19,496.20",0.00847,0.00207,1016.64490
166.39999,5.55998,"19,495.36",0.00847,0.00188,1016.60107
166.5,5.56319,"19,496.62",0.00848,0.00184,1016.66669
166.60001,5.56648,"19,495.53",0.00847,0.00221,1016.60974
166.7,5.56984,"19,495.52",0.00849,0.00211,1016.60938
166.8,5.57313,"19,494.17",0.00847,0.00226,1016.53888
166.89999,5.57642,"19,493.45",0.00846,0.00232,1016.50159
167,5.57993,"19,494.98",0.00847,0.00235,1016.58154
167.10001,5.58322,"19,494.76",0.00847,0.00234,1016.56982
167.2,5.58651,"19,492.44",0.00849,0.00231,1016.44873
167.3,5.58987,"19,493.42",0.00848,0.0023,1016.50000
167.39999,5.59323,"19,493.68",0.00846,0.00236,1016.51343
167.5,5.59645,"19,492.45",0.00847,0.00233,1016.44946
167.60001,5.59981,"19,492.75",0.00849,0.00222,1016.46515
167.7,5.60325,"19,493.07",0.0085,0.00221,1016.48151
167.8,5.60646,"19,493.74",0.00851,0.00205,1016.51691
167.89999,5.60983,"19,493.20",0.00847,0.00193,1016.48846
168,5.61326,"19,493.23",0.00847,0.00187,1016.49011
168.10001,5.61648,"19,492.97",0.00849,0.00185,1016.47675
168.2,5.61984,"19,490.64",0.00851,0.00229,1016.35492
168.3,5.62328,"19,493.01",0.00849,0.00216,1016.47870
168.39999,5.62657,"19,493.09",0.00847,0.00225,1016.48285
168.5,5.62986,"19,491.59",0.00847,0.00234,1016.40454
168.60001,5.63322,"19,491.75",0.00848,0.00233,1016.41266
168.7,5.63666,"19,491.97",0.00851,0.00227,1016.42450
168.8,5.6398,"19,489.84",0.00847,0.00235,1016.31342
168.89999,5.64316,"19,490.60",0.00846,0.00235,1016.35278
169,5.6466,"19,490.41",0.0085,0.00231,1016.34320
169.10001,5.64981,"19,490.96",0.0085,0.00228,1016.37152
169.2,5.65317,"19,490.03",0.0085,0.00225,1016.32336
169.3,5.65661,"19,491.07",0.00846,0.00221,1016.37732
169.39999,5.65982,"19,489.04",0.00845,0.00207,1016.27173
169.5,5.66319,"19,489.39",0.00849,0.00194,1016.28986
169.60001,5.66655,"19,489.63",0.00849,0.0019,1016.30219
169.7,5.66984,"19,489.55",0.00849,0.00223,1016.29834
169.8,5.6732,"19,489.28",0.00847,0.00221,1016.28387
169.89999,5.67649,"19,489.54",0.00846,0.00225,1016.29749
170,5.67993,"19,489.42",0.00848,0.00227,1016.29156
170.10001,5.68314,"19,488.35",0.0085,0.00234,1016.23578
170.2,5.68651,"19,487.72",0.00849,0.00232,1016.20276
170.3,5.68994,"19,488.68",0.00848,0.00232,1016.25256
170.39999,5.69308,"19,486.96",0.00847,0.00238,1016.16284
170.5,5.69652,"19,488.50",0.00848,0.00241,1016.24353
170.60001,5.70003,"19,489.73",0.00849,0.00241,1016.30737
170.7,5.7031,"19,488.62",0.00849,0.00227,1016.24963
170.8,5.70654,"19,487.44",0.00846,0.00223,1016.18799
170.89999,5.7099,"19,487.93",0.00848,0.00212,1016.21350
171,5.71319,"19,488.28",0.00848,0.00197,1016.23181
171.10001,5.71648,"19,487.67",0.00849,0.00189,1016.20001
171.2,5.71991,"19,488.37",0.00849,0.00196,1016.23639
171.3,5.72328,"19,489.64",0.00847,0.00211,1016.30267
171.39999,5.72649,"19,487.11",0.00846,0.00221,1016.17108
171.5,5.72985,"19,487.81",0.00847,0.0023,1016.20758
171.60001,5.73329,"19,489.86",0.00849,0.00227,1016.31439
171.7,5.73636,"19,486.60",0.00848,0.00232,1016.14435
171.8,5.73987,"19,486.97",0.00848,0.00236,1016.16376
171.89999,5.74331,"19,489.41",0.00846,0.00236,1016.29077
172,5.74644,"19,488.80",0.00848,0.00234,1016.25897
172.10001,5.74996,"19,488.17",0.00848,0.00231,1016.22620
172.2,5.75325,"19,488.41",0.00847,0.0023,1016.23895
172.3,5.75653,"19,488.49",0.00848,0.00229,1016.24268
172.39999,5.75982,"19,488.32",0.00847,0.00226,1016.23425
172.5,5.76319,"19,489.61",0.0085,0.00212,1016.30115
172.60001,5.76655,"19,489.34",0.0085,0.00207,1016.28711
172.7,5.76976,"19,488.20",0.00848,0.002,1016.22797
172.8,5.77328,"19,489.94",0.00849,0.00192,1016.31866
172.89999,5.77664,"19,491.99",0.0085,0.00225,1016.42554
173,5.77978,"19,488.83",0.00848,0.00227,1016.26062
173.10001,5.78322,"19,489.66",0.00847,0.0023,1016.30389
173.2,5.78658,"19,491.51",0.00847,0.00236,1016.40027
173.3,5.78972,"19,489.70",0.00848,0.00237,1016.30585
173.39999,5.7933,"19,491.20",0.00846,0.00235,1016.38416
173.5,5.79659,"19,490.76",0.00847,0.00239,1016.36115
173.60001,5.79981,"19,489.98",0.00845,0.00233,1016.32080
173.7,5.80317,"19,490.30",0.00848,0.00234,1016.33722
173.8,5.80653,"19,490.20",0.00847,0.00232,1016.33203
173.89999,5.80982,"19,490.08",0.00847,0.00225,1016.32593
174,5.81311,"19,487.46",0.00849,0.00215,1016.18945
174.10001,5.81655,"19,489.00",0.00847,0.00209,1016.26941
174.2,5.81999,"19,490.41",0.00849,0.00189,1016.34320
174.3,5.82313,"19,487.69",0.00849,0.00204,1016.20117
174.39999,5.82656,"19,487.99",0.00847,0.00226,1016.21704
174.5,5.82993,"19,489.01",0.00849,0.00227,1016.26978
174.60001,5.83306,"19,487.16",0.00847,0.0022,1016.17377
174.7,5.83658,"19,489.30",0.00849,0.00228,1016.28497
174.8,5.83994,"19,487.60",0.00847,0.00232,1016.19629
174.89999,5.84315,"19,487.29",0.00849,0.00231,1016.18060
175,5.84659,"19,487.54",0.00847,0.00231,1016.19360
175.10001,5.84996,"19,488.06",0.00844,0.00237,1016.22070
175.2,5.85317,"19,488.18",0.00846,0.00234,1016.22668
175.3,5.85646,"19,485.22",0.00848,0.00232,1016.07263
175.39999,5.85982,"19,486.96",0.00848,0.00229,1016.16296
175.5,5.86318,"19,488.10",0.00848,0.00219,1016.22235
175.60001,5.86647,"19,487.57",0.00848,0.00212,1016.19513
175.7,5.86991,"19,488.42",0.00849,0.00202,1016.23932
175.8,5.87327,"19,488.88",0.00847,0.00191,1016.26337
175.89999,5.87649,"19,488.26",0.00848,0.00179,1016.23077
176,5.87985,"19,489.11",0.00848,0.0023,1016.27527
176.10001,5.88321,"19,488.93",0.00848,0.00215,1016.26593
176.2,5.88643,"19,488.62",0.00848,0.0022,1016.24982
176.3,5.88986,"19,489.06",0.0085,0.00229,1016.27264
176.39999,5.8933,"19,490.50",0.00849,0.00235,1016.34784
176.5,5.89652,"19,492.10",0.00849,0.00229,1016.43091
176.60001,5.89981,"19,490.89",0.00848,0.00233,1016.36786
176.7,5.90317,"19,489.91",0.00846,0.00234,1016.31696
176.8,5.90653,"19,492.37",0.00848,0.00231,1016.44525
176.89999,5.90982,"19,491.48",0.00849,0.00229,1016.39874
177,5.91326,"19,493.86",0.00849,0.00222,1016.52289
177.10001,5.91655,"19,493.69",0.00849,0.00216,1016.51404
177.2,5.91983,"19,493.77",0.0085,0.00202,1016.51843
177.3,5.92327,"19,496.45",0.0085,0.00198,1016.65814
177.39999,5.92664,"19,496.02",0.00846,0.00179,1016.63531
177.5,5.92985,"19,496.17",0.00848,0.00197,1016.64319
177.60001,5.93321,"19,495.38",0.00848,0.00213,1016.60193
177.7,5.93665,"19,497.51",0.00849,0.00224,1016.71301
177.8,5.93986,"19,498.29",0.00849,0.00225,1016.75366
177.89999,5.94315,"19,496.19",0.00845,0.00227,1016.64417
178,5.94659,"19,497.87",0.00847,0.00229,1016.73199
178.10001,5.9498,"19,498.19",0.00849,0.00234,1016.74890
178.2,5.95309,"19,498.19",0.00849,0.00228,1016.74860
178.3,5.9566,"19,499.46",0.00847,0.00227,1016.81470
178.39999,5.95989,"19,499.88",0.00847,0.00232,1016.83685
178.5,5.96318,"19,498.81",0.00847,0.00225,1016.78119
178.60001,5.96655,"19,501.11",0.00849,0.00225,1016.90076
178.7,5.96998,"19,502.50",0.00848,0.00209,1016.97357
178.8,5.97312,"19,501.50",0.00846,0.002,1016.92151
178.89999,5.97649,"19,501.26",0.00847,0.00189,1016.90869
179,5.97992,"19,503.03",0.00848,0.00183,1017.00085
179.10001,5.98314,"19,503.51",0.00848,0.00197,1017.02612
179.2,5.98657,"19,502.96",0.0085,0.00225,1016.99762
179.3,5.99001,"19,505.20",0.00849,0.00234,1017.11432
179.39999,5.99315,"19,504.20",0.0085,0.0023,1017.06195
179.5,5.99651,"19,503.93",0.00847,0.00234,1017.04803
179.60001,5.99988,"19,505.88",0.00846,0.00227,1017.14966
179.7,6.00324,"19,505.99",0.0085,0.00235,1017.15533
179.8,6.00645,"19,504.44",0.00849,0.00232,1017.07477
179.89999,6.00989,"19,506.85",0.00848,0.00232,1017.20038
180,6.01333,"19,508.65",0.00848,0.00233,1017.29395
180.10001,6.01647,"19,508.05",0.00848,0.00225,1017.26270
180.2,6.01983,"19,508.02",0.0085,0.00223,1017.26105
180.3,6.02327,"19,508.40",0.00849,0.00221,1017.28125
180.39999,6.02633,"19,508.67",0.00849,0.002,1017.29529
180.5,6.02985,"19,509.47",0.00848,0.00193,1017.33716
180.60001,6.03328,"19,511.75",0.0085,0.00194,1017.45569
180.7,6.03642,"19,509.52",0.0085,0.00219,1017.33960
180.8,6.03994,"19,511.09",0.00847,0.00213,1017.42157
180.89999,6.04322,"19,512.41",0.00846,0.00215,1017.49036
181,6.04651,"19,513.35",0.00846,0.0023,1017.53943
181.10001,6.04988,"19,512.23",0.00849,0.00227,1017.48096
181.2,6.05316,"19,512.88",0.00851,0.00232,1017.51459
181.3,6.0566,"19,513.82",0.00848,0.00235,1017.56384
181.39999,6.05982,"19,513.61",0.00847,0.00233,1017.55298
181.5,6.06325,"19,513.68",0.00848,0.00231,1017.55634
181.60001,6.06669,"19,514.70",0.00849,0.00227,1017.60938
181.7,6.06968,"19,511.64",0.00847,0.00223,1017.45001
181.8,6.07319,"19,512.84",0.00849,0.00219,1017.51276
181.89999,6.07663,"19,514.31",0.00849,0.00208,1017.58936
182,6.07977,"19,512.23",0.0085,0.00192,1017.48065
182.10001,6.08336,"19,513.15",0.00847,0.00186,1017.52863
182.2,6.08665,"19,513.94",0.00851,0.00216,1017.56989
182.3,6.08986,"19,513.63",0.00847,0.00213,1017.55359
182.39999,6.09315,"19,512.66",0.0085,0.0021,1017.50348
182.5,6.09644,"19,512.55",0.00848,0.00224,1017.49768
182.60001,6.09988,"19,513.27",0.00849,0.0023,1017.53503
182.7,6.10309,"19,512.11",0.00851,0.00234,1017.47467
182.8,6.1066,"19,514.66",0.0085,0.00231,1017.60779
182.89999,6.10996,"19,514.20",0.00847,0.00234,1017.58362
183,6.1131,"19,512.36",0.00848,0.00226,1017.48737
183.10001,6.11654,"19,513.74",0.00848,0.00235,1017.55957
183.2,6.11998,"19,514.04",0.00848,0.00226,1017.57538
183.3,6.12312,"19,513.27",0.00848,0.00223,1017.53485
183.39999,6.12656,"19,512.73",0.00848,0.00214,1017.50684
183.5,6.12992,"19,514.35",0.0085,0.00207,1017.59125
183.60001,6.13321,"19,514.46",0.00849,0.00196,1017.59698
183.7,6.13657,"19,513.64",0.00849,0.00186,1017.55463
183.8,6.13986,"19,513.29",0.00848,0.0018,1017.53589
183.89999,6.14322,"19,514.16",0.00847,0.00207,1017.58160
184,6.14644,"19,512.60",0.0085,0.00211,1017.50031
184.10001,6.14987,"19,514.39",0.00849,0.00227,1017.59363
184.2,6.15331,"19,514.30",0.00849,0.0023,1017.58893
184.3,6.15645,"19,511.96",0.00848,0.00231,1017.46680
184.39999,6.15996,"19,513.46",0.00848,0.00231,1017.54523
184.5,6.16325,"19,513.56",0.0085,0.00234,1017.55029
184.60001,6.16647,"19,511.05",0.0085,0.0023,1017.41943
184.7,6.1699,"19,511.23",0.00851,0.00232,1017.42859
184.8,6.17319,"19,510.10",0.00849,0.00236,1017.36975
184.89999,6.17648,"19,510.80",0.00849,0.00222,1017.40619
185,6.17984,"19,510.49",0.0085,0.00217,1017.38989
185.10001,6.18321,"19,509.81",0.00851,0.00207,1017.35449
185.2,6.18657,"19,510.45",0.00851,0.00191,1017.38806
185.3,6.18978,"19,508.09",0.0085,0.00195,1017.26495
185.39999,6.19322,"19,508.83",0.0085,0.00187,1017.30334
185.5,6.19659,"19,509.16",0.0085,0.00206,1017.32056
185.60001,6.1998,"19,506.64",0.00849,0.0022,1017.18945
185.7,6.20331,"19,507.95",0.0085,0.00229,1017.25763
185.8,6.20667,"19,507.61",0.0085,0.00235,1017.24011
185.89999,6.20981,"19,504.67",0.00849,0.00238,1017.08661
186,6.21325,"19,504.61",0.0085,0.00229,1017.08368
186.10001,6.21654,"19,502.89",0.00851,0.00233,1016.99396
186.2,6.21983,"19,502.40",0.00849,0.00238,1016.96808
186.3,6.22319,"19,501.89",0.00852,0.0023,1016.94177
186.39999,6.22655,"19,501.62",0.00849,0.0023,1016.92731
186.5,6.22992,"19,501.71",0.00849,0.00217,1016.93219
186.60001,6.23313,"19,499.18",0.00848,0.0021,1016.80042
186.7,6.23657,"19,500.14",0.00849,0.002,1016.85022
186.8,6.23986,"19,499.80",0.00848,0.00192,1016.83258
186.89999,6.24307,"19,497.06",0.00849,0.00202,1016.68964
187,6.24658,"19,497.88",0.00851,0.00226,1016.73230
187.10001,6.24995,"19,497.71",0.0085,0.00216,1016.72351
187.2,6.25316,"19,495.71",0.0085,0.00237,1016.61926
187.3,6.2566,"19,495.74",0.00851,0.00234,1016.62109
187.39999,6.25996,"19,494.26",0.00851,0.00238,1016.54395
187.5,6.2631,"19,493.46",0.00853,0.00236,1016.50220
187.60001,6.26646,"19,492.77",0.00849,0.00236,1016.46606
187.7,6.2699,"19,492.33",0.0085,0.00242,1016.44324
187.8,6.27319,"19,491.65",0.0085,0.00234,1016.40778
187.89999,6.27655,"19,489.79",0.00849,0.00233,1016.31055
188,6.27999,"19,490.48",0.00848,0.00225,1016.34656
188.10001,6.28321,"19,489.07",0.00848,0.00226,1016.27313
188.2,6.28642,"19,485.76",0.0085,0.0021,1016.10034
188.3,6.28986,"19,486.37",0.00851,0.00196,1016.13251
188.39999,6.29329,"19,486.22",0.0085,0.00185,1016.12457
188.5,6.29651,"19,483.19",0.00849,0.00218,1015.96631
188.60001,6.29995,"19,483.85",0.0085,0.00227,1016.00079
188.7,6.30331,"19,482.10",0.00851,0.0024,1015.90955
188.8,6.30645,"19,480.19",0.00852,0.00233,1015.80994
188.89999,6.30981,"19,478.11",0.00853,0.00234,1015.70160
189,6.31325,"19,478.50",0.0085,0.00239,1015.72205
189.10001,6.31639,"19,477.72",0.00848,0.00241,1015.68109
189.2,6.31983,"19,474.64",0.0085,0.0024,1015.52094
189.3,6.32334,"19,475.83",0.0085,0.00235,1015.58282
189.39999,6.32648,"19,473.59",0.0085,0.00233,1015.46582
189.5,6.32984,"19,472.72",0.00851,0.00231,1015.42047
189.60001,6.3332,"19,471.72",0.00849,0.00225,1015.36865
189.7,6.33649,"19,470.69",0.0085,0.00214,1015.31458
189.8,6.33978,"19,468.51",0.0085,0.00196,1015.20093
189.89999,6.34322,"19,468.97",0.00849,0.00195,1015.22504
190,6.34666,"19,469.06",0.00851,0.00194,1015.22955
190.10001,6.3498,"19,464.42",0.00849,0.00204,1014.98773
190.2,6.35323,"19,463.80",0.00849,0.00217,1014.95526
190.3,6.3566,"19,463.83",0.0085,0.00228,1014.95697
190.39999,6.35974,"19,461.26",0.00848,0.00239,1014.82318
190.5,6.36325,"19,459.28",0.0085,0.00239,1014.71967
190.60001,6.36661,"19,458.78",0.00848,0.00238,1014.69373
190.7,6.36982,"19,456.96",0.00848,0.00238,1014.59857
190.8,6.37326,"19,455.31",0.0085,0.0024,1014.51276
190.89999,6.37663,"19,454.57",0.00852,0.00236,1014.47394
191,6.37984,"19,451.79",0.00851,0.00229,1014.32892
191.10001,6.38313,"19,449.27",0.00849,0.00227,1014.19794
191.2,6.38649,"19,449.07",0.00849,0.00222,1014.18744
191.3,6.38993,"19,449.05",0.00849,0.00209,1014.18610
191.39999,6.39307,"19,444.72",0.00851,0.00197,1013.96063
191.5,6.39658,"19,443.35",0.0085,0.00204,1013.88910
191.60001,6.40002,"19,443.84",0.0085,0.00208,1013.91455
191.7,6.40308,"19,440.59",0.00849,0.00217,1013.74487
191.8,6.40652,"19,440.09",0.00847,0.00228,1013.71906
191.89999,6.40988,"19,437.83",0.00849,0.00235,1013.60107
192,6.4131,"19,436.62",0.00847,0.00238,1013.53784
192.10001,6.41661,"19,435.38",0.00847,0.00232,1013.47369
192.2,6.41997,"19,435.27",0.00847,0.00246,1013.46777
192.3,6.42319,"19,433.98",0.00849,0.00243,1013.40063
192.39999,6.42655,"19,431.71",0.00847,0.00245,1013.28180
192.5,6.42984,"19,431.34",0.00848,0.00236,1013.26263
192.60001,6.4332,"19,431.50",0.00849,0.00231,1013.27130
192.7,6.43642,"19,428.43",0.00849,0.00228,1013.11102
192.8,6.43985,"19,427.75",0.00848,0.0021,1013.07556
192.89999,6.44329,"19,428.20",0.00848,0.002,1013.09900
193,6.44643,"19,425.21",0.00849,0.00211,1012.94336
193.10001,6.44987,"19,425.00",0.00849,0.00226,1012.93237
193.2,6.45323,"19,423.04",0.00848,0.00222,1012.82977
193.3,6.45644,"19,421.69",0.00847,0.00225,1012.75964
193.39999,6.45988,"19,421.01",0.00847,0.00236,1012.72388
193.5,6.46317,"19,420.54",0.00848,0.00239,1012.69952
193.60001,6.46654,"19,419.54",0.00848,0.00242,1012.64740
193.7,6.4699,"19,417.61",0.00848,0.00238,1012.54657
193.8,6.47319,"19,416.13",0.00847,0.00239,1012.46954
193.89999,6.47655,"19,416.92",0.00845,0.00241,1012.51105
194,6.47969,"19,413.95",0.00848,0.00237,1012.35571
194.10001,6.4832,"19,414.05",0.00847,0.00235,1012.36102
194.2,6.48664,"19,413.65",0.00848,0.00229,1012.34045
194.3,6.48978,"19,410.74",0.00848,0.00219,1012.18860
194.39999,6.49329,"19,411.44",0.00849,0.00203,1012.22485
194.5,6.49665,"19,411.28",0.00848,0.00194,1012.21680
194.60001,6.49972,"19,407.56",0.00849,0.002,1012.02295
194.7,6.50323,"19,408.13",0.00847,0.00226,1012.05261
194.8,6.50652,"19,407.02",0.00847,0.00242,1011.99445
194.89999,6.50981,"19,405.85",0.00849,0.00232,1011.93365
195,6.51317,"19,404.26",0.00848,0.00235,1011.85083
195.10001,6.51653,"19,402.16",0.00847,0.00239,1011.74127
195.2,6.5199,"19,403.38",0.00848,0.00237,1011.80450
195.3,6.52311,"19,400.26",0.00846,0.00244,1011.64227
195.39999,6.52655,"19,399.45",0.00846,0.00242,1011.59961
195.5,6.52991,"19,397.76",0.00844,0.00242,1011.51178
195.60001,6.53305,"19,395.83",0.00844,0.00234,1011.41119
195.7,6.53664,"19,397.63",0.00845,0.00234,1011.50488
195.776,6.53918,"19,396.93",0.00845,0.00223,1011.46820
