Modulus (Segment 0.001 mm/mm - 0.008 mm/mm) : Modulus (Segment 0.001 mm/mm - 0.008 mm/mm),"103,412.09",MPa,,,
Poisson's ratio (Least squares fit) : Poisson's ratio (Least squares fit),0.35284,,,,
Specimen properties : Gauge length,15.17,mm,,,
Specimen properties : Gauge length transverse,4.894,mm,,,
Specimen properties : Thickness,1.28,mm,,,
Specimen properties : Width,15.11,mm,,,
,,,,,
Time,Extension,Load,Video axial strain,Video transverse strain,Calculated Stress
(s),(mm),(N),(mm/mm),(mm/mm),(MPa)
0,0.01435,33.57469,0.00009,0.00006,1.73595
0.1,0.01517,34.91842,0.00004,0.00005,1.80543
0.2,0.01928,62.06849,0.00001,-0.00022,3.20920
0.3,0.02392,111.8482,0.00007,-0.00037,5.78302
0.4,0.02765,148.10979,0.00024,-0.0005,7.65789
0.5,0.03109,181.53311,0.00024,-0.00066,9.38602
0.6,0.03438,214.42131,0.0002,-0.00067,11.08648
0.7,0.03774,246.888,0.00013,-0.00074,12.76514
0.8,0.04111,279.21408,0.00017,-0.00074,14.43653
0.9,0.04439,310.56235,0.00032,-0.00077,16.05737
1,0.04761,341.93625,0.00028,-0.00077,17.67953
1.1,0.05112,375.02164,0.00016,-0.00074,19.39018
1.2,0.05448,408.6839,0.00017,-0.00067,21.13066
1.3,0.0577,437.47229,0.00028,-0.00058,22.61914
1.4,0.06113,470.67502,0.00041,-0.00038,24.33586
1.5,0.0645,503.62817,0.00036,-0.00027,26.03968
1.6,0.06764,533.83868,0.00027,-0.00026,27.60169
1.7,0.07107,565.07544,0.00033,-0.0002,29.21676
1.8,0.07436,596.07324,0.00047,-0.00017,30.81947
1.9,0.07765,628.33594,0.00045,-0.00012,32.48759
2,0.08109,660.2254,0.00043,-0.00011,34.13641
2.1,0.08445,691.55865,0.00042,-0.00011,35.75647
2.2,0.08774,723.08331,0.00054,-0.00003,37.38642
2.3,0.09095,753.60413,0.00055,0.00008,38.96447
2.4,0.09439,785.28943,0.00058,0.00011,40.60274
2.5,0.09776,816.87036,0.0006,0.00033,42.23560
2.6,0.10097,844.36658,0.00062,0.00033,43.65727
2.7,0.10448,877.32056,0.0006,0.00056,45.36113
2.8,0.10785,909.45038,0.00066,0.00034,47.02238
2.9,0.11098,938.84814,0.0007,0.00036,48.54236
3,0.11442,970.17706,0.00067,0.00028,50.16220
3.1,0.11771,999.89789,0.00064,0.00024,51.69889
3.2,0.121,"1,031.50",0.00063,0.00016,53.33276
3.3,0.12436,"1,062.68",0.00064,0.00009,54.94518
3.4,0.1278,"1,093.84",0.00072,-0.00011,56.55611
3.5,0.13109,"1,125.00",0.00076,-0.00037,58.16714
3.6,0.13438,"1,153.54",0.00077,-0.00036,59.64302
3.7,0.13774,"1,185.55",0.0008,-0.0005,61.29779
3.8,0.14103,"1,215.99",0.00084,-0.00051,62.87156
3.9,0.14424,"1,244.11",0.00086,-0.0006,64.32549
4,0.14775,"1,275.29",0.00092,-0.0006,65.93789
4.1,0.15112,"1,307.05",0.00097,-0.00072,67.57973
4.2,0.15433,"1,336.92",0.00102,-0.00075,69.12444
4.3,0.15777,"1,367.61",0.001,-0.00078,70.71106
4.4,0.16113,"1,396.33",0.00102,-0.00059,72.19612
4.5,0.16435,"1,427.08",0.00107,-0.00056,73.78609
4.6,0.16771,"1,456.68",0.00107,-0.00039,75.31651
4.7,0.17115,"1,488.02",0.00106,-0.00039,76.93682
4.8,0.17436,"1,518.59",0.0011,-0.00029,78.51723
4.9,0.17772,"1,546.15",0.00109,-0.00021,79.94226
5,0.18124,"1,578.87",0.00112,-0.00018,81.63435
5.1,0.18438,"1,608.55",0.00115,-0.00023,83.16877
5.2,0.18766,"1,636.60",0.00116,-0.00018,84.61896
5.3,0.19103,"1,667.80",0.00121,-0.00018,86.23224
5.4,0.19447,"1,699.20",0.0012,-0.00006,87.85590
5.5,0.19768,"1,727.50",0.00125,0,89.31872
5.6,0.20112,"1,759.18",0.00126,0.00011,90.95716
5.7,0.20455,"1,789.30",0.00122,0.00006,92.51424
5.8,0.20769,"1,817.97",0.00125,0.00016,93.99680
5.9,0.21098,"1,847.28",0.00131,0.00021,95.51211
6,0.21442,"1,878.71",0.00136,0.00047,97.13733
6.1,0.21763,"1,908.02",0.00134,0.00037,98.65271
6.2,0.221,"1,937.27",0.00132,0.00026,100.16500
6.3,0.22451,"1,969.12",0.00133,0.00025,101.81192
6.4,0.22772,"1,997.70",0.00134,0.00025,103.28960
6.5,0.23109,"2,026.29",0.00136,0.00004,104.76765
6.6,0.23445,"2,056.02",0.00138,-0.00025,106.30473
6.7,0.23774,"2,084.77",0.00139,-0.00029,107.79124
6.8,0.24095,"2,114.10",0.00139,-0.00035,109.30762
6.9,0.24439,"2,145.27",0.00141,-0.0005,110.91920
7,0.24783,"2,175.44",0.00142,-0.00051,112.47922
7.1,0.25097,"2,203.30",0.00145,-0.00062,113.91959
7.2,0.2544,"2,233.36",0.00148,-0.00059,115.47399
7.3,0.25784,"2,263.87",0.00148,-0.00069,117.05150
7.4,0.26091,"2,291.92",0.00147,-0.00075,118.50178
7.5,0.26442,"2,320.81",0.00147,-0.00071,119.99552
7.6,0.26778,"2,352.29",0.00146,-0.00074,121.62341
7.7,0.271,"2,381.00",0.00149,-0.00069,123.10780
7.8,0.27451,"2,409.76",0.00153,-0.00026,124.59484
7.9,0.2778,"2,439.40",0.00154,-0.00026,126.12707
8,0.28109,"2,468.78",0.00154,-0.00023,127.64646
8.1,0.2843,"2,496.62",0.00155,-0.00022,129.08589
8.2,0.28766,"2,526.92",0.0016,-0.00008,130.65248
8.3,0.2911,"2,557.62",0.00156,-0.00001,132.23972
8.4,0.29431,"2,584.76",0.00158,0.00004,133.64275
8.5,0.29775,"2,616.18",0.00164,0.00002,135.26744
8.6,0.30119,"2,644.90",0.00164,0.00007,136.75211
8.7,0.30425,"2,673.22",0.00165,0.00006,138.21678
8.8,0.30769,"2,703.26",0.00165,0.00018,139.76988
8.9,0.31113,"2,732.95",0.00165,0.00018,141.30467
9,0.31434,"2,762.24",0.00166,0.00028,142.81950
9.1,0.31786,"2,791.98",0.00167,0.00051,144.35713
9.2,0.32114,"2,822.00",0.00169,0.00055,145.90936
9.3,0.32443,"2,851.02",0.00168,0.00059,147.40952
9.4,0.32772,"2,878.64",0.00171,0.00046,148.83789
9.5,0.33101,"2,908.62",0.00171,0.00042,150.38792
9.6,0.33437,"2,939.15",0.00173,0.0003,151.96626
9.7,0.33759,"2,966.36",0.00172,0.00004,153.37331
9.8,0.3411,"2,997.30",0.00172,-0.00005,154.97284
9.9,0.34454,"3,027.95",0.00175,-0.00023,156.55768
10,0.34768,"3,054.69",0.0018,-0.00028,157.93996
10.1,0.35111,"3,085.02",0.00179,-0.00037,159.50824
10.2,0.35448,"3,113.14",0.00182,-0.00035,160.96243
10.3,0.35762,"3,141.70",0.00182,-0.00046,162.43916
10.4,0.36113,"3,172.98",0.00179,-0.00057,164.05626
10.5,0.36434,"3,201.46",0.0018,-0.00052,165.52872
10.6,0.36771,"3,231.07",0.00185,-0.00058,167.05992
10.7,0.37107,"3,259.16",0.00189,-0.00065,168.51215
10.8,0.37436,"3,288.29",0.0019,-0.00065,170.01807
10.9,0.37779,"3,318.50",0.0019,-0.00017,171.58037
11,0.38093,"3,346.07",0.00189,-0.00013,173.00555
11.1,0.38437,"3,376.36",0.00192,-0.00008,174.57167
11.2,0.38781,"3,405.84",0.00191,-0.00005,176.09637
11.3,0.39095,"3,433.55",0.00191,-0.00003,177.52884
11.4,0.39446,"3,464.78",0.00195,0.00008,179.14369
11.5,0.39782,"3,494.14",0.00198,0.00011,180.66159
11.6,0.40096,"3,521.01",0.00199,0.00011,182.05098
11.7,0.40448,"3,551.53",0.002,0.00016,183.62878
11.8,0.40776,"3,581.36",0.002,0.00021,185.17133
11.9,0.41105,"3,611.40",0.00203,0.0002,186.72423
12,0.41442,"3,639.56",0.00202,0.00029,188.18044
12.1,0.4177,"3,667.14",0.00204,0.00026,189.60660
12.2,0.42114,"3,698.57",0.00205,0.0003,191.23125
12.3,0.42428,"3,724.99",0.00193,0.00049,192.59746
12.4,0.42772,"3,755.79",0.00199,0.00077,194.19005
12.5,0.43108,"3,785.54",0.00206,0.00072,195.72816
12.6,0.43422,"3,813.24",0.00209,0.00057,197.16016
12.7,0.43781,"3,844.66",0.00209,0.00062,198.78487
12.8,0.44117,"3,873.81",0.00197,0.00027,200.29239
12.9,0.44431,"3,900.70",0.002,0.00012,201.68245
13,0.44775,"3,929.99",0.00214,-0.00011,203.19705
13.1,0.45104,"3,958.85",0.00216,-0.00016,204.68930
13.2,0.45433,"3,989.05",0.00202,-0.00024,206.25055
13.3,0.45769,"4,016.87",0.00206,-0.00021,207.68877
13.4,0.46113,"4,046.90",0.00207,-0.00031,209.24153
13.5,0.46449,"4,077.73",0.00222,-0.00038,210.83572
13.6,0.4677,"4,104.93",0.00218,-0.00031,212.24216
13.7,0.47114,"4,135.68",0.00206,-0.00046,213.83203
13.8,0.47443,"4,164.06",0.00217,-0.00041,215.29916
13.9,0.47757,"4,191.23",0.00223,-0.00041,216.70392
14,0.48116,"4,222.92",0.00217,-0.00025,218.34232
14.1,0.48444,"4,251.69",0.00215,-0.0001,219.83005
14.2,0.48766,"4,279.58",0.00223,-0.00009,221.27219
14.3,0.4911,"4,309.06",0.00217,0.00006,222.79633
14.4,0.49453,"4,337.87",0.00218,0.00017,224.28618
14.5,0.49767,"4,367.81",0.00223,0.00016,225.83420
14.6,0.50096,"4,396.36",0.00223,0.00016,227.30998
14.7,0.5044,"4,425.97",0.00233,0.00023,228.84106
14.8,0.50769,"4,455.62",0.00221,0.00032,230.37411
14.9,0.51098,"4,483.60",0.00226,0.00031,231.82104
15,0.51449,"4,514.02",0.00227,0.00033,233.39360
15.1,0.5177,"4,543.34",0.00239,0.0003,234.90987
15.2,0.52099,"4,570.39",0.00242,0.00036,236.30811
15.3,0.52443,"4,601.26",0.00239,0.00087,237.90427
15.4,0.52772,"4,631.56",0.00233,0.00097,239.47115
15.5,0.53101,"4,658.85",0.00234,0.0009,240.88173
15.6,0.53444,"4,689.26",0.00233,0.00066,242.45425
15.7,0.53788,"4,719.45",0.00235,0.00074,244.01547
15.8,0.54102,"4,747.82",0.00235,0.00049,245.48210
15.9,0.54438,"4,777.38",0.00243,0.00041,247.01059
16,0.54775,"4,805.77",0.00242,0.00044,248.47823
16.1,0.55096,"4,833.84",0.00246,0.00043,249.92979
16.2,0.55432,"4,861.94",0.00243,0.00005,251.38274
16.3,0.55784,"4,893.80",0.00243,0,253.02968
16.4,0.56105,"4,921.83",0.00245,-0.00007,254.47893
16.5,0.56441,"4,949.93",0.00249,-0.00011,255.93202
16.6,0.56778,"4,980.63",0.00248,-0.00022,257.51956
16.7,0.57106,"5,009.70",0.00249,-0.00022,259.02222
16.8,0.57428,"5,037.38",0.00248,-0.00025,260.45343
16.9,0.57772,"5,067.77",0.00252,-0.00025,262.02466
17,0.58115,"5,096.45",0.00254,-0.00021,263.50751
17.1,0.58437,"5,124.77",0.00257,-0.00019,264.97202
17.2,0.58781,"5,154.14",0.00261,-0.00003,266.49042
17.3,0.59117,"5,183.72",0.00259,0.00018,268.02002
17.4,0.59423,"5,211.48",0.00262,0.00015,269.45526
17.5,0.59767,"5,239.67",0.00263,0.0002,270.91281
17.6,0.60111,"5,271.08",0.00264,0.0003,272.53680
17.7,0.60432,"5,299.58",0.00262,0.00041,274.01038
17.8,0.60776,"5,327.95",0.00264,0.00046,275.47720
17.9,0.61112,"5,356.80",0.00267,0.00042,276.96915
18,0.61441,"5,387.05",0.00271,0.00043,278.53308
18.1,0.6177,"5,415.29",0.00271,0.00055,279.99326
18.2,0.62106,"5,443.83",0.00269,0.00048,281.46884
18.3,0.62443,"5,473.27",0.00275,0.00055,282.99066
18.4,0.62764,"5,500.09",0.00277,0.00061,284.37735
18.5,0.63108,"5,530.93",0.00282,0.00073,285.97217
18.6,0.63452,"5,561.12",0.00282,0.00076,287.53305
18.7,0.63766,"5,588.10",0.00291,0.00073,288.92822
18.8,0.64102,"5,616.68",0.00286,0.00101,290.40573
18.9,0.64438,"5,646.84",0.0028,0.0007,291.96536
19,0.6476,"5,675.44",0.00284,0.0006,293.44409
19.1,0.65103,"5,704.54",0.00298,0.00059,294.94836
19.2,0.6544,"5,733.64",0.00299,0.0006,296.45331
19.3,0.65776,"5,762.36",0.0029,0.00041,297.93787
19.4,0.66105,"5,791.27",0.0029,0.0002,299.43277
19.5,0.66441,"5,820.09",0.00287,0.00014,300.92270
19.6,0.66777,"5,850.78",0.00292,0.00005,302.50967
19.7,0.67091,"5,876.97",0.00293,0.00002,303.86380
19.8,0.67443,"5,907.05",0.003,-0.00004,305.41901
19.9,0.67786,"5,937.90",0.00303,-0.0001,307.01440
20,0.681,"5,964.50",0.00299,-0.00012,308.38956
20.1,0.68452,"5,993.93",0.00304,-0.00015,309.91141
20.2,0.6878,"6,022.97",0.00312,-0.00018,311.41275
20.3,0.69102,"6,051.79",0.00314,0.00013,312.90274
20.4,0.69438,"6,081.26",0.00305,0.00024,314.42642
20.5,0.69767,"6,109.39",0.0031,0.00022,315.88083
20.6,0.70111,"6,138.50",0.00314,0.00031,317.38614
20.7,0.7044,"6,166.75",0.00316,0.00037,318.84668
20.8,0.70776,"6,196.24",0.00319,0.00044,320.37137
20.9,0.7112,"6,227.52",0.0033,0.00045,321.98849
21,0.71426,"6,251.76",0.00336,0.00047,323.24225
21.1,0.7177,"6,281.55",0.00333,0.00048,324.78226
21.2,0.72114,"6,312.66",0.00332,0.0006,326.39078
21.3,0.72428,"6,339.46",0.00335,0.00059,327.77640
21.4,0.72786,"6,369.06",0.00336,0.00063,329.30710
21.5,0.73115,"6,397.80",0.00338,0.00065,330.79309
21.6,0.73436,"6,425.39",0.00333,0.00076,332.21951
21.7,0.73773,"6,454.85",0.00335,0.00075,333.74258
21.8,0.74102,"6,483.00",0.00335,0.00086,335.19788
21.9,0.7443,"6,512.02",0.00338,0.00081,336.69839
22,0.74767,"6,539.66",0.0034,0.00114,338.12781
22.1,0.75111,"6,570.06",0.00339,0.00096,339.69958
22.2,0.75454,"6,600.13",0.00338,0.00069,341.25406
22.3,0.75768,"6,626.22",0.0034,0.00069,342.60321
22.4,0.76112,"6,656.85",0.00342,0.00067,344.18677
22.5,0.76448,"6,686.36",0.00348,0.00046,345.71271
22.6,0.76762,"6,712.94",0.00349,0.00031,347.08719
22.7,0.77114,"6,743.17",0.00348,0.00019,348.64975
22.8,0.7745,"6,771.02",0.00351,0.00019,350.08997
22.9,0.77771,"6,800.46",0.0035,0.00013,351.61212
23,0.78115,"6,828.83",0.00355,0.00014,353.07889
23.1,0.78451,"6,858.63",0.00352,0.00005,354.61972
23.2,0.78765,"6,888.07",0.00356,0.00001,356.14169
23.3,0.79094,"6,914.29",0.00356,0,357.49750
23.4,0.79445,"6,945.25",0.00356,0.00002,359.09854
23.5,0.79774,"6,975.84",0.00359,0.00007,360.68027
23.6,0.80096,"7,001.09",0.0036,0.00034,361.98538
23.7,0.80447,"7,030.69",0.00363,0.00047,363.51581
23.8,0.80776,"7,060.76",0.00363,0.00045,365.07059
23.9,0.81097,"7,087.40",0.00364,0.0005,366.44812
24,0.81441,"7,118.67",0.00367,0.00054,368.06516
24.1,0.81777,"7,147.42",0.00366,0.0006,369.55136
24.2,0.82098,"7,174.54",0.00364,0.0006,370.95340
24.3,0.82442,"7,204.93",0.00368,0.00067,372.52469
24.4,0.82786,"7,234.10",0.00369,0.00073,374.03329
24.5,0.831,"7,261.89",0.00372,0.0008,375.46979
24.6,0.83436,"7,288.59",0.00371,0.00078,376.85034
24.7,0.83773,"7,319.11",0.00376,0.00085,378.42865
24.8,0.84101,"7,348.50",0.00374,0.00089,379.94806
24.9,0.84438,"7,375.33",0.00379,0.00093,381.33511
25,0.84782,"7,405.82",0.00378,0.00098,382.91177
25.1,0.8511,"7,434.27",0.00377,0.00109,384.38257
25.2,0.85432,"7,461.18",0.00378,0.00115,385.77414
25.3,0.85776,"7,491.94",0.00379,0.00118,387.36444
25.4,0.86104,"7,520.79",0.0038,0.00101,388.85641
25.5,0.86426,"7,547.58",0.00379,0.00081,390.24161
25.6,0.86777,"7,577.39",0.00379,0.00076,391.78275
25.7,0.87121,"7,606.55",0.00384,0.00054,393.29044
25.8,0.87442,"7,634.04",0.00381,0.00044,394.71149
25.9,0.87771,"7,662.67",0.00387,0.00035,396.19202
26,0.88107,"7,692.11",0.00389,0.00036,397.71432
26.1,0.88429,"7,720.72",0.00391,0.00026,399.19318
26.2,0.88765,"7,748.63",0.00388,0.00025,400.63647
26.3,0.89116,"7,779.18",0.00391,0.00022,402.21625
26.4,0.89438,"7,806.54",0.00395,0.00017,403.63068
26.5,0.89774,"7,834.13",0.00395,0.00014,405.05713
26.6,0.9011,"7,864.03",0.00394,0.00005,406.60312
26.7,0.90447,"7,891.44",0.00396,0.0003,408.02039
26.8,0.90768,"7,918.24",0.00396,0.00055,409.40591
26.9,0.91104,"7,946.99",0.004,0.00055,410.89258
27,0.91448,"7,976.78",0.004,0.0006,412.43289
27.1,0.91769,"8,005.05",0.00398,0.00071,413.89429
27.2,0.92113,"8,033.55",0.004,0.00061,415.36801
27.3,0.9245,"8,061.17",0.00402,0.00069,416.79605
27.4,0.92763,"8,089.65",0.00402,0.00083,418.26877
27.5,0.93107,"8,117.32",0.00402,0.00083,419.69922
27.6,0.93444,"8,147.29",0.00405,0.00086,421.24881
27.7,0.93772,"8,174.43",0.00409,0.00093,422.65195
27.8,0.94109,"8,201.61",0.00411,0.00097,424.05762
27.9,0.94445,"8,231.47",0.0041,0.00091,425.60117
28,0.94781,"8,260.47",0.00406,0.00109,427.10092
28.1,0.95103,"8,287.50",0.0041,0.00101,428.49820
28.2,0.95432,"8,315.11",0.00411,0.00103,429.92572
28.3,0.95775,"8,344.58",0.00412,0.00113,431.44934
28.4,0.96089,"8,371.27",0.00419,0.00129,432.82953
28.5,0.96448,"8,401.29",0.00419,0.00105,434.38199
28.6,0.96792,"8,429.80",0.00419,0.00107,435.85599
28.7,0.97098,"8,456.63",0.0042,0.00095,437.24307
28.8,0.97442,"8,485.76",0.0042,0.00072,438.74927
28.9,0.97778,"8,514.86",0.00423,0.0006,440.25369
29,0.981,"8,542.64",0.00426,0.00047,441.69034
29.1,0.98436,"8,570.02",0.00425,0.00052,443.10580
29.2,0.9878,"8,598.79",0.00423,0.00048,444.59344
29.3,0.99116,"8,627.73",0.00428,0.0004,446.08960
29.4,0.99437,"8,654.72",0.00429,0.00035,447.48499
29.5,0.99766,"8,681.56",0.00434,0.0003,448.87268
29.6,1.00118,"8,710.86",0.00431,0.00028,450.38760
29.7,1.00424,"8,737.93",0.0043,0.00019,451.78745
29.8,1.00768,"8,766.95",0.00433,0.00037,453.28793
29.9,1.01119,"8,796.03",0.00432,0.00052,454.79153
30,1.01425,"8,821.49",0.00432,0.00064,456.10788
30.1,1.01777,"8,850.29",0.00431,0.00073,457.59711
30.2,1.02113,"8,878.80",0.00435,0.00074,459.07098
30.3,1.02434,"8,906.80",0.00435,0.0007,460.51880
30.4,1.02771,"8,933.80",0.00435,0.00087,461.91464
30.5,1.031,"8,963.14",0.00441,0.00085,463.43170
30.6,1.03443,"8,992.13",0.00442,0.00095,464.93085
30.7,1.03772,"9,018.74",0.00443,0.00105,466.30658
30.8,1.04108,"9,047.64",0.0044,0.00099,467.80093
30.9,1.04452,"9,077.21",0.00441,0.00102,469.32944
31,1.04759,"9,103.01",0.00445,0.00111,470.66336
31.1,1.0511,"9,133.10",0.00445,0.00104,472.21918
31.2,1.05454,"9,162.24",0.00444,0.00109,473.72607
31.3,1.0576,"9,187.19",0.00448,0.00118,475.01605
31.4,1.06119,"9,217.42",0.00452,0.00119,476.57925
31.5,1.06455,"9,246.26",0.00453,0.00128,478.07019
31.6,1.06769,"9,272.11",0.00455,0.00144,479.40671
31.7,1.07105,"9,299.15",0.00452,0.00138,480.80469
31.8,1.07434,"9,326.43",0.00455,0.0013,482.21536
31.9,1.07763,"9,356.42",0.00459,0.00107,483.76611
32,1.08099,"9,383.18",0.00462,0.00077,485.14935
32.1,1.08443,"9,412.46",0.00453,0.00081,486.66367
32.2,1.0878,"9,440.92",0.00447,0.00067,488.13501
32.3,1.09093,"9,465.29",0.0046,0.00066,489.39487
32.4,1.09445,"9,495.58",0.00468,0.00052,490.96133
32.5,1.09774,"9,523.98",0.00472,0.00048,492.42969
32.6,1.10087,"9,549.41",0.00465,0.00043,493.74411
32.7,1.10439,"9,578.73",0.00466,0.00047,495.26016
32.8,1.10782,"9,607.13",0.00466,0.00046,496.72852
32.9,1.11104,"9,635.81",0.00468,0.00041,498.21164
33,1.11448,"9,663.43",0.00472,0.00053,499.63940
33.1,1.11784,"9,690.52",0.00472,0.00073,501.04041
33.2,1.12098,"9,717.34",0.00472,0.00079,502.42712
33.3,1.12434,"9,745.42",0.00472,0.00079,503.87875
33.4,1.12778,"9,774.93",0.00475,0.00089,505.40442
33.5,1.13107,"9,802.36",0.00477,0.00092,506.82275
33.6,1.13428,"9,826.59",0.00478,0.00094,508.07562
33.7,1.13787,"9,858.29",0.00478,0.00093,509.71445
33.8,1.14108,"9,885.56",0.00477,0.00105,511.12463
33.9,1.14422,"9,911.11",0.0048,0.00107,512.44586
34,1.14773,"9,940.34",0.0048,0.0011,513.95709
34.1,1.1511,"9,967.22",0.00481,0.00115,515.34674
34.2,1.15431,"9,994.90",0.00484,0.00127,516.77802
34.3,1.15775,"10,024.74",0.00484,0.00116,518.32068
34.4,1.16119,"10,051.53",0.00484,0.00127,519.70599
34.5,1.16433,"10,078.39",0.00485,0.00129,521.09485
34.6,1.16769,"10,104.46",0.00487,0.00115,522.44269
34.7,1.17105,"10,133.24",0.00491,0.00153,523.93073
34.8,1.17434,"10,161.44",0.00491,0.00147,525.38898
34.9,1.1777,"10,186.24",0.00488,0.00132,526.67114
35,1.18114,"10,216.04",0.00489,0.00123,528.21173
35.1,1.1845,"10,243.75",0.00495,0.00096,529.64435
35.2,1.18772,"10,269.83",0.00495,0.00092,530.99286
35.3,1.19108,"10,299.13",0.00498,0.00096,532.50818
35.4,1.19437,"10,324.94",0.00499,0.00078,533.84235
35.5,1.19766,"10,351.75",0.005,0.00073,535.22876
35.6,1.20102,"10,380.26",0.00487,0.00071,536.70270
35.7,1.20453,"10,408.31",0.00486,0.00064,538.15302
35.8,1.20775,"10,435.22",0.00493,0.00056,539.54462
35.9,1.21111,"10,460.71",0.00502,0.00055,540.86224
36,1.2144,"10,489.87",0.00505,0.00068,542.37006
36.1,1.21769,"10,517.82",0.00494,0.00063,543.81506
36.2,1.22098,"10,542.64",0.00498,0.00089,545.09845
36.3,1.22434,"10,571.97",0.00508,0.00085,546.61499
36.4,1.2277,"10,599.41",0.00511,0.00093,548.03387
36.5,1.23107,"10,626.27",0.00511,0.00102,549.42242
36.6,1.23443,"10,654.87",0.00509,0.00108,550.90118
36.7,1.23779,"10,681.19",0.00507,0.00114,552.26184
36.8,1.24093,"10,706.60",0.00516,0.00114,553.57593
36.9,1.24437,"10,734.65",0.00512,0.00118,555.02606
37,1.24781,"10,762.29",0.00498,0.00117,556.45532
37.1,1.25095,"10,788.84",0.00511,0.00122,557.82812
37.2,1.25438,"10,815.42",0.0051,0.00138,559.20227
37.3,1.2579,"10,845.36",0.00505,0.00134,560.75024
37.4,1.26096,"10,870.61",0.00506,0.0013,562.05579
37.5,1.2644,"10,897.22",0.0051,0.00141,563.43164
37.6,1.26776,"10,924.03",0.0052,0.00148,564.81781
37.7,1.27105,"10,951.21",0.0051,0.00147,566.22302
37.8,1.27441,"10,976.95",0.00516,0.00133,567.55402
37.9,1.27778,"11,006.62",0.00518,0.00138,569.08807
38,1.28121,"11,033.57",0.00513,0.00154,570.48145
38.1,1.28435,"11,058.42",0.00515,0.0014,571.76666
38.2,1.28764,"11,086.47",0.00514,0.00137,573.21655
38.3,1.29115,"11,115.23",0.00516,0.00134,574.70361
38.4,1.29429,"11,140.26",0.00518,0.00124,575.99811
38.5,1.29773,"11,167.19",0.00521,0.00094,577.39050
38.6,1.30117,"11,195.08",0.00525,0.00083,578.83228
38.7,1.30431,"11,221.64",0.00529,0.00077,580.20563
38.8,1.30775,"11,248.15",0.00526,0.00077,581.57629
38.9,1.31111,"11,275.08",0.00522,0.00069,582.96869
39,1.31432,"11,301.87",0.00527,0.00072,584.35400
39.1,1.31769,"11,327.88",0.00525,0.00064,585.69885
39.2,1.32105,"11,356.61",0.00527,0.00065,587.18433
39.3,1.32449,"11,385.01",0.0053,0.00091,588.65265
39.4,1.3277,"11,409.73",0.00528,0.001,589.93036
39.5,1.33106,"11,437.11",0.00533,0.00102,591.34619
39.6,1.33458,"11,466.72",0.00537,0.00106,592.87750
39.7,1.33757,"11,491.24",0.00541,0.00114,594.14520
39.8,1.34108,"11,517.83",0.00537,0.00119,595.52008
39.9,1.34444,"11,545.22",0.00534,0.00123,596.93591
40,1.34766,"11,570.87",0.00536,0.00126,598.26233
40.1,1.35117,"11,598.50",0.00547,0.00133,599.69067
40.2,1.35453,"11,626.12",0.00551,0.00126,601.11908
40.3,1.35767,"11,650.73",0.00546,0.00134,602.39142
40.4,1.36103,"11,677.21",0.00539,0.00139,603.76062
40.5,1.3644,"11,704.27",0.00548,0.00145,605.15961
40.6,1.36769,"11,730.92",0.00551,0.00152,606.53772
40.7,1.37097,"11,754.74",0.00553,0.00149,607.76910
40.8,1.37441,"11,784.30",0.00546,0.00164,609.29742
40.9,1.37777,"11,813.21",0.00548,0.0015,610.79205
41,1.38091,"11,836.66",0.00558,0.00143,612.00446
41.1,1.38443,"11,864.67",0.0056,0.00159,613.45276
41.2,1.38779,"11,891.55",0.00565,0.00168,614.84253
41.3,1.39093,"11,916.89",0.00554,0.00149,616.15289
41.4,1.39452,"11,945.79",0.00556,0.00143,617.64722
41.5,1.39788,"11,971.31",0.00571,0.00122,618.96680
41.6,1.40109,"11,997.43",0.00569,0.00111,620.31726
41.7,1.40438,"12,023.15",0.0056,0.00099,621.64697
41.8,1.40774,"12,050.19",0.00563,0.00094,623.04486
41.9,1.41096,"12,077.15",0.00572,0.00095,624.43884
42,1.41432,"12,101.08",0.00583,0.00084,625.67627
42.1,1.41776,"12,128.64",0.00579,0.0008,627.10138
42.2,1.42112,"12,156.56",0.0057,0.0008,628.54474
42.3,1.42434,"12,180.59",0.00568,0.00075,629.78711
42.4,1.42777,"12,208.20",0.00581,0.00075,631.21503
42.5,1.43114,"12,234.66",0.00587,0.00091,632.58282
42.6,1.43428,"12,258.17",0.00578,0.0011,633.79828
42.7,1.43779,"12,288.25",0.00581,0.0012,635.35352
42.8,1.44108,"12,313.87",0.00587,0.00122,636.67841
42.9,1.44437,"12,339.56",0.00589,0.00131,638.00659
43,1.4478,"12,364.70",0.00591,0.0013,639.30658
43.1,1.45117,"12,391.74",0.00585,0.0013,640.70441
43.2,1.45431,"12,418.00",0.00588,0.00135,642.06256
43.3,1.45767,"12,441.91",0.0059,0.00141,643.29877
43.4,1.46103,"12,468.66",0.00594,0.00148,644.68146
43.5,1.46439,"12,495.91",0.00593,0.00153,646.09082
43.6,1.46768,"12,520.44",0.00596,0.00156,647.35901
43.7,1.4712,"12,548.55",0.00595,0.0015,648.81226
43.8,1.47448,"12,574.37",0.00591,0.00164,650.14716
43.9,1.47762,"12,597.58",0.00603,0.00164,651.34729
44,1.48106,"12,626.22",0.00603,0.00166,652.82843
44.1,1.48442,"12,651.02",0.00606,0.00161,654.11053
44.2,1.48764,"12,676.77",0.00605,0.00161,655.44171
44.3,1.49108,"12,703.94",0.00607,0.00173,656.84674
44.4,1.49451,"12,729.90",0.00609,0.00181,658.18890
44.5,1.49773,"12,757.26",0.00607,0.00149,659.60339
44.6,1.50102,"12,781.75",0.00609,0.00134,660.86975
44.7,1.50438,"12,807.54",0.00619,0.00128,662.20319
44.8,1.50767,"12,834.04",0.00615,0.00112,663.57330
44.9,1.51103,"12,858.45",0.00617,0.00113,664.83563
45,1.51447,"12,886.64",0.00617,0.00108,666.29297
45.1,1.51776,"12,912.97",0.0062,0.00103,667.65430
45.2,1.52105,"12,936.65",0.00619,0.00096,668.87878
45.3,1.52441,"12,962.98",0.0062,0.00084,670.23999
45.4,1.52777,"12,989.42",0.00621,0.00089,671.60706
45.5,1.53099,"13,014.54",0.0062,0.00082,672.90607
45.6,1.53435,"13,040.82",0.0062,0.00078,674.26483
45.7,1.53779,"13,067.18",0.00623,0.00111,675.62750
45.8,1.541,"13,092.43",0.00623,0.00125,676.93329
45.9,1.54444,"13,118.48",0.00625,0.00131,678.28021
46,1.54788,"13,145.14",0.00624,0.0014,679.65833
46.1,1.55101,"13,169.32",0.00623,0.00144,680.90881
46.2,1.5543,"13,193.63",0.00626,0.00144,682.16583
46.3,1.55782,"13,221.46",0.00626,0.0015,683.60437
46.4,1.5611,"13,247.55",0.00627,0.00153,684.95374
46.5,1.56447,"13,273.04",0.00626,0.00159,686.27161
46.6,1.56776,"13,298.89",0.00625,0.00157,687.60785
46.7,1.57119,"13,325.42",0.00626,0.00165,688.97980
46.8,1.57433,"13,349.18",0.00628,0.00167,690.20807
46.9,1.57762,"13,375.56",0.00633,0.00174,691.57220
47,1.58113,"13,400.31",0.00636,0.00171,692.85205
47.1,1.58427,"13,425.08",0.00634,0.0018,694.13239
47.2,1.58779,"13,450.86",0.00636,0.0018,695.46564
47.3,1.59122,"13,478.49",0.00641,0.00166,696.89435
47.4,1.59436,"13,502.79",0.0064,0.00168,698.15045
47.5,1.59765,"13,527.32",0.00641,0.00194,699.41858
47.6,1.60109,"13,554.34",0.00645,0.00192,700.81586
47.7,1.60438,"13,579.54",0.00646,0.00165,702.11871
47.8,1.60767,"13,604.23",0.00645,0.00134,703.39532
47.9,1.61103,"13,629.84",0.00649,0.00126,704.71954
48,1.61447,"13,657.25",0.00647,0.00131,706.13666
48.1,1.61768,"13,681.16",0.00648,0.00118,707.37317
48.2,1.62104,"13,706.93",0.00652,0.00112,708.70526
48.3,1.62456,"13,733.21",0.00653,0.0011,710.06439
48.4,1.62762,"13,756.05",0.0065,0.00102,711.24530
48.5,1.63113,"13,782.43",0.00646,0.00107,712.60907
48.6,1.63457,"13,809.19",0.0065,0.00101,713.99249
48.7,1.63763,"13,833.59",0.00653,0.00097,715.25415
48.8,1.64107,"13,856.96",0.00654,0.00104,716.46259
48.9,1.64444,"13,884.83",0.00657,0.00137,717.90344
49,1.64772,"13,910.29",0.00656,0.00141,719.22021
49.1,1.65101,"13,933.73",0.00656,0.00146,720.43219
49.2,1.65445,"13,959.62",0.00661,0.00151,721.77063
49.3,1.65781,"13,985.26",0.0066,0.00152,723.09625
49.4,1.66103,"14,009.82",0.00658,0.00155,724.36603
49.5,1.66439,"14,035.56",0.00658,0.00168,725.69702
49.6,1.66783,"14,061.92",0.00661,0.00169,727.06000
49.7,1.67089,"14,084.59",0.00663,0.00173,728.23218
49.8,1.67441,"14,110.91",0.00665,0.00182,729.59308
49.9,1.67777,"14,137.97",0.00665,0.00181,730.99225
50,1.68098,"14,162.41",0.00667,0.00183,732.25574
50.1,1.68449,"14,187.84",0.00668,0.00192,733.57068
50.2,1.68778,"14,213.32",0.00667,0.00187,734.88794
50.3,1.691,"14,239.41",0.0067,0.00177,736.23700
50.4,1.69436,"14,263.26",0.00671,0.0016,737.47003
50.5,1.69772,"14,288.94",0.00668,0.00193,738.79797
50.6,1.70101,"14,313.84",0.00672,0.00208,740.08508
50.7,1.7043,"14,338.24",0.00671,0.00205,741.34680
50.8,1.70781,"14,365.84",0.00675,0.00181,742.77405
50.9,1.71118,"14,391.88",0.00674,0.00152,744.12036
51,1.71431,"14,413.85",0.00678,0.00146,745.25635
51.1,1.71775,"14,439.30",0.00676,0.0014,746.57208
51.2,1.72112,"14,465.90",0.00678,0.00135,747.94727
51.3,1.72425,"14,489.42",0.00678,0.00132,749.16357
51.4,1.72784,"14,515.93",0.00676,0.00129,750.53406
51.5,1.73113,"14,540.45",0.0068,0.00127,751.80200
51.6,1.73434,"14,564.34",0.0068,0.00118,753.03699
51.7,1.73771,"14,589.77",0.00684,0.0011,754.35187
51.8,1.74107,"14,615.23",0.0068,0.00139,755.66833
51.9,1.74436,"14,640.99",0.00681,0.00153,757.00000
52,1.74765,"14,662.84",0.00681,0.00158,758.12994
52.1,1.75109,"14,690.39",0.00685,0.00157,759.55450
52.2,1.75445,"14,716.13",0.00687,0.00159,760.88501
52.3,1.75759,"14,738.46",0.00687,0.00163,762.03986
52.4,1.7611,"14,765.45",0.00691,0.00173,763.43518
52.5,1.76446,"14,790.25",0.00688,0.00172,764.71753
52.6,1.7676,"14,814.04",0.0069,0.00178,765.94751
52.7,1.77111,"14,840.66",0.00692,0.00176,767.32391
52.8,1.77448,"14,864.51",0.0069,0.00184,768.55701
52.9,1.77769,"14,887.84",0.00696,0.00189,769.76324
53,1.78113,"14,915.05",0.00694,0.00198,771.17047
53.1,1.78449,"14,939.81",0.00697,0.00191,772.45026
53.2,1.78771,"14,965.49",0.00694,0.00201,773.77802
53.3,1.791,"14,987.66",0.00693,0.00195,774.92462
53.4,1.79436,"15,013.95",0.007,0.00218,776.28394
53.5,1.79772,"15,040.04",0.00702,0.00224,777.63287
53.6,1.80101,"15,061.73",0.00698,0.00209,778.75415
53.7,1.80445,"15,088.36",0.00699,0.00216,780.13129
53.8,1.80781,"15,112.51",0.00698,0.00211,781.37970
53.9,1.81095,"15,136.55",0.00704,0.00189,782.62292
54,1.81439,"15,162.92",0.00702,0.00166,783.98621
54.1,1.81768,"15,185.89",0.00705,0.00154,785.17365
54.2,1.82096,"15,209.57",0.00707,0.0015,786.39801
54.3,1.8244,"15,236.29",0.00705,0.00146,787.77972
54.4,1.82784,"15,262.77",0.0071,0.00142,789.14880
54.5,1.83113,"15,287.45",0.00712,0.00136,790.42474
54.6,1.83442,"15,310.14",0.0071,0.00134,791.59814
54.7,1.83778,"15,335.75",0.00713,0.00132,792.92212
54.8,1.84099,"15,360.99",0.00713,0.00142,794.22742
54.9,1.84428,"15,384.51",0.00717,0.00152,795.44342
55,1.8478,"15,411.59",0.00715,0.00149,796.84338
55.1,1.85108,"15,434.94",0.00716,0.00167,798.05066
55.2,1.85437,"15,458.98",0.00716,0.00172,799.29352
55.3,1.85773,"15,485.71",0.00717,0.00169,800.67578
55.4,1.86117,"15,509.84",0.00717,0.00173,801.92358
55.5,1.86431,"15,533.75",0.00718,0.00178,803.15967
55.6,1.86767,"15,557.71",0.00722,0.00191,804.39844
55.7,1.87119,"15,583.40",0.00722,0.00194,805.72650
55.8,1.87433,"15,608.62",0.00721,0.002,807.03076
55.9,1.87769,"15,631.82",0.00722,0.00204,808.23016
56,1.88113,"15,656.92",0.00721,0.00207,809.52795
56.1,1.88434,"15,682.42",0.00729,0.00208,810.84662
56.2,1.88763,"15,705.23",0.00729,0.00208,812.02576
56.3,1.89107,"15,731.13",0.00726,0.00217,813.36481
56.4,1.89436,"15,756.27",0.00727,0.00211,814.66479
56.5,1.89772,"15,779.51",0.00731,0.00205,815.86639
56.6,1.90108,"15,805.91",0.00722,0.00219,817.23126
56.7,1.90452,"15,831.15",0.00721,0.0023,818.53668
56.8,1.90766,"15,854.31",0.00726,0.00236,819.73376
56.9,1.91102,"15,878.57",0.00733,0.00212,820.98816
57,1.91446,"15,904.17",0.00733,0.00207,822.31189
57.1,1.91767,"15,927.80",0.00739,0.00203,823.53369
57.2,1.92111,"15,952.63",0.0073,0.00176,824.81757
57.3,1.92455,"15,977.69",0.00727,0.00171,826.11328
57.4,1.92769,"16,000.18",0.0073,0.00158,827.27612
57.5,1.93105,"16,024.62",0.00731,0.00155,828.53949
57.6,1.93442,"16,050.34",0.0074,0.00166,829.86932
57.7,1.9377,"16,074.02",0.00738,0.00142,831.09406
57.8,1.94099,"16,096.42",0.0074,0.00141,832.25208
57.9,1.94443,"16,122.58",0.00733,0.00141,833.60480
58,1.94787,"16,148.94",0.00733,0.00147,834.96747
58.1,1.95101,"16,170.89",0.00736,0.00159,836.10248
58.2,1.95437,"16,194.98",0.00737,0.00184,837.34778
58.3,1.95773,"16,220.49",0.00736,0.00187,838.66681
58.4,1.96087,"16,243.01",0.00729,0.00189,839.83124
58.5,1.96446,"16,268.71",0.00744,0.00193,841.16003
58.6,1.96782,"16,293.46",0.0074,0.00199,842.43976
58.7,1.97096,"16,316.57",0.00743,0.00203,843.63470
58.8,1.97447,"16,341.33",0.00735,0.00196,844.91492
58.9,1.97776,"16,365.95",0.00739,0.00209,846.18799
59,1.98105,"16,390.24",0.0075,0.0021,847.44385
59.1,1.98434,"16,412.96",0.00749,0.00221,848.61853
59.2,1.9877,"16,438.30",0.00754,0.00222,849.92889
59.3,1.99114,"16,463.22",0.00754,0.00219,851.21716
59.4,1.99435,"16,485.68",0.00749,0.00221,852.37836
59.5,1.99779,"16,509.86",0.00755,0.00213,853.62836
59.6,2.00115,"16,534.83",0.0075,0.00221,854.91986
59.7,2.00422,"16,556.59",0.00748,0.00222,856.04462
59.8,2.00781,"16,583.06",0.00752,0.00236,857.41339
59.9,2.01117,"16,607.84",0.0075,0.0024,858.69464
60,2.01423,"16,630.54",0.00747,0.00236,859.86823
60.1,2.01782,"16,655.64",0.00752,0.00228,861.16626
60.2,2.02111,"16,680.65",0.00758,0.00216,862.45929
60.3,2.0244,"16,703.84",0.00759,0.0019,863.65814
60.4,2.02769,"16,727.39",0.00758,0.0018,864.87604
60.5,2.03097,"16,750.80",0.00757,0.0017,866.08636
60.6,2.03441,"16,776.29",0.00761,0.00165,867.40387
60.7,2.03763,"16,798.11",0.00761,0.00162,868.53217
60.8,2.04114,"16,824.66",0.00764,0.00159,869.90527
60.9,2.0445,"16,849.84",0.00764,0.00154,871.20685
61,2.04757,"16,870.67",0.00761,0.00143,872.28387
61.1,2.05108,"16,896.77",0.00757,0.00143,873.63354
61.2,2.05444,"16,921.19",0.00761,0.00187,874.89612
61.3,2.05758,"16,943.58",0.00764,0.00189,876.05365
61.4,2.06117,"16,968.32",0.00768,0.00189,877.33282
61.5,2.06446,"16,992.87",0.00764,0.00196,878.60229
61.6,2.06775,"17,017.08",0.00763,0.00197,879.85406
61.7,2.07111,"17,040.93",0.00767,0.00206,881.08710
61.8,2.07447,"17,064.24",0.00774,0.00204,882.29254
61.9,2.07776,"17,087.94",0.0078,0.00212,883.51782
62,2.08097,"17,110.80",0.00771,0.00216,884.69952
62.1,2.08441,"17,135.80",0.00768,0.00218,885.99225
62.2,2.08777,"17,160.49",0.00777,0.00224,887.26892
62.3,2.09099,"17,181.70",0.00785,0.00226,888.36530
62.4,2.09443,"17,208.51",0.00782,0.00222,889.75159
62.5,2.09779,"17,232.54",0.00777,0.00227,890.99420
62.6,2.101,"17,254.68",0.00781,0.00218,892.13879
62.7,2.10437,"17,279.04",0.00781,0.00216,893.39844
62.8,2.10773,"17,301.86",0.00785,0.00227,894.57825
62.9,2.11102,"17,325.77",0.00785,0.0023,895.81433
63,2.11438,"17,349.82",0.00787,0.00245,897.05823
63.1,2.11782,"17,372.85",0.00786,0.00253,898.24896
63.2,2.12111,"17,397.48",0.00787,0.00234,899.52228
63.3,2.12425,"17,418.70",0.00789,0.00226,900.61951
63.4,2.12776,"17,444.75",0.00792,0.00204,901.96643
63.5,2.13112,"17,469.11",0.00793,0.00188,903.22571
63.6,2.13426,"17,489.44",0.00792,0.00179,904.27692
63.7,2.13785,"17,516.62",0.00794,0.00177,905.68207
63.8,2.14114,"17,540.55",0.00796,0.00173,906.91980
63.9,2.14435,"17,562.32",0.00798,0.00171,908.04517
64,2.14771,"17,586.96",0.00797,0.00162,909.31909
64.1,2.15108,"17,610.05",0.00803,0.00152,910.51294
64.2,2.15437,"17,634.68",0.00809,0.00147,911.78625
64.3,2.15773,"17,657.54",0.008,0.00177,912.96857
64.4,2.16117,"17,681.92",0.00808,0.00187,914.22900
64.5,2.16438,"17,704.68",0.00804,0.00197,915.40558
64.6,2.16767,"17,726.62",0.00811,0.002,916.54034
64.7,2.17111,"17,752.38",0.00814,0.00201,917.87201
64.8,2.1744,"17,776.21",0.00814,0.00208,919.10425
64.9,2.17761,"17,797.75",0.00815,0.00218,920.21765
65,2.18112,"17,821.94",0.00815,0.00214,921.46838
65.1,2.18448,"17,846.37",0.00811,0.0022,922.73187
65.2,2.1877,"17,868.64",0.00817,0.00219,923.88312
65.3,2.19114,"17,893.08",0.00813,0.00231,925.14667
65.4,2.1945,"17,916.28",0.00819,0.00238,926.34613
65.5,2.19764,"17,938.08",0.00815,0.0024,927.47351
65.6,2.20108,"17,962.35",0.00817,0.00235,928.72827
65.7,2.20451,"17,986.74",0.00815,0.00226,929.98938
65.8,2.20773,"18,009.84",0.0082,0.00226,931.18372
65.9,2.21109,"18,031.61",0.00827,0.00229,932.30951
66,2.21453,"18,056.04",0.00826,0.00227,933.57239
66.1,2.21767,"18,079.79",0.00825,0.00237,934.80078
66.2,2.22096,"18,100.66",0.00822,0.00253,935.87939
66.3,2.22439,"18,124.22",0.00829,0.00233,937.09778
66.4,2.22776,"18,148.61",0.0083,0.00226,938.35889
66.5,2.23097,"18,170.87",0.00836,0.00205,939.50989
66.6,2.23441,"18,194.30",0.00832,0.00191,940.72131
66.7,2.23785,"18,218.52",0.00835,0.00192,941.97321
66.8,2.24099,"18,239.24",0.00832,0.0019,943.04468
66.9,2.24435,"18,263.02",0.00835,0.00183,944.27423
67,2.24779,"18,288.19",0.00835,0.00176,945.57562
67.1,2.25093,"18,309.40",0.00836,0.00167,946.67255
67.2,2.25436,"18,331.64",0.00838,0.00171,947.82227
67.3,2.25788,"18,356.13",0.00837,0.00158,949.08862
67.4,2.26102,"18,379.11",0.00838,0.0019,950.27649
67.5,2.26438,"18,401.80",0.00841,0.00201,951.44995
67.6,2.26774,"18,425.57",0.00839,0.00206,952.67859
67.7,2.27103,"18,447.18",0.00844,0.00205,953.79633
67.8,2.27432,"18,469.38",0.00841,0.00212,954.94379
67.9,2.27776,"18,493.70",0.00842,0.00222,956.20135
68,2.28119,"18,517.52",0.00845,0.00225,957.43274
68.1,2.28433,"18,537.74",0.00844,0.00231,958.47864
68.2,2.28777,"18,561.51",0.00847,0.00234,959.70752
68.3,2.29121,"18,585.96",0.00848,0.00242,960.97180
68.4,2.29427,"18,607.18",0.00847,0.00246,962.06897
68.5,2.29779,"18,630.67",0.00852,0.00249,963.28333
68.6,2.30115,"18,653.26",0.00854,0.00253,964.45148
68.7,2.30429,"18,676.81",0.00854,0.00233,965.66901
68.8,2.3078,"18,699.15",0.00856,0.00232,966.82404
68.9,2.31109,"18,722.87",0.00855,0.00225,968.05060
69,2.31438,"18,743.63",0.00855,0.00236,969.12384
69.1,2.31767,"18,765.74",0.00858,0.00235,970.26691
69.2,2.32103,"18,789.74",0.00857,0.00246,971.50769
69.3,2.32439,"18,813.10",0.00858,0.0026,972.71588
69.4,2.32761,"18,833.54",0.00858,0.00257,973.77240
69.5,2.33112,"18,857.81",0.0086,0.00227,975.02765
69.6,2.33456,"18,882.15",0.00861,0.0021,976.28613
69.7,2.33755,"18,901.95",0.0086,0.00203,977.30951
69.8,2.34106,"18,925.50",0.0086,0.00197,978.52747
69.9,2.34442,"18,948.01",0.00859,0.00199,979.69092
70,2.34764,"18,969.50",0.0086,0.00198,980.80212
70.1,2.35115,"18,993.84",0.0086,0.00185,982.06061
70.2,2.35444,"19,016.87",0.00861,0.00187,983.25122
70.3,2.35772,"19,038.20",0.0086,0.00175,984.35437
70.4,2.36101,"19,060.26",0.00859,0.00189,985.49500
70.5,2.36438,"19,082.98",0.00864,0.00196,986.66943
70.6,2.36774,"19,106.23",0.00863,0.0022,987.87177
70.7,2.37095,"19,127.15",0.00868,0.0022,988.95355
70.8,2.37439,"19,150.34",0.00869,0.0023,990.15240
70.9,2.37783,"19,174.23",0.0087,0.00219,991.38745
71,2.38097,"19,194.05",0.00874,0.00226,992.41248
71.1,2.38441,"19,217.75",0.00876,0.00227,993.63782
71.2,2.38777,"19,238.95",0.00875,0.0024,994.73407
71.3,2.39091,"19,260.32",0.00877,0.00253,995.83899
71.4,2.3945,"19,284.81",0.00878,0.00258,997.10492
71.5,2.39771,"19,306.46",0.00879,0.00253,998.22430
71.6,2.40107,"19,329.35",0.00879,0.00258,999.40778
71.7,2.40436,"19,349.58",0.00877,0.0026,1000.45398
71.8,2.40772,"19,371.81",0.00881,0.00251,1001.60358
71.9,2.41109,"19,395.73",0.00881,0.00248,1002.84003
72,2.4143,"19,415.41",0.00881,0.0024,1003.85773
72.1,2.41781,"19,438.15",0.00886,0.00236,1005.03333
72.2,2.42118,"19,461.63",0.00882,0.00256,1006.24744
72.3,2.42439,"19,482.07",0.00886,0.00279,1007.30438
72.4,2.42783,"19,505.63",0.00885,0.00292,1008.52246
72.5,2.43119,"19,527.08",0.00883,0.00259,1009.63147
72.6,2.43426,"19,546.91",0.00884,0.00235,1010.65668
72.7,2.43769,"19,570.28",0.00889,0.00212,1011.86481
72.8,2.44106,"19,592.25",0.00888,0.00207,1013.00104
72.9,2.44434,"19,614.25",0.00886,0.00213,1014.13849
73,2.44771,"19,635.26",0.00885,0.00204,1015.22479
73.1,2.45115,"19,656.92",0.00886,0.0021,1016.34460
73.2,2.45443,"19,680.70",0.00888,0.00194,1017.57440
73.3,2.45765,"19,698.80",0.00888,0.00191,1018.51013
73.4,2.46109,"19,722.03",0.0089,0.00192,1019.71106
73.5,2.46437,"19,743.53",0.00891,0.00201,1020.82257
73.6,2.46759,"19,763.09",0.00893,0.00228,1021.83405
73.7,2.47117,"19,787.87",0.00893,0.00227,1023.11542
73.8,2.47446,"19,809.53",0.00897,0.00239,1024.23511
73.9,2.47768,"19,829.19",0.00896,0.00241,1025.25183
74,2.48104,"19,851.85",0.00898,0.00238,1026.42358
74.1,2.4844,"19,873.31",0.00899,0.00243,1027.53320
74.2,2.48762,"19,893.47",0.00898,0.00247,1028.57544
74.3,2.49106,"19,914.72",0.009,0.00264,1029.67395
74.4,2.49449,"19,935.64",0.00901,0.00262,1030.75562
74.5,2.49771,"19,958.38",0.00903,0.00269,1031.93164
74.6,2.50107,"19,978.15",0.00901,0.00268,1032.95361
74.7,2.50451,"20,000.94",0.009,0.00269,1034.13171
74.8,2.50765,"20,021.19",0.00901,0.00263,1035.17908
74.9,2.51101,"20,040.09",0.00902,0.00255,1036.15613
75,2.51445,"20,064.01",0.00906,0.00263,1037.39319
75.1,2.51781,"20,085.16",0.00907,0.00264,1038.48669
75.2,2.52102,"20,104.32",0.00904,0.00276,1039.47705
75.3,2.52446,"20,125.21",0.00908,0.00261,1040.55701
75.4,2.52783,"20,147.62",0.00907,0.00288,1041.71606
75.5,2.53096,"20,168.07",0.00907,0.00288,1042.77319
75.6,2.53433,"20,187.86",0.00908,0.0025,1043.79651
75.7,2.53784,"20,210.15",0.00911,0.00241,1044.94910
75.8,2.54098,"20,229.92",0.0091,0.00224,1045.97144
75.9,2.54442,"20,250.56",0.0091,0.00224,1047.03821
76,2.54786,"20,273.06",0.00915,0.00214,1048.20190
76.1,2.55099,"20,291.83",0.00912,0.00218,1049.17236
76.2,2.55428,"20,309.69",0.00911,0.00213,1050.09546
76.3,2.55772,"20,332.15",0.00915,0.00206,1051.25708
76.4,2.56101,"20,352.08",0.00916,0.00194,1052.28723
76.5,2.56437,"20,370.77",0.00914,0.00229,1053.25366
76.6,2.56774,"20,391.44",0.00916,0.00232,1054.32227
76.7,2.57117,"20,412.68",0.00919,0.00233,1055.42053
76.8,2.57431,"20,430.39",0.0092,0.00241,1056.33643
76.9,2.57775,"20,450.27",0.0092,0.00243,1057.36414
77,2.58111,"20,469.92",0.00922,0.00251,1058.38013
77.1,2.58425,"20,488.36",0.00922,0.00251,1059.33374
77.2,2.58776,"20,508.42",0.00921,0.00261,1060.37085
77.3,2.5912,"20,529.63",0.00925,0.00266,1061.46729
77.4,2.59434,"20,547.86",0.00922,0.00273,1062.41016
77.5,2.59778,"20,566.45",0.00926,0.00275,1063.37122
77.6,2.60107,"20,587.22",0.00926,0.00279,1064.44507
77.7,2.60436,"20,605.98",0.00927,0.00276,1065.41516
77.8,2.60765,"20,623.48",0.00928,0.0027,1066.31970
77.9,2.61108,"20,643.39",0.00929,0.00262,1067.34924
78,2.61445,"20,663.52",0.00931,0.00257,1068.38989
78.1,2.61766,"20,680.75",0.00931,0.00265,1069.28088
78.2,2.6211,"20,700.24",0.00931,0.0027,1070.28870
78.3,2.62454,"20,720.21",0.00932,0.00284,1071.32117
78.4,2.62753,"20,735.97",0.00931,0.00296,1072.13599
78.5,2.63104,"20,756.52",0.00932,0.00304,1073.19849
78.6,2.63448,"20,775.60",0.00933,0.00286,1074.18530
78.7,2.63769,"20,794.03",0.00934,0.00272,1075.13806
78.8,2.64113,"20,811.40",0.00934,0.0025,1076.03601
78.9,2.64442,"20,830.74",0.00935,0.00234,1077.03625
79,2.6477,"20,848.96",0.00935,0.00231,1077.97827
79.1,2.65099,"20,866.09",0.00936,0.00225,1078.86389
79.2,2.65436,"20,885.63",0.00937,0.0022,1079.87390
79.3,2.65772,"20,903.58",0.00939,0.00218,1080.80237
79.4,2.66101,"20,920.93",0.00942,0.00219,1081.69934
79.5,2.66444,"20,940.39",0.00939,0.00208,1082.70544
79.6,2.66788,"20,958.77",0.00938,0.0022,1083.65588
79.7,2.67095,"20,974.23",0.00941,0.0023,1084.45532
79.8,2.67439,"20,992.79",0.00939,0.00244,1085.41455
79.9,2.67775,"21,012.23",0.00944,0.00251,1086.41968
80,2.68096,"21,028.70",0.00941,0.00253,1087.27148
80.1,2.68447,"21,047.67",0.00942,0.00261,1088.25208
80.2,2.68776,"21,065.26",0.00946,0.00261,1089.16162
80.3,2.69105,"21,083.68",0.00943,0.00261,1090.11426
80.4,2.69441,"21,100.27",0.00948,0.0027,1090.97205
80.5,2.6977,"21,117.24",0.00946,0.00274,1091.84912
80.6,2.70107,"21,135.86",0.00947,0.00281,1092.81213
80.7,2.70428,"21,150.39",0.00946,0.00273,1093.56335
80.8,2.70779,"21,170.60",0.0095,0.00278,1094.60828
80.9,2.71123,"21,189.71",0.0095,0.00268,1095.59656
81,2.71437,"21,204.55",0.00947,0.00269,1096.36365
81.1,2.71781,"21,223.16",0.00939,0.00264,1097.32605
81.2,2.72117,"21,242.16",0.00943,0.00273,1098.30847
81.3,2.72431,"21,257.96",0.00954,0.00286,1099.12524
81.4,2.72775,"21,276.39",0.00956,0.00285,1100.07812
81.5,2.73111,"21,292.68",0.00947,0.00294,1100.92017
81.6,2.7344,"21,310.56",0.00942,0.00293,1101.84497
81.7,2.73769,"21,327.80",0.0094,0.00303,1102.73608
81.8,2.74105,"21,345.14",0.00956,0.00263,1103.63269
81.9,2.74441,"21,363.05",0.00954,0.00245,1104.55896
82,2.74755,"21,378.04",0.00953,0.00236,1105.33398
82.1,2.75107,"21,396.80",0.00942,0.00239,1106.30371
82.2,2.75443,"21,416.07",0.00945,0.00228,1107.30017
82.3,2.75764,"21,431.49",0.0096,0.00221,1108.09729
82.4,2.76115,"21,450.20",0.00956,0.0022,1109.06494
82.5,2.76452,"21,467.49",0.00953,0.0021,1109.95898
82.6,2.76766,"21,482.94",0.00963,0.00211,1110.75732
82.7,2.77102,"21,501.12",0.00948,0.00212,1111.69727
82.8,2.77438,"21,517.94",0.00957,0.0024,1112.56738
82.9,2.7776,"21,534.48",0.0096,0.00249,1113.42249
83,2.78103,"21,550.88",0.00962,0.00254,1114.27063
83.1,2.78447,"21,570.29",0.00958,0.00268,1115.27380
83.2,2.78776,"21,586.86",0.00955,0.00261,1116.13049
83.3,2.79105,"21,601.71",0.00954,0.00269,1116.89868
83.4,2.79441,"21,618.93",0.0096,0.00265,1117.78894
83.5,2.7977,"21,636.23",0.0096,0.00276,1118.68335
83.6,2.80099,"21,650.55",0.0096,0.00281,1119.42395
83.7,2.8045,"21,670.04",0.00955,0.00291,1120.43164
83.8,2.80787,"21,686.00",0.00959,0.00274,1121.25647
83.9,2.811,"21,701.84",0.00955,0.00265,1122.07544
84,2.81444,"21,718.90",0.00957,0.00271,1122.95776
84.1,2.81781,"21,735.44",0.00956,0.00266,1123.81299
84.2,2.82094,"21,749.75",0.00958,0.00281,1124.55261
84.3,2.82431,"21,764.48",0.00958,0.00276,1125.31445
84.4,2.82782,"21,782.69",0.00962,0.00285,1126.25574
84.5,2.83103,"21,799.96",0.0096,0.00291,1127.14868
84.6,2.8344,"21,814.09",0.00961,0.0031,1127.87939
84.7,2.83783,"21,831.47",0.00963,0.00309,1128.77832
84.8,2.84105,"21,847.04",0.0096,0.00275,1129.58325
84.9,2.84434,"21,862.20",0.00963,0.00265,1130.36682
85,2.84777,"21,880.14",0.00965,0.00253,1131.29456
85.1,2.85114,"21,896.06",0.00966,0.00241,1132.11743
85.2,2.85435,"21,908.92",0.00967,0.00238,1132.78259
85.3,2.85779,"21,910.36",0.00965,0.00244,1132.85706
85.4,2.86123,"21,917.44",0.00966,0.00249,1133.22302
85.5,2.86429,"21,931.77",0.00963,0.00241,1133.96411
85.6,2.86773,"21,947.77",0.00967,0.00234,1134.79138
85.7,2.87117,"21,965.36",0.00975,0.00252,1135.70081
85.8,2.87431,"21,981.01",0.00969,0.00263,1136.51001
85.9,2.87782,"21,996.74",0.00971,0.00273,1137.32336
86,2.88118,"22,013.92",0.00971,0.00278,1138.21155
86.1,2.88432,"22,028.77",0.0097,0.00287,1138.97937
86.2,2.88768,"22,043.51",0.00972,0.00286,1139.74121
86.3,2.89105,"22,061.04",0.00973,0.00289,1140.64758
86.4,2.89441,"22,076.35",0.00974,0.00302,1141.43933
86.5,2.89762,"22,088.61",0.00972,0.00302,1142.07336
86.6,2.90106,"22,105.51",0.00973,0.00305,1142.94690
86.7,2.9045,"22,122.85",0.00973,0.00301,1143.84351
86.8,2.90764,"22,134.92",0.00974,0.00294,1144.46765
86.9,2.91108,"22,150.06",0.00977,0.0029,1145.25073
87,2.91444,"22,164.97",0.00977,0.00297,1146.02124
87.1,2.91758,"22,178.01",0.00976,0.00301,1146.69543
87.2,2.92109,"22,193.17",0.00978,0.00301,1147.47925
87.3,2.92453,"22,208.83",0.00978,0.003,1148.28931
87.4,2.92767,"22,221.61",0.00976,0.0031,1148.94983
87.5,2.93111,"22,235.96",0.0098,0.00327,1149.69202
87.6,2.93439,"22,250.86",0.00983,0.00337,1150.46240
87.7,2.93768,"22,264.37",0.00981,0.00294,1151.16089
87.8,2.94097,"22,276.51",0.00984,0.00277,1151.78857
87.9,2.94433,"22,290.90",0.00981,0.00269,1152.53235
88,2.94777,"22,306.09",0.0098,0.00259,1153.31799
88.1,2.95099,"22,316.75",0.00983,0.00262,1153.86890
88.2,2.95442,"22,330.33",0.00983,0.00256,1154.57117
88.3,2.95786,"22,343.02",0.00986,0.00247,1155.22742
88.4,2.96093,"22,354.60",0.00986,0.0024,1155.82593
88.5,2.96444,"22,368.59",0.00986,0.00245,1156.54932
88.6,2.96773,"22,381.16",0.00987,0.00278,1157.19934
88.7,2.97102,"22,392.26",0.00987,0.00285,1157.77295
88.8,2.97445,"22,405.08",0.00992,0.00288,1158.43591
88.9,2.97774,"22,417.97",0.00995,0.00293,1159.10229
89,2.98111,"22,431.24",0.00996,0.00294,1159.78870
89.1,2.98432,"22,441.19",0.00992,0.00302,1160.30322
89.2,2.98761,"22,452.51",0.00992,0.00303,1160.88843
89.3,2.99112,"22,467.73",0.00996,0.00307,1161.67529
89.4,2.99433,"22,477.62",0.00997,0.003,1162.18689
89.5,2.99777,"22,490.11",0.00997,0.00296,1162.83252
89.6,3.00121,"22,501.93",0.00993,0.00295,1163.44336
89.7,3.00435,"22,511.88",0.00993,0.00302,1163.95813
89.8,3.00779,"22,524.73",0.00998,0.00306,1164.62244
89.9,3.01107,"22,536.56",0.01,0.0031,1165.23413
90,3.01429,"22,545.66",0.00995,0.00316,1165.70483
90.1,3.01773,"22,557.45",0.00997,0.00335,1166.31433
90.2,3.02109,"22,568.87",0.01005,0.00331,1166.90479
90.3,3.02445,"22,581.00",0.01004,0.00289,1167.53186
90.4,3.02774,"22,590.21",0.00997,0.00283,1168.00781
90.5,3.03103,"22,599.56",0.01003,0.00274,1168.49146
90.6,3.03447,"22,612.08",0.01005,0.00267,1169.13867
90.7,3.03761,"22,620.69",0.0101,0.00256,1169.58398
90.8,3.04104,"22,633.19",0.01006,0.00246,1170.23010
90.9,3.04448,"22,645.44",0.01001,0.00242,1170.86340
91,3.04762,"22,652.37",0.01006,0.0026,1171.22168
91.1,3.05113,"22,665.69",0.01007,0.00282,1171.91040
91.2,3.0545,"22,676.98",0.01014,0.00289,1172.49451
91.3,3.05764,"22,685.61",0.01011,0.00297,1172.94043
91.4,3.06107,"22,696.55",0.01009,0.00296,1173.50635
91.5,3.06436,"22,705.36",0.01007,0.00302,1173.96155
91.6,3.06773,"22,717.53",0.01015,0.0031,1174.59119
91.7,3.07101,"22,727.37",0.01015,0.00318,1175.09949
91.8,3.07453,"22,737.88",0.01014,0.00317,1175.64343
91.9,3.07781,"22,748.40",0.01013,0.00298,1176.18689
92,3.08095,"22,755.90",0.01016,0.00305,1176.57507
92.1,3.08447,"22,768.01",0.01014,0.00305,1177.20081
92.2,3.08783,"22,779.23",0.01017,0.00311,1177.78125
92.3,3.09097,"22,786.19",0.01016,0.00307,1178.14124
92.4,3.09448,"22,798.19",0.01012,0.00323,1178.76147
92.5,3.09784,"22,809.17",0.01014,0.00363,1179.32898
92.6,3.10098,"22,818.51",0.01017,0.00322,1179.81226
92.7,3.10442,"22,828.39",0.01018,0.00301,1180.32288
92.8,3.10771,"22,838.12",0.0102,0.0028,1180.82581
92.9,3.111,"22,849.19",0.01017,0.00273,1181.39832
93,3.11436,"22,858.70",0.01013,0.00266,1181.89026
93.1,3.1178,"22,870.93",0.01021,0.00255,1182.52246
93.2,3.12109,"22,880.43",0.01015,0.00253,1183.01367
93.3,3.1243,"22,888.62",0.01017,0.00243,1183.43689
93.4,3.12774,"22,900.97",0.01014,0.00281,1184.07556
93.5,3.13103,"22,911.48",0.01013,0.00289,1184.61890
93.6,3.13424,"22,919.76",0.01019,0.00287,1185.04712
93.7,3.13783,"22,931.58",0.01027,0.00295,1185.65845
93.8,3.14119,"22,942.05",0.01021,0.00299,1186.19946
93.9,3.14441,"22,950.84",0.0102,0.0031,1186.65430
94,3.14784,"22,961.73",0.01021,0.00316,1187.21716
94.1,3.15121,"22,969.93",0.01024,0.0032,1187.64099
94.2,3.15435,"22,979.54",0.01026,0.00304,1188.13794
94.3,3.15771,"22,988.89",0.01026,0.003,1188.62146
94.4,3.16115,"22,999.93",0.01026,0.00307,1189.19202
94.5,3.16436,"23,008.55",0.01021,0.00315,1189.63782
94.6,3.16772,"23,016.55",0.01025,0.00311,1190.05188
94.7,3.17116,"23,028.28",0.01027,0.00311,1190.65808
94.8,3.17437,"23,037.28",0.01028,0.00344,1191.12354
94.9,3.17759,"23,044.09",0.01026,0.00328,1191.47571
95,3.18103,"23,054.98",0.0103,0.00308,1192.03857
95.1,3.18439,"23,064.63",0.01027,0.0028,1192.53723
95.2,3.1876,"23,073.13",0.01028,0.00273,1192.97681
95.3,3.19112,"23,083.59",0.01031,0.00267,1193.51807
95.4,3.19455,"23,092.78",0.0103,0.00259,1193.99292
95.5,3.19769,"23,100.92",0.01031,0.00247,1194.41370
95.6,3.20106,"23,110.22",0.0103,0.00243,1194.89465
95.7,3.20449,"23,119.06",0.01034,0.00282,1195.35181
95.8,3.20763,"23,127.38",0.01028,0.0029,1195.78186
95.9,3.21107,"23,133.94",0.01035,0.00291,1196.12097
96,3.21451,"23,144.38",0.01033,0.00297,1196.66113
96.1,3.21772,"23,152.58",0.01033,0.00305,1197.08472
96.2,3.22101,"23,159.26",0.0103,0.00307,1197.43005
96.3,3.22445,"23,168.44",0.01036,0.00324,1197.90491
96.4,3.22774,"23,175.69",0.01027,0.00303,1198.28003
96.5,3.23095,"23,182.54",0.0103,0.00312,1198.63367
96.6,3.23439,"23,192.39",0.01033,0.00307,1199.14307
96.7,3.23783,"23,199.47",0.01034,0.00311,1199.50952
96.8,3.24097,"23,205.65",0.01035,0.00314,1199.82874
96.9,3.2444,"23,213.46",0.0104,0.0031,1200.23291
97,3.24777,"23,220.20",0.01036,0.00323,1200.58105
97.1,3.25098,"23,225.30",0.01035,0.00324,1200.84485
97.2,3.25442,"23,232.43",0.01034,0.00308,1201.21338
97.3,3.25778,"23,240.60",0.01038,0.00282,1201.63574
97.4,3.26099,"23,246.28",0.01032,0.00274,1201.92944
97.5,3.26443,"23,250.30",0.01033,0.00265,1202.13733
97.6,3.26772,"23,257.51",0.01032,0.00255,1202.51038
97.7,3.27108,"23,262.65",0.01041,0.00249,1202.77625
97.8,3.2743,"23,267.64",0.01037,0.0027,1203.03394
97.9,3.27766,"23,273.15",0.01035,0.00286,1203.31897
98,3.28117,"23,279.03",0.01037,0.00293,1203.62280
98.1,3.28431,"23,281.99",0.01035,0.003,1203.77612
98.2,3.28783,"23,287.52",0.01029,0.00298,1204.06201
98.3,3.29119,"23,293.28",0.01032,0.00311,1204.35974
98.4,3.29425,"23,294.54",0.01034,0.00324,1204.42480
98.5,3.29777,"23,298.20",0.01038,0.00303,1204.61414
98.6,3.30113,"23,301.70",0.01039,0.00312,1204.79480
98.7,3.30434,"23,305.30",0.01033,0.00306,1204.98120
98.8,3.30778,"23,308.69",0.01031,0.00311,1205.15662
98.9,3.31114,"23,311.14",0.01035,0.00311,1205.28296
99,3.31451,"23,314.40",0.01039,0.00322,1205.45178
99.1,3.31772,"23,314.42",0.01036,0.0034,1205.45288
99.2,3.32101,"23,316.54",0.01031,0.003,1205.56226
99.3,3.32445,"23,318.64",0.01029,0.00282,1205.67102
99.4,3.32759,"23,318.26",0.01035,0.00268,1205.65112
99.5,3.33102,"23,319.39",0.01038,0.00265,1205.70947
99.6,3.33454,"23,321.62",0.01041,0.00251,1205.82520
99.7,3.3376,"23,319.03",0.01034,0.00244,1205.69128
99.8,3.34111,"23,319.70",0.01028,0.00296,1205.72583
99.9,3.34448,"23,318.46",0.0103,0.00292,1205.66150
100,3.34769,"23,316.01",0.01036,0.00297,1205.53479
100.1,3.35113,"23,315.44",0.01041,0.00311,1205.50525
100.2,3.35449,"23,313.18",0.01032,0.0032,1205.38855
100.3,3.35778,"23,311.56",0.01028,0.00306,1205.30493
100.4,3.36099,"23,306.43",0.01031,0.00306,1205.03943
100.5,3.36443,"23,303.71",0.01032,0.0031,1204.89880
100.6,3.36779,"23,300.82",0.0103,0.00312,1204.74951
100.7,3.37093,"23,295.20",0.01028,0.00329,1204.45898
100.8,3.37445,"23,290.40",0.01028,0.00328,1204.21106
100.9,3.37788,"23,285.18",0.01028,0.00326,1203.94092
101,3.38095,"23,277.69",0.01025,0.00284,1203.55359
101.1,3.38453,"23,272.20",0.0103,0.00271,1203.26990
101.2,3.38782,"23,264.75",0.0103,0.00262,1202.88452
101.3,3.39096,"23,255.18",0.01029,0.00243,1202.38989
101.4,3.3944,"23,245.48",0.01023,0.00282,1201.88831
101.5,3.39776,"23,236.71",0.01027,0.00291,1201.43457
101.6,3.40105,"23,227.25",0.01027,0.00299,1200.94580
101.7,3.40434,"23,213.97",0.0103,0.0031,1200.25928
101.8,3.40778,"23,203.93",0.0103,0.00322,1199.73987
101.9,3.41107,"23,192.33",0.01023,0.00301,1199.14026
102,3.41421,"23,176.15",0.01026,0.00308,1198.30383
102.1,3.41779,"23,162.47",0.01028,0.00309,1197.59656
102.2,3.42108,"23,146.67",0.01028,0.00315,1196.77917
102.3,3.42429,"23,127.75",0.01018,0.00347,1195.80103
102.4,3.42781,"23,109.98",0.01016,0.00282,1194.88232
102.5,3.43117,"23,090.09",0.01015,0.00277,1193.85413
102.6,3.43438,"23,065.32",0.01016,0.00252,1192.57312
102.7,3.43775,"23,040.84",0.01015,0.00258,1191.30737
102.8,3.44111,"23,015.41",0.01011,0.00282,1189.99268
102.9,3.4444,"22,985.18",0.01012,0.00301,1188.42957
103,3.44769,"22,951.77",0.01009,0.00318,1186.70215
103.1,3.45113,"22,915.84",0.01007,0.00311,1184.84436
103.2,3.45441,"22,876.13",0.01007,0.00298,1182.79126
103.3,3.4577,"22,828.36",0.01004,0.00316,1180.32129
103.4,3.46114,"22,780.54",0.00993,0.00338,1177.84888
103.5,3.46443,"22,724.15",0.01,0.00275,1174.93347
103.6,3.46757,"22,658.42",0.01007,0.00254,1171.53491
103.7,3.47116,"22,589.54",0.01007,0.00268,1167.97351
103.8,3.47452,"22,510.01",0.01004,0.00297,1163.86133
103.9,3.47766,"22,419.67",0.00996,0.00305,1159.19067
104,3.4811,"22,323.18",0.00984,0.00289,1154.20154
104.1,3.48446,"22,217.20",0.00976,0.0032,1148.72205
104.2,3.48767,"22,105.51",0.00983,0.00269,1142.94702
104.3,3.49103,"21,987.08",0.00978,0.00241,1136.82361
104.4,3.49447,"21,868.79",0.00977,0.00289,1130.70752
104.5,3.49776,"21,747.24",0.00968,0.00297,1124.42322
104.6,3.50105,"21,626.39",0.0097,0.00299,1118.17432
104.7,3.50449,"21,512.53",0.00969,0.00322,1112.28760
104.8,3.50778,"21,402.13",0.00962,0.0026,1106.57959
104.9,3.51099,"21,297.41",0.00959,0.00238,1101.16492
105,3.51443,"21,207.56",0.00955,0.00279,1096.51929
105.1,3.51779,"21,121.69",0.00953,0.00285,1092.07959
105.2,3.52108,"21,043.50",0.00949,0.00294,1088.03650
105.3,3.52444,"20,974.23",0.00945,0.00293,1084.45532
105.4,3.52788,"20,911.28",0.00943,0.0033,1081.20056
105.5,3.53102,"20,854.84",0.00939,0.00266,1078.28223
105.6,3.53438,"20,805.59",0.00936,0.00239,1075.73584
105.7,3.53775,"20,762.02",0.00937,0.00225,1073.48279
105.8,3.54096,"20,722.87",0.00936,0.00259,1071.45886
105.9,3.5444,"20,689.09",0.00925,0.0027,1069.71216
106,3.54776,"20,662.44",0.00922,0.00284,1068.33411
106.1,3.55105,"20,638.84",0.00932,0.00292,1067.11414
106.2,3.55441,"20,617.52",0.00929,0.0028,1066.01184
106.3,3.5577,"20,602.99",0.00931,0.00275,1065.26038
106.4,3.56106,"20,591.54",0.00929,0.00288,1064.66833
106.5,3.56428,"20,582.17",0.00923,0.00323,1064.18408
106.6,3.56772,"20,576.59",0.00923,0.00279,1063.89563
106.7,3.57115,"20,574.48",0.00931,0.00247,1063.78638
106.8,3.57429,"20,572.11",0.00928,0.00237,1063.66406
106.9,3.57773,"20,572.68",0.00929,0.00227,1063.69336
107,3.58117,"20,576.20",0.00924,0.0022,1063.87524
107.1,3.58431,"20,576.94",0.00919,0.0025,1063.91370
107.2,3.58774,"20,581.56",0.00926,0.00259,1064.15247
107.3,3.59111,"20,588.42",0.00931,0.00266,1064.50708
107.4,3.5944,"20,594.95",0.00928,0.00279,1064.84473
107.5,3.59776,"20,599.96",0.00928,0.00282,1065.10413
107.6,3.60105,"20,607.97",0.00926,0.00291,1065.51782
107.7,3.60449,"20,616.57",0.00931,0.00292,1065.96240
107.8,3.6077,"20,624.29",0.00931,0.00279,1066.36194
107.9,3.61099,"20,632.96",0.00931,0.00283,1066.81006
108,3.6145,"20,642.95",0.00931,0.00288,1067.32654
108.1,3.61764,"20,650.38",0.00931,0.00295,1067.71094
108.2,3.62108,"20,660.39",0.00933,0.00315,1068.22852
108.3,3.62452,"20,670.98",0.00935,0.00277,1068.77563
108.4,3.62758,"20,678.22",0.00934,0.00244,1069.15027
108.5,3.63102,"20,686.93",0.00934,0.00238,1069.60046
108.6,3.63438,"20,698.70",0.00933,0.0024,1070.20911
108.7,3.63767,"20,707.15",0.00936,0.00224,1070.64600
108.8,3.64111,"20,716.13",0.00934,0.00224,1071.10999
108.9,3.6444,"20,724.18",0.00936,0.00249,1071.52637
109,3.64783,"20,734.10",0.00935,0.00265,1072.03955
109.1,3.65097,"20,740.63",0.00934,0.00272,1072.37732
109.2,3.65441,"20,749.21",0.00938,0.00277,1072.82043
109.3,3.65785,"20,757.46",0.00935,0.00289,1073.24744
109.4,3.66091,"20,762.27",0.00938,0.003,1073.49573
109.5,3.66442,"20,769.97",0.00937,0.00276,1073.89429
109.6,3.66794,"20,778.70",0.00938,0.0028,1074.34521
109.7,3.671,"20,781.87",0.00937,0.00284,1074.50928
109.8,3.67444,"20,787.62",0.00937,0.00289,1074.80676
109.9,3.6778,"20,792.72",0.00941,0.00319,1075.07031
110,3.68102,"20,797.55",0.0094,0.00302,1075.32007
110.1,3.68438,"20,800.53",0.00939,0.00268,1075.47424
110.2,3.68774,"20,805.34",0.00938,0.00247,1075.72290
110.3,3.69111,"20,809.13",0.0094,0.00244,1075.91882
110.4,3.69432,"20,809.94",0.0094,0.0023,1075.96082
110.5,3.69776,"20,813.87",0.00941,0.00217,1076.16370
110.6,3.70112,"20,816.14",0.00941,0.00256,1076.28113
110.7,3.70418,"20,814.11",0.00937,0.00265,1076.17603
110.8,3.70777,"20,817.62",0.00938,0.00273,1076.35767
110.9,3.71114,"20,819.61",0.0094,0.00279,1076.46069
111,3.71427,"20,817.52",0.00939,0.00288,1076.35278
111.1,3.71779,"20,818.28",0.00941,0.00282,1076.39209
111.2,3.72115,"20,817.13",0.0094,0.00283,1076.33240
111.3,3.72436,"20,815.51",0.00939,0.00281,1076.24854
111.4,3.72773,"20,812.95",0.00938,0.00287,1076.11621
111.5,3.73109,"20,810.96",0.0094,0.00323,1076.01318
111.6,3.73438,"20,808.31",0.00943,0.00292,1075.87622
111.7,3.73767,"20,803.27",0.00941,0.00248,1075.61572
111.8,3.74118,"20,802.31",0.0094,0.00239,1075.56604
111.9,3.74447,"20,798.66",0.00941,0.00229,1075.37720
112,3.74761,"20,791.15",0.00939,0.0022,1074.98901
112.1,3.75112,"20,788.18",0.0094,0.00237,1074.83569
112.2,3.75441,"20,784.89",0.00937,0.00262,1074.66565
112.3,3.75755,"20,777.92",0.00936,0.0028,1074.30505
112.4,3.76113,"20,774.53",0.00936,0.00286,1074.12964
112.5,3.7645,"20,769.23",0.00938,0.00286,1073.85596
112.6,3.76771,"20,763.96",0.00941,0.00278,1073.58301
112.7,3.77107,"20,759.21",0.00939,0.00275,1073.33777
112.8,3.77444,"20,752.86",0.00939,0.00279,1073.00940
112.9,3.77765,"20,748.58",0.00938,0.00293,1072.78796
113,3.78101,"20,741.72",0.0094,0.00309,1072.43347
113.1,3.78445,"20,737.94",0.00939,0.00269,1072.23816
113.2,3.78774,"20,734.05",0.00938,0.00248,1072.03687
113.3,3.79103,"20,725.45",0.00937,0.00237,1071.59229
113.4,3.79447,"20,721.52",0.00932,0.00228,1071.38892
113.5,3.79776,"20,716.28",0.00937,0.00228,1071.11780
113.6,3.80097,"20,708.95",0.00936,0.00259,1070.73914
113.7,3.80448,"20,704.63",0.00937,0.00262,1070.51587
113.8,3.80777,"20,698.01",0.00935,0.00272,1070.17358
113.9,3.81106,"20,692.25",0.00934,0.00281,1069.87585
114,3.81442,"20,688.45",0.00934,0.00288,1069.67920
114.1,3.81786,"20,683.45",0.00936,0.00275,1069.42041
114.2,3.821,"20,677.52",0.00937,0.00276,1069.11401
114.3,3.82436,"20,671.77",0.00938,0.00287,1068.81677
114.4,3.8278,"20,667.38",0.00936,0.00306,1068.58997
114.5,3.83109,"20,663.73",0.00933,0.003,1068.40100
114.6,3.83438,"20,657.26",0.00933,0.00261,1068.06641
114.7,3.83774,"20,652.96",0.00933,0.0024,1067.84424
114.8,3.8411,"20,649.03",0.00934,0.00233,1067.64075
114.9,3.84432,"20,642.57",0.00934,0.00224,1067.30676
115,3.84768,"20,638.56",0.00931,0.00244,1067.09949
115.1,3.85104,"20,633.70",0.00932,0.00258,1066.84802
115.2,3.85433,"20,628.10",0.00933,0.00268,1066.55884
115.3,3.85769,"20,624.65",0.00933,0.00275,1066.38037
115.4,3.86121,"20,620.62",0.00934,0.00285,1066.17224
115.5,3.86435,"20,616.21",0.00933,0.00295,1065.94397
115.6,3.86763,"20,610.67",0.00933,0.0028,1065.65747
115.7,3.87115,"20,609.14",0.00933,0.0027,1065.57825
115.8,3.87436,"20,604.67",0.00931,0.00289,1065.34729
115.9,3.87772,"20,599.27",0.00933,0.00316,1065.06836
116,3.88116,"20,596.93",0.00932,0.00287,1064.94690
116.1,3.88445,"20,591.79",0.0093,0.00259,1064.68152
116.2,3.88774,"20,588.31",0.00929,0.0024,1064.50171
116.3,3.8911,"20,585.22",0.0093,0.00233,1064.34180
116.4,3.89446,"20,581.01",0.0093,0.00226,1064.12427
116.5,3.8976,"20,575.93",0.0093,0.00248,1063.86157
116.6,3.90104,"20,572.35",0.0093,0.00261,1063.67639
116.7,3.90455,"20,570.57",0.00932,0.00268,1063.58447
116.8,3.90762,"20,566.01",0.00929,0.00286,1063.34851
116.9,3.91106,"20,562.29",0.00929,0.00283,1063.15613
117,3.91449,"20,558.54",0.00929,0.00292,1062.96204
117.1,3.91763,"20,554.74",0.0093,0.00289,1062.76562
117.2,3.921,"20,551.06",0.0093,0.00276,1062.57532
117.3,3.92443,"20,549.41",0.00928,0.00289,1062.49023
117.4,3.92772,"20,546.15",0.00927,0.00315,1062.32178
117.5,3.93109,"20,542.96",0.00927,0.00289,1062.15649
117.6,3.93445,"20,540.64",0.00926,0.00253,1062.03687
117.7,3.93781,"20,539.04",0.0093,0.0024,1061.95398
117.8,3.94095,"20,533.04",0.00929,0.00229,1061.64368
117.9,3.94439,"20,530.42",0.00929,0.0022,1061.50854
118,3.94783,"20,528.45",0.00928,0.0024,1061.40625
118.1,3.95097,"20,525.31",0.00926,0.00266,1061.24402
118.2,3.9544,"20,522.18",0.00928,0.00268,1061.08203
118.3,3.95784,"20,520.38",0.00928,0.00289,1060.98926
118.4,3.96098,"20,514.76",0.00927,0.00287,1060.69885
118.5,3.96442,"20,513.14",0.00925,0.00293,1060.61475
118.6,3.96778,"20,511.63",0.00928,0.00275,1060.53662
118.7,3.97107,"20,507.88",0.00929,0.00281,1060.34302
118.8,3.97436,"20,503.30",0.00928,0.00304,1060.10632
118.9,3.9778,"20,503.05",0.00927,0.0032,1060.09326
119,3.98116,"20,502.02",0.00926,0.00292,1060.04004
119.1,3.9843,"20,496.59",0.00929,0.00261,1059.75903
119.2,3.98774,"20,493.32",0.00924,0.00242,1059.59009
119.3,3.9911,"20,491.79",0.00927,0.00235,1059.51099
119.4,3.99416,"20,487.19",0.00926,0.00222,1059.27307
119.5,3.99783,"20,486.83",0.00924,0.00241,1059.25439
119.6,4.00119,"20,483.19",0.00925,0.00259,1059.06653
119.7,4.00433,"20,478.18",0.00923,0.00266,1058.80737
119.8,4.00784,"20,476.46",0.00925,0.00274,1058.71863
119.9,4.01113,"20,473.90",0.00926,0.00284,1058.58618
120,4.01434,"20,469.27",0.00922,0.003,1058.34644
120.1,4.01771,"20,464.74",0.00922,0.00285,1058.11218
120.2,4.02107,"20,462.76",0.00925,0.00275,1058.00977
120.3,4.02443,"20,460.27",0.00926,0.00301,1057.88110
120.4,4.02765,"20,455.18",0.00924,0.00315,1057.61804
120.5,4.03116,"20,453.08",0.00925,0.00289,1057.50940
120.6,4.03445,"20,449.62",0.0092,0.00256,1057.33032
120.7,4.03759,"20,443.49",0.00923,0.00236,1057.01379
120.8,4.0411,"20,441.52",0.00923,0.00229,1056.91199
120.9,4.04446,"20,438.27",0.00922,0.00219,1056.74390
121,4.0476,"20,430.90",0.00923,0.00231,1056.36267
121.1,4.05119,"20,428.77",0.00924,0.00262,1056.25281
121.2,4.05448,"20,424.47",0.00922,0.00267,1056.03015
121.3,4.05769,"20,418.54",0.00924,0.00282,1055.72363
121.4,4.06105,"20,414.19",0.00924,0.00293,1055.49854
121.5,4.06434,"20,407.79",0.00923,0.00297,1055.16772
121.6,4.0677,"20,404.61",0.00923,0.00286,1055.00354
121.7,4.07099,"20,398.96",0.00923,0.00286,1054.71118
121.8,4.07443,"20,396.21",0.00921,0.00293,1054.56897
121.9,4.07779,"20,390.42",0.00924,0.00305,1054.26953
122,4.08093,"20,383.72",0.00924,0.0029,1053.92346
122.1,4.08445,"20,381.39",0.00923,0.00244,1053.80273
122.2,4.08781,"20,378.11",0.00923,0.00245,1053.63318
122.3,4.09102,"20,371.48",0.00919,0.00229,1053.29053
122.4,4.09446,"20,368.10",0.00922,0.00216,1053.11572
122.5,4.09782,"20,364.09",0.00924,0.00247,1052.90833
122.6,4.10104,"20,358.67",0.0092,0.00258,1052.62805
122.7,4.1044,"20,354.98",0.00922,0.00264,1052.43726
122.8,4.10776,"20,348.81",0.0092,0.00286,1052.11816
122.9,4.11098,"20,345.47",0.00917,0.00296,1051.94580
123,4.11434,"20,340.72",0.00915,0.00292,1051.70007
123.1,4.11778,"20,338.15",0.00922,0.00281,1051.56702
123.2,4.12107,"20,334.50",0.00922,0.00284,1051.37830
123.3,4.12436,"20,328.00",0.00922,0.00319,1051.04260
123.4,4.12779,"20,326.58",0.00918,0.003,1050.96912
123.5,4.13108,"20,323.70",0.00918,0.00276,1050.82007
123.6,4.1343,"20,317.10",0.00918,0.00242,1050.47900
123.7,4.13766,"20,313.93",0.00918,0.00242,1050.31470
123.8,4.14102,"20,309.40",0.00919,0.00231,1050.08093
123.9,4.14431,"20,305.61",0.00919,0.00231,1049.88452
124,4.14775,"20,303.08",0.0092,0.00256,1049.75378
124.1,4.15119,"20,299.55",0.00917,0.00264,1049.57117
124.2,4.15433,"20,294.61",0.00921,0.00278,1049.31616
124.3,4.15769,"20,289.52",0.00919,0.00285,1049.05298
124.4,4.16113,"20,287.11",0.00919,0.00299,1048.92798
124.5,4.16434,"20,283.07",0.00921,0.00285,1048.71912
124.6,4.1677,"20,276.87",0.00921,0.0028,1048.39868
124.7,4.17114,"20,275.52",0.00917,0.00286,1048.32886
124.8,4.17443,"20,272.24",0.00919,0.00321,1048.15942
124.9,4.17772,"20,266.63",0.00917,0.00306,1047.86938
125,4.18108,"20,263.94",0.0092,0.0027,1047.73022
125.1,4.18444,"20,259.91",0.00917,0.00241,1047.52185
125.2,4.18766,"20,256.98",0.00916,0.0024,1047.37024
125.3,4.19102,"20,254.39",0.00916,0.00232,1047.23633
125.4,4.19453,"20,251.25",0.00915,0.00244,1047.07385
125.5,4.19767,"20,247.16",0.00915,0.00264,1046.86243
125.6,4.20104,"20,242.80",0.00918,0.00259,1046.63745
125.7,4.20447,"20,240.43",0.00916,0.00271,1046.51477
125.8,4.20761,"20,236.51",0.00919,0.00289,1046.31201
125.9,4.21105,"20,231.01",0.00915,0.00296,1046.02734
126,4.21441,"20,228.17",0.00916,0.00289,1045.88086
126.1,4.21778,"20,226.23",0.00917,0.00279,1045.78040
126.2,4.22107,"20,221.22",0.00918,0.0029,1045.52136
126.3,4.22443,"20,216.78",0.00919,0.00307,1045.29199
126.4,4.22779,"20,212.99",0.00916,0.00292,1045.09570
126.5,4.23093,"20,206.53",0.00915,0.00268,1044.76196
126.6,4.23437,"20,204.53",0.00917,0.00237,1044.65833
126.7,4.23788,"20,200.20",0.00917,0.00223,1044.43445
126.8,4.24102,"20,194.46",0.00918,0.00222,1044.13757
126.9,4.24446,"20,190.84",0.00916,0.00233,1043.95044
127,4.2479,"20,189.16",0.00913,0.0026,1043.86389
127.1,4.25096,"20,182.58",0.00911,0.0027,1043.52344
127.2,4.2544,"20,178.25",0.00913,0.00276,1043.29980
127.3,4.25776,"20,174.33",0.00913,0.00296,1043.09717
127.4,4.26112,"20,170.32",0.00915,0.003,1042.88989
127.5,4.26441,"20,165.33",0.00913,0.00285,1042.63184
127.6,4.26785,"20,162.30",0.00913,0.00285,1042.47522
127.7,4.27114,"20,158.05",0.00913,0.00287,1042.25549
127.8,4.27428,"20,150.67",0.0091,0.00319,1041.87354
127.9,4.27772,"20,147.76",0.00917,0.00292,1041.72339
128,4.28115,"20,144.30",0.00917,0.00253,1041.54419
128.10001,4.28429,"20,138.01",0.00914,0.00235,1041.21912
128.2,4.28773,"20,133.22",0.00913,0.00228,1040.97144
128.3,4.29124,"20,130.72",0.00913,0.00232,1040.84204
128.39999,4.29431,"20,124.29",0.00915,0.00251,1040.50989
128.5,4.29774,"20,119.79",0.00914,0.00267,1040.27710
128.60001,4.30103,"20,115.11",0.00913,0.00272,1040.03528
128.7,4.30432,"20,109.65",0.00914,0.00278,1039.75293
128.8,4.30768,"20,103.85",0.00914,0.00287,1039.45264
128.89999,4.31112,"20,101.66",0.00913,0.00299,1039.33948
129,4.31449,"20,096.12",0.00912,0.00277,1039.05334
129.10001,4.3177,"20,088.82",0.00915,0.00282,1038.67590
129.2,4.32106,"20,084.87",0.00915,0.00301,1038.47144
129.3,4.3245,"20,081.37",0.00912,0.00296,1038.29065
129.39999,4.32757,"20,072.93",0.00913,0.00257,1037.85425
129.5,4.33115,"20,069.66",0.00911,0.0023,1037.68506
129.60001,4.33452,"20,063.47",0.0091,0.00226,1037.36523
129.7,4.33765,"20,056.25",0.00911,0.00217,1036.99170
129.8,4.34124,"20,052.49",0.00911,0.00219,1036.79749
129.89999,4.34446,"20,046.24",0.00911,0.00257,1036.47400
130,4.34767,"20,038.57",0.0091,0.00251,1036.07751
130.10001,4.35103,"20,033.14",0.00912,0.00275,1035.79700
130.2,4.3544,"20,027.89",0.00913,0.00283,1035.52563
130.3,4.35768,"20,022.46",0.00908,0.0029,1035.24487
130.39999,4.36097,"20,014.60",0.00913,0.00264,1034.83826
130.5,4.36448,"20,009.89",0.00906,0.00276,1034.59485
130.60001,4.36777,"20,004.80",0.0091,0.00296,1034.33154
130.7,4.37091,"19,995.06",0.00909,0.00308,1033.82800
130.8,4.37442,"19,991.13",0.00912,0.00285,1033.62488
130.89999,4.37779,"19,984.10",0.00911,0.00247,1033.26123
131,4.381,"19,976.83",0.00909,0.00224,1032.88562
131.10001,4.38451,"19,972.04",0.00907,0.00225,1032.63745
131.2,4.3878,"19,965.89",0.00904,0.00226,1032.31982
131.3,4.39102,"19,957.73",0.00909,0.00244,1031.89783
131.39999,4.39438,"19,949.21",0.00906,0.00267,1031.45740
131.5,4.39774,"19,942.55",0.00903,0.00268,1031.11304
131.60001,4.40103,"19,935.34",0.00905,0.00284,1030.74023
131.7,4.40432,"19,926.41",0.00901,0.00289,1030.27832
131.8,4.40776,"19,919.52",0.00907,0.00282,1029.92236
131.89999,4.41112,"19,912.90",0.00907,0.00276,1029.57983
132,4.41433,"19,904.01",0.00907,0.00294,1029.12024
132.10001,4.41777,"19,898.12",0.00906,0.00307,1028.81567
132.2,4.42106,"19,889.86",0.00903,0.00282,1028.38855
132.3,4.42427,"19,881.18",0.00903,0.00247,1027.94006
132.39999,4.42779,"19,875.63",0.00906,0.00232,1027.65283
132.5,4.43108,"19,867.89",0.00905,0.00225,1027.25269
132.60001,4.43436,"19,860.51",0.00906,0.00208,1026.87134
132.7,4.4378,"19,851.93",0.00907,0.00227,1026.42749
132.8,4.44116,"19,844.99",0.00906,0.00253,1026.06860
132.89999,4.44438,"19,838.09",0.00905,0.00263,1025.71191
133,4.44767,"19,828.07",0.00903,0.00275,1025.19373
133.10001,4.45111,"19,820.27",0.009,0.00286,1024.79077
133.2,4.45447,"19,814.23",0.00901,0.00269,1024.47815
133.3,4.45768,"19,804.66",0.00901,0.00276,1023.98352
133.39999,4.46112,"19,798.08",0.00903,0.00283,1023.64337
133.5,4.46448,"19,790.01",0.00902,0.00303,1023.22620
133.60001,4.46762,"19,779.63",0.00899,0.00292,1022.68927
133.7,4.47106,"19,774.00",0.00903,0.00239,1022.39813
133.8,4.4745,"19,766.29",0.00903,0.00233,1021.99963
133.89999,4.47771,"19,757.55",0.00902,0.00219,1021.54767
134,4.48107,"19,749.18",0.00901,0.00207,1021.11475
134.10001,4.48459,"19,741.46",0.00901,0.00223,1020.71552
134.2,4.48773,"19,733.66",0.00901,0.00256,1020.31232
134.3,4.49101,"19,723.68",0.00899,0.00267,1019.79645
134.39999,4.49445,"19,715.72",0.00899,0.00267,1019.38477
134.5,4.49767,"19,708.44",0.009,0.00279,1019.00848
134.60001,4.50103,"19,698.77",0.00899,0.00279,1018.50873
134.7,4.50447,"19,694.32",0.00898,0.00268,1018.27850
134.8,4.50776,"19,684.98",0.009,0.00282,1017.79547
134.89999,4.51097,"19,673.98",0.00895,0.00302,1017.22662
135,4.51441,"19,667.64",0.00894,0.0029,1016.89880
135.10001,4.51777,"19,659.50",0.00892,0.00236,1016.47791
135.2,4.52098,"19,650.32",0.00896,0.00229,1016.00342
135.3,4.52442,"19,642.75",0.00897,0.00219,1015.61206
135.39999,4.52786,"19,636.00",0.00897,0.00204,1015.26306
135.5,4.531,"19,627.26",0.00894,0.00237,1014.81116
135.60001,4.53444,"19,619.11",0.00892,0.00245,1014.38953
135.7,4.53787,"19,612.34",0.00894,0.00255,1014.03992
135.8,4.54094,"19,602.41",0.00896,0.00266,1013.52655
135.89999,4.54438,"19,593.73",0.00891,0.00274,1013.07733
136,4.54774,"19,587.29",0.00894,0.0027,1012.74481
136.10001,4.5511,"19,579.93",0.00894,0.00264,1012.36407
136.2,4.55439,"19,570.61",0.00892,0.00273,1011.88208
136.3,4.55775,"19,563.96",0.0089,0.003,1011.53802
136.39999,4.56119,"19,556.84",0.00892,0.00286,1011.17035
136.5,4.56433,"19,547.43",0.00892,0.0024,1010.68341
136.60001,4.56769,"19,539.47",0.00893,0.00223,1010.27209
136.7,4.57113,"19,532.80",0.00892,0.00217,1009.92712
136.8,4.57427,"19,524.46",0.00889,0.00207,1009.49615
136.89999,4.57778,"19,517.45",0.00893,0.0022,1009.13348
137,4.58122,"19,511.96",0.0089,0.00244,1008.84985
137.10001,4.58429,"19,502.93",0.0089,0.0026,1008.38275
137.2,4.58772,"19,493.98",0.00886,0.00263,1007.91986
137.3,4.59109,"19,489.09",0.00888,0.00277,1007.66711
137.39999,4.59445,"19,481.50",0.00889,0.00266,1007.27490
137.5,4.59774,"19,473.52",0.00888,0.00262,1006.86206
137.60001,4.6011,"19,466.60",0.00891,0.00265,1006.50458
137.7,4.60454,"19,460.68",0.00891,0.00308,1006.19836
137.8,4.60768,"19,451.79",0.00886,0.0029,1005.73853
137.89999,4.61104,"19,446.54",0.00882,0.00246,1005.46735
138,4.61448,"19,439.74",0.00881,0.00219,1005.11584
138.10001,4.61762,"19,430.53",0.00886,0.00218,1004.63916
138.2,4.62113,"19,426.00",0.00886,0.00201,1004.40509
138.3,4.6245,"19,420.04",0.00885,0.00229,1004.09717
138.39999,4.62763,"19,411.00",0.00887,0.00243,1003.62976
138.5,4.63115,"19,403.95",0.00886,0.00253,1003.26526
138.60001,4.63443,"19,398.89",0.00887,0.00255,1003.00354
138.7,4.63765,"19,392.11",0.00884,0.00269,1002.65283
138.8,4.64101,"19,385.72",0.00884,0.00282,1002.32251
138.89999,4.64437,"19,379.41",0.00885,0.00265,1001.99609
139,4.64781,"19,375.28",0.00886,0.00269,1001.78259
139.10001,4.65095,"19,367.56",0.00884,0.00285,1001.38373
139.2,4.65446,"19,363.15",0.00886,0.00305,1001.15570
139.3,4.65783,"19,359.56",0.00884,0.00272,1000.97009
139.39999,4.66089,"19,349.74",0.00883,0.00233,1000.46234
139.5,4.6644,"19,347.30",0.00885,0.00227,1000.33624
139.60001,4.66784,"19,343.06",0.0088,0.00208,1000.11707
139.7,4.67098,"19,337.44",0.00884,0.00204,999.82648
139.8,4.67449,"19,332.74",0.00882,0.0024,999.58337
139.89999,4.67778,"19,327.95",0.00883,0.00249,999.33557
140,4.68107,"19,325.39",0.00885,0.00256,999.20349
140.10001,4.68443,"19,319.64",0.00884,0.00263,998.90588
140.2,4.68772,"19,315.36",0.00884,0.00272,998.68439
140.3,4.69101,"19,310.68",0.00883,0.00276,998.44275
140.39999,4.6943,"19,306.57",0.00882,0.00264,998.23041
140.5,4.69781,"19,303.97",0.00882,0.00264,998.09558
140.60001,4.70117,"19,301.12",0.00883,0.00308,997.94836
140.7,4.70431,"19,294.24",0.00882,0.00288,997.59259
140.8,4.70768,"19,290.95",0.00875,0.0025,997.42273
140.89999,4.71104,"19,287.73",0.00881,0.0023,997.25616
141,4.71425,"19,284.32",0.00883,0.00211,997.07977
141.10001,4.71777,"19,281.24",0.00883,0.00204,996.92029
141.2,4.72113,"19,276.91",0.00871,0.002,996.69672
141.3,4.72442,"19,273.74",0.00876,0.00243,996.53265
141.39999,4.72771,"19,269.72",0.00881,0.00245,996.32501
141.5,4.73107,"19,265.64",0.00882,0.00265,996.11414
141.60001,4.73436,"19,262.71",0.0088,0.00273,995.96246
141.7,4.73757,"19,256.17",0.00881,0.00281,995.62445
141.8,4.74108,"19,255.52",0.00879,0.00281,995.59045
141.89999,4.74452,"19,254.33",0.00875,0.00265,995.52936
142,4.74766,"19,247.52",0.00879,0.0028,995.17682
142.10001,4.7511,"19,245.54",0.00883,0.00303,995.07489
142.2,4.75446,"19,240.89",0.0088,0.00285,994.83405
142.3,4.7576,"19,237.26",0.00882,0.00261,994.64673
142.39999,4.76111,"19,234.41",0.00874,0.00226,994.49902
142.5,4.76448,"19,230.92",0.00873,0.00221,994.31873
142.60001,4.76769,"19,227.20",0.00878,0.00207,994.12646
142.7,4.77113,"19,224.71",0.00882,0.00213,993.99774
142.8,4.77449,"19,222.00",0.00878,0.00238,993.85754
142.89999,4.77771,"19,219.68",0.00875,0.00248,993.73737
143,4.78092,"19,213.07",0.00869,0.00259,993.39575
143.10001,4.78443,"19,212.64",0.00877,0.00272,993.37384
143.2,4.78779,"19,211.04",0.00883,0.00281,993.29089
143.3,4.79101,"19,206.71",0.00878,0.00272,993.06671
143.39999,4.79445,"19,205.27",0.0087,0.00266,992.99231
143.5,4.79781,"19,202.51",0.00871,0.0028,992.84961
143.60001,4.80102,"19,198.23",0.00882,0.00308,992.62854
143.7,4.80439,"19,197.00",0.00878,0.0028,992.56494
143.8,4.80775,"19,193.31",0.00871,0.0026,992.37396
143.89999,4.81096,"19,190.20",0.00871,0.00221,992.21350
144,4.8144,"19,187.96",0.00878,0.00223,992.09778
144.10001,4.81784,"19,186.78",0.00877,0.00205,992.03638
144.2,4.82105,"19,185.05",0.00868,0.00199,991.94714
144.3,4.82434,"19,177.95",0.00869,0.00237,991.58002
144.39999,4.82778,"19,177.04",0.00873,0.00248,991.53296
144.5,4.83107,"19,175.96",0.00879,0.0026,991.47693
144.60001,4.83436,"19,171.32",0.00868,0.00267,991.23737
144.7,4.83779,"19,170.54",0.00863,0.00273,991.19702
144.8,4.84116,"19,167.73",0.0087,0.00263,991.05145
144.89999,4.84437,"19,162.88",0.00877,0.00272,990.80054
145,4.84773,"19,161.18",0.00876,0.00275,990.71307
145.10001,4.8511,"19,158.41",0.00876,0.00302,990.56989
145.2,4.85424,"19,153.50",0.00879,0.0028,990.31592
145.3,4.85767,"19,150.94",0.00877,0.00255,990.18329
145.39999,4.86119,"19,150.75",0.00868,0.00232,990.17352
145.5,4.86433,"19,148.19",0.00874,0.00225,990.04102
145.60001,4.86776,"19,143.75",0.00876,0.00206,989.81171
145.7,4.87113,"19,142.30",0.00878,0.00203,989.73676
145.8,4.87434,"19,139.49",0.00868,0.00238,989.59137
145.89999,4.8777,"19,135.52",0.00868,0.00242,989.38635
146,4.88114,"19,135.15",0.00872,0.00262,989.36688
146.10001,4.88443,"19,131.71",0.00873,0.00268,989.18933
146.2,4.88772,"19,127.97",0.00873,0.0028,988.99603
146.3,4.89116,"19,127.89",0.00875,0.00284,988.99170
146.39999,4.89452,"19,125.92",0.0088,0.00262,988.89001
146.5,4.89758,"19,120.32",0.00877,0.00265,988.60028
146.60001,4.90102,"19,118.42",0.00876,0.00298,988.50201
146.7,4.90446,"19,116.03",0.00875,0.00272,988.37854
146.8,4.9076,"19,112.65",0.00876,0.00255,988.20349
146.89999,4.91119,"19,109.99",0.00874,0.00228,988.06598
147,4.91455,"19,107.30",0.00868,0.00221,987.92731
147.10001,4.91761,"19,103.51",0.0087,0.00207,987.73108
147.2,4.92105,"19,099.72",0.00874,0.002,987.53522
147.3,4.92441,"19,099.31",0.00871,0.00224,987.51398
147.39999,4.9277,"19,096.76",0.00873,0.00247,987.38190
147.5,4.93092,"19,092.77",0.00872,0.00257,987.17596
147.60001,4.93443,"19,092.99",0.0087,0.00265,987.18719
147.7,4.93787,"19,091.58",0.00877,0.00276,987.11407
147.8,4.94101,"19,087.62",0.00875,0.00277,986.90948
147.89999,4.94437,"19,085.91",0.00866,0.0026,986.82111
148,4.94781,"19,085.34",0.00861,0.00273,986.79144
148.10001,4.95095,"19,081.37",0.00868,0.00287,986.58636
148.2,4.95446,"19,081.25",0.00872,0.00291,986.58026
148.3,4.95782,"19,079.55",0.00875,0.00266,986.49255
148.39999,4.96103,"19,076.15",0.00873,0.00234,986.31671
148.5,4.96447,"19,075.43",0.00862,0.00223,986.27905
148.60001,4.96776,"19,074.87",0.00876,0.00218,986.25006
148.7,4.97105,"19,073.53",0.00873,0.00206,986.18091
148.8,4.97434,"19,070.11",0.00874,0.00216,986.00427
148.89999,4.9777,"19,070.10",0.00875,0.00247,986.00385
149,4.98114,"19,070.50",0.00873,0.00248,986.02429
149.10001,4.98435,"19,068.78",0.00872,0.00268,985.93518
149.2,4.98779,"19,068.88",0.00863,0.00268,985.94043
149.3,4.99115,"19,067.92",0.00862,0.00274,985.89087
149.39999,4.99429,"19,066.68",0.00873,0.0028,985.82703
149.5,4.99773,"19,067.59",0.00877,0.00258,985.87390
149.60001,5.00109,"19,067.71",0.00874,0.00287,985.88025
149.7,5.00431,"19,066.69",0.00867,0.00287,985.82727
149.8,5.00782,"19,068.26",0.00861,0.00289,985.90851
149.89999,5.01111,"19,067.13",0.0087,0.00251,985.84998
150,5.0144,"19,068.41",0.00874,0.00228,985.91632
150.10001,5.01769,"19,066.35",0.00876,0.00217,985.80975
150.2,5.02105,"19,066.98",0.00867,0.00208,985.84216
150.3,5.02441,"19,068.46",0.00871,0.00201,985.91913
150.39999,5.02763,"19,066.27",0.0086,0.00238,985.80542
150.5,5.03114,"19,067.69",0.00865,0.00252,985.87885
150.60001,5.03458,"19,068.09",0.00871,0.00263,985.89996
150.7,5.03764,"19,067.13",0.00874,0.00262,985.85034
150.8,5.04108,"19,069.20",0.0086,0.00264,985.95703
150.89999,5.04444,"19,070.23",0.00859,0.00261,986.01031
151,5.04765,"19,069.08",0.00863,0.00263,985.95093
151.10001,5.05109,"19,070.77",0.00866,0.00269,986.03851
151.2,5.05446,"19,071.94",0.00872,0.0029,986.09869
151.3,5.05774,"19,073.52",0.00874,0.00298,986.18048
151.39999,5.06111,"19,074.10",0.00862,0.00271,986.21027
151.5,5.0644,"19,074.98",0.00863,0.00242,986.25623
151.60001,5.06776,"19,076.74",0.00868,0.00224,986.34692
151.7,5.07097,"19,075.35",0.00874,0.00216,986.27509
151.8,5.07441,"19,078.47",0.00873,0.00218,986.43628
151.89999,5.07785,"19,080.47",0.00875,0.002,986.53998
152,5.08099,"19,079.54",0.00873,0.00242,986.49152
152.10001,5.0845,"19,083.51",0.00873,0.00248,986.69714
152.2,5.08779,"19,085.50",0.00871,0.00254,986.79974
152.3,5.091,"19,084.74",0.00864,0.0026,986.76062
152.39999,5.09437,"19,086.49",0.00871,0.00274,986.85101
152.5,5.09773,"19,087.59",0.00875,0.00279,986.90790
152.60001,5.10102,"19,089.53",0.00874,0.00266,987.00824
152.7,5.10438,"19,090.38",0.00868,0.00276,987.05200
152.8,5.10782,"19,092.06",0.00869,0.00284,987.13922
152.89999,5.11111,"19,094.84",0.00873,0.00299,987.28271
153,5.11432,"19,093.57",0.00876,0.00272,987.21729
153.10001,5.11776,"19,096.82",0.00871,0.00243,987.38501
153.2,5.12112,"19,099.51",0.00863,0.0022,987.52411
153.3,5.12434,"19,098.39",0.00868,0.00217,987.46655
153.39999,5.12785,"19,102.29",0.00862,0.00205,987.66809
153.5,5.13121,"19,104.38",0.00859,0.00225,987.77612
153.60001,5.13435,"19,103.97",0.00862,0.00236,987.75507
153.7,5.13771,"19,104.92",0.00871,0.00248,987.80414
153.8,5.14108,"19,106.74",0.0087,0.00255,987.89832
153.89999,5.14429,"19,107.36",0.00866,0.00268,987.92993
154,5.14765,"19,107.80",0.00865,0.00275,987.95276
154.10001,5.15124,"19,111.57",0.00872,0.0027,988.14789
154.2,5.15438,"19,110.92",0.00874,0.00267,988.11426
154.3,5.15774,"19,110.93",0.00874,0.00298,988.11493
154.39999,5.16111,"19,113.65",0.00868,0.00295,988.25549
154.5,5.16439,"19,113.18",0.00863,0.003,988.23126
154.60001,5.16768,"19,112.63",0.00867,0.00261,988.20251
154.7,5.17112,"19,113.96",0.00869,0.00231,988.27148
154.8,5.17441,"19,114.90",0.00874,0.00225,988.31982
154.89999,5.1777,"19,114.06",0.00877,0.00213,988.27655
155,5.18113,"19,115.29",0.00872,0.00209,988.34003
155.10001,5.1845,"19,116.10",0.00866,0.00209,988.38226
155.2,5.18764,"19,115.41",0.00857,0.00244,988.34644
155.3,5.19108,"19,116.91",0.00872,0.00256,988.42377
155.39999,5.19451,"19,118.62",0.00873,0.00265,988.51245
155.5,5.19765,"19,117.53",0.00869,0.00268,988.45618
155.60001,5.20109,"19,117.51",0.00865,0.00274,988.45496
155.7,5.20453,"19,119.63",0.00868,0.00267,988.56445
155.8,5.20767,"19,119.23",0.00857,0.00269,988.54413
155.89999,5.21103,"19,117.89",0.00871,0.00288,988.47455
156,5.21439,"19,118.21",0.00875,0.00305,988.49091
156.10001,5.21776,"19,118.34",0.00866,0.0029,988.49768
156.2,5.22104,"19,116.31",0.00868,0.00252,988.39319
156.3,5.22441,"19,118.35",0.00868,0.00229,988.49847
156.39999,5.22785,"19,117.55",0.00874,0.00224,988.45691
156.5,5.23098,"19,115.74",0.00875,0.00209,988.36365
156.60001,5.23435,"19,116.12",0.00863,0.00201,988.38306
156.7,5.23779,"19,116.32",0.00864,0.00232,988.39349
156.8,5.24092,"19,114.72",0.00865,0.0024,988.31073
156.89999,5.24444,"19,113.53",0.00869,0.00254,988.24915
157,5.2478,"19,114.47",0.00874,0.00269,988.29761
157.10001,5.25101,"19,113.94",0.00871,0.00271,988.27039
157.2,5.25445,"19,112.56",0.00873,0.00277,988.19916
157.3,5.25774,"19,111.52",0.00865,0.00268,988.14502
157.39999,5.26103,"19,110.19",0.00874,0.00268,988.07660
157.5,5.26432,"19,108.74",0.00876,0.00296,988.00165
157.60001,5.26768,"19,109.29",0.00875,0.00304,988.02985
157.7,5.27119,"19,109.39",0.00865,0.00284,988.03540
157.8,5.27433,"19,104.77",0.00867,0.00243,987.79645
157.89999,5.27777,"19,106.56",0.00874,0.00224,987.88892
158,5.28113,"19,105.50",0.00874,0.00221,987.83392
158.10001,5.28427,"19,103.45",0.00871,0.00212,987.72784
158.2,5.28778,"19,101.73",0.00865,0.00209,987.63898
158.3,5.29115,"19,101.06",0.00859,0.00242,987.60425
158.39999,5.29436,"19,099.18",0.00872,0.00255,987.50732
158.5,5.2978,"19,098.80",0.00869,0.0026,987.48761
158.60001,5.30109,"19,095.99",0.00863,0.00269,987.34229
158.7,5.30438,"19,095.02",0.00861,0.00276,987.29205
158.8,5.30766,"19,091.57",0.0087,0.00274,987.11401
158.89999,5.31103,"19,091.48",0.00868,0.00267,987.10907
159,5.31447,"19,091.00",0.00858,0.00279,987.08429
159.10001,5.3176,"19,086.43",0.00863,0.00291,986.84821
159.2,5.32112,"19,086.71",0.00866,0.00297,986.86255
159.3,5.32455,"19,086.41",0.00872,0.00258,986.84717
159.39999,5.32762,"19,083.83",0.00865,0.00225,986.71356
159.5,5.33113,"19,082.38",0.00862,0.00218,986.63843
159.60001,5.33442,"19,080.03",0.00862,0.00208,986.51709
159.7,5.33771,"19,079.47",0.00859,0.00204,986.48816
159.8,5.34115,"19,079.40",0.00866,0.00235,986.48438
159.89999,5.34443,"19,077.68",0.00872,0.00249,986.39539
160,5.3478,"19,076.51",0.00871,0.00258,986.33490
160.10001,5.35101,"19,073.98",0.0086,0.00264,986.20435
160.2,5.35437,"19,072.89",0.0086,0.00273,986.14807
160.3,5.35781,"19,073.02",0.00866,0.00282,986.15442
160.39999,5.36095,"19,069.30",0.00877,0.0027,985.96234
160.5,5.36439,"19,068.76",0.00867,0.00278,985.93420
160.60001,5.36783,"19,068.65",0.00857,0.00292,985.92883
160.7,5.37097,"19,066.07",0.0086,0.00306,985.79535
160.8,5.37448,"19,067.25",0.00872,0.00265,985.85645
160.89999,5.37784,"19,065.24",0.00874,0.00236,985.75250
161,5.38098,"19,063.16",0.00873,0.00228,985.64496
161.10001,5.38442,"19,063.27",0.00873,0.00208,985.65051
161.2,5.38778,"19,062.64",0.0087,0.00201,985.61810
161.3,5.39107,"19,062.16",0.00872,0.00232,985.59326
161.39999,5.39443,"19,059.66",0.00873,0.00244,985.46381
161.5,5.3978,"19,060.03",0.00853,0.00247,985.48291
161.60001,5.40108,"19,060.29",0.00861,0.0026,985.49664
161.7,5.4043,"19,056.56",0.00856,0.00271,985.30371
161.8,5.40781,"19,056.71",0.00866,0.00277,985.31140
161.89999,5.41118,"19,057.15",0.00872,0.00274,985.33392
162,5.41431,"19,053.45",0.00866,0.00262,985.14276
162.10001,5.41783,"19,054.25",0.00869,0.0028,985.18439
162.2,5.42119,"19,054.25",0.00869,0.00312,985.18408
162.3,5.42433,"19,050.92",0.00872,0.00285,985.01208
162.39999,5.42769,"19,050.79",0.00858,0.00246,985.00513
162.5,5.43113,"19,050.92",0.0086,0.00227,985.01221
162.60001,5.43434,"19,050.08",0.00865,0.00214,984.96875
162.7,5.43771,"19,047.13",0.00874,0.00202,984.81586
162.8,5.44114,"19,046.98",0.00871,0.00219,984.80823
162.89999,5.44436,"19,047.26",0.00865,0.00242,984.82294
163,5.44765,"19,043.75",0.0086,0.00247,984.64136
163.10001,5.45108,"19,044.39",0.00855,0.00261,984.67438
163.2,5.45445,"19,043.79",0.00858,0.00266,984.64331
163.3,5.45766,"19,041.99",0.00855,0.00268,984.55042
163.39999,5.46117,"19,042.07",0.00854,0.00265,984.55444
163.5,5.46446,"19,041.14",0.00859,0.00266,984.50647
163.60001,5.4676,"19,037.58",0.0087,0.00272,984.32239
163.7,5.47104,"19,037.54",0.00871,0.00297,984.32025
163.8,5.47448,"19,037.22",0.00871,0.00303,984.30377
163.89999,5.47762,"19,035.29",0.00853,0.00257,984.20392
164,5.48105,"19,034.21",0.00863,0.00233,984.14795
164.10001,5.48449,"19,033.04",0.00868,0.00218,984.08759
164.2,5.48771,"19,032.23",0.0087,0.00214,984.04590
164.3,5.49107,"19,030.60",0.00869,0.00202,983.96143
164.39999,5.49451,"19,029.82",0.00861,0.00233,983.92108
164.5,5.49772,"19,026.94",0.00853,0.00237,983.77191
164.60001,5.50101,"19,025.45",0.00856,0.00253,983.69482
164.7,5.50445,"19,026.65",0.00868,0.00262,983.75726
164.8,5.50781,"19,025.43",0.00865,0.00268,983.69421
164.89999,5.51102,"19,022.29",0.00866,0.00273,983.53174
165,5.51439,"19,021.21",0.00864,0.00266,983.47614
165.10001,5.51783,"19,022.12",0.00864,0.00273,983.52295
165.2,5.52096,"19,019.69",0.00864,0.00277,983.39703
165.3,5.5244,"19,019.19",0.00868,0.00296,983.37158
165.39999,5.52784,"19,018.72",0.00866,0.00276,983.34717
165.5,5.53098,"19,016.50",0.00859,0.00234,983.23236
165.60001,5.53442,"19,015.66",0.00865,0.00224,983.18909
165.7,5.53785,"19,016.05",0.0086,0.00211,983.20898
165.8,5.54107,"19,014.34",0.00859,0.00198,983.12085
165.89999,5.54436,"19,011.13",0.00854,0.00218,982.95496
166,5.54772,"19,011.63",0.00852,0.0024,982.98077
166.10001,5.55108,"19,011.27",0.00863,0.00249,982.96167
166.2,5.55437,"19,009.23",0.00853,0.00256,982.85645
166.3,5.55773,"19,007.36",0.00852,0.00261,982.75964
166.39999,5.56117,"19,007.72",0.00853,0.00278,982.77832
166.5,5.56439,"19,005.13",0.00863,0.00273,982.64471
166.60001,5.56767,"19,005.02",0.00866,0.00265,982.63867
166.7,5.57111,"19,002.68",0.00855,0.00274,982.51794
166.8,5.57425,"19,000.98",0.00864,0.00286,982.42993
166.89999,5.57776,"19,000.12",0.0087,0.00285,982.38550
167,5.58113,"19,000.41",0.00864,0.00252,982.40045
167.10001,5.58442,"18,999.06",0.00856,0.00233,982.33057
167.2,5.58778,"18,996.70",0.0086,0.00213,982.20844
167.3,5.59099,"18,996.00",0.00866,0.00208,982.17230
167.39999,5.59436,"18,994.22",0.00858,0.00196,982.08063
167.5,5.59764,"18,991.77",0.00865,0.00235,981.95349
167.60001,5.60101,"18,990.41",0.00866,0.0025,981.88348
167.7,5.60452,"18,989.99",0.00869,0.00254,981.86157
167.8,5.60766,"18,987.65",0.00864,0.00262,981.74091
167.89999,5.6111,"18,986.99",0.00855,0.00265,981.70648
168,5.61453,"18,987.27",0.00862,0.00275,981.72089
168.10001,5.6176,"18,983.50",0.00863,0.00256,981.52612
168.2,5.62111,"18,983.06",0.00868,0.00268,981.50360
168.3,5.62447,"18,982.39",0.00854,0.00277,981.46857
168.39999,5.62769,"18,981.27",0.00858,0.00296,981.41095
168.5,5.63113,"18,979.37",0.0086,0.00259,981.31250
168.60001,5.63441,"18,978.00",0.00861,0.00233,981.24164
168.7,5.63778,"18,976.26",0.0086,0.00218,981.15167
168.8,5.64099,"18,973.50",0.00854,0.00205,981.00928
168.89999,5.64435,"18,971.82",0.00854,0.00194,980.92242
169,5.64787,"18,971.56",0.0086,0.00229,980.90857
169.10001,5.65093,"18,967.88",0.00854,0.00238,980.71844
169.2,5.65444,"18,966.73",0.00851,0.00246,980.65924
169.3,5.65788,"18,966.42",0.00864,0.00254,980.64319
169.39999,5.66095,"18,962.76",0.00854,0.00266,980.45386
169.5,5.66446,"18,962.04",0.00853,0.00277,980.41626
169.60001,5.66775,"18,961.00",0.00864,0.0026,980.36298
169.7,5.67096,"18,958.71",0.00867,0.00267,980.24438
169.8,5.67447,"18,956.76",0.00865,0.00282,980.14331
169.89999,5.67776,"18,955.93",0.00859,0.00297,980.10071
170,5.68112,"18,955.68",0.00857,0.00272,980.08746
170.10001,5.68434,"18,952.79",0.0086,0.00234,979.93842
170.2,5.6877,"18,951.64",0.00867,0.00218,979.87897
170.3,5.69114,"18,951.20",0.00866,0.00222,979.85620
170.39999,5.69428,"18,948.26",0.00857,0.00206,979.70386
170.5,5.69779,"18,948.70",0.00854,0.00213,979.72662
170.60001,5.70115,"18,949.08",0.00855,0.00235,979.74664
170.7,5.70429,"18,945.17",0.00856,0.00248,979.54407
170.8,5.70781,"18,944.53",0.00848,0.00255,979.51123
170.89999,5.71117,"18,943.77",0.00852,0.00256,979.47168
171,5.71431,"18,941.53",0.00849,0.00267,979.35583
171.10001,5.71775,"18,939.72",0.00855,0.0027,979.26233
171.2,5.72111,"18,939.00",0.00852,0.00263,979.22534
171.3,5.7244,"18,937.19",0.00851,0.00278,979.13153
171.39999,5.72769,"18,934.12",0.00859,0.00291,978.97272
171.5,5.73112,"18,934.22",0.00854,0.00292,978.97815
171.60001,5.73441,"18,932.92",0.00855,0.00245,978.91101
171.7,5.73755,"18,927.49",0.00852,0.00228,978.63007
171.8,5.74114,"18,929.97",0.0086,0.00211,978.75848
171.89999,5.74443,"18,929.28",0.00862,0.00209,978.72278
172,5.74764,"18,925.76",0.0086,0.002,978.54089
172.10001,5.75115,"18,925.71",0.00854,0.00229,978.53796
172.2,5.75452,"18,924.23",0.00851,0.00238,978.46161
172.3,5.75766,"18,921.51",0.00851,0.00256,978.32092
172.39999,5.76109,"18,921.47",0.00859,0.00264,978.31891
172.5,5.76446,"18,919.78",0.00862,0.00265,978.23169
172.60001,5.76767,"18,916.90",0.00854,0.00277,978.08264
172.7,5.77103,"18,916.17",0.00849,0.00258,978.04504
172.8,5.77447,"18,916.10",0.00853,0.00267,978.04144
172.89999,5.77776,"18,915.70",0.00861,0.00279,978.02063
173,5.78097,"18,911.48",0.00862,0.00306,977.80231
173.10001,5.78441,"18,911.71",0.00862,0.00267,977.81433
173.2,5.7877,"18,910.55",0.00854,0.00234,977.75439
173.3,5.79099,"18,908.19",0.00855,0.00225,977.63202
173.39999,5.79443,"18,907.56",0.0086,0.0021,977.59949
173.5,5.79779,"18,905.81",0.00863,0.00205,977.50946
173.60001,5.801,"18,904.56",0.0086,0.00229,977.44458
173.7,5.80437,"18,903.52",0.00853,0.00243,977.39056
173.8,5.8078,"18,902.60",0.0085,0.00241,977.34320
173.89999,5.81094,"18,900.57",0.00859,0.00256,977.23846
174,5.81438,"18,899.02",0.00863,0.0027,977.15820
174.10001,5.81782,"18,899.09",0.00858,0.00275,977.16156
174.2,5.82103,"18,898.18",0.00856,0.00261,977.11456
174.3,5.8244,"18,894.90",0.00848,0.0027,976.94495
174.39999,5.82776,"18,895.36",0.00859,0.00277,976.96906
174.5,5.83105,"18,894.28",0.00864,0.003,976.91290
174.60001,5.83434,"18,891.92",0.00865,0.00279,976.79095
174.7,5.83777,"18,892.32",0.00858,0.00244,976.81152
174.8,5.84114,"18,891.93",0.00856,0.00222,976.79175
174.89999,5.84435,"18,889.44",0.00856,0.00209,976.66266
175,5.84779,"18,890.46",0.00862,0.00199,976.71582
175.10001,5.85123,"18,891.30",0.00861,0.00206,976.75903
175.2,5.85429,"18,888.50",0.00855,0.0023,976.61438
175.3,5.85765,"18,887.24",0.00851,0.0024,976.54907
175.39999,5.86109,"18,889.81",0.00859,0.00261,976.68207
175.5,5.86431,"18,888.98",0.00863,0.00262,976.63892
175.60001,5.86774,"18,889.61",0.00853,0.00272,976.67139
175.7,5.87111,"18,889.94",0.00856,0.00267,976.68884
175.8,5.87439,"18,890.23",0.00851,0.00259,976.70349
175.89999,5.87768,"18,890.60",0.00854,0.00268,976.72296
176,5.88105,"18,892.31",0.00853,0.00278,976.81134
176.10001,5.88441,"18,891.88",0.0086,0.00298,976.78900
176.2,5.88762,"18,891.39",0.00859,0.00271,976.76349
176.3,5.89106,"18,893.39",0.00862,0.0024,976.86707
176.39999,5.8945,"18,895.00",0.00852,0.0022,976.95020
176.5,5.89764,"18,893.60",0.00854,0.00209,976.87769
176.60001,5.90108,"18,894.09",0.0086,0.00204,976.90302
176.7,5.90444,"18,895.76",0.00863,0.00225,976.98969
176.8,5.90758,"18,896.18",0.00849,0.00233,977.01117
176.89999,5.91109,"18,897.24",0.0085,0.00247,977.06610
177,5.91445,"18,899.01",0.0085,0.00254,977.15741
177.10001,5.91774,"18,898.03",0.00861,0.00264,977.10681
177.2,5.9211,"18,899.44",0.0086,0.00271,977.17975
177.3,5.92439,"18,902.06",0.00861,0.00278,977.31537
177.39999,5.92783,"18,903.45",0.00864,0.00259,977.38733
177.5,5.93105,"18,902.54",0.00857,0.00285,977.33997
177.60001,5.93441,"18,903.70",0.00851,0.00279,977.39984
177.7,5.93792,"18,906.38",0.00865,0.00295,977.53864
177.8,5.94099,"18,905.33",0.00863,0.00266,977.48438
177.89999,5.94442,"18,905.38",0.00857,0.00247,977.48669
178,5.94779,"18,906.67",0.00852,0.00216,977.55389
178.10001,5.95093,"18,906.39",0.00855,0.00207,977.53931
178.2,5.95436,"18,908.36",0.00854,0.00199,977.64111
178.3,5.9578,"18,910.46",0.00854,0.00199,977.74957
178.39999,5.96101,"18,909.62",0.00852,0.0024,977.70624
178.5,5.96445,"18,911.71",0.00859,0.00246,977.81439
178.60001,5.96774,"18,913.31",0.00846,0.00258,977.89703
178.7,5.9711,"18,915.74",0.00848,0.0026,978.02277
178.8,5.97432,"18,914.09",0.00848,0.00272,977.93738
178.89999,5.97768,"18,915.52",0.00851,0.00275,978.01141
179,5.98112,"18,920.02",0.0085,0.00265,978.24371
179.10001,5.98426,"18,918.99",0.00854,0.00279,978.19067
179.2,5.98777,"18,922.04",0.00862,0.00302,978.34851
179.3,5.99121,"18,923.85",0.00866,0.00293,978.44183
179.39999,5.99427,"18,922.78",0.00854,0.00266,978.38641
179.5,5.99779,"18,925.65",0.00853,0.0023,978.53503
179.60001,6.00115,"18,927.04",0.00862,0.00219,978.60712
179.7,6.00436,"18,927.87",0.00867,0.00212,978.64966
179.8,6.00772,"18,928.13",0.00863,0.00202,978.66309
179.89999,6.01116,"18,931.66",0.00851,0.00203,978.84595
180,6.01445,"18,934.10",0.00855,0.00241,978.97180
180.10001,6.01767,"18,933.09",0.00865,0.00242,978.91986
180.2,6.02103,"18,934.57",0.00863,0.00262,978.99622
180.3,6.02439,"18,936.77",0.00862,0.00262,979.10986
180.39999,6.02753,"18,936.38",0.00854,0.00272,979.08972
180.5,6.03112,"18,940.41",0.00852,0.00277,979.29816
180.60001,6.03448,"18,941.93",0.00855,0.00258,979.37677
180.7,6.03762,"18,940.58",0.00855,0.00272,979.30695
180.8,6.04113,"18,944.08",0.00863,0.00285,979.48810
180.89999,6.0445,"18,946.40",0.00864,0.0029,979.60809
181,6.04771,"18,946.55",0.00861,0.0026,979.61578
181.10001,6.05107,"18,946.76",0.00858,0.00234,979.62640
181.2,6.05444,"18,947.54",0.00859,0.00219,979.66687
181.3,6.05772,"18,950.22",0.00865,0.00205,979.80530
181.39999,6.06101,"18,950.54",0.00865,0.00199,979.82190
181.5,6.06453,"18,951.66",0.00862,0.00217,979.87994
181.60001,6.06774,"18,952.74",0.00852,0.00235,979.93591
181.7,6.07095,"18,951.71",0.00852,0.0025,979.88226
181.8,6.07439,"18,955.51",0.00859,0.00257,980.07892
181.89999,6.07775,"18,956.67",0.00862,0.00264,980.13885
182,6.08097,"18,955.81",0.00859,0.0027,980.09467
182.10001,6.08455,"18,959.73",0.00862,0.00261,980.29712
182.2,6.08784,"18,960.24",0.00857,0.00266,980.32324
182.3,6.09098,"18,960.60",0.00853,0.00278,980.34216
182.39999,6.09435,"18,961.90",0.00861,0.003,980.40930
182.5,6.09771,"18,962.23",0.00858,0.00293,980.42657
182.60001,6.101,"18,964.81",0.00856,0.00254,980.56000
182.7,6.10436,"18,965.63",0.00862,0.00231,980.60187
182.8,6.10787,"18,968.34",0.00855,0.00215,980.74237
182.89999,6.11109,"18,968.70",0.00852,0.00206,980.76105
183,6.1143,"18,967.80",0.00857,0.00206,980.71436
183.10001,6.11774,"18,971.63",0.00859,0.00206,980.91211
183.2,6.1211,"18,972.30",0.00852,0.00237,980.94696
183.3,6.12431,"18,971.87",0.00857,0.00246,980.92493
183.39999,6.12775,"18,974.43",0.00854,0.00259,981.05725
183.5,6.13119,"18,976.21",0.00851,0.00265,981.14941
183.60001,6.1344,"18,975.58",0.0085,0.0027,981.11652
183.7,6.13777,"18,977.34",0.00853,0.00275,981.20740
183.8,6.14113,"18,977.34",0.00854,0.00272,981.20758
183.89999,6.14434,"18,979.32",0.00861,0.00273,981.30981
184,6.14771,"18,979.42",0.00851,0.00299,981.31537
184.10001,6.15115,"18,980.95",0.0086,0.00281,981.39441
184.2,6.15436,"18,981.58",0.00856,0.00245,981.42694
184.3,6.15772,"18,980.93",0.00855,0.0023,981.39301
184.39999,6.16109,"18,983.05",0.00854,0.00216,981.50305
184.5,6.16437,"18,983.82",0.00852,0.00201,981.54285
184.60001,6.16766,"18,982.88",0.00854,0.00187,981.49408
184.7,6.17102,"18,984.15",0.00852,0.00231,981.55951
184.8,6.17439,"18,985.31",0.00849,0.00244,981.61963
184.89999,6.17768,"18,985.09",0.00858,0.00254,981.60852
185,6.18104,"18,986.28",0.00865,0.00255,981.66998
185.10001,6.18448,"18,986.51",0.00859,0.00265,981.68164
185.2,6.18769,"18,984.72",0.00851,0.00274,981.58899
185.3,6.19098,"18,984.55",0.00855,0.00269,981.58044
185.39999,6.19449,"18,986.82",0.00851,0.00271,981.69800
185.5,6.19771,"18,984.97",0.00857,0.00283,981.60193
185.60001,6.20107,"18,985.45",0.00856,0.00301,981.62677
185.7,6.20451,"18,986.80",0.00856,0.00284,981.69696
185.8,6.2078,"18,986.65",0.00857,0.00243,981.68909
185.89999,6.21101,"18,984.20",0.00855,0.00226,981.56207
186,6.2143,"18,984.10",0.00854,0.00209,981.55701
186.10001,6.21774,"18,984.58",0.00854,0.00204,981.58173
186.2,6.22095,"18,983.31",0.0086,0.00201,981.51617
186.3,6.22439,"18,984.26",0.00855,0.00239,981.56549
186.39999,6.2279,"18,985.20",0.00855,0.00243,981.61395
186.5,6.23096,"18,982.25",0.00855,0.00253,981.46167
186.60001,6.2344,"18,982.63",0.0085,0.00257,981.48126
186.7,6.23777,"18,982.35",0.00851,0.00269,981.46674
186.8,6.2409,"18,981.45",0.00863,0.00276,981.42029
186.89999,6.24442,"18,980.01",0.00852,0.00264,981.34583
187,6.24778,"18,980.48",0.00855,0.00276,981.36975
187.10001,6.25107,"18,979.98",0.00852,0.00277,981.34406
187.2,6.25443,"18,978.32",0.00859,0.00294,981.25830
187.3,6.25772,"18,978.22",0.00857,0.00266,981.25305
187.39999,6.26108,"18,977.55",0.00853,0.00234,981.21869
187.5,6.2643,"18,976.39",0.00857,0.00221,981.15851
187.60001,6.26766,"18,976.20",0.00857,0.00213,981.14850
187.7,6.27125,"18,977.70",0.00853,0.00198,981.22595
187.8,6.27431,"18,974.58",0.00854,0.00215,981.06500
187.89999,6.27782,"18,975.10",0.00854,0.00234,981.09167
188,6.28126,"18,976.07",0.00857,0.00248,981.14185
188.10001,6.28425,"18,973.71",0.00858,0.0025,981.02008
188.2,6.28776,"18,972.65",0.00853,0.00271,980.96515
188.3,6.29113,"18,972.80",0.00849,0.00276,980.97272
188.39999,6.29442,"18,973.01",0.0086,0.00279,980.98358
188.5,6.2977,"18,970.77",0.00856,0.00272,980.86798
188.60001,6.30114,"18,971.37",0.00854,0.00279,980.89880
188.7,6.30443,"18,971.23",0.00856,0.00308,980.89154
188.8,6.30764,"18,968.54",0.00851,0.00288,980.75287
188.89999,6.31101,"18,969.06",0.00852,0.00251,980.77942
189,6.31445,"18,970.75",0.00856,0.00231,980.86670
189.10001,6.31758,"18,966.86",0.00855,0.00213,980.66583
189.2,6.3211,"18,967.19",0.00864,0.00202,980.68256
189.3,6.32453,"18,967.71",0.00854,0.00202,980.70941
189.39999,6.3276,"18,965.80",0.00852,0.00225,980.61090
189.5,6.33111,"18,964.74",0.00854,0.00234,980.55634
189.60001,6.3344,"18,962.80",0.0086,0.00258,980.45569
189.7,6.33769,"18,962.39",0.00853,0.00261,980.43488
189.8,6.34105,"18,962.51",0.00852,0.00272,980.44061
189.89999,6.34449,"18,963.58",0.00852,0.00276,980.49603
190,6.34778,"18,962.71",0.0085,0.00266,980.45099
190.10001,6.35099,"18,958.63",0.00857,0.00269,980.24005
190.2,6.35443,"18,960.00",0.00854,0.00279,980.31104
190.3,6.35779,"18,960.57",0.00855,0.00299,980.34076
190.39999,6.36093,"18,957.55",0.00862,0.00273,980.18420
190.5,6.36444,"18,957.66",0.00861,0.00236,980.18994
190.60001,6.36781,"18,956.45",0.00853,0.0022,980.12726
190.7,6.37095,"18,954.56",0.00854,0.00211,980.02960
190.8,6.37453,"18,955.96",0.00854,0.00196,980.10229
190.89999,6.37782,"18,954.47",0.0085,0.00206,980.02509
191,6.38096,"18,951.42",0.0085,0.00238,979.86743
191.10001,6.3844,"18,950.79",0.00847,0.00246,979.83490
191.2,6.38769,"18,950.91",0.00852,0.00256,979.84106
191.3,6.39105,"18,950.48",0.00854,0.00263,979.81885
191.39999,6.39434,"18,947.15",0.00854,0.00266,979.64655
191.5,6.39778,"18,947.68",0.00849,0.0027,979.67426
191.60001,6.40114,"18,948.38",0.0085,0.00268,979.71021
191.7,6.40428,"18,945.63",0.0085,0.00276,979.56824
191.8,6.40772,"18,946.05",0.00853,0.00282,979.58990
191.89999,6.41108,"18,944.99",0.00857,0.00298,979.53491
192,6.41429,"18,943.69",0.00858,0.00254,979.46783
192.10001,6.41781,"18,944.51",0.00856,0.0023,979.51031
192.2,6.42117,"18,944.64",0.00851,0.00224,979.51678
192.3,6.42431,"18,940.86",0.00854,0.00204,979.32159
192.39999,6.42775,"18,941.56",0.00856,0.00187,979.35767
192.5,6.43103,"18,941.16",0.00853,0.00226,979.33673
192.60001,6.43432,"18,941.42",0.00851,0.00243,979.35059
192.7,6.43769,"18,938.61",0.00853,0.00247,979.20490
192.8,6.44112,"18,939.87",0.00851,0.0026,979.27039
192.89999,6.44441,"18,940.14",0.00853,0.00265,979.28406
193,6.4477,"18,937.14",0.00852,0.00275,979.12903
193.10001,6.45106,"18,937.04",0.00853,0.00277,979.12408
193.2,6.45435,"18,934.47",0.00849,0.0027,978.99097
193.3,6.45764,"18,933.53",0.00848,0.00276,978.94238
193.39999,6.46108,"18,934.01",0.00851,0.00301,978.96735
193.5,6.46452,"18,932.63",0.00849,0.00264,978.89606
193.60001,6.46773,"18,931.41",0.00849,0.00232,978.83295
193.7,6.47109,"18,930.13",0.00852,0.0022,978.76691
193.8,6.47446,"18,930.10",0.00851,0.00205,978.76489
193.89999,6.47767,"18,928.74",0.00851,0.00191,978.69476
194,6.48103,"18,926.66",0.00847,0.00221,978.58704
194.10001,6.4844,"18,927.34",0.00848,0.00231,978.62231
194.2,6.48776,"18,927.99",0.00851,0.00243,978.65619
194.3,6.49105,"18,925.53",0.00852,0.00247,978.52899
194.39999,6.49449,"18,926.55",0.00852,0.00261,978.58148
194.5,6.49777,"18,925.10",0.00851,0.00268,978.50653
194.60001,6.50099,"18,922.71",0.0085,0.00265,978.38306
194.7,6.50435,"18,922.52",0.00851,0.00265,978.37292
194.8,6.50779,"18,921.61",0.00853,0.00275,978.32587
194.89999,6.511,"18,920.65",0.0085,0.00282,978.27649
195,6.51437,"18,918.06",0.00848,0.00295,978.14252
195.10001,6.51788,"18,918.55",0.00851,0.00253,978.16815
195.2,6.52102,"18,916.89",0.00852,0.0023,978.08191
195.3,6.52438,"18,914.10",0.00852,0.00212,977.93762
195.39999,6.52774,"18,912.52",0.00847,0.00197,977.85590
195.5,6.53096,"18,911.82",0.0085,0.00193,977.81989
195.60001,6.53432,"18,909.98",0.0085,0.00227,977.72461
195.7,6.53783,"18,911.57",0.00849,0.00239,977.80682
195.8,6.54105,"18,910.42",0.00847,0.00248,977.74744
195.89999,6.54441,"18,907.30",0.0085,0.00257,977.58618
196,6.5477,"18,906.05",0.00844,0.00267,977.52142
196.10001,6.55106,"18,905.71",0.00846,0.00269,977.50421
196.2,6.55428,"18,903.42",0.0085,0.00266,977.38562
196.3,6.55771,"18,902.06",0.00849,0.00267,977.31543
196.39999,6.56123,"18,900.44",0.00847,0.00274,977.23175
196.5,6.56429,"18,898.19",0.0085,0.00297,977.11499
196.60001,6.56773,"18,896.44",0.00849,0.00266,977.02460
196.7,6.57117,"18,896.64",0.0085,0.00232,977.03534
196.8,6.57431,"18,893.21",0.00851,0.00216,976.85767
196.89999,6.57774,"18,891.13",0.00848,0.00203,976.75024
197,6.58118,"18,892.86",0.00847,0.00183,976.83972
197.10001,6.58447,"18,892.03",0.0085,0.00208,976.79669
197.2,6.58776,"18,888.48",0.00848,0.00229,976.61298
197.3,6.59112,"18,887.71",0.00847,0.00244,976.57349
197.39999,6.59448,"18,887.94",0.00845,0.00252,976.58545
197.5,6.59762,"18,884.85",0.0085,0.00265,976.42554
197.60001,6.60099,"18,883.49",0.00847,0.00273,976.35541
197.7,6.6045,"18,883.09",0.00848,0.0026,976.33435
197.8,6.60756,"18,880.98",0.00845,0.00265,976.22540
197.89999,6.61115,"18,882.07",0.00847,0.00276,976.28168
198,6.61451,"18,881.83",0.00844,0.00294,976.26947
198.10001,6.61758,"18,878.73",0.00846,0.00294,976.10907
198.2,6.62102,"18,877.92",0.00844,0.00243,976.06720
198.3,6.62438,"18,878.75",0.00846,0.00226,976.10986
198.39999,6.62767,"18,878.73",0.00846,0.0021,976.10919
198.5,6.63103,"18,877.09",0.00844,0.00198,976.02448
198.60001,6.63447,"18,876.36",0.0085,0.00199,975.98657
198.7,6.63783,"18,877.39",0.00848,0.00228,976.03979
198.8,6.64097,"18,874.34",0.00846,0.00238,975.88214
198.89999,6.64441,"18,874.97",0.00843,0.00244,975.91486
199,6.64785,"18,874.28",0.00841,0.00257,975.87891
199.10001,6.65091,"18,870.83",0.00842,0.00261,975.70081
199.2,6.6545,"18,871.36",0.00848,0.0026,975.72815
199.3,6.65786,"18,872.07",0.00848,0.00258,975.76471
199.39999,6.66093,"18,867.79",0.00844,0.00272,975.54327
199.5,6.66451,"18,867.29",0.00848,0.00277,975.51782
199.60001,6.6678,"18,865.61",0.00846,0.00296,975.43085
199.7,6.67101,"18,865.36",0.00844,0.00254,975.41772
199.8,6.67438,"18,863.38",0.00845,0.0023,975.31543
199.89999,6.67774,"18,861.95",0.00846,0.00224,975.24133
200,6.6811,"18,861.72",0.00849,0.00212,975.22949
200.10001,6.68439,"18,860.52",0.00844,0.00194,975.16748
200.2,6.68776,"18,859.80",0.00847,0.00214,975.13013
200.3,6.69112,"18,859.29",0.00844,0.00234,975.10370
200.39999,6.69418,"18,854.85",0.00844,0.00236,974.87433
200.5,6.69777,"18,855.75",0.00843,0.00249,974.92108
200.60001,6.70113,"18,856.22",0.0084,0.00261,974.94531
200.7,6.70435,"18,853.40",0.00841,0.00273,974.79962
200.8,6.70786,"18,853.50",0.00841,0.00266,974.80475
200.89999,6.71115,"18,852.24",0.00843,0.00269,974.73920
201,6.71436,"18,850.88",0.00845,0.00274,974.66895
201.10001,6.71773,"18,850.45",0.00843,0.00308,974.64685
201.2,6.72101,"18,849.59",0.00846,0.00282,974.60260
201.3,6.72438,"18,848.85",0.00846,0.00244,974.56390
201.39999,6.72767,"18,847.41",0.00849,0.0023,974.48981
201.5,6.7311,"18,849.01",0.00849,0.00213,974.57239
201.60001,6.73447,"18,850.63",0.00848,0.00201,974.65643
201.7,6.73768,"18,846.66",0.00847,0.00195,974.45068
201.8,6.74104,"18,847.94",0.00847,0.00232,974.51715
201.89999,6.74441,"18,848.00",0.00852,0.00235,974.52008
202,6.74762,"18,845.88",0.00846,0.00243,974.41064
202.10001,6.75106,"18,846.98",0.00844,0.00252,974.46747
202.2,6.75442,"18,845.86",0.00846,0.00274,974.40930
202.3,6.75771,"18,845.79",0.00843,0.00273,974.40588
202.39999,6.76107,"18,845.50",0.00843,0.00262,974.39105
202.5,6.76444,"18,845.23",0.00843,0.00269,974.37677
202.60001,6.76765,"18,844.78",0.00842,0.00281,974.35345
202.7,6.77101,"18,844.24",0.00843,0.00296,974.32556
202.8,6.77445,"18,846.66",0.00843,0.00278,974.45081
202.89999,6.77774,"18,846.63",0.00845,0.00235,974.44928
203,6.7811,"18,845.35",0.00847,0.0022,974.38318
203.10001,6.78447,"18,846.37",0.00847,0.00212,974.43604
203.2,6.78775,"18,846.64",0.00844,0.0019,974.44989
203.3,6.79097,"18,844.68",0.00847,0.00199,974.34869
203.39999,6.79441,"18,847.07",0.00844,0.00227,974.47229
203.5,6.79784,"18,846.88",0.00849,0.00235,974.46240
203.60001,6.80106,"18,847.24",0.00846,0.00251,974.48077
203.7,6.80442,"18,847.67",0.00846,0.00257,974.50330
203.8,6.80786,"18,849.29",0.00846,0.0027,974.58691
203.89999,6.811,"18,848.53",0.00848,0.00276,974.54773
204,6.81429,"18,847.53",0.0085,0.00263,974.49573
204.10001,6.8178,"18,849.58",0.00847,0.00271,974.60199
204.2,6.82109,"18,850.81",0.00846,0.00279,974.66541
204.3,6.82445,"18,849.95",0.00847,0.00309,974.62097
204.39999,6.82781,"18,851.42",0.00846,0.00263,974.69678
204.5,6.8311,"18,852.86",0.00846,0.00235,974.77136
204.60001,6.83432,"18,851.56",0.00849,0.00223,974.70441
204.7,6.83768,"18,852.87",0.00851,0.00213,974.77185
204.8,6.84112,"18,854.47",0.00848,0.00197,974.85486
204.89999,6.84425,"18,854.39",0.00845,0.00208,974.85059
205,6.84769,"18,855.67",0.00844,0.00236,974.91693
205.10001,6.85121,"18,859.10",0.00845,0.00243,975.09430
205.2,6.85435,"18,858.22",0.0084,0.00257,975.04877
205.3,6.85771,"18,858.13",0.00844,0.00263,975.04401
205.39999,6.86115,"18,861.40",0.00846,0.00263,975.21301
205.5,6.86436,"18,862.70",0.00848,0.00273,975.27997
205.60001,6.86772,"18,863.12",0.00846,0.00269,975.30200
205.7,6.87116,"18,865.78",0.00848,0.00268,975.43927
205.8,6.87445,"18,868.27",0.00847,0.00281,975.56812
205.89999,6.87766,"18,867.81",0.00847,0.00304,975.54425
206,6.8811,"18,870.66",0.00845,0.00258,975.69189
206.10001,6.88446,"18,873.80",0.00846,0.00238,975.85437
206.2,6.8876,"18,873.00",0.00844,0.00224,975.81256
206.3,6.89104,"18,875.88",0.00846,0.00207,975.96185
206.39999,6.89455,"18,879.12",0.00847,0.00191,976.12939
206.5,6.89762,"18,880.17",0.00849,0.0022,976.18372
206.60001,6.90113,"18,882.02",0.00846,0.00231,976.27905
206.7,6.90449,"18,884.50",0.00847,0.0024,976.40717
206.8,6.90763,"18,885.71",0.00851,0.00259,976.46979
206.89999,6.91107,"18,887.28",0.00846,0.00264,976.55096
207,6.91443,"18,890.16",0.00842,0.0027,976.70013
207.10001,6.91772,"18,891.54",0.00844,0.00284,976.77142
207.2,6.92108,"18,892.38",0.00845,0.00274,976.81494
207.3,6.92445,"18,895.60",0.00849,0.00274,976.98126
207.39999,6.92781,"18,898.56",0.00846,0.00292,977.13458
207.5,6.93095,"18,896.71",0.00847,0.00292,977.03882
207.60001,6.93439,"18,898.48",0.00846,0.00274,977.13031
207.7,6.93783,"18,901.80",0.00844,0.00243,977.30212
207.8,6.94097,"18,901.89",0.00851,0.00231,977.30646
207.89999,6.94448,"18,904.66",0.00846,0.00214,977.44977
208,6.94784,"18,906.08",0.00842,0.00208,977.52338
208.10001,6.95098,"18,905.57",0.00847,0.00211,977.49701
208.2,6.95442,"18,908.28",0.00852,0.00233,977.63696
208.3,6.95778,"18,909.65",0.00849,0.0024,977.70776
208.39999,6.96099,"18,911.06",0.0085,0.00256,977.78070
208.5,6.96436,"18,911.40",0.00855,0.0026,977.79816
208.60001,6.96779,"18,913.99",0.0085,0.0027,977.93213
208.7,6.97116,"18,916.95",0.00849,0.00286,978.08533
208.8,6.9743,"18,916.00",0.00847,0.00274,978.03595
208.89999,6.97774,"18,916.74",0.00845,0.00282,978.07434
209,6.9811,"18,918.65",0.00852,0.00283,978.17310
209.10001,6.98424,"18,918.08",0.00848,0.00316,978.14349
209.2,6.98775,"18,921.24",0.00849,0.0027,978.30688
209.3,6.99119,"18,922.08",0.00846,0.00244,978.35065
209.39999,6.99433,"18,921.26",0.0085,0.0023,978.30804
209.5,6.99784,"18,924.04",0.00847,0.00208,978.45184
209.60001,7.00113,"18,924.51",0.00848,0.002,978.47626
209.7,7.00434,"18,925.37",0.00846,0.00222,978.52039
209.8,7.0077,"18,923.97",0.00847,0.00238,978.44800
209.89999,7.01107,"18,925.37",0.00848,0.00246,978.52039
210,7.01443,"18,928.08",0.00846,0.00253,978.66046
210.10001,7.01772,"18,926.30",0.00846,0.0026,978.56879
210.2,7.02116,"18,928.91",0.00849,0.0028,978.70337
210.3,7.02445,"18,928.63",0.00849,0.00287,978.68896
210.39999,7.02759,"18,927.38",0.00846,0.00271,978.62469
210.5,7.0311,"18,929.19",0.00846,0.00281,978.71790
210.60001,7.03446,"18,929.70",0.00849,0.00297,978.74457
210.7,7.03767,"18,928.07",0.00849,0.00303,978.66028
210.8,7.04111,"18,929.76",0.00859,0.00262,978.74731
210.89999,7.04448,"18,929.77",0.0086,0.0024,978.74823
211,7.04769,"18,929.75",0.00852,0.00231,978.74689
211.10001,7.05105,"18,929.25",0.0085,0.00218,978.72137
211.2,7.05434,"18,928.75",0.00844,0.00203,978.69519
211.3,7.0577,"18,929.57",0.00846,0.00201,978.73761
211.39999,7.06099,"18,928.62",0.00847,0.0024,978.68866
211.5,7.06451,"18,929.82",0.00849,0.00253,978.75085
211.60001,7.06779,"18,929.59",0.00851,0.00252,978.73853
211.7,7.07101,"18,926.75",0.00848,0.00275,978.59192
211.8,7.07437,"18,928.11",0.00847,0.0028,978.66217
211.89999,7.07773,"18,929.22",0.00848,0.00287,978.71973
212,7.08095,"18,927.36",0.00849,0.00276,978.62347
212.10001,7.08446,"18,928.71",0.00845,0.00292,978.69348
212.2,7.08782,"18,928.82",0.00843,0.00309,978.69916
212.3,7.09104,"18,928.89",0.00846,0.00292,978.70276
212.39999,7.0944,"18,927.85",0.00848,0.0025,978.64893
212.5,7.09776,"18,926.77",0.00849,0.00238,978.59277
212.60001,7.10105,"18,927.55",0.00849,0.00215,978.63312
212.7,7.10434,"18,926.40",0.00843,0.00208,978.57361
212.8,7.10778,"18,927.67",0.00848,0.00199,978.63953
212.89999,7.11107,"18,926.99",0.00848,0.00241,978.60431
213,7.11435,"18,924.50",0.00848,0.00244,978.47534
213.10001,7.11779,"18,926.46",0.00851,0.00256,978.57672
213.2,7.12108,"18,925.75",0.00851,0.00264,978.54028
213.3,7.12429,"18,924.20",0.00844,0.00272,978.45978
213.39999,7.12773,"18,923.70",0.00848,0.00278,978.43402
213.5,7.13109,"18,923.05",0.00849,0.00275,978.40045
213.60001,7.13431,"18,922.90",0.00846,0.00275,978.39294
213.7,7.13775,"18,923.01",0.00846,0.00292,978.39868
213.8,7.14118,"18,922.66",0.00842,0.00311,978.38055
213.89999,7.14432,"18,920.58",0.0085,0.00278,978.27295
214,7.14769,"18,918.98",0.00858,0.00248,978.19019
214.10001,7.1512,"18,920.23",0.00852,0.00235,978.25488
214.2,7.15434,"18,919.40",0.0085,0.00219,978.21179
214.3,7.15763,"18,914.33",0.00847,0.00207,977.94995
214.39999,7.16114,"18,915.92",0.00848,0.00214,978.03210
214.5,7.1645,"18,915.88",0.00851,0.00241,978.02979
214.60001,7.16764,"18,913.21",0.00848,0.00249,977.89197
214.7,7.171,"18,912.37",0.0085,0.00261,977.84827
214.8,7.17444,"18,912.17",0.00848,0.0027,977.83826
214.89999,7.17766,"18,910.88",0.00839,0.0028,977.77106
215,7.18102,"18,910.72",0.00841,0.0027,977.76318
215.10001,7.18453,"18,910.60",0.00846,0.0027,977.75665
215.2,7.18767,"18,907.12",0.00851,0.00275,977.57709
215.3,7.19103,"18,907.20",0.00849,0.00293,977.58105
215.39999,7.19447,"18,908.43",0.00848,0.00307,977.64478
215.5,7.19769,"18,907.66",0.00843,0.00265,977.60498
215.60001,7.20105,"18,905.80",0.00845,0.00242,977.50873
215.7,7.20441,"18,906.91",0.00851,0.00223,977.56598
215.8,7.20778,"18,907.47",0.0085,0.00212,977.59497
215.89999,7.21106,"18,906.48",0.00851,0.00193,977.54376
216,7.21443,"18,906.26",0.00844,0.00236,977.53265
216.10001,7.21779,"18,905.08",0.0084,0.00243,977.47144
216.2,7.22093,"18,903.77",0.0085,0.00254,977.40350
216.3,7.22437,"18,903.65",0.00854,0.00267,977.39734
216.39999,7.22788,"18,904.97",0.00848,0.00269,977.46558
216.5,7.23094,"18,901.95",0.00839,0.0029,977.30957
216.60001,7.23446,"18,902.46",0.00842,0.00279,977.33594
216.7,7.23789,"18,903.77",0.00847,0.0028,977.40350
216.8,7.24096,"18,901.45",0.00855,0.0028,977.28381
216.89999,7.24447,"18,900.48",0.00848,0.00306,977.23383
217,7.24776,"18,900.77",0.00844,0.00284,977.24847
217.10001,7.25105,"18,900.07",0.00844,0.00248,977.21222
217.2,7.25434,"18,898.63",0.00844,0.00231,977.13812
217.3,7.25777,"18,899.16",0.00849,0.00219,977.16547
217.39999,7.26114,"18,898.47",0.0086,0.00208,977.12952
217.5,7.26428,"18,895.38",0.00856,0.00205,976.97015
217.60001,7.26771,"18,896.33",0.00847,0.00239,977.01904
217.7,7.27115,"18,896.42",0.00847,0.00253,977.02362
217.8,7.27422,"18,892.74",0.00847,0.00257,976.83362
217.89999,7.27773,"18,892.22",0.00845,0.00275,976.80676
218,7.28117,"18,892.40",0.00844,0.00281,976.81580
218.10001,7.28431,"18,890.39",0.00842,0.00291,976.71185
218.2,7.28782,"18,889.97",0.00843,0.00271,976.69025
218.3,7.29103,"18,888.49",0.00844,0.00282,976.61353
218.39999,7.2944,"18,887.67",0.00844,0.00284,976.57117
218.5,7.29776,"18,886.88",0.00847,0.00308,976.53027
218.60001,7.30112,"18,886.38",0.00844,0.0026,976.50452
218.7,7.30448,"18,886.72",0.00846,0.00236,976.52228
218.8,7.3077,"18,881.88",0.0084,0.00221,976.27216
218.89999,7.31106,"18,881.62",0.00842,0.00215,976.25854
219,7.31443,"18,881.94",0.00846,0.002,976.27502
219.10001,7.31756,"18,880.37",0.00848,0.0022,976.19360
219.2,7.32108,"18,880.67",0.00843,0.0025,976.20917
219.3,7.32444,"18,880.06",0.00839,0.0026,976.17804
219.39999,7.32773,"18,878.48",0.00845,0.00264,976.09607
219.5,7.33117,"18,877.72",0.00846,0.00266,976.05695
219.60001,7.33445,"18,875.98",0.00842,0.00283,975.96680
219.7,7.33774,"18,874.15",0.00842,0.00284,975.87219
219.8,7.34103,"18,873.54",0.00842,0.00274,975.84045
219.89999,7.34432,"18,872.07",0.00843,0.00291,975.76453
220,7.34776,"18,872.77",0.00842,0.00299,975.80096
220.10001,7.35097,"18,869.21",0.00845,0.00293,975.61707
220.2,7.35448,"18,870.21",0.00847,0.00255,975.66827
220.3,7.35785,"18,870.82",0.00845,0.00236,975.69989
220.39999,7.36091,"18,867.54",0.00844,0.00224,975.53021
220.5,7.36442,"18,866.99",0.00844,0.00206,975.50195
220.60001,7.36779,"18,865.66",0.00845,0.00199,975.43317
220.7,7.371,"18,864.14",0.00842,0.0024,975.35492
220.8,7.37451,"18,863.80",0.00842,0.00259,975.33704
220.89999,7.3778,"18,862.72",0.00842,0.00264,975.28149
221,7.38109,"18,861.15",0.00844,0.00269,975.20001
221.10001,7.38438,"18,858.14",0.00843,0.0028,975.04468
221.2,7.38774,"18,858.31",0.00848,0.0029,975.05341
221.3,7.39111,"18,858.36",0.00851,0.00274,975.05603
221.39999,7.39432,"18,854.44",0.00845,0.00279,974.85291
221.5,7.39776,"18,854.53",0.00842,0.00294,974.85767
221.60001,7.40112,"18,854.39",0.00841,0.00313,974.85059
221.7,7.40426,"18,851.36",0.00843,0.00259,974.69379
221.8,7.40777,"18,853.41",0.0084,0.00243,974.79999
221.89999,7.41113,"18,851.35",0.00841,0.00225,974.69318
222,7.41435,"18,850.13",0.00844,0.00219,974.63037
222.10001,7.41779,"18,850.65",0.0084,0.00208,974.65735
222.2,7.42115,"18,849.71",0.00844,0.00206,974.60883
222.3,7.42436,"18,848.29",0.00845,0.00238,974.53534
222.39999,7.42773,"18,847.27",0.00841,0.00254,974.48260
222.5,7.43109,"18,847.84",0.00843,0.00265,974.51190
222.60001,7.43438,"18,848.01",0.00842,0.00275,974.52081
222.7,7.43759,"18,844.69",0.00839,0.00281,974.34894
222.8,7.4411,"18,844.99",0.00841,0.00276,974.36475
222.89999,7.44447,"18,846.00",0.00842,0.00274,974.41656
223,7.44768,"18,843.96",0.00843,0.0028,974.31146
223.10001,7.45119,"18,845.44",0.00842,0.00305,974.38770
223.2,7.45448,"18,844.37",0.0084,0.00301,974.33246
223.3,7.45762,"18,842.05",0.00839,0.00253,974.21240
223.39999,7.46106,"18,842.72",0.00844,0.00242,974.24731
223.5,7.46442,"18,842.63",0.00844,0.00227,974.24255
223.60001,7.46764,"18,841.21",0.00846,0.00214,974.16907
223.7,7.471,"18,839.95",0.00843,0.00203,974.10370
223.8,7.47451,"18,841.65",0.00842,0.00245,974.19177
223.89999,7.47765,"18,841.24",0.00842,0.00245,974.17078
224,7.48101,"18,839.03",0.00841,0.00258,974.05634
224.10001,7.48445,"18,840.33",0.0084,0.00272,974.12341
224.2,7.48767,"18,839.61",0.00843,0.00273,974.08655
224.3,7.49103,"18,838.18",0.00842,0.00295,974.01251
224.39999,7.49447,"18,839.03",0.00841,0.0028,974.05646
224.5,7.49783,"18,839.32",0.00839,0.00284,974.07129
224.60001,7.50097,"18,836.21",0.00839,0.00293,973.91083
224.7,7.50441,"18,837.29",0.00837,0.00313,973.96667
224.8,7.50784,"18,837.37",0.00837,0.00282,973.97052
224.89999,7.51098,"18,835.67",0.00842,0.00242,973.88257
225,7.51442,"18,834.87",0.00842,0.00232,973.84137
225.10001,7.51786,"18,835.78",0.0084,0.00212,973.88831
225.2,7.521,"18,835.06",0.0084,0.002,973.85138
225.3,7.52444,"18,833.70",0.00842,0.00205,973.78076
225.39999,7.5278,"18,834.27",0.00845,0.00243,973.81006
225.5,7.53094,"18,832.57",0.00843,0.00248,973.72260
225.60001,7.53438,"18,830.91",0.0085,0.00263,973.63660
225.7,7.53781,"18,832.23",0.00852,0.00266,973.70502
225.8,7.5411,"18,830.64",0.00841,0.00291,973.62286
225.89999,7.54439,"18,828.49",0.00842,0.00284,973.51135
226,7.54775,"18,828.03",0.00844,0.00281,973.48773
226.10001,7.55112,"18,828.08",0.00849,0.00289,973.49023
226.2,7.55426,"18,826.03",0.00843,0.00309,973.38422
226.3,7.55777,"18,826.01",0.00843,0.00306,973.38330
226.39999,7.56113,"18,824.83",0.00841,0.00252,973.32208
226.5,7.56435,"18,822.71",0.00837,0.00241,973.21252
226.60001,7.56778,"18,822.68",0.00843,0.00228,973.21124
226.7,7.57122,"18,822.81",0.00841,0.00209,973.21790
226.8,7.57436,"18,820.51",0.0084,0.00199,973.09900
226.89999,7.57772,"18,819.50",0.00841,0.00236,973.04669
227,7.58109,"18,819.56",0.0084,0.00247,973.04993
227.10001,7.58437,"18,818.12",0.00839,0.00259,972.97540
227.2,7.58766,"18,817.13",0.00839,0.00269,972.92401
227.3,7.5911,"18,816.48",0.00841,0.00271,972.89062
227.39999,7.59454,"18,817.30",0.0084,0.00286,972.93298
227.5,7.59768,"18,814.39",0.0084,0.00279,972.78235
227.60001,7.60104,"18,814.83",0.00836,0.00286,972.80505
227.7,7.60448,"18,813.91",0.00835,0.00296,972.75739
227.8,7.60762,"18,812.00",0.00836,0.00312,972.65894
227.89999,7.61113,"18,813.14",0.0084,0.00266,972.71759
228,7.61449,"18,813.49",0.0084,0.0024,972.73596
228.10001,7.61771,"18,811.38",0.0084,0.00232,972.62701
228.2,7.62107,"18,810.77",0.00841,0.00212,972.59521
228.3,7.62436,"18,810.87",0.00841,0.00203,972.60016
228.39999,7.62772,"18,811.83",0.00838,0.00222,972.65002
228.5,7.63101,"18,810.06",0.0084,0.00242,972.55835
228.60001,7.63437,"18,809.03",0.00836,0.0025,972.50525
228.7,7.63781,"18,810.00",0.00837,0.00263,972.55524
228.8,7.64095,"18,808.47",0.00842,0.00278,972.47644
228.89999,7.64446,"18,809.69",0.00839,0.00284,972.53955
229,7.64783,"18,809.85",0.00838,0.00277,972.54767
229.10001,7.65089,"18,807.84",0.00836,0.00276,972.44397
229.2,7.65448,"18,808.30",0.00838,0.00288,972.46777
229.3,7.65784,"18,809.42",0.00841,0.00303,972.52551
229.39999,7.66105,"18,809.12",0.00839,0.00314,972.50977
229.5,7.66449,"18,808.62",0.00838,0.00258,972.48401
229.60001,7.66778,"18,809.02",0.0084,0.00233,972.50452
229.7,7.67107,"18,810.24",0.00842,0.00228,972.56775
229.8,7.67436,"18,808.10",0.00839,0.00213,972.45697
229.89999,7.67772,"18,808.88",0.00841,0.00196,972.49744
230,7.68116,"18,809.12",0.00841,0.0024,972.51007
230.10001,7.6843,"18,808.65",0.00839,0.00244,972.48566
230.2,7.68781,"18,810.36",0.00837,0.00256,972.57410
230.3,7.69117,"18,812.01",0.00836,0.00264,972.65912
230.39999,7.69424,"18,808.58",0.0084,0.00277,972.48199
230.5,7.69775,"18,809.68",0.00841,0.00289,972.53888
230.60001,7.70111,"18,811.72",0.00842,0.00288,972.64441
230.7,7.70433,"18,810.26",0.00836,0.00284,972.56885
230.8,7.70777,"18,811.38",0.00836,0.00294,972.62665
230.89999,7.71113,"18,810.42",0.00838,0.00321,972.57721
231,7.71442,"18,812.35",0.00842,0.00291,972.67700
231.10001,7.71771,"18,812.02",0.00841,0.00251,972.65985
231.2,7.72107,"18,812.57",0.00842,0.00231,972.68829
231.3,7.72443,"18,812.90",0.00839,0.00221,972.70526
231.39999,7.72765,"18,810.99",0.00843,0.0021,972.60651
231.5,7.73116,"18,813.90",0.00842,0.00199,972.75720
231.60001,7.73445,"18,815.56",0.00844,0.00239,972.84296
231.7,7.73766,"18,811.96",0.00838,0.00245,972.65692
231.8,7.7411,"18,813.98",0.00838,0.00254,972.76123
231.89999,7.74446,"18,815.30",0.00838,0.00268,972.82928
232,7.7476,"18,814.38",0.00837,0.00275,972.78186
232.10001,7.75104,"18,816.03",0.00837,0.0028,972.86719
232.2,7.75448,"18,816.25",0.00838,0.00288,972.87866
232.3,7.75769,"18,817.68",0.00837,0.00281,972.95251
232.39999,7.76105,"18,817.13",0.00836,0.00287,972.92401
232.5,7.76449,"18,818.78",0.00836,0.0032,973.00916
232.60001,7.7677,"18,819.90",0.00841,0.00281,973.06720
232.7,7.77092,"18,816.76",0.00841,0.00255,972.90485
232.8,7.77443,"18,820.13",0.00841,0.00234,973.07916
232.89999,7.77779,"18,821.03",0.00842,0.00227,973.12561
233,7.78101,"18,820.22",0.00839,0.00207,973.08398
233.10001,7.78445,"18,821.69",0.00843,0.00192,973.15961
233.2,7.78781,"18,822.99",0.00843,0.00243,973.22699
233.3,7.79095,"18,821.49",0.00847,0.00251,973.14929
233.39999,7.79439,"18,823.91",0.0085,0.00258,973.27466
233.5,7.79782,"18,823.80",0.00847,0.00271,973.26898
233.60001,7.80096,"18,823.74",0.00845,0.00273,973.26575
233.7,7.8044,"18,824.57",0.00844,0.00287,973.30859
233.8,7.80784,"18,826.17",0.0084,0.00268,973.39166
233.89999,7.81105,"18,826.33",0.00838,0.00283,973.39984
234,7.81434,"18,825.18",0.00842,0.00296,973.34009
234.10001,7.81778,"18,826.54",0.00843,0.00317,973.41046
234.2,7.82099,"18,827.01",0.00841,0.00264,973.43512
234.3,7.82435,"18,826.46",0.00839,0.00246,973.40631
234.39999,7.82779,"18,828.61",0.00843,0.00229,973.51752
234.5,7.83116,"18,828.46",0.00842,0.0022,973.51001
234.60001,7.83437,"18,827.45",0.00847,0.00203,973.45764
234.7,7.83773,"18,828.13",0.00846,0.0023,973.49304
234.8,7.8411,"18,828.85",0.00843,0.00238,973.52991
234.89999,7.84423,"18,827.75",0.0084,0.00247,973.47327
235,7.84775,"18,829.12",0.00843,0.00259,973.54395
235.10001,7.85119,"18,831.21",0.00845,0.00268,973.65222
235.2,7.85432,"18,830.63",0.0085,0.00285,973.62183
235.3,7.85776,"18,831.00",0.0085,0.00287,973.64124
235.39999,7.86113,"18,831.36",0.00846,0.00276,973.65979
235.5,7.86434,"18,832.13",0.00839,0.00286,973.69958
235.60001,7.8677,"18,831.66",0.00836,0.0029,973.67517
235.7,7.87107,"18,833.11",0.00845,0.00307,973.75049
235.8,7.87443,"18,833.21",0.00846,0.00258,973.75543
235.89999,7.87772,"18,833.39",0.00849,0.00239,973.76501
236,7.88108,"18,835.64",0.00843,0.00231,973.88098
236.10001,7.88452,"18,837.07",0.00843,0.00217,973.95490
236.2,7.88766,"18,834.60",0.00848,0.00204,973.82721
236.3,7.89109,"18,835.45",0.00852,0.00225,973.87146
236.39999,7.89446,"18,837.64",0.00852,0.00241,973.98456
236.5,7.89767,"18,836.71",0.00851,0.00247,973.93622
236.60001,7.90111,"18,837.16",0.00842,0.00261,973.95984
236.7,7.90447,"18,837.34",0.00847,0.00276,973.96899
236.8,7.90769,"18,837.53",0.00848,0.00285,973.97870
236.89999,7.91105,"18,837.39",0.00842,0.00284,973.97156
237,7.91434,"18,837.40",0.00845,0.00282,973.97192
237.10001,7.9177,"18,838.22",0.00845,0.00283,974.01477
237.2,7.92099,"18,837.13",0.00841,0.00309,973.95813
237.3,7.92443,"18,839.48",0.00844,0.00283,974.07977
237.39999,7.92787,"18,841.57",0.00846,0.00251,974.18756
237.5,7.931,"18,839.69",0.00845,0.00246,974.09058
237.60001,7.93437,"18,839.53",0.00844,0.00226,974.08234
237.7,7.9378,"18,842.08",0.00846,0.0021,974.21399
237.8,7.94094,"18,841.83",0.00844,0.00203,974.20099
237.89999,7.94446,"18,843.10",0.00844,0.0023,974.26691
238,7.94782,"18,842.66",0.00841,0.00242,974.24432
238.10001,7.95103,"18,842.54",0.00845,0.00258,974.23816
238.2,7.95447,"18,842.14",0.00848,0.00267,974.21722
238.3,7.95776,"18,842.31",0.00849,0.00284,974.22583
238.39999,7.96112,"18,843.75",0.00844,0.00292,974.30035
238.5,7.96434,"18,841.27",0.00847,0.00295,974.17230
238.60001,7.9677,"18,842.54",0.0085,0.00283,974.23804
238.7,7.97121,"18,844.99",0.00851,0.00295,974.36456
238.8,7.97428,"18,842.71",0.00848,0.00319,974.24652
238.89999,7.97779,"18,842.84",0.00845,0.00286,974.25360
239,7.98115,"18,842.51",0.00847,0.00254,974.23639
239.10001,7.98422,"18,841.48",0.00855,0.00238,974.18329
239.2,7.9878,"18,841.63",0.00852,0.00227,974.19086
239.3,7.99117,"18,841.38",0.00853,0.0021,974.17773
239.39999,7.99431,"18,840.88",0.00853,0.00207,974.15210
239.5,7.99782,"18,839.94",0.00847,0.00238,974.10364
239.60001,8.00111,"18,839.64",0.00846,0.00261,974.08789
239.7,8.0044,"18,839.06",0.00845,0.00262,974.05811
239.8,8.00768,"18,835.96",0.00845,0.00261,973.89764
239.89999,8.01105,"18,836.29",0.00855,0.00287,973.91467
240,8.01449,"18,835.74",0.00846,0.00291,973.88641
240.10001,8.01762,"18,833.24",0.00843,0.00281,973.75714
240.2,8.02114,"18,834.35",0.00843,0.00284,973.81421
240.3,8.0245,"18,833.32",0.00851,0.003,973.76129
240.39999,8.02756,"18,830.21",0.00853,0.00316,973.60022
240.5,8.03108,"18,830.31",0.00857,0.00269,973.60559
240.60001,8.03444,"18,830.17",0.00846,0.00243,973.59851
240.7,8.03765,"18,827.88",0.00843,0.00235,973.47961
240.8,8.04109,"18,827.13",0.0085,0.00216,973.44086
240.89999,8.04445,"18,827.37",0.0085,0.00208,973.45331
241,8.04774,"18,827.13",0.0085,0.00205,973.44116
241.10001,8.05103,"18,825.26",0.00852,0.00247,973.34442
241.2,8.05439,"18,824.30",0.00845,0.00251,973.29462
241.3,8.05776,"18,825.68",0.00845,0.00262,973.36621
241.39999,8.0609,"18,822.26",0.0085,0.0028,973.18939
241.5,8.06448,"18,823.75",0.0085,0.00286,973.26617
241.60001,8.06777,"18,824.09",0.00845,0.00294,973.28394
241.7,8.07099,"18,820.82",0.00849,0.00278,973.11487
241.8,8.0745,"18,822.55",0.00845,0.00293,973.20447
241.89999,8.07779,"18,822.17",0.00848,0.00322,973.18445
242,8.081,"18,819.66",0.00848,0.00302,973.05511
242.10001,8.08436,"18,819.22",0.00847,0.0026,973.03229
242.2,8.0878,"18,820.14",0.00855,0.00244,973.07983
242.3,8.09109,"18,818.92",0.00851,0.00229,973.01660
242.39999,8.09438,"18,816.77",0.00855,0.00215,972.90564
242.5,8.09782,"18,816.79",0.0085,0.00206,972.90668
242.60001,8.10103,"18,816.53",0.00846,0.00246,972.89313
242.7,8.10432,"18,814.89",0.00844,0.00251,972.80829
242.8,8.10783,"18,816.09",0.00847,0.0026,972.87018
242.89999,8.11112,"18,815.32",0.00849,0.00266,972.83038
243,8.11433,"18,811.03",0.00848,0.00278,972.60883
243.10001,8.11785,"18,813.63",0.00844,0.00289,972.74316
243.2,8.12113,"18,812.75",0.00844,0.00278,972.69781
243.3,8.12427,"18,810.23",0.00844,0.0029,972.56757
243.39999,8.12771,"18,810.10",0.00844,0.00305,972.56055
243.5,8.13107,"18,809.35",0.00845,0.00314,972.52179
243.60001,8.13429,"18,807.30",0.0085,0.00268,972.41608
243.7,8.13773,"18,807.41",0.00844,0.00252,972.42145
243.8,8.14116,"18,807.83",0.00845,0.00233,972.44312
243.89999,8.14438,"18,806.54",0.00845,0.00215,972.37677
244,8.14767,"18,804.69",0.00852,0.00215,972.28082
244.10001,8.1511,"18,805.51",0.00856,0.00234,972.32318
244.2,8.15439,"18,804.93",0.00856,0.00241,972.29315
244.3,8.15768,"18,802.65",0.0085,0.00252,972.17529
244.39999,8.16112,"18,803.71",0.00849,0.00265,972.23047
244.5,8.16448,"18,803.12",0.00852,0.00281,972.19989
244.60001,8.1677,"18,800.45",0.00853,0.00292,972.06171
244.7,8.17106,"18,801.14",0.00847,0.00298,972.09747
244.8,8.1745,"18,800.70",0.00848,0.0029,972.07477
244.89999,8.17764,"18,799.67",0.00846,0.00296,972.02130
245,8.18107,"18,799.17",0.00847,0.00316,971.99524
245.10001,8.18451,"18,800.10",0.00844,0.00306,972.04352
245.2,8.18773,"18,798.06",0.00845,0.00261,971.93829
245.3,8.19109,"18,797.21",0.00851,0.00242,971.89410
245.39999,8.19445,"18,797.36",0.0085,0.00233,971.90173
245.5,8.19767,"18,797.72",0.00846,0.00214,971.92041
245.60001,8.20103,"18,795.93",0.00848,0.00202,971.82776
245.7,8.20432,"18,795.58",0.00848,0.00242,971.80963
245.8,8.20776,"18,796.37",0.00858,0.00252,971.85046
245.89999,8.21097,"18,795.76",0.00854,0.00258,971.81903
246,8.21441,"18,795.90",0.00847,0.00266,971.82660
246.10001,8.21784,"18,796.71",0.00846,0.00279,971.86841
246.2,8.22091,"18,794.59",0.00848,0.00294,971.75854
246.3,8.22435,"18,796.42",0.00852,0.00293,971.85309
246.39999,8.22786,"18,797.33",0.00846,0.00287,971.90045
246.5,8.231,"18,795.21",0.00849,0.00304,971.79065
246.60001,8.23444,"18,795.03",0.00848,0.00321,971.78137
246.7,8.2378,"18,795.71",0.00845,0.0028,971.81641
246.8,8.24109,"18,796.21",0.00846,0.00247,971.84259
246.89999,8.24438,"18,793.79",0.00847,0.00238,971.71716
247,8.24766,"18,793.51",0.00848,0.00227,971.70270
247.10001,8.2511,"18,793.63",0.0085,0.00212,971.70898
247.2,8.25439,"18,793.50",0.00852,0.00202,971.70209
247.3,8.25768,"18,793.55",0.00848,0.00241,971.70471
247.39999,8.26119,"18,794.40",0.00848,0.00249,971.74896
247.5,8.26426,"18,790.94",0.00844,0.00262,971.57013
247.60001,8.26777,"18,791.44",0.00844,0.00268,971.59589
247.7,8.27113,"18,792.41",0.00846,0.00272,971.64606
247.8,8.27427,"18,790.22",0.00843,0.00289,971.53284
247.89999,8.27778,"18,789.43",0.00847,0.00293,971.49176
248,8.28115,"18,788.79",0.00849,0.00286,971.45886
248.10001,8.28436,"18,788.61",0.00846,0.00307,971.44934
248.2,8.2878,"18,788.84",0.00846,0.00316,971.46118
248.3,8.29109,"18,787.42",0.00848,0.00267,971.38776
248.39999,8.29437,"18,785.71",0.00854,0.00241,971.29968
248.5,8.29766,"18,785.96",0.00853,0.00239,971.31238
248.60001,8.30103,"18,785.69",0.00849,0.0022,971.29865
248.7,8.30446,"18,785.99",0.00848,0.00208,971.31415
248.8,8.3076,"18,783.29",0.00848,0.00226,971.17438
248.89999,8.31112,"18,784.08",0.00857,0.00241,971.21545
249,8.31455,"18,784.75",0.00852,0.00256,971.24982
249.10001,8.31762,"18,782.38",0.0085,0.00262,971.12750
249.2,8.32106,"18,782.62",0.00843,0.00272,971.13965
249.3,8.32449,"18,782.59",0.00853,0.00278,971.13812
249.39999,8.32771,"18,782.14",0.00849,0.00294,971.11511
249.5,8.33107,"18,781.49",0.00846,0.00282,971.08136
249.60001,8.33451,"18,781.38",0.00839,0.00295,971.07550
249.7,8.33772,"18,780.36",0.00842,0.00318,971.02289
249.8,8.34094,"18,778.76",0.0085,0.00297,970.94006
249.89999,8.34437,"18,779.42",0.00847,0.00257,970.97430
250,8.34774,"18,780.32",0.00849,0.00232,971.02087
250.10001,8.35095,"18,777.16",0.00843,0.00224,970.85724
250.2,8.35446,"18,777.94",0.0085,0.00211,970.89758
250.3,8.35783,"18,777.96",0.00847,0.002,970.89868
250.39999,8.36096,"18,775.84",0.00846,0.00246,970.78912
250.5,8.36448,"18,777.12",0.00845,0.0025,970.85553
250.60001,8.36777,"18,774.70",0.00845,0.00257,970.73022
250.7,8.37098,"18,774.26",0.00842,0.00275,970.70740
250.8,8.37442,"18,773.57",0.00843,0.00279,970.67163
250.89999,8.37786,"18,774.52",0.00849,0.00293,970.72083
251,8.38107,"18,773.53",0.00852,0.00299,970.66956
251.10001,8.38436,"18,771.07",0.00856,0.00285,970.54260
251.2,8.3878,"18,772.16",0.0085,0.00295,970.59912
251.3,8.39108,"18,772.38",0.00844,0.00317,970.61005
251.39999,8.3943,"18,768.68",0.00847,0.00265,970.41876
251.5,8.39781,"18,769.27",0.00851,0.00254,970.44928
251.60001,8.4011,"18,769.31",0.0085,0.00238,970.45154
251.7,8.40431,"18,766.89",0.00847,0.00223,970.32660
251.8,8.40783,"18,767.55",0.00847,0.00202,970.36041
251.89999,8.41111,"18,766.17",0.00847,0.00224,970.28925
252,8.41425,"18,762.84",0.00852,0.00249,970.11707
252.10001,8.41769,"18,764.12",0.00847,0.0026,970.18298
252.2,8.42113,"18,763.56",0.00843,0.00273,970.15424
252.3,8.42442,"18,762.47",0.00843,0.00284,970.09814
252.39999,8.42771,"18,760.14",0.00848,0.00294,969.97729
252.5,8.43122,"18,760.79",0.00844,0.00292,970.01129
252.60001,8.43436,"18,759.67",0.00841,0.00285,969.95337
252.7,8.43765,"18,755.85",0.00843,0.00297,969.75580
252.8,8.44108,"18,755.65",0.00846,0.00327,969.74530
252.89999,8.44437,"18,755.33",0.00847,0.00293,969.72894
253,8.44766,"18,753.34",0.0085,0.00258,969.62567
253.10001,8.45117,"18,754.05",0.00849,0.0024,969.66241
253.2,8.45454,"18,752.90",0.00848,0.00231,969.60297
253.3,8.45767,"18,750.34",0.00846,0.00213,969.47083
253.39999,8.46104,"18,750.08",0.00847,0.00206,969.45752
253.5,8.46448,"18,749.45",0.00849,0.00247,969.42450
253.60001,8.46762,"18,748.15",0.00848,0.00251,969.35754
253.7,8.47105,"18,746.21",0.00851,0.0026,969.25696
253.8,8.47442,"18,744.93",0.00848,0.00271,969.19110
253.89999,8.47771,"18,745.23",0.00843,0.00286,969.20654
254,8.48107,"18,742.32",0.00855,0.003,969.05621
254.10001,8.48443,"18,742.00",0.0085,0.00288,969.03967
254.2,8.48764,"18,739.59",0.00854,0.00288,968.91473
254.3,8.49101,"18,737.61",0.00849,0.00306,968.81274
254.39999,8.49437,"18,738.16",0.00844,0.00324,968.84100
254.5,8.49781,"18,737.85",0.00844,0.00271,968.82513
254.60001,8.50102,"18,734.99",0.00848,0.00255,968.67688
254.7,8.50438,"18,734.38",0.00848,0.0024,968.64569
254.8,8.50782,"18,734.80",0.00857,0.00233,968.66711
254.89999,8.51096,"18,732.78",0.00857,0.00214,968.56281
255,8.5144,"18,731.70",0.00856,0.00217,968.50714
255.10001,8.51784,"18,731.78",0.00851,0.0025,968.51129
255.2,8.52098,"18,730.73",0.00846,0.0026,968.45679
255.3,8.52442,"18,729.66",0.00848,0.00269,968.40131
255.39999,8.52785,"18,730.42",0.00854,0.00276,968.44061
255.5,8.53107,"18,728.68",0.0085,0.00288,968.35083
255.60001,8.53436,"18,726.63",0.00845,0.00297,968.24457
255.7,8.53772,"18,727.46",0.00847,0.00287,968.28754
255.8,8.54116,"18,727.23",0.00848,0.00294,968.27570
255.89999,8.54437,"18,725.88",0.00853,0.00313,968.20624
256,8.54773,"18,724.67",0.00852,0.00308,968.14331
256.10001,8.55125,"18,725.83",0.00852,0.00256,968.20349
256.20001,8.55431,"18,724.76",0.00846,0.00242,968.14838
256.29999,8.55767,"18,724.16",0.00846,0.00227,968.11694
256.39999,8.56111,"18,723.96",0.00849,0.00214,968.10706
256.5,8.56425,"18,722.86",0.00857,0.00211,968.04968
256.60001,8.56776,"18,722.82",0.00851,0.00249,968.04767
256.70001,8.5712,"18,725.17",0.00845,0.00249,968.16956
256.79999,8.57441,"18,724.33",0.00844,0.00263,968.12592
256.89999,8.57778,"18,723.64",0.00848,0.00275,968.09021
257,8.58107,"18,724.57",0.00853,0.0029,968.13824
257.10001,8.58443,"18,724.61",0.00849,0.0029,968.14020
257.20001,8.58764,"18,723.47",0.00847,0.00289,968.08148
257.29999,8.59101,"18,722.67",0.00845,0.00292,968.04022
257.39999,8.59452,"18,725.26",0.00853,0.00311,968.17413
257.5,8.59766,"18,723.19",0.00858,0.00322,968.06714
257.60001,8.6011,"18,723.95",0.00849,0.00286,968.10626
257.70001,8.60453,"18,725.26",0.00844,0.00258,968.17413
257.79999,8.6076,"18,722.86",0.00852,0.00241,968.05011
257.89999,8.61111,"18,723.30",0.00859,0.00235,968.07251
258,8.61447,"18,724.22",0.00853,0.00218,968.12048
258.10001,8.61769,"18,723.76",0.00847,0.00217,968.09637
258.20001,8.62112,"18,722.68",0.00851,0.00247,968.04041
258.29999,8.62449,"18,723.08",0.00858,0.00257,968.06128
258.39999,8.6277,"18,724.01",0.00858,0.00263,968.10938
258.5,8.63092,"18,721.61",0.00855,0.00282,967.98505
258.60001,8.63435,"18,722.75",0.0086,0.00294,968.04443
258.70001,8.63779,"18,723.98",0.00859,0.00298,968.10785
258.79999,8.64093,"18,722.86",0.00861,0.0029,968.04987
258.89999,8.64444,"18,723.99",0.00856,0.00293,968.10834
259,8.64781,"18,726.01",0.00857,0.00321,968.21289
259.10001,8.65087,"18,723.24",0.00854,0.00321,968.06976
259.20001,8.65446,"18,725.45",0.00846,0.00271,968.18359
259.29999,8.65782,"18,727.01",0.00851,0.00249,968.26447
259.39999,8.66103,"18,726.30",0.00851,0.00237,968.22803
259.5,8.66447,"18,726.89",0.00856,0.00227,968.25812
259.60001,8.66784,"18,726.57",0.00852,0.00208,968.24164
259.70001,8.67112,"18,727.29",0.0085,0.00209,968.27911
259.79999,8.67434,"18,725.03",0.00856,0.00251,968.16187
259.89999,8.67778,"18,725.29",0.00856,0.00258,968.17554
260,8.68106,"18,725.26",0.00857,0.00264,968.17419
260.10001,8.68428,"18,723.74",0.0085,0.0028,968.09534
260.20001,8.68779,"18,725.63",0.00853,0.0029,968.19330
260.29999,8.69115,"18,726.08",0.00857,0.00305,968.21649
260.39999,8.69429,"18,723.49",0.00856,0.00289,968.08252
260.5,8.69781,"18,725.39",0.00859,0.00303,968.18097
260.60001,8.70109,"18,724.88",0.00856,0.00326,968.15454
260.70001,8.70431,"18,724.09",0.00851,0.00318,968.11340
260.79999,8.70774,"18,724.65",0.00852,0.00269,968.14258
260.89999,8.71111,"18,724.22",0.00851,0.00246,968.12006
261,8.7144,"18,725.14",0.0086,0.00238,968.16785
261.10001,8.71768,"18,723.83",0.00861,0.0023,968.10010
261.20001,8.72112,"18,725.92",0.00864,0.00211,968.20825
261.29999,8.72441,"18,726.10",0.00854,0.00217,968.21741
261.39999,8.72755,"18,722.72",0.00858,0.00258,968.04272
261.5,8.73114,"18,725.94",0.00851,0.00263,968.20905
261.60001,8.73443,"18,726.59",0.00854,0.00271,968.24298
261.70001,8.73771,"18,725.35",0.0086,0.00285,968.17883
261.79999,8.74115,"18,726.43",0.00859,0.00299,968.23468
261.89999,8.74444,"18,726.22",0.00856,0.00306,968.22388
262,8.74765,"18,726.38",0.00856,0.00291,968.23206
262.10001,8.75102,"18,727.47",0.00851,0.00306,968.28809
262.20001,8.75438,"18,727.43",0.00853,0.00331,968.28638
262.29999,8.75767,"18,726.99",0.00851,0.003,968.26367
262.39999,8.76103,"18,728.46",0.00852,0.00259,968.33923
262.5,8.76447,"18,730.25",0.00859,0.00249,968.43213
262.60001,8.76776,"18,732.07",0.00861,0.00231,968.52612
262.70001,8.77097,"18,729.38",0.00861,0.00222,968.38721
262.79999,8.77434,"18,731.27",0.00861,0.00208,968.48486
262.89999,8.7777,"18,732.79",0.0086,0.00247,968.56360
263,8.78106,"18,732.87",0.00859,0.00248,968.56732
263.10001,8.78442,"18,734.24",0.00859,0.00269,968.63855
263.20001,8.78779,"18,734.44",0.00857,0.0028,968.64880
263.29999,8.791,"18,735.37",0.00857,0.00285,968.69678
263.39999,8.79436,"18,735.75",0.00852,0.00303,968.71661
263.5,8.79773,"18,736.51",0.00862,0.00301,968.75555
263.60001,8.80094,"18,736.99",0.00857,0.00296,968.78070
263.70001,8.80438,"18,735.92",0.00859,0.00319,968.72516
263.79999,8.80782,"18,738.95",0.00854,0.00329,968.88177
263.89999,8.81103,"18,739.67",0.00852,0.00295,968.91919
264,8.81439,"18,738.00",0.00853,0.0026,968.83282
264.10001,8.81783,"18,739.72",0.00856,0.00245,968.92169
264.20001,8.82112,"18,740.10",0.00857,0.00237,968.94147
264.29999,8.82433,"18,739.07",0.00855,0.00221,968.88788
264.39999,8.8277,"18,740.09",0.00861,0.00206,968.94080
264.5,8.83113,"18,739.71",0.00857,0.00254,968.92126
264.60001,8.83435,"18,738.43",0.00854,0.00266,968.85516
264.70001,8.83771,"18,739.00",0.00858,0.00274,968.88464
264.79999,8.84122,"18,739.54",0.00856,0.00283,968.91248
264.89999,8.84429,"18,737.38",0.00859,0.00299,968.80042
265,8.84765,"18,736.22",0.00858,0.00306,968.74091
265.10001,8.85109,"18,737.99",0.0086,0.00304,968.83221
265.20001,8.8543,"18,738.24",0.00855,0.00309,968.84515
265.29999,8.85774,"18,736.42",0.00855,0.00332,968.75085
265.39999,8.8611,"18,737.22",0.00857,0.00319,968.79236
265.5,8.86439,"18,737.35",0.00859,0.00265,968.79907
265.60001,8.86768,"18,736.01",0.00855,0.00257,968.72961
265.70001,8.87105,"18,737.16",0.00853,0.00244,968.78918
265.79999,8.87441,"18,737.38",0.00852,0.00229,968.80072
265.89999,8.87762,"18,734.33",0.0086,0.0021,968.64276
266,8.88106,"18,735.75",0.00856,0.00216,968.71661
266.10001,8.88457,"18,737.03",0.00853,0.00254,968.78271
266.20001,8.88764,"18,734.45",0.00849,0.00266,968.64923
266.29999,8.89107,"18,733.04",0.00852,0.00274,968.57605
266.39999,8.89451,"18,733.00",0.00848,0.0029,968.57410
266.5,8.89765,"18,731.71",0.00853,0.003,968.50726
266.60001,8.90109,"18,731.74",0.00851,0.00304,968.50885
266.70001,8.90445,"18,731.94",0.00851,0.00295,968.51959
266.79999,8.90774,"18,731.68",0.00851,0.00312,968.50592
266.89999,8.91103,"18,730.35",0.00848,0.00331,968.43707
267,8.91439,"18,731.24",0.00852,0.00306,968.48334
267.10001,8.91776,"18,731.44",0.00854,0.00262,968.49359
267.20001,8.92089,"18,728.53",0.00854,0.00249,968.34314
267.29999,8.92441,"18,728.50",0.00857,0.00235,968.34155
267.39999,8.92784,"18,730.53",0.00849,0.00218,968.44653
267.5,8.93091,"18,727.80",0.00852,0.00211,968.30548
267.60001,8.9345,"18,727.87",0.00851,0.00238,968.30872
267.70001,8.93786,"18,727.01",0.00858,0.00258,968.26471
267.79999,8.94092,"18,725.87",0.00855,0.00271,968.20563
267.89999,8.94444,"18,724.86",0.00847,0.00281,968.15320
268,8.9478,"18,725.48",0.00849,0.00296,968.18524
268.10001,8.95101,"18,723.60",0.0085,0.00306,968.08795
268.20001,8.95445,"18,723.63",0.0086,0.00306,968.08997
268.29999,8.95781,"18,724.23",0.00857,0.00307,968.12097
268.39999,8.9611,"18,723.46",0.00857,0.00326,968.08069
268.5,8.96432,"18,720.29",0.0085,0.00322,967.91711
268.60001,8.96775,"18,720.51",0.00853,0.0029,967.92841
268.70001,8.97119,"18,721.97",0.00851,0.00254,968.00385
268.79999,8.97426,"18,719.20",0.00858,0.00245,967.86084
268.89999,8.97784,"18,719.86",0.00855,0.0023,967.89459
269,8.98113,"18,718.77",0.00854,0.00215,967.83832
269.10001,8.98427,"18,716.42",0.00851,0.00205,967.71686
269.20001,8.98778,"18,717.61",0.0086,0.00257,967.77832
269.29999,8.99107,"18,716.16",0.00863,0.00262,967.70349
269.39999,8.99429,"18,715.17",0.00856,0.00273,967.65253
269.5,8.99772,"18,713.77",0.00852,0.00286,967.58002
269.60001,9.00109,"18,714.04",0.00847,0.00295,967.59393
269.70001,9.00445,"18,715.15",0.00849,0.00309,967.65112
269.79999,9.00766,"18,712.85",0.00849,0.00292,967.53235
269.89999,9.0111,"18,711.63",0.00853,0.0032,967.46936
270,9.01439,"18,713.18",0.00849,0.00326,967.54919
270.10001,9.0176,"18,709.92",0.0085,0.00309,967.38098
270.20001,9.02112,"18,711.79",0.00845,0.0027,967.47772
270.29999,9.02448,"18,711.26",0.00854,0.00253,967.45007
270.39999,9.02769,"18,708.35",0.00856,0.00233,967.29950
270.5,9.03113,"18,709.83",0.00853,0.00224,967.37610
270.60001,9.03442,"18,708.52",0.00851,0.00214,967.30859
270.70001,9.03771,"18,707.05",0.00851,0.00249,967.23254
270.79999,9.04107,"18,705.43",0.00852,0.00253,967.14850
270.89999,9.04443,"18,705.57",0.0085,0.0027,967.15588
271,9.04772,"18,705.96",0.00854,0.0028,967.17609
271.10001,9.05109,"18,704.48",0.00853,0.00289,967.09955
271.20001,9.05445,"18,704.20",0.00859,0.00295,967.08496
271.29999,9.05774,"18,703.75",0.00849,0.00299,967.06183
271.39999,9.06095,"18,702.10",0.00851,0.00301,966.97675
271.5,9.06439,"18,701.98",0.00854,0.00329,966.97058
271.60001,9.06775,"18,701.61",0.00857,0.00321,966.95117
271.70001,9.07097,"18,699.53",0.00854,0.00291,966.84363
271.79999,9.07448,"18,701.50",0.00853,0.00262,966.94531
271.89999,9.07777,"18,699.86",0.00853,0.00242,966.86047
272,9.08106,"18,699.45",0.0086,0.00231,966.83972
272.10001,9.08434,"18,697.12",0.00858,0.00217,966.71924
272.20001,9.08771,"18,696.29",0.00855,0.0021,966.67603
272.29999,9.091,"18,697.75",0.00849,0.0025,966.75153
272.39999,9.09436,"18,695.82",0.00849,0.0026,966.65173
272.5,9.0978,"18,695.60",0.00849,0.00273,966.64026
272.60001,9.10109,"18,694.69",0.0085,0.0028,966.59326
272.70001,9.10437,"18,692.84",0.00848,0.0029,966.49774
272.79999,9.10781,"18,693.51",0.00846,0.00304,966.53217
272.89999,9.1111,"18,693.13",0.00846,0.00292,966.51270
273,9.11431,"18,690.77",0.00851,0.00304,966.39081
273.10001,9.11775,"18,691.32",0.00855,0.00339,966.41907
273.20001,9.12119,"18,691.59",0.00859,0.0032,966.43304
273.29999,9.1244,"18,690.92",0.00852,0.00272,966.39832
273.39999,9.12777,"18,688.98",0.00852,0.00253,966.29840
273.5,9.13113,"18,687.62",0.00859,0.00238,966.22784
273.60001,9.13434,"18,687.92",0.00859,0.00226,966.24329
273.70001,9.13771,"18,686.49",0.0086,0.00212,966.16956
273.79999,9.14114,"18,687.65",0.0086,0.00226,966.22937
273.89999,9.14443,"18,687.42",0.00855,0.00253,966.21753
274,9.14772,"18,684.90",0.00859,0.00267,966.08704
274.10001,9.15116,"18,685.15",0.0086,0.0027,966.10016
274.20001,9.15445,"18,685.30",0.0086,0.00291,966.10785
274.29999,9.15759,"18,682.21",0.00848,0.00297,965.94843
274.39999,9.16102,"18,682.56",0.00854,0.00299,965.96625
274.5,9.16446,"18,682.83",0.00854,0.00291,965.98041
274.60001,9.16768,"18,681.08",0.00851,0.00313,965.88995
274.70001,9.17111,"18,680.25",0.00848,0.00321,965.84698
274.79999,9.17455,"18,680.28",0.00848,0.00288,965.84814
274.89999,9.17769,"18,679.60",0.00856,0.00257,965.81329
275,9.18105,"18,677.59",0.00859,0.00244,965.70917
275.10001,9.18449,"18,678.09",0.00853,0.0023,965.73505
275.20001,9.18771,"18,677.54",0.00852,0.00209,965.70642
275.29999,9.19107,"18,676.04",0.00852,0.00213,965.62897
275.39999,9.19451,"18,677.73",0.00851,0.00255,965.71674
275.5,9.19779,"18,677.65",0.00859,0.00257,965.71222
275.60001,9.20101,"18,675.11",0.00858,0.00271,965.58099
275.70001,9.20437,"18,675.47",0.00854,0.00284,965.59961
275.79999,9.20781,"18,675.67",0.00853,0.00293,965.61011
275.89999,9.21095,"18,674.00",0.00852,0.00302,965.52386
276,9.21439,"18,674.17",0.0085,0.00289,965.53253
276.10001,9.2179,"18,675.34",0.00854,0.00297,965.59302
276.20001,9.22096,"18,673.74",0.00853,0.00336,965.51001
276.29999,9.2244,"18,673.41",0.00849,0.00305,965.49304
276.39999,9.22784,"18,673.75",0.00852,0.00277,965.51074
276.5,9.23098,"18,672.86",0.00852,0.00255,965.46460
276.60001,9.23442,"18,672.47",0.00858,0.0024,965.44446
276.70001,9.23778,"18,672.12",0.00861,0.00225,965.42651
276.79999,9.24107,"18,672.13",0.00859,0.0022,965.42694
276.89999,9.24443,"18,670.53",0.0086,0.00235,965.34442
277,9.24779,"18,669.89",0.00855,0.00258,965.31110
277.10001,9.25116,"18,670.06",0.00863,0.00262,965.32019
277.20001,9.2543,"18,667.87",0.00853,0.00281,965.20654
277.29999,9.25773,"18,668.54",0.00858,0.00291,965.24121
277.39999,9.26125,"18,669.44",0.00856,0.00299,965.28809
277.5,9.26431,"18,665.26",0.00859,0.00311,965.07166
277.60001,9.26782,"18,665.79",0.00851,0.00292,965.09900
277.70001,9.27119,"18,665.60",0.00857,0.00317,965.08954
277.79999,9.27425,"18,663.57",0.00856,0.0033,964.98431
277.89999,9.27776,"18,662.79",0.00854,0.00287,964.94379
278,9.28105,"18,661.63",0.00848,0.00261,964.88385
278.10001,9.28441,"18,661.49",0.0085,0.00247,964.87708
278.20001,9.2877,"18,659.74",0.00855,0.00235,964.78638
278.29999,9.29114,"18,659.71",0.00854,0.00219,964.78497
278.39999,9.2945,"18,658.41",0.00855,0.00209,964.71741
278.5,9.29764,"18,655.86",0.00857,0.00259,964.58569
278.60001,9.30101,"18,656.10",0.00857,0.00253,964.59802
278.70001,9.30444,"18,656.20",0.00858,0.00271,964.60339
278.79999,9.30758,"18,653.38",0.00855,0.00285,964.45728
278.89999,9.31117,"18,654.39",0.0085,0.00299,964.50989
279,9.31453,"18,655.55",0.00859,0.00311,964.56995
279.10001,9.31767,"18,653.00",0.00854,0.00305,964.43787
279.20001,9.32119,"18,653.65",0.00845,0.00305,964.47150
279.29999,9.3244,"18,652.06",0.0085,0.00326,964.38922
279.39999,9.32769,"18,651.62",0.00854,0.00328,964.36639
279.5,9.33105,"18,651.79",0.00855,0.00276,964.37555
279.60001,9.33441,"18,651.38",0.00849,0.00255,964.35413
279.70001,9.33778,"18,650.92",0.00849,0.00246,964.33051
279.79999,9.34099,"18,649.19",0.00852,0.00232,964.24066
279.89999,9.34443,"18,649.92",0.00857,0.00218,964.27863
280,9.34779,"18,649.24",0.00861,0.00227,964.24335
280.10001,9.35093,"18,647.82",0.00859,0.00258,964.16986
280.20001,9.35444,"18,646.70",0.00854,0.00273,964.11230
280.29999,9.35781,"18,646.97",0.00857,0.00278,964.12592
280.39999,9.36102,"18,646.44",0.0086,0.00291,964.09869
280.5,9.36446,"18,645.87",0.00856,0.00301,964.06940
280.60001,9.36775,"18,643.67",0.00857,0.00304,963.95538
280.70001,9.37103,"18,643.40",0.00859,0.00295,963.94153
280.79999,9.37432,"18,643.18",0.00859,0.00328,963.92993
280.89999,9.37776,"18,643.48",0.00858,0.00335,963.94550
281,9.38112,"18,643.24",0.00858,0.00303,963.93317
281.10001,9.38434,"18,640.73",0.00856,0.00263,963.80347
281.20001,9.38778,"18,642.09",0.00853,0.00249,963.87366
281.29999,9.39114,"18,642.00",0.00857,0.00236,963.86890
281.39999,9.39428,"18,638.91",0.00854,0.00224,963.70959
281.5,9.39779,"18,639.84",0.00859,0.00218,963.75745
281.60001,9.40108,"18,639.42",0.00856,0.00255,963.73590
281.70001,9.40437,"18,638.47",0.0085,0.00253,963.68683
281.79999,9.40781,"18,638.72",0.00855,0.00272,963.69934
281.89999,9.41117,"18,638.74",0.00859,0.00289,963.70081
282,9.41438,"18,636.79",0.00857,0.00291,963.59991
282.10001,9.41767,"18,635.89",0.00848,0.00306,963.55322
282.20001,9.42111,"18,635.30",0.00847,0.00297,963.52277
282.29999,9.4244,"18,635.41",0.00851,0.00304,963.52850
282.39999,9.42769,"18,632.67",0.00857,0.00329,963.38672
282.5,9.43112,"18,632.96",0.00858,0.00324,963.40149
282.60001,9.43441,"18,633.83",0.00857,0.00279,963.44690
282.70001,9.4377,"18,630.64",0.00854,0.00261,963.28162
282.79999,9.44114,"18,631.18",0.00858,0.0025,963.30988
282.89999,9.44443,"18,629.95",0.00863,0.00233,963.24603
283,9.44764,"18,629.07",0.00861,0.00217,963.20038
283.10001,9.45108,"18,629.50",0.00862,0.00214,963.22260
283.20001,9.45452,"18,630.19",0.00858,0.00251,963.25867
283.29999,9.45765,"18,628.65",0.00856,0.00268,963.17902
283.39999,9.46109,"18,627.66",0.00858,0.00279,963.12781
283.5,9.46446,"18,628.96",0.00859,0.00289,963.19507
283.60001,9.46767,"18,628.44",0.00856,0.0029,963.16809
283.70001,9.47103,"18,627.38",0.00853,0.00312,963.11316
283.79999,9.47447,"18,628.44",0.00853,0.00293,963.16779
283.89999,9.47768,"18,628.93",0.00852,0.00302,963.19312
284,9.48105,"18,627.64",0.00857,0.00332,963.12659
284.10001,9.48449,"18,629.47",0.00854,0.00311,963.22113
284.20001,9.48777,"18,628.99",0.0085,0.00264,963.19629
284.29999,9.49091,"18,627.63",0.00852,0.00256,963.12585
284.39999,9.49435,"18,629.10",0.00851,0.00235,963.20190
284.5,9.49779,"18,630.15",0.00858,0.00224,963.25635
284.60001,9.501,"18,629.71",0.00854,0.00208,963.23370
284.70001,9.50437,"18,628.12",0.00853,0.00239,963.15155
284.79999,9.50788,"18,630.22",0.00859,0.00255,963.26019
284.89999,9.51094,"18,628.52",0.00859,0.00267,963.17212
285,9.51438,"18,628.40",0.00851,0.00277,963.16620
285.10001,9.51774,"18,628.64",0.00855,0.0029,963.17816
285.20001,9.52096,"18,627.95",0.00854,0.00299,963.14276
285.29999,9.52439,"18,628.01",0.00858,0.00311,963.14600
285.39999,9.52783,"18,630.40",0.00857,0.00299,963.26947
285.5,9.53112,"18,630.31",0.00858,0.00322,963.26453
285.60001,9.53434,"18,629.04",0.00853,0.00335,963.19910
285.70001,9.5377,"18,629.84",0.00854,0.00287,963.24048
285.79999,9.54114,"18,631.55",0.00857,0.00262,963.32898
285.89999,9.54427,"18,631.29",0.00861,0.00243,963.31561
286,9.54779,"18,631.90",0.00861,0.00234,963.34711
286.10001,9.55123,"18,632.88",0.00856,0.00214,963.39752
286.20001,9.55437,"18,632.74",0.00858,0.00215,963.39044
286.29999,9.5578,"18,633.99",0.00861,0.00249,963.45490
286.39999,9.56116,"18,634.70",0.00861,0.00259,963.49164
286.5,9.56423,"18,633.40",0.00856,0.00265,963.42438
286.60001,9.56774,"18,634.68",0.00849,0.00271,963.49084
286.70001,9.57111,"18,636.74",0.00853,0.00289,963.59705
286.79999,9.57439,"18,637.23",0.00856,0.003,963.62231
286.89999,9.57768,"18,635.98",0.00856,0.00305,963.55768
287,9.58105,"18,636.20",0.00853,0.00293,963.56921
287.10001,9.58448,"18,638.65",0.00848,0.0034,963.69592
287.20001,9.58762,"18,637.43",0.00846,0.00326,963.63300
287.29999,9.59106,"18,638.50",0.00851,0.00286,963.68799
287.39999,9.5945,"18,639.27",0.00859,0.00258,963.72803
287.5,9.59764,"18,639.00",0.00858,0.00245,963.71399
287.60001,9.60115,"18,640.70",0.00853,0.00238,963.80188
287.70001,9.60451,"18,642.02",0.00858,0.00218,963.86993
287.79999,9.60765,"18,640.51",0.00857,0.00213,963.79218
287.89999,9.61109,"18,640.66",0.00862,0.00239,963.79962
288,9.61445,"18,641.83",0.00858,0.00266,963.86053
288.10001,9.61774,"18,642.92",0.00856,0.00268,963.91687
288.20001,9.6211,"18,642.19",0.00859,0.00285,963.87891
288.29999,9.62447,"18,643.05",0.00859,0.00291,963.92346
288.39999,9.62783,"18,644.95",0.00858,0.00309,964.02161
288.5,9.63097,"18,643.11",0.0086,0.00318,963.92657
288.60001,9.63441,"18,644.67",0.00861,0.00294,964.00739
288.70001,9.63777,"18,644.51",0.00855,0.00339,963.99872
288.79999,9.64091,"18,643.48",0.00854,0.00324,963.94568
288.89999,9.6445,"18,646.54",0.00857,0.00266,964.10364
289,9.64786,"18,647.24",0.00861,0.00259,964.14026
289.10001,9.651,"18,645.94",0.00864,0.00246,964.07294
289.20001,9.65444,"18,646.01",0.00858,0.00231,964.07648
289.29999,9.65773,"18,645.67",0.00858,0.00214,964.05896
289.39999,9.66101,"18,645.89",0.00862,0.00218,964.07031
289.5,9.66438,"18,646.20",0.00862,0.00258,964.08624
289.60001,9.66774,"18,645.74",0.00862,0.00262,964.06232
289.70001,9.6711,"18,647.11",0.00856,0.00278,964.13348
289.79999,9.67432,"18,645.64",0.00859,0.00288,964.05756
289.89999,9.67775,"18,647.19",0.00859,0.00299,964.13727
290,9.68112,"18,648.20",0.00857,0.00305,964.18964
290.10001,9.68426,"18,644.46",0.00858,0.00308,963.99658
290.20001,9.68777,"18,648.39",0.00862,0.00314,964.19934
290.29999,9.69113,"18,648.66",0.00858,0.00334,964.21326
290.39999,9.69435,"18,647.45",0.00856,0.00303,964.15070
290.5,9.69778,"18,648.65",0.00861,0.00269,964.21320
290.60001,9.70115,"18,648.73",0.00863,0.00251,964.21704
290.70001,9.70436,"18,649.07",0.00864,0.00241,964.23480
290.79999,9.70772,"18,648.04",0.00865,0.0023,964.18115
290.89999,9.71109,"18,647.43",0.00863,0.00218,964.14984
291,9.71438,"18,649.40",0.00858,0.00245,964.25153
291.10001,9.71766,"18,647.21",0.00856,0.00261,964.13855
291.20001,9.7211,"18,649.02",0.00858,0.00273,964.23187
291.29999,9.72447,"18,650.07",0.00862,0.00283,964.28632
291.39999,9.72753,"18,646.61",0.00856,0.00294,964.10742
291.5,9.73112,"18,648.87",0.00848,0.00302,964.22418
291.60001,9.73441,"18,649.10",0.0085,0.00312,964.23639
291.70001,9.73762,"18,646.85",0.00861,0.003,964.12006
291.79999,9.74113,"18,647.14",0.00858,0.00312,964.13470
291.89999,9.7445,"18,646.27",0.00857,0.00332,964.08978
292,9.74771,"18,645.99",0.00854,0.00305,964.07532
292.10001,9.75107,"18,644.11",0.00856,0.00275,963.97809
292.20001,9.75444,"18,643.87",0.00857,0.00258,963.96588
292.29999,9.75772,"18,643.20",0.00869,0.00249,963.93091
292.39999,9.76101,"18,641.04",0.00866,0.00229,963.81934
292.5,9.76452,"18,642.21",0.00861,0.0022,963.88013
292.60001,9.76774,"18,641.54",0.00853,0.00255,963.84509
292.70001,9.77103,"18,637.77",0.00859,0.00264,963.65021
292.79999,9.77446,"18,638.23",0.00861,0.00268,963.67413
292.89999,9.77783,"18,637.63",0.0086,0.0028,963.64294
293,9.78097,"18,634.02",0.0086,0.00298,963.45642
293.10001,9.7844,"18,634.41",0.00855,0.00306,963.47693
293.20001,9.78784,"18,632.49",0.00856,0.0031,963.37744
293.29999,9.79106,"18,631.34",0.00862,0.00303,963.31793
293.39999,9.79442,"18,629.73",0.00857,0.00341,963.23462
293.5,9.79786,"18,629.55",0.00852,0.00313,963.22534
293.60001,9.801,"18,627.52",0.00857,0.00279,963.12024
293.70001,9.80436,"18,624.87",0.00862,0.00264,962.98328
293.79999,9.8078,"18,626.28",0.00863,0.00255,963.05652
293.89999,9.81101,"18,625.37",0.0086,0.00237,963.00916
294,9.81437,"18,623.35",0.00856,0.00216,962.90485
294.10001,9.81781,"18,622.61",0.0086,0.00238,962.86633
294.20001,9.8211,"18,622.10",0.00863,0.00257,962.84039
294.29999,9.82431,"18,619.68",0.00865,0.0027,962.71484
294.39999,9.82775,"18,619.67",0.00858,0.00279,962.71436
294.5,9.83111,"18,619.17",0.00855,0.00292,962.68872
294.60001,9.83433,"18,616.66",0.00855,0.00309,962.55914
294.70001,9.83777,"18,615.88",0.00853,0.00316,962.51886
294.79999,9.8412,"18,616.31",0.0086,0.00307,962.54089
294.89999,9.84434,"18,613.15",0.0086,0.00318,962.37726
295,9.84771,"18,610.54",0.00859,0.00334,962.24255
295.10001,9.85114,"18,611.14",0.00857,0.00286,962.27344
295.20001,9.85428,"18,609.23",0.00854,0.00256,962.17462
295.29999,9.85772,"18,606.89",0.00865,0.00249,962.05383
295.39999,9.86116,"18,605.97",0.00863,0.00243,962.00604
295.5,9.86445,"18,604.45",0.00859,0.00228,961.92761
295.60001,9.86774,"18,601.20",0.00857,0.00227,961.75958
295.70001,9.87102,"18,600.79",0.00857,0.00255,961.73846
295.79999,9.87446,"18,599.35",0.00865,0.00266,961.66400
295.89999,9.8776,"18,595.27",0.00861,0.00276,961.45276
296,9.88111,"18,595.65",0.0086,0.00288,961.47284
296.10001,9.88455,"18,595.59",0.00856,0.00293,961.46960
296.20001,9.88762,"18,591.07",0.00861,0.00308,961.23596
296.29999,9.89113,"18,589.08",0.00858,0.00314,961.13306
296.39999,9.89449,"18,589.08",0.00854,0.00307,961.13287
296.5,9.89763,"18,586.79",0.0086,0.00325,961.01440
296.60001,9.90107,"18,585.66",0.00862,0.00319,960.95593
296.70001,9.90443,"18,585.57",0.00857,0.0027,960.95129
296.79999,9.90779,"18,584.02",0.00855,0.00252,960.87109
296.89999,9.91108,"18,582.17",0.00863,0.00239,960.77557
297,9.91445,"18,582.85",0.00861,0.00228,960.81061
297.10001,9.91781,"18,582.89",0.00867,0.00222,960.81293
297.20001,9.92095,"18,578.88",0.00866,0.00245,960.60529
297.29999,9.92439,"18,578.23",0.00863,0.00246,960.57196
297.39999,9.92782,"18,578.40",0.00862,0.00266,960.58057
297.5,9.93096,"18,576.60",0.00859,0.00274,960.48767
297.60001,9.93448,"18,577.05",0.00862,0.00293,960.51086
297.70001,9.93784,"18,575.41",0.00859,0.00302,960.42603
297.79999,9.94098,"18,574.56",0.00861,0.00318,960.38220
297.89999,9.94442,"18,573.25",0.00856,0.00303,960.31458
298,9.9477,"18,573.23",0.00857,0.00343,960.31366
298.10001,9.95099,"18,572.90",0.0086,0.00326,960.29620
298.20001,9.95436,"18,571.77",0.00858,0.00276,960.23779
298.29999,9.95772,"18,572.19",0.00863,0.00256,960.25952
298.39999,9.96116,"18,573.40",0.00862,0.00252,960.32233
298.5,9.9643,"18,571.02",0.00863,0.00235,960.19922
298.60001,9.96773,"18,569.88",0.00863,0.00216,960.14008
298.70001,9.97117,"18,572.47",0.00861,0.00215,960.27399
298.79999,9.97424,"18,570.74",0.00862,0.00254,960.18481
298.89999,9.97782,"18,572.46",0.00864,0.00261,960.27368
299,9.98119,"18,571.11",0.0086,0.00263,960.20398
299.10001,9.98433,"18,571.03",0.00861,0.00283,960.19983
299.20001,9.98776,"18,571.79",0.00859,0.00298,960.23871
299.29999,9.99105,"18,572.04",0.00856,0.00307,960.25208
299.39999,9.99441,"18,571.91",0.0086,0.0031,960.24512
299.5,9.99763,"18,570.25",0.0086,0.00309,960.15924
299.60001,10.00107,"18,570.50",0.00857,0.00339,960.17206
299.70001,10.00443,"18,573.42",0.00859,0.00307,960.32336
299.79999,10.00764,"18,570.92",0.00863,0.0027,960.19397
299.89999,10.01108,"18,572.21",0.00863,0.00246,960.26062
300,10.01444,"18,572.08",0.00862,0.00238,960.25378
300.10001,10.01758,"18,570.02",0.00867,0.00228,960.14764
300.20001,10.0211,"18,571.26",0.00863,0.00213,960.21179
300.29999,10.02453,"18,571.56",0.0086,0.0021,960.22723
300.39999,10.02767,"18,569.50",0.00864,0.00248,960.12048
300.5,10.03119,"18,571.15",0.00863,0.00259,960.20569
300.60001,10.03455,"18,570.68",0.0086,0.00264,960.18158
300.70001,10.03769,"18,570.23",0.00858,0.00286,960.15833
300.79999,10.04098,"18,567.80",0.00857,0.00297,960.03284
300.89999,10.04441,"18,568.05",0.00858,0.00302,960.04572
301,10.04778,"18,569.00",0.00857,0.00303,960.09491
301.10001,10.05099,"18,566.22",0.00855,0.00314,959.95105
301.20001,10.0545,"18,567.90",0.0086,0.00333,960.03796
301.29999,10.05779,"18,566.82",0.00861,0.003,959.98199
301.39999,10.06093,"18,563.96",0.00859,0.00259,959.83386
301.5,10.06444,"18,566.04",0.00862,0.00245,959.94153
301.60001,10.06781,"18,566.23",0.00865,0.00239,959.95142
301.70001,10.07095,"18,563.21",0.00862,0.00226,959.79529
301.79999,10.07446,"18,564.04",0.00862,0.00215,959.83801
301.89999,10.07782,"18,564.28",0.00859,0.0025,959.85052
302,10.08103,"18,563.60",0.00863,0.00255,959.81549
302.10001,10.08432,"18,562.04",0.00861,0.00263,959.73474
302.20001,10.08776,"18,560.68",0.00859,0.00274,959.66455
302.29999,10.09097,"18,561.38",0.00855,0.00281,959.70087
302.39999,10.09426,"18,559.22",0.00851,0.00298,959.58899
302.5,10.09785,"18,561.06",0.00859,0.00302,959.68402
302.60001,10.10106,"18,558.97",0.00857,0.00293,959.57629
302.70001,10.10435,"18,556.89",0.0086,0.00331,959.46863
302.79999,10.10779,"18,558.40",0.00857,0.00322,959.54645
302.89999,10.11108,"18,558.12",0.00857,0.0027,959.53204
303,10.11429,"18,555.65",0.00861,0.00255,959.40430
303.10001,10.11773,"18,555.30",0.00861,0.00237,959.38623
303.20001,10.12117,"18,555.62",0.00862,0.00229,959.40265
303.29999,10.12438,"18,554.16",0.00863,0.00218,959.32751
303.39999,10.12775,"18,554.12",0.00864,0.00215,959.32532
303.5,10.13118,"18,553.66",0.00862,0.00253,959.30170
303.60001,10.13432,"18,551.76",0.00864,0.00253,959.20343
303.70001,10.13768,"18,550.68",0.0086,0.00268,959.14746
303.79999,10.14112,"18,551.65",0.00861,0.00276,959.19788
303.89999,10.14441,"18,550.86",0.00859,0.00288,959.15656
304,10.1477,"18,548.40",0.00861,0.00295,959.02972
304.10001,10.15114,"18,549.67",0.00859,0.0031,959.09546
304.20001,10.15443,"18,549.52",0.00862,0.0029,959.08759
304.29999,10.15764,"18,546.97",0.00859,0.00331,958.95569
304.39999,10.161,"18,546.84",0.00859,0.00311,958.94916
304.5,10.16444,"18,546.56",0.00863,0.00261,958.93433
304.60001,10.16758,"18,544.80",0.00862,0.0025,958.84375
304.70001,10.17109,"18,545.72",0.00865,0.00235,958.89099
304.79999,10.17453,"18,545.33",0.00866,0.00224,958.87097
304.89999,10.1776,"18,542.95",0.00865,0.00219,958.74786
305,10.18111,"18,543.06",0.00865,0.00226,958.75354
305.10001,10.18447,"18,542.17",0.00864,0.00253,958.70758
305.20001,10.18768,"18,542.34",0.00861,0.0026,958.71606
305.29999,10.19105,"18,540.28",0.0086,0.00271,958.60974
305.39999,10.19441,"18,539.49",0.0086,0.00283,958.56915
305.5,10.19777,"18,540.56",0.00857,0.00295,958.62451
305.60001,10.20106,"18,537.02",0.00859,0.00305,958.44128
305.70001,10.20435,"18,536.43",0.00859,0.00291,958.41052
305.79999,10.20779,"18,535.23",0.0086,0.0034,958.34851
305.89999,10.21093,"18,533.53",0.00862,0.00322,958.26093
306,10.21437,"18,533.35",0.00864,0.00274,958.25146
306.10001,10.2178,"18,533.57",0.00864,0.00252,958.26288
306.20001,10.22102,"18,530.94",0.00864,0.00246,958.12671
306.29999,10.22445,"18,529.92",0.00863,0.00231,958.07422
306.39999,10.22782,"18,528.89",0.00862,0.00214,958.02087
306.5,10.23103,"18,527.51",0.00865,0.00209,957.94971
306.60001,10.2344,"18,525.57",0.00865,0.00235,957.84912
306.70001,10.23768,"18,523.62",0.00865,0.00258,957.74823
306.79999,10.24105,"18,525.06",0.00864,0.00267,957.82269
306.89999,10.24434,"18,523.02",0.00863,0.00266,957.71716
307,10.2477,"18,523.21",0.00862,0.00287,957.72711
307.10001,10.25114,"18,523.04",0.00862,0.00296,957.71857
307.20001,10.25428,"18,519.70",0.00861,0.00309,957.54565
307.29999,10.25771,"18,521.31",0.00859,0.00294,957.62909
307.39999,10.26115,"18,521.87",0.0086,0.00325,957.65808
307.5,10.26429,"18,519.34",0.00862,0.00315,957.52710
307.60001,10.2678,"18,519.60",0.00862,0.00267,957.54034
307.70001,10.27117,"18,520.39",0.00862,0.00246,957.58142
307.79999,10.27438,"18,518.61",0.00864,0.00242,957.48920
307.89999,10.27774,"18,516.68",0.00863,0.00229,957.38947
308,10.28103,"18,515.48",0.00865,0.00212,957.32764
308.10001,10.28439,"18,516.10",0.00864,0.0024,957.35974
308.20001,10.28768,"18,515.00",0.00866,0.00251,957.30261
308.29999,10.29105,"18,514.46",0.00861,0.00257,957.27460
308.39999,10.29448,"18,516.06",0.00863,0.00275,957.35754
308.5,10.29762,"18,512.18",0.00861,0.00281,957.15668
308.60001,10.30106,"18,513.98",0.00859,0.00297,957.25000
308.70001,10.3045,"18,514.41",0.00857,0.003,957.27197
308.79999,10.30756,"18,511.69",0.00858,0.00292,957.13153
308.89999,10.31107,"18,512.47",0.00861,0.00326,957.17194
309,10.31444,"18,512.88",0.00859,0.0032,957.19293
309.10001,10.31765,"18,512.15",0.00858,0.00281,957.15515
309.20001,10.32109,"18,512.48",0.00861,0.00256,957.17255
309.29999,10.32445,"18,512.14",0.00862,0.0024,957.15466
309.39999,10.32774,"18,511.43",0.00862,0.00234,957.11829
309.5,10.33096,"18,510.30",0.00863,0.00212,957.05975
309.60001,10.33439,"18,512.03",0.00864,0.00217,957.14899
309.70001,10.33783,"18,512.40",0.00864,0.00245,957.16809
309.79999,10.34097,"18,510.38",0.00864,0.00254,957.06409
309.89999,10.34448,"18,512.86",0.00864,0.00263,957.19220
310,10.34785,"18,513.83",0.00865,0.0027,957.24243
310.10001,10.35091,"18,511.72",0.00858,0.00286,957.13312
310.20001,10.35442,"18,513.20",0.0086,0.00297,957.20972
310.29999,10.35786,"18,512.72",0.00862,0.00303,957.18488
310.39999,10.361,"18,513.12",0.00859,0.00288,957.20563
310.5,10.36444,"18,513.02",0.0086,0.00334,957.20050
310.60001,10.36788,"18,513.20",0.00861,0.0031,957.20941
310.70001,10.37101,"18,511.87",0.00862,0.00269,957.14093
310.79999,10.3743,"18,510.95",0.00861,0.00256,957.09344
310.89999,10.37774,"18,512.17",0.00865,0.00241,957.15619
311,10.38103,"18,513.14",0.00864,0.00226,957.20679
311.10001,10.38432,"18,510.71",0.00863,0.00226,957.08112
311.20001,10.38783,"18,513.17",0.00863,0.00233,957.20819
311.29999,10.39112,"18,513.99",0.00864,0.00249,957.25061
311.39999,10.39433,"18,512.17",0.00864,0.0025,957.15637
311.5,10.39777,"18,513.73",0.00863,0.00267,957.23718
311.60001,10.40106,"18,513.47",0.00865,0.00285,957.22351
311.70001,10.40427,"18,512.39",0.0086,0.00288,957.16797
311.79999,10.40779,"18,514.94",0.0086,0.00298,957.29956
311.89999,10.41122,"18,515.64",0.00856,0.00303,957.33594
312,10.41436,"18,514.47",0.00858,0.00306,957.27545
312.10001,10.41772,"18,515.00",0.00863,0.00328,957.30267
312.20001,10.42116,"18,515.91",0.00857,0.0031,957.34973
312.29999,10.42438,"18,515.78",0.00862,0.00267,957.34308
312.39999,10.42766,"18,512.74",0.00862,0.00247,957.18573
312.5,10.4311,"18,514.39",0.00861,0.0023,957.27100
312.60001,10.43447,"18,515.93",0.00861,0.00225,957.35095
312.70001,10.43768,"18,513.71",0.00865,0.00217,957.23602
312.79999,10.44112,"18,516.54",0.00864,0.00227,957.38245
312.89999,10.44448,"18,515.09",0.00862,0.00244,957.30725
313,10.44762,"18,513.66",0.00861,0.00259,957.23322
313.10001,10.45106,"18,514.93",0.00864,0.00271,957.29889
313.20001,10.45442,"18,515.37",0.00863,0.00277,957.32166
313.29999,10.45763,"18,514.62",0.0086,0.00293,957.28302
313.39999,10.46107,"18,514.95",0.00856,0.00299,957.30005
313.5,10.46451,"18,515.81",0.00858,0.00299,957.34479
313.57199,10.46683,"18,517.04",0.00858,0.00344,957.40845
