Modulus (Segment 0.001 mm/mm - 0.008 mm/mm) : Modulus (Segment 0.001 mm/mm - 0.008 mm/mm),"120,041.47",MPa,,,
Poisson's ratio (Least squares fit) : Poisson's ratio (Least squares fit),0.55524,,,,
Specimen properties : Gauge length,15.14,mm,,,
Specimen properties : Gauge length transverse,5.017,mm,,,
Specimen properties : Thickness,1.26,mm,,,
Specimen properties : Width,15.13,mm,,,
,,,,,
Time,Extension,Load,Video axial strain,Video transverse strain,Calculated Stress
(s),(mm),(N),(mm/mm),(mm/mm),(MPa)
0,0.01375,31.96479,0.00001,-0.00003,1.67673
0.1,0.01457,33.49173,0.00001,0.00012,1.75682
0.2,0.01876,62.60574,0.00002,0.00024,3.28401
0.3,0.02332,112.47052,0.00001,0.00034,5.89969
0.4,0.02705,147.94685,0.00002,0.00036,7.76062
0.5,0.03049,182.53285,0.00003,0.00041,9.57484
0.6,0.03378,215.50772,0.00005,0.00035,11.30455
0.7,0.03714,246.96986,0.00006,0.00031,12.95491
0.8,0.04043,279.32233,0.00007,0.00031,14.65198
0.9,0.0438,311.33621,0.00007,0.00038,16.33128
1,0.04701,342.27396,0.00009,-0.00016,17.95413
1.1,0.05045,375.34421,0.00009,-0.00018,19.68884
1.2,0.05389,409.02594,0.00009,-0.00025,21.45564
1.3,0.05702,438.91663,0.00012,-0.00024,23.02357
1.4,0.06054,472.87991,0.00013,-0.00014,24.80512
1.5,0.0639,504.90494,0.00015,0,26.48501
1.6,0.06704,535.8515,0.00012,-0.00005,28.10833
1.7,0.07048,567.06519,0.00017,0.00001,29.74565
1.8,0.07369,597.14984,0.00021,0.00004,31.32376
1.9,0.07713,629.78064,0.00027,0.00006,33.03542
2,0.08049,661.08649,0.00027,0.00009,34.67758
2.1,0.08385,693.02759,0.00023,0.00011,36.35307
2.2,0.08722,725.68988,0.00026,0.00006,38.06638
2.3,0.09036,753.86224,0.00024,0.00016,39.54417
2.4,0.09379,786.26257,0.00027,0.00033,41.24375
2.5,0.09723,817.76666,0.00032,0.00024,42.89631
2.6,0.10037,846.22772,0.00033,0.00025,44.38925
2.7,0.10388,878.58521,0.00036,0.00031,46.08657
2.8,0.10725,909.85095,0.00038,0.00026,47.72663
2.9,0.11046,940.22089,0.00039,0.00026,49.31970
3,0.11382,970.82593,0.00038,0.00029,50.92510
3.1,0.11711,999.98901,0.00042,0.00027,52.45486
3.2,0.1204,"1,031.41",0.00039,0.00035,54.10325
3.3,0.12376,"1,061.38",0.00043,0.00029,55.67516
3.4,0.12713,"1,092.76",0.00044,0.00051,57.32114
3.5,0.13057,"1,124.44",0.00048,0.00057,58.98294
3.6,0.1337,"1,151.33",0.00048,0.00066,60.39356
3.7,0.13714,"1,183.06",0.00049,0.00067,62.05809
3.8,0.14051,"1,213.58",0.00049,0.00058,63.65885
3.9,0.14364,"1,240.17",0.00046,0.00059,65.05370
4,0.14716,"1,271.66",0.00043,0.00049,66.70562
4.1,0.15059,"1,302.78",0.00048,0.00053,68.33764
4.2,0.15373,"1,333.68",0.00045,0.00045,69.95872
4.3,0.15717,"1,364.07",0.00046,-0.00013,71.55296
4.4,0.16053,"1,391.93",0.00042,0.00008,73.01406
4.5,0.16375,"1,421.24",0.00042,0.00001,74.55163
4.6,0.16711,"1,450.91",0.00042,0.00015,76.10802
4.7,0.17047,"1,481.61",0.00045,0.00017,77.71857
4.8,0.17384,"1,512.15",0.00045,0.00025,79.32075
4.9,0.17705,"1,539.53",0.00044,0.00025,80.75694
5,0.18056,"1,571.25",0.00046,0.00028,82.42039
5.1,0.18385,"1,602.08",0.00043,0.00035,84.03768
5.2,0.18699,"1,629.45",0.00048,0.00036,85.47353
5.3,0.1905,"1,660.69",0.00054,0.00043,87.11237
5.4,0.19387,"1,691.52",0.00052,0.00041,88.72964
5.5,0.19708,"1,720.35",0.00054,0.00048,90.24173
5.6,0.20052,"1,750.82",0.00055,0.00055,91.84016
5.7,0.20396,"1,780.70",0.00056,0.00062,93.40755
5.8,0.2071,"1,809.01",0.00059,0.00075,94.89249
5.9,0.21038,"1,837.66",0.00058,0.00056,96.39510
6,0.21382,"1,868.31",0.00063,0.00052,98.00277
6.1,0.21704,"1,897.72",0.00062,0.00057,99.54562
6.2,0.2204,"1,926.27",0.00064,0.00056,101.04344
6.3,0.22391,"1,958.24",0.00065,0.00057,102.72013
6.4,0.22713,"1,987.49",0.00066,0.00058,104.25445
6.5,0.23041,"2,014.72",0.00068,0.00062,105.68324
6.6,0.23385,"2,045.70",0.0007,0.00103,107.30824
6.7,0.23714,"2,073.74",0.0007,0.00093,108.77894
6.8,0.24035,"2,103.17",0.00071,0.00107,110.32270
6.9,0.24379,"2,133.58",0.00075,0.00108,111.91766
7,0.24723,"2,164.05",0.00074,0.00127,113.51597
7.1,0.25037,"2,191.93",0.00076,0.00108,114.97864
7.2,0.25381,"2,222.05",0.00077,0.00102,116.55844
7.3,0.25724,"2,251.61",0.00074,0.00058,118.10939
7.4,0.26038,"2,280.29",0.00079,0.00056,119.61347
7.5,0.26375,"2,308.32",0.0008,0.00045,121.08407
7.6,0.26718,"2,340.03",0.00081,0.00045,122.74742
7.7,0.27047,"2,368.49",0.00081,0.00042,124.24041
7.8,0.27376,"2,397.11",0.00083,0.00044,125.74149
7.9,0.2772,"2,427.17",0.00085,0.00043,127.31812
8,0.28049,"2,455.76",0.00087,0.00047,128.81821
8.1,0.2837,"2,483.33",0.00085,0.00051,130.26395
8.2,0.28706,"2,514.12",0.00088,0.00054,131.87939
8.3,0.2905,"2,544.31",0.00091,0.00056,133.46310
8.4,0.29372,"2,572.21",0.00091,0.0006,134.92659
8.5,0.29715,"2,602.06",0.00091,0.00061,136.49203
8.6,0.30059,"2,632.33",0.00093,0.00071,138.07982
8.7,0.30366,"2,660.32",0.00093,0.00081,139.54823
8.8,0.30709,"2,688.33",0.00094,0.0007,141.01761
8.9,0.31046,"2,718.35",0.00098,0.00078,142.59227
9,0.31375,"2,749.26",0.00101,0.00084,144.21356
9.1,0.31711,"2,778.45",0.00099,0.00082,145.74472
9.2,0.32055,"2,808.38",0.00099,0.00086,147.31499
9.3,0.32383,"2,836.61",0.00102,0.00084,148.79581
9.4,0.32712,"2,863.77",0.00104,0.00081,150.22057
9.5,0.33041,"2,894.43",0.00106,0.00087,151.82838
9.6,0.33385,"2,923.95",0.00109,0.00088,153.37703
9.7,0.33699,"2,951.35",0.00104,0.00112,154.81445
9.8,0.3405,"2,983.03",0.00109,0.00116,156.47606
9.9,0.34394,"3,011.83",0.00111,0.0013,157.98698
10,0.34708,"3,040.21",0.00111,0.00132,159.47549
10.1,0.35052,"3,069.22",0.00115,0.00125,160.99733
10.2,0.35388,"3,098.14",0.00115,0.00145,162.51436
10.3,0.35702,"3,126.30",0.00116,0.00105,163.99133
10.4,0.36046,"3,155.94",0.00117,0.00086,165.54622
10.5,0.36374,"3,186.23",0.00117,0.00083,167.13493
10.6,0.36718,"3,215.60",0.00118,0.00086,168.67596
10.7,0.37047,"3,243.37",0.00121,0.00052,170.13220
10.8,0.37376,"3,271.54",0.00119,0.0006,171.60982
10.9,0.3772,"3,302.50",0.00121,0.00067,173.23419
11,0.38034,"3,329.49",0.00121,0.00063,174.64981
11.1,0.38377,"3,359.80",0.00126,0.00071,176.23996
11.2,0.38721,"3,388.36",0.00128,0.00073,177.73799
11.3,0.39035,"3,417.03",0.00128,0.00072,179.24181
11.4,0.39386,"3,447.57",0.00131,0.00078,180.84380
11.5,0.39723,"3,475.54",0.00132,0.0008,182.31105
11.6,0.40037,"3,504.10",0.00133,0.00087,183.80934
11.7,0.4038,"3,533.29",0.00135,0.00086,185.34015
11.8,0.40709,"3,563.69",0.0014,0.00082,186.93497
11.9,0.41053,"3,593.72",0.00134,0.00097,188.51018
12,0.41374,"3,620.99",0.00136,0.00108,189.94084
12.1,0.41711,"3,649.78",0.00138,0.00103,191.45058
12.2,0.42062,"3,679.97",0.0014,0.00104,193.03470
12.3,0.42368,"3,706.84",0.00142,0.00106,194.44405
12.4,0.42712,"3,736.82",0.00145,0.00107,196.01649
12.5,0.43048,"3,766.21",0.00142,0.00104,197.55818
12.6,0.43362,"3,794.15",0.00143,0.00104,199.02390
12.7,0.43714,"3,825.10",0.00147,0.00104,200.64749
12.8,0.44057,"3,855.75",0.0015,0.00125,202.25502
12.9,0.44371,"3,881.87",0.00153,0.0014,203.62518
13,0.44715,"3,910.58",0.00152,0.00146,205.13110
13.1,0.45036,"3,938.37",0.00155,0.00145,206.58890
13.2,0.45373,"3,969.41",0.00154,0.00147,208.21703
13.3,0.45702,"3,997.15",0.00154,0.00153,209.67216
13.4,0.46045,"4,026.31",0.00156,0.00131,211.20166
13.5,0.46397,"4,058.63",0.00154,0.00108,212.89705
13.6,0.46711,"4,085.29",0.00156,0.00126,214.29546
13.7,0.47054,"4,114.85",0.00157,0.00108,215.84642
13.8,0.47383,"4,143.81",0.0016,0.00104,217.36530
13.9,0.47697,"4,170.30",0.00161,0.00093,218.75485
14,0.48048,"4,202.20",0.00164,0.00082,220.42810
14.1,0.48392,"4,230.79",0.00162,0.00086,221.92769
14.2,0.48706,"4,259.33",0.00164,0.00091,223.42488
14.3,0.4905,"4,288.13",0.00164,0.00093,224.93596
14.4,0.49394,"4,317.33",0.00167,0.00095,226.46762
14.5,0.49715,"4,347.06",0.00169,0.00091,228.02669
14.6,0.50036,"4,375.33",0.0017,0.00099,229.50963
14.7,0.5038,"4,404.21",0.0017,0.00108,231.02483
14.8,0.50716,"4,434.80",0.00173,0.0011,232.62962
14.9,0.51038,"4,461.73",0.00175,0.00105,234.04208
15,0.51389,"4,492.91",0.00176,0.00101,235.67747
15.1,0.51718,"4,521.29",0.00176,0.00121,237.16605
15.2,0.52032,"4,547.16",0.00177,0.0013,238.52310
15.3,0.52383,"4,578.49",0.00183,0.00129,240.16679
15.4,0.52712,"4,608.39",0.0018,0.00128,241.73512
15.5,0.53033,"4,637.01",0.00181,0.00129,243.23618
15.6,0.53385,"4,666.52",0.00186,0.00127,244.78415
15.7,0.53728,"4,695.17",0.00186,0.00127,246.28743
15.8,0.54042,"4,724.52",0.00188,0.0013,247.82661
15.9,0.54379,"4,752.60",0.00195,0.00149,249.29970
16,0.54715,"4,782.31",0.00196,0.00162,250.85815
16.1,0.55044,"4,810.52",0.0019,0.00166,252.33768
16.2,0.55373,"4,837.30",0.00194,0.00171,253.74292
16.3,0.55716,"4,868.32",0.00192,0.00164,255.37001
16.4,0.56053,"4,897.98",0.00193,0.00165,256.92578
16.5,0.56374,"4,925.52",0.00193,0.00159,258.37054
16.6,0.56718,"4,955.41",0.00196,0.00157,259.93842
16.7,0.57047,"4,984.84",0.002,0.00145,261.48196
16.8,0.57361,"5,012.66",0.002,0.00122,262.94104
16.9,0.57712,"5,042.52",0.002,0.00102,264.50769
17,0.58056,"5,071.42",0.00198,0.0011,266.02344
17.1,0.58377,"5,099.97",0.00205,0.00102,267.52100
17.2,0.58713,"5,128.05",0.00206,0.001,268.99429
17.3,0.59057,"5,157.28",0.00209,0.00103,270.52722
17.4,0.59371,"5,185.85",0.00207,0.00112,272.02628
17.5,0.597,"5,213.30",0.00213,0.00113,273.46597
17.6,0.60044,"5,243.55",0.00211,0.0012,275.05283
17.7,0.6038,"5,273.81",0.00217,0.00122,276.63998
17.8,0.60709,"5,301.42",0.00216,0.00125,278.08841
17.9,0.61053,"5,330.99",0.00219,0.00125,279.63922
18,0.61389,"5,360.06",0.0022,0.00126,281.16455
18.1,0.6171,"5,387.53",0.00221,0.0013,282.60535
18.2,0.62047,"5,417.41",0.00222,0.00136,284.17282
18.3,0.62383,"5,446.08",0.00222,0.00155,285.67633
18.4,0.62704,"5,473.60",0.00222,0.00148,287.12030
18.5,0.63048,"5,503.14",0.00227,0.00145,288.66980
18.6,0.63392,"5,532.79",0.00231,0.00147,290.22479
18.7,0.63706,"5,560.60",0.00232,0.00146,291.68347
18.8,0.64042,"5,587.96",0.00232,0.00154,293.11905
18.9,0.64378,"5,617.94",0.00231,0.00151,294.69165
19,0.64707,"5,648.13",0.00231,0.00161,296.27530
19.1,0.65044,"5,674.55",0.00236,0.00179,297.66110
19.2,0.6538,"5,704.68",0.00236,0.00182,299.24146
19.3,0.65716,"5,732.50",0.00232,0.0019,300.70078
19.4,0.66045,"5,761.90",0.00233,0.00187,302.24319
19.5,0.66374,"5,790.83",0.00233,0.00185,303.76065
19.6,0.66718,"5,820.81",0.00236,0.00181,305.33316
19.7,0.67032,"5,847.10",0.00235,0.00182,306.71231
19.8,0.67383,"5,876.05",0.00236,0.00182,308.23068
19.9,0.67727,"5,906.81",0.00242,0.00179,309.84454
20,0.6804,"5,935.17",0.00243,0.00161,311.33203
20.1,0.68384,"5,963.08",0.00246,0.00118,312.79602
20.2,0.68721,"5,992.09",0.00244,0.00098,314.31793
20.3,0.69042,"6,020.88",0.00244,0.00113,315.82806
20.4,0.69378,"6,049.53",0.0025,0.00107,317.33075
20.5,0.69707,"6,078.56",0.0025,0.00116,318.85373
20.6,0.70051,"6,106.88",0.0025,0.00134,320.33920
20.7,0.7038,"6,136.27",0.00247,0.00137,321.88052
20.8,0.70716,"6,164.87",0.00255,0.00132,323.38074
20.9,0.7106,"6,194.52",0.00259,0.00145,324.93607
21,0.71366,"6,220.24",0.0026,0.00145,326.28552
21.1,0.7171,"6,249.45",0.0026,0.00149,327.81787
21.2,0.72054,"6,279.59",0.00258,0.00154,329.39868
21.3,0.72368,"6,307.25",0.00264,0.00174,330.84949
21.4,0.72719,"6,336.58",0.00264,0.00174,332.38800
21.5,0.73055,"6,364.91",0.00266,0.00167,333.87393
21.6,0.73377,"6,392.87",0.00267,0.00163,335.34082
21.7,0.73713,"6,421.77",0.0027,0.0016,336.85651
21.8,0.74042,"6,450.10",0.0027,0.00165,338.34280
21.9,0.74378,"6,478.69",0.00273,0.0016,339.84259
22,0.747,"6,506.04",0.00275,0.00171,341.27713
22.1,0.75051,"6,535.73",0.00273,0.00176,342.83453
22.2,0.75395,"6,566.72",0.00275,0.00193,344.46002
22.3,0.75701,"6,591.41",0.00274,0.00196,345.75540
22.4,0.76045,"6,621.48",0.00275,0.00201,347.33240
22.5,0.76389,"6,651.68",0.00276,0.00207,348.91669
22.6,0.76695,"6,678.35",0.00276,0.0021,350.31592
22.7,0.77054,"6,708.91",0.00281,0.00205,351.91876
22.8,0.7739,"6,736.46",0.00283,0.00196,353.36414
22.9,0.77711,"6,765.25",0.00285,0.00203,354.87436
23,0.78048,"6,793.34",0.00282,0.002,356.34741
23.1,0.78384,"6,822.61",0.00287,0.00169,357.88309
23.2,0.78713,"6,851.11",0.00289,0.0019,359.37790
23.3,0.79034,"6,878.27",0.00289,0.0015,360.80283
23.4,0.79378,"6,909.76",0.00293,0.00117,362.45462
23.5,0.79722,"6,940.01",0.00291,0.00119,364.04117
23.6,0.80036,"6,965.67",0.00291,0.00132,365.38718
23.7,0.80387,"6,994.96",0.00291,0.00134,366.92358
23.8,0.80723,"7,024.04",0.00293,0.00145,368.44934
23.9,0.8103,"7,051.04",0.00297,0.0015,369.86548
24,0.81381,"7,080.77",0.003,0.00162,371.42487
24.1,0.81717,"7,109.97",0.00299,0.00163,372.95648
24.2,0.82039,"7,137.72",0.00301,0.00165,374.41223
24.3,0.82382,"7,167.11",0.00299,0.0017,375.95413
24.4,0.82726,"7,196.30",0.00306,0.0019,377.48486
24.5,0.83048,"7,224.29",0.00302,0.00215,378.95337
24.6,0.83369,"7,250.80",0.00305,0.00206,380.34387
24.7,0.83713,"7,281.32",0.00308,0.00187,381.94461
24.8,0.84049,"7,310.01",0.00309,0.00186,383.45001
24.9,0.8437,"7,336.83",0.00309,0.00192,384.85660
25,0.84722,"7,366.39",0.00313,0.00185,386.40726
25.1,0.85058,"7,395.94",0.00312,0.00191,387.95706
25.2,0.85364,"7,421.68",0.00311,0.00191,389.30743
25.3,0.85716,"7,452.42",0.00313,0.0021,390.91989
25.4,0.86045,"7,480.65",0.00313,0.00216,392.40085
25.5,0.86366,"7,508.85",0.00315,0.00217,393.87979
25.6,0.86717,"7,538.01",0.00317,0.00225,395.40955
25.7,0.87054,"7,566.75",0.00318,0.0023,396.91699
25.8,0.87375,"7,595.35",0.00319,0.00223,398.41754
25.9,0.87711,"7,622.10",0.0032,0.00218,399.82074
26,0.88048,"7,650.66",0.0032,0.00214,401.31848
26.1,0.88376,"7,679.78",0.00319,0.00211,402.84628
26.2,0.88698,"7,707.77",0.00323,0.00208,404.31467
26.3,0.89049,"7,738.41",0.00322,0.00208,405.92160
26.4,0.89385,"7,766.73",0.00327,0.00205,407.40710
26.5,0.89707,"7,793.74",0.0033,0.00159,408.82410
26.6,0.9005,"7,823.10",0.00329,0.00144,410.36401
26.7,0.90387,"7,850.83",0.00331,0.00136,411.81888
26.8,0.90701,"7,877.38",0.00332,0.00143,413.21164
26.9,0.91044,"7,905.32",0.00335,0.00147,414.67706
27,0.91388,"7,934.50",0.00334,0.00161,416.20746
27.1,0.9171,"7,964.16",0.00334,0.00177,417.76343
27.2,0.92046,"7,991.31",0.00337,0.00182,419.18741
27.3,0.92382,"8,019.27",0.00341,0.00181,420.65427
27.4,0.92711,"8,047.45",0.00341,0.0019,422.13275
27.5,0.9304,"8,075.24",0.00342,0.00199,423.59027
27.6,0.93376,"8,104.83",0.00344,0.00219,425.14227
27.7,0.93713,"8,133.64",0.00342,0.00231,426.65344
27.8,0.94041,"8,159.87",0.00347,0.00234,428.02966
27.9,0.94385,"8,190.17",0.0035,0.00198,429.61908
28,0.94722,"8,217.32",0.00345,0.00196,431.04300
28.1,0.95043,"8,244.84",0.00353,0.00199,432.48669
28.2,0.95372,"8,272.26",0.00351,0.00208,433.92517
28.3,0.95716,"8,301.38",0.00352,0.00203,435.45233
28.4,0.96037,"8,329.98",0.00353,0.00218,436.95288
28.5,0.96381,"8,359.00",0.00347,0.00235,438.47528
28.6,0.96724,"8,387.42",0.0035,0.00239,439.96594
28.7,0.97046,"8,414.70",0.00358,0.00242,441.39673
28.8,0.97375,"8,442.48",0.0036,0.00239,442.85413
28.9,0.97718,"8,471.76",0.00355,0.00239,444.39008
29,0.98047,"8,500.21",0.00353,0.00242,445.88245
29.1,0.98376,"8,526.17",0.00361,0.00241,447.24414
29.2,0.98712,"8,556.16",0.00365,0.00236,448.81689
29.3,0.99056,"8,585.32",0.00363,0.00227,450.34686
29.4,0.99378,"8,612.38",0.00361,0.0023,451.76602
29.5,0.99714,"8,640.29",0.00363,0.00217,453.23041
29.6,1.00058,"8,668.18",0.00361,0.00204,454.69312
29.7,1.00364,"8,695.15",0.00363,0.00182,456.10809
29.8,1.00708,"8,723.70",0.00361,0.00164,457.60532
29.9,1.01059,"8,753.19",0.00366,0.00167,459.15219
30,1.01373,"8,780.25",0.0037,0.0018,460.57211
30.1,1.01717,"8,807.14",0.00369,0.00191,461.98227
30.2,1.02053,"8,837.27",0.00371,0.00189,463.56287
30.3,1.02375,"8,864.98",0.00375,0.00188,465.01654
30.4,1.02711,"8,891.25",0.00381,0.00198,466.39423
30.5,1.0304,"8,919.59",0.00377,0.00202,467.88080
30.6,1.03384,"8,949.50",0.0038,0.0021,469.44974
30.7,1.03705,"8,976.19",0.00378,0.00213,470.84995
30.8,1.04049,"9,005.10",0.00373,0.00226,472.36624
30.9,1.04392,"9,033.54",0.00378,0.00249,473.85809
31,1.04699,"9,059.72",0.0038,0.00227,475.23138
31.1,1.05043,"9,088.33",0.0038,0.00217,476.73209
31.2,1.05394,"9,118.30",0.00381,0.00222,478.30447
31.3,1.057,"9,144.81",0.00383,0.00221,479.69501
31.4,1.06052,"9,173.35",0.00388,0.00219,481.19199
31.5,1.06388,"9,202.56",0.00388,0.00223,482.72452
31.6,1.06709,"9,229.48",0.00386,0.00236,484.13660
31.7,1.07046,"9,256.30",0.00383,0.00247,485.54306
31.8,1.07375,"9,283.44",0.00387,0.00252,486.96689
31.9,1.07711,"9,311.90",0.00384,0.00258,488.45978
32,1.08032,"9,339.44",0.00392,0.00255,489.90445
32.1,1.08383,"9,369.15",0.00392,0.00258,491.46265
32.2,1.0872,"9,397.77",0.00395,0.00257,492.96408
32.3,1.09034,"9,422.06",0.00395,0.00249,494.23816
32.4,1.09385,"9,452.04",0.00393,0.00256,495.81091
32.5,1.09721,"9,479.79",0.0039,0.00251,497.26636
32.6,1.10035,"9,506.03",0.00398,0.00243,498.64279
32.7,1.10379,"9,534.30",0.00397,0.00246,500.12595
32.8,1.10723,"9,563.09",0.00398,0.0022,501.63602
32.9,1.11044,"9,591.36",0.00398,0.00203,503.11911
33,1.11388,"9,619.61",0.00397,0.00193,504.60083
33.1,1.11717,"9,646.60",0.00401,0.00196,506.01678
33.2,1.12046,"9,674.22",0.00406,0.00205,507.46524
33.3,1.12367,"9,700.11",0.00409,0.00206,508.82346
33.4,1.12718,"9,730.33",0.0041,0.00212,510.40900
33.5,1.13054,"9,758.54",0.00409,0.00211,511.88846
33.6,1.13368,"9,782.21",0.00407,0.00221,513.13025
33.7,1.1372,"9,813.54",0.00409,0.00229,514.77338
33.8,1.14056,"9,841.72",0.00414,0.0023,516.25171
33.9,1.14362,"9,866.33",0.00414,0.00249,517.54242
34,1.14721,"9,895.15",0.00414,0.00261,519.05432
34.1,1.1505,"9,922.43",0.00413,0.00249,520.48553
34.2,1.15371,"9,950.49",0.00413,0.00235,521.95709
34.3,1.15715,"9,979.57",0.00412,0.00236,523.48254
34.4,1.16059,"10,007.76",0.00411,0.00232,524.96167
34.5,1.16373,"10,033.94",0.00408,0.00235,526.33478
34.6,1.16702,"10,058.98",0.00411,0.00239,527.64813
34.7,1.17045,"10,088.65",0.0041,0.00251,529.20435
34.8,1.17382,"10,116.61",0.00413,0.00257,530.67102
34.9,1.17703,"10,141.25",0.00417,0.00265,531.96356
35,1.18054,"10,169.53",0.0042,0.00269,533.44720
35.1,1.18391,"10,198.00",0.00422,0.00271,534.94061
35.2,1.18712,"10,224.41",0.00423,0.00273,536.32605
35.3,1.19048,"10,253.01",0.00425,0.00274,537.82593
35.4,1.19377,"10,279.56",0.00425,0.00269,539.21863
35.5,1.19699,"10,306.43",0.00423,0.00267,540.62817
35.6,1.20042,"10,333.84",0.0043,0.00266,542.06628
35.7,1.20386,"10,361.91",0.00428,0.00271,543.53857
35.8,1.20715,"10,389.00",0.00425,0.0026,544.95929
35.9,1.21051,"10,414.85",0.00424,0.00236,546.31543
36,1.2138,"10,443.64",0.00425,0.00234,547.82562
36.1,1.21709,"10,472.00",0.00428,0.00228,549.31354
36.2,1.22038,"10,496.49",0.0043,0.00218,550.59796
36.3,1.22382,"10,525.03",0.0043,0.00215,552.09528
36.4,1.2271,"10,552.27",0.00431,0.00224,553.52386
36.5,1.23039,"10,580.45",0.00435,0.00229,555.00214
36.6,1.23383,"10,609.01",0.0044,0.00223,556.50012
36.7,1.23719,"10,635.50",0.00438,0.00233,557.89008
36.8,1.24033,"10,660.94",0.00435,0.00236,559.22443
36.9,1.24377,"10,687.97",0.00437,0.00252,560.64197
37,1.24721,"10,716.07",0.00442,0.00264,562.11591
37.1,1.25042,"10,742.94",0.00446,0.00284,563.52582
37.2,1.25379,"10,768.34",0.00441,0.00268,564.85828
37.3,1.2573,"10,797.82",0.00443,0.00248,566.40460
37.4,1.26044,"10,825.49",0.00444,0.00249,567.85590
37.5,1.26373,"10,850.52",0.00448,0.00254,569.16870
37.6,1.26716,"10,877.85",0.00447,0.00252,570.60254
37.7,1.27045,"10,905.60",0.00448,0.00248,572.05829
37.8,1.27374,"10,931.00",0.00446,0.00259,573.39056
37.9,1.27718,"10,959.91",0.00446,0.0028,574.90710
38,1.28062,"10,986.78",0.0045,0.00285,576.31647
38.1,1.28376,"11,012.22",0.00451,0.00286,577.65094
38.2,1.28704,"11,040.14",0.00451,0.00286,579.11542
38.3,1.29048,"11,067.05",0.00448,0.00289,580.52722
38.4,1.2937,"11,094.44",0.0045,0.003,581.96356
38.5,1.29713,"11,120.28",0.0045,0.00305,583.31891
38.6,1.30057,"11,148.17",0.00454,0.00295,584.78217
38.7,1.30379,"11,175.21",0.00454,0.00311,586.20081
38.8,1.30715,"11,200.55",0.00458,0.00287,587.52979
38.9,1.31051,"11,228.67",0.00457,0.00283,589.00458
39,1.3138,"11,254.27",0.00461,0.00252,590.34772
39.1,1.31709,"11,281.01",0.00463,0.00241,591.75024
39.2,1.32045,"11,308.46",0.00463,0.00232,593.19000
39.3,1.32389,"11,336.69",0.00466,0.00231,594.67102
39.4,1.3271,"11,361.79",0.00469,0.00238,595.98761
39.5,1.33047,"11,388.58",0.00467,0.00251,597.39313
39.6,1.3339,"11,417.35",0.00467,0.00244,598.90216
39.7,1.33704,"11,442.41",0.0047,0.00247,600.21667
39.8,1.34048,"11,469.28",0.00474,0.00259,601.62628
39.9,1.34384,"11,496.69",0.00474,0.00268,603.06378
40,1.34706,"11,522.98",0.00473,0.00272,604.44299
40.1,1.35057,"11,549.55",0.00473,0.00269,605.83691
40.2,1.35393,"11,576.81",0.0047,0.00285,607.26660
40.3,1.35715,"11,602.79",0.00475,0.00281,608.62946
40.4,1.36036,"11,627.03",0.00475,0.00264,609.90088
40.5,1.36372,"11,655.17",0.00476,0.00267,611.37714
40.6,1.36716,"11,682.69",0.00476,0.00266,612.82062
40.7,1.3703,"11,706.83",0.00478,0.00269,614.08704
40.8,1.37381,"11,734.19",0.00477,0.00268,615.52203
40.9,1.37733,"11,763.11",0.00478,0.00276,617.03906
41,1.38032,"11,785.97",0.00479,0.00308,618.23816
41.1,1.38383,"11,814.07",0.00483,0.00305,619.71210
41.2,1.38719,"11,840.50",0.00483,0.00305,621.09875
41.3,1.39033,"11,866.86",0.00485,0.00315,622.48138
41.4,1.39384,"11,893.94",0.00487,0.00319,623.90167
41.5,1.39721,"11,921.12",0.00489,0.00336,625.32758
41.6,1.40049,"11,947.50",0.00493,0.00334,626.71143
41.7,1.40378,"11,971.81",0.00492,0.00328,627.98669
41.8,1.40715,"11,998.78",0.00491,0.00326,629.40118
41.9,1.41043,"12,025.39",0.00491,0.00278,630.79712
42,1.41365,"12,049.31",0.00493,0.00266,632.05206
42.1,1.41716,"12,077.41",0.00495,0.00269,633.52582
42.2,1.4206,"12,104.90",0.00495,0.00253,634.96783
42.3,1.42374,"12,128.60",0.00496,0.00251,636.21094
42.4,1.42725,"12,155.78",0.00496,0.00249,637.63666
42.5,1.43054,"12,182.42",0.00499,0.00256,639.03412
42.6,1.4336,"12,205.24",0.00497,0.00255,640.23126
42.7,1.43719,"12,234.75",0.005,0.00262,641.77936
42.8,1.44048,"12,259.99",0.00502,0.00265,643.10291
42.9,1.44377,"12,286.50",0.005,0.00267,644.49347
43,1.44713,"12,311.94",0.00499,0.00276,645.82837
43.1,1.45049,"12,338.09",0.005,0.00288,647.19983
43.2,1.45378,"12,365.34",0.00501,0.00305,648.62952
43.3,1.457,"12,388.61",0.00504,0.00294,649.84985
43.4,1.46043,"12,415.23",0.00505,0.00278,651.24640
43.5,1.46387,"12,441.92",0.00509,0.00279,652.64642
43.6,1.46701,"12,465.78",0.00511,0.00285,653.89783
43.7,1.4706,"12,495.95",0.00513,0.00283,655.48053
43.8,1.47389,"12,520.37",0.00516,0.00284,656.76154
43.9,1.47703,"12,543.15",0.00518,0.00293,657.95624
44,1.48054,"12,571.27",0.00519,0.00307,659.43152
44.1,1.48383,"12,596.61",0.00518,0.00312,660.76093
44.2,1.48711,"12,622.47",0.00518,0.00317,662.11719
44.3,1.49048,"12,647.78",0.00518,0.0032,663.44507
44.4,1.49384,"12,675.26",0.00522,0.00326,664.88629
44.5,1.49713,"12,702.79",0.00524,0.00334,666.33032
44.6,1.50042,"12,726.43",0.00529,0.0032,667.57043
44.7,1.50378,"12,753.33",0.0053,0.00321,668.98163
44.8,1.50707,"12,778.97",0.00525,0.00331,670.32635
44.9,1.51036,"12,803.59",0.00531,0.00294,671.61786
45,1.5138,"12,831.34",0.00532,0.00278,673.07379
45.1,1.51723,"12,857.63",0.00534,0.00279,674.45276
45.2,1.52037,"12,880.78",0.00532,0.00282,675.66675
45.3,1.52381,"12,907.34",0.00531,0.00261,677.06000
45.4,1.5271,"12,932.98",0.00529,0.00257,678.40503
45.5,1.53039,"12,957.82",0.00529,0.00266,679.70831
45.6,1.53375,"12,983.77",0.00538,0.00264,681.06915
45.7,1.53711,"13,009.36",0.00539,0.00265,682.41168
45.8,1.54048,"13,035.75",0.00537,0.00273,683.79614
45.9,1.54384,"13,060.52",0.00534,0.00275,685.09534
46,1.5472,"13,087.92",0.00539,0.00297,686.53253
46.1,1.55042,"13,113.26",0.00541,0.00297,687.86176
46.2,1.55371,"13,135.88",0.00541,0.00305,689.04858
46.3,1.55722,"13,163.85",0.00545,0.00281,690.51532
46.4,1.56051,"13,190.39",0.00548,0.00303,691.90765
46.5,1.56379,"13,213.85",0.00547,0.00299,693.13824
46.6,1.56716,"13,239.93",0.00546,0.003,694.50653
46.7,1.5706,"13,266.20",0.0055,0.00299,695.88428
46.8,1.57373,"13,291.09",0.00551,0.00298,697.18988
46.9,1.57702,"13,317.03",0.00551,0.00305,698.55066
47,1.58046,"13,341.98",0.00552,0.00315,699.85919
47.1,1.58375,"13,367.15",0.00553,0.0033,701.17957
47.2,1.58711,"13,391.75",0.00552,0.00336,702.46985
47.3,1.59055,"13,418.61",0.00556,0.00338,703.87897
47.4,1.59376,"13,444.35",0.00558,0.00333,705.22925
47.5,1.59705,"13,466.93",0.00559,0.00339,706.41394
47.6,1.60049,"13,494.39",0.00559,0.00341,707.85425
47.7,1.60378,"13,520.42",0.00561,0.00314,709.21979
47.8,1.60707,"13,544.22",0.00563,0.00332,710.46826
47.9,1.61051,"13,570.51",0.00562,0.00273,711.84717
48,1.61387,"13,596.22",0.00566,0.00285,713.19580
48.1,1.61708,"13,621.20",0.00569,0.00277,714.50586
48.2,1.62045,"13,646.47",0.00573,0.00277,715.83142
48.3,1.62388,"13,671.84",0.00568,0.0028,717.16223
48.4,1.62702,"13,695.64",0.00571,0.00273,718.41071
48.5,1.63053,"13,721.57",0.00573,0.00279,719.77075
48.6,1.6339,"13,748.47",0.0057,0.00275,721.18195
48.7,1.63711,"13,772.38",0.00572,0.00283,722.43604
48.8,1.64047,"13,796.58",0.00574,0.00291,723.70538
48.9,1.64384,"13,823.13",0.00574,0.00287,725.09814
49,1.64713,"13,850.09",0.00576,0.00289,726.51270
49.1,1.65041,"13,873.41",0.00576,0.00314,727.73584
49.2,1.65378,"13,899.56",0.00575,0.00313,729.10742
49.3,1.65722,"13,924.60",0.00581,0.00337,730.42078
49.4,1.66043,"13,949.00",0.00583,0.00318,731.70117
49.5,1.66379,"13,974.52",0.00583,0.00319,733.03943
49.6,1.66723,"14,000.20",0.00581,0.00315,734.38678
49.7,1.67029,"14,022.95",0.00581,0.00319,735.58008
49.8,1.67373,"14,048.43",0.00585,0.00315,736.91663
49.9,1.67717,"14,076.54",0.00582,0.00326,738.39099
50,1.68038,"14,099.92",0.00585,0.00325,739.61749
50.1,1.68382,"14,125.60",0.00589,0.00343,740.96472
50.2,1.68719,"14,150.86",0.0059,0.00354,742.28979
50.3,1.69047,"14,176.77",0.00585,0.00355,743.64850
50.4,1.69376,"14,200.57",0.00592,0.0036,744.89691
50.5,1.69713,"14,226.88",0.00593,0.00352,746.27747
50.6,1.70049,"14,251.71",0.00601,0.00355,747.57996
50.7,1.7037,"14,275.02",0.00601,0.00359,748.80219
50.8,1.70721,"14,302.06",0.00599,0.00331,750.22095
50.9,1.71065,"14,328.51",0.00603,0.00296,751.60815
51,1.71364,"14,351.66",0.00605,0.00298,752.82239
51.1,1.71715,"14,376.43",0.00604,0.00296,754.12170
51.2,1.72052,"14,402.06",0.00605,0.00301,755.46661
51.3,1.72366,"14,425.92",0.00609,0.00295,756.71790
51.4,1.72717,"14,452.08",0.00609,0.00281,758.09033
51.5,1.73053,"14,476.48",0.00605,0.00282,759.37036
51.6,1.73375,"14,500.56",0.0061,0.00287,760.63306
51.7,1.73711,"14,525.84",0.00608,0.00288,761.95953
51.8,1.74047,"14,552.11",0.00612,0.00276,763.33746
51.9,1.74384,"14,577.39",0.00613,0.00303,764.66357
52,1.74697,"14,599.68",0.0061,0.00295,765.83258
52.1,1.75049,"14,625.83",0.00616,0.00313,767.20459
52.2,1.75393,"14,652.86",0.00617,0.00329,768.62244
52.3,1.75699,"14,674.40",0.0062,0.00339,769.75208
52.4,1.7605,"14,700.56",0.00618,0.00328,771.12427
52.5,1.76387,"14,726.25",0.00623,0.00349,772.47180
52.6,1.767,"14,749.26",0.00619,0.00351,773.67871
52.7,1.77059,"14,776.21",0.0062,0.00329,775.09271
52.8,1.77388,"14,800.48",0.0062,0.00329,776.36548
52.9,1.77709,"14,824.29",0.00624,0.00339,777.61475
53,1.78053,"14,849.88",0.00626,0.00339,778.95679
53.1,1.78389,"14,874.70",0.00629,0.00348,780.25916
53.2,1.78718,"14,900.17",0.00626,0.00363,781.59509
53.3,1.7904,"14,921.82",0.00627,0.00368,782.73053
53.4,1.79376,"14,948.18",0.00627,0.00368,784.11359
53.5,1.7972,"14,974.39",0.00633,0.00377,785.48828
53.6,1.80034,"14,996.17",0.00633,0.00378,786.63055
53.7,1.80385,"15,022.44",0.00633,0.00373,788.00891
53.8,1.80721,"15,047.47",0.00635,0.00365,789.32153
53.9,1.81035,"15,070.97",0.00636,0.00369,790.55457
54,1.81379,"15,096.24",0.00636,0.00355,791.87982
54.1,1.81708,"15,119.71",0.00639,0.00304,793.11127
54.2,1.82037,"15,143.85",0.0064,0.00305,794.37756
54.3,1.8238,"15,168.41",0.00641,0.00303,795.66571
54.4,1.82724,"15,195.22",0.00639,0.003,797.07208
54.5,1.83053,"15,221.55",0.0064,0.00304,798.45306
54.6,1.83374,"15,243.29",0.00644,0.00286,799.59326
54.7,1.83711,"15,267.85",0.00642,0.00285,800.88196
54.8,1.84047,"15,294.30",0.00642,0.00287,802.26917
54.9,1.84368,"15,316.10",0.00644,0.00283,803.41278
55,1.8472,"15,343.70",0.00645,0.00287,804.86047
55.1,1.85056,"15,366.89",0.00649,0.00319,806.07697
55.2,1.85377,"15,391.15",0.00649,0.00342,807.34943
55.3,1.85721,"15,417.17",0.00649,0.00362,808.71436
55.4,1.8605,"15,441.88",0.00648,0.00376,810.01062
55.5,1.86379,"15,465.34",0.0065,0.00372,811.24127
55.6,1.86708,"15,488.37",0.00651,0.00352,812.44916
55.7,1.87051,"15,514.57",0.00655,0.00344,813.82355
55.8,1.8738,"15,540.67",0.00655,0.00348,815.19293
55.9,1.87709,"15,561.83",0.00654,0.00351,816.30273
56,1.88053,"15,588.34",0.00662,0.00349,817.69318
56.1,1.88382,"15,613.46",0.00669,0.00348,819.01080
56.2,1.88703,"15,636.03",0.00671,0.00366,820.19489
56.3,1.89047,"15,662.68",0.00662,0.00378,821.59296
56.4,1.89383,"15,687.04",0.00656,0.0038,822.87054
56.5,1.89712,"15,709.03",0.00664,0.00385,824.02417
56.6,1.90048,"15,735.46",0.00664,0.00383,825.41028
56.7,1.90392,"15,760.59",0.00663,0.00382,826.72845
56.8,1.90706,"15,784.20",0.00661,0.0038,827.96692
56.9,1.91042,"15,807.60",0.00662,0.00373,829.19440
57,1.91386,"15,832.67",0.00664,0.00376,830.50952
57.1,1.91708,"15,857.72",0.00668,0.00369,831.82343
57.2,1.92051,"15,881.06",0.00667,0.00369,833.04779
57.3,1.92395,"15,906.82",0.00666,0.00354,834.39917
57.4,1.92717,"15,929.61",0.00666,0.00315,835.59479
57.5,1.93038,"15,952.13",0.0067,0.00303,836.77570
57.6,1.93382,"15,978.70",0.00671,0.00293,838.16956
57.7,1.93718,"16,003.70",0.00675,0.00295,839.48108
57.8,1.94039,"16,025.26",0.00676,0.00299,840.61188
57.9,1.94383,"16,051.06",0.00668,0.00334,841.96521
58,1.94734,"16,077.39",0.00673,0.00331,843.34680
58.1,1.95041,"16,099.13",0.00672,0.00333,844.48700
58.2,1.95377,"16,122.11",0.0067,0.00368,845.69226
58.3,1.95714,"16,148.02",0.00673,0.00383,847.05139
58.4,1.96027,"16,171.32",0.00676,0.00378,848.27362
58.5,1.96371,"16,194.99",0.00676,0.00391,849.51550
58.6,1.96722,"16,221.66",0.00678,0.0038,850.91431
58.7,1.97044,"16,244.05",0.00679,0.00353,852.08881
58.8,1.9738,"16,267.98",0.00679,0.00357,853.34399
58.9,1.97716,"16,292.88",0.00683,0.00357,854.64996
59,1.98045,"16,317.29",0.00683,0.00361,855.93054
59.1,1.98374,"16,338.89",0.00682,0.00358,857.06348
59.2,1.9871,"16,364.49",0.00686,0.0037,858.40643
59.3,1.99054,"16,389.54",0.00686,0.00376,859.72076
59.4,1.99376,"16,411.99",0.00685,0.00386,860.89825
59.5,1.99719,"16,436.59",0.00687,0.00391,862.18842
59.6,2.00056,"16,460.55",0.00687,0.00392,863.44543
59.7,2.0037,"16,483.12",0.00681,0.00392,864.62946
59.8,2.00713,"16,507.59",0.00682,0.00381,865.91309
59.9,2.01057,"16,533.17",0.00688,0.00394,867.25470
60,2.01371,"16,556.48",0.00691,0.00389,868.47736
60.1,2.01715,"16,579.66",0.00693,0.00351,869.69336
60.2,2.02051,"16,605.78",0.00687,0.00371,871.06323
60.3,2.0238,"16,629.22",0.00691,0.00331,872.29297
60.4,2.02709,"16,651.42",0.00688,0.00329,873.45734
60.5,2.03038,"16,675.45",0.00689,0.00338,874.71820
60.6,2.03381,"16,700.44",0.00691,0.00352,876.02899
60.7,2.03695,"16,723.57",0.00694,0.0034,877.24231
60.8,2.04054,"16,748.31",0.00694,0.00336,878.53986
60.9,2.0439,"16,772.73",0.00695,0.00344,879.82117
61,2.04704,"16,794.88",0.00692,0.00342,880.98297
61.1,2.05048,"16,820.19",0.00693,0.00352,882.31055
61.2,2.05384,"16,844.23",0.00698,0.00367,883.57129
61.3,2.05706,"16,867.52",0.00692,0.00374,884.79297
61.4,2.0605,"16,891.28",0.00695,0.00395,886.03949
61.5,2.06386,"16,916.25",0.00697,0.00386,887.34943
61.6,2.06715,"16,940.62",0.00698,0.00382,888.62750
61.7,2.07051,"16,962.39",0.00699,0.00363,889.76984
61.8,2.0738,"16,987.14",0.00699,0.00363,891.06812
61.9,2.07716,"17,011.01",0.00695,0.00368,892.32001
62,2.0803,"17,032.89",0.00701,0.00365,893.46777
62.1,2.08381,"17,058.25",0.00701,0.00371,894.79779
62.2,2.08718,"17,082.73",0.00702,0.00392,896.08191
62.3,2.09039,"17,104.27",0.00704,0.00391,897.21179
62.4,2.0939,"17,128.83",0.00707,0.00394,898.50031
62.5,2.09727,"17,152.45",0.00707,0.004,899.73907
62.6,2.10033,"17,176.03",0.00708,0.00404,900.97614
62.7,2.10384,"17,199.48",0.00709,0.004,902.20612
62.8,2.10706,"17,222.13",0.00712,0.00393,903.39410
62.9,2.11042,"17,246.41",0.00711,0.004,904.66821
63,2.11378,"17,269.54",0.0071,0.00393,905.88104
63.1,2.11715,"17,293.12",0.00708,0.00422,907.11804
63.2,2.12051,"17,317.05",0.00711,0.00417,908.37360
63.3,2.12365,"17,338.84",0.00715,0.00422,909.51636
63.4,2.12716,"17,364.28",0.00715,0.00367,910.85101
63.5,2.13052,"17,389.41",0.00716,0.00362,912.16907
63.6,2.13366,"17,409.70",0.00712,0.00366,913.23352
63.7,2.13725,"17,435.27",0.00713,0.00348,914.57483
63.8,2.14061,"17,459.55",0.00714,0.00347,915.84839
63.9,2.14375,"17,481.84",0.00717,0.0035,917.01770
64,2.14712,"17,504.55",0.00716,0.00356,918.20868
64.1,2.1504,"17,527.66",0.00717,0.00374,919.42090
64.2,2.15377,"17,551.66",0.00717,0.00374,920.68024
64.3,2.15706,"17,574.19",0.00717,0.00382,921.86169
64.4,2.16049,"17,598.41",0.00719,0.00406,923.13214
64.5,2.16386,"17,623.37",0.0072,0.00385,924.44177
64.6,2.167,"17,642.84",0.00723,0.00377,925.46271
64.7,2.17043,"17,668.80",0.00723,0.00375,926.82489
64.8,2.1738,"17,692.59",0.00722,0.0038,928.07275
64.9,2.17701,"17,714.22",0.00725,0.00377,929.20734
65,2.18052,"17,737.62",0.00724,0.00377,930.43457
65.1,2.18389,"17,762.40",0.00728,0.00391,931.73444
65.2,2.1871,"17,783.18",0.00728,0.00402,932.82458
65.3,2.19054,"17,807.71",0.00734,0.00406,934.11096
65.4,2.19383,"17,829.71",0.00734,0.00411,935.26550
65.5,2.19704,"17,853.33",0.00739,0.00411,936.50446
65.6,2.2004,"17,875.37",0.00732,0.00417,937.66034
65.7,2.20384,"17,900.11",0.00732,0.00415,938.95819
65.8,2.20713,"17,923.40",0.00735,0.00428,940.17993
65.9,2.21042,"17,943.22",0.00736,0.00424,941.21954
66,2.21393,"17,968.46",0.00742,0.00426,942.54327
66.1,2.21714,"17,991.97",0.00738,0.00417,943.77686
66.2,2.22036,"18,012.72",0.00737,0.00426,944.86530
66.3,2.2238,"18,036.29",0.00735,0.0038,946.10126
66.4,2.22716,"18,060.04",0.00737,0.00381,947.34741
66.5,2.23037,"18,082.30",0.00742,0.00377,948.51514
66.6,2.23381,"18,106.26",0.00742,0.00361,949.77161
66.7,2.23725,"18,130.19",0.00746,0.00361,951.02704
66.8,2.24039,"18,150.90",0.00746,0.00361,952.11353
66.9,2.24375,"18,172.63",0.00748,0.00366,953.25305
67,2.24719,"18,197.22",0.00747,0.00382,954.54321
67.1,2.2504,"18,219.57",0.00749,0.00382,955.71558
67.2,2.25369,"18,239.96",0.00748,0.00388,956.78516
67.3,2.2572,"18,265.64",0.0075,0.0038,958.13232
67.4,2.26049,"18,289.18",0.00757,0.00393,959.36682
67.5,2.26378,"18,308.98",0.00754,0.00386,960.40582
67.6,2.26714,"18,332.47",0.0075,0.00391,961.63757
67.7,2.27043,"18,354.98",0.00751,0.00388,962.81848
67.8,2.27372,"18,376.88",0.00751,0.00389,963.96722
67.9,2.27716,"18,401.54",0.0076,0.00394,965.26062
68,2.2806,"18,425.05",0.00754,0.00392,966.49420
68.1,2.28374,"18,445.54",0.00762,0.00401,967.56897
68.2,2.28717,"18,468.32",0.0076,0.00414,968.76373
68.3,2.29054,"18,492.18",0.00759,0.00424,970.01562
68.4,2.29368,"18,514.15",0.0076,0.00428,971.16809
68.5,2.29711,"18,535.61",0.00767,0.00427,972.29376
68.6,2.30055,"18,559.38",0.00764,0.00434,973.54065
68.7,2.30376,"18,582.24",0.00766,0.00431,974.73975
68.8,2.30713,"18,604.02",0.00761,0.00446,975.88214
68.9,2.31049,"18,628.31",0.00763,0.00445,977.15619
69,2.31378,"18,649.24",0.00762,0.00424,978.25427
69.1,2.31699,"18,669.67",0.00766,0.00396,979.32581
69.2,2.32043,"18,695.02",0.00764,0.00389,980.65527
69.3,2.32387,"18,717.19",0.00773,0.00385,981.81818
69.4,2.32701,"18,738.42",0.00778,0.00369,982.93225
69.5,2.33052,"18,760.10",0.00772,0.00378,984.06903
69.6,2.33396,"18,785.09",0.00775,0.00376,985.38025
69.7,2.33702,"18,805.07",0.00776,0.00376,986.42834
69.8,2.34046,"18,827.78",0.00778,0.00378,987.61951
69.9,2.34382,"18,849.14",0.00781,0.0038,988.74005
70,2.34704,"18,871.90",0.00785,0.00394,989.93402
70.1,2.35055,"18,894.07",0.00785,0.00403,991.09674
70.2,2.35384,"18,918.86",0.00786,0.00394,992.39685
70.3,2.35713,"18,939.27",0.00788,0.0038,993.46759
70.4,2.36042,"18,959.48",0.00784,0.00407,994.52795
70.5,2.36378,"18,983.50",0.00785,0.00405,995.78790
70.6,2.36714,"19,006.17",0.00784,0.00405,996.97717
70.7,2.37036,"19,027.46",0.00786,0.00403,998.09369
70.8,2.37379,"19,048.57",0.00789,0.00413,999.20093
70.9,2.37723,"19,071.81",0.00789,0.00408,1000.42041
71,2.38037,"19,093.18",0.0079,0.00416,1001.54114
71.1,2.38381,"19,116.48",0.0079,0.00423,1002.76324
71.2,2.38717,"19,137.09",0.00792,0.00435,1003.84442
71.3,2.39031,"19,157.85",0.00792,0.00439,1004.93353
71.4,2.39382,"19,181.48",0.00796,0.00446,1006.17316
71.5,2.39711,"19,203.56",0.00798,0.00447,1007.33130
71.6,2.40047,"19,225.33",0.00798,0.00446,1008.47314
71.7,2.40376,"19,245.49",0.008,0.00446,1009.53052
71.8,2.40713,"19,268.60",0.00804,0.00391,1010.74304
71.9,2.41049,"19,291.38",0.00805,0.00387,1011.93756
72,2.41363,"19,310.94",0.00802,0.00386,1012.96381
72.1,2.41714,"19,334.01",0.00804,0.00381,1014.17395
72.2,2.42058,"19,357.78",0.00805,0.00381,1015.42059
72.3,2.42372,"19,376.59",0.00808,0.00376,1016.40765
72.4,2.42723,"19,400.97",0.00808,0.00385,1017.68634
72.5,2.43059,"19,422.68",0.00809,0.00364,1018.82507
72.6,2.43366,"19,441.92",0.00811,0.00362,1019.83435
72.7,2.4371,"19,464.65",0.00811,0.00386,1021.02686
72.8,2.44038,"19,485.78",0.0081,0.00379,1022.13519
72.9,2.44382,"19,508.07",0.00812,0.00409,1023.30438
73,2.44711,"19,529.10",0.00811,0.00419,1024.40747
73.1,2.45047,"19,550.47",0.00816,0.00419,1025.52856
73.2,2.45391,"19,574.77",0.00814,0.00397,1026.80322
73.3,2.45698,"19,592.73",0.00814,0.00411,1027.74548
73.4,2.46041,"19,615.68",0.00816,0.00417,1028.94910
73.5,2.46385,"19,637.41",0.00817,0.00416,1030.08911
73.6,2.46699,"19,656.68",0.00821,0.00417,1031.09961
73.7,2.4705,"19,680.14",0.0082,0.00422,1032.33032
73.8,2.47387,"19,702.60",0.00818,0.00426,1033.50830
73.9,2.47708,"19,721.95",0.00823,0.00428,1034.52356
74,2.48052,"19,743.63",0.00826,0.00439,1035.66077
74.1,2.48381,"19,764.39",0.00825,0.00453,1036.75000
74.2,2.48709,"19,787.62",0.00826,0.00453,1037.96838
74.3,2.49046,"19,806.02",0.00825,0.00455,1038.93323
74.4,2.49382,"19,828.32",0.00828,0.00457,1040.10315
74.5,2.49718,"19,850.93",0.00829,0.00457,1041.28931
74.6,2.5004,"19,869.48",0.00828,0.00451,1042.26233
74.7,2.50391,"19,891.81",0.00828,0.00453,1043.43347
74.8,2.5072,"19,912.37",0.0083,0.00403,1044.51184
74.9,2.51034,"19,929.38",0.00834,0.00418,1045.40417
75,2.51385,"19,954.21",0.00834,0.00396,1046.70667
75.1,2.51721,"19,975.33",0.00838,0.00394,1047.81458
75.2,2.52043,"19,995.25",0.00834,0.00386,1048.85974
75.3,2.52386,"20,015.19",0.00835,0.00394,1049.90540
75.4,2.52723,"20,037.46",0.00836,0.00386,1051.07385
75.5,2.53037,"20,056.75",0.00838,0.0037,1052.08569
75.6,2.53373,"20,076.56",0.00838,0.00372,1053.12476
75.7,2.53717,"20,099.00",0.00837,0.0041,1054.30200
75.8,2.54046,"20,119.87",0.00839,0.00409,1055.39661
75.9,2.54382,"20,138.40",0.00838,0.00422,1056.36865
76,2.54726,"20,161.22",0.00845,0.00428,1057.56592
76.1,2.55047,"20,181.74",0.00842,0.00467,1058.64209
76.2,2.55368,"20,199.32",0.00842,0.00428,1059.56396
76.3,2.55712,"20,222.08",0.00842,0.00431,1060.75818
76.4,2.56049,"20,242.49",0.00843,0.00429,1061.82861
76.5,2.5637,"20,261.41",0.00847,0.00433,1062.82117
76.6,2.56714,"20,281.42",0.00849,0.00437,1063.87073
76.7,2.57065,"20,303.24",0.00848,0.00435,1065.01550
76.8,2.57371,"20,322.28",0.00848,0.00438,1066.01404
76.9,2.57715,"20,341.73",0.0085,0.00458,1067.03418
77,2.58052,"20,362.35",0.00852,0.00457,1068.11597
77.1,2.58373,"20,380.99",0.0085,0.00459,1069.09387
77.2,2.58717,"20,401.10",0.00852,0.00475,1070.14880
77.3,2.5906,"20,423.38",0.00853,0.0047,1071.31714
77.4,2.59374,"20,442.82",0.00855,0.00468,1072.33728
77.5,2.59711,"20,461.07",0.00852,0.00475,1073.29468
77.6,2.60047,"20,483.15",0.00851,0.00462,1074.45264
77.7,2.60383,"20,502.77",0.0086,0.00402,1075.48193
77.8,2.60705,"20,521.19",0.00871,0.00401,1076.44775
77.9,2.61048,"20,541.85",0.00855,0.00403,1077.53162
78,2.61385,"20,561.68",0.00865,0.00406,1078.57202
78.1,2.61706,"20,580.87",0.00863,0.00399,1079.57849
78.2,2.6205,"20,600.82",0.00859,0.00389,1080.62488
78.3,2.62394,"20,621.84",0.00866,0.0039,1081.72766
78.4,2.627,"20,639.76",0.00865,0.00385,1082.66785
78.5,2.63051,"20,658.71",0.00865,0.00393,1083.66150
78.6,2.63388,"20,679.16",0.00863,0.00399,1084.73438
78.7,2.63709,"20,699.12",0.00864,0.0041,1085.78125
78.8,2.64053,"20,717.09",0.00862,0.00435,1086.72400
78.9,2.64382,"20,737.74",0.00866,0.00453,1087.80750
79,2.64718,"20,756.35",0.00865,0.00463,1088.78333
79.1,2.65039,"20,773.97",0.00867,0.00468,1089.70801
79.2,2.65376,"20,794.04",0.00869,0.00445,1090.76050
79.3,2.65712,"20,813.12",0.00871,0.00446,1091.76135
79.4,2.66033,"20,831.35",0.00869,0.00444,1092.71741
79.5,2.66385,"20,851.06",0.00873,0.00449,1093.75159
79.6,2.66728,"20,870.39",0.00869,0.00444,1094.76550
79.7,2.67042,"20,887.33",0.00871,0.00468,1095.65405
79.8,2.67379,"20,904.49",0.00874,0.00473,1096.55396
79.9,2.67715,"20,924.39",0.00873,0.00473,1097.59802
80,2.68036,"20,943.05",0.00875,0.00479,1098.57690
80.1,2.6838,"20,960.59",0.00874,0.00479,1099.49719
80.2,2.68709,"20,979.55",0.00873,0.00476,1100.49146
80.3,2.69053,"20,997.80",0.00878,0.00476,1101.44897
80.4,2.69374,"21,015.77",0.00881,0.00474,1102.39148
80.5,2.69703,"21,034.44",0.00884,0.00462,1103.37085
80.6,2.70047,"21,052.40",0.00875,0.00463,1104.31311
80.7,2.70361,"21,067.45",0.00875,0.00416,1105.10242
80.8,2.70719,"21,087.09",0.00879,0.00408,1106.13257
80.9,2.71063,"21,106.56",0.00883,0.00408,1107.15405
81,2.7137,"21,121.69",0.00877,0.00408,1107.94763
81.1,2.71721,"21,139.69",0.00879,0.00397,1108.89172
81.2,2.72057,"21,158.17",0.00877,0.00392,1109.86096
81.3,2.72379,"21,174.30",0.00879,0.00408,1110.70728
81.4,2.72715,"21,192.16",0.00882,0.00423,1111.64392
81.5,2.73051,"21,209.25",0.00881,0.00435,1112.54065
81.6,2.7338,"21,226.18",0.00882,0.00445,1113.42871
81.7,2.73709,"21,242.98",0.00881,0.00448,1114.31006
81.8,2.74045,"21,260.30",0.00887,0.00469,1115.21851
81.9,2.74389,"21,278.21",0.00885,0.00471,1116.15759
82,2.74695,"21,292.16",0.00884,0.00462,1116.88977
82.1,2.75047,"21,310.35",0.00882,0.00449,1117.84387
82.2,2.75383,"21,328.08",0.00887,0.00457,1118.77356
82.3,2.75704,"21,343.66",0.00889,0.00451,1119.59131
82.4,2.76056,"21,361.15",0.00889,0.00455,1120.50842
82.5,2.76384,"21,377.55",0.00888,0.0047,1121.36865
82.6,2.76706,"21,393.21",0.00888,0.00479,1122.19043
82.7,2.7705,"21,408.95",0.00891,0.00479,1123.01587
82.8,2.77379,"21,425.52",0.00888,0.00481,1123.88501
82.9,2.77707,"21,441.98",0.00889,0.00486,1124.74866
83,2.78044,"21,457.02",0.00886,0.00483,1125.53748
83.1,2.78387,"21,475.96",0.00892,0.0048,1126.53088
83.2,2.78724,"21,493.37",0.00894,0.0048,1127.44397
83.3,2.79038,"21,505.54",0.00895,0.00478,1128.08240
83.4,2.79381,"21,522.32",0.00897,0.00475,1128.96265
83.5,2.79718,"21,539.32",0.00893,0.00444,1129.85425
83.6,2.80032,"21,551.89",0.00896,0.00417,1130.51379
83.7,2.8039,"21,570.34",0.00894,0.00423,1131.48181
83.8,2.80727,"21,584.62",0.00892,0.00411,1132.23059
83.9,2.81041,"21,600.00",0.00894,0.0042,1133.03760
84,2.81384,"21,616.60",0.00894,0.00404,1133.90808
84.1,2.81721,"21,632.43",0.00893,0.00428,1134.73865
84.2,2.82042,"21,646.83",0.00893,0.00434,1135.49402
84.3,2.82371,"21,659.95",0.00896,0.00439,1136.18237
84.4,2.82715,"21,677.11",0.00895,0.00451,1137.08215
84.5,2.83044,"21,693.36",0.00896,0.00456,1137.93481
84.6,2.83372,"21,705.88",0.009,0.00478,1138.59167
84.7,2.83724,"21,722.36",0.00899,0.00488,1139.45605
84.8,2.84045,"21,737.53",0.00899,0.00488,1140.25146
84.9,2.84366,"21,750.15",0.00898,0.00459,1140.91345
85,2.84718,"21,768.33",0.00898,0.00461,1141.86719
85.1,2.85054,"21,781.84",0.00901,0.00458,1142.57593
85.2,2.85375,"21,795.17",0.009,0.0046,1143.27515
85.3,2.85719,"21,811.35",0.00901,0.00471,1144.12366
85.4,2.86063,"21,826.62",0.00904,0.00486,1144.92480
85.5,2.86369,"21,839.97",0.00903,0.00492,1145.62500
85.6,2.86706,"21,852.92",0.00901,0.0049,1146.30432
85.7,2.87049,"21,869.15",0.009,0.00493,1147.15564
85.8,2.87378,"21,884.48",0.00904,0.00489,1147.95984
85.9,2.87715,"21,897.85",0.00903,0.00486,1148.66125
86,2.88058,"21,913.19",0.00903,0.00491,1149.46606
86.1,2.8838,"21,926.28",0.00901,0.00487,1150.15247
86.2,2.88701,"21,938.73",0.00905,0.00449,1150.80579
86.3,2.89045,"21,955.90",0.00905,0.00431,1151.70618
86.4,2.89381,"21,968.51",0.00907,0.00439,1152.36768
86.5,2.89703,"21,980.18",0.00906,0.00437,1152.97986
86.6,2.90046,"21,995.20",0.00907,0.00441,1153.76758
86.7,2.9039,"22,009.54",0.00908,0.00431,1154.52014
86.8,2.90704,"22,022.68",0.00905,0.00442,1155.20911
86.9,2.91048,"22,034.67",0.00911,0.00444,1155.83850
87,2.91384,"22,047.80",0.00911,0.00448,1156.52722
87.1,2.91706,"22,060.55",0.00909,0.00474,1157.19604
87.2,2.92049,"22,071.83",0.00909,0.00477,1157.78748
87.3,2.92386,"22,087.05",0.00909,0.00485,1158.58582
87.4,2.92715,"22,099.07",0.00908,0.00507,1159.21619
87.5,2.93051,"22,110.66",0.00912,0.00466,1159.82458
87.6,2.93387,"22,124.74",0.00912,0.00473,1160.56287
87.7,2.93716,"22,136.54",0.0091,0.00466,1161.18176
87.8,2.94037,"22,147.29",0.00909,0.00463,1161.74609
87.9,2.94374,"22,159.48",0.00914,0.00476,1162.38525
88,2.94717,"22,172.07",0.00913,0.00492,1163.04578
88.1,2.95039,"22,182.82",0.00913,0.00494,1163.60950
88.2,2.95383,"22,194.09",0.00912,0.00501,1164.20068
88.3,2.95719,"22,205.81",0.00915,0.00499,1164.81580
88.4,2.9604,"22,216.68",0.00913,0.00496,1165.38586
88.5,2.96377,"22,228.20",0.00914,0.00489,1165.98999
88.6,2.96713,"22,240.51",0.00914,0.00494,1166.63586
88.7,2.97042,"22,250.74",0.00914,0.00486,1167.17236
88.8,2.97378,"22,260.60",0.00914,0.00461,1167.68958
88.9,2.97714,"22,272.76",0.00918,0.00434,1168.32751
89,2.98051,"22,285.04",0.00917,0.0044,1168.97180
89.1,2.98372,"22,293.86",0.00915,0.00439,1169.43433
89.2,2.98708,"22,304.38",0.00916,0.00444,1169.98633
89.3,2.99052,"22,316.13",0.00916,0.00439,1170.60242
89.4,2.99366,"22,325.83",0.00915,0.00453,1171.11096
89.5,2.99717,"22,338.36",0.00918,0.00475,1171.76843
89.6,3.00061,"22,348.47",0.0092,0.00485,1172.29883
89.7,3.00375,"22,356.68",0.00915,0.00499,1172.72949
89.8,3.00719,"22,367.31",0.00918,0.00476,1173.28711
89.9,3.01048,"22,378.34",0.00919,0.00469,1173.86548
90,3.01376,"22,388.43",0.00919,0.00473,1174.39478
90.1,3.01713,"22,396.73",0.00919,0.00469,1174.83008
90.2,3.02049,"22,408.05",0.0092,0.0048,1175.42419
90.3,3.02393,"22,418.66",0.0092,0.0048,1175.98083
90.4,3.02714,"22,426.44",0.0092,0.00497,1176.38892
90.5,3.03043,"22,436.21",0.00919,0.00496,1176.90125
90.6,3.03387,"22,446.43",0.0092,0.00499,1177.43738
90.7,3.03701,"22,454.86",0.0092,0.00496,1177.87927
90.8,3.04045,"22,466.51",0.00921,0.00501,1178.49060
90.9,3.04396,"22,477.33",0.00923,0.005,1179.05798
91,3.04702,"22,484.81",0.00924,0.00501,1179.45081
91.1,3.05054,"22,494.93",0.00922,0.00459,1179.98132
91.2,3.0539,"22,506.27",0.00923,0.00465,1180.57642
91.3,3.05704,"22,514.56",0.00921,0.00474,1181.01111
91.4,3.06048,"22,523.33",0.00925,0.00462,1181.47131
91.5,3.06376,"22,532.50",0.00925,0.00446,1181.95203
91.6,3.06713,"22,543.30",0.00922,0.0045,1182.51855
91.7,3.07042,"22,551.65",0.00925,0.00465,1182.95667
91.8,3.07385,"22,562.44",0.00923,0.00485,1183.52271
91.9,3.07729,"22,572.77",0.00926,0.00496,1184.06470
92,3.08036,"22,578.46",0.00922,0.00468,1184.36304
92.1,3.08379,"22,590.80",0.00921,0.00469,1185.01062
92.2,3.08723,"22,601.20",0.00924,0.00473,1185.55591
92.3,3.0903,"22,607.53",0.00925,0.00469,1185.88770
92.4,3.09388,"22,618.06",0.00927,0.00474,1186.44031
92.5,3.09725,"22,628.16",0.00925,0.00486,1186.96997
92.6,3.10039,"22,637.25",0.00925,0.00488,1187.44678
92.7,3.10375,"22,644.67",0.00924,0.00498,1187.83594
92.8,3.10711,"22,653.33",0.0093,0.00501,1188.29016
92.9,3.1104,"22,663.61",0.00927,0.00498,1188.82983
93,3.11369,"22,672.21",0.00929,0.00505,1189.28064
93.1,3.1172,"22,682.01",0.00929,0.00497,1189.79456
93.2,3.12056,"22,690.64",0.00924,0.00522,1190.24768
93.3,3.12363,"22,696.98",0.00924,0.00526,1190.58032
93.4,3.12714,"22,707.79",0.00926,0.00481,1191.14697
93.5,3.1305,"22,716.59",0.00927,0.00465,1191.60864
93.6,3.13364,"22,722.47",0.00928,0.00465,1191.91724
93.7,3.13723,"22,732.39",0.00928,0.00458,1192.43750
93.8,3.14059,"22,741.15",0.00927,0.00462,1192.89685
93.9,3.14381,"22,748.90",0.00931,0.0048,1193.30347
94,3.14717,"22,756.67",0.00932,0.00485,1193.71106
94.1,3.15053,"22,763.93",0.00927,0.00511,1194.09204
94.2,3.15375,"22,770.79",0.00929,0.00472,1194.45178
94.3,3.15711,"22,778.32",0.00934,0.00471,1194.84656
94.4,3.16055,"22,787.23",0.00933,0.0047,1195.31421
94.5,3.16384,"22,795.43",0.00931,0.0048,1195.74414
94.6,3.16705,"22,798.26",0.0093,0.00482,1195.89258
94.7,3.17056,"22,807.93",0.0093,0.00486,1196.40002
94.8,3.17385,"22,815.26",0.00931,0.00498,1196.78430
94.9,3.17699,"22,818.55",0.00932,0.00506,1196.95728
95,3.1805,"22,827.72",0.00927,0.005,1197.43835
95.1,3.18379,"22,833.20",0.00928,0.00517,1197.72534
95.2,3.18701,"22,838.72",0.00931,0.00526,1198.01501
95.3,3.19052,"22,847.05",0.00934,0.00532,1198.45203
95.4,3.19388,"22,852.85",0.00933,0.00521,1198.75610
95.5,3.19717,"22,857.72",0.00929,0.00479,1199.01172
95.6,3.20046,"22,862.48",0.00931,0.00478,1199.26160
95.7,3.20382,"22,868.70",0.0093,0.00474,1199.58789
95.8,3.20711,"22,874.60",0.00931,0.00456,1199.89722
95.9,3.2104,"22,875.48",0.00933,0.00475,1199.94312
96,3.21391,"22,883.45",0.00933,0.00477,1200.36133
96.1,3.2172,"22,888.17",0.00935,0.00494,1200.60901
96.2,3.22041,"22,890.64",0.00932,0.00476,1200.73865
96.3,3.22385,"22,895.12",0.00933,0.00481,1200.97375
96.4,3.22714,"22,898.85",0.00936,0.00474,1201.16907
96.5,3.23035,"22,901.40",0.00934,0.00476,1201.30310
96.6,3.23379,"22,905.33",0.00934,0.00483,1201.50903
96.7,3.23723,"22,908.48",0.00935,0.00501,1201.67444
96.8,3.24044,"22,909.97",0.00934,0.00506,1201.75232
96.9,3.24381,"22,912.21",0.00935,0.00506,1201.86975
97,3.24717,"22,914.75",0.00933,0.00506,1202.00330
97.1,3.25038,"22,915.93",0.00934,0.00529,1202.06494
97.2,3.25382,"22,915.64",0.00935,0.0053,1202.05005
97.3,3.25718,"22,917.52",0.00933,0.0049,1202.14868
97.4,3.26047,"22,918.40",0.00934,0.00477,1202.19495
97.5,3.26383,"22,916.06",0.00932,0.00479,1202.07190
97.6,3.26712,"22,915.54",0.00933,0.00451,1202.04443
97.7,3.27049,"22,913.29",0.00935,0.00461,1201.92664
97.8,3.2737,"22,911.73",0.00933,0.00474,1201.84473
97.9,3.27706,"22,909.25",0.00934,0.00477,1201.71484
98,3.28058,"22,907.64",0.00935,0.00477,1201.63037
98.1,3.28371,"22,903.46",0.00933,0.00479,1201.41101
98.2,3.28715,"22,898.16",0.00933,0.00478,1201.13318
98.3,3.29059,"22,895.19",0.00934,0.00479,1200.97717
98.4,3.29373,"22,887.62",0.00932,0.00495,1200.57996
98.5,3.29717,"22,880.28",0.00933,0.00502,1200.19507
98.6,3.30053,"22,873.59",0.00931,0.00503,1199.84412
98.7,3.30382,"22,864.96",0.00933,0.00504,1199.39124
98.8,3.30711,"22,853.95",0.00934,0.00511,1198.81372
98.9,3.31055,"22,844.55",0.00931,0.00514,1198.32117
99,3.31398,"22,831.67",0.0093,0.00473,1197.64502
99.1,3.31712,"22,815.99",0.00929,0.00465,1196.82288
99.2,3.32041,"22,800.96",0.0093,0.00448,1196.03430
99.3,3.32385,"22,783.99",0.0093,0.00469,1195.14404
99.4,3.32699,"22,762.55",0.0093,0.00464,1194.01941
99.5,3.33043,"22,740.36",0.0093,0.00468,1192.85559
99.6,3.33394,"22,718.04",0.00929,0.00474,1191.68457
99.7,3.33708,"22,689.42",0.00927,0.00494,1190.18335
99.8,3.34044,"22,659.69",0.00924,0.00501,1188.62378
99.9,3.3438,"22,626.01",0.00925,0.00503,1186.85742
100,3.34709,"22,588.36",0.00923,0.00512,1184.88232
100.1,3.35046,"22,544.59",0.00922,0.00467,1182.58630
100.2,3.35382,"22,498.17",0.00919,0.00465,1180.15161
100.3,3.35726,"22,444.97",0.00916,0.00449,1177.36096
100.4,3.36039,"22,380.11",0.00914,0.00474,1173.95862
100.5,3.36383,"22,312.86",0.00917,0.0047,1170.43066
100.6,3.36727,"22,237.54",0.00924,0.00473,1166.47986
100.7,3.37034,"22,149.41",0.00915,0.00498,1161.85706
100.8,3.37385,"22,053.31",0.00903,0.00486,1156.81604
100.9,3.37729,"21,946.95",0.00895,0.00487,1151.23682
101,3.38042,"21,827.54",0.00894,0.00435,1144.97290
101.1,3.38386,"21,703.00",0.00889,0.00454,1138.44055
101.2,3.38723,"21,570.16",0.00888,0.00451,1131.47205
101.3,3.39044,"21,430.98",0.00881,0.00484,1124.17175
101.4,3.39373,"21,292.00",0.00869,0.00487,1116.88123
101.5,3.39717,"21,159.37",0.00866,0.00447,1109.92383
101.6,3.40053,"21,036.01",0.0086,0.00448,1103.45288
101.7,3.40374,"20,921.12",0.00856,0.00445,1097.42651
101.8,3.40718,"20,827.09",0.00856,0.00446,1092.49414
101.9,3.41062,"20,752.07",0.00851,0.00476,1088.55920
102,3.41361,"20,690.88",0.00848,0.005,1085.34900
102.1,3.41719,"20,649.83",0.00845,0.00502,1083.19617
102.2,3.42056,"20,618.77",0.00844,0.00438,1081.56641
102.3,3.4237,"20,594.91",0.00845,0.00427,1080.31531
102.4,3.42721,"20,582.04",0.00846,0.00424,1079.64014
102.5,3.43057,"20,572.63",0.00843,0.00443,1079.14612
102.6,3.43379,"20,564.67",0.00841,0.00449,1078.72864
102.7,3.43715,"20,562.05",0.00845,0.00443,1078.59143
102.8,3.44051,"20,562.85",0.00845,0.00443,1078.63318
102.9,3.4438,"20,565.54",0.00842,0.00443,1078.77454
103,3.44709,"20,567.39",0.00844,0.00448,1078.87158
103.1,3.45053,"20,572.92",0.00845,0.00473,1079.16150
103.2,3.45389,"20,582.38",0.00847,0.00467,1079.65747
103.3,3.45703,"20,586.35",0.00847,0.00468,1079.86597
103.4,3.46054,"20,597.07",0.00842,0.00478,1080.42822
103.5,3.46383,"20,605.80",0.00841,0.005,1080.88647
103.6,3.46697,"20,611.83",0.00846,0.00496,1081.20276
103.7,3.47056,"20,624.31",0.00846,0.00443,1081.85706
103.8,3.47385,"20,634.25",0.00848,0.00445,1082.37891
103.9,3.47706,"20,643.45",0.00846,0.00431,1082.86096
104,3.4805,"20,652.23",0.00847,0.0042,1083.32202
104.1,3.48386,"20,664.35",0.00849,0.00431,1083.95764
104.2,3.48707,"20,675.60",0.00848,0.00448,1084.54749
104.3,3.49044,"20,684.75",0.00847,0.00454,1085.02771
104.4,3.49388,"20,696.98",0.00847,0.00446,1085.66919
104.5,3.49716,"20,707.44",0.00849,0.00444,1086.21777
104.6,3.50038,"20,716.71",0.0085,0.00447,1086.70422
104.7,3.50389,"20,729.34",0.00851,0.00442,1087.36658
104.8,3.50718,"20,740.59",0.00852,0.00457,1087.95691
104.9,3.51032,"20,747.14",0.0085,0.00467,1088.30054
105,3.5139,"20,759.71",0.00852,0.00477,1088.95984
105.1,3.51719,"20,769.27",0.00854,0.00478,1089.46106
105.2,3.52041,"20,777.75",0.0085,0.00472,1089.90625
105.3,3.52384,"20,786.45",0.0085,0.00502,1090.36206
105.4,3.52721,"20,794.44",0.0085,0.00497,1090.78149
105.5,3.5305,"20,804.14",0.00854,0.00486,1091.29016
105.6,3.53378,"20,810.89",0.00854,0.00445,1091.64429
105.7,3.53715,"20,819.04",0.00852,0.00435,1092.07178
105.8,3.54044,"20,825.68",0.00853,0.00421,1092.42017
105.9,3.54372,"20,831.69",0.00856,0.0043,1092.73523
106,3.54716,"20,839.81",0.00857,0.00454,1093.16150
106.1,3.55053,"20,847.42",0.00853,0.00458,1093.56042
106.2,3.55374,"20,849.96",0.00856,0.00444,1093.69409
106.3,3.5571,"20,855.32",0.0086,0.00449,1093.97498
106.4,3.56047,"20,860.79",0.00861,0.00443,1094.26196
106.5,3.56368,"20,865.40",0.00857,0.00446,1094.50378
106.6,3.56712,"20,868.11",0.00856,0.00469,1094.64563
106.7,3.57056,"20,872.82",0.0086,0.00471,1094.89270
106.8,3.57377,"20,876.03",0.0086,0.00475,1095.06116
106.9,3.57713,"20,877.75",0.00858,0.00476,1095.15149
107,3.58057,"20,882.24",0.00857,0.00488,1095.38721
107.1,3.58371,"20,883.13",0.00853,0.00494,1095.43396
107.2,3.58707,"20,882.52",0.00857,0.00453,1095.40161
107.3,3.59051,"20,885.81",0.00855,0.00447,1095.57446
107.4,3.59387,"20,887.07",0.00856,0.00425,1095.64050
107.5,3.59709,"20,885.43",0.00857,0.00434,1095.55444
107.6,3.60045,"20,885.43",0.00855,0.00447,1095.55444
107.7,3.60389,"20,885.73",0.00858,0.00456,1095.56995
107.8,3.60703,"20,883.92",0.00857,0.00447,1095.47498
107.9,3.61039,"20,882.21",0.00856,0.00446,1095.38525
108,3.6139,"20,880.51",0.00858,0.00444,1095.29651
108.1,3.61704,"20,877.69",0.00859,0.00451,1095.14819
108.2,3.62048,"20,875.44",0.00861,0.00469,1095.03040
108.3,3.62392,"20,874.60",0.0086,0.00477,1094.98621
108.4,3.62706,"20,871.23",0.0086,0.00477,1094.80945
108.5,3.63042,"20,865.87",0.00859,0.00475,1094.52808
108.6,3.63378,"20,864.36",0.0086,0.00499,1094.44897
108.7,3.63715,"20,861.69",0.00857,0.00489,1094.30933
108.8,3.64043,"20,857.39",0.0086,0.00448,1094.08362
108.9,3.6438,"20,853.52",0.0086,0.00431,1093.88037
109,3.64723,"20,850.04",0.0086,0.00423,1093.69788
109.1,3.65037,"20,845.86",0.00857,0.00437,1093.47876
109.2,3.65374,"20,841.82",0.0086,0.0048,1093.26672
109.3,3.65725,"20,837.64",0.0086,0.00462,1093.04736
109.4,3.66031,"20,831.41",0.00862,0.00444,1092.72083
109.5,3.66383,"20,827.89",0.00859,0.00456,1092.53601
109.6,3.66726,"20,825.46",0.00855,0.00446,1092.40869
109.7,3.6704,"20,819.49",0.00858,0.00473,1092.09546
109.8,3.67384,"20,813.84",0.00862,0.00478,1091.79895
109.9,3.6772,"20,810.83",0.00859,0.00472,1091.64148
110,3.68049,"20,807.20",0.0086,0.00474,1091.45093
110.1,3.68378,"20,801.59",0.00858,0.00496,1091.15637
110.2,3.68714,"20,797.80",0.00859,0.00448,1090.95789
110.3,3.69051,"20,794.50",0.00859,0.00447,1090.78455
110.4,3.69372,"20,788.75",0.00858,0.00434,1090.48315
110.5,3.69716,"20,785.89",0.00857,0.00431,1090.33325
110.6,3.7006,"20,783.88",0.00856,0.0044,1090.22742
110.7,3.70359,"20,776.20",0.00857,0.00469,1089.82446
110.8,3.70717,"20,773.80",0.00855,0.00456,1089.69873
110.9,3.71061,"20,773.20",0.00856,0.00447,1089.66748
111,3.71375,"20,767.41",0.00856,0.00446,1089.36340
111.1,3.71719,"20,763.60",0.00857,0.00454,1089.16357
111.2,3.72055,"20,760.76",0.00857,0.00469,1089.01477
111.3,3.72377,"20,758.14",0.00856,0.00471,1088.87744
111.4,3.72705,"20,754.05",0.00858,0.00477,1088.66296
111.5,3.73049,"20,751.93",0.00854,0.00469,1088.55139
111.6,3.73378,"20,749.38",0.00857,0.00482,1088.41785
111.7,3.73707,"20,745.04",0.00858,0.00438,1088.18994
111.8,3.74051,"20,743.83",0.00857,0.00446,1088.12671
111.9,3.74394,"20,743.66",0.00859,0.00428,1088.11780
112,3.74701,"20,737.28",0.00857,0.00429,1087.78308
112.1,3.75052,"20,736.63",0.00857,0.00445,1087.74927
112.2,3.75388,"20,735.55",0.00862,0.0046,1087.69238
112.3,3.75695,"20,731.66",0.00859,0.00475,1087.48853
112.4,3.76054,"20,731.90",0.00859,0.00446,1087.50085
112.5,3.76382,"20,730.25",0.00859,0.0045,1087.41443
112.6,3.76711,"20,728.46",0.0086,0.00444,1087.32043
112.7,3.77048,"20,725.82",0.00862,0.00473,1087.18176
112.8,3.77376,"20,723.88",0.00861,0.00476,1087.08044
112.9,3.77705,"20,723.10",0.00862,0.00478,1087.03918
113,3.78034,"20,719.39",0.00857,0.00474,1086.84473
113.1,3.78385,"20,720.41",0.0086,0.00473,1086.89819
113.2,3.78722,"20,720.00",0.00856,0.00456,1086.87671
113.3,3.79043,"20,716.33",0.00858,0.00432,1086.68408
113.4,3.79387,"20,715.01",0.00859,0.00429,1086.61475
113.5,3.79723,"20,713.71",0.00857,0.00425,1086.54675
113.6,3.8003,"20,709.89",0.00852,0.00438,1086.34631
113.7,3.80388,"20,709.58",0.00853,0.00451,1086.32996
113.8,3.80717,"20,706.69",0.00856,0.00469,1086.17822
113.9,3.81046,"20,703.12",0.00857,0.00454,1085.99133
114,3.81382,"20,700.79",0.00859,0.00455,1085.86902
114.1,3.81719,"20,699.36",0.00854,0.00446,1085.79382
114.2,3.82048,"20,696.81",0.00858,0.00468,1085.66028
114.3,3.82369,"20,691.71",0.00857,0.00478,1085.39258
114.4,3.82713,"20,689.31",0.0086,0.00477,1085.26697
114.5,3.83049,"20,686.87",0.00857,0.00476,1085.13892
114.6,3.8337,"20,680.05",0.00856,0.00472,1084.78088
114.7,3.83722,"20,678.07",0.00853,0.0044,1084.67700
114.8,3.8405,"20,673.78",0.00857,0.00436,1084.45215
114.9,3.84372,"20,668.07",0.0086,0.00408,1084.15259
115,3.84716,"20,665.07",0.0086,0.00417,1083.99524
115.1,3.85052,"20,660.11",0.00854,0.00436,1083.73535
115.2,3.85373,"20,653.73",0.00852,0.00457,1083.40039
115.3,3.8571,"20,649.47",0.00857,0.00477,1083.17688
115.4,3.86053,"20,644.17",0.0086,0.00449,1082.89917
115.5,3.86382,"20,639.23",0.00862,0.0044,1082.63965
115.6,3.86704,"20,630.76",0.00857,0.00445,1082.19531
115.7,3.87047,"20,626.51",0.00857,0.00469,1081.97266
115.8,3.87376,"20,621.11",0.00858,0.00477,1081.68945
115.9,3.87705,"20,612.79",0.00858,0.00477,1081.25269
116,3.88056,"20,608.30",0.00857,0.0047,1081.01721
116.1,3.88385,"20,600.77",0.00856,0.00465,1080.62256
116.2,3.88714,"20,592.89",0.0086,0.00423,1080.20935
116.3,3.8905,"20,586.30",0.00854,0.0043,1079.86340
116.4,3.89387,"20,579.63",0.00856,0.00401,1079.51331
116.5,3.89708,"20,570.49",0.00858,0.00423,1079.03418
116.6,3.90044,"20,561.91",0.0086,0.00432,1078.58411
116.7,3.90388,"20,554.76",0.00856,0.00479,1078.20886
116.8,3.9071,"20,547.21",0.00856,0.00478,1077.81311
116.9,3.91046,"20,537.08",0.00857,0.00441,1077.28137
117,3.9139,"20,528.36",0.00855,0.00441,1076.82434
117.1,3.91711,"20,520.15",0.00854,0.00461,1076.39343
117.2,3.9204,"20,508.45",0.00855,0.00477,1075.77966
117.3,3.92384,"20,499.96",0.00853,0.00478,1075.33472
117.4,3.9272,"20,490.18",0.00852,0.00466,1074.82141
117.5,3.93041,"20,478.21",0.0085,0.00456,1074.19373
117.6,3.93385,"20,468.88",0.00854,0.00425,1073.70410
117.7,3.93721,"20,459.35",0.00857,0.0041,1073.20410
117.8,3.94035,"20,446.83",0.00854,0.00405,1072.54736
117.9,3.94372,"20,435.76",0.00854,0.00423,1071.96692
118,3.94723,"20,425.91",0.00853,0.00437,1071.44983
118.1,3.95044,"20,413.92",0.00851,0.00475,1070.82104
118.2,3.95381,"20,401.83",0.00848,0.00446,1070.18677
118.3,3.95724,"20,390.96",0.00848,0.00443,1069.61694
118.4,3.96038,"20,378.87",0.00848,0.00443,1068.98254
118.5,3.96382,"20,366.04",0.00848,0.00463,1068.30957
118.6,3.96718,"20,355.44",0.0085,0.00471,1067.75366
118.7,3.97047,"20,344.44",0.00849,0.00474,1067.17664
118.8,3.97376,"20,330.72",0.0085,0.00464,1066.45667
118.9,3.9772,"20,320.97",0.00849,0.0044,1065.94556
119,3.98056,"20,310.10",0.00846,0.00412,1065.37524
119.1,3.98378,"20,296.90",0.00847,0.00387,1064.68298
119.2,3.98706,"20,284.00",0.00846,0.00415,1064.00598
119.3,3.9905,"20,272.98",0.00842,0.0044,1063.42834
119.4,3.99357,"20,259.34",0.0084,0.00456,1062.71252
119.5,3.99715,"20,247.67",0.00846,0.00466,1062.10022
119.6,4.00059,"20,237.51",0.00846,0.00437,1061.56763
119.7,4.00373,"20,222.41",0.00848,0.00438,1060.77515
119.8,4.00717,"20,210.54",0.00846,0.00461,1060.15295
119.9,4.01053,"20,199.42",0.00842,0.00464,1059.56958
120,4.01382,"20,186.28",0.00846,0.00467,1058.88025
120.1,4.01711,"20,173.02",0.0084,0.00464,1058.18481
120.2,4.02047,"20,161.09",0.00841,0.00457,1057.55859
120.3,4.02391,"20,149.65",0.00838,0.00407,1056.95862
120.4,4.02705,"20,135.44",0.00842,0.004,1056.21338
120.5,4.03049,"20,125.18",0.0084,0.00386,1055.67517
120.6,4.03392,"20,112.97",0.00841,0.00426,1055.03479
120.7,4.03699,"20,098.93",0.00841,0.00433,1054.29822
120.8,4.0405,"20,088.61",0.00839,0.00469,1053.75684
120.9,4.04394,"20,077.74",0.00842,0.00435,1053.18652
121,4.047,"20,062.92",0.00841,0.00433,1052.40930
121.1,4.05059,"20,052.45",0.0084,0.00443,1051.86023
121.2,4.05388,"20,041.99",0.00838,0.00464,1051.31128
121.3,4.05709,"20,030.04",0.00837,0.00472,1050.68445
121.4,4.06046,"20,017.57",0.00838,0.00466,1050.03052
121.5,4.06374,"20,005.58",0.00836,0.00461,1049.40173
121.6,4.06711,"19,996.31",0.00837,0.00403,1048.91528
121.7,4.07039,"19,984.21",0.00837,0.00394,1048.28076
121.8,4.07383,"19,976.01",0.00832,0.00402,1047.85022
121.9,4.0772,"19,965.35",0.00831,0.00416,1047.29114
122,4.08034,"19,951.60",0.00833,0.00429,1046.57007
122.1,4.08385,"19,943.83",0.00835,0.0047,1046.16260
122.2,4.08721,"19,935.91",0.00838,0.00455,1045.74695
122.3,4.09042,"19,922.72",0.00832,0.00436,1045.05481
122.4,4.09386,"19,914.01",0.00832,0.00437,1044.59839
122.5,4.09723,"19,905.05",0.00831,0.00464,1044.12817
122.6,4.10044,"19,895.19",0.00838,0.00469,1043.61084
122.7,4.1038,"19,885.86",0.00841,0.00472,1043.12134
122.8,4.10709,"19,875.42",0.00834,0.00467,1042.57373
122.9,4.11045,"19,867.91",0.00831,0.00427,1042.17969
123,4.11374,"19,858.50",0.0083,0.00406,1041.68652
123.1,4.11718,"19,851.92",0.0083,0.00401,1041.34119
123.2,4.12054,"19,844.47",0.0083,0.0038,1040.95068
123.3,4.12376,"19,833.34",0.00832,0.00414,1040.36670
123.4,4.12719,"19,829.01",0.00832,0.00433,1040.13916
123.5,4.13048,"19,821.66",0.00831,0.00463,1039.75403
123.6,4.1337,"19,813.70",0.00831,0.00436,1039.33618
123.7,4.13714,"19,806.60",0.00831,0.0044,1038.96411
123.8,4.14042,"19,799.63",0.00834,0.00439,1038.59802
123.9,4.14371,"19,793.67",0.00829,0.00458,1038.28540
124,4.14715,"19,788.84",0.00831,0.00469,1038.03247
124.1,4.15051,"19,783.63",0.00831,0.00471,1037.75928
124.2,4.1538,"19,777.71",0.00828,0.00467,1037.44836
124.3,4.15702,"19,771.06",0.00828,0.00432,1037.09949
124.4,4.16053,"19,769.15",0.00824,0.0042,1036.99951
124.5,4.16382,"19,765.20",0.00825,0.00403,1036.79236
124.6,4.1671,"19,757.81",0.00829,0.0038,1036.40454
124.7,4.17054,"19,755.35",0.0083,0.00384,1036.27576
124.8,4.17391,"19,752.61",0.00832,0.00419,1036.13196
124.9,4.17712,"19,748.05",0.00828,0.00434,1035.89258
125,4.18048,"19,744.77",0.00826,0.00469,1035.72058
125.1,4.18377,"19,741.27",0.00832,0.00434,1035.53711
125.2,4.18706,"19,738.16",0.00831,0.00437,1035.37378
125.3,4.19042,"19,736.18",0.00826,0.0043,1035.27014
125.4,4.19386,"19,734.59",0.00828,0.00463,1035.18640
125.5,4.19715,"19,732.75",0.00833,0.00462,1035.08997
125.6,4.20044,"19,729.03",0.00834,0.00467,1034.89490
125.7,4.2038,"19,729.63",0.00831,0.0046,1034.92615
125.8,4.20709,"19,729.40",0.00828,0.00449,1034.91431
125.9,4.21038,"19,725.97",0.00826,0.0041,1034.73425
126,4.21382,"19,726.66",0.0083,0.00398,1034.77075
126.1,4.21718,"19,727.67",0.00828,0.00385,1034.82336
126.2,4.22047,"19,726.54",0.00828,0.00389,1034.76428
126.3,4.22383,"19,727.70",0.0083,0.00411,1034.82507
126.4,4.22719,"19,726.68",0.00831,0.00428,1034.77173
126.5,4.23033,"19,726.10",0.00834,0.00462,1034.74097
126.6,4.23377,"19,727.08",0.00831,0.00429,1034.79272
126.7,4.23721,"19,728.60",0.00829,0.00431,1034.87219
126.8,4.24042,"19,728.69",0.00831,0.00431,1034.87708
126.9,4.24378,"19,727.66",0.00831,0.00457,1034.82312
127,4.2473,"19,730.62",0.00834,0.00464,1034.97803
127.1,4.25044,"19,731.48",0.00828,0.00466,1035.02344
127.2,4.25373,"19,730.81",0.00829,0.00468,1034.98828
127.3,4.25709,"19,733.15",0.00828,0.00468,1035.11133
127.4,4.26053,"19,735.35",0.00832,0.00397,1035.22668
127.5,4.26374,"19,735.22",0.00832,0.00408,1035.21948
127.6,4.26718,"19,739.38",0.00829,0.00403,1035.43811
127.7,4.27062,"19,741.27",0.0083,0.00378,1035.53711
127.8,4.27368,"19,739.98",0.00832,0.0039,1035.46912
127.9,4.27712,"19,742.92",0.00828,0.00407,1035.62366
128,4.28056,"19,746.12",0.00831,0.00438,1035.79150
128.10001,4.28369,"19,747.43",0.00833,0.00471,1035.86011
128.2,4.28713,"19,747.68",0.00829,0.0043,1035.87305
128.3,4.29057,"19,752.54",0.00832,0.00431,1036.12793
128.39999,4.29371,"19,753.29",0.00832,0.00436,1036.16724
128.5,4.29715,"19,754.68",0.00832,0.00446,1036.24023
128.60001,4.30051,"19,757.94",0.00828,0.00466,1036.41113
128.7,4.3038,"19,759.13",0.00841,0.00473,1036.47363
128.8,4.30709,"19,761.31",0.00844,0.00472,1036.58838
128.89999,4.31045,"19,764.80",0.00837,0.00449,1036.77136
129,4.31389,"19,768.11",0.00832,0.00423,1036.94470
129.10001,4.31703,"19,767.62",0.00829,0.00407,1036.91907
129.2,4.32047,"19,769.94",0.00837,0.00401,1037.04102
129.3,4.3239,"19,775.03",0.00832,0.00381,1037.30786
129.39999,4.32704,"19,775.02",0.00833,0.00383,1037.30725
129.5,4.33055,"19,778.37",0.00832,0.0041,1037.48291
129.60001,4.33392,"19,780.21",0.00832,0.00439,1037.57959
129.7,4.33706,"19,781.60",0.00834,0.00458,1037.65234
129.8,4.34057,"19,783.70",0.00834,0.00431,1037.76245
129.89999,4.34386,"19,786.87",0.00836,0.00437,1037.92896
130,4.34707,"19,787.50",0.00834,0.00435,1037.96204
130.10001,4.35036,"19,788.27",0.00836,0.0045,1038.00232
130.2,4.3538,"19,791.51",0.00842,0.00463,1038.17224
130.3,4.35716,"19,793.90",0.00833,0.00467,1038.29797
130.39999,4.36037,"19,793.92",0.00837,0.00471,1038.29871
130.5,4.36389,"19,796.82",0.00837,0.00443,1038.45081
130.60001,4.36725,"19,799.64",0.00835,0.00401,1038.59875
130.7,4.37031,"19,798.15",0.00837,0.00411,1038.52051
130.8,4.37383,"19,802.15",0.00831,0.00401,1038.73059
130.89999,4.37719,"19,803.08",0.00833,0.0038,1038.77905
131,4.3804,"19,803.70",0.00833,0.0038,1038.81177
131.10001,4.38392,"19,806.09",0.00834,0.00398,1038.93701
131.2,4.38721,"19,807.64",0.00835,0.00432,1039.01831
131.3,4.39049,"19,807.96",0.00836,0.00444,1039.03516
131.39999,4.39378,"19,807.50",0.00834,0.00438,1039.01111
131.5,4.39707,"19,807.86",0.00835,0.00439,1039.02991
131.60001,4.40043,"19,809.50",0.0083,0.00442,1039.11621
131.7,4.40372,"19,807.97",0.00833,0.00435,1039.03589
131.8,4.40716,"19,808.67",0.00837,0.00465,1039.07239
131.89999,4.4106,"19,809.89",0.00834,0.00465,1039.13635
132,4.41374,"19,807.93",0.00833,0.00458,1039.03345
132.10001,4.41717,"19,809.34",0.00832,0.0046,1039.10779
132.2,4.42046,"19,809.12",0.00833,0.00425,1039.09583
132.3,4.42368,"19,808.14",0.00834,0.00401,1039.04456
132.39999,4.42719,"19,810.07",0.00836,0.00386,1039.14612
132.5,4.43048,"19,809.34",0.00834,0.0039,1039.10779
132.60001,4.43377,"19,810.55",0.00833,0.00379,1039.17114
132.7,4.43713,"19,808.30",0.00835,0.00402,1039.05310
132.8,4.44049,"19,809.97",0.00834,0.00434,1039.14075
132.89999,4.44386,"19,810.42",0.00834,0.00436,1039.16406
133,4.44699,"19,808.41",0.00836,0.00433,1039.05859
133.10001,4.45051,"19,807.86",0.00835,0.00439,1039.02979
133.2,4.45387,"19,809.67",0.00839,0.00432,1039.12512
133.3,4.45708,"19,808.03",0.00835,0.00452,1039.03894
133.39999,4.46052,"19,809.48",0.00835,0.00464,1039.11523
133.5,4.46388,"19,809.20",0.00838,0.00467,1039.10010
133.60001,4.46702,"19,807.69",0.00838,0.00465,1039.02100
133.7,4.47046,"19,808.60",0.00837,0.00412,1039.06860
133.8,4.47382,"19,808.45",0.00834,0.00401,1039.06067
133.89999,4.47711,"19,809.13",0.00833,0.00399,1039.09656
134,4.48048,"19,807.34",0.00834,0.0039,1039.00293
134.10001,4.48384,"19,807.55",0.00831,0.00371,1039.01367
134.2,4.4872,"19,808.94",0.00834,0.004,1039.08655
134.3,4.49034,"19,805.75",0.00831,0.0042,1038.91931
134.39999,4.49378,"19,807.12",0.00836,0.00442,1038.99109
134.5,4.49714,"19,807.77",0.00835,0.00447,1039.02502
134.60001,4.50036,"19,805.69",0.00836,0.00435,1038.91614
134.7,4.50387,"19,808.60",0.00835,0.00439,1039.06860
134.8,4.50723,"19,808.14",0.00837,0.00439,1039.04456
134.89999,4.51037,"19,805.57",0.00838,0.00465,1038.90991
135,4.51381,"19,807.66",0.00834,0.0047,1039.01941
135.10001,4.51717,"19,807.39",0.00836,0.00468,1039.00549
135.2,4.52039,"19,807.39",0.00839,0.00468,1039.00537
135.3,4.52382,"19,807.49",0.00834,0.00417,1039.01050
135.39999,4.52719,"19,807.78",0.00834,0.00405,1039.02551
135.5,4.53048,"19,809.45",0.00834,0.00406,1039.11328
135.60001,4.53376,"19,807.44",0.00833,0.00387,1039.00769
135.7,4.5372,"19,810.11",0.00837,0.00376,1039.14795
135.8,4.54042,"19,809.65",0.00835,0.0039,1039.12366
135.89999,4.5437,"19,808.42",0.00835,0.00415,1039.05957
136,4.54714,"19,811.76",0.00835,0.00445,1039.23438
136.10001,4.55051,"19,812.07",0.00833,0.00435,1039.25098
136.2,4.55372,"19,810.96",0.00834,0.00431,1039.19250
136.3,4.55716,"19,812.93",0.00834,0.0044,1039.29578
136.39999,4.56059,"19,814.57",0.00834,0.00444,1039.38184
136.5,4.56373,"19,814.04",0.00836,0.00465,1039.35437
136.60001,4.5671,"19,814.30",0.00835,0.00467,1039.36792
136.7,4.57053,"19,815.62",0.00839,0.00467,1039.43689
136.8,4.57375,"19,815.24",0.00837,0.0044,1039.41711
136.89999,4.57711,"19,815.24",0.00835,0.00403,1039.41711
137,4.58055,"19,818.06",0.00838,0.004,1039.56519
137.10001,4.58376,"19,818.48",0.00833,0.00399,1039.58704
137.2,4.58705,"19,817.15",0.00831,0.00375,1039.51721
137.3,4.59049,"19,820.93",0.00835,0.00381,1039.71545
137.39999,4.59385,"19,821.17",0.00834,0.00394,1039.72815
137.5,4.59714,"19,821.61",0.00834,0.00434,1039.75110
137.60001,4.6005,"19,822.69",0.00836,0.00452,1039.80786
137.7,4.60394,"19,824.61",0.00837,0.00436,1039.90833
137.8,4.60708,"19,823.46",0.00834,0.0044,1039.84851
137.89999,4.61044,"19,824.82",0.00837,0.00438,1039.91980
138,4.61388,"19,825.65",0.00837,0.00448,1039.96326
138.10001,4.61702,"19,824.68",0.00837,0.00469,1039.91223
138.2,4.62046,"19,826.05",0.00838,0.0047,1039.98401
138.3,4.6239,"19,829.07",0.00835,0.00473,1040.14282
138.39999,4.62704,"19,828.66",0.00834,0.00417,1040.12134
138.5,4.63047,"19,826.88",0.00832,0.00406,1040.02771
138.60001,4.63384,"19,829.33",0.00835,0.00404,1040.15601
138.7,4.63713,"19,829.96",0.00835,0.00396,1040.18945
138.8,4.64041,"19,828.68",0.00833,0.00378,1040.12195
138.89999,4.64378,"19,830.07",0.00834,0.00381,1040.19507
139,4.64721,"19,830.85",0.00835,0.00393,1040.23608
139.10001,4.65035,"19,831.11",0.00835,0.00435,1040.24939
139.2,4.65379,"19,833.42",0.00837,0.00451,1040.37061
139.3,4.65723,"19,834.38",0.00837,0.00438,1040.42126
139.39999,4.66029,"19,832.66",0.00837,0.0044,1040.33105
139.5,4.66381,"19,833.39",0.00838,0.00432,1040.36926
139.60001,4.66724,"19,835.74",0.00838,0.0045,1040.49243
139.7,4.67038,"19,835.79",0.00836,0.00468,1040.49487
139.8,4.6739,"19,836.09",0.00836,0.00469,1040.51074
139.89999,4.67718,"19,836.58",0.0084,0.00471,1040.53638
140,4.68055,"19,837.86",0.00837,0.00399,1040.60376
140.10001,4.68376,"19,837.74",0.00835,0.00399,1040.59741
140.2,4.68712,"19,839.42",0.00832,0.00399,1040.68542
140.3,4.69049,"19,838.25",0.00835,0.00394,1040.62427
140.39999,4.6937,"19,837.63",0.00837,0.00375,1040.59155
140.5,4.69721,"19,840.31",0.00836,0.00385,1040.73242
140.60001,4.70058,"19,841.00",0.00836,0.0043,1040.76855
140.7,4.70372,"19,839.30",0.00834,0.00422,1040.67920
140.8,4.70708,"19,839.37",0.00835,0.00433,1040.68262
140.89999,4.71044,"19,840.26",0.00837,0.00436,1040.72974
141,4.71366,"19,840.51",0.00837,0.00437,1040.74280
141.10001,4.71717,"19,840.38",0.00837,0.00441,1040.73596
141.2,4.72046,"19,840.26",0.00837,0.00465,1040.72937
141.3,4.72382,"19,840.36",0.00838,0.00469,1040.73474
141.39999,4.72711,"19,840.81",0.00838,0.00468,1040.75867
141.5,4.7304,"19,840.45",0.00839,0.00473,1040.73926
141.60001,4.73383,"19,841.03",0.00838,0.00404,1040.77014
141.7,4.73697,"19,837.81",0.00836,0.004,1040.60083
141.8,4.74049,"19,839.74",0.00835,0.00407,1040.70239
141.89999,4.74392,"19,841.46",0.00835,0.00384,1040.79236
142,4.74706,"19,839.05",0.00834,0.00377,1040.66602
142.10001,4.7505,"19,839.41",0.00835,0.00383,1040.68481
142.2,4.75386,"19,838.88",0.00833,0.00435,1040.65723
142.3,4.75708,"19,837.53",0.00834,0.0041,1040.58630
142.39999,4.76052,"19,838.57",0.00836,0.00432,1040.64099
142.5,4.7638,"19,837.98",0.00834,0.0044,1040.60974
142.60001,4.76717,"19,837.42",0.00839,0.00438,1040.58069
142.7,4.77046,"19,836.19",0.0084,0.00439,1040.51587
142.8,4.77382,"19,836.11",0.00842,0.00469,1040.51196
142.89999,4.77718,"19,836.54",0.00836,0.00467,1040.53430
143,4.78032,"19,832.66",0.00836,0.00471,1040.33105
143.10001,4.78383,"19,834.27",0.00844,0.00441,1040.41541
143.2,4.7872,"19,835.02",0.00837,0.00406,1040.45471
143.3,4.79034,"19,831.92",0.00835,0.00404,1040.29224
143.39999,4.79385,"19,832.78",0.00834,0.00397,1040.33704
143.5,4.79721,"19,831.26",0.00834,0.00376,1040.25757
143.60001,4.80043,"19,829.67",0.00834,0.00379,1040.17407
143.7,4.80379,"19,829.63",0.00835,0.00415,1040.17163
143.8,4.80715,"19,828.76",0.00834,0.00438,1040.12634
143.89999,4.81044,"19,827.64",0.00837,0.00438,1040.06738
144,4.81373,"19,825.45",0.00833,0.00439,1039.95288
144.10001,4.81717,"19,826.21",0.00833,0.00439,1039.99280
144.2,4.82053,"19,827.18",0.00835,0.00438,1040.04346
144.3,4.82374,"19,822.64",0.00836,0.0046,1039.80542
144.39999,4.82718,"19,823.76",0.00835,0.00471,1039.86389
144.5,4.83047,"19,824.03",0.00835,0.00472,1039.87793
144.60001,4.83368,"19,821.26",0.00835,0.00474,1039.73267
144.7,4.8372,"19,822.13",0.00834,0.00412,1039.77832
144.8,4.84056,"19,820.88",0.00833,0.00403,1039.71313
144.89999,4.84377,"19,818.27",0.00834,0.00401,1039.57617
145,4.84714,"19,817.72",0.00833,0.00382,1039.54736
145.10001,4.85057,"19,817.29",0.00833,0.00374,1039.52466
145.2,4.85371,"19,814.88",0.00833,0.00384,1039.39832
145.3,4.85708,"19,813.15",0.00832,0.00435,1039.30774
145.39999,4.86051,"19,813.23",0.00832,0.00417,1039.31165
145.5,4.8638,"19,812.85",0.00834,0.00431,1039.29187
145.60001,4.86709,"19,809.57",0.00833,0.00439,1039.11987
145.7,4.87053,"19,808.98",0.00833,0.00439,1039.08862
145.8,4.87382,"19,808.45",0.00834,0.00449,1039.06104
145.89999,4.87703,"19,805.41",0.00834,0.00465,1038.90125
146,4.88054,"19,805.48",0.00836,0.00472,1038.90503
146.10001,4.88383,"19,804.35",0.00836,0.00469,1038.84570
146.2,4.88712,"19,801.64",0.00835,0.00411,1038.70398
146.3,4.89056,"19,802.05",0.00831,0.004,1038.72522
146.39999,4.89392,"19,801.04",0.00834,0.00404,1038.67224
146.5,4.89699,"19,797.92",0.00829,0.00393,1038.50867
146.60001,4.90042,"19,794.40",0.0083,0.00382,1038.32410
146.7,4.90386,"19,794.55",0.0083,0.00395,1038.33191
146.8,4.90707,"19,792.98",0.00832,0.00419,1038.24963
146.89999,4.91044,"19,789.80",0.00831,0.0044,1038.08252
147,4.91388,"19,789.24",0.00831,0.00425,1038.05347
147.10001,4.91709,"19,786.07",0.00832,0.00441,1037.88708
147.2,4.92045,"19,782.89",0.00833,0.00441,1037.72034
147.3,4.92382,"19,782.82",0.0083,0.00442,1037.71643
147.39999,4.9271,"19,779.76",0.00832,0.00465,1037.55615
147.5,4.93032,"19,775.62",0.00832,0.00472,1037.33862
147.60001,4.93383,"19,775.53",0.00833,0.00466,1037.33398
147.7,4.93727,"19,774.21",0.00829,0.00436,1037.26477
147.8,4.94041,"19,771.53",0.00832,0.00405,1037.12402
147.89999,4.94377,"19,767.73",0.00829,0.00403,1036.92493
148,4.94721,"19,767.33",0.00829,0.004,1036.90381
148.10001,4.95035,"19,764.68",0.00831,0.00383,1036.76514
148.2,4.95378,"19,762.71",0.0083,0.00394,1036.66162
148.3,4.95722,"19,761.52",0.00831,0.00415,1036.59924
148.39999,4.96044,"19,758.66",0.00829,0.00433,1036.44922
148.5,4.9638,"19,756.46",0.00829,0.00418,1036.33362
148.60001,4.96716,"19,756.40",0.00827,0.00439,1036.33069
148.7,4.97045,"19,755.24",0.00829,0.00436,1036.27002
148.8,4.97374,"19,750.45",0.00829,0.00439,1036.01831
148.89999,4.9771,"19,750.29",0.00831,0.0046,1036.01013
149,4.98054,"19,750.32",0.00834,0.0047,1036.01160
149.10001,4.98375,"19,747.15",0.00834,0.00475,1035.84534
149.2,4.98719,"19,746.13",0.00834,0.00462,1035.79187
149.3,4.99056,"19,743.44",0.00838,0.00435,1035.65063
149.39999,4.99369,"19,742.27",0.00829,0.00406,1035.58936
149.5,4.99713,"19,740.04",0.00828,0.00401,1035.47266
149.60001,5.0005,"19,741.28",0.00827,0.00388,1035.53735
149.7,5.00371,"19,738.89",0.0083,0.00406,1035.41199
149.8,5.00715,"19,738.31",0.0083,0.00412,1035.38159
149.89999,5.01051,"19,737.68",0.00828,0.00442,1035.34888
150,5.01387,"19,737.77",0.00828,0.00443,1035.35352
150.10001,5.01709,"19,734.44",0.00829,0.00431,1035.17859
150.2,5.02038,"19,734.07",0.00827,0.00434,1035.15918
150.3,5.02389,"19,734.63",0.00827,0.00437,1035.18860
150.39999,5.02703,"19,732.67",0.00828,0.00447,1035.08606
150.5,5.03046,"19,732.38",0.0083,0.00464,1035.07080
150.60001,5.03398,"19,733.28",0.00831,0.00469,1035.11792
150.7,5.03712,"19,731.11",0.0083,0.00466,1035.00403
150.8,5.04048,"19,730.84",0.00831,0.00423,1034.98962
150.89999,5.04384,"19,730.95",0.00829,0.00407,1034.99585
151,5.04706,"19,730.25",0.00828,0.00407,1034.95898
151.10001,5.05049,"19,729.45",0.0083,0.00406,1034.91711
151.2,5.05378,"19,730.54",0.0083,0.00379,1034.97437
151.3,5.05722,"19,730.47",0.00828,0.00408,1034.97070
151.39999,5.06051,"19,729.14",0.00828,0.00423,1034.90088
151.5,5.0638,"19,728.93",0.00829,0.00438,1034.88953
151.60001,5.06724,"19,731.23",0.00829,0.00434,1035.01025
151.7,5.0703,"19,727.44",0.00828,0.00438,1034.81128
151.8,5.07381,"19,729.46",0.00823,0.00441,1034.91760
151.89999,5.07725,"19,731.06",0.00823,0.00442,1035.00134
152,5.08039,"19,728.68",0.00825,0.00453,1034.87634
152.10001,5.08383,"19,731.13",0.00831,0.00468,1035.00513
152.2,5.08719,"19,732.19",0.00831,0.00467,1035.06079
152.3,5.0904,"19,731.14",0.00831,0.00471,1035.00574
152.39999,5.09377,"19,731.27",0.00829,0.00402,1035.01257
152.5,5.09713,"19,732.66",0.00827,0.00411,1035.08557
152.60001,5.10049,"19,733.76",0.00828,0.00399,1035.14319
152.7,5.10378,"19,733.19",0.00827,0.00402,1035.11292
152.8,5.10715,"19,734.55",0.00828,0.00374,1035.18445
152.89999,5.11058,"19,736.50",0.00828,0.00388,1035.28699
153,5.11372,"19,735.24",0.00827,0.00433,1035.22070
153.10001,5.11716,"19,737.66",0.00828,0.00441,1035.34778
153.2,5.1206,"19,739.47",0.0083,0.00431,1035.44250
153.3,5.12366,"19,737.08",0.00827,0.0044,1035.31702
153.39999,5.12725,"19,741.05",0.00828,0.00443,1035.52563
153.5,5.13061,"19,742.87",0.0083,0.00445,1035.62085
153.60001,5.13375,"19,742.56",0.00827,0.00471,1035.60474
153.7,5.13712,"19,743.42",0.00826,0.00473,1035.64966
153.8,5.14048,"19,743.78",0.00829,0.00473,1035.66882
153.89999,5.14377,"19,746.79",0.00825,0.00463,1035.82678
154,5.14705,"19,747.25",0.00824,0.00411,1035.85083
154.10001,5.15057,"19,750.03",0.00826,0.00412,1035.99646
154.2,5.15378,"19,751.19",0.00827,0.004,1036.05713
154.3,5.15707,"19,751.74",0.00827,0.00393,1036.08618
154.39999,5.16051,"19,754.40",0.00827,0.00394,1036.22559
154.5,5.1638,"19,757.00",0.00831,0.00402,1036.36194
154.60001,5.16701,"19,756.44",0.00832,0.00422,1036.33276
154.7,5.17052,"19,759.77",0.00829,0.00437,1036.50745
154.8,5.17389,"19,761.74",0.00829,0.0043,1036.61096
154.89999,5.1771,"19,761.64",0.00829,0.00441,1036.60559
155,5.18054,"19,764.01",0.00831,0.00439,1036.72986
155.10001,5.1839,"19,766.61",0.0083,0.00443,1036.86633
155.2,5.18704,"19,767.55",0.00831,0.0047,1036.91565
155.3,5.19048,"19,769.62",0.00832,0.00473,1037.02429
155.39999,5.19392,"19,773.37",0.00833,0.00473,1037.22070
155.5,5.19713,"19,775.59",0.00827,0.00476,1037.33728
155.60001,5.20042,"19,774.71",0.00825,0.00431,1037.29138
155.7,5.20393,"19,779.24",0.00829,0.00409,1037.52893
155.8,5.20714,"19,782.01",0.00828,0.00402,1037.67383
155.89999,5.21036,"19,781.62",0.00828,0.00406,1037.65332
156,5.2138,"19,784.70",0.00831,0.00375,1037.81531
156.10001,5.21716,"19,786.82",0.00829,0.00412,1037.92639
156.2,5.22037,"19,787.29",0.00827,0.0043,1037.95117
156.3,5.22381,"19,790.07",0.00826,0.00422,1038.09692
156.39999,5.22725,"19,792.26",0.00831,0.00428,1038.21155
156.5,5.23039,"19,792.60",0.00831,0.00441,1038.22949
156.60001,5.23375,"19,794.77",0.00832,0.00437,1038.34351
156.7,5.23719,"19,797.49",0.00826,0.00443,1038.48596
156.8,5.2404,"19,798.74",0.00833,0.00466,1038.55176
156.89999,5.24376,"19,798.03",0.00832,0.00473,1038.51416
157,5.2472,"19,801.96",0.00833,0.00477,1038.72070
157.10001,5.25049,"19,803.23",0.00829,0.00472,1038.78711
157.2,5.25378,"19,803.25",0.0083,0.00405,1038.78833
157.3,5.25714,"19,805.33",0.0083,0.00414,1038.89746
157.39999,5.26051,"19,805.36",0.0083,0.00406,1038.89868
157.5,5.26372,"19,805.57",0.00831,0.00408,1038.91003
157.60001,5.26716,"19,808.36",0.00831,0.00383,1039.05615
157.7,5.27059,"19,809.54",0.00833,0.00393,1039.11804
157.8,5.27373,"19,808.36",0.00833,0.00423,1039.05627
157.89999,5.27717,"19,809.68",0.00832,0.00445,1039.12549
158,5.28053,"19,811.79",0.00824,0.0042,1039.23645
158.10001,5.28375,"19,812.37",0.00829,0.00432,1039.26660
158.2,5.28711,"19,811.40",0.00833,0.00446,1039.21582
158.3,5.29048,"19,812.21",0.00831,0.00446,1039.25793
158.39999,5.29376,"19,813.08",0.00834,0.00464,1039.30396
158.5,5.29713,"19,812.31",0.00826,0.00471,1039.26318
158.60001,5.30049,"19,813.04",0.00828,0.0047,1039.30188
158.7,5.30385,"19,812.61",0.0083,0.00474,1039.27893
158.8,5.30707,"19,812.42",0.00833,0.00403,1039.26892
158.89999,5.31043,"19,813.35",0.00831,0.00414,1039.31812
159,5.31387,"19,814.19",0.00827,0.00407,1039.36206
159.10001,5.31701,"19,812.20",0.00829,0.00393,1039.25769
159.2,5.32052,"19,812.11",0.00828,0.00412,1039.25281
159.3,5.32396,"19,814.05",0.00829,0.00396,1039.35449
159.39999,5.32702,"19,812.18",0.00834,0.00432,1039.25684
159.5,5.33046,"19,812.57",0.00826,0.00413,1039.27698
159.60001,5.33382,"19,811.67",0.00831,0.00435,1039.22961
159.7,5.33711,"19,811.79",0.00829,0.00447,1039.23596
159.8,5.34047,"19,810.82",0.00827,0.00445,1039.18542
159.89999,5.34384,"19,811.27",0.00826,0.00453,1039.20874
160,5.3472,"19,811.31",0.00832,0.00467,1039.21106
160.10001,5.35041,"19,809.10",0.0083,0.00473,1039.09521
160.2,5.3537,"19,808.68",0.00828,0.00469,1039.07275
160.3,5.35721,"19,810.08",0.00825,0.00461,1039.14624
160.39999,5.36035,"19,807.10",0.00825,0.00411,1038.99023
160.5,5.36379,"19,806.66",0.0083,0.00411,1038.96692
160.60001,5.36723,"19,809.00",0.00828,0.0041,1039.08984
160.7,5.37037,"19,807.15",0.00823,0.00408,1038.99292
160.8,5.37381,"19,807.88",0.00823,0.00414,1039.03125
160.89999,5.37717,"19,807.03",0.00826,0.00425,1038.98621
161,5.38038,"19,806.03",0.00826,0.00431,1038.93396
161.10001,5.38382,"19,805.81",0.00832,0.00416,1038.92249
161.2,5.38718,"19,806.53",0.0083,0.00444,1038.96045
161.3,5.39047,"19,806.01",0.00829,0.00442,1038.93274
161.39999,5.39369,"19,803.97",0.00826,0.00443,1038.82593
161.5,5.3972,"19,805.15",0.00825,0.0047,1038.88806
161.60001,5.40056,"19,805.37",0.00827,0.00474,1038.89954
161.7,5.4037,"19,803.11",0.00829,0.00476,1038.78064
161.8,5.40721,"19,803.59",0.0083,0.00456,1038.80615
161.89999,5.41058,"19,804.45",0.00826,0.00421,1038.85132
162,5.41372,"19,802.03",0.00828,0.00413,1038.72400
162.10001,5.4173,"19,803.58",0.00821,0.00411,1038.80554
162.2,5.42059,"19,802.96",0.00829,0.00407,1038.77307
162.3,5.42373,"19,800.25",0.00827,0.00394,1038.63098
162.39999,5.42709,"19,801.16",0.0083,0.00394,1038.67834
162.5,5.43046,"19,801.23",0.00829,0.00425,1038.68201
162.60001,5.43382,"19,800.98",0.00826,0.00425,1038.66919
162.7,5.43711,"19,799.23",0.00825,0.00423,1038.57739
162.8,5.44047,"19,798.51",0.00822,0.00441,1038.53967
162.89999,5.44383,"19,799.75",0.00824,0.00444,1038.60437
163,5.44697,"19,796.80",0.00827,0.00449,1038.44971
163.10001,5.45049,"19,797.79",0.00831,0.00467,1038.50159
163.2,5.45385,"19,798.00",0.00828,0.00471,1038.51257
163.3,5.45706,"19,795.30",0.00821,0.00471,1038.37146
163.39999,5.46058,"19,797.65",0.00824,0.00461,1038.49426
163.5,5.46386,"19,797.63",0.00826,0.00415,1038.49353
163.60001,5.46708,"19,795.24",0.00829,0.00412,1038.36792
163.7,5.47044,"19,794.46",0.00819,0.00431,1038.32703
163.8,5.4738,"19,795.13",0.00822,0.00425,1038.36218
163.89999,5.47709,"19,794.87",0.00819,0.00406,1038.34863
164,5.48046,"19,793.97",0.00831,0.00407,1038.30164
164.10001,5.48389,"19,793.38",0.0083,0.00431,1038.27026
164.2,5.48718,"19,793.85",0.00828,0.00423,1038.29529
164.3,5.4904,"19,791.17",0.00818,0.00437,1038.15454
164.39999,5.49391,"19,792.02",0.00827,0.00436,1038.19910
164.5,5.49712,"19,790.76",0.00825,0.00443,1038.13306
164.60001,5.50034,"19,787.43",0.00828,0.00456,1037.95850
164.7,5.50385,"19,791.45",0.00823,0.00475,1038.16907
164.8,5.50721,"19,789.95",0.00821,0.00466,1038.09033
164.89999,5.51043,"19,788.44",0.00821,0.00473,1038.01123
165,5.51379,"19,787.62",0.00827,0.00449,1037.96851
165.10001,5.51723,"19,788.49",0.00826,0.00412,1038.01416
165.2,5.52044,"19,788.02",0.00821,0.0041,1037.98926
165.3,5.5238,"19,787.33",0.00823,0.00406,1037.95325
165.39999,5.52717,"19,787.25",0.00829,0.00411,1037.94897
165.5,5.53045,"19,785.82",0.00827,0.00412,1037.87366
165.60001,5.53374,"19,785.39",0.00824,0.00434,1037.85120
165.7,5.53718,"19,787.40",0.00821,0.00422,1037.95691
165.8,5.54047,"19,786.82",0.00821,0.00427,1037.92639
165.89999,5.54376,"19,783.86",0.0082,0.00439,1037.77112
166,5.54712,"19,785.91",0.00823,0.00439,1037.87866
166.10001,5.55048,"19,784.85",0.00822,0.00444,1037.82288
166.2,5.55377,"19,784.13",0.00826,0.00465,1037.78528
166.3,5.55714,"19,783.48",0.00821,0.00474,1037.75134
166.39999,5.56057,"19,783.30",0.00821,0.00472,1037.74158
166.5,5.56379,"19,783.40",0.00823,0.00474,1037.74707
166.60001,5.56715,"19,782.27",0.00825,0.00417,1037.68762
166.7,5.57051,"19,783.80",0.00829,0.00404,1037.76782
166.8,5.57373,"19,781.22",0.00824,0.0041,1037.63257
166.89999,5.57709,"19,781.73",0.00818,0.0042,1037.65930
167,5.58053,"19,783.18",0.00826,0.00411,1037.73547
167.10001,5.58382,"19,782.30",0.00828,0.00397,1037.68933
167.2,5.58711,"19,779.83",0.00826,0.00439,1037.55981
167.3,5.59047,"19,780.61",0.0082,0.00425,1037.60071
167.39999,5.59383,"19,779.87",0.00821,0.00435,1037.56152
167.5,5.59697,"19,778.77",0.0082,0.00433,1037.50378
167.60001,5.60041,"19,778.07",0.0082,0.00441,1037.46729
167.7,5.60392,"19,777.57",0.0082,0.00458,1037.44116
167.8,5.60706,"19,775.46",0.0082,0.0047,1037.33032
167.89999,5.6105,"19,775.39",0.00821,0.00468,1037.32654
168,5.61394,"19,776.12",0.00821,0.00468,1037.36487
168.10001,5.617,"19,772.60",0.00819,0.00465,1037.18018
168.2,5.62044,"19,771.93",0.00821,0.00408,1037.14526
168.3,5.62388,"19,771.73",0.00819,0.00408,1037.13464
168.39999,5.62717,"19,771.52",0.00817,0.00413,1037.12366
168.5,5.63045,"19,768.59",0.00819,0.00424,1036.96985
168.60001,5.63389,"19,768.56",0.00819,0.00415,1036.96875
168.7,5.63718,"19,768.75",0.00819,0.00434,1036.97864
168.8,5.64039,"19,765.75",0.00819,0.00428,1036.82092
168.89999,5.64376,"19,764.24",0.00818,0.00434,1036.74170
169,5.64727,"19,764.70",0.0082,0.00434,1036.76575
169.10001,5.65033,"19,761.16",0.00822,0.00441,1036.58044
169.2,5.65385,"19,760.58",0.00823,0.00439,1036.54993
169.3,5.65728,"19,760.52",0.00824,0.00471,1036.54663
169.39999,5.66035,"19,757.42",0.00823,0.00468,1036.38440
169.5,5.66379,"19,755.77",0.00823,0.0047,1036.29761
169.60001,5.66715,"19,754.88",0.00819,0.00463,1036.25110
169.7,5.67044,"19,753.38",0.00823,0.00406,1036.17224
169.8,5.6738,"19,751.54",0.00824,0.00413,1036.07581
169.89999,5.67716,"19,751.01",0.00819,0.00408,1036.04797
170,5.68053,"19,750.38",0.00819,0.00401,1036.01501
170.10001,5.68374,"19,747.34",0.00817,0.00412,1035.85547
170.2,5.6871,"19,745.88",0.00814,0.00426,1035.77893
170.3,5.69054,"19,745.71",0.00816,0.00435,1035.76978
170.39999,5.69368,"19,742.20",0.00818,0.0042,1035.58569
170.5,5.69719,"19,742.31",0.0082,0.00433,1035.59155
170.60001,5.70063,"19,741.68",0.00819,0.00436,1035.55872
170.7,5.7037,"19,738.11",0.00819,0.00436,1035.37097
170.8,5.70721,"19,737.17",0.00817,0.00449,1035.32190
170.89999,5.71057,"19,735.52",0.0082,0.00462,1035.23560
171,5.71371,"19,734.79",0.00823,0.00467,1035.19727
171.10001,5.71715,"19,733.28",0.00818,0.00466,1035.11780
171.2,5.72051,"19,732.55",0.00819,0.00458,1035.07947
171.3,5.7238,"19,733.16",0.00821,0.00407,1035.11145
171.39999,5.72709,"19,730.75",0.00819,0.00412,1034.98535
171.5,5.73053,"19,731.11",0.00824,0.00401,1035.00415
171.60001,5.73389,"19,731.58",0.0082,0.0041,1035.02881
171.7,5.73695,"19,727.48",0.00818,0.0042,1034.81348
171.8,5.74047,"19,728.37",0.00816,0.00433,1034.86047
171.89999,5.7439,"19,729.21",0.00817,0.00415,1034.90417
172,5.74704,"19,726.10",0.00817,0.00432,1034.74109
172.10001,5.75056,"19,726.23",0.00819,0.00434,1034.74817
172.2,5.75392,"19,724.83",0.0082,0.00437,1034.67468
172.3,5.75706,"19,723.20",0.00819,0.00449,1034.58911
172.39999,5.7605,"19,722.70",0.00818,0.00458,1034.56262
172.5,5.76386,"19,721.70",0.00819,0.00469,1034.51025
172.60001,5.76707,"19,720.02",0.00817,0.00471,1034.42236
172.7,5.77044,"19,718.95",0.00814,0.00457,1034.36609
172.8,5.77387,"19,718.79",0.00817,0.00434,1034.35767
172.89999,5.77724,"19,720.31",0.00817,0.00415,1034.43762
173,5.78038,"19,716.41",0.00818,0.00407,1034.23315
173.10001,5.78381,"19,717.37",0.00815,0.00416,1034.28320
173.2,5.78718,"19,717.98",0.00812,0.00419,1034.31555
173.3,5.79032,"19,714.60",0.00813,0.00421,1034.13782
173.39999,5.7939,"19,717.29",0.00817,0.00435,1034.27942
173.5,5.79719,"19,715.53",0.00818,0.00425,1034.18665
173.60001,5.80041,"19,714.57",0.00819,0.00438,1034.13623
173.7,5.80384,"19,713.86",0.00818,0.00432,1034.09924
173.8,5.80713,"19,714.36",0.00818,0.00436,1034.12537
173.89999,5.81042,"19,712.97",0.00821,0.00452,1034.05249
174,5.81371,"19,711.33",0.0082,0.00468,1033.96631
174.10001,5.81722,"19,712.65",0.00819,0.00464,1034.03564
174.2,5.82043,"19,713.51",0.0082,0.00469,1034.08069
174.3,5.82372,"19,711.49",0.00818,0.00443,1033.97498
174.39999,5.82716,"19,712.17",0.00821,0.00409,1034.01062
174.5,5.83045,"19,712.94",0.00814,0.00411,1034.05078
174.60001,5.83374,"19,710.92",0.00821,0.00406,1033.94470
174.7,5.83725,"19,712.54",0.00821,0.00399,1034.02966
174.8,5.84054,"19,711.06",0.00817,0.00417,1033.95251
174.89999,5.84375,"19,709.35",0.00817,0.00425,1033.86267
175,5.84719,"19,710.19",0.00816,0.00444,1033.90649
175.10001,5.85063,"19,711.38",0.00817,0.00428,1033.96887
175.2,5.85377,"19,709.77",0.00823,0.00437,1033.88452
175.3,5.85706,"19,707.14",0.00818,0.00437,1033.74670
175.39999,5.86049,"19,709.12",0.00818,0.00442,1033.85034
175.5,5.86378,"19,709.84",0.00818,0.00456,1033.88806
175.60001,5.86715,"19,708.79",0.00819,0.00462,1033.83325
175.7,5.87051,"19,708.95",0.00819,0.00465,1033.84143
175.8,5.8738,"19,708.75",0.00817,0.00469,1033.83118
175.89999,5.87709,"19,708.31",0.00818,0.00432,1033.80835
176,5.88045,"19,708.83",0.00816,0.00401,1033.83557
176.10001,5.88381,"19,708.61",0.00808,0.00437,1033.82361
176.2,5.88702,"19,706.88",0.00814,0.00421,1033.73315
176.3,5.89046,"19,707.95",0.00813,0.00411,1033.78918
176.39999,5.8939,"19,709.23",0.00809,0.00417,1033.85657
176.5,5.89711,"19,708.78",0.00816,0.00439,1033.83252
176.60001,5.9004,"19,706.50",0.00813,0.00431,1033.71289
176.7,5.90384,"19,708.28",0.00817,0.00434,1033.80640
176.8,5.90705,"19,709.11",0.0082,0.00428,1033.84998
176.89999,5.91042,"19,708.44",0.00817,0.00436,1033.81506
177,5.91386,"19,710.34",0.00817,0.00439,1033.91467
177.10001,5.91714,"19,710.41",0.00816,0.0046,1033.91821
177.2,5.92043,"19,710.21",0.00816,0.00467,1033.90771
177.3,5.92387,"19,713.06",0.00819,0.00467,1034.05750
177.39999,5.92723,"19,714.04",0.0082,0.00461,1034.10852
177.5,5.93045,"19,713.23",0.00818,0.00408,1034.06641
177.60001,5.93381,"19,714.46",0.00819,0.00416,1034.13037
177.7,5.93732,"19,715.53",0.00818,0.00401,1034.18665
177.8,5.94039,"19,714.62",0.0082,0.00395,1034.13904
177.89999,5.94382,"19,713.50",0.00814,0.00412,1034.08032
178,5.94719,"19,714.97",0.00816,0.00423,1034.15759
178.10001,5.95033,"19,714.96",0.00818,0.0044,1034.15698
178.2,5.95376,"19,714.88",0.00817,0.00422,1034.15271
178.3,5.9572,"19,716.93",0.00818,0.00433,1034.26025
178.39999,5.96049,"19,717.26",0.00814,0.00432,1034.27771
178.5,5.96378,"19,716.52",0.00818,0.00433,1034.23877
178.60001,5.96714,"19,719.72",0.00813,0.00437,1034.40674
178.7,5.97058,"19,721.46",0.00813,0.00463,1034.49792
178.8,5.97372,"19,719.81",0.00819,0.0046,1034.41138
178.89999,5.97708,"19,722.26",0.00819,0.00465,1034.53979
179,5.9806,"19,725.16",0.00816,0.00452,1034.69177
179.10001,5.98366,"19,725.90",0.00818,0.00424,1034.73083
179.2,5.98717,"19,727.70",0.0081,0.00428,1034.82507
179.3,5.99061,"19,729.47",0.00808,0.00427,1034.91809
179.39999,5.99367,"19,729.40",0.00811,0.00411,1034.91455
179.5,5.99719,"19,731.51",0.00814,0.00412,1035.02478
179.60001,6.00055,"19,733.74",0.00817,0.0042,1035.14197
179.7,6.00376,"19,734.49",0.00814,0.00443,1035.18140
179.8,6.00713,"19,734.77",0.00818,0.00426,1035.19617
179.89999,6.01049,"19,737.72",0.00816,0.00431,1035.35059
180,6.01385,"19,741.11",0.0082,0.00434,1035.52832
180.10001,6.01707,"19,740.16",0.0082,0.00436,1035.47888
180.2,6.02043,"19,741.12",0.00818,0.00443,1035.52930
180.3,6.02387,"19,744.12",0.00813,0.00462,1035.68652
180.39999,6.02693,"19,743.35",0.00817,0.00461,1035.64587
180.5,6.03052,"19,746.59",0.0082,0.00468,1035.81580
180.60001,6.03388,"19,748.67",0.0082,0.00461,1035.92493
180.7,6.03702,"19,747.96",0.00819,0.00399,1035.88782
180.8,6.04053,"19,750.42",0.00815,0.00414,1036.01721
180.89999,6.0439,"19,752.78",0.00817,0.00416,1036.14087
181,6.04711,"19,754.25",0.0082,0.00397,1036.21802
181.10001,6.05047,"19,754.49",0.00814,0.00418,1036.23022
181.2,6.05384,"19,755.83",0.00815,0.00425,1036.30090
181.3,6.0572,"19,759.46",0.00813,0.0044,1036.49146
181.39999,6.06041,"19,758.44",0.00814,0.00431,1036.43787
181.5,6.06385,"19,760.53",0.00818,0.00435,1036.54712
181.60001,6.06722,"19,762.34",0.0082,0.00432,1036.64209
181.7,6.07028,"19,761.50",0.00813,0.00438,1036.59790
181.8,6.07379,"19,765.79",0.00818,0.00453,1036.82349
181.89999,6.07723,"19,766.68",0.00819,0.00468,1036.86963
182,6.08037,"19,766.09",0.0082,0.00468,1036.83887
182.10001,6.08396,"19,768.83",0.00818,0.00467,1036.98279
182.2,6.08725,"19,771.06",0.00812,0.00452,1037.09985
182.3,6.09038,"19,772.36",0.00814,0.0045,1037.16772
182.39999,6.09375,"19,772.52",0.00817,0.00416,1037.17627
182.5,6.09704,"19,773.52",0.00821,0.00418,1037.22876
182.60001,6.1004,"19,776.68",0.00813,0.00416,1037.39429
182.7,6.10369,"19,776.96",0.00809,0.00412,1037.40906
182.8,6.1072,"19,780.61",0.00814,0.00422,1037.60046
182.89999,6.11056,"19,781.92",0.00822,0.00425,1037.66907
183,6.1137,"19,780.70",0.00821,0.00417,1037.60510
183.10001,6.11714,"19,784.20",0.00816,0.0044,1037.78870
183.2,6.1205,"19,785.00",0.00811,0.00437,1037.83093
183.3,6.12372,"19,784.56",0.00816,0.00433,1037.80786
183.39999,6.12723,"19,787.02",0.00821,0.00455,1037.93665
183.5,6.13059,"19,789.18",0.0082,0.00469,1038.05017
183.60001,6.13373,"19,789.97",0.00821,0.00465,1038.09155
183.7,6.13724,"19,792.41",0.00821,0.00469,1038.21973
183.8,6.14046,"19,790.99",0.00819,0.0046,1038.14490
183.89999,6.14375,"19,794.28",0.0082,0.00422,1038.31775
184,6.14703,"19,793.89",0.00817,0.00404,1038.29712
184.10001,6.15047,"19,797.00",0.00818,0.00423,1038.46021
184.2,6.15384,"19,798.41",0.00808,0.00417,1038.53406
184.3,6.15705,"19,797.13",0.00812,0.00413,1038.46741
184.39999,6.16049,"19,800.49",0.00816,0.0042,1038.64319
184.5,6.16385,"19,800.62",0.00811,0.00443,1038.65002
184.60001,6.16706,"19,800.18",0.00816,0.00435,1038.62708
184.7,6.17043,"19,801.47",0.00812,0.00442,1038.69495
184.8,6.17379,"19,802.51",0.00815,0.00439,1038.74939
184.89999,6.17708,"19,803.33",0.00814,0.00438,1038.79236
185,6.18044,"19,804.68",0.00816,0.00456,1038.86316
185.10001,6.1838,"19,805.32",0.00823,0.00466,1038.89685
185.2,6.18709,"19,806.33",0.00819,0.00467,1038.94971
185.3,6.19038,"19,805.69",0.0082,0.00471,1038.91614
185.39999,6.19382,"19,807.48",0.0082,0.00472,1039.00989
185.5,6.19711,"19,808.36",0.00818,0.00416,1039.05627
185.60001,6.2004,"19,806.64",0.00819,0.00416,1038.96594
185.7,6.20391,"19,808.30",0.00812,0.00438,1039.05298
185.8,6.2072,"19,809.13",0.00818,0.00405,1039.09680
185.89999,6.21041,"19,806.87",0.00815,0.00418,1038.97827
186,6.21377,"19,807.41",0.00818,0.00429,1039.00635
186.10001,6.21714,"19,805.52",0.00812,0.00442,1038.90698
186.2,6.22043,"19,805.76",0.0082,0.00433,1038.91980
186.3,6.22379,"19,806.62",0.00818,0.00442,1038.96497
186.39999,6.2273,"19,806.77",0.00816,0.00442,1038.97266
186.5,6.23044,"19,805.93",0.00819,0.00439,1038.92859
186.60001,6.23373,"19,805.02",0.00817,0.00455,1038.88110
186.7,6.23717,"19,804.72",0.0082,0.00469,1038.86536
186.8,6.24038,"19,804.39",0.0082,0.0047,1038.84814
186.89999,6.24374,"19,802.58",0.00811,0.00479,1038.75305
187,6.24718,"19,803.45",0.00818,0.00436,1038.79846
187.10001,6.25055,"19,803.59",0.00818,0.00415,1038.80579
187.2,6.25376,"19,800.55",0.00812,0.00438,1038.64673
187.3,6.2572,"19,801.69",0.00808,0.00421,1038.70605
187.39999,6.26049,"19,800.56",0.00808,0.00419,1038.64709
187.5,6.2637,"19,798.06",0.00813,0.00429,1038.51611
187.60001,6.26706,"19,798.66",0.00813,0.0045,1038.54736
187.7,6.27057,"19,798.75",0.00816,0.00446,1038.55225
187.8,6.27379,"19,797.31",0.0081,0.00438,1038.47644
187.89999,6.27715,"19,796.39",0.00817,0.00437,1038.42847
188,6.28059,"19,797.10",0.00815,0.00438,1038.46570
188.10001,6.28373,"19,795.36",0.00818,0.00447,1038.37415
188.2,6.28709,"19,793.04",0.00816,0.0046,1038.25281
188.3,6.29045,"19,793.75",0.00813,0.00466,1038.28979
188.39999,6.29382,"19,793.50",0.00815,0.00472,1038.27686
188.5,6.29711,"19,791.20",0.00817,0.00468,1038.15601
188.60001,6.30054,"19,791.69",0.00816,0.00428,1038.18188
188.7,6.30391,"19,790.23",0.00817,0.00429,1038.10510
188.8,6.30705,"19,787.64",0.0081,0.00437,1037.96948
188.89999,6.31041,"19,787.76",0.00806,0.00412,1037.97559
189,6.31385,"19,787.94",0.00805,0.00419,1037.98511
189.10001,6.31699,"19,785.30",0.00813,0.00425,1037.84680
189.2,6.3205,"19,784.49",0.00813,0.00448,1037.80408
189.3,6.32394,"19,785.23",0.00814,0.00439,1037.84290
189.39999,6.32708,"19,783.60",0.00809,0.00442,1037.75745
189.5,6.33044,"19,781.47",0.0081,0.00438,1037.64587
189.60001,6.3338,"19,781.05",0.00813,0.00438,1037.62378
189.7,6.33709,"19,780.45",0.00816,0.00456,1037.59216
189.8,6.34045,"19,778.34",0.00817,0.00467,1037.48157
189.89999,6.34382,"19,779.33",0.0081,0.00469,1037.53333
190,6.34725,"19,779.53",0.0081,0.00488,1037.54370
190.10001,6.35039,"19,774.19",0.00812,0.00463,1037.26392
190.2,6.35383,"19,775.26",0.00816,0.00421,1037.32007
190.3,6.35719,"19,775.85",0.0081,0.00437,1037.35095
190.39999,6.36033,"19,772.40",0.00803,0.00422,1037.17004
190.5,6.36385,"19,772.40",0.00809,0.00418,1037.16980
190.60001,6.36721,"19,772.40",0.00812,0.00422,1037.17004
190.7,6.37042,"19,770.06",0.00815,0.00448,1037.04736
190.8,6.37394,"19,769.95",0.00809,0.00429,1037.04126
190.89999,6.37722,"19,768.97",0.00815,0.00438,1036.98999
191,6.38036,"19,767.32",0.00811,0.00442,1036.90332
191.10001,6.38373,"19,765.05",0.00812,0.0045,1036.78430
191.2,6.38709,"19,765.35",0.00812,0.00446,1036.80005
191.3,6.39053,"19,765.86",0.00812,0.00464,1036.82678
191.39999,6.39374,"19,761.99",0.00814,0.00468,1036.62402
191.5,6.39718,"19,761.78",0.00809,0.00473,1036.61292
191.60001,6.40054,"19,761.68",0.0081,0.00475,1036.60754
191.7,6.40361,"19,758.78",0.00813,0.0045,1036.45557
191.8,6.40719,"19,759.30",0.00814,0.00422,1036.48279
191.89999,6.41056,"19,757.61",0.00811,0.00437,1036.39429
192,6.4137,"19,756.32",0.00804,0.00417,1036.32654
192.10001,6.41728,"19,756.78",0.00806,0.00417,1036.35034
192.2,6.42057,"19,755.58",0.0081,0.00435,1036.28760
192.3,6.42379,"19,753.57",0.00811,0.00443,1036.18225
192.39999,6.42715,"19,752.18",0.00808,0.00458,1036.10950
192.5,6.43044,"19,751.84",0.00805,0.00442,1036.09155
192.60001,6.4338,"19,752.30",0.00809,0.00446,1036.11548
192.7,6.43701,"19,749.60",0.00811,0.00445,1035.97412
192.8,6.44053,"19,750.04",0.00813,0.00457,1035.99683
192.89999,6.44389,"19,750.62",0.00812,0.00469,1036.02734
193,6.44703,"19,748.83",0.00814,0.0047,1035.93372
193.10001,6.45047,"19,749.28",0.0081,0.00469,1035.95728
193.2,6.45375,"19,747.38",0.00805,0.00491,1035.85742
193.3,6.45697,"19,746.25",0.00804,0.00462,1035.79834
193.39999,6.46048,"19,747.50",0.00809,0.00439,1035.86365
193.5,6.46384,"19,748.20",0.00803,0.00429,1035.90027
193.60001,6.46713,"19,747.06",0.00806,0.00413,1035.84058
193.7,6.4705,"19,745.78",0.00811,0.00419,1035.77332
193.8,6.47386,"19,747.21",0.00808,0.00449,1035.84888
193.89999,6.47707,"19,747.00",0.0081,0.00454,1035.83740
194,6.48036,"19,744.61",0.00811,0.00441,1035.71228
194.10001,6.4838,"19,745.56",0.00809,0.00444,1035.76221
194.2,6.48716,"19,746.64",0.00811,0.00439,1035.81885
194.3,6.49038,"19,744.84",0.00804,0.00441,1035.72412
194.39999,6.49389,"19,745.93",0.00807,0.00465,1035.78149
194.5,6.49725,"19,746.67",0.00809,0.00475,1035.82019
194.60001,6.50039,"19,743.97",0.00811,0.00472,1035.67859
194.7,6.50383,"19,745.36",0.00805,0.00473,1035.75159
194.8,6.50712,"19,745.19",0.00804,0.00489,1035.74243
194.89999,6.51041,"19,743.63",0.00806,0.00427,1035.66077
195,6.51377,"19,743.43",0.00809,0.00436,1035.65027
195.10001,6.51721,"19,743.68",0.00802,0.00426,1035.66321
195.2,6.52049,"19,743.59",0.00805,0.00418,1035.65857
195.3,6.52378,"19,741.87",0.00809,0.00422,1035.56848
195.39999,6.52715,"19,742.13",0.00808,0.00448,1035.58215
195.5,6.53043,"19,740.69",0.00806,0.00432,1035.50659
195.60001,6.53372,"19,739.35",0.00805,0.00442,1035.43640
195.7,6.53724,"19,742.38",0.00813,0.00439,1035.59534
195.8,6.54052,"19,741.19",0.00812,0.00443,1035.53271
195.89999,6.54374,"19,738.29",0.00815,0.0046,1035.38098
196,6.5471,"19,737.69",0.00809,0.00468,1035.34924
196.10001,6.55054,"19,738.27",0.00811,0.00475,1035.37964
196.2,6.55368,"19,736.52",0.00813,0.0047,1035.28784
196.244,6.55517,"19,736.11",0.00807,0.0047,1035.26636
