Modulus (Segment 0.001 mm/mm - 0.008 mm/mm) : Modulus (Segment 0.001 mm/mm - 0.008 mm/mm),"120,119.09",MPa,,,
Poisson's ratio (Least squares fit) : Poisson's ratio (Least squares fit),0.34287,,,,
Specimen properties : Gauge length,15.35,mm,,,
Specimen properties : Gauge length transverse,5.099,mm,,,
Specimen properties : Thickness,1.23,mm,,,
Specimen properties : Width,15.1,mm,,,
,,,,,
Time,Extension,Load,Video axial strain,Video transverse strain,Calculated Stress
(s),(mm),(N),(mm/mm),(mm/mm),(MPa)
0,0.01622,31.12089,-0.00004,-0.00001,1.67560
0.1,0.01711,31.72625,-0.00002,0.00002,1.70819
0.2,0.02108,58.40332,-0.00008,0.00006,3.14453
0.3,0.02571,106.80736,-0.00007,-0.00006,5.75068
0.4,0.02952,145.09854,-0.00001,0,7.81234
0.5,0.03296,177.66208,-0.00007,-0.00005,9.56561
0.6,0.03625,209.20901,-0.00005,0,11.26415
0.7,0.03961,241.53001,-0.00009,0,13.00436
0.8,0.04297,272.8974,-0.00001,-0.00001,14.69323
0.9,0.04611,303.72302,0.00002,-0.00001,16.35293
1,0.04963,336.13367,-0.00002,0.00002,18.09797
1.1,0.05306,368.24716,0.00006,-0.00002,19.82701
1.2,0.0562,398.32675,0.00002,0.00008,21.44655
1.3,0.05964,429.30829,0.00006,-0.00004,23.11465
1.4,0.063,462.83551,0.00009,-0.00006,24.91980
1.5,0.06622,494.42841,0.00011,-0.00014,26.62082
1.6,0.06958,524.58661,0.00011,0.0001,28.24458
1.7,0.07287,554.20874,0.00014,0.00008,29.83948
1.8,0.07623,586.39197,0.00013,0.00004,31.57228
1.9,0.07959,616.06525,0.00013,0.00004,33.16994
2,0.08296,647.20251,0.00019,0.0001,34.84642
2.1,0.0864,679.11365,0.00022,0.00015,36.56456
2.2,0.08946,707.98914,0.00014,0.00032,38.11927
2.3,0.0929,739.70319,0.00015,0.00027,39.82680
2.4,0.09634,770.94989,0.0002,0.00027,41.50917
2.5,0.09947,799.76001,0.00017,0.00041,43.06036
2.6,0.10299,829.60315,0.00017,0.00044,44.66716
2.7,0.10635,861.06287,0.00018,0.00046,46.36100
2.8,0.10956,891.02332,0.00022,0.00049,47.97412
2.9,0.113,920.76135,0.0002,0.00043,49.57526
3,0.11622,950.04999,0.00022,0.00044,51.15221
3.1,0.11958,980.45331,0.00023,0.00042,52.78917
3.2,0.12287,"1,010.84",0.00026,0.00047,54.42502
3.3,0.12623,"1,041.14",0.00026,0.00041,56.05648
3.4,0.12974,"1,072.50",0.00028,0.00044,57.74526
3.5,0.13281,"1,100.38",0.0003,0.00035,59.24619
3.6,0.13632,"1,131.51",0.00031,0.00029,60.92252
3.7,0.13968,"1,161.87",0.00036,0.00033,62.55668
3.8,0.14275,"1,188.67",0.00034,0.00034,63.99976
3.9,0.14626,"1,218.40",0.00033,0.00033,65.60056
4,0.1497,"1,248.24",0.00044,0.00032,67.20734
4.1,0.15291,"1,278.49",0.00046,0.00034,68.83572
4.2,0.15635,"1,308.49",0.00047,0.0004,70.45126
4.3,0.15964,"1,337.10",0.00047,0.00015,71.99167
4.4,0.16293,"1,367.85",0.0004,0.00005,73.64736
4.5,0.16621,"1,395.01",0.00041,0.00007,75.10951
4.6,0.16958,"1,424.94",0.00052,0.00015,76.72122
4.7,0.17302,"1,455.11",0.00055,0.00005,78.34551
4.8,0.17615,"1,482.27",0.00049,0.00012,79.80769
4.9,0.17967,"1,513.23",0.00048,0.00051,81.47497
5,0.18303,"1,544.04",0.00059,0.00038,83.13354
5.1,0.18617,"1,570.79",0.00064,0.00025,84.57390
5.2,0.18961,"1,600.89",0.00064,0.00034,86.19443
5.3,0.19297,"1,631.58",0.00058,0.00056,87.84666
5.4,0.19626,"1,660.70",0.00067,0.00032,89.41465
5.5,0.19962,"1,690.40",0.00068,0.00047,91.01406
5.6,0.20299,"1,721.21",0.00071,0.00047,92.67288
5.7,0.20627,"1,749.99",0.00073,0.00062,94.22217
5.8,0.20949,"1,778.48",0.00073,0.00062,95.75644
5.9,0.21285,"1,807.36",0.00076,0.00059,97.31112
6,0.21629,"1,836.95",0.00074,0.00055,98.90406
6.1,0.21943,"1,864.49",0.00077,0.00059,100.38707
6.2,0.22301,"1,895.74",0.0008,0.00055,102.06944
6.3,0.22638,"1,927.39",0.00083,0.00055,103.77367
6.4,0.22952,"1,956.00",0.00084,0.0005,105.31411
6.5,0.23295,"1,985.41",0.00081,0.00054,106.89758
6.6,0.23624,"2,013.10",0.00083,0.0005,108.38858
6.7,0.23953,"2,041.76",0.00088,0.00054,109.93148
6.8,0.24289,"2,072.18",0.0009,0.00046,111.56928
6.9,0.24633,"2,101.28",0.00089,0.00039,113.13625
7,0.24962,"2,131.61",0.00092,0.00038,114.76952
7.1,0.25291,"2,159.68",0.0009,0.00052,116.28041
7.2,0.25635,"2,189.98",0.00095,0.00044,117.91216
7.3,0.25956,"2,219.79",0.00097,0.00044,119.51678
7.4,0.26285,"2,246.23",0.00099,0.00049,120.94074
7.5,0.26629,"2,277.39",0.00098,0.00046,122.61848
7.6,0.26965,"2,307.17",0.001,0.00054,124.22190
7.7,0.27286,"2,334.91",0.00104,0.00041,125.71551
7.8,0.2763,"2,365.08",0.00104,0.00036,127.33982
7.9,0.27967,"2,393.93",0.00105,0.00031,128.89282
8,0.28288,"2,421.92",0.00108,0.00043,130.39986
8.1,0.28624,"2,451.04",0.00111,0.00049,131.96808
8.2,0.28961,"2,480.47",0.0011,0.00045,133.55225
8.3,0.29289,"2,510.15",0.00112,0.00045,135.15047
8.4,0.29626,"2,539.44",0.00113,0.00041,136.72762
8.5,0.29969,"2,569.34",0.00115,0.00041,138.33711
8.6,0.30291,"2,598.37",0.00116,0.0005,139.90019
8.7,0.3062,"2,624.97",0.00116,0.00061,141.33246
8.8,0.30956,"2,655.43",0.0012,0.0007,142.97243
8.9,0.31292,"2,684.89",0.00119,0.00074,144.55852
9,0.31621,"2,712.86",0.00121,0.00077,146.06445
9.1,0.31965,"2,744.72",0.00123,0.00077,147.78033
9.2,0.32301,"2,773.19",0.00124,0.00077,149.31302
9.3,0.32623,"2,800.39",0.00128,0.00076,150.77759
9.4,0.32959,"2,829.92",0.0013,0.00079,152.36763
9.5,0.33295,"2,859.18",0.0013,0.00073,153.94299
9.6,0.33617,"2,886.69",0.00131,0.00077,155.42390
9.7,0.3396,"2,916.09",0.00133,0.0007,157.00691
9.8,0.34297,"2,945.73",0.00134,0.00069,158.60255
9.9,0.34626,"2,976.22",0.00135,0.00066,160.24445
10,0.34962,"3,003.68",0.00137,0.00065,161.72267
10.1,0.35298,"3,033.87",0.00138,0.00063,163.34859
10.2,0.3562,"3,061.18",0.00141,0.00069,164.81877
10.3,0.35948,"3,088.90",0.00142,0.00057,166.31143
10.4,0.36292,"3,119.19",0.00144,0.00055,167.94214
10.5,0.36629,"3,149.09",0.00145,0.0006,169.55203
10.6,0.36957,"3,176.52",0.00147,0.00058,171.02902
10.7,0.37294,"3,205.96",0.00148,0.00061,172.61401
10.8,0.37637,"3,235.02",0.00148,0.00054,174.17841
10.9,0.37951,"3,263.88",0.00151,0.00049,175.73250
11,0.38288,"3,291.30",0.00152,0.00049,177.20876
11.1,0.38631,"3,319.91",0.00151,0.00055,178.74919
11.2,0.38953,"3,349.86",0.00156,0.00058,180.36168
11.3,0.39297,"3,378.74",0.00158,0.00053,181.91658
11.4,0.39633,"3,409.45",0.00157,0.00059,183.56998
11.5,0.39962,"3,436.36",0.00161,0.00059,185.01897
11.6,0.40291,"3,463.49",0.0016,0.00053,186.47972
11.7,0.40627,"3,494.53",0.00161,0.00063,188.15123
11.8,0.40963,"3,524.38",0.00161,0.0008,189.75803
11.9,0.41292,"3,553.49",0.00165,0.00075,191.32584
12,0.41621,"3,581.99",0.00166,0.00091,192.85985
12.1,0.41972,"3,611.62",0.00165,0.00092,194.45515
12.2,0.42286,"3,640.15",0.00168,0.00101,195.99171
12.3,0.42622,"3,668.48",0.00168,0.00092,197.51678
12.4,0.42966,"3,696.46",0.00173,0.00096,199.02335
12.5,0.4328,"3,724.10",0.00172,0.00087,200.51146
12.6,0.43624,"3,753.73",0.00173,0.00087,202.10699
12.7,0.43968,"3,784.69",0.00173,0.00087,203.77393
12.8,0.44289,"3,812.82",0.00176,0.00084,205.28848
12.9,0.44625,"3,840.26",0.00176,0.00083,206.76590
13,0.44954,"3,869.68",0.00177,0.00079,208.34978
13.1,0.45291,"3,898.96",0.0018,0.00075,209.92627
13.2,0.45612,"3,926.11",0.00183,0.0008,211.38797
13.3,0.45956,"3,955.19",0.00181,0.00075,212.95390
13.4,0.46314,"3,986.59",0.00184,0.00074,214.64417
13.5,0.46621,"4,013.70",0.00186,0.00069,216.10379
13.6,0.46965,"4,042.15",0.00188,0.00074,217.63605
13.7,0.47301,"4,071.88",0.00188,0.00074,219.23631
13.8,0.47607,"4,098.54",0.0019,0.00074,220.67184
13.9,0.47959,"4,128.22",0.00191,0.00058,222.27008
14,0.48302,"4,158.57",0.00193,0.00072,223.90410
14.1,0.48624,"4,187.65",0.00196,0.00066,225.46997
14.2,0.4896,"4,214.51",0.00196,0.00079,226.91620
14.3,0.49296,"4,244.67",0.00198,0.0007,228.54007
14.4,0.49633,"4,273.76",0.00196,0.00072,230.10597
14.5,0.49947,"4,300.10",0.00199,0.00072,231.52412
14.6,0.5029,"4,329.18",0.00202,0.00073,233.09006
14.7,0.50634,"4,358.93",0.00199,0.00079,234.69193
14.8,0.50948,"4,387.31",0.00201,0.00075,236.22002
14.9,0.51299,"4,417.86",0.00199,0.00085,237.86475
15,0.51636,"4,447.65",0.00204,0.0009,239.46881
15.1,0.5195,"4,474.19",0.00202,0.00097,240.89740
15.2,0.52293,"4,503.65",0.00194,0.00109,242.48370
15.3,0.5263,"4,532.76",0.00199,0.00104,244.05103
15.4,0.52951,"4,560.61",0.00205,0.00109,245.55031
15.5,0.53295,"4,589.61",0.00209,0.00106,247.11188
15.6,0.53631,"4,618.87",0.00211,0.00102,248.68739
15.7,0.53968,"4,650.29",0.00211,0.00104,250.37907
15.8,0.54289,"4,677.36",0.00214,0.00106,251.83672
15.9,0.54625,"4,706.18",0.00215,0.00101,253.38844
16,0.54962,"4,734.77",0.00218,0.00097,254.92758
16.1,0.55275,"4,760.60",0.00217,0.00096,256.31842
16.2,0.55634,"4,792.00",0.00218,0.00091,258.00912
16.3,0.5597,"4,821.07",0.00217,0.00097,259.57425
16.4,0.56284,"4,848.81",0.00212,0.00093,261.06744
16.5,0.56636,"4,877.45",0.00222,0.00093,262.60944
16.6,0.56964,"4,905.90",0.00223,0.00094,264.14148
16.7,0.57278,"4,934.44",0.00224,0.00092,265.67786
16.8,0.57622,"4,963.40",0.00226,0.00096,267.23721
16.9,0.57958,"4,992.96",0.00222,0.00087,268.82880
17,0.58295,"5,022.31",0.00223,0.00084,270.40924
17.1,0.58624,"5,050.22",0.00228,0.00072,271.91171
17.2,0.5896,"5,079.15",0.00222,0.00056,273.46967
17.3,0.59289,"5,107.96",0.00224,0.00085,275.02048
17.4,0.5961,"5,133.19",0.00225,0.00092,276.37909
17.5,0.59961,"5,163.49",0.00221,0.00078,278.01031
17.6,0.6029,"5,193.06",0.00222,0.001,279.60287
17.7,0.60612,"5,220.07",0.00224,0.00091,281.05716
17.8,0.60963,"5,250.13",0.00222,0.00091,282.67526
17.9,0.61299,"5,279.03",0.00222,0.00105,284.23138
18,0.61621,"5,307.12",0.00224,0.00113,285.74396
18.1,0.61957,"5,335.68",0.00224,0.00111,287.28146
18.2,0.62293,"5,363.49",0.00221,0.00115,288.77905
18.3,0.62622,"5,391.19",0.0022,0.00125,290.27002
18.4,0.62958,"5,419.80",0.00225,0.0012,291.81058
18.5,0.63302,"5,450.14",0.00227,0.0012,293.44440
18.6,0.63631,"5,479.17",0.00228,0.0012,295.00717
18.7,0.63952,"5,504.53",0.00226,0.00123,296.37250
18.8,0.64289,"5,534.13",0.0023,0.00123,297.96637
18.9,0.64625,"5,563.22",0.00229,0.0012,299.53241
19,0.64946,"5,590.65",0.00232,0.00118,301.00934
19.1,0.65298,"5,620.83",0.00238,0.00115,302.63464
19.2,0.65634,"5,648.09",0.00241,0.00115,304.10208
19.3,0.65955,"5,677.59",0.00239,0.0011,305.69064
19.4,0.66292,"5,706.17",0.0025,0.00109,307.22958
19.5,0.66628,"5,733.85",0.00245,0.00112,308.71957
19.6,0.66949,"5,761.88",0.00244,0.00115,310.22873
19.7,0.67286,"5,789.25",0.00247,0.0011,311.70224
19.8,0.67637,"5,820.50",0.00255,0.00107,313.38507
19.9,0.67966,"5,850.03",0.00253,0.0011,314.97491
20,0.68295,"5,876.76",0.00255,0.00102,316.41400
20.1,0.68631,"5,905.54",0.00252,0.00084,317.96375
20.2,0.6896,"5,935.06",0.00256,0.0008,319.55338
20.3,0.69281,"5,961.51",0.00259,0.00068,320.97723
20.4,0.69625,"5,991.00",0.00256,0.00074,322.56500
20.5,0.69961,"6,018.97",0.00262,0.00097,324.07120
20.6,0.7029,"6,048.34",0.00254,0.00093,325.65234
20.7,0.70626,"6,077.61",0.00254,0.00104,327.22827
20.8,0.70978,"6,107.55",0.00257,0.00128,328.84036
20.9,0.71284,"6,134.10",0.00257,0.00135,330.26987
21,0.7162,"6,160.43",0.00255,0.0013,331.68765
21.1,0.71964,"6,190.29",0.00262,0.00124,333.29538
21.2,0.72286,"6,218.91",0.00266,0.00122,334.83612
21.3,0.72622,"6,245.79",0.00264,0.00124,336.28317
21.4,0.72966,"6,276.80",0.00266,0.00128,337.95309
21.5,0.73294,"6,305.19",0.00263,0.00136,339.48135
21.6,0.73623,"6,332.22",0.00261,0.00137,340.93695
21.7,0.73952,"6,360.70",0.00263,0.00134,342.47006
21.8,0.74296,"6,388.88",0.00266,0.0014,343.98755
21.9,0.7461,"6,415.40",0.00271,0.00134,345.41553
22,0.74961,"6,445.42",0.00272,0.00133,347.03149
22.1,0.75312,"6,474.43",0.00275,0.00131,348.59387
22.2,0.75626,"6,501.81",0.00278,0.00129,350.06784
22.3,0.75963,"6,528.88",0.00283,0.0013,351.52560
22.4,0.76306,"6,558.77",0.00287,0.00125,353.13489
22.5,0.76613,"6,586.86",0.00285,0.00126,354.64688
22.6,0.76957,"6,614.59",0.00281,0.00129,356.14001
22.7,0.773,"6,644.50",0.0029,0.00123,357.75027
22.8,0.77629,"6,672.94",0.00286,0.00125,359.28192
22.9,0.77958,"6,700.16",0.00293,0.00131,360.74747
23,0.78294,"6,729.27",0.00293,0.00123,362.31439
23.1,0.78631,"6,757.57",0.00295,0.00106,363.83862
23.2,0.78945,"6,783.39",0.00295,0.00099,365.22849
23.3,0.79288,"6,813.60",0.0029,0.00079,366.85495
23.4,0.7964,"6,844.08",0.00298,0.00084,368.49637
23.5,0.79946,"6,869.56",0.00297,0.00091,369.86819
23.6,0.80305,"6,900.03",0.00298,0.0009,371.50842
23.7,0.80634,"6,929.03",0.00301,0.00099,373.07013
23.8,0.80948,"6,955.82",0.00302,0.00116,374.51242
23.9,0.81291,"6,983.94",0.00305,0.00125,376.02661
24,0.81628,"7,012.66",0.00307,0.00147,377.57291
24.1,0.81956,"7,039.92",0.00298,0.00142,379.04050
24.2,0.82293,"7,067.82",0.00309,0.0013,380.54276
24.3,0.82637,"7,097.11",0.00308,0.00132,382.11987
24.4,0.82965,"7,126.24",0.0031,0.00143,383.68790
24.5,0.83279,"7,151.61",0.00315,0.00138,385.05435
24.6,0.83623,"7,181.82",0.00313,0.00151,386.68091
24.7,0.83967,"7,211.29",0.00312,0.00151,388.26715
24.8,0.84281,"7,236.45",0.00314,0.00149,389.62192
24.9,0.8464,"7,266.48",0.00314,0.00152,391.23892
25,0.84976,"7,295.12",0.00317,0.00147,392.78098
25.1,0.85282,"7,321.67",0.00317,0.00142,394.21017
25.2,0.85634,"7,350.27",0.0032,0.00142,395.75018
25.3,0.85962,"7,377.87",0.00322,0.0014,397.23633
25.4,0.86284,"7,405.23",0.00325,0.00142,398.70932
25.5,0.8662,"7,432.53",0.00324,0.00145,400.17950
25.6,0.86964,"7,462.54",0.00326,0.00143,401.79535
25.7,0.873,"7,492.39",0.00325,0.00141,403.40201
25.8,0.87622,"7,518.70",0.00328,0.00135,404.81866
25.9,0.87958,"7,547.20",0.00329,0.00137,406.35342
26,0.88294,"7,575.71",0.00332,0.00141,407.88858
26.1,0.88608,"7,601.25",0.00333,0.00134,409.26346
26.2,0.88959,"7,630.90",0.00335,0.0014,410.85983
26.3,0.89303,"7,658.63",0.00339,0.00124,412.35312
26.4,0.89624,"7,685.86",0.00338,0.00125,413.81885
26.5,0.89968,"7,715.48",0.00337,0.00119,415.41360
26.6,0.90297,"7,742.39",0.00337,0.00104,416.86261
26.7,0.90618,"7,769.99",0.00339,0.00097,418.34885
26.8,0.90955,"7,796.57",0.00343,0.00098,419.77979
26.9,0.91291,"7,824.69",0.00342,0.00103,421.29398
27,0.91627,"7,853.11",0.00345,0.00123,422.82416
27.1,0.91956,"7,878.91",0.00346,0.00125,424.21310
27.2,0.923,"7,907.90",0.00348,0.00129,425.77402
27.3,0.92629,"7,936.06",0.00349,0.00126,427.28998
27.4,0.9295,"7,961.58",0.00349,0.00129,428.66440
27.5,0.93294,"7,991.82",0.00353,0.00135,430.29211
27.6,0.9363,"8,018.97",0.00354,0.00143,431.75439
27.7,0.93952,"8,044.55",0.00353,0.00149,433.13141
27.8,0.94303,"8,075.36",0.00355,0.00159,434.79031
27.9,0.94632,"8,102.59",0.00355,0.00166,436.25644
28,0.94961,"8,130.68",0.00358,0.00158,437.76898
28.1,0.9529,"8,157.17",0.00361,0.00162,439.19531
28.2,0.95618,"8,182.97",0.00359,0.00166,440.58441
28.3,0.95955,"8,212.37",0.00361,0.00157,442.16733
28.4,0.96284,"8,238.87",0.00362,0.00156,443.59387
28.5,0.96635,"8,267.87",0.00364,0.00153,445.15555
28.6,0.96964,"8,296.03",0.00366,0.00156,446.67172
28.7,0.97285,"8,321.99",0.00366,0.00158,448.06909
28.8,0.97629,"8,351.59",0.00368,0.00155,449.66306
28.9,0.97965,"8,379.47",0.00369,0.00152,451.16431
29,0.98286,"8,405.10",0.00372,0.00148,452.54379
29.1,0.9863,"8,433.86",0.00373,0.00148,454.09262
29.2,0.98967,"8,461.08",0.00375,0.00146,455.55786
29.3,0.99295,"8,488.65",0.00375,0.00147,457.04245
29.4,0.99624,"8,514.49",0.00375,0.00142,458.43396
29.5,0.99961,"8,542.81",0.00379,0.00131,459.95831
29.6,1.00289,"8,571.74",0.00378,0.00133,461.51599
29.7,1.00618,"8,597.01",0.00378,0.00135,462.87701
29.8,1.00962,"8,625.57",0.00378,0.00135,464.41434
29.9,1.01291,"8,653.06",0.00382,0.00121,465.89471
30,1.0162,"8,678.22",0.00385,0.00141,467.24911
30.1,1.01964,"8,708.08",0.00385,0.0014,468.85706
30.2,1.02292,"8,735.28",0.00388,0.00141,470.32135
30.3,1.02614,"8,760.97",0.00388,0.00142,471.70462
30.4,1.02958,"8,788.88",0.00388,0.00138,473.20734
30.5,1.03301,"8,817.21",0.0039,0.00138,474.73251
30.6,1.03623,"8,844.20",0.00389,0.00146,476.18567
30.7,1.03959,"8,870.72",0.00391,0.0015,477.61377
30.8,1.04303,"8,898.98",0.00393,0.0018,479.13516
30.9,1.04617,"8,925.97",0.00395,0.00181,480.58868
31,1.04953,"8,952.95",0.00396,0.00179,482.04092
31.1,1.05297,"8,981.61",0.00396,0.00179,483.58420
31.2,1.05626,"9,008.47",0.00397,0.00176,485.03061
31.3,1.05962,"9,033.41",0.00398,0.00176,486.37299
31.4,1.06298,"9,063.61",0.004,0.00172,487.99942
31.5,1.06635,"9,090.49",0.00401,0.00175,489.44653
31.6,1.06956,"9,116.09",0.00402,0.0017,490.82489
31.7,1.07285,"9,143.67",0.00405,0.0017,492.30969
31.8,1.07629,"9,170.75",0.00407,0.00167,493.76779
31.9,1.07942,"9,197.71",0.0041,0.0017,495.21924
32,1.08294,"9,224.74",0.00411,0.00166,496.67459
32.1,1.08645,"9,253.53",0.00411,0.00168,498.22470
32.2,1.08944,"9,277.36",0.00414,0.00166,499.50806
32.3,1.09295,"9,304.50",0.00413,0.00163,500.96906
32.4,1.09632,"9,333.34",0.00414,0.00151,502.52209
32.5,1.09945,"9,361.14",0.00416,0.00147,504.01889
32.6,1.10289,"9,386.31",0.00419,0.00154,505.37411
32.7,1.10633,"9,414.96",0.00419,0.00156,506.91629
32.8,1.10962,"9,442.79",0.00421,0.00146,508.41516
32.9,1.11298,"9,469.46",0.0042,0.00145,509.85086
33,1.11634,"9,495.73",0.0042,0.00147,511.26520
33.1,1.11963,"9,522.38",0.00424,0.00152,512.70020
33.2,1.12285,"9,548.36",0.00423,0.00149,514.09894
33.3,1.12628,"9,577.16",0.00425,0.00152,515.64954
33.4,1.12972,"9,603.90",0.00428,0.00147,517.08929
33.5,1.13279,"9,628.25",0.00429,0.00156,518.40063
33.6,1.13637,"9,656.80",0.00428,0.00155,519.93774
33.7,1.13974,"9,684.12",0.00431,0.00157,521.40869
33.8,1.1428,"9,709.35",0.00431,0.00163,522.76685
33.9,1.14631,"9,736.58",0.00433,0.00192,524.23303
34,1.1496,"9,763.10",0.00434,0.00195,525.66107
34.1,1.15282,"9,790.48",0.00436,0.00193,527.13531
34.2,1.15625,"9,816.48",0.00439,0.00192,528.53473
34.3,1.15962,"9,844.31",0.00437,0.00192,530.03333
34.4,1.16298,"9,870.97",0.0044,0.00186,531.46881
34.5,1.16612,"9,895.11",0.00442,0.00188,532.76874
34.6,1.16956,"9,923.52",0.00442,0.0019,534.29810
34.7,1.173,"9,950.84",0.00444,0.00184,535.76910
34.8,1.17613,"9,975.44",0.00444,0.00184,537.09381
34.9,1.17965,"10,003.21",0.00446,0.00181,538.58868
35,1.18309,"10,030.66",0.00447,0.00183,540.06683
35.1,1.18622,"10,055.36",0.00449,0.00187,541.39661
35.2,1.18966,"10,082.08",0.00449,0.00193,542.83502
35.3,1.19295,"10,107.59",0.0045,0.00171,544.20856
35.4,1.19616,"10,133.58",0.00452,0.00173,545.60791
35.5,1.1996,"10,159.85",0.00453,0.00167,547.02277
35.6,1.20297,"10,187.69",0.00454,0.00162,548.52124
35.7,1.20633,"10,215.79",0.00455,0.00166,550.03430
35.8,1.20954,"10,239.19",0.00455,0.00165,551.29425
35.9,1.21298,"10,267.49",0.00459,0.0016,552.81799
36,1.21634,"10,294.17",0.00457,0.00141,554.25476
36.1,1.21948,"10,318.40",0.00461,0.00153,555.55914
36.2,1.22292,"10,345.50",0.00458,0.00155,557.01807
36.3,1.22628,"10,371.72",0.00457,0.00163,558.42999
36.4,1.22957,"10,397.83",0.00464,0.00168,559.83606
36.5,1.23301,"10,425.60",0.00462,0.00172,561.33099
36.6,1.2363,"10,451.50",0.00468,0.00171,562.72534
36.7,1.23951,"10,477.64",0.00469,0.00186,564.13306
36.8,1.24287,"10,503.42",0.00469,0.00173,565.52118
36.9,1.24624,"10,530.44",0.00469,0.00197,566.97571
37,1.2496,"10,557.52",0.00468,0.00206,568.43353
37.1,1.25289,"10,581.34",0.00473,0.00206,569.71613
37.2,1.25633,"10,609.80",0.00472,0.00204,571.24878
37.3,1.25969,"10,637.15",0.00475,0.00202,572.72101
37.4,1.26283,"10,659.55",0.00476,0.00206,573.92743
37.5,1.26627,"10,686.44",0.00478,0.00208,575.37476
37.6,1.26963,"10,712.12",0.00478,0.00205,576.75757
37.7,1.27284,"10,737.41",0.00478,0.00205,578.11945
37.8,1.27636,"10,766.00",0.00481,0.00197,579.65881
37.9,1.27972,"10,791.41",0.00484,0.00194,581.02679
38,1.28293,"10,817.47",0.00481,0.00196,582.42987
38.1,1.28622,"10,843.24",0.00482,0.00196,583.81714
38.2,1.28958,"10,870.00",0.0048,0.002,585.25836
38.3,1.29287,"10,897.21",0.00476,0.00193,586.72314
38.4,1.29616,"10,919.57",0.00481,0.00186,587.92719
38.5,1.2996,"10,947.45",0.00473,0.00183,589.42810
38.6,1.30296,"10,974.30",0.00473,0.00183,590.87396
38.7,1.30618,"10,998.55",0.00476,0.0018,592.17932
38.8,1.30961,"11,026.11",0.00487,0.00174,593.66333
38.9,1.3129,"11,051.68",0.00493,0.00164,595.03992
39,1.31612,"11,076.07",0.00487,0.00146,596.35321
39.1,1.31955,"11,104.29",0.00481,0.0015,597.87286
39.2,1.32299,"11,129.58",0.0048,0.00174,599.23413
39.3,1.32621,"11,156.05",0.0049,0.00178,600.65936
39.4,1.32957,"11,181.04",0.00487,0.00175,602.00494
39.5,1.33301,"11,207.81",0.00488,0.00212,603.44629
39.6,1.33622,"11,233.64",0.00491,0.002,604.83716
39.7,1.33951,"11,258.58",0.00492,0.00204,606.17993
39.8,1.34295,"11,285.21",0.00499,0.00206,607.61359
39.9,1.34624,"11,310.93",0.00493,0.00204,608.99872
40,1.3496,"11,334.82",0.00497,0.00213,610.28503
40.1,1.35311,"11,364.10",0.00497,0.00221,611.86127
40.2,1.35633,"11,388.45",0.00509,0.0022,613.17249
40.3,1.35946,"11,411.17",0.00505,0.00214,614.39587
40.4,1.3629,"11,438.49",0.00506,0.00224,615.86633
40.5,1.36627,"11,465.01",0.00504,0.00221,617.29425
40.6,1.3694,"11,489.12",0.00507,0.00216,618.59247
40.7,1.37292,"11,514.74",0.00508,0.00219,619.97198
40.8,1.37643,"11,542.20",0.00511,0.00213,621.45026
40.9,1.37949,"11,567.06",0.00504,0.0021,622.78900
41,1.38286,"11,593.16",0.00508,0.00213,624.19409
41.1,1.38629,"11,620.08",0.00505,0.00211,625.64380
41.2,1.38951,"11,645.05",0.005,0.00205,626.98792
41.3,1.39287,"11,670.62",0.005,0.00211,628.36505
41.4,1.39638,"11,698.74",0.00507,0.00201,629.87885
41.5,1.39967,"11,724.47",0.00509,0.00197,631.26398
41.6,1.40289,"11,747.16",0.00502,0.00199,632.48590
41.7,1.40625,"11,773.02",0.00507,0.00193,633.87817
41.8,1.40961,"11,799.77",0.00501,0.0017,635.31860
41.9,1.41275,"11,823.59",0.00506,0.00163,636.60089
42,1.41626,"11,849.27",0.00512,0.00158,637.98364
42.1,1.41978,"11,876.48",0.00509,0.00161,639.44891
42.2,1.42292,"11,900.42",0.00512,0.00161,640.73755
42.3,1.42635,"11,927.35",0.00512,0.00169,642.18750
42.4,1.42972,"11,952.74",0.0052,0.00188,643.55487
42.5,1.43278,"11,976.64",0.00521,0.00193,644.84143
42.6,1.43622,"12,002.40",0.00522,0.00197,646.22852
42.7,1.43966,"12,029.70",0.0052,0.00216,647.69849
42.8,1.44295,"12,054.78",0.00523,0.00214,649.04840
42.9,1.44631,"12,079.17",0.00526,0.00213,650.36169
43,1.44967,"12,104.97",0.00528,0.00224,651.75098
43.1,1.45303,"12,131.28",0.00529,0.00236,653.16748
43.2,1.4561,"12,154.39",0.00528,0.00233,654.41174
43.3,1.45954,"12,179.83",0.0053,0.00223,655.78168
43.4,1.46297,"12,205.60",0.00534,0.0023,657.16895
43.5,1.46611,"12,230.00",0.00534,0.00227,658.48267
43.6,1.4697,"12,256.53",0.00531,0.0023,659.91101
43.7,1.47306,"12,282.17",0.00532,0.00218,661.29169
43.8,1.4762,"12,305.11",0.00533,0.0022,662.52686
43.9,1.47964,"12,331.15",0.00533,0.00222,663.92883
44,1.48293,"12,357.31",0.00536,0.00213,665.33746
44.1,1.48622,"12,382.14",0.00535,0.00213,666.67395
44.2,1.48958,"12,406.62",0.00538,0.00216,667.99225
44.3,1.49294,"12,432.79",0.0054,0.00217,669.40131
44.4,1.49638,"12,459.69",0.0054,0.00217,670.84943
44.5,1.49952,"12,483.82",0.00542,0.00202,672.14880
44.6,1.50288,"12,510.61",0.00543,0.00202,673.59137
44.7,1.50632,"12,535.45",0.00543,0.00201,674.92859
44.8,1.50946,"12,558.61",0.00545,0.00199,676.17566
44.9,1.51297,"12,585.99",0.00548,0.00199,677.64966
45,1.51634,"12,611.05",0.00547,0.00197,678.99890
45.1,1.51955,"12,635.19",0.0055,0.00191,680.29883
45.2,1.52299,"12,660.18",0.00552,0.0019,681.64410
45.3,1.5262,"12,685.67",0.00551,0.002,683.01660
45.4,1.52949,"12,711.44",0.00551,0.0017,684.40411
45.5,1.53285,"12,735.85",0.00554,0.00192,685.71832
45.6,1.53622,"12,761.71",0.00555,0.00192,687.11090
45.7,1.53965,"12,787.66",0.00553,0.002,688.50812
45.8,1.54287,"12,810.83",0.00558,0.00202,689.75568
45.9,1.54631,"12,838.09",0.00559,0.00203,691.22333
46,1.54967,"12,863.53",0.00561,0.00207,692.59277
46.1,1.55281,"12,884.32",0.00563,0.00223,693.71252
46.2,1.55632,"12,913.43",0.0056,0.0022,695.27979
46.3,1.55968,"12,938.58",0.00562,0.00238,696.63403
46.4,1.5629,"12,963.28",0.00564,0.00241,697.96381
46.5,1.56634,"12,988.48",0.00566,0.00242,699.32068
46.6,1.5697,"13,012.17",0.00566,0.00239,700.59625
46.7,1.57291,"13,037.55",0.00568,0.00235,701.96259
46.8,1.5762,"13,062.03",0.00568,0.00232,703.28058
46.9,1.57956,"13,087.03",0.00568,0.0023,704.62640
47,1.58293,"13,112.17",0.00569,0.00228,705.98022
47.1,1.58614,"13,135.30",0.00569,0.00229,707.22540
47.2,1.58965,"13,162.40",0.00573,0.00229,708.68439
47.3,1.59302,"13,188.20",0.00575,0.00234,710.07391
47.4,1.59616,"13,209.07",0.00577,0.00224,711.19763
47.5,1.59959,"13,236.39",0.00576,0.00231,712.66833
47.6,1.60296,"13,263.14",0.00579,0.00218,714.10876
47.7,1.60617,"13,286.09",0.0058,0.00214,715.34442
47.8,1.60961,"13,311.88",0.0058,0.00215,716.73309
47.9,1.61305,"13,337.05",0.00583,0.00206,718.08832
48,1.61626,"13,362.17",0.00583,0.0021,719.44061
48.1,1.61962,"13,386.33",0.00581,0.00206,720.74127
48.2,1.62299,"13,411.61",0.00583,0.00209,722.10229
48.3,1.6262,"13,436.22",0.00584,0.00203,723.42743
48.4,1.62949,"13,459.03",0.00586,0.00201,724.65570
48.5,1.633,"13,487.03",0.00588,0.00207,726.16339
48.6,1.63629,"13,511.77",0.00589,0.00208,727.49530
48.7,1.6395,"13,534.91",0.00591,0.0021,728.74115
48.8,1.64294,"13,561.61",0.00593,0.00211,730.17859
48.9,1.64638,"13,587.56",0.00594,0.00208,731.57605
49,1.64952,"13,610.15",0.00594,0.00213,732.79224
49.1,1.65296,"13,636.13",0.00596,0.00224,734.19098
49.2,1.65639,"13,661.04",0.00598,0.00233,735.53247
49.3,1.65953,"13,685.31",0.00595,0.00242,736.83905
49.4,1.6629,"13,709.83",0.00598,0.00253,738.15900
49.5,1.66633,"13,735.34",0.00598,0.00254,739.53290
49.6,1.66947,"13,760.26",0.006,0.00251,740.87427
49.7,1.67284,"13,782.80",0.00602,0.00247,742.08807
49.8,1.67627,"13,809.61",0.00602,0.00249,743.53162
49.9,1.67956,"13,835.00",0.00601,0.00251,744.89868
50,1.68293,"13,858.05",0.00606,0.00246,746.13953
50.1,1.68629,"13,884.41",0.00606,0.00234,747.55884
50.2,1.68965,"13,910.62",0.00606,0.00242,748.97003
50.3,1.69287,"13,934.28",0.00609,0.00244,750.24365
50.4,1.69623,"13,960.01",0.00609,0.00249,751.62909
50.5,1.69967,"13,984.07",0.0061,0.00237,752.92450
50.6,1.70281,"14,006.77",0.00613,0.00224,754.14703
50.7,1.70632,"14,033.39",0.00612,0.00228,755.58020
50.8,1.70976,"14,060.25",0.00614,0.00225,757.02618
50.9,1.71282,"14,083.05",0.00614,0.00225,758.25403
51,1.71626,"14,106.12",0.00618,0.00224,759.49591
51.1,1.71962,"14,133.33",0.00617,0.00219,760.96124
51.2,1.72283,"14,157.76",0.00619,0.00212,762.27618
51.3,1.7262,"14,181.44",0.00619,0.00219,763.55121
51.4,1.72964,"14,206.62",0.00623,0.00214,764.90717
51.5,1.73292,"14,231.10",0.00625,0.0022,766.22498
51.6,1.73621,"14,254.40",0.00627,0.00215,767.47961
51.7,1.73958,"14,280.50",0.00626,0.00219,768.88470
51.8,1.74294,"14,305.70",0.00626,0.00223,770.24188
51.9,1.74615,"14,328.12",0.00627,0.00229,771.44885
52,1.74959,"14,353.54",0.00631,0.00229,772.81750
52.1,1.7531,"14,380.12",0.0063,0.00228,774.24872
52.2,1.75617,"14,403.74",0.00631,0.00237,775.52026
52.3,1.75968,"14,427.96",0.00632,0.00251,776.82434
52.4,1.76297,"14,452.21",0.00635,0.00251,778.13007
52.5,1.76618,"14,476.95",0.00634,0.00264,779.46198
52.6,1.76962,"14,501.74",0.00636,0.00264,780.79706
52.7,1.77298,"14,526.78",0.00632,0.0026,782.14526
52.8,1.77627,"14,550.58",0.00635,0.00262,783.42633
52.9,1.77956,"14,574.91",0.00636,0.00257,784.73627
53,1.783,"14,600.48",0.00639,0.00264,786.11328
53.1,1.78636,"14,625.75",0.00639,0.00261,787.47388
53.2,1.7895,"14,648.33",0.00642,0.00255,788.68958
53.3,1.79286,"14,672.23",0.00642,0.00256,789.97620
53.4,1.7963,"14,698.49",0.0064,0.00259,791.39020
53.5,1.79951,"14,722.45",0.00646,0.00254,792.68042
53.6,1.80303,"14,746.38",0.00647,0.00241,793.96857
53.7,1.80632,"14,771.33",0.00647,0.00237,795.31201
53.8,1.80953,"14,795.55",0.00648,0.00238,796.61584
53.9,1.81297,"14,819.91",0.00649,0.0024,797.92737
54,1.81618,"14,844.71",0.00649,0.00236,799.26276
54.1,1.81954,"14,867.98",0.00651,0.00235,800.51581
54.2,1.82283,"14,891.76",0.00651,0.00236,801.79596
54.3,1.82627,"14,918.49",0.00652,0.00235,803.23511
54.4,1.82978,"14,945.05",0.00656,0.0022,804.66541
54.5,1.83285,"14,967.25",0.00654,0.00222,805.86041
54.6,1.83629,"14,991.41",0.00657,0.00229,807.16150
54.7,1.83965,"15,016.98",0.00655,0.0023,808.53815
54.8,1.84279,"15,039.97",0.00657,0.00236,809.77600
54.9,1.84637,"15,066.28",0.0066,0.00237,811.19250
55,1.84966,"15,090.29",0.00661,0.00235,812.48553
55.1,1.85288,"15,113.20",0.00661,0.00231,813.71869
55.2,1.85632,"15,138.70",0.00662,0.00254,815.09180
55.3,1.8596,"15,163.30",0.00664,0.00276,816.41632
55.4,1.86297,"15,188.68",0.00669,0.00277,817.78302
55.5,1.86618,"15,211.15",0.00669,0.00278,818.99280
55.6,1.86954,"15,236.15",0.00672,0.00279,820.33862
55.7,1.87298,"15,262.03",0.00669,0.00274,821.73181
55.8,1.87612,"15,284.27",0.00669,0.0028,822.92975
55.9,1.87963,"15,309.41",0.00669,0.00276,824.28314
56,1.883,"15,335.42",0.00671,0.00274,825.68365
56.1,1.88613,"15,357.37",0.00671,0.0027,826.86523
56.2,1.88965,"15,384.30",0.00672,0.00269,828.31512
56.3,1.89301,"15,408.40",0.00674,0.00267,829.61261
56.4,1.89615,"15,430.56",0.00673,0.00264,830.80621
56.5,1.89966,"15,456.48",0.00668,0.00269,832.20172
56.6,1.90303,"15,480.92",0.00673,0.00255,833.51758
56.7,1.90624,"15,505.73",0.00676,0.00254,834.85309
56.8,1.90953,"15,527.63",0.00677,0.00252,836.03259
56.9,1.91289,"15,553.00",0.00677,0.0025,837.39825
57,1.91633,"15,578.74",0.00677,0.00253,838.78406
57.1,1.91954,"15,601.44",0.00678,0.00249,840.00641
57.2,1.92305,"15,627.07",0.00678,0.00248,841.38647
57.3,1.92634,"15,651.75",0.00682,0.00225,842.71527
57.4,1.92948,"15,673.08",0.00685,0.00218,843.86377
57.5,1.93299,"15,699.17",0.00682,0.00214,845.26831
57.6,1.93636,"15,724.23",0.00684,0.00218,846.61774
57.7,1.9395,"15,746.51",0.00683,0.0024,847.81702
57.8,1.94294,"15,770.83",0.00688,0.00241,849.12646
57.9,1.94645,"15,796.77",0.00692,0.00247,850.52356
58,1.94959,"15,821.08",0.00692,0.00242,851.83240
58.1,1.95288,"15,844.11",0.00692,0.00249,853.07233
58.2,1.95624,"15,867.07",0.00696,0.00265,854.30829
58.3,1.95953,"15,893.15",0.00699,0.00283,855.71246
58.4,1.96281,"15,914.62",0.00695,0.00291,856.86835
58.5,1.96633,"15,942.20",0.00694,0.00293,858.35358
58.6,1.96962,"15,965.18",0.00697,0.00289,859.59088
58.7,1.97283,"15,986.96",0.00697,0.0029,860.76361
58.8,1.97634,"16,014.11",0.00695,0.00286,862.22504
58.9,1.97963,"16,038.04",0.00697,0.00287,863.51349
59,1.98284,"16,060.94",0.00701,0.00284,864.74689
59.1,1.98628,"16,084.57",0.00687,0.00287,866.01904
59.2,1.98965,"16,108.84",0.00688,0.00287,867.32593
59.3,1.99286,"16,133.52",0.0069,0.00282,868.65466
59.4,1.9963,"16,157.11",0.00691,0.00285,869.92438
59.5,1.99973,"16,181.25",0.00695,0.00275,871.22449
59.6,2.00287,"16,205.06",0.00696,0.0027,872.50653
59.7,2.00616,"16,227.60",0.00692,0.00268,873.71985
59.8,2.00968,"16,254.33",0.00692,0.00264,875.15900
59.9,2.01296,"16,277.45",0.00697,0.00262,876.40411
60,2.01618,"16,298.72",0.00694,0.00262,877.54919
60.1,2.01969,"16,326.32",0.00701,0.00258,879.03510
60.2,2.02298,"16,349.51",0.00702,0.00253,880.28394
60.3,2.02612,"16,372.56",0.00705,0.00251,881.52502
60.4,2.02955,"16,395.80",0.00704,0.00258,882.77631
60.5,2.03292,"16,420.61",0.00707,0.00233,884.11176
60.6,2.03613,"16,444.07",0.0071,0.00223,885.37524
60.7,2.03957,"16,467.35",0.00709,0.00227,886.62854
60.8,2.04308,"16,492.63",0.00709,0.00255,887.98926
60.9,2.04622,"16,515.14",0.00715,0.00256,889.20148
61,2.04958,"16,539.31",0.00718,0.00255,890.50311
61.1,2.05295,"16,564.91",0.00712,0.00263,891.88104
61.2,2.05624,"16,587.97",0.0071,0.00251,893.12274
61.3,2.05952,"16,610.54",0.0071,0.00249,894.33820
61.4,2.06296,"16,636.83",0.00711,0.00271,895.75342
61.5,2.06633,"16,661.21",0.00714,0.00276,897.06592
61.6,2.06961,"16,683.80",0.00713,0.00277,898.28247
61.7,2.07298,"16,707.59",0.00717,0.00283,899.56342
61.8,2.07634,"16,730.74",0.00718,0.00289,900.80988
61.9,2.07948,"16,753.46",0.00715,0.00298,902.03290
62,2.08292,"16,778.32",0.00717,0.00292,903.37170
62.1,2.08636,"16,802.49",0.0072,0.00289,904.67316
62.2,2.08957,"16,825.56",0.00723,0.00289,905.91504
62.3,2.09293,"16,849.17",0.00722,0.00287,907.18634
62.4,2.09637,"16,874.41",0.00719,0.00284,908.54529
62.5,2.09958,"16,898.20",0.00717,0.00286,909.82623
62.6,2.10295,"16,920.74",0.00721,0.00281,911.03979
62.7,2.10624,"16,943.40",0.00727,0.00279,912.25964
62.8,2.1096,"16,967.62",0.00728,0.00268,913.56384
62.9,2.11289,"16,990.65",0.00724,0.00268,914.80377
63,2.11625,"17,014.75",0.00727,0.00269,916.10156
63.1,2.11969,"17,039.35",0.00732,0.00267,917.42560
63.2,2.12283,"17,061.16",0.00731,0.00267,918.60022
63.3,2.12626,"17,085.23",0.00733,0.00258,919.89587
63.4,2.1297,"17,110.10",0.00732,0.0026,921.23529
63.5,2.13284,"17,132.86",0.00735,0.00263,922.46051
63.6,2.13635,"17,156.65",0.00737,0.00256,923.74158
63.7,2.13972,"17,181.42",0.00737,0.00258,925.07532
63.8,2.14293,"17,204.69",0.00735,0.00262,926.32776
63.9,2.14629,"17,227.03",0.00736,0.00247,927.53070
64,2.14958,"17,250.39",0.00739,0.00261,928.78882
64.1,2.15295,"17,274.32",0.00741,0.00263,930.07709
64.2,2.15623,"17,297.95",0.00741,0.00262,931.34900
64.3,2.15952,"17,321.55",0.00741,0.00271,932.62000
64.4,2.16304,"17,346.00",0.0074,0.0026,933.93616
64.5,2.16617,"17,366.63",0.00744,0.00285,935.04706
64.6,2.16961,"17,391.38",0.00747,0.00282,936.37982
64.7,2.17298,"17,415.90",0.00747,0.00288,937.69989
64.8,2.17611,"17,437.48",0.00746,0.00301,938.86163
64.9,2.17963,"17,461.89",0.00745,0.00307,940.17590
65,2.18299,"17,486.12",0.00747,0.00307,941.48071
65.1,2.1862,"17,507.83",0.0075,0.003,942.64966
65.2,2.18972,"17,532.15",0.00748,0.003,943.95911
65.3,2.19293,"17,554.27",0.00751,0.00298,945.14984
65.4,2.19622,"17,577.96",0.00749,0.00299,946.42572
65.5,2.19951,"17,599.60",0.00753,0.00294,947.59045
65.6,2.20294,"17,625.13",0.00756,0.00295,948.96521
65.7,2.20638,"17,649.27",0.00755,0.00295,950.26508
65.8,2.20952,"17,669.51",0.00755,0.00287,951.35461
65.9,2.21303,"17,694.34",0.00755,0.00281,952.69153
66,2.21632,"17,718.77",0.00757,0.00274,954.00690
66.1,2.21946,"17,739.54",0.00758,0.00276,955.12494
66.2,2.22297,"17,763.34",0.00761,0.00276,956.40637
66.3,2.22634,"17,786.59",0.00761,0.00276,957.65845
66.4,2.22955,"17,808.97",0.00762,0.00268,958.86334
66.5,2.23299,"17,832.12",0.00764,0.00269,960.10968
66.6,2.23635,"17,856.79",0.00765,0.00263,961.43829
66.7,2.23957,"17,878.93",0.00766,0.00267,962.62994
66.8,2.24285,"17,900.66",0.00769,0.00263,963.80035
66.9,2.24622,"17,924.29",0.00769,0.00263,965.07269
67,2.24958,"17,948.51",0.00769,0.00272,966.37665
67.1,2.25279,"17,969.10",0.00771,0.00271,967.48492
67.2,2.25631,"17,992.79",0.00774,0.00268,968.76074
67.3,2.25967,"18,017.77",0.00777,0.00276,970.10571
67.4,2.26288,"18,038.15",0.00776,0.00268,971.20276
67.5,2.26632,"18,061.92",0.00775,0.00278,972.48254
67.6,2.26961,"18,084.26",0.00776,0.00295,973.68524
67.7,2.27282,"18,106.85",0.00778,0.00291,974.90179
67.8,2.27634,"18,130.77",0.00778,0.00309,976.18958
67.9,2.27977,"18,155.00",0.00778,0.00309,977.49445
68,2.28291,"18,176.46",0.0078,0.00312,978.64960
68.1,2.28628,"18,197.33",0.00782,0.00312,979.77313
68.2,2.28971,"18,222.88",0.00782,0.00311,981.14923
68.3,2.29293,"18,246.44",0.00783,0.00315,982.41754
68.4,2.29614,"18,266.92",0.00782,0.00307,983.52014
68.5,2.29965,"18,290.37",0.00786,0.00307,984.78284
68.6,2.30294,"18,314.54",0.00786,0.00305,986.08392
68.7,2.30623,"18,335.60",0.00786,0.00304,987.21820
68.8,2.30967,"18,360.69",0.00787,0.00296,988.56866
68.9,2.31296,"18,382.57",0.00785,0.0029,989.74677
69,2.3161,"18,402.77",0.0079,0.00288,990.83441
69.1,2.31953,"18,427.86",0.00791,0.00284,992.18518
69.2,2.32297,"18,450.35",0.00793,0.00284,993.39655
69.3,2.32619,"18,472.25",0.00794,0.00287,994.57544
69.4,2.32962,"18,493.24",0.00796,0.00276,995.70551
69.5,2.33306,"18,518.41",0.00797,0.00279,997.06067
69.6,2.3362,"18,541.57",0.00798,0.00279,998.30780
69.7,2.33956,"18,562.05",0.00798,0.00273,999.41071
69.8,2.34293,"18,584.72",0.00798,0.00271,1000.63116
69.9,2.34622,"18,607.05",0.00799,0.00279,1001.83337
70,2.34958,"18,629.30",0.008,0.00282,1003.03143
70.1,2.35302,"18,653.91",0.008,0.00277,1004.35657
70.2,2.35638,"18,676.04",0.00803,0.00279,1005.54767
70.3,2.35952,"18,696.08",0.00803,0.00279,1006.62671
70.4,2.36296,"18,719.32",0.00802,0.00282,1007.87793
70.5,2.36632,"18,743.00",0.00808,0.00294,1009.15320
70.6,2.36953,"18,764.06",0.00806,0.00301,1010.28693
70.7,2.37297,"18,786.14",0.00807,0.00307,1011.47583
70.8,2.37633,"18,809.58",0.00811,0.00326,1012.73785
70.9,2.37955,"18,831.81",0.00812,0.00329,1013.93469
71,2.38291,"18,853.04",0.00816,0.00326,1015.07788
71.1,2.38627,"18,875.83",0.00814,0.00329,1016.30463
71.2,2.38949,"18,896.25",0.00815,0.00327,1017.40448
71.3,2.39285,"18,918.13",0.00814,0.00329,1018.58221
71.4,2.39629,"18,942.89",0.00813,0.00323,1019.91528
71.5,2.39965,"18,965.10",0.00819,0.00322,1021.11115
71.6,2.40287,"18,986.28",0.00821,0.00318,1022.25140
71.7,2.40623,"19,008.85",0.00824,0.0031,1023.46704
71.8,2.40967,"19,031.89",0.00823,0.00305,1024.70728
71.9,2.41273,"19,052.82",0.00819,0.00304,1025.83411
72,2.41624,"19,074.85",0.00823,0.00305,1027.02039
72.1,2.41976,"19,098.71",0.00824,0.00299,1028.30505
72.2,2.4229,"19,119.86",0.00824,0.00301,1029.44360
72.3,2.42633,"19,142.76",0.00824,0.00293,1030.67676
72.4,2.4297,"19,164.68",0.00822,0.00291,1031.85693
72.5,2.43291,"19,185.76",0.00825,0.00289,1032.99170
72.6,2.4362,"19,207.00",0.00827,0.00287,1034.13538
72.7,2.43956,"19,229.82",0.00829,0.00285,1035.36426
72.8,2.44292,"19,252.79",0.00829,0.00276,1036.60071
72.9,2.44621,"19,272.64",0.00832,0.00263,1037.66992
73,2.44958,"19,294.44",0.00839,0.00286,1038.84326
73.1,2.45309,"19,318.91",0.00841,0.00286,1040.16077
73.2,2.45615,"19,338.31",0.00833,0.00288,1041.20532
73.3,2.45959,"19,360.65",0.00836,0.00289,1042.40820
73.4,2.46295,"19,382.59",0.00837,0.0029,1043.58984
73.5,2.46609,"19,403.61",0.0084,0.00312,1044.72131
73.6,2.46968,"19,425.54",0.00846,0.00337,1045.90234
73.7,2.47304,"19,448.17",0.00843,0.00336,1047.12073
73.8,2.47626,"19,469.86",0.00845,0.00337,1048.28857
73.9,2.47962,"19,489.88",0.00849,0.0034,1049.36597
74,2.48291,"19,512.36",0.00848,0.00336,1050.57666
74.1,2.48627,"19,535.08",0.00847,0.00335,1051.80005
74.2,2.48956,"19,555.19",0.00852,0.00335,1052.88269
74.3,2.49292,"19,576.09",0.00849,0.0033,1054.00793
74.4,2.49644,"19,599.35",0.00854,0.00328,1055.26025
74.5,2.4995,"19,618.63",0.00854,0.0033,1056.29858
74.6,2.50294,"19,640.87",0.00854,0.00321,1057.49561
74.7,2.50638,"19,662.33",0.00855,0.0032,1058.65149
74.8,2.50944,"19,680.93",0.00856,0.00325,1059.65259
74.9,2.51303,"19,704.12",0.00858,0.00307,1060.90125
75,2.51639,"19,725.40",0.0086,0.00311,1062.04724
75.1,2.5196,"19,747.15",0.00859,0.0031,1063.21790
75.2,2.52297,"19,767.00",0.0086,0.00307,1064.28662
75.3,2.52633,"19,788.70",0.00858,0.00306,1065.45520
75.4,2.52962,"19,811.06",0.00857,0.00306,1066.65906
75.5,2.53283,"19,830.55",0.0086,0.0029,1067.70850
75.6,2.53627,"19,852.98",0.0086,0.00286,1068.91626
75.7,2.53963,"19,874.46",0.00858,0.0027,1070.07300
75.8,2.54277,"19,893.79",0.00852,0.00278,1071.11365
75.9,2.54636,"19,916.59",0.00856,0.00273,1072.34119
76,2.54972,"19,938.92",0.00856,0.00303,1073.54309
76.1,2.55279,"19,955.77",0.00855,0.00298,1074.45032
76.2,2.5563,"19,978.58",0.00849,0.00304,1075.67847
76.3,2.55959,"20,000.20",0.00863,0.00307,1076.84253
76.4,2.5628,"20,019.11",0.00862,0.00304,1077.86096
76.5,2.56632,"20,040.94",0.00855,0.00321,1079.03613
76.6,2.56968,"20,061.26",0.00853,0.00327,1080.13025
76.7,2.57297,"20,082.59",0.00852,0.00341,1081.27856
76.8,2.57626,"20,103.22",0.0085,0.00346,1082.38928
76.9,2.57962,"20,124.32",0.00858,0.00348,1083.52551
77,2.58291,"20,144.16",0.00872,0.00349,1084.59387
77.1,2.58612,"20,163.08",0.00864,0.00343,1085.61230
77.2,2.58971,"20,187.49",0.00868,0.00339,1086.92664
77.3,2.593,"20,208.09",0.00862,0.00333,1088.03589
77.4,2.59614,"20,226.46",0.00868,0.00337,1089.02515
77.5,2.59965,"20,248.18",0.00863,0.00332,1090.19434
77.6,2.60294,"20,268.88",0.00862,0.00333,1091.30908
77.7,2.60615,"20,288.48",0.00861,0.00333,1092.36438
77.8,2.60959,"20,309.56",0.00862,0.00327,1093.49915
77.9,2.61295,"20,329.38",0.00868,0.00322,1094.56628
78,2.61624,"20,349.75",0.00869,0.00314,1095.66321
78.1,2.6196,"20,369.35",0.00873,0.00322,1096.71838
78.2,2.62304,"20,390.36",0.0087,0.00317,1097.84937
78.3,2.62618,"20,410.31",0.00876,0.00317,1098.92358
78.4,2.62947,"20,428.70",0.00874,0.00314,1099.91406
78.5,2.63298,"20,450.67",0.00873,0.00311,1101.09692
78.6,2.63634,"20,472.03",0.00872,0.00292,1102.24670
78.7,2.63956,"20,489.86",0.00873,0.00297,1103.20703
78.8,2.643,"20,510.38",0.00872,0.003,1104.31140
78.9,2.64636,"20,530.36",0.00874,0.00287,1105.38721
79,2.6495,"20,549.04",0.00875,0.00297,1106.39331
79.1,2.65294,"20,570.22",0.00872,0.00307,1107.53357
79.2,2.6563,"20,588.74",0.00873,0.00299,1108.53076
79.3,2.65951,"20,609.07",0.00872,0.00301,1109.62512
79.4,2.66295,"20,629.04",0.00873,0.00307,1110.70032
79.5,2.66631,"20,649.44",0.00876,0.00314,1111.79883
79.6,2.66953,"20,669.30",0.00876,0.00334,1112.86804
79.7,2.67289,"20,686.00",0.00877,0.00327,1113.76733
79.8,2.67625,"20,708.28",0.00878,0.00326,1114.96680
79.9,2.67954,"20,726.79",0.00881,0.00344,1115.96362
80,2.68283,"20,744.44",0.0088,0.00352,1116.91357
80.1,2.68627,"20,765.58",0.00882,0.00347,1118.05200
80.2,2.68971,"20,785.30",0.00883,0.00343,1119.11365
80.3,2.69284,"20,803.25",0.00886,0.00341,1120.08008
80.4,2.69621,"20,822.75",0.00886,0.00344,1121.13000
80.5,2.69965,"20,840.79",0.00889,0.00346,1122.10144
80.6,2.70278,"20,859.55",0.00888,0.00335,1123.11133
80.7,2.70622,"20,878.92",0.00889,0.00333,1124.15417
80.8,2.70974,"20,899.24",0.00888,0.00328,1125.24866
80.9,2.71287,"20,916.17",0.0089,0.00321,1126.15979
81,2.71631,"20,933.73",0.00895,0.0032,1127.10559
81.1,2.71968,"20,953.41",0.00892,0.00321,1128.16492
81.2,2.72296,"20,971.02",0.00892,0.00318,1129.11316
81.3,2.72625,"20,989.07",0.00892,0.00317,1130.08496
81.4,2.72962,"21,007.60",0.00893,0.00316,1131.08289
81.5,2.73298,"21,025.94",0.00894,0.00315,1132.06995
81.6,2.73619,"21,042.61",0.00896,0.00307,1132.96790
81.7,2.73956,"21,061.08",0.00896,0.00304,1133.96204
81.8,2.74299,"21,079.16",0.00895,0.00309,1134.93555
81.9,2.74613,"21,094.53",0.00898,0.00308,1135.76343
82,2.74957,"21,112.33",0.00895,0.00312,1136.72144
82.1,2.75301,"21,131.52",0.00899,0.00313,1137.75464
82.2,2.75615,"21,149.26",0.00898,0.00314,1138.71021
82.3,2.75966,"21,165.26",0.00903,0.00316,1139.57141
82.4,2.76295,"21,182.84",0.00903,0.00312,1140.51770
82.5,2.76624,"21,200.66",0.00902,0.00329,1141.47717
82.6,2.76953,"21,217.56",0.00901,0.00339,1142.38733
82.7,2.77289,"21,234.21",0.00905,0.00341,1143.28369
82.8,2.77625,"21,251.70",0.00907,0.00343,1144.22571
82.9,2.77946,"21,267.32",0.00906,0.00358,1145.06677
83,2.78298,"21,286.40",0.00903,0.00344,1146.09363
83.1,2.78642,"21,305.45",0.00906,0.00359,1147.11938
83.2,2.78955,"21,319.63",0.00906,0.00356,1147.88269
83.3,2.79292,"21,335.61",0.00908,0.0036,1148.74353
83.4,2.79636,"21,354.06",0.00909,0.00358,1149.73669
83.5,2.79949,"21,369.13",0.00911,0.00349,1150.54834
83.6,2.80301,"21,386.19",0.00911,0.00345,1151.46680
83.7,2.80637,"21,403.43",0.00906,0.00346,1152.39490
83.8,2.80958,"21,420.13",0.0091,0.00344,1153.29382
83.9,2.81295,"21,436.54",0.00913,0.00337,1154.17773
84,2.81631,"21,453.65",0.00914,0.0033,1155.09888
84.1,2.8196,"21,471.97",0.00915,0.00328,1156.08533
84.2,2.82281,"21,483.96",0.00915,0.00326,1156.73083
84.3,2.82625,"21,502.51",0.00915,0.00331,1157.72961
84.4,2.82969,"21,521.18",0.00918,0.00322,1158.73474
84.5,2.83283,"21,534.81",0.00917,0.00325,1159.46851
84.6,2.83634,"21,552.71",0.00918,0.00319,1160.43250
84.7,2.83963,"21,568.48",0.0092,0.00315,1161.28149
84.8,2.84277,"21,583.25",0.00917,0.00315,1162.07690
84.9,2.84635,"21,600.56",0.00919,0.00332,1163.00854
85,2.84964,"21,617.32",0.00919,0.00317,1163.91101
85.1,2.85293,"21,631.12",0.00922,0.00323,1164.65405
85.2,2.85629,"21,648.26",0.00922,0.00322,1165.57666
85.3,2.85973,"21,665.04",0.00924,0.0032,1166.48022
85.4,2.86295,"21,681.07",0.00927,0.00325,1167.34338
85.5,2.86616,"21,694.38",0.00924,0.00341,1168.05981
85.6,2.8696,"21,711.85",0.00928,0.00342,1169.00073
85.7,2.87296,"21,728.67",0.00927,0.0035,1169.90637
85.8,2.87617,"21,743.18",0.00929,0.00362,1170.68774
85.9,2.87969,"21,761.46",0.00928,0.00372,1171.67163
86,2.88298,"21,775.01",0.00929,0.00364,1172.40125
86.1,2.88611,"21,789.37",0.00929,0.00367,1173.17456
86.2,2.88963,"21,806.96",0.00929,0.00365,1174.12183
86.3,2.89299,"21,822.62",0.00932,0.00364,1174.96484
86.4,2.89613,"21,836.54",0.00931,0.00371,1175.71423
86.5,2.89964,"21,852.18",0.00933,0.0036,1176.55615
86.6,2.903,"21,868.63",0.00933,0.00353,1177.44177
86.7,2.90629,"21,883.96",0.00934,0.00351,1178.26758
86.8,2.90958,"21,897.90",0.00935,0.00343,1179.01819
86.9,2.91302,"21,912.50",0.00935,0.00341,1179.80408
87,2.91623,"21,927.72",0.00935,0.00336,1180.62329
87.1,2.91945,"21,941.87",0.00936,0.00335,1181.38525
87.2,2.92303,"21,958.76",0.00938,0.00338,1182.29480
87.3,2.92632,"21,974.05",0.00938,0.00336,1183.11780
87.4,2.92954,"21,986.70",0.0094,0.00334,1183.79883
87.5,2.93305,"22,004.14",0.00941,0.0033,1184.73804
87.6,2.93634,"22,018.95",0.0094,0.00332,1185.53528
87.7,2.93955,"22,033.18",0.00938,0.00332,1186.30139
87.8,2.94291,"22,046.90",0.00942,0.00331,1187.04053
87.9,2.94628,"22,061.96",0.00942,0.00336,1187.85144
88,2.94957,"22,076.88",0.00944,0.00331,1188.65479
88.1,2.95293,"22,090.68",0.00942,0.00328,1189.39734
88.2,2.95637,"22,104.67",0.0094,0.00335,1190.15063
88.3,2.95958,"22,118.98",0.00944,0.00356,1190.92126
88.4,2.96287,"22,131.34",0.00943,0.00358,1191.58655
88.5,2.96623,"22,147.26",0.00946,0.00353,1192.44373
88.6,2.9696,"22,160.96",0.00944,0.00362,1193.18140
88.7,2.97288,"22,172.54",0.00946,0.00382,1193.80518
88.8,2.97632,"22,188.38",0.00947,0.00374,1194.65796
88.9,2.97969,"22,202.13",0.00948,0.00374,1195.39819
89,2.9829,"22,214.79",0.00949,0.00376,1196.07971
89.1,2.98619,"22,227.25",0.00947,0.00373,1196.75049
89.2,2.98962,"22,241.33",0.00948,0.00376,1197.50891
89.3,2.99284,"22,254.57",0.0095,0.00361,1198.22180
89.4,2.99628,"22,266.88",0.00952,0.00357,1198.88464
89.5,2.99971,"22,280.78",0.00949,0.00356,1199.63269
89.6,3.00285,"22,294.17",0.00952,0.00348,1200.35400
89.7,3.00629,"22,305.11",0.00956,0.00343,1200.94275
89.8,3.00958,"22,319.03",0.00955,0.00344,1201.69226
89.9,3.01294,"22,331.99",0.00957,0.00339,1202.39026
90,3.01616,"22,341.35",0.00955,0.00337,1202.89417
90.1,3.01959,"22,354.98",0.00956,0.00341,1203.62793
90.2,3.02303,"22,368.20",0.00956,0.00331,1204.33984
90.3,3.02625,"22,377.99",0.00957,0.0033,1204.86682
90.4,3.02961,"22,389.39",0.00956,0.00336,1205.48083
90.5,3.03297,"22,400.66",0.00956,0.00336,1206.08752
90.6,3.03619,"22,411.00",0.00959,0.00328,1206.64404
90.7,3.03955,"22,422.30",0.00961,0.00335,1207.25232
90.8,3.04306,"22,435.04",0.00958,0.00336,1207.93811
90.9,3.0462,"22,443.67",0.00957,0.00348,1208.40295
91,3.04964,"22,453.00",0.00958,0.00359,1208.90515
91.1,3.053,"22,465.21",0.00959,0.00371,1209.56311
91.2,3.05622,"22,474.22",0.00968,0.00381,1210.04773
91.3,3.0595,"22,482.35",0.00962,0.00383,1210.48560
91.4,3.06287,"22,492.78",0.00959,0.00378,1211.04712
91.5,3.06631,"22,502.08",0.0096,0.00375,1211.54822
91.6,3.06952,"22,510.23",0.00963,0.00373,1211.98669
91.7,3.07296,"22,519.50",0.00965,0.00364,1212.48572
91.8,3.07639,"22,527.62",0.00968,0.00369,1212.92310
91.9,3.07946,"22,533.68",0.00966,0.00353,1213.24951
92,3.0829,"22,541.40",0.00965,0.00354,1213.66492
92.1,3.08641,"22,550.56",0.00966,0.00347,1214.15845
92.2,3.08947,"22,556.25",0.00969,0.00348,1214.46460
92.3,3.09299,"22,561.60",0.00965,0.00346,1214.75269
92.4,3.09635,"22,570.71",0.00966,0.00342,1215.24329
92.5,3.09956,"22,575.84",0.00974,0.00326,1215.51941
92.6,3.10285,"22,580.02",0.00965,0.00325,1215.74438
92.7,3.10621,"22,585.52",0.00965,0.00339,1216.04041
92.8,3.10958,"22,590.58",0.00967,0.00339,1216.31311
92.9,3.11279,"22,593.07",0.00968,0.00336,1216.44702
93,3.1163,"22,597.61",0.00966,0.00339,1216.69128
93.1,3.11974,"22,602.84",0.00966,0.00366,1216.97302
93.2,3.12281,"22,601.98",0.00968,0.00375,1216.92688
93.3,3.12624,"22,605.45",0.00965,0.00378,1217.11340
93.4,3.12968,"22,608.76",0.00969,0.00378,1217.29163
93.5,3.13282,"22,608.01",0.0097,0.00385,1217.25159
93.6,3.13633,"22,608.01",0.00972,0.00375,1217.25146
93.7,3.1397,"22,610.12",0.00977,0.00371,1217.36475
93.8,3.14291,"22,609.97",0.00976,0.00356,1217.35681
93.9,3.14635,"22,607.92",0.00971,0.00355,1217.24658
94,3.14964,"22,605.95",0.00979,0.00353,1217.14038
94.1,3.153,"22,604.33",0.00977,0.00347,1217.05334
94.2,3.15614,"22,598.69",0.00977,0.00348,1216.74951
94.3,3.15965,"22,597.19",0.00973,0.00339,1216.66895
94.4,3.16309,"22,593.04",0.00969,0.00333,1216.44556
94.5,3.16615,"22,584.42",0.00971,0.00318,1215.98132
94.6,3.16974,"22,579.74",0.00967,0.00336,1215.72949
94.7,3.17303,"22,573.87",0.00967,0.00335,1215.41296
94.8,3.17609,"22,561.73",0.00968,0.00343,1214.75977
94.9,3.17968,"22,553.95",0.00968,0.00384,1214.34082
95,3.18289,"22,545.13",0.0097,0.00381,1213.86572
95.1,3.18618,"22,532.09",0.00968,0.00376,1213.16382
95.2,3.18962,"22,519.94",0.00971,0.00381,1212.50928
95.3,3.19298,"22,506.18",0.0097,0.00366,1211.76892
95.4,3.19635,"22,491.47",0.00968,0.00363,1210.97656
95.5,3.19956,"22,472.58",0.00971,0.00352,1209.95947
95.6,3.20292,"22,453.89",0.00974,0.00347,1208.95349
95.7,3.20629,"22,432.96",0.00972,0.0034,1207.82629
95.8,3.20943,"22,405.13",0.0097,0.00335,1206.32788
95.9,3.21301,"22,379.83",0.00966,0.00314,1204.96606
96,3.21638,"22,346.97",0.00968,0.00333,1203.19641
96.1,3.21952,"22,308.12",0.00967,0.00357,1201.10486
96.2,3.22303,"22,264.16",0.00967,0.00383,1198.73804
96.3,3.22632,"22,212.92",0.00963,0.00379,1195.97925
96.4,3.22953,"22,152.66",0.00961,0.00369,1192.73474
96.5,3.23297,"22,082.02",0.00958,0.0035,1188.93140
96.6,3.23633,"21,994.63",0.00955,0.00342,1184.22607
96.7,3.23962,"21,889.06",0.00947,0.00303,1178.54187
96.8,3.24291,"21,757.06",0.00937,0.00327,1171.43506
96.9,3.24635,"21,598.46",0.0094,0.00372,1162.89563
97,3.24963,"21,404.46",0.00931,0.00355,1152.45044
97.1,3.25285,"21,174.64",0.00924,0.00321,1140.07629
97.2,3.25629,"20,944.06",0.00895,0.00306,1127.66174
97.3,3.25965,"20,740.59",0.00893,0.0036,1116.70654
97.4,3.26294,"20,551.31",0.00895,0.00342,1106.51514
97.5,3.26638,"20,381.09",0.00888,0.00319,1097.35022
97.6,3.26966,"20,221.62",0.00881,0.0028,1088.76440
97.7,3.27288,"20,077.28",0.00866,0.00334,1080.99280
97.8,3.27624,"19,947.85",0.00867,0.00344,1074.02393
97.9,3.27968,"19,833.81",0.00864,0.00334,1067.88403
98,3.28289,"19,734.76",0.00857,0.00316,1062.55078
98.1,3.28626,"19,650.23",0.00854,0.00302,1057.99963
98.2,3.28969,"19,581.33",0.00856,0.00275,1054.29004
98.3,3.29298,"19,521.32",0.00839,0.00311,1051.05908
98.4,3.2962,"19,466.53",0.00828,0.00321,1048.10889
98.5,3.29963,"19,423.52",0.00825,0.00342,1045.79321
98.6,3.303,"19,387.72",0.00828,0.00341,1043.86560
98.7,3.30621,"19,354.05",0.00833,0.00327,1042.05286
98.8,3.30965,"19,328.55",0.00824,0.00321,1040.67981
98.9,3.31309,"19,305.37",0.00826,0.00312,1039.43213
99,3.31623,"19,283.38",0.00831,0.00307,1038.24792
99.1,3.31959,"19,267.65",0.00837,0.00293,1037.40112
99.2,3.32295,"19,253.14",0.00836,0.00271,1036.62012
99.3,3.32617,"19,242.10",0.00826,0.00278,1036.02539
99.4,3.32953,"19,230.29",0.00823,0.00301,1035.38965
99.5,3.33304,"19,224.06",0.0082,0.00308,1035.05432
99.6,3.33625,"19,217.05",0.00824,0.00317,1034.67688
99.7,3.33954,"19,209.43",0.00821,0.00338,1034.26648
99.8,3.34298,"19,207.04",0.00824,0.00338,1034.13770
99.9,3.34627,"19,203.50",0.00822,0.00338,1033.94702
100,3.34956,"19,200.13",0.00821,0.00332,1033.76562
100.1,3.35292,"19,199.72",0.00822,0.00333,1033.74377
100.2,3.35636,"19,199.33",0.00822,0.00315,1033.72253
100.3,3.35957,"19,195.96",0.00826,0.00315,1033.54126
100.4,3.36294,"19,196.76",0.00829,0.00311,1033.58447
100.5,3.36637,"19,197.21",0.00832,0.00306,1033.60864
100.6,3.36951,"19,196.97",0.0083,0.00276,1033.59583
100.7,3.37288,"19,196.96",0.00831,0.00277,1033.59473
100.8,3.37639,"19,199.45",0.00827,0.0028,1033.72876
100.9,3.3796,"19,200.69",0.00821,0.003,1033.79602
101,3.38297,"19,201.01",0.00825,0.00303,1033.81299
101.1,3.38633,"19,204.75",0.00824,0.00317,1034.01465
101.2,3.38962,"19,205.00",0.0082,0.00332,1034.02783
101.3,3.39283,"19,205.67",0.00821,0.00334,1034.06372
101.4,3.39627,"19,209.37",0.00821,0.00337,1034.26318
101.5,3.39971,"19,212.03",0.0082,0.00332,1034.40625
101.6,3.40285,"19,212.41",0.0082,0.00329,1034.42688
101.7,3.40628,"19,213.82",0.0082,0.00319,1034.50305
101.8,3.40972,"19,217.96",0.00828,0.00311,1034.72583
101.9,3.41279,"19,218.11",0.00821,0.00307,1034.73376
102,3.41622,"19,220.58",0.00825,0.00301,1034.86670
102.1,3.41966,"19,222.21",0.00829,0.00306,1034.95471
102.2,3.42287,"19,223.29",0.00825,0.00291,1035.01270
102.3,3.42631,"19,225.25",0.00825,0.00281,1035.11841
102.4,3.42968,"19,229.60",0.00823,0.00272,1035.35254
102.5,3.43296,"19,230.54",0.00828,0.00306,1035.40271
102.6,3.43625,"19,230.03",0.0083,0.00307,1035.37561
102.7,3.43962,"19,233.20",0.00822,0.00322,1035.54602
102.8,3.44298,"19,235.46",0.00824,0.00326,1035.66809
102.9,3.44619,"19,235.25",0.00824,0.0034,1035.65674
103,3.44963,"19,236.81",0.00823,0.00337,1035.74036
103.1,3.45307,"19,239.22",0.00828,0.00333,1035.87048
103.2,3.45613,"19,238.48",0.00826,0.00335,1035.83057
103.3,3.45965,"19,240.93",0.00826,0.00329,1035.96252
103.4,3.46301,"19,241.82",0.00825,0.00311,1036.01013
103.5,3.46615,"19,241.04",0.00824,0.00313,1035.96814
103.6,3.46966,"19,242.08",0.00826,0.0031,1036.02441
103.7,3.47302,"19,243.39",0.00832,0.00302,1036.09485
103.8,3.47624,"19,242.91",0.00834,0.00271,1036.06921
103.9,3.47953,"19,240.29",0.00826,0.00278,1035.92810
104,3.48296,"19,242.13",0.00825,0.0029,1036.02673
104.1,3.48633,"19,241.94",0.00827,0.00305,1036.01660
104.2,3.48947,"19,239.18",0.00829,0.00309,1035.86841
104.3,3.49298,"19,239.96",0.00825,0.00332,1035.91040
104.4,3.49634,"19,238.25",0.00822,0.0034,1035.81836
104.5,3.49948,"19,236.57",0.0082,0.00337,1035.72791
104.6,3.50299,"19,236.63",0.0082,0.00335,1035.73083
104.7,3.50636,"19,235.79",0.00823,0.0034,1035.68555
104.8,3.5095,"19,232.40",0.00816,0.00325,1035.50330
104.9,3.51301,"19,231.31",0.00818,0.00316,1035.44470
105,3.5163,"19,229.44",0.00823,0.00308,1035.34399
105.1,3.51958,"19,227.64",0.00822,0.00309,1035.24695
105.2,3.52295,"19,225.13",0.00828,0.00307,1035.11169
105.3,3.52631,"19,223.11",0.00829,0.00302,1035.00317
105.4,3.52967,"19,223.39",0.00829,0.00277,1035.01831
105.5,3.53289,"19,218.61",0.00826,0.00272,1034.76086
105.6,3.53625,"19,217.38",0.0083,0.00296,1034.69458
105.7,3.53961,"19,215.33",0.00824,0.00299,1034.58398
105.8,3.54283,"19,211.48",0.00823,0.00328,1034.37695
105.9,3.54634,"19,211.12",0.00821,0.00339,1034.35730
106,3.5497,"19,209.93",0.00829,0.00334,1034.29309
106.1,3.55292,"19,206.46",0.00824,0.00338,1034.10645
106.2,3.55628,"19,204.19",0.00821,0.00327,1033.98425
106.3,3.55957,"19,201.03",0.00823,0.00327,1033.81409
106.4,3.56286,"19,198.52",0.00822,0.00321,1033.67871
106.5,3.56622,"19,196.57",0.00819,0.00307,1033.57397
106.6,3.56966,"19,193.18",0.00824,0.00305,1033.39172
106.7,3.57295,"19,191.95",0.00825,0.00305,1033.32495
106.8,3.57623,"19,187.06",0.00823,0.00299,1033.06189
106.9,3.57967,"19,186.55",0.00825,0.00275,1033.03442
107,3.58296,"19,184.34",0.00824,0.00279,1032.91528
107.1,3.58618,"19,179.15",0.00822,0.00308,1032.63635
107.2,3.58969,"19,179.79",0.0083,0.00314,1032.67041
107.3,3.59298,"19,178.24",0.00823,0.00318,1032.58728
107.4,3.59619,"19,173.40",0.00822,0.00322,1032.32666
107.5,3.59963,"19,171.63",0.00818,0.00334,1032.23132
107.6,3.60299,"19,169.41",0.00816,0.00335,1032.11182
107.7,3.60628,"19,166.28",0.00816,0.00332,1031.94287
107.8,3.60957,"19,163.60",0.0082,0.00334,1031.79883
107.9,3.61293,"19,159.54",0.00819,0.00324,1031.58057
108,3.61622,"19,157.94",0.00822,0.00313,1031.49402
108.1,3.61958,"19,155.14",0.00821,0.00308,1031.34351
108.2,3.62302,"19,154.68",0.00823,0.00303,1031.31873
108.3,3.62631,"19,152.37",0.0082,0.00296,1031.19421
108.4,3.62945,"19,147.02",0.0082,0.00285,1030.90588
108.5,3.63296,"19,146.71",0.00822,0.00271,1030.88940
108.6,3.63632,"19,144.84",0.00821,0.00299,1030.78857
108.7,3.63954,"19,141.26",0.00821,0.00301,1030.59607
108.8,3.64298,"19,139.50",0.00823,0.00302,1030.50134
108.9,3.64634,"19,136.79",0.00824,0.00339,1030.35510
109,3.64955,"19,134.21",0.00825,0.00341,1030.21655
109.1,3.65292,"19,131.43",0.00825,0.00335,1030.06653
109.2,3.65628,"19,129.64",0.00833,0.00326,1029.97046
109.3,3.65957,"19,126.11",0.00829,0.00334,1029.78052
109.4,3.66286,"19,122.47",0.0083,0.0032,1029.58423
109.5,3.66637,"19,121.99",0.00833,0.00306,1029.55872
109.6,3.66966,"19,118.84",0.00835,0.00308,1029.38916
109.7,3.67294,"19,113.90",0.00834,0.00303,1029.12292
109.8,3.67631,"19,112.41",0.00833,0.00285,1029.04272
109.9,3.67967,"19,110.27",0.00828,0.00278,1028.92761
110,3.68281,"19,106.38",0.00828,0.00277,1028.71826
110.1,3.68625,"19,103.45",0.00821,0.00284,1028.56006
110.2,3.68969,"19,100.17",0.00819,0.00292,1028.38354
110.3,3.6929,"19,097.28",0.00821,0.00288,1028.22815
110.4,3.69626,"19,093.92",0.00819,0.00319,1028.04700
110.5,3.6997,"19,092.37",0.00819,0.00327,1027.96350
110.6,3.70276,"19,087.01",0.00816,0.00338,1027.67505
110.7,3.7062,"19,083.63",0.00816,0.00332,1027.49304
110.8,3.70972,"19,082.58",0.00817,0.00331,1027.43652
110.9,3.71285,"19,079.73",0.00813,0.00332,1027.28345
111,3.71629,"19,075.03",0.00813,0.0031,1027.03027
111.1,3.71966,"19,073.29",0.00816,0.00304,1026.93652
111.2,3.72294,"19,069.90",0.00818,0.00299,1026.75391
111.3,3.72616,"19,065.29",0.00824,0.00305,1026.50586
111.4,3.7296,"19,063.79",0.00825,0.00271,1026.42493
111.5,3.73303,"19,060.22",0.00825,0.00269,1026.23291
111.6,3.73617,"19,055.25",0.00826,0.00298,1025.96484
111.7,3.73961,"19,053.44",0.00818,0.00304,1025.86780
111.8,3.74312,"19,051.84",0.00818,0.00307,1025.78174
111.9,3.74619,"19,046.52",0.00818,0.00332,1025.49524
112,3.74962,"19,042.26",0.00816,0.00332,1025.26587
112.1,3.75299,"19,040.52",0.00812,0.00331,1025.17212
112.2,3.75613,"19,036.54",0.00812,0.00329,1024.95801
112.3,3.75964,"19,033.23",0.00809,0.00332,1024.77966
112.4,3.763,"19,028.93",0.00808,0.00316,1024.54822
112.5,3.76629,"19,026.98",0.00819,0.00314,1024.44287
112.6,3.76958,"19,022.37",0.00819,0.00308,1024.19470
112.7,3.77287,"19,018.58",0.00823,0.00304,1023.99054
112.8,3.77631,"19,015.32",0.00825,0.003,1023.81531
112.9,3.77944,"19,009.12",0.00819,0.00273,1023.48157
113,3.78296,"19,007.88",0.00818,0.00271,1023.41455
113.1,3.7864,"19,005.46",0.00822,0.00293,1023.28461
113.2,3.78953,"18,998.65",0.00819,0.00294,1022.91748
113.3,3.79297,"18,994.98",0.00817,0.003,1022.72021
113.4,3.79633,"18,990.86",0.00811,0.00333,1022.49811
113.5,3.79955,"18,984.07",0.00811,0.00339,1022.13287
113.6,3.80299,"18,979.78",0.00814,0.0033,1021.90143
113.7,3.80628,"18,974.91",0.0081,0.00331,1021.63959
113.8,3.80956,"18,968.22",0.00811,0.00332,1021.27924
113.9,3.81293,"18,962.57",0.00808,0.00318,1020.97498
114,3.81629,"18,957.81",0.00811,0.0031,1020.71869
114.1,3.81965,"18,951.96",0.00812,0.00306,1020.40363
114.2,3.82287,"18,943.68",0.00818,0.003,1019.95819
114.3,3.82623,"18,939.41",0.00819,0.00294,1019.72821
114.4,3.82967,"18,933.66",0.00822,0.00269,1019.41864
114.5,3.83281,"18,925.26",0.00818,0.00271,1018.96643
114.6,3.83632,"18,920.28",0.0082,0.00301,1018.69806
114.7,3.83968,"18,913.55",0.00817,0.00324,1018.33582
114.8,3.8429,"18,906.13",0.00813,0.00333,1017.93628
114.9,3.84633,"18,900.86",0.00812,0.00326,1017.65271
115,3.84962,"18,893.28",0.00811,0.00329,1017.24445
115.1,3.85291,"18,886.31",0.00803,0.00333,1016.86932
115.2,3.85627,"18,879.48",0.00807,0.00332,1016.50140
115.3,3.85964,"18,872.95",0.00815,0.00323,1016.14954
115.4,3.863,"18,867.01",0.00817,0.00303,1015.82996
115.5,3.86614,"18,857.43",0.00813,0.00303,1015.31427
115.6,3.86958,"18,849.99",0.00813,0.00299,1014.91351
115.7,3.87294,"18,845.38",0.00815,0.00294,1014.66553
115.8,3.87615,"18,835.28",0.00823,0.00269,1014.12177
115.9,3.87967,"18,829.78",0.00821,0.00268,1013.82562
116,3.88303,"18,821.25",0.00814,0.00304,1013.36597
116.1,3.88624,"18,813.10",0.00811,0.00306,1012.92743
116.2,3.88968,"18,806.30",0.00811,0.00326,1012.56152
116.3,3.89297,"18,798.29",0.00811,0.00336,1012.12994
116.4,3.89626,"18,789.83",0.00809,0.00333,1011.67468
116.5,3.89955,"18,781.18",0.0081,0.00331,1011.20862
116.6,3.90291,"18,773.59",0.00803,0.00328,1010.79999
116.7,3.90627,"18,766.55",0.00802,0.00322,1010.42090
116.8,3.90956,"18,756.69",0.00802,0.00302,1009.89032
116.9,3.913,"18,749.46",0.00806,0.00303,1009.50073
117,3.91629,"18,742.09",0.0081,0.00302,1009.10406
117.1,3.91943,"18,732.08",0.00808,0.00293,1008.56494
117.2,3.92294,"18,726.89",0.00806,0.00276,1008.28558
117.3,3.92638,"18,719.99",0.00806,0.00265,1007.91418
117.4,3.92952,"18,710.33",0.00808,0.00301,1007.39417
117.5,3.93303,"18,703.88",0.00807,0.00296,1007.04706
117.6,3.93639,"18,696.52",0.00806,0.00319,1006.65039
117.7,3.93961,"18,689.80",0.00799,0.00339,1006.28894
117.8,3.94289,"18,680.42",0.00803,0.0033,1005.78375
117.9,3.94633,"18,673.91",0.00797,0.0033,1005.43335
118,3.94962,"18,668.48",0.00793,0.00324,1005.14105
118.1,3.95291,"18,659.73",0.008,0.00326,1004.66968
118.2,3.95642,"18,654.62",0.008,0.00305,1004.39453
118.3,3.95964,"18,646.95",0.00814,0.003,1003.98157
118.4,3.96285,"18,638.48",0.00807,0.00296,1003.52557
118.5,3.96629,"18,634.36",0.00807,0.00289,1003.30389
118.6,3.96965,"18,628.23",0.00802,0.00283,1002.97357
118.7,3.97286,"18,620.14",0.00801,0.00269,1002.53790
118.8,3.9763,"18,614.68",0.00799,0.00287,1002.24390
118.9,3.97974,"18,610.09",0.00804,0.00301,1001.99695
119,3.98288,"18,602.71",0.008,0.00325,1001.59937
119.1,3.98624,"18,596.44",0.00798,0.00329,1001.26178
119.2,3.9896,"18,589.96",0.00799,0.00332,1000.91309
119.3,3.99282,"18,585.70",0.00801,0.0033,1000.68372
119.4,3.99618,"18,578.93",0.00804,0.00327,1000.31946
119.5,3.99969,"18,576.81",0.00796,0.00329,1000.20514
119.6,4.00291,"18,570.72",0.00798,0.00316,999.87720
119.7,4.00627,"18,565.62",0.00796,0.00303,999.60278
119.8,4.00963,"18,563.10",0.00799,0.00303,999.46704
119.9,4.013,"18,558.76",0.00805,0.00298,999.23315
120,4.01614,"18,552.80",0.00806,0.00286,998.91266
120.1,4.01957,"18,550.04",0.00808,0.00266,998.76398
120.2,4.02301,"18,547.95",0.008,0.00264,998.65143
120.3,4.02615,"18,544.36",0.00799,0.00304,998.45813
120.4,4.02959,"18,540.86",0.00796,0.00309,998.26959
120.5,4.03303,"18,539.20",0.00795,0.00309,998.18011
120.6,4.03617,"18,534.89",0.00792,0.0032,997.94812
120.7,4.0396,"18,532.57",0.00792,0.00335,997.82330
120.8,4.04304,"18,533.53",0.00794,0.00334,997.87463
120.9,4.04618,"18,529.94",0.00797,0.00326,997.68164
121,4.04962,"18,527.20",0.00791,0.00321,997.53424
121.1,4.05298,"18,527.58",0.0079,0.00323,997.55444
121.2,4.05627,"18,526.52",0.0079,0.00308,997.49762
121.3,4.05956,"18,523.32",0.008,0.00311,997.32526
121.4,4.06292,"18,522.74",0.00808,0.00299,997.29413
121.5,4.06628,"18,522.56",0.00802,0.00278,997.28448
121.6,4.0695,"18,520.71",0.00801,0.00275,997.18488
121.7,4.07294,"18,522.52",0.00795,0.00267,997.28204
121.8,4.07637,"18,522.65",0.00802,0.00296,997.28931
121.9,4.07951,"18,520.00",0.00801,0.00325,997.14642
122,4.08295,"18,522.63",0.00796,0.00323,997.28815
122.1,4.08639,"18,523.65",0.00796,0.00315,997.34271
122.2,4.08953,"18,523.79",0.00793,0.00327,997.35071
122.3,4.09297,"18,524.63",0.0079,0.00333,997.39539
122.4,4.09633,"18,526.57",0.00794,0.00326,997.50006
122.5,4.09962,"18,527.73",0.0079,0.00327,997.56250
122.6,4.10291,"18,527.30",0.00787,0.00327,997.53949
122.7,4.10627,"18,528.33",0.00788,0.00312,997.59467
122.8,4.10963,"18,530.21",0.0079,0.00304,997.69617
122.9,4.11285,"18,531.41",0.00796,0.00306,997.76050
123,4.11628,"18,534.31",0.00795,0.00296,997.91687
123.1,4.11972,"18,537.13",0.00804,0.00297,998.06854
123.2,4.12286,"18,536.49",0.00799,0.00267,998.03406
123.3,4.12637,"18,540.97",0.00798,0.00267,998.27527
123.4,4.12966,"18,544.19",0.00803,0.00301,998.44897
123.5,4.13288,"18,545.38",0.00798,0.00309,998.51263
123.6,4.13631,"18,547.91",0.008,0.00318,998.64911
123.7,4.13953,"18,549.43",0.008,0.00329,998.73096
123.8,4.14289,"18,552.51",0.008,0.00331,998.89697
123.9,4.14625,"18,555.57",0.00797,0.00329,999.06134
124,4.14962,"18,558.80",0.00793,0.00333,999.23547
124.1,4.15298,"18,562.66",0.00798,0.00324,999.44318
124.2,4.15612,"18,562.82",0.00794,0.00327,999.45190
124.3,4.15956,"18,567.46",0.00808,0.00304,999.70148
124.4,4.16299,"18,571.85",0.00801,0.00304,999.93829
124.5,4.16613,"18,571.50",0.00808,0.003,999.91913
124.6,4.16965,"18,575.55",0.00797,0.00298,1000.13757
124.7,4.17308,"18,580.46",0.00802,0.00288,1000.40149
124.8,4.17622,"18,582.31",0.00811,0.0027,1000.50140
124.9,4.17966,"18,586.19",0.00809,0.00262,1000.71002
125,4.18295,"18,587.88",0.00806,0.00281,1000.80103
125.1,4.18624,"18,591.30",0.00802,0.00305,1000.98523
125.2,4.18953,"18,594.38",0.00801,0.00324,1001.15131
125.3,4.19296,"18,599.11",0.00801,0.0032,1001.40564
125.4,4.19633,"18,603.53",0.00796,0.00334,1001.64362
125.5,4.19954,"18,603.91",0.00801,0.00331,1001.66449
125.6,4.2029,"18,609.24",0.008,0.00328,1001.95111
125.7,4.20627,"18,613.38",0.00794,0.00327,1002.17395
125.8,4.20941,"18,613.83",0.00809,0.0033,1002.19824
125.9,4.21299,"18,619.32",0.00811,0.00321,1002.49408
126,4.21636,"18,622.52",0.00809,0.00303,1002.66620
126.1,4.21957,"18,625.45",0.008,0.00301,1002.82385
126.2,4.22301,"18,629.88",0.008,0.003,1003.06256
126.3,4.2263,"18,631.06",0.008,0.00304,1003.12628
126.4,4.22958,"18,633.96",0.00805,0.00282,1003.28204
126.5,4.23287,"18,636.26",0.00804,0.00268,1003.40588
126.6,4.23631,"18,640.26",0.00805,0.00296,1003.62140
126.7,4.23967,"18,643.63",0.00805,0.003,1003.80298
126.8,4.24289,"18,642.79",0.00805,0.00315,1003.75757
126.9,4.2464,"18,648.31",0.00802,0.00314,1004.05505
127,4.24961,"18,650.49",0.00801,0.00336,1004.17200
127.1,4.25283,"18,651.48",0.00797,0.00334,1004.22552
127.2,4.25627,"18,654.88",0.00795,0.00328,1004.40851
127.3,4.2597,"18,657.27",0.00799,0.00332,1004.53711
127.4,4.26284,"18,659.95",0.00796,0.0033,1004.68146
127.5,4.26636,"18,662.41",0.00804,0.00322,1004.81390
127.6,4.26979,"18,665.59",0.00804,0.00309,1004.98541
127.7,4.27286,"18,666.62",0.00805,0.00305,1005.04071
127.8,4.27622,"18,667.97",0.00807,0.00303,1005.11328
127.9,4.27966,"18,672.35",0.00813,0.00299,1005.34906
128,4.28287,"18,674.89",0.0081,0.00272,1005.48608
128.10001,4.28616,"18,674.05",0.00817,0.00261,1005.44092
128.2,4.28967,"18,677.93",0.00816,0.00284,1005.64966
128.3,4.29296,"18,680.89",0.00817,0.00297,1005.80878
128.39999,4.29618,"18,680.27",0.00816,0.00303,1005.77545
128.5,4.29961,"18,683.24",0.00804,0.00304,1005.93561
128.60001,4.30298,"18,684.17",0.00802,0.00331,1005.98547
128.7,4.30619,"18,685.74",0.008,0.00337,1006.07031
128.8,4.30963,"18,689.00",0.00797,0.00332,1006.24561
128.89999,4.31307,"18,692.43",0.008,0.00325,1006.43005
129,4.3162,"18,691.33",0.00804,0.00324,1006.37128
129.10001,4.31957,"18,693.24",0.00802,0.00322,1006.47394
129.2,4.32301,"18,696.39",0.00805,0.00311,1006.64368
129.3,4.32614,"18,697.06",0.00801,0.00311,1006.67981
129.39999,4.32958,"18,697.58",0.00802,0.00303,1006.70782
129.5,4.33302,"18,700.40",0.00809,0.00302,1006.85925
129.60001,4.33623,"18,701.66",0.00813,0.00275,1006.92719
129.7,4.3396,"18,702.12",0.0081,0.00271,1006.95178
129.8,4.34304,"18,704.97",0.00817,0.00271,1007.10571
129.89999,4.34632,"18,704.47",0.00817,0.00302,1007.07880
130,4.34946,"18,703.15",0.00815,0.00303,1007.00732
130.10001,4.3529,"18,706.34",0.00811,0.00316,1007.17914
130.2,4.35634,"18,707.89",0.00808,0.00334,1007.26263
130.3,4.35948,"18,707.29",0.00805,0.00335,1007.23010
130.39999,4.36299,"18,708.54",0.00802,0.00326,1007.29755
130.5,4.36643,"18,710.88",0.00805,0.00325,1007.42395
130.60001,4.36949,"18,710.48",0.00804,0.00327,1007.40228
130.7,4.37293,"18,709.88",0.0081,0.00323,1007.36987
130.8,4.37629,"18,710.20",0.00808,0.00306,1007.38690
130.89999,4.37951,"18,710.33",0.00809,0.00304,1007.39417
131,4.38295,"18,710.55",0.00801,0.00306,1007.40594
131.10001,4.38631,"18,711.13",0.00811,0.00295,1007.43732
131.2,4.38967,"18,711.25",0.0081,0.00279,1007.44373
131.3,4.39289,"18,709.19",0.0081,0.00269,1007.33246
131.39999,4.39625,"18,710.03",0.00806,0.00277,1007.37775
131.5,4.39961,"18,710.63",0.00809,0.00298,1007.41003
131.60001,4.40283,"18,708.13",0.0081,0.0032,1007.27545
131.7,4.40626,"18,708.75",0.00808,0.00317,1007.30890
131.8,4.4097,"18,708.23",0.00805,0.00332,1007.28082
131.89999,4.41291,"18,706.53",0.00803,0.00337,1007.18951
132,4.41635,"18,705.86",0.00798,0.00335,1007.15338
132.10001,4.41964,"18,704.97",0.00806,0.00332,1007.10553
132.2,4.42285,"18,703.53",0.00805,0.00336,1007.02771
132.3,4.42629,"18,703.19",0.0081,0.00319,1007.00983
132.39999,4.42958,"18,703.04",0.00816,0.00305,1007.00159
132.5,4.43294,"18,703.61",0.00814,0.00308,1007.03241
132.60001,4.43623,"18,700.66",0.00824,0.00303,1006.87341
132.7,4.4396,"18,701.50",0.00818,0.00293,1006.91864
132.8,4.44303,"18,702.86",0.00826,0.0027,1006.99207
132.89999,4.44617,"18,699.69",0.00821,0.00262,1006.82129
133,4.44961,"18,699.77",0.0082,0.00292,1006.82556
133.10001,4.45305,"18,700.34",0.00816,0.00309,1006.85596
133.2,4.45619,"18,699.27",0.0081,0.00311,1006.79834
133.3,4.4597,"18,699.89",0.00818,0.00331,1006.83221
133.39999,4.46306,"18,700.96",0.00813,0.00332,1006.88965
133.5,4.4662,"18,698.96",0.00804,0.00334,1006.78192
133.60001,4.46964,"18,699.70",0.00802,0.00334,1006.82172
133.7,4.47293,"18,701.31",0.00807,0.00335,1006.90845
133.8,4.47629,"18,701.53",0.00809,0.00327,1006.92041
133.89999,4.47958,"18,700.50",0.0082,0.00313,1006.86456
134,4.48294,"18,701.28",0.00808,0.00307,1006.90698
134.10001,4.48638,"18,703.70",0.00815,0.00307,1007.03705
134.2,4.48945,"18,700.79",0.00812,0.00302,1006.88049
134.3,4.49296,"18,702.67",0.00825,0.00264,1006.98175
134.39999,4.49632,"18,702.75",0.00819,0.00266,1006.98602
134.5,4.49946,"18,701.78",0.00816,0.00276,1006.93378
134.60001,4.50297,"18,704.14",0.00817,0.00303,1007.06104
134.7,4.50641,"18,705.42",0.00809,0.00316,1007.12970
134.8,4.50955,"18,703.07",0.00807,0.00325,1007.00342
134.89999,4.51299,"18,703.05",0.00813,0.0034,1007.00201
135,4.51628,"18,704.56",0.00807,0.00332,1007.08319
135.10001,4.51956,"18,704.75",0.00804,0.00335,1007.09375
135.2,4.52293,"18,703.43",0.00804,0.00332,1007.02234
135.3,4.52629,"18,704.11",0.00817,0.00332,1007.05927
135.39999,4.52973,"18,706.31",0.00814,0.00324,1007.17767
135.5,4.53287,"18,703.26",0.00817,0.0031,1007.01349
135.60001,4.5363,"18,704.71",0.00813,0.0031,1007.09161
135.7,4.53967,"18,705.52",0.00812,0.00303,1007.13507
135.8,4.54273,"18,702.47",0.00805,0.00297,1006.97089
135.89999,4.54632,"18,704.65",0.00812,0.0027,1007.08826
136,4.54961,"18,704.18",0.00815,0.00266,1007.06293
136.10001,4.5529,"18,703.37",0.0082,0.00297,1007.01917
136.2,4.55633,"18,703.20",0.00809,0.0031,1007.01001
136.3,4.5597,"18,704.01",0.00807,0.00303,1007.05377
136.39999,4.56291,"18,703.61",0.00811,0.0033,1007.03223
136.5,4.5662,"18,702.08",0.00814,0.00342,1006.94989
136.60001,4.56964,"18,702.45",0.00819,0.00336,1006.96973
136.7,4.57293,"18,701.51",0.00813,0.00334,1006.91895
136.8,4.57614,"18,700.15",0.00817,0.00332,1006.84601
136.89999,4.57973,"18,701.87",0.00824,0.00334,1006.93872
137,4.58294,"18,702.01",0.00826,0.00317,1006.94598
137.10001,4.58608,"18,699.13",0.00812,0.0031,1006.79095
137.2,4.58959,"18,700.30",0.00826,0.00311,1006.85419
137.3,4.59296,"18,701.28",0.00818,0.00309,1006.90686
137.39999,4.59624,"18,699.60",0.00824,0.0029,1006.81653
137.5,4.59968,"18,699.51",0.00811,0.00268,1006.81146
137.60001,4.60312,"18,698.87",0.00813,0.00273,1006.77710
137.7,4.60626,"18,698.01",0.00815,0.00305,1006.73096
137.8,4.60955,"18,696.18",0.00818,0.00309,1006.63232
137.89999,4.61299,"18,696.67",0.00822,0.00335,1006.65881
138,4.6162,"18,694.67",0.00817,0.00341,1006.55090
138.10001,4.61956,"18,692.59",0.00819,0.00335,1006.43915
138.2,4.623,"18,694.42",0.00816,0.00338,1006.53735
138.3,4.62629,"18,693.21",0.00818,0.00334,1006.47247
138.39999,4.62958,"18,689.04",0.0082,0.00334,1006.24762
138.5,4.63301,"18,689.72",0.00817,0.00329,1006.28430
138.60001,4.6363,"18,687.67",0.00808,0.00312,1006.17389
138.7,4.63944,"18,685.33",0.0081,0.00313,1006.04791
138.8,4.64295,"18,684.93",0.00822,0.0031,1006.02625
138.89999,4.64632,"18,682.92",0.00824,0.003,1005.91846
139,4.64953,"18,682.17",0.00816,0.00269,1005.87811
139.10001,4.65297,"18,680.36",0.00816,0.00269,1005.78052
139.2,4.65633,"18,679.46",0.00816,0.00294,1005.73181
139.3,4.65947,"18,677.07",0.00817,0.00301,1005.60333
139.39999,4.66283,"18,673.50",0.00827,0.00322,1005.41132
139.5,4.66635,"18,674.77",0.0082,0.00333,1005.47955
139.60001,4.66956,"18,673.50",0.00819,0.00342,1005.41132
139.7,4.67292,"18,669.39",0.00804,0.00339,1005.18994
139.8,4.67629,"18,668.19",0.00803,0.00339,1005.12494
139.89999,4.67973,"18,666.96",0.00815,0.00339,1005.05878
140,4.68286,"18,663.81",0.0082,0.00337,1004.88916
140.10001,4.68623,"18,660.94",0.00813,0.00315,1004.73468
140.2,4.68959,"18,657.98",0.00815,0.00307,1004.57526
140.3,4.6928,"18,654.48",0.00815,0.00311,1004.38715
140.39999,4.69632,"18,653.06",0.00812,0.00306,1004.31067
140.5,4.69968,"18,652.95",0.00817,0.00266,1004.30450
140.60001,4.70289,"18,649.29",0.0082,0.00266,1004.10760
140.7,4.70618,"18,645.25",0.00815,0.0027,1003.89014
140.8,4.70955,"18,644.71",0.0082,0.00301,1003.86084
140.89999,4.71283,"18,642.59",0.00818,0.00317,1003.74683
141,4.71627,"18,639.37",0.00822,0.0033,1003.57330
141.10001,4.71963,"18,637.21",0.00821,0.00336,1003.45691
141.2,4.723,"18,634.60",0.00821,0.00337,1003.31671
141.3,4.72621,"18,631.60",0.00813,0.00333,1003.15497
141.39999,4.72957,"18,629.76",0.00817,0.00331,1003.05615
141.5,4.73301,"18,626.81",0.00814,0.00331,1002.89716
141.60001,4.73608,"18,621.68",0.00815,0.00319,1002.62091
141.7,4.73959,"18,620.85",0.00824,0.00308,1002.57617
141.8,4.7431,"18,619.85",0.00818,0.00307,1002.52246
141.89999,4.74624,"18,615.86",0.00816,0.00303,1002.30750
142,4.74968,"18,612.37",0.00819,0.00264,1002.11951
142.10001,4.75297,"18,609.13",0.00818,0.00268,1001.94537
142.2,4.75618,"18,606.44",0.00811,0.00268,1001.80054
142.3,4.75962,"18,602.93",0.00817,0.00294,1001.61127
142.39999,4.76291,"18,600.29",0.00809,0.00312,1001.46960
142.5,4.76635,"18,598.20",0.00812,0.00329,1001.35687
142.60001,4.76956,"18,594.08",0.00815,0.00338,1001.13489
142.7,4.77292,"18,592.44",0.00815,0.00337,1001.04663
142.8,4.77643,"18,591.18",0.00813,0.00337,1000.97882
142.89999,4.7795,"18,585.23",0.00807,0.00331,1000.65863
143,4.78294,"18,582.53",0.00812,0.00329,1000.51306
143.10001,4.78638,"18,581.63",0.00809,0.00318,1000.46478
143.2,4.78951,"18,576.76",0.00813,0.00306,1000.20264
143.3,4.79303,"18,575.10",0.0081,0.00307,1000.11316
143.39999,4.79639,"18,572.68",0.0082,0.00298,999.98297
143.5,4.79953,"18,569.83",0.00809,0.00275,999.82922
143.60001,4.80289,"18,566.82",0.00813,0.00278,999.66748
143.7,4.80625,"18,563.58",0.00812,0.00275,999.49274
143.8,4.80962,"18,561.30",0.00811,0.00297,999.37018
143.89999,4.81283,"18,557.44",0.00817,0.00313,999.16199
144,4.81627,"18,556.68",0.00815,0.00331,999.12115
144.10001,4.81971,"18,556.10",0.00813,0.00342,999.08997
144.2,4.82285,"18,550.25",0.00815,0.00338,998.77490
144.3,4.82628,"18,547.57",0.00815,0.00336,998.63080
144.39999,4.82965,"18,546.73",0.00815,0.00333,998.58582
144.5,4.83279,"18,542.54",0.00817,0.00336,998.36005
144.60001,4.83637,"18,541.35",0.00817,0.00318,998.29565
144.7,4.83974,"18,537.77",0.00809,0.0031,998.10333
144.8,4.84288,"18,535.36",0.00809,0.00304,997.97314
144.89999,4.84631,"18,532.67",0.00809,0.00305,997.82880
145,4.8496,"18,530.77",0.00815,0.00284,997.72614
145.10001,4.85289,"18,527.88",0.00816,0.00267,997.57092
145.2,4.85618,"18,522.03",0.00811,0.0027,997.25568
145.3,4.85962,"18,522.05",0.00811,0.00289,997.25671
145.39999,4.86298,"18,520.90",0.00815,0.00311,997.19476
145.5,4.86612,"18,515.49",0.00806,0.00322,996.90369
145.60001,4.86971,"18,514.21",0.00812,0.00337,996.83459
145.7,4.87299,"18,512.13",0.00816,0.00332,996.72272
145.8,4.87613,"18,507.62",0.00808,0.00333,996.47998
145.89999,4.87965,"18,506.61",0.00807,0.00326,996.42542
146,4.88301,"18,504.54",0.00808,0.00325,996.31372
146.10001,4.88622,"18,501.00",0.00816,0.00313,996.12354
146.2,4.88966,"18,499.30",0.00815,0.00309,996.03204
146.3,4.8931,"18,497.83",0.00814,0.00304,995.95276
146.39999,4.89624,"18,494.86",0.00819,0.00295,995.79297
146.5,4.89953,"18,490.37",0.00814,0.00265,995.55084
146.60001,4.90296,"18,490.16",0.00813,0.00264,995.53955
146.7,4.90625,"18,490.28",0.0081,0.00262,995.54608
146.8,4.90954,"18,486.87",0.00809,0.00293,995.36237
146.89999,4.91305,"18,487.96",0.0081,0.00321,995.42145
147,4.91634,"18,486.42",0.00816,0.0032,995.33850
147.10001,4.91948,"18,483.56",0.00814,0.00336,995.18420
147.2,4.92299,"18,486.75",0.00814,0.0033,995.35638
147.3,4.92628,"18,485.47",0.00814,0.00328,995.28705
147.39999,4.9295,"18,483.16",0.00816,0.0033,995.16296
147.5,4.93293,"18,485.23",0.00812,0.00328,995.27411
147.60001,4.93637,"18,485.99",0.00807,0.0032,995.31512
147.7,4.93959,"18,487.69",0.0081,0.00311,995.40674
147.8,4.94295,"18,485.65",0.0081,0.00303,995.29675
147.89999,4.94631,"18,486.54",0.00813,0.00301,995.34473
148,4.9496,"18,489.55",0.00814,0.00294,995.50677
148.10001,4.95281,"18,487.96",0.0081,0.0027,995.42102
148.2,4.95633,"18,491.10",0.00813,0.00259,995.59058
148.3,4.95961,"18,491.65",0.00815,0.00284,995.61987
148.39999,4.9629,"18,491.47",0.00814,0.00286,995.61023
148.5,4.96634,"18,494.61",0.00813,0.0032,995.77942
148.60001,4.96963,"18,496.04",0.00816,0.0032,995.85651
148.7,4.97284,"18,496.10",0.00808,0.00333,995.85938
148.8,4.97621,"18,497.86",0.00803,0.00336,995.95441
148.89999,4.97964,"18,501.46",0.00802,0.00328,996.14801
149,4.98286,"18,501.73",0.0081,0.00329,996.16284
149.10001,4.9863,"18,504.64",0.0081,0.00329,996.31940
149.2,4.98966,"18,506.14",0.0081,0.00318,996.40039
149.3,4.99287,"18,508.91",0.00811,0.00304,996.54919
149.39999,4.99616,"18,508.92",0.00811,0.00306,996.54974
149.5,4.9996,"18,512.76",0.00814,0.00304,996.75677
149.60001,5.00296,"18,514.87",0.00812,0.00296,996.87006
149.7,5.00625,"18,516.56",0.00812,0.00268,996.96118
149.8,5.00961,"18,520.39",0.00808,0.00265,997.16766
149.89999,5.01305,"18,523.66",0.00814,0.0027,997.34338
150,5.01619,"18,524.30",0.00819,0.00295,997.37805
150.10001,5.01955,"18,526.46",0.00816,0.00312,997.49408
150.2,5.02299,"18,529.96",0.00817,0.00321,997.68292
150.3,5.02613,"18,532.34",0.00817,0.00336,997.81067
150.39999,5.02957,"18,535.11",0.00812,0.00333,997.95972
150.5,5.03308,"18,539.18",0.00816,0.0033,998.17896
150.60001,5.03629,"18,540.39",0.00817,0.00327,998.24426
150.7,5.03958,"18,542.54",0.00819,0.00326,998.35974
150.8,5.04295,"18,546.46",0.00814,0.00321,998.57123
150.89999,5.04631,"18,549.29",0.00811,0.00311,998.72339
151,5.0496,"18,549.77",0.00812,0.00307,998.74915
151.10001,5.05289,"18,554.10",0.00808,0.00301,998.98236
151.2,5.0564,"18,558.03",0.00813,0.00298,999.19385
151.3,5.05954,"18,559.61",0.00813,0.0029,999.27905
151.39999,5.0629,"18,562.55",0.00812,0.00258,999.43719
151.5,5.06641,"18,565.48",0.00812,0.00271,999.59515
151.60001,5.06948,"18,567.47",0.00813,0.0029,999.70227
151.7,5.07292,"18,570.44",0.0081,0.00302,999.86224
151.8,5.07635,"18,574.55",0.00811,0.00313,1000.08362
151.89999,5.07949,"18,575.70",0.00813,0.00331,1000.14557
152,5.08293,"18,577.93",0.00815,0.00335,1000.26550
152.10001,5.08637,"18,582.33",0.00804,0.00331,1000.50244
152.2,5.08951,"18,583.35",0.00806,0.00329,1000.55737
152.3,5.09287,"18,584.49",0.00812,0.00333,1000.61884
152.39999,5.09623,"18,588.02",0.00819,0.00329,1000.80847
152.5,5.09967,"18,590.86",0.0082,0.00309,1000.96179
152.60001,5.10288,"18,593.34",0.00814,0.00302,1001.09521
152.7,5.10632,"18,595.38",0.00819,0.00306,1001.20483
152.8,5.10976,"18,598.45",0.00814,0.00297,1001.37042
152.89999,5.11283,"18,599.41",0.00812,0.00291,1001.42175
153,5.11626,"18,601.84",0.00812,0.00269,1001.55292
153.10001,5.1197,"18,605.51",0.00816,0.00267,1001.75049
153.2,5.12277,"18,606.24",0.00819,0.00292,1001.78973
153.3,5.12635,"18,608.98",0.0082,0.00302,1001.93726
153.39999,5.12972,"18,612.20",0.00821,0.00323,1002.11066
153.5,5.13293,"18,614.88",0.00818,0.00336,1002.25513
153.60001,5.13622,"18,615.71",0.00816,0.00337,1002.29932
153.7,5.13958,"18,618.21",0.00821,0.00329,1002.43414
153.8,5.14287,"18,621.21",0.00814,0.00331,1002.59589
153.89999,5.14616,"18,621.35",0.00821,0.00329,1002.60333
154,5.1496,"18,625.55",0.0082,0.00327,1002.82928
154.10001,5.15303,"18,629.48",0.0082,0.00315,1003.04102
154.2,5.15617,"18,628.43",0.00821,0.00306,1002.98431
154.3,5.15969,"18,632.50",0.00821,0.00296,1003.20349
154.39999,5.16297,"18,635.76",0.00817,0.00297,1003.37921
154.5,5.16619,"18,635.88",0.00819,0.00296,1003.38538
154.60001,5.16963,"18,638.62",0.00819,0.0026,1003.53302
154.7,5.17299,"18,640.85",0.00819,0.00266,1003.65314
154.8,5.1762,"18,643.24",0.00818,0.00285,1003.78174
154.89999,5.17964,"18,644.86",0.0082,0.00298,1003.86926
155,5.183,"18,646.83",0.00816,0.00318,1003.97491
155.10001,5.18629,"18,648.82",0.0082,0.00321,1004.08209
155.2,5.18951,"18,648.90",0.00818,0.00331,1004.08679
155.3,5.19294,"18,651.79",0.00821,0.0033,1004.24231
155.39999,5.19631,"18,654.43",0.00819,0.00332,1004.38422
155.5,5.19945,"18,652.41",0.00816,0.00334,1004.27545
155.60001,5.20303,"18,656.21",0.00809,0.00319,1004.48029
155.7,5.20632,"18,658.75",0.00821,0.00321,1004.61670
155.8,5.20946,"18,657.53",0.00817,0.00303,1004.55109
155.89999,5.21297,"18,659.51",0.00823,0.00299,1004.65759
156,5.21634,"18,660.51",0.00823,0.003,1004.71143
156.10001,5.21955,"18,661.03",0.0082,0.00294,1004.73987
156.2,5.22299,"18,662.32",0.00822,0.00265,1004.80896
156.3,5.22635,"18,662.86",0.00817,0.00265,1004.83838
156.39999,5.22956,"18,662.98",0.00822,0.00288,1004.84467
156.5,5.23285,"18,663.52",0.00821,0.00292,1004.87360
156.60001,5.23629,"18,666.18",0.00821,0.00313,1005.01715
156.7,5.23958,"18,666.43",0.00821,0.00326,1005.03064
156.8,5.24279,"18,664.74",0.00819,0.00336,1004.93933
156.89999,5.24631,"18,667.74",0.00818,0.00333,1005.10120
157,5.24967,"18,668.98",0.00822,0.00332,1005.16785
157.10001,5.25288,"18,669.13",0.00816,0.00326,1005.17584
157.2,5.25632,"18,670.42",0.00822,0.00327,1005.24524
157.3,5.25961,"18,669.96",0.00813,0.00317,1005.22040
157.39999,5.26282,"18,670.19",0.00823,0.00308,1005.23291
157.5,5.26626,"18,671.73",0.00819,0.00301,1005.31604
157.60001,5.2697,"18,672.39",0.00819,0.00297,1005.35138
157.7,5.27291,"18,672.54",0.00822,0.00293,1005.35944
157.8,5.27628,"18,672.63",0.0082,0.00266,1005.36426
157.89999,5.27964,"18,674.09",0.00821,0.00258,1005.44305
158,5.28293,"18,674.48",0.00817,0.00281,1005.46368
158.10001,5.28622,"18,672.57",0.00817,0.00298,1005.36084
158.2,5.28965,"18,673.49",0.00821,0.00319,1005.41058
158.3,5.29294,"18,674.42",0.00818,0.00332,1005.46051
158.39999,5.29623,"18,673.54",0.0082,0.00334,1005.41309
158.5,5.29967,"18,674.74",0.00821,0.00327,1005.47784
158.60001,5.30296,"18,673.75",0.0082,0.00333,1005.42456
158.7,5.30617,"18,673.13",0.0082,0.00328,1005.39142
158.8,5.30953,"18,673.41",0.00821,0.00321,1005.40643
158.89999,5.31297,"18,673.64",0.00817,0.00306,1005.41852
159,5.31618,"18,672.34",0.00822,0.00302,1005.34869
159.10001,5.31955,"18,670.36",0.00817,0.003,1005.24207
159.2,5.32306,"18,672.56",0.00813,0.00294,1005.36041
159.3,5.3262,"18,673.43",0.00818,0.00281,1005.40710
159.39999,5.32956,"18,670.90",0.00822,0.0026,1005.27124
159.5,5.33293,"18,671.15",0.00817,0.00284,1005.28436
159.60001,5.33629,"18,671.61",0.00814,0.00292,1005.30920
159.7,5.33958,"18,669.28",0.00817,0.0032,1005.18359
159.8,5.34302,"18,670.28",0.00819,0.00316,1005.23785
159.89999,5.34638,"18,669.94",0.0082,0.00333,1005.21918
160,5.34959,"18,667.87",0.00813,0.00333,1005.10779
160.10001,5.35288,"18,667.20",0.00813,0.00331,1005.07172
160.2,5.35632,"18,666.72",0.00819,0.00325,1005.04626
160.3,5.35946,"18,665.27",0.00812,0.00327,1004.96796
160.39999,5.3629,"18,663.45",0.00817,0.00315,1004.86969
160.5,5.36633,"18,663.93",0.00814,0.00298,1004.89569
160.60001,5.36955,"18,663.53",0.00818,0.003,1004.87445
160.7,5.37291,"18,660.68",0.00809,0.00296,1004.72083
160.8,5.37627,"18,660.71",0.00812,0.00293,1004.72247
160.89999,5.37956,"18,659.34",0.0081,0.00265,1004.64868
161,5.38285,"18,658.38",0.00812,0.00262,1004.59674
161.10001,5.38629,"18,658.65",0.00819,0.00287,1004.61163
161.2,5.38965,"18,657.48",0.00817,0.00293,1004.54834
161.3,5.39286,"18,654.80",0.0082,0.0032,1004.40448
161.39999,5.39623,"18,654.88",0.00818,0.00331,1004.40839
161.5,5.39974,"18,654.37",0.00817,0.00333,1004.38086
161.60001,5.4028,"18,651.49",0.00819,0.00334,1004.22601
161.7,5.40624,"18,650.19",0.00817,0.00333,1004.15588
161.8,5.40968,"18,649.83",0.0081,0.0033,1004.13684
161.89999,5.41282,"18,647.96",0.0081,0.00331,1004.03613
162,5.41633,"18,646.89",0.00813,0.00312,1003.97858
162.10001,5.41969,"18,645.86",0.0082,0.00302,1003.92297
162.2,5.42291,"18,644.03",0.00814,0.00298,1003.82446
162.3,5.4262,"18,640.74",0.00817,0.00295,1003.64734
162.39999,5.42956,"18,640.51",0.00813,0.00283,1003.63464
162.5,5.43292,"18,639.67",0.00813,0.00261,1003.58954
162.60001,5.43614,"18,636.39",0.0081,0.00286,1003.41327
162.7,5.43958,"18,634.58",0.00812,0.00289,1003.31537
162.8,5.44301,"18,634.87",0.00815,0.00333,1003.33105
162.89999,5.44608,"18,630.31",0.00811,0.00328,1003.08557
163,5.44959,"18,630.72",0.00817,0.00337,1003.10767
163.10001,5.45303,"18,628.48",0.00811,0.00337,1002.98737
163.2,5.45617,"18,625.35",0.00816,0.00332,1002.81860
163.3,5.45968,"18,625.15",0.00813,0.0033,1002.80804
163.39999,5.46304,"18,624.47",0.00819,0.00328,1002.77106
163.5,5.46626,"18,621.62",0.00818,0.00316,1002.61774
163.60001,5.46954,"18,619.70",0.0081,0.00309,1002.51428
163.7,5.47291,"18,618.71",0.00814,0.00299,1002.46112
163.8,5.47627,"18,617.84",0.00815,0.003,1002.41425
163.89999,5.47956,"18,614.04",0.00818,0.00269,1002.20959
164,5.483,"18,613.79",0.00809,0.00261,1002.19623
164.10001,5.48636,"18,612.81",0.0081,0.00261,1002.14349
164.2,5.4895,"18,609.08",0.00812,0.00297,1001.94269
164.3,5.49301,"18,610.19",0.00814,0.00307,1002.00256
164.39999,5.4963,"18,607.79",0.00814,0.00315,1001.87341
164.5,5.49944,"18,604.47",0.0081,0.00337,1001.69434
164.60001,5.50303,"18,604.47",0.00809,0.00334,1001.69452
164.7,5.50631,"18,604.04",0.00818,0.00331,1001.67108
164.8,5.50953,"18,602.80",0.00803,0.00331,1001.60431
164.89999,5.51297,"18,600.42",0.00806,0.00332,1001.47644
165,5.51633,"18,599.89",0.0081,0.00328,1001.44763
165.10001,5.51962,"18,599.90",0.00809,0.00309,1001.44824
165.2,5.52283,"18,597.00",0.0081,0.00303,1001.29230
165.3,5.52627,"18,597.39",0.00806,0.00302,1001.31311
165.39999,5.52963,"18,595.87",0.00809,0.00294,1001.23108
165.5,5.53285,"18,593.13",0.0081,0.00285,1001.08411
165.60001,5.53636,"18,593.86",0.00805,0.00267,1001.12311
165.7,5.53972,"18,592.82",0.0081,0.00282,1001.06714
165.8,5.54279,"18,587.77",0.00809,0.00304,1000.79541
165.89999,5.5463,"18,588.67",0.00814,0.00321,1000.84381
166,5.54966,"18,586.30",0.00814,0.0033,1000.71637
166.10001,5.55288,"18,583.97",0.00808,0.00336,1000.59088
166.2,5.55631,"18,581.46",0.00806,0.00327,1000.45526
166.3,5.55968,"18,579.99",0.00807,0.00337,1000.37646
166.39999,5.56297,"18,579.16",0.00809,0.00328,1000.33148
166.5,5.56625,"18,576.72",0.00804,0.00331,1000.20020
166.60001,5.56962,"18,575.34",0.00815,0.00317,1000.12598
166.7,5.57291,"18,572.52",0.00815,0.00306,999.97437
166.8,5.57619,"18,569.43",0.0081,0.00302,999.80798
166.89999,5.57963,"18,570.16",0.00809,0.00295,999.84698
167,5.583,"18,568.58",0.00811,0.00271,999.76215
167.10001,5.58621,"18,563.68",0.00807,0.00264,999.49817
167.2,5.58965,"18,562.83",0.00809,0.00287,999.45264
167.3,5.59293,"18,560.99",0.00803,0.00295,999.35358
167.39999,5.59615,"18,557.76",0.00806,0.00314,999.17963
167.5,5.59959,"18,555.90",0.00811,0.00326,999.07935
167.60001,5.60295,"18,553.35",0.00812,0.00336,998.94208
167.7,5.60624,"18,551.72",0.00806,0.00339,998.85449
167.8,5.6096,"18,548.21",0.00815,0.00333,998.66541
167.89999,5.61304,"18,546.75",0.00809,0.00331,998.58655
168,5.61625,"18,543.60",0.0081,0.00338,998.41724
168.10001,5.61954,"18,539.04",0.00806,0.00319,998.17181
168.2,5.62298,"18,539.25",0.00807,0.00308,998.18292
168.3,5.62634,"18,536.93",0.00804,0.00303,998.05811
168.39999,5.62956,"18,532.17",0.00811,0.003,997.80176
168.5,5.63299,"18,530.61",0.00805,0.00288,997.71765
168.60001,5.63636,"18,529.37",0.00802,0.00264,997.65076
168.7,5.63957,"18,525.63",0.00806,0.0027,997.44928
168.8,5.64286,"18,522.00",0.00803,0.00292,997.25427
168.89999,5.6463,"18,520.27",0.00808,0.00317,997.16089
169,5.64951,"18,517.28",0.00811,0.00321,997.00000
169.10001,5.65287,"18,514.77",0.0081,0.00328,996.86456
169.2,5.65639,"18,513.23",0.00807,0.00334,996.78204
169.3,5.6596,"18,510.21",0.00806,0.0033,996.61945
169.39999,5.66289,"18,506.08",0.00805,0.00333,996.39673
169.5,5.66633,"18,504.83",0.00807,0.00334,996.32941
169.60001,5.66962,"18,502.71",0.00802,0.00321,996.21564
169.7,5.6729,"18,498.65",0.00801,0.00309,995.99670
169.8,5.67627,"18,496.53",0.00802,0.00305,995.88281
169.89999,5.67971,"18,494.18",0.00801,0.00293,995.75610
170,5.68292,"18,489.94",0.008,0.00294,995.52789
170.10001,5.68621,"18,487.13",0.00799,0.00273,995.37677
170.2,5.68965,"18,484.45",0.008,0.00275,995.23248
170.3,5.69286,"18,480.41",0.008,0.00293,995.01501
170.39999,5.6963,"18,477.66",0.00806,0.00319,994.86664
170.5,5.69973,"18,476.81",0.00806,0.00324,994.82098
170.60001,5.70287,"18,472.62",0.00809,0.00331,994.59515
170.7,5.70631,"18,468.88",0.00804,0.00332,994.39386
170.8,5.70967,"18,466.46",0.00809,0.00332,994.26343
170.89999,5.71296,"18,465.10",0.00811,0.00328,994.19049
171,5.71625,"18,460.88",0.00805,0.00334,993.96332
171.10001,5.71961,"18,457.53",0.00807,0.00324,993.78265
171.2,5.72298,"18,456.93",0.00802,0.00313,993.75067
171.3,5.72619,"18,453.15",0.00805,0.00306,993.54700
171.39999,5.72963,"18,450.14",0.00805,0.00299,993.38507
171.5,5.73307,"18,450.25",0.00803,0.00293,993.39093
171.60001,5.73606,"18,443.89",0.00803,0.00283,993.04877
171.7,5.73957,"18,443.09",0.008,0.00267,993.00531
171.8,5.74301,"18,442.46",0.00807,0.00304,992.97125
171.89999,5.74615,"18,439.95",0.00805,0.0032,992.83643
172,5.74966,"18,437.06",0.00801,0.00323,992.68073
172.10001,5.75302,"18,435.91",0.00797,0.00334,992.61908
172.2,5.75624,"18,433.70",0.00801,0.00335,992.49982
172.3,5.7596,"18,431.02",0.00802,0.00333,992.35547
172.39999,5.76296,"18,430.10",0.00802,0.0033,992.30603
172.5,5.76632,"18,427.75",0.00808,0.00329,992.17932
172.60001,5.76954,"18,424.35",0.00798,0.0033,991.99652
172.7,5.77298,"18,424.66",0.00799,0.00308,992.01294
172.8,5.77641,"18,425.32",0.008,0.00305,992.04858
172.89999,5.77948,"18,420.14",0.00803,0.00302,991.76971
173,5.78299,"18,418.89",0.00801,0.003,991.70264
173.10001,5.78635,"18,419.67",0.00797,0.00264,991.74457
173.2,5.78942,"18,416.62",0.00801,0.0027,991.58032
173.3,5.79301,"18,416.74",0.00806,0.00292,991.58649
173.39999,5.79629,"18,415.60",0.00805,0.00314,991.52539
173.5,5.79958,"18,414.18",0.00802,0.0032,991.44867
173.60001,5.80295,"18,413.09",0.00798,0.00324,991.38995
173.7,5.80623,"18,412.95",0.00801,0.00329,991.38239
173.8,5.8096,"18,412.75",0.00806,0.00331,991.37201
173.89999,5.81281,"18,409.31",0.00805,0.00331,991.18646
174,5.81632,"18,410.58",0.00807,0.00328,991.25482
174.10001,5.81969,"18,411.37",0.00794,0.00333,991.29773
174.2,5.82283,"18,408.38",0.00799,0.00313,991.13641
174.3,5.82634,"18,409.20",0.00795,0.00303,991.18091
174.39999,5.82963,"18,408.03",0.00797,0.00305,991.11774
174.5,5.83284,"18,406.35",0.00798,0.0029,991.02716
174.60001,5.83635,"18,407.37",0.00797,0.00286,991.08228
174.7,5.83972,"18,406.61",0.00799,0.00266,991.04126
174.8,5.84293,"18,405.51",0.00797,0.00281,990.98218
174.89999,5.84629,"18,405.91",0.00797,0.00287,991.00342
175,5.84966,"18,406.45",0.00798,0.00301,991.03271
175.10001,5.85295,"18,407.84",0.00801,0.00321,991.10760
175.2,5.85616,"18,404.19",0.00802,0.00331,990.91095
175.3,5.8596,"18,406.50",0.008,0.00332,991.03528
175.39999,5.86296,"18,407.90",0.00798,0.00331,991.11053
175.5,5.86617,"18,406.72",0.00798,0.00332,991.04736
175.60001,5.86969,"18,408.88",0.00802,0.00329,991.16370
175.7,5.87305,"18,408.63",0.00804,0.00323,991.14990
175.8,5.87619,"18,408.01",0.00805,0.00308,991.11646
175.89999,5.87963,"18,409.90",0.00798,0.00304,991.21869
176,5.88291,"18,409.43",0.00798,0.00297,991.19324
176.10001,5.8862,"18,409.65",0.00798,0.00288,991.20502
176.2,5.88964,"18,409.88",0.00797,0.00286,991.21710
176.3,5.893,"18,410.73",0.00802,0.00261,991.26324
176.39999,5.89629,"18,413.01",0.00801,0.00282,991.38586
176.5,5.89951,"18,410.70",0.00797,0.00298,991.26123
176.60001,5.90294,"18,410.52",0.00798,0.00321,991.25189
176.7,5.90623,"18,413.25",0.008,0.00318,991.39893
176.8,5.90952,"18,411.56",0.00804,0.00331,991.30786
176.89999,5.91296,"18,414.40",0.00804,0.00329,991.46063
177,5.91632,"18,414.94",0.00792,0.00325,991.48999
177.10001,5.91954,"18,414.42",0.00797,0.00327,991.46198
177.2,5.92297,"18,416.10",0.00799,0.00328,991.55200
177.3,5.92634,"18,417.00",0.00793,0.00317,991.60083
177.39999,5.92962,"18,417.75",0.00796,0.00302,991.64111
177.5,5.93299,"18,417.74",0.00795,0.00298,991.64069
177.60001,5.93635,"18,418.85",0.00795,0.00296,991.70050
177.7,5.93964,"18,420.91",0.00793,0.00286,991.81104
177.8,5.94285,"18,419.70",0.00795,0.00281,991.74628
177.89999,5.94629,"18,420.09",0.00793,0.0027,991.76715
178,5.94958,"18,423.20",0.00799,0.00284,991.93469
178.10001,5.95279,"18,422.25",0.008,0.00293,991.88348
178.2,5.95631,"18,425.27",0.00796,0.00311,992.04572
178.3,5.95959,"18,426.44",0.00798,0.00325,992.10876
178.39999,5.96288,"18,426.61",0.00797,0.00333,992.11823
178.5,5.96632,"18,430.18",0.00803,0.00336,992.31024
178.60001,5.96976,"18,431.56",0.00804,0.00332,992.38489
178.7,5.9729,"18,431.93",0.00798,0.00327,992.40442
178.8,5.97619,"18,432.60",0.00794,0.0033,992.44043
178.89999,5.97962,"18,434.60",0.00794,0.00324,992.54828
179,5.98291,"18,436.39",0.00794,0.00306,992.64496
179.10001,5.98628,"18,437.60",0.00796,0.00302,992.71002
179.2,5.98971,"18,439.79",0.00798,0.00303,992.82794
179.3,5.99293,"18,440.68",0.00795,0.00295,992.87567
179.39999,5.99622,"18,441.06",0.00794,0.00276,992.89594
179.5,5.99965,"18,443.31",0.00793,0.00263,993.01752
179.60001,6.00294,"18,444.88",0.00797,0.00289,993.10162
179.7,6.00616,"18,443.45",0.00798,0.00315,993.02490
179.8,6.00967,"18,446.84",0.00804,0.00323,993.20752
179.89999,6.01311,"18,450.43",0.00803,0.00337,993.40063
180,6.01624,"18,450.04",0.00797,0.00338,993.37970
180.10001,6.01953,"18,450.97",0.00798,0.0033,993.42987
180.2,6.02297,"18,453.04",0.00797,0.00335,993.54089
180.3,6.02611,"18,453.45",0.00799,0.0033,993.56342
180.39999,6.02962,"18,454.74",0.00801,0.00328,993.63263
180.5,6.03306,"18,459.02",0.008,0.00323,993.86322
180.60001,6.0362,"18,458.00",0.00797,0.00303,993.80798
180.7,6.03964,"18,458.93",0.00796,0.00308,993.85828
180.8,6.043,"18,462.82",0.00796,0.00302,994.06757
180.89999,6.04629,"18,464.17",0.00796,0.00293,994.14044
181,6.04958,"18,455.83",0.00794,0.00283,993.69159
181.10001,6.05294,"18,408.92",0.00792,0.00271,991.16547
181.2,6.05638,"18,338.58",0.00791,0.00312,987.37836
181.3,6.05952,"18,261.18",0.0079,0.00334,983.21130
181.39999,6.06303,"18,177.44",0.00787,0.00325,978.70239
181.5,6.06639,"18,078.94",0.00782,0.00318,973.39886
181.60001,6.06946,"17,969.30",0.00779,0.00294,967.49585
181.7,6.07297,"17,866.97",0.00776,0.00271,961.98627
181.8,6.07633,"17,776.50",0.0078,0.00264,957.11517
181.89999,6.07947,"17,683.97",0.00772,0.00314,952.13336
182,6.08306,"17,597.99",0.00769,0.00321,947.50378
182.10001,6.08635,"17,520.31",0.00765,0.00318,943.32172
182.2,6.08964,"17,449.57",0.00757,0.00304,939.51276
182.3,6.09285,"17,383.56",0.00758,0.00295,935.95886
182.39999,6.09621,"17,321.33",0.00751,0.00271,932.60828
182.5,6.09958,"17,263.81",0.00747,0.00252,929.51123
182.60001,6.10279,"17,209.96",0.00742,0.00275,926.61188
182.7,6.10638,"17,164.66",0.00744,0.00304,924.17273
182.8,6.10974,"17,119.10",0.00749,0.0032,921.71967
182.89999,6.1128,"17,075.57",0.00743,0.00316,919.37579
183,6.11632,"17,040.74",0.00737,0.00312,917.50067
183.10001,6.11968,"17,008.30",0.00736,0.00308,915.75421
183.2,6.12282,"16,976.03",0.00734,0.00288,914.01636
183.3,6.12633,"16,948.69",0.00731,0.00284,912.54474
183.39999,6.1297,"16,926.24",0.00734,0.00275,911.33569
183.5,6.13298,"16,903.67",0.00731,0.0024,910.12048
183.60001,6.13627,"16,881.91",0.00729,0.00256,908.94922
183.7,6.13964,"16,861.94",0.00728,0.00281,907.87396
183.8,6.143,"16,843.06",0.00732,0.00305,906.85706
183.89999,6.14614,"16,824.41",0.00734,0.00317,905.85333
184,6.14958,"16,809.11",0.00732,0.00313,905.02917
184.10001,6.15301,"16,791.42",0.00724,0.0031,904.07666
184.2,6.15615,"16,773.08",0.00726,0.00309,903.08942
184.3,6.15967,"16,758.78",0.00726,0.00306,902.31946
184.39999,6.16303,"16,743.42",0.00725,0.00284,901.49225
184.5,6.16617,"16,725.45",0.00722,0.00278,900.52515
184.60001,6.16961,"16,711.35",0.00721,0.00274,899.76569
184.7,6.17289,"16,696.73",0.00717,0.0026,898.97888
184.8,6.17626,"16,681.83",0.00718,0.00254,898.17627
184.89999,6.17962,"16,665.83",0.00717,0.00273,897.31512
185,6.18298,"16,652.50",0.00718,0.0028,896.59723
185.10001,6.18635,"16,639.10",0.0072,0.003,895.87549
185.2,6.18949,"16,624.97",0.00717,0.00309,895.11499
185.3,6.19292,"16,615.11",0.00716,0.00305,894.58405
185.39999,6.19636,"16,605.46",0.00715,0.00306,894.06421
185.5,6.1995,"16,593.65",0.00715,0.00305,893.42865
185.60001,6.20301,"16,586.03",0.00716,0.00303,893.01855
185.7,6.20638,"16,578.15",0.00714,0.00287,892.59412
185.8,6.20951,"16,569.41",0.00714,0.00274,892.12360
185.89999,6.21295,"16,563.48",0.00712,0.00269,891.80426
186,6.21624,"16,555.82",0.00711,0.0027,891.39185
186.10001,6.21953,"16,550.90",0.00713,0.00241,891.12695
186.2,6.22289,"16,545.54",0.00712,0.00263,890.83850
186.3,6.22633,"16,540.91",0.00712,0.00269,890.58893
186.39999,6.22962,"16,536.58",0.00709,0.00273,890.35590
186.5,6.23283,"16,530.30",0.00711,0.00291,890.01794
186.60001,6.23627,"16,527.24",0.0071,0.00308,889.85315
186.7,6.23956,"16,524.21",0.00712,0.00307,889.68970
186.8,6.24285,"16,518.10",0.0071,0.00308,889.36108
186.89999,6.24628,"16,516.27",0.0071,0.00306,889.26227
187,6.24972,"16,514.37",0.0071,0.00305,889.15979
187.10001,6.25286,"16,509.61",0.00709,0.0029,888.90363
187.2,6.2563,"16,508.06",0.00709,0.00286,888.82056
187.3,6.25966,"16,504.38",0.00709,0.00275,888.62225
187.39999,6.26288,"16,501.87",0.0071,0.00272,888.48724
187.5,6.26624,"16,499.62",0.0071,0.00273,888.36566
187.60001,6.2696,"16,497.86",0.00708,0.00258,888.27130
187.7,6.27297,"16,496.73",0.00708,0.00274,888.21045
187.8,6.27626,"16,492.98",0.00709,0.00273,888.00830
187.89999,6.27977,"16,493.85",0.0071,0.00273,888.05499
188,6.28291,"16,492.24",0.0071,0.00286,887.96844
188.10001,6.28619,"16,487.49",0.00711,0.00311,887.71283
188.2,6.28963,"16,487.33",0.0071,0.00311,887.70422
188.3,6.293,"16,488.16",0.0071,0.00312,887.74878
188.39999,6.29621,"16,485.40",0.00711,0.00305,887.60052
188.5,6.29965,"16,485.34",0.00709,0.00304,887.59692
188.60001,6.30308,"16,484.34",0.00708,0.00306,887.54333
188.7,6.30622,"16,481.88",0.0071,0.00287,887.41058
188.8,6.30951,"16,481.14",0.00709,0.00275,887.37097
188.89999,6.31295,"16,481.17",0.00705,0.00278,887.37262
189,6.31616,"16,480.52",0.00704,0.0027,887.33759
189.10001,6.31953,"16,478.41",0.0071,0.00265,887.22382
189.2,6.32304,"16,479.81",0.00709,0.00247,887.29913
189.3,6.32625,"16,478.65",0.00709,0.0027,887.23676
189.39999,6.32954,"16,476.20",0.00709,0.00272,887.10480
189.5,6.33298,"16,476.81",0.00709,0.00281,887.13794
189.60001,6.33627,"16,476.16",0.0071,0.00307,887.10266
189.7,6.33948,"16,474.92",0.00709,0.00306,887.03601
189.8,6.343,"16,475.86",0.0071,0.00312,887.08661
189.89999,6.34643,"16,477.02",0.00709,0.0031,887.14905
190,6.3495,"16,472.58",0.00708,0.00304,886.90991
190.10001,6.35293,"16,471.09",0.00709,0.00306,886.82990
190.2,6.35637,"16,471.79",0.00707,0.00294,886.86755
190.3,6.35944,"16,469.26",0.0071,0.0028,886.73126
190.39999,6.36295,"16,467.30",0.00709,0.00278,886.62555
190.5,6.36639,"16,467.64",0.00707,0.00273,886.64398
190.60001,6.36953,"16,465.74",0.00708,0.00268,886.54156
190.7,6.37296,"16,464.07",0.00708,0.00246,886.45166
190.8,6.37633,"16,464.30",0.00709,0.00269,886.46436
190.89999,6.37962,"16,462.06",0.00708,0.00273,886.34344
191,6.38283,"16,458.14",0.00709,0.00281,886.13239
191.10001,6.38619,"16,458.69",0.00708,0.00296,886.16205
191.2,6.38963,"16,458.31",0.00709,0.00314,886.14154
191.3,6.39284,"16,454.66",0.00709,0.00306,885.94543
191.39999,6.39628,"16,452.83",0.00706,0.00308,885.84644
191.5,6.39972,"16,453.54",0.00709,0.00309,885.88513
191.60001,6.40278,"16,450.95",0.00707,0.00306,885.74518
191.7,6.4063,"16,448.66",0.00707,0.00298,885.62225
191.8,6.40966,"16,447.30",0.00705,0.0028,885.54907
191.89999,6.41287,"16,444.46",0.00704,0.00273,885.39594
192,6.41639,"16,442.95",0.00705,0.0027,885.31488
192.10001,6.41967,"16,441.57",0.00706,0.00265,885.24054
192.2,6.42296,"16,438.89",0.00704,0.00257,885.09601
192.3,6.42618,"16,435.16",0.00707,0.00274,884.89508
192.39999,6.42954,"16,433.51",0.00704,0.00274,884.80664
192.5,6.43298,"16,433.07",0.00707,0.00272,884.78278
192.60001,6.43619,"16,428.78",0.00707,0.00299,884.55194
192.7,6.43963,"16,427.27",0.00706,0.00309,884.47034
192.8,6.44307,"16,426.33",0.00705,0.00308,884.41986
192.89999,6.44621,"16,423.61",0.00706,0.00309,884.27356
193,6.44964,"16,420.80",0.00704,0.00308,884.12213
193.10001,6.45301,"16,417.85",0.00706,0.00302,883.96326
193.2,6.45615,"16,414.17",0.00704,0.00286,883.76532
193.3,6.45958,"16,413.63",0.00704,0.00278,883.73621
193.39999,6.46295,"16,411.32",0.00706,0.00274,883.61169
193.5,6.46631,"16,409.59",0.00704,0.0027,883.51862
193.60001,6.4696,"16,405.56",0.00704,0.00263,883.30170
193.7,6.47296,"16,403.92",0.00702,0.00262,883.21338
193.8,6.47633,"16,402.87",0.00703,0.00275,883.15680
193.89999,6.47946,"16,397.03",0.00702,0.00275,882.84204
194,6.4829,"16,394.95",0.00702,0.00271,882.73035
194.10001,6.48634,"16,393.22",0.00705,0.00297,882.63696
194.2,6.48948,"16,388.80",0.00702,0.00315,882.39941
194.3,6.49299,"16,388.70",0.00703,0.00313,882.39368
194.39999,6.49635,"16,386.26",0.00702,0.00306,882.26221
194.5,6.49949,"16,382.09",0.00701,0.00306,882.03796
194.60001,6.50293,"16,380.23",0.007,0.00304,881.93787
194.7,6.50622,"16,378.20",0.00699,0.00304,881.82831
194.8,6.50958,"16,376.57",0.00699,0.00279,881.74078
194.89999,6.51295,"16,373.43",0.007,0.00273,881.57166
195,6.51623,"16,371.16",0.00701,0.00274,881.44922
195.10001,6.51967,"16,371.65",0.00702,0.00267,881.47601
195.2,6.52281,"16,366.06",0.00701,0.00265,881.17493
195.3,6.52625,"16,366.37",0.00701,0.00265,881.19165
195.39999,6.52961,"16,364.22",0.00702,0.00269,881.07587
195.5,6.53275,"16,361.84",0.00699,0.00276,880.94769
195.60001,6.53634,"16,362.64",0.00703,0.00289,880.99078
195.7,6.5397,"16,362.52",0.00703,0.0031,880.98438
195.8,6.54284,"16,359.30",0.00703,0.0031,880.81104
195.89999,6.54628,"16,359.50",0.00703,0.0031,880.82141
196,6.54964,"16,357.56",0.00701,0.00308,880.71735
196.10001,6.55286,"16,357.10",0.00703,0.00306,880.69257
196.2,6.55622,"16,355.34",0.00701,0.00307,880.59790
196.3,6.55966,"16,355.25",0.007,0.00292,880.59277
196.39999,6.56302,"16,354.89",0.00698,0.00277,880.57336
196.5,6.56623,"16,352.88",0.00699,0.0027,880.46515
196.60001,6.56967,"16,352.97",0.007,0.0027,880.47003
196.7,6.57296,"16,352.87",0.00701,0.00262,880.46448
196.8,6.5761,"16,349.63",0.00699,0.00256,880.29022
196.89999,6.57969,"16,351.90",0.007,0.00272,880.41248
197,6.58305,"16,353.26",0.00699,0.00279,880.48541
197.10001,6.58619,"16,351.30",0.00697,0.00276,880.38007
197.2,6.58963,"16,350.83",0.00698,0.00303,880.35498
197.3,6.59306,"16,352.60",0.00699,0.0031,880.44995
197.39999,6.5962,"16,352.65",0.007,0.00311,880.45300
197.5,6.59949,"16,352.09",0.00701,0.00307,880.42249
197.60001,6.603,"16,352.91",0.00703,0.00305,880.46686
197.7,6.60622,"16,354.26",0.00699,0.00304,880.53961
197.8,6.60958,"16,353.36",0.00701,0.00303,880.49127
197.89999,6.61309,"16,357.87",0.007,0.00285,880.73395
198,6.61623,"16,358.14",0.00698,0.00274,880.74847
198.10001,6.61945,"16,355.47",0.00702,0.00272,880.60455
198.2,6.62296,"16,359.61",0.007,0.00271,880.82751
198.3,6.62632,"16,360.26",0.00701,0.00264,880.86279
198.39999,6.62954,"16,360.51",0.00698,0.00271,880.87592
198.5,6.63297,"16,361.50",0.00701,0.0027,880.92957
198.60001,6.63641,"16,362.60",0.00701,0.00278,880.98828
198.7,6.63955,"16,362.74",0.00701,0.00279,880.99622
198.8,6.64291,"16,363.97",0.00704,0.00305,881.06232
198.89999,6.64635,"16,364.63",0.00699,0.00307,881.09784
199,6.64949,"16,364.50",0.007,0.00305,881.09106
199.10001,6.65293,"16,365.25",0.00702,0.00305,881.13129
199.2,6.65644,"16,368.91",0.007,0.00305,881.32825
199.3,6.65958,"16,369.45",0.00699,0.00301,881.35724
199.39999,6.66294,"16,367.50",0.00697,0.00299,881.25214
199.5,6.66631,"16,369.50",0.007,0.00282,881.36017
199.60001,6.66959,"16,370.67",0.00699,0.00279,881.42297
199.7,6.67281,"16,369.87",0.007,0.00272,881.37982
199.8,6.67625,"16,372.09",0.007,0.0027,881.49927
199.89999,6.67968,"16,372.19",0.007,0.00263,881.50507
200,6.6829,"16,372.84",0.00698,0.00275,881.53979
200.10001,6.68634,"16,374.22",0.007,0.00278,881.61444
200.2,6.6897,"16,375.80",0.007,0.00274,881.69928
200.3,6.69276,"16,374.51",0.00701,0.00278,881.63007
200.39999,6.6962,"16,373.79",0.00701,0.00313,881.59082
200.5,6.69964,"16,376.51",0.00701,0.00312,881.73767
200.60001,6.70293,"16,377.72",0.007,0.00305,881.80267
200.7,6.70637,"16,376.95",0.00701,0.00303,881.76117
200.8,6.70965,"16,379.00",0.00702,0.00304,881.87170
200.89999,6.71294,"16,379.05",0.00698,0.00302,881.87408
201,6.71616,"16,378.41",0.00699,0.00287,881.83966
201.10001,6.71952,"16,379.61",0.007,0.00286,881.90417
201.2,6.72296,"16,379.84",0.00701,0.00278,881.91681
201.3,6.72617,"16,379.82",0.007,0.00263,881.91589
201.39999,6.72961,"16,380.52",0.00702,0.00266,881.95361
201.5,6.73305,"16,381.53",0.007,0.00263,882.00775
201.60001,6.73626,"16,380.64",0.00701,0.00261,881.96002
201.7,6.73962,"16,380.70",0.00699,0.00271,881.96289
201.8,6.74291,"16,381.21",0.00701,0.00278,881.99078
201.89999,6.74613,"16,380.42",0.00699,0.00287,881.94812
202,6.74964,"16,381.06",0.00698,0.00309,881.98267
202.10001,6.75293,"16,380.66",0.00699,0.00307,881.96075
202.2,6.75629,"16,381.72",0.007,0.00305,882.01825
202.3,6.75958,"16,381.43",0.00702,0.00307,882.00214
202.39999,6.76287,"16,380.74",0.00699,0.00303,881.96521
202.5,6.7663,"16,381.54",0.007,0.00303,882.00836
202.60001,6.76944,"16,380.20",0.00699,0.00281,881.93622
202.7,6.77296,"16,381.57",0.00698,0.00276,882.01007
202.8,6.77639,"16,383.73",0.007,0.0027,882.12610
202.89999,6.77953,"16,381.96",0.007,0.00269,882.03064
203,6.78297,"16,381.04",0.00701,0.00262,881.98151
203.10001,6.78633,"16,381.92",0.007,0.00263,882.02850
203.2,6.78955,"16,380.32",0.00701,0.0027,881.94257
203.3,6.79299,"16,380.59",0.00698,0.00273,881.95715
203.39999,6.79627,"16,380.03",0.00698,0.00272,881.92706
203.5,6.79964,"16,380.46",0.007,0.00286,881.95038
203.60001,6.80293,"16,378.32",0.00698,0.0031,881.83472
203.7,6.80629,"16,378.47",0.00701,0.00306,881.84283
203.8,6.80973,"16,379.31",0.00703,0.00308,881.88824
203.89999,6.81279,"16,375.36",0.00701,0.00302,881.67560
204,6.8163,"16,375.49",0.00699,0.00308,881.68250
204.10001,6.81967,"16,376.83",0.007,0.00303,881.75476
204.2,6.82288,"16,374.38",0.00699,0.00278,881.62292
204.3,6.82639,"16,374.57",0.00698,0.00275,881.63293
204.39999,6.82968,"16,374.28",0.00697,0.0027,881.61749
204.5,6.83282,"16,371.37",0.00697,0.0027,881.46045
204.60001,6.83626,"16,371.41",0.00698,0.00265,881.46295
204.7,6.83955,"16,370.49",0.007,0.00248,881.41321
204.8,6.84283,"16,370.21",0.00698,0.0027,881.39825
204.89999,6.8462,"16,369.19",0.00698,0.00266,881.34314
205,6.84964,"16,369.80",0.00699,0.00281,881.37640
205.10001,6.85307,"16,370.06",0.007,0.00308,881.39026
205.2,6.85614,"16,365.22",0.00697,0.0031,881.12976
205.3,6.85965,"16,365.62",0.00697,0.00309,881.15100
205.39999,6.86301,"16,366.16",0.007,0.00306,881.18030
205.5,6.86615,"16,361.32",0.00698,0.00308,880.91968
205.60001,6.86967,"16,362.37",0.007,0.00304,880.97632
205.7,6.87303,"16,360.00",0.00697,0.00299,880.84869
205.8,6.87624,"16,357.59",0.00698,0.00285,880.71863
205.89999,6.87961,"16,355.66",0.00698,0.00272,880.61481
206,6.88297,"16,354.34",0.00698,0.00265,880.54376
206.10001,6.88618,"16,352.38",0.00696,0.00269,880.43848
206.2,6.88955,"16,348.63",0.00698,0.0026,880.23615
206.3,6.89298,"16,348.58",0.00697,0.00277,880.23389
206.39999,6.89627,"16,347.50",0.00697,0.00272,880.17560
206.5,6.89956,"16,342.08",0.00695,0.00276,879.88361
206.60001,6.903,"16,341.50",0.00697,0.003,879.85229
206.7,6.90629,"16,339.42",0.00698,0.00313,879.74048
206.8,6.9095,"16,334.97",0.00696,0.00314,879.50067
206.89999,6.91301,"16,335.17",0.00696,0.00304,879.51166
207,6.9163,"16,331.55",0.00693,0.00309,879.31671
207.10001,6.91951,"16,327.79",0.00695,0.0031,879.11407
207.2,6.92295,"16,326.90",0.00696,0.00297,879.06616
207.3,6.92639,"16,324.75",0.00695,0.00278,878.95050
207.39999,6.92953,"16,320.81",0.00694,0.00274,878.73840
207.5,6.93289,"16,316.19",0.00694,0.00269,878.48981
207.60001,6.93633,"16,315.17",0.00695,0.00267,878.43506
207.7,6.93954,"16,313.00",0.00695,0.00259,878.31775
207.8,6.94291,"16,309.04",0.00693,0.00271,878.10486
207.89999,6.94635,"16,307.27",0.00694,0.00279,878.00940
208,6.94963,"16,304.26",0.00695,0.00274,877.84735
208.10001,6.95285,"16,299.88",0.00696,0.00288,877.61182
208.2,6.95629,"16,299.66",0.00696,0.00314,877.59967
208.3,6.95965,"16,295.88",0.00694,0.00307,877.39630
208.39999,6.96279,"16,291.12",0.00696,0.00309,877.13989
208.5,6.9663,"16,290.00",0.00695,0.00306,877.07977
208.60001,6.96974,"16,288.35",0.00694,0.00302,876.99066
208.7,6.97288,"16,284.19",0.00695,0.00302,876.76703
208.8,6.97632,"16,281.18",0.00694,0.00286,876.60474
208.89999,6.97968,"16,278.61",0.00695,0.00271,876.46613
209,6.98289,"16,275.81",0.00693,0.00271,876.31573
209.10001,6.98618,"16,272.26",0.00693,0.00269,876.12457
209.2,6.98969,"16,271.17",0.00692,0.00265,876.06555
209.3,6.99291,"16,267.96",0.00694,0.00255,875.89313
209.39999,6.99627,"16,264.47",0.00694,0.00272,875.70490
209.5,6.99963,"16,263.25",0.00692,0.0027,875.63940
209.60001,7.003,"16,261.06",0.00694,0.00274,875.52124
209.7,7.00621,"16,255.63",0.00694,0.00312,875.22888
209.8,7.00957,"16,253.54",0.00695,0.00309,875.11670
209.89999,7.01301,"16,253.23",0.00695,0.00312,875.09998
210,7.01622,"16,249.47",0.00693,0.00311,874.89752
210.10001,7.01966,"16,247.07",0.00691,0.00311,874.76825
210.2,7.02303,"16,245.06",0.0069,0.00307,874.66010
210.3,7.02617,"16,240.73",0.00691,0.00283,874.42688
210.39999,7.0296,"16,238.67",0.00693,0.00282,874.31586
210.5,7.03297,"16,237.37",0.00691,0.00271,874.24573
210.60001,7.03618,"16,233.94",0.00693,0.0027,874.06116
210.7,7.03962,"16,231.35",0.00692,0.00255,873.92188
210.8,7.04291,"16,230.17",0.00693,0.00271,873.85822
210.89999,7.04627,"16,228.02",0.00691,0.00281,873.74231
211,7.04956,"16,224.99",0.00691,0.00273,873.57928
211.10001,7.05285,"16,222.98",0.00691,0.00281,873.47119
211.2,7.05628,"16,221.76",0.00694,0.00311,873.40558
211.3,7.0595,"16,218.56",0.00691,0.00313,873.23303
211.39999,7.06301,"16,218.26",0.00691,0.00304,873.21686
211.5,7.06645,"16,216.78",0.00693,0.00308,873.13739
211.60001,7.06951,"16,213.48",0.00689,0.00309,872.95941
211.7,7.07295,"16,212.54",0.00689,0.003,872.90918
211.8,7.07631,"16,211.85",0.0069,0.00283,872.87177
211.89999,7.07953,"16,210.03",0.00691,0.00281,872.77368
212,7.08296,"16,207.07",0.00692,0.00272,872.61438
212.10001,7.08633,"16,207.02",0.00692,0.00273,872.61206
212.2,7.08969,"16,206.51",0.0069,0.00271,872.58441
212.3,7.09291,"16,202.91",0.0069,0.00251,872.39075
212.39999,7.09627,"16,199.99",0.00691,0.00277,872.23358
212.5,7.09971,"16,200.08",0.0069,0.00277,872.23846
212.60001,7.10277,"16,196.04",0.00692,0.00295,872.02057
212.7,7.10628,"16,195.64",0.00691,0.00306,871.99890
212.8,7.10972,"16,194.98",0.00694,0.00315,871.96375
212.89999,7.11279,"16,191.10",0.00695,0.00309,871.75494
213,7.11637,"16,191.60",0.00693,0.00308,871.78137
213.10001,7.11966,"16,190.43",0.00689,0.00309,871.71869
213.2,7.12287,"16,188.77",0.00689,0.00308,871.62915
213.3,7.12624,"16,186.19",0.00689,0.00299,871.49042
213.39999,7.1296,"16,184.70",0.00691,0.00283,871.41022
213.5,7.13296,"16,184.68",0.0069,0.00279,871.40912
213.60001,7.13625,"16,180.97",0.00688,0.00272,871.20941
213.7,7.13962,"16,180.91",0.00687,0.00264,871.20593
213.8,7.14305,"16,179.27",0.00688,0.00259,871.11774
213.89999,7.14612,"16,175.21",0.00691,0.00267,870.89923
214,7.14963,"16,175.03",0.0069,0.00276,870.88934
214.10001,7.15299,"16,174.96",0.00688,0.00281,870.88556
214.2,7.15613,"16,169.06",0.00687,0.00302,870.56787
214.3,7.15972,"16,169.30",0.00689,0.00313,870.58105
214.39999,7.16301,"16,167.69",0.0069,0.00306,870.49432
214.5,7.16622,"16,165.95",0.00691,0.00309,870.40033
214.60001,7.16958,"16,163.88",0.00689,0.00306,870.28888
214.7,7.17287,"16,161.41",0.00687,0.0031,870.15625
214.8,7.17624,"16,162.10",0.00686,0.00295,870.19348
214.89999,7.17952,"16,158.79",0.00689,0.00282,870.01489
215,7.18296,"16,158.24",0.00689,0.00272,869.98535
215.10001,7.18633,"16,156.55",0.00688,0.00271,869.89471
215.2,7.18947,"16,152.07",0.0069,0.00269,869.65338
215.3,7.19298,"16,152.33",0.00689,0.00259,869.66742
215.39999,7.19627,"16,151.09",0.00691,0.00278,869.60077
215.5,7.19948,"16,147.51",0.00691,0.00279,869.40784
215.60001,7.20299,"16,146.25",0.00687,0.00282,869.33990
215.7,7.20636,"16,145.59",0.00689,0.00291,869.30414
215.8,7.20957,"16,143.65",0.00688,0.00313,869.20001
215.89999,7.21301,"16,142.18",0.0069,0.00311,869.12079
216,7.21637,"16,140.35",0.00691,0.00307,869.02228
216.10001,7.21951,"16,137.51",0.00688,0.00306,868.86938
216.2,7.22287,"16,135.52",0.00689,0.00304,868.76215
216.3,7.22631,"16,135.14",0.00686,0.00306,868.74152
216.39999,7.2296,"16,133.41",0.00687,0.00291,868.64832
216.5,7.23289,"16,128.83",0.00687,0.00279,868.40222
216.60001,7.2364,"16,130.10",0.00689,0.00272,868.47028
216.7,7.23961,"16,127.93",0.00689,0.00271,868.35339
216.8,7.24283,"16,123.35",0.00686,0.00262,868.10687
216.89999,7.24626,"16,122.64",0.00687,0.00242,868.06866
217,7.24963,"16,120.47",0.00685,0.0028,867.95190
217.10001,7.25284,"16,118.03",0.00689,0.00275,867.82025
217.2,7.25628,"16,117.15",0.00689,0.0029,867.77295
217.3,7.25972,"16,115.10",0.00689,0.00308,867.66290
217.39999,7.26286,"16,112.17",0.00686,0.0031,867.50513
217.5,7.26622,"16,110.81",0.00687,0.00306,867.43158
217.60001,7.26966,"16,110.01",0.00687,0.00304,867.38849
217.7,7.27287,"16,108.92",0.00688,0.00303,867.32990
217.8,7.27616,"16,105.04",0.00689,0.00306,867.12085
217.89999,7.27967,"16,104.84",0.00689,0.00303,867.11029
218,7.28296,"16,103.95",0.00684,0.00277,867.06226
218.10001,7.28617,"16,100.88",0.00686,0.00274,866.89697
218.2,7.28961,"16,100.56",0.00687,0.0027,866.87994
218.3,7.29298,"16,098.25",0.00686,0.00266,866.75549
218.39999,7.29626,"16,097.22",0.00686,0.00246,866.70001
218.5,7.29963,"16,096.53",0.00688,0.00281,866.66284
218.60001,7.30314,"16,096.09",0.00687,0.00282,866.63947
218.7,7.3062,"16,092.32",0.00687,0.00288,866.43646
218.8,7.30957,"16,090.11",0.00686,0.00306,866.31726
218.89999,7.31293,"16,090.08",0.00686,0.00317,866.31573
219,7.31614,"16,088.86",0.00687,0.00315,866.25000
219.10001,7.31958,"16,086.67",0.00689,0.00306,866.13177
219.2,7.32295,"16,085.97",0.00687,0.00304,866.09436
219.3,7.32623,"16,084.81",0.00688,0.00306,866.03186
219.39999,7.32967,"16,083.01",0.00686,0.00302,865.93500
219.5,7.33296,"16,082.09",0.00689,0.0028,865.88568
219.60001,7.33632,"16,080.09",0.00688,0.00276,865.77765
219.7,7.33954,"16,078.57",0.00689,0.00271,865.69611
219.8,7.34282,"16,077.36",0.00687,0.00268,865.63055
219.89999,7.34634,"16,078.28",0.00686,0.00254,865.68018
220,7.34955,"16,076.15",0.00687,0.00258,865.56580
220.10001,7.35299,"16,075.22",0.00688,0.0028,865.51575
220.2,7.35643,"16,076.93",0.00689,0.00278,865.60754
220.3,7.35949,"16,074.28",0.00688,0.00305,865.46472
220.39999,7.36293,"16,072.91",0.00688,0.00313,865.39136
220.5,7.36629,"16,073.06",0.00685,0.00313,865.39941
220.60001,7.36958,"16,072.51",0.00685,0.0031,865.36938
220.7,7.37294,"16,070.83",0.00684,0.00307,865.27905
220.8,7.37631,"16,071.88",0.00689,0.00306,865.33582
220.89999,7.37974,"16,070.28",0.00687,0.00306,865.24969
221,7.38288,"16,067.44",0.00686,0.00293,865.09668
221.10001,7.38617,"16,067.42",0.00685,0.00276,865.09564
221.2,7.38969,"16,067.66",0.00687,0.00273,865.10822
221.3,7.39282,"16,065.86",0.00686,0.00273,865.01178
221.39999,7.39626,"16,065.27",0.00688,0.00265,864.97961
221.5,7.39977,"16,066.67",0.00687,0.00245,865.05542
221.60001,7.40284,"16,065.09",0.00687,0.00282,864.97003
221.7,7.40628,"16,065.37",0.00686,0.00278,864.98529
221.8,7.40964,"16,065.97",0.00688,0.00293,865.01764
221.89999,7.41293,"16,065.03",0.00688,0.00296,864.96704
222,7.41629,"16,065.62",0.00689,0.00316,864.99866
222.10001,7.41965,"16,066.77",0.00688,0.00313,865.06067
222.2,7.42302,"16,067.24",0.00688,0.00311,865.08594
222.3,7.42623,"16,065.83",0.00689,0.00304,865.00970
222.39999,7.42959,"16,066.58",0.00688,0.00308,865.05042
222.5,7.43303,"16,068.63",0.00687,0.00301,865.16095
222.60001,7.4361,"16,066.48",0.00686,0.00284,865.04510
222.7,7.43961,"16,066.85",0.00684,0.0028,865.06476
222.8,7.44305,"16,067.81",0.00687,0.00277,865.11664
222.89999,7.44619,"16,068.59",0.00687,0.00273,865.15863
223,7.4497,"16,069.77",0.00686,0.00252,865.22205
223.10001,7.45306,"16,071.46",0.00688,0.00249,865.31323
223.2,7.4562,"16,070.96",0.00688,0.00287,865.28644
223.3,7.45956,"16,072.21",0.0069,0.00282,865.35327
223.39999,7.46293,"16,073.97",0.00689,0.00287,865.44824
223.5,7.46629,"16,075.23",0.0069,0.00313,865.51617
223.60001,7.4695,"16,074.28",0.00688,0.00317,865.46478
223.7,7.47294,"16,077.62",0.00689,0.00311,865.64484
223.8,7.47638,"16,080.69",0.0069,0.00308,865.80988
223.89999,7.47944,"16,079.71",0.00687,0.00306,865.75720
224,7.48296,"16,082.96",0.0069,0.00305,865.93207
224.10001,7.48632,"16,084.00",0.0069,0.00307,865.98853
224.2,7.48946,"16,084.17",0.00689,0.00285,865.99744
224.3,7.49305,"16,087.38",0.0069,0.00279,866.17004
224.39999,7.49633,"16,089.83",0.00691,0.00276,866.30231
224.5,7.49955,"16,090.48",0.00688,0.00272,866.33698
224.60001,7.50299,"16,092.08",0.00689,0.0026,866.42346
224.7,7.50635,"16,093.90",0.00689,0.00252,866.52148
224.8,7.50956,"16,097.05",0.0069,0.00281,866.69110
224.89999,7.51285,"16,097.67",0.00692,0.00284,866.72406
225,7.51629,"16,100.49",0.00691,0.003,866.87634
225.10001,7.51965,"16,104.70",0.00692,0.00295,867.10272
225.2,7.52287,"16,103.92",0.00692,0.00315,867.06104
225.3,7.5263,"16,108.50",0.00692,0.00311,867.30743
225.39999,7.52967,"16,110.52",0.00689,0.00312,867.41595
225.5,7.53281,"16,110.68",0.00691,0.00305,867.42462
225.60001,7.53632,"16,116.09",0.0069,0.0031,867.71582
225.7,7.53968,"16,117.77",0.00693,0.00304,867.80634
225.8,7.5429,"16,119.40",0.0069,0.00291,867.89404
225.89999,7.54626,"16,120.64",0.00691,0.00279,867.96100
226,7.54962,"16,124.93",0.00693,0.00278,868.19202
226.10001,7.55291,"16,127.02",0.00693,0.00272,868.30469
226.2,7.55627,"16,129.31",0.00694,0.00267,868.42786
226.3,7.55964,"16,132.19",0.00694,0.00253,868.58289
226.39999,7.56293,"16,135.01",0.00694,0.00274,868.73468
226.5,7.56621,"16,135.87",0.00695,0.00284,868.78125
226.60001,7.56973,"16,140.34",0.00693,0.00288,869.02179
226.7,7.57301,"16,142.48",0.00694,0.00289,869.13702
226.8,7.57615,"16,141.62",0.00694,0.00311,869.09058
226.89999,7.57959,"16,146.18",0.0069,0.00312,869.33636
227,7.58295,"16,148.31",0.00691,0.00312,869.45087
227.10001,7.58617,"16,149.87",0.00692,0.00308,869.53473
227.2,7.58961,"16,151.80",0.00691,0.00302,869.63879
227.3,7.59304,"16,154.05",0.00691,0.00304,869.76007
227.39999,7.59626,"16,155.68",0.00688,0.00284,869.84753
227.5,7.59955,"16,156.74",0.00691,0.00278,869.90472
227.60001,7.60291,"16,158.85",0.00693,0.00278,870.01849
227.7,7.6062,"16,159.52",0.00691,0.00268,870.05438
227.8,7.60956,"16,160.21",0.00693,0.00263,870.09155
227.89999,7.61292,"16,164.67",0.00692,0.00243,870.33142
228,7.61636,"16,166.18",0.00694,0.00274,870.41272
228.10001,7.61958,"16,165.52",0.00694,0.00277,870.37738
228.2,7.62294,"16,167.55",0.00694,0.00284,870.48657
228.3,7.6263,"16,169.88",0.00696,0.00298,870.61243
228.39999,7.62952,"16,171.64",0.00696,0.00312,870.70703
228.5,7.63288,"16,172.04",0.00695,0.00312,870.72821
228.60001,7.63632,"16,173.07",0.00694,0.00306,870.78406
228.7,7.63953,"16,174.79",0.00694,0.00307,870.87634
228.8,7.64297,"16,175.27",0.00693,0.00307,870.90228
228.89999,7.64641,"16,177.94",0.00692,0.00308,871.04590
229,7.64955,"16,176.62",0.00691,0.00284,870.97491
229.10001,7.65291,"16,176.50",0.00694,0.00278,870.96838
229.2,7.65635,"16,180.53",0.00692,0.00272,871.18542
229.3,7.65963,"16,181.35",0.00695,0.00267,871.22968
229.39999,7.66292,"16,180.93",0.00687,0.00246,871.20728
229.5,7.66629,"16,182.41",0.00693,0.00244,871.28662
229.60001,7.66972,"16,184.46",0.00693,0.00268,871.39703
229.7,7.67286,"16,183.95",0.00694,0.00282,871.36975
229.8,7.67623,"16,184.94",0.00694,0.00283,871.42328
229.89999,7.67966,"16,184.71",0.00693,0.00295,871.41052
230,7.68288,"16,184.80",0.00696,0.00311,871.41541
230.10001,7.68624,"16,185.05",0.00694,0.0031,871.42908
230.2,7.68975,"16,186.75",0.00695,0.00308,871.52051
230.3,7.69289,"16,185.89",0.00694,0.00306,871.47424
230.39999,7.69618,"16,184.33",0.00694,0.00308,871.39038
230.5,7.69962,"16,185.79",0.00692,0.00305,871.46857
230.60001,7.70291,"16,186.57",0.00693,0.00286,871.51074
230.7,7.70627,"16,186.16",0.00693,0.00276,871.48895
230.8,7.70963,"16,186.94",0.00694,0.00275,871.53070
230.89999,7.71307,"16,186.36",0.00696,0.00275,871.49945
231,7.71621,"16,184.92",0.00695,0.0024,871.42181
231.10001,7.71957,"16,185.08",0.00697,0.00251,871.43066
231.2,7.72301,"16,184.82",0.00695,0.00274,871.41632
231.3,7.72615,"16,182.62",0.00696,0.00279,871.29803
231.39999,7.72966,"16,182.13",0.00698,0.00299,871.27197
231.5,7.7331,"16,183.05",0.00696,0.00314,871.32104
231.60001,7.73617,"16,181.20",0.00696,0.00308,871.22180
231.7,7.73968,"16,179.51",0.00696,0.00306,871.13055
231.8,7.74297,"16,180.20",0.00696,0.00308,871.16754
231.89999,7.74625,"16,179.31",0.00699,0.00305,871.12000
232,7.74954,"16,177.22",0.00697,0.00304,871.00726
232.10001,7.75291,"16,176.59",0.00694,0.00299,870.97345
232.2,7.75634,"16,176.42",0.00695,0.00293,870.96411
232.3,7.75956,"16,173.92",0.00693,0.00277,870.82971
232.39999,7.76292,"16,174.08",0.00694,0.00273,870.83820
232.5,7.76636,"16,174.75",0.00696,0.00268,870.87433
232.60001,7.76942,"16,169.64",0.00692,0.00244,870.59930
232.7,7.77294,"16,169.41",0.00696,0.00265,870.58691
232.8,7.77637,"16,170.98",0.00697,0.0027,870.67157
232.89999,7.77951,"16,168.50",0.00696,0.00272,870.53796
233,7.78303,"16,166.29",0.00696,0.00295,870.41882
233.10001,7.78631,"16,165.67",0.00696,0.0031,870.38556
233.2,7.7896,"16,164.71",0.00696,0.00311,870.33386
233.3,7.79289,"16,163.45",0.00694,0.00304,870.26611
233.39999,7.79625,"16,162.11",0.00695,0.00303,870.19391
233.5,7.79962,"16,160.54",0.00697,0.00305,870.10913
233.60001,7.80291,"16,158.24",0.00696,0.00303,869.98553
233.7,7.80634,"16,157.19",0.00694,0.00293,869.92877
233.8,7.80971,"16,158.09",0.00695,0.00277,869.97760
233.89999,7.81284,"16,152.69",0.00695,0.00277,869.68658
234,7.81628,"16,151.79",0.00696,0.0027,869.63837
234.10001,7.81965,"16,151.98",0.00692,0.00245,869.64832
234.2,7.82278,"16,149.10",0.00691,0.00241,869.49341
234.3,7.82637,"16,150.31",0.00695,0.00283,869.55829
234.39999,7.82966,"16,148.10",0.00694,0.00282,869.43970
234.5,7.83287,"16,146.18",0.00696,0.00294,869.33630
234.60001,7.83631,"16,146.20",0.00697,0.00315,869.33698
234.7,7.8396,"16,146.04",0.00696,0.00304,869.32849
234.8,7.84289,"16,145.01",0.00697,0.0031,869.27332
234.89999,7.84618,"16,141.99",0.00694,0.00303,869.11047
235,7.84962,"16,144.10",0.00695,0.00304,869.22394
235.10001,7.85298,"16,143.95",0.00696,0.00306,869.21600
235.2,7.85619,"16,140.63",0.00693,0.00292,869.03705
235.3,7.85963,"16,140.13",0.00692,0.00281,869.01062
235.39999,7.86299,"16,139.97",0.00694,0.00276,869.00153
235.5,7.86613,"16,137.37",0.00695,0.00271,868.86188
235.60001,7.86965,"16,138.16",0.00693,0.00256,868.90442
235.7,7.87301,"16,136.09",0.00693,0.00252,868.79279
235.8,7.87622,"16,134.89",0.00694,0.00254,868.72809
235.89999,7.87966,"16,134.33",0.00695,0.00271,868.69806
236,7.88302,"16,134.76",0.00694,0.00289,868.72150
236.10001,7.88624,"16,133.81",0.00697,0.00298,868.66986
236.2,7.88952,"16,131.47",0.00697,0.00314,868.54401
236.3,7.89296,"16,131.65",0.00694,0.00304,868.55365
236.39999,7.89633,"16,132.58",0.00694,0.00307,868.60376
236.5,7.89954,"16,130.26",0.00694,0.00308,868.47919
236.60001,7.90298,"16,130.63",0.00694,0.00305,868.49884
236.7,7.90634,"16,129.57",0.00698,0.00301,868.44171
236.8,7.90948,"16,128.26",0.0069,0.00281,868.37128
236.89999,7.91292,"16,128.58",0.00693,0.00273,868.38849
237,7.91628,"16,127.59",0.00693,0.00279,868.33514
237.10001,7.91949,"16,126.21",0.0069,0.00256,868.26093
237.2,7.92293,"16,126.22",0.00689,0.00248,868.26160
237.3,7.92637,"16,126.64",0.00694,0.00248,868.28412
237.39999,7.92958,"16,126.85",0.00692,0.00307,868.29529
237.5,7.93287,"16,124.05",0.00693,0.00307,868.14484
237.60001,7.93624,"16,123.85",0.00699,0.00292,868.13391
237.7,7.93952,"16,124.70",0.00696,0.003,868.17981
237.8,7.94289,"16,123.33",0.00694,0.00308,868.10590
237.89999,7.94633,"16,123.75",0.00692,0.00311,868.12817
238,7.94969,"16,122.11",0.00695,0.00305,868.04041
238.10001,7.9529,"16,120.79",0.00694,0.00307,867.96893
238.2,7.95634,"16,121.33",0.00694,0.00307,867.99811
238.3,7.9597,"16,120.68",0.00692,0.003,867.96313
238.39999,7.96284,"16,118.82",0.00695,0.0029,867.86328
238.5,7.96621,"16,117.36",0.00696,0.00278,867.78424
238.60001,7.96964,"16,116.86",0.00694,0.00281,867.75751
238.7,7.97286,"16,117.22",0.00696,0.00256,867.77692
238.8,7.97622,"16,114.64",0.00693,0.00257,867.63782
238.89999,7.97966,"16,114.35",0.00697,0.00242,867.62231
239,7.98287,"16,113.94",0.00694,0.00274,867.60028
239.10001,7.98616,"16,110.90",0.00695,0.00292,867.43634
239.2,7.98967,"16,111.71",0.00696,0.00303,867.48029
239.3,7.99296,"16,111.31",0.00695,0.00318,867.45880
239.39999,7.99625,"16,110.09",0.00694,0.00312,867.39288
239.5,7.99961,"16,110.58",0.00693,0.00309,867.41913
239.60001,8.00305,"16,110.65",0.00695,0.00308,867.42297
239.7,8.00619,"16,107.84",0.00696,0.00308,867.27191
239.8,8.00955,"16,107.48",0.00696,0.0031,867.25250
239.89999,8.01299,"16,108.10",0.0069,0.00287,867.28595
240,8.0162,"16,107.48",0.00691,0.00282,867.25232
240.10001,8.01964,"16,107.16",0.00691,0.00274,867.23499
240.2,8.02308,"16,107.50",0.00696,0.00259,867.25360
240.3,8.02622,"16,105.87",0.00694,0.00256,867.16602
240.39999,8.02958,"16,104.31",0.00692,0.0025,867.08179
240.5,8.03294,"16,104.91",0.00694,0.00276,867.11407
240.60001,8.03631,"16,105.44",0.00695,0.00291,867.14264
240.7,8.03952,"16,102.94",0.00698,0.00303,867.00818
240.8,8.04296,"16,103.96",0.00698,0.00304,867.06287
240.89999,8.0464,"16,103.79",0.00699,0.00313,867.05353
241,8.04954,"16,101.03",0.00695,0.00309,866.90515
241.10001,8.0529,"16,099.99",0.00697,0.00314,866.84894
241.2,8.05634,"16,100.95",0.00702,0.00316,866.90076
241.3,8.0594,"16,098.56",0.00698,0.00311,866.77222
241.39999,8.06291,"16,098.85",0.00693,0.00299,866.78766
241.5,8.06643,"16,099.23",0.00691,0.00279,866.80823
241.60001,8.06957,"16,096.74",0.00694,0.00284,866.67419
241.7,8.073,"16,097.00",0.00693,0.00268,866.68829
241.8,8.07629,"16,097.50",0.00692,0.00245,866.71521
241.89999,8.07958,"16,096.19",0.00687,0.0024,866.64459
242,8.08287,"16,094.23",0.00697,0.00256,866.53906
242.10001,8.08631,"16,094.41",0.00694,0.00289,866.54889
242.2,8.08967,"16,095.67",0.00694,0.00297,866.61676
242.3,8.09281,"16,091.49",0.00697,0.00295,866.39178
242.39999,8.09632,"16,092.17",0.00694,0.00313,866.42834
242.5,8.09976,"16,092.30",0.00697,0.0031,866.43542
242.60001,8.10282,"16,090.18",0.00698,0.00309,866.32098
242.7,8.10626,"16,090.79",0.00696,0.00305,866.35413
242.8,8.1097,"16,089.80",0.00693,0.00303,866.30066
242.89999,8.11284,"16,087.44",0.00694,0.00301,866.17358
243,8.11635,"16,088.67",0.0069,0.00286,866.23993
243.10001,8.11964,"16,088.88",0.00694,0.00292,866.25110
243.2,8.12293,"16,086.54",0.0069,0.00288,866.12500
243.3,8.12622,"16,085.29",0.00685,0.00255,866.05792
243.39999,8.12951,"16,084.99",0.0069,0.00257,866.04132
243.5,8.13287,"16,085.80",0.00691,0.00252,866.08508
243.60001,8.13616,"16,083.57",0.00695,0.00288,865.96490
243.7,8.13967,"16,084.44",0.00693,0.00309,866.01172
243.8,8.14303,"16,084.39",0.00696,0.00305,866.00922
243.89999,8.1461,"16,081.08",0.00695,0.00308,865.83118
244,8.14961,"16,082.68",0.00694,0.00318,865.91736
244.10001,8.15297,"16,082.55",0.00696,0.00316,865.91010
244.2,8.15619,"16,080.24",0.007,0.00315,865.78595
244.3,8.1597,"16,081.04",0.00698,0.00312,865.82874
244.39999,8.16299,"16,080.87",0.00693,0.00312,865.81946
244.5,8.16628,"16,079.80",0.00693,0.00301,865.76227
244.60001,8.16964,"16,079.87",0.00693,0.00285,865.76593
244.7,8.173,"16,079.06",0.00693,0.00287,865.72241
244.8,8.17629,"16,078.99",0.0069,0.0028,865.71875
244.89999,8.1795,"16,077.41",0.00687,0.00256,865.63348
245,8.18302,"16,079.44",0.00689,0.0025,865.74286
245.10001,8.18638,"16,079.42",0.00691,0.00253,865.74152
245.2,8.18952,"16,076.76",0.00694,0.00292,865.59845
245.3,8.19296,"16,078.05",0.00694,0.00299,865.66797
245.39999,8.19632,"16,079.10",0.00695,0.00307,865.72430
245.5,8.19946,"16,077.06",0.00695,0.0031,865.61444
245.60001,8.2029,"16,078.15",0.00693,0.00312,865.67334
245.7,8.20626,"16,077.57",0.00694,0.00316,865.64209
245.8,8.20955,"16,078.62",0.00697,0.00312,865.69873
245.89999,8.21291,"16,078.37",0.00698,0.00315,865.68524
246,8.21635,"16,079.15",0.00693,0.0031,865.72723
246.10001,8.21956,"16,080.08",0.00695,0.00297,865.77692
246.2,8.22285,"16,079.04",0.00692,0.00289,865.72113
246.3,8.22629,"16,080.57",0.00689,0.00286,865.80365
246.39999,8.22965,"16,082.54",0.00692,0.00257,865.90948
246.5,8.23287,"16,079.30",0.00686,0.00246,865.73529
246.60001,8.23638,"16,081.83",0.00688,0.00244,865.87115
246.7,8.23967,"16,083.61",0.00685,0.00286,865.96735
246.8,8.24288,"16,082.56",0.00691,0.00304,865.91058
246.89999,8.24624,"16,083.91",0.00695,0.00315,865.98364
247,8.24961,"16,083.03",0.00696,0.00303,865.93591
247.10001,8.2529,"16,084.23",0.00693,0.00319,866.00043
247.2,8.25626,"16,084.51",0.00693,0.0031,866.01556
247.3,8.2597,"16,086.03",0.00696,0.00313,866.09741
247.39999,8.26291,"16,085.25",0.00693,0.00306,866.05585
247.5,8.2662,"16,085.55",0.00695,0.00312,866.07184
247.60001,8.26964,"16,086.83",0.00694,0.00309,866.14050
247.7,8.27285,"16,088.42",0.00695,0.00291,866.22601
247.8,8.27614,"16,087.40",0.00695,0.00288,866.17145
247.89999,8.27965,"16,090.43",0.00693,0.00281,866.33435
248,8.28301,"16,091.06",0.00691,0.00269,866.36853
248.10001,8.28623,"16,092.22",0.00692,0.00257,866.43060
248.2,8.28967,"16,094.25",0.00693,0.0025,866.54016
248.3,8.29303,"16,093.12",0.00694,0.00267,866.47937
248.39999,8.29617,"16,093.51",0.00691,0.00298,866.50018
248.5,8.29953,"16,095.52",0.00693,0.00306,866.60852
248.60001,8.30304,"16,097.02",0.00695,0.00296,866.68909
248.7,8.30618,"16,097.17",0.00696,0.00316,866.69745
248.8,8.30962,"16,097.27",0.00695,0.00318,866.70288
248.89999,8.31306,"16,100.56",0.007,0.00323,866.87988
249,8.3162,"16,100.99",0.00701,0.00309,866.90308
249.10001,8.31956,"16,100.46",0.00695,0.00306,866.87433
249.2,8.32292,"16,102.48",0.00691,0.00309,866.98328
249.3,8.32629,"16,104.23",0.00691,0.00294,867.07733
249.39999,8.3295,"16,104.43",0.00692,0.00288,867.08801
249.5,8.33294,"16,106.79",0.00688,0.00269,867.21515
249.60001,8.33638,"16,109.42",0.00686,0.00253,867.35687
249.7,8.33952,"16,109.24",0.00692,0.00252,867.34729
249.8,8.34288,"16,110.81",0.00695,0.0025,867.43164
249.89999,8.34632,"16,113.53",0.00689,0.00302,867.57812
250,8.34946,"16,113.29",0.00695,0.00285,867.56531
250.10001,8.35297,"16,115.25",0.00693,0.00311,867.67096
250.2,8.35641,"16,119.32",0.00695,0.00298,867.88989
250.3,8.35955,"16,120.46",0.00694,0.00318,867.95160
250.39999,8.36298,"16,120.99",0.00699,0.00317,867.97998
250.5,8.36627,"16,122.99",0.00696,0.00316,868.08734
250.60001,8.36956,"16,125.78",0.00702,0.00313,868.23761
250.7,8.37285,"16,126.64",0.00699,0.00316,868.28381
250.8,8.37629,"16,129.91",0.00695,0.00313,868.46027
250.89999,8.37972,"16,133.86",0.00694,0.00293,868.67303
251,8.38286,"16,131.86",0.00691,0.00288,868.56519
251.10001,8.3863,"16,136.47",0.00688,0.0028,868.81323
251.2,8.38974,"16,140.24",0.00695,0.00271,869.01611
251.3,8.3928,"16,140.24",0.00693,0.00246,869.01630
251.39999,8.39632,"16,144.38",0.00692,0.00255,869.23901
251.5,8.39968,"16,147.00",0.00693,0.0029,869.38019
251.60001,8.40282,"16,147.79",0.00688,0.00312,869.42303
251.7,8.40633,"16,150.84",0.00692,0.0031,869.58691
251.8,8.40962,"16,153.30",0.00696,0.00304,869.71930
251.89999,8.41283,"16,154.72",0.00703,0.0032,869.79590
252,8.4162,"16,155.66",0.00699,0.00313,869.84668
252.10001,8.41956,"16,159.90",0.00695,0.00314,870.07477
252.2,8.423,"16,162.55",0.00697,0.00313,870.21777
252.3,8.42621,"16,162.78",0.00701,0.00317,870.23010
252.39999,8.42965,"16,166.58",0.00696,0.00313,870.43451
252.5,8.43309,"16,170.31",0.00696,0.00297,870.63538
252.60001,8.43615,"16,169.75",0.00692,0.00289,870.60498
252.7,8.43959,"16,172.57",0.00696,0.00286,870.75726
252.8,8.44295,"16,175.11",0.00685,0.00256,870.89362
252.89999,8.44617,"16,177.01",0.0069,0.00259,870.99585
253,8.44968,"16,181.18",0.0069,0.00253,871.22058
253.10001,8.45304,"16,184.08",0.00698,0.00287,871.37646
253.2,8.45625,"16,184.78",0.00698,0.00311,871.41467
253.3,8.45962,"16,187.64",0.00698,0.00302,871.56860
253.39999,8.46291,"16,190.88",0.00702,0.00307,871.74304
253.5,8.46627,"16,195.17",0.00696,0.00305,871.97369
253.60001,8.46948,"16,196.19",0.00702,0.00316,872.02850
253.7,8.47292,"16,199.29",0.00706,0.00314,872.19586
253.8,8.47636,"16,203.78",0.00702,0.00313,872.43744
253.89999,8.4795,"16,204.90",0.00705,0.00309,872.49780
254,8.48301,"16,208.89",0.007,0.00311,872.71234
254.10001,8.4863,"16,210.33",0.00701,0.00303,872.79004
254.2,8.48944,"16,211.74",0.00696,0.00288,872.86621
254.3,8.49295,"16,217.12",0.00697,0.00289,873.15582
254.39999,8.49631,"16,218.92",0.00692,0.00263,873.25275
254.5,8.4996,"16,222.06",0.00691,0.00254,873.42169
254.60001,8.50297,"16,223.94",0.00692,0.00255,873.52307
254.7,8.50625,"16,226.93",0.0069,0.0025,873.68402
254.8,8.50962,"16,231.05",0.00694,0.00316,873.90582
254.89999,8.51283,"16,231.53",0.007,0.00307,873.93134
255,8.51634,"16,235.54",0.00697,0.00301,874.14771
255.10001,8.51971,"16,238.89",0.00703,0.00298,874.32800
255.2,8.52285,"16,238.88",0.00704,0.00321,874.32709
255.3,8.52636,"16,241.91",0.00704,0.00312,874.49048
255.39999,8.52972,"16,244.86",0.00701,0.0031,874.64948
255.5,8.53279,"16,243.27",0.00703,0.00317,874.56335
255.60001,8.5363,"16,247.16",0.00703,0.00312,874.77295
255.7,8.53966,"16,248.47",0.00702,0.00312,874.84381
255.8,8.54295,"16,250.19",0.00702,0.00297,874.93628
255.89999,8.54631,"16,251.13",0.00696,0.00295,874.98700
256,8.54968,"16,252.65",0.007,0.00261,875.06873
256.10001,8.55297,"16,256.29",0.00695,0.00252,875.26440
256.20001,8.55618,"16,255.59",0.007,0.00255,875.22681
256.29999,8.55962,"16,257.88",0.00699,0.00255,875.34998
256.39999,8.5629,"16,259.01",0.00703,0.00313,875.41107
256.5,8.56612,"16,260.03",0.00703,0.00308,875.46625
256.60001,8.56971,"16,263.81",0.00701,0.00311,875.66968
256.70001,8.57299,"16,266.06",0.00704,0.00306,875.79065
256.79999,8.57621,"16,265.10",0.00708,0.00318,875.73920
256.89999,8.57965,"16,268.04",0.00709,0.0032,875.89752
257,8.58301,"16,269.60",0.00706,0.00317,875.98132
257.10001,8.58622,"16,269.90",0.00714,0.00317,875.99725
257.20001,8.58959,"16,270.75",0.00709,0.00318,876.04327
257.29999,8.59295,"16,271.58",0.00709,0.0031,876.08813
257.39999,8.59631,"16,273.57",0.00704,0.00293,876.19507
257.5,8.5996,"16,273.64",0.00702,0.0029,876.19873
257.60001,8.60304,"16,275.86",0.00701,0.00287,876.31836
257.70001,8.60618,"16,275.98",0.00697,0.00262,876.32501
257.79999,8.60947,"16,275.19",0.00699,0.00256,876.28229
257.89999,8.61298,"16,277.83",0.007,0.00257,876.42419
258,8.61634,"16,279.76",0.00699,0.00318,876.52808
258.10001,8.61963,"16,279.15",0.007,0.00315,876.49542
258.20001,8.62299,"16,280.14",0.00705,0.0031,876.54871
258.29999,8.62636,"16,281.13",0.00706,0.00321,876.60223
258.39999,8.6295,"16,280.00",0.00705,0.00319,876.54120
258.5,8.63286,"16,279.95",0.00707,0.00321,876.53864
258.60001,8.6363,"16,281.73",0.00715,0.0032,876.63434
258.70001,8.63951,"16,282.02",0.00713,0.00315,876.65002
258.79999,8.64295,"16,281.44",0.00711,0.00319,876.61877
258.89999,8.64639,"16,283.84",0.00708,0.00306,876.74805
259,8.64952,"16,282.79",0.00702,0.00297,876.69147
259.10001,8.65281,"16,281.42",0.00705,0.00293,876.61780
259.20001,8.65633,"16,284.66",0.00708,0.00261,876.79218
259.29999,8.65961,"16,284.24",0.00708,0.00253,876.76959
259.39999,8.66298,"16,283.44",0.00713,0.00251,876.72644
259.5,8.66634,"16,284.45",0.00703,0.00268,876.78064
259.60001,8.66978,"16,285.49",0.00706,0.00311,876.83685
259.70001,8.67284,"16,284.54",0.00712,0.00311,876.78595
259.79999,8.67628,"16,285.11",0.00708,0.00307,876.81628
259.89999,8.67964,"16,284.79",0.00708,0.00317,876.79907
260,8.68278,"16,283.89",0.00707,0.00322,876.75043
260.10001,8.68629,"16,285.74",0.00706,0.00322,876.85028
260.20001,8.68973,"16,287.20",0.00707,0.00318,876.92889
260.29999,8.69287,"16,286.88",0.0071,0.0032,876.91180
260.39999,8.69631,"16,286.61",0.00705,0.00317,876.89685
260.5,8.6996,"16,289.05",0.00705,0.00299,877.02844
260.60001,8.70289,"16,289.04",0.00704,0.00298,877.02820
260.70001,8.70617,"16,287.56",0.00702,0.00272,876.94830
260.79999,8.70961,"16,288.98",0.00698,0.00261,877.02472
260.89999,8.71298,"16,289.93",0.00697,0.00255,877.07562
261,8.71619,"16,288.61",0.00701,0.00257,877.00476
261.10001,8.71963,"16,290.05",0.00705,0.00292,877.08252
261.20001,8.72307,"16,291.43",0.00704,0.00309,877.15656
261.29999,8.72606,"16,289.58",0.0072,0.00309,877.05707
261.39999,8.72964,"16,291.16",0.00709,0.00307,877.14221
261.5,8.73301,"16,292.91",0.0071,0.00319,877.23608
261.60001,8.73622,"16,292.76",0.00717,0.00318,877.22845
261.70001,8.73966,"16,292.75",0.00717,0.00319,877.22791
261.79999,8.74295,"16,293.33",0.00712,0.00316,877.25873
261.89999,8.74631,"16,294.49",0.00711,0.00318,877.32147
262,8.74952,"16,293.60",0.00709,0.00316,877.27356
262.10001,8.75288,"16,294.09",0.00705,0.00296,877.29962
262.20001,8.75632,"16,294.48",0.00701,0.00296,877.32074
262.29999,8.75954,"16,293.49",0.00702,0.0029,877.26758
262.39999,8.76298,"16,295.21",0.00705,0.00263,877.36029
262.5,8.76641,"16,295.98",0.00696,0.0026,877.40155
262.60001,8.76948,"16,294.26",0.00704,0.00256,877.30878
262.70001,8.77291,"16,294.02",0.00707,0.00306,877.29584
262.79999,8.77628,"16,294.11",0.00705,0.00314,877.30115
262.89999,8.77957,"16,294.04",0.00706,0.00312,877.29718
263,8.783,"16,295.07",0.00714,0.00305,877.35242
263.10001,8.78629,"16,294.74",0.00714,0.00328,877.33472
263.20001,8.78958,"16,296.15",0.00713,0.00325,877.41058
263.29999,8.79294,"16,295.40",0.00716,0.0032,877.37042
263.39999,8.79623,"16,296.18",0.00718,0.0032,877.41235
263.5,8.7996,"16,296.36",0.00716,0.00323,877.42230
263.60001,8.80274,"16,293.46",0.00714,0.00309,877.26593
263.70001,8.80632,"16,295.88",0.00707,0.00299,877.39618
263.79999,8.80976,"16,297.53",0.00706,0.00292,877.48511
263.89999,8.8129,"16,294.89",0.00708,0.00267,877.34271
264,8.81634,"16,295.24",0.00707,0.00261,877.36157
264.10001,8.8197,"16,294.37",0.00707,0.00259,877.31470
264.20001,8.82284,"16,293.43",0.00705,0.00265,877.26416
264.29999,8.82628,"16,293.11",0.00706,0.00318,877.24725
264.39999,8.82964,"16,292.00",0.00713,0.00309,877.18738
264.5,8.83293,"16,290.82",0.00719,0.0031,877.12360
264.60001,8.83622,"16,290.28",0.00718,0.0032,877.09448
264.70001,8.83966,"16,290.58",0.00716,0.00322,877.11072
264.79999,8.84294,"16,291.53",0.00717,0.00321,877.16211
264.89999,8.84608,"16,288.32",0.00721,0.00319,876.98938
265,8.8496,"16,289.95",0.0071,0.00317,877.07715
265.10001,8.85296,"16,290.83",0.00709,0.00322,877.12421
265.20001,8.85617,"16,288.66",0.00707,0.00309,877.00726
265.29999,8.85968,"16,289.95",0.00705,0.00296,877.07703
265.39999,8.86305,"16,290.05",0.00704,0.00291,877.08228
265.5,8.86619,"16,288.89",0.00703,0.00263,877.01978
265.60001,8.86963,"16,290.64",0.00704,0.00256,877.11395
265.70001,8.87299,"16,289.29",0.00707,0.00256,877.04150
265.79999,8.8762,"16,288.94",0.0071,0.00282,877.02240
265.89999,8.87956,"16,288.02",0.00708,0.00316,876.97278
266,8.883,"16,289.80",0.00723,0.00304,877.06866
266.10001,8.88629,"16,289.55",0.00708,0.00304,877.05542
266.20001,8.88958,"16,287.77",0.00715,0.00315,876.95959
266.29999,8.89294,"16,288.29",0.00718,0.00319,876.98767
266.39999,8.89631,"16,289.61",0.00727,0.00319,877.05872
266.5,8.89952,"16,287.38",0.0072,0.00323,876.93854
266.60001,8.90303,"16,290.06",0.00713,0.00315,877.08301
266.70001,8.90639,"16,289.85",0.00714,0.00311,877.07159
266.79999,8.90961,"16,288.53",0.00715,0.00296,877.00037
266.89999,8.91297,"16,289.65",0.00718,0.00288,877.06097
267,8.91634,"16,289.66",0.00713,0.00282,877.06134
267.10001,8.91947,"16,288.16",0.00707,0.00256,876.98059
267.20001,8.92284,"16,286.82",0.00706,0.00253,876.90851
267.29999,8.92635,"16,288.76",0.0071,0.00253,877.01263
267.39999,8.92956,"16,289.30",0.00717,0.00316,877.04199
267.5,8.93293,"16,286.87",0.00711,0.00308,876.91101
267.60001,8.93637,"16,287.34",0.00716,0.00309,876.93652
267.70001,8.93958,"16,287.87",0.00712,0.003,876.96509
267.79999,8.94287,"16,285.49",0.00717,0.0032,876.83655
267.89999,8.94631,"16,287.91",0.00717,0.00318,876.96722
268,8.94967,"16,287.15",0.00719,0.00316,876.92615
268.10001,8.95288,"16,285.98",0.00715,0.00315,876.86310
268.20001,8.95632,"16,288.16",0.00713,0.00317,876.98065
268.29999,8.95976,"16,289.41",0.00712,0.00314,877.04803
268.39999,8.96282,"16,286.42",0.00714,0.00295,876.88678
268.5,8.96619,"16,285.78",0.00706,0.0029,876.85242
268.60001,8.9697,"16,287.54",0.00705,0.00267,876.94739
268.70001,8.97284,"16,287.89",0.00703,0.00261,876.96613
268.79999,8.97627,"16,287.67",0.00711,0.00264,876.95441
268.89999,8.97971,"16,288.03",0.00713,0.00254,876.97345
269,8.98293,"16,286.59",0.00712,0.00323,876.89612
269.10001,8.98621,"16,285.36",0.00711,0.00312,876.82996
269.20001,8.98958,"16,287.03",0.00721,0.0031,876.91992
269.29999,8.99294,"16,285.43",0.00722,0.00317,876.83337
269.39999,8.99615,"16,282.53",0.00718,0.00323,876.67761
269.5,8.99959,"16,284.17",0.00722,0.00324,876.76550
269.60001,9.00303,"16,285.66",0.00719,0.00323,876.84589
269.70001,9.00617,"16,283.45",0.00716,0.0032,876.72687
269.79999,9.00961,"16,282.92",0.00717,0.00325,876.69855
269.89999,9.01297,"16,283.33",0.00717,0.00309,876.72034
270,9.01611,"16,282.76",0.00712,0.003,876.68970
270.10001,9.01962,"16,283.02",0.00704,0.00295,876.70398
270.20001,9.02298,"16,283.25",0.00704,0.00265,876.71613
270.29999,9.02627,"16,282.26",0.00708,0.00259,876.66296
270.39999,9.02964,"16,281.40",0.00708,0.00256,876.61676
270.5,9.03292,"16,282.65",0.00711,0.003,876.68402
270.60001,9.03629,"16,282.63",0.00706,0.00316,876.68298
270.70001,9.0395,"16,281.23",0.00708,0.00318,876.60748
270.79999,9.04286,"16,281.19",0.0072,0.00311,876.60529
270.89999,9.04638,"16,282.48",0.00719,0.00321,876.67474
271,9.04952,"16,281.71",0.0072,0.00323,876.63324
271.10001,9.05295,"16,281.55",0.00718,0.00327,876.62451
271.20001,9.05639,"16,282.37",0.0072,0.00326,876.66895
271.29999,9.05946,"16,280.00",0.00713,0.00316,876.54144
271.39999,9.06289,"16,281.38",0.00711,0.00316,876.61554
271.5,9.06626,"16,281.80",0.00713,0.00308,876.63837
271.60001,9.06955,"16,281.24",0.00709,0.00296,876.60791
271.70001,9.07298,"16,281.29",0.00707,0.00278,876.61096
271.79999,9.07627,"16,282.83",0.00707,0.00266,876.69330
271.89999,9.07964,"16,284.26",0.00712,0.00258,876.77039
272,9.08285,"16,282.24",0.00712,0.00256,876.66162
272.10001,9.08614,"16,282.09",0.0072,0.00296,876.65393
272.20001,9.08965,"16,283.16",0.00727,0.0032,876.71155
272.29999,9.09279,"16,282.33",0.00719,0.00313,876.66693
272.39999,9.0963,"16,284.03",0.00719,0.00315,876.75836
272.5,9.09974,"16,284.29",0.00727,0.00329,876.77228
272.60001,9.10288,"16,282.99",0.00722,0.00319,876.70239
272.70001,9.10632,"16,284.51",0.00722,0.00321,876.78381
272.79999,9.10968,"16,284.90",0.0072,0.00325,876.80493
272.89999,9.11289,"16,283.34",0.00716,0.00324,876.72125
273,9.11626,"16,283.44",0.00717,0.00322,876.72632
273.10001,9.11962,"16,285.34",0.0071,0.0031,876.82867
273.20001,9.12298,"16,286.74",0.00711,0.00303,876.90393
273.29999,9.12627,"16,284.64",0.0071,0.00283,876.79114
273.39999,9.12956,"16,284.11",0.0071,0.00262,876.76233
273.5,9.133,"16,286.27",0.00715,0.0026,876.87891
273.60001,9.13614,"16,284.69",0.00719,0.0028,876.79370
273.70001,9.13965,"16,285.63",0.00715,0.00317,876.84454
273.79999,9.14309,"16,287.25",0.00719,0.00315,876.93152
273.89999,9.14615,"16,285.05",0.00723,0.00309,876.81335
274,9.14966,"16,286.59",0.00721,0.00312,876.89624
274.10001,9.15303,"16,286.93",0.00721,0.00328,876.91461
274.20001,9.15617,"16,285.44",0.00723,0.00318,876.83417
274.29999,9.1596,"16,285.74",0.00722,0.00325,876.85046
274.39999,9.16297,"16,286.14",0.00719,0.00322,876.87170
274.5,9.16626,"16,286.81",0.00716,0.0032,876.90771
274.60001,9.16954,"16,285.51",0.00716,0.00315,876.83813
274.70001,9.17298,"16,285.84",0.00716,0.00301,876.85553
274.79999,9.17634,"16,286.83",0.00714,0.00297,876.90918
274.89999,9.17948,"16,284.33",0.00703,0.00261,876.77454
275,9.18292,"16,286.11",0.00708,0.00259,876.87030
275.10001,9.18629,"16,286.21",0.00708,0.00259,876.87549
275.20001,9.1895,"16,284.34",0.00719,0.0027,876.77490
275.29999,9.19301,"16,286.72",0.00715,0.00316,876.90283
275.39999,9.19645,"16,288.00",0.0071,0.00312,876.97180
275.5,9.19959,"16,286.46",0.00713,0.00307,876.88892
275.60001,9.20295,"16,287.14",0.0072,0.0031,876.92566
275.70001,9.20632,"16,287.43",0.00723,0.0032,876.94153
275.79999,9.20953,"16,288.81",0.00721,0.00325,877.01556
275.89999,9.21289,"16,288.65",0.00725,0.0032,877.00720
276,9.21633,"16,289.87",0.00719,0.00323,877.07263
276.10001,9.21962,"16,291.52",0.00717,0.00319,877.16168
276.20001,9.22283,"16,290.58",0.00716,0.00309,877.11108
276.29999,9.22627,"16,293.08",0.00716,0.00296,877.24530
276.39999,9.22963,"16,293.87",0.00714,0.00289,877.28784
276.5,9.23285,"16,292.50",0.00714,0.00273,877.21436
276.60001,9.23628,"16,295.78",0.00716,0.00256,877.39075
276.70001,9.23972,"16,296.75",0.00722,0.00252,877.44293
276.79999,9.24294,"16,296.47",0.00721,0.00292,877.42822
276.89999,9.24637,"16,298.25",0.00722,0.0031,877.52405
277,9.24966,"16,298.62",0.00726,0.00309,877.54370
277.10001,9.25288,"16,299.75",0.00721,0.00307,877.60474
277.20001,9.25624,"16,299.59",0.00717,0.00308,877.59589
277.29999,9.25968,"16,302.35",0.0072,0.00322,877.74445
277.39999,9.26289,"16,302.56",0.00717,0.0032,877.75580
277.5,9.26625,"16,302.12",0.00721,0.00321,877.73199
277.60001,9.26969,"16,305.22",0.00715,0.00319,877.89911
277.70001,9.27291,"16,305.47",0.00716,0.00322,877.91278
277.79999,9.27612,"16,304.67",0.00714,0.00309,877.86945
277.89999,9.27963,"16,307.71",0.00713,0.00293,878.03314
278,9.283,"16,308.92",0.00707,0.00282,878.09827
278.10001,9.28621,"16,309.15",0.00708,0.0026,878.11053
278.20001,9.28965,"16,312.27",0.00708,0.00255,878.27869
278.29999,9.29308,"16,313.17",0.00714,0.00255,878.32727
278.39999,9.29615,"16,313.60",0.00721,0.00316,878.35022
278.5,9.29959,"16,316.14",0.00719,0.00312,878.48688
278.60001,9.30295,"16,317.41",0.00726,0.00313,878.55524
278.70001,9.30616,"16,318.34",0.0072,0.00307,878.60553
278.79999,9.3096,"16,319.68",0.00721,0.00321,878.67755
278.89999,9.31304,"16,323.68",0.00721,0.00322,878.89325
279,9.31625,"16,325.46",0.00727,0.00325,878.98883
279.10001,9.31962,"16,326.70",0.00725,0.00323,879.05554
279.20001,9.3229,"16,327.83",0.00724,0.0032,879.11621
279.29999,9.32627,"16,329.68",0.00725,0.00323,879.21594
279.39999,9.32956,"16,330.69",0.00723,0.00308,879.27032
279.5,9.33292,"16,334.04",0.00718,0.003,879.45099
279.60001,9.33636,"16,335.85",0.00715,0.00291,879.54810
279.70001,9.3395,"16,335.82",0.00724,0.00277,879.54645
279.79999,9.34293,"16,336.92",0.00723,0.00257,879.60565
279.89999,9.34637,"16,340.86",0.00721,0.00258,879.81818
280,9.34951,"16,342.18",0.00718,0.00315,879.88898
280.10001,9.35287,"16,343.01",0.00721,0.00314,879.93384
280.20001,9.35631,"16,344.99",0.00726,0.0031,880.04059
280.29999,9.3596,"16,348.38",0.00728,0.00313,880.22296
280.39999,9.36296,"16,349.64",0.00726,0.00311,880.29077
280.5,9.36625,"16,352.39",0.00724,0.00315,880.43878
280.60001,9.36961,"16,354.92",0.00725,0.00324,880.57532
280.70001,9.37283,"16,354.10",0.00726,0.0032,880.53082
280.79999,9.37619,"16,358.04",0.00724,0.00317,880.74280
280.89999,9.3797,"16,362.16",0.00726,0.00317,880.96478
281,9.38284,"16,362.23",0.00719,0.00312,880.96863
281.10001,9.38628,"16,364.61",0.00717,0.00299,881.09680
281.20001,9.38979,"16,369.54",0.00719,0.00296,881.36224
281.29999,9.39278,"16,369.47",0.00711,0.00261,881.35828
281.39999,9.3963,"16,372.31",0.00709,0.0026,881.51160
281.5,9.39958,"16,374.31",0.00712,0.00261,881.61884
281.60001,9.40287,"16,377.10",0.00716,0.00319,881.76910
281.70001,9.40631,"16,379.11",0.00721,0.00313,881.87756
281.79999,9.40967,"16,382.88",0.0072,0.00313,882.08051
281.89999,9.41304,"16,384.88",0.00719,0.0031,882.18799
282,9.41618,"16,384.63",0.00726,0.00299,882.17480
282.10001,9.41954,"16,387.54",0.00727,0.0032,882.33118
282.20001,9.42298,"16,391.72",0.00727,0.00323,882.55664
282.29999,9.42619,"16,391.53",0.00728,0.0032,882.54614
282.39999,9.42963,"16,394.47",0.00726,0.00325,882.70453
282.5,9.43307,"16,397.45",0.00723,0.00321,882.86469
282.60001,9.43613,"16,398.60",0.00731,0.00309,882.92700
282.70001,9.43964,"16,400.68",0.00727,0.00298,883.03882
282.79999,9.44293,"16,402.61",0.00726,0.00297,883.14270
282.89999,9.44615,"16,403.64",0.00728,0.00275,883.19812
283,9.44966,"16,405.59",0.00726,0.00265,883.30328
283.10001,9.45295,"16,407.76",0.00727,0.00255,883.42010
283.20001,9.45631,"16,410.45",0.00721,0.00293,883.56470
283.29999,9.45952,"16,409.93",0.00732,0.0032,883.53693
283.39999,9.46296,"16,412.70",0.00724,0.00314,883.68597
283.5,9.46632,"16,415.10",0.00729,0.00309,883.81500
283.60001,9.46946,"16,414.13",0.00727,0.00311,883.76282
283.70001,9.47298,"16,416.55",0.0073,0.00325,883.89325
283.79999,9.47641,"16,419.44",0.00729,0.00326,884.04877
283.89999,9.47948,"16,419.00",0.00729,0.0032,884.02533
284,9.48299,"16,421.56",0.00727,0.00322,884.16327
284.10001,9.48635,"16,423.07",0.00729,0.00321,884.24445
284.20001,9.48949,"16,422.57",0.00729,0.00309,884.21753
284.29999,9.49286,"16,423.96",0.00726,0.00306,884.29199
284.39999,9.49629,"16,426.01",0.00723,0.0029,884.40271
284.5,9.49958,"16,427.14",0.00721,0.00284,884.46350
284.60001,9.50287,"16,426.30",0.00722,0.00264,884.41809
284.70001,9.50631,"16,428.19",0.00728,0.00259,884.51990
284.79999,9.50967,"16,431.00",0.00731,0.00281,884.67151
284.89999,9.51281,"16,428.61",0.0073,0.00315,884.54236
285,9.51625,"16,431.41",0.00735,0.00315,884.69360
285.10001,9.51961,"16,431.46",0.0073,0.00311,884.69592
285.20001,9.52283,"16,432.21",0.00728,0.00312,884.73657
285.29999,9.52634,"16,434.17",0.00728,0.00321,884.84174
285.39999,9.5297,"16,435.56",0.00729,0.00328,884.91693
285.5,9.53291,"16,434.13",0.00729,0.00324,884.83954
285.60001,9.53628,"16,434.51",0.00731,0.00326,884.86035
285.70001,9.53964,"16,435.94",0.00732,0.00324,884.93738
285.79999,9.54285,"16,435.88",0.00728,0.00312,884.93390
285.89999,9.54622,"16,435.41",0.00728,0.00302,884.90875
286,9.54966,"16,436.73",0.00729,0.00298,884.97974
286.10001,9.55302,"16,437.52",0.00728,0.00282,885.02234
286.20001,9.55623,"16,436.91",0.0072,0.00261,884.98950
286.29999,9.55967,"16,438.57",0.00723,0.00259,885.07910
286.39999,9.56296,"16,437.95",0.0072,0.00316,885.04547
286.5,9.5661,"16,435.28",0.00727,0.00319,884.90192
286.60001,9.56968,"16,438.37",0.00727,0.00319,885.06805
286.70001,9.57297,"16,438.36",0.00727,0.0031,885.06744
286.79999,9.57619,"16,436.77",0.00728,0.00319,884.98181
286.89999,9.57963,"16,436.63",0.00727,0.00325,884.97418
287,9.58299,"16,437.18",0.00724,0.00323,885.00403
287.10001,9.5862,"16,437.58",0.00722,0.0032,885.02557
287.20001,9.58957,"16,438.09",0.00724,0.00321,885.05322
287.29999,9.593,"16,436.66",0.00725,0.00323,884.97614
287.39999,9.59622,"16,437.48",0.00722,0.0031,885.02002
287.5,9.59958,"16,436.43",0.00722,0.00306,884.96344
287.60001,9.60302,"16,439.00",0.00718,0.00281,885.10205
287.70001,9.60631,"16,438.41",0.00724,0.00277,885.07019
287.79999,9.60944,"16,435.97",0.0072,0.00264,884.93872
287.89999,9.61296,"16,438.37",0.00729,0.00282,885.06830
288,9.61632,"16,438.83",0.00726,0.00314,885.09308
288.10001,9.61961,"16,439.00",0.00731,0.00309,885.10211
288.20001,9.62297,"16,438.84",0.00731,0.00315,885.09332
288.29999,9.62641,"16,439.64",0.00729,0.00312,885.13666
288.39999,9.62955,"16,438.96",0.00728,0.0033,885.09991
288.5,9.63291,"16,439.13",0.00728,0.00323,885.10907
288.60001,9.63628,"16,438.44",0.00733,0.00327,885.07166
288.70001,9.63949,"16,438.22",0.00727,0.00327,885.06018
288.79999,9.64293,"16,437.85",0.00729,0.00321,885.03986
288.89999,9.64637,"16,440.91",0.00727,0.00316,885.20477
289,9.64965,"16,440.46",0.00727,0.0031,885.18060
289.10001,9.65294,"16,438.34",0.00725,0.00298,885.06647
289.20001,9.65623,"16,438.99",0.00727,0.00294,885.10168
289.29999,9.65959,"16,439.85",0.00722,0.00265,885.14764
289.39999,9.66281,"16,438.69",0.0072,0.00262,885.08551
289.5,9.66625,"16,439.20",0.00724,0.00258,885.11285
289.60001,9.66968,"16,439.44",0.00728,0.0032,885.12579
289.70001,9.6729,"16,439.34",0.00728,0.00315,885.12042
289.79999,9.67626,"16,439.43",0.00727,0.00311,885.12494
289.89999,9.6797,"16,439.64",0.00727,0.00318,885.13629
290,9.68284,"16,438.11",0.00727,0.00325,885.05408
290.10001,9.68627,"16,437.40",0.00731,0.0032,885.01593
290.20001,9.68964,"16,439.07",0.00729,0.00324,885.10590
290.29999,9.69293,"16,438.33",0.00728,0.00322,885.06573
290.39999,9.69629,"16,437.05",0.0073,0.00328,884.99695
290.5,9.69965,"16,437.94",0.00725,0.00311,885.04492
290.60001,9.70302,"16,438.89",0.00727,0.00308,885.09595
290.70001,9.70615,"16,437.92",0.00727,0.00299,885.04364
290.79999,9.70952,"16,438.04",0.00728,0.00285,885.05042
290.89999,9.71303,"16,438.81",0.00728,0.00263,885.09204
291,9.71617,"16,438.29",0.00727,0.00263,885.06409
291.10001,9.71961,"16,439.24",0.00728,0.00288,885.11499
291.20001,9.72305,"16,440.10",0.00727,0.00316,885.16132
291.29999,9.72611,"16,438.96",0.00727,0.00315,885.10016
291.39999,9.72955,"16,438.89",0.00729,0.00313,885.09637
291.5,9.73291,"16,440.03",0.0073,0.00326,885.15735
291.60001,9.7362,"16,440.19",0.00729,0.00322,885.16620
291.70001,9.73964,"16,439.76",0.00731,0.00326,885.14313
291.79999,9.74293,"16,439.26",0.00728,0.00324,885.11621
291.89999,9.74636,"16,440.47",0.0073,0.00321,885.18109
292,9.74958,"16,438.38",0.00728,0.00325,885.06866
292.10001,9.75294,"16,438.87",0.00728,0.00312,885.09497
292.20001,9.75638,"16,439.36",0.00728,0.00303,885.12158
292.29999,9.75944,"16,437.20",0.00729,0.00301,885.00494
292.39999,9.76295,"16,439.03",0.00727,0.0029,885.10364
292.5,9.76639,"16,440.95",0.00728,0.00272,885.20697
292.60001,9.76953,"16,438.29",0.00728,0.00254,885.06354
292.70001,9.77297,"16,438.48",0.00729,0.0032,885.07404
292.79999,9.77633,"16,438.75",0.00729,0.00312,885.08868
292.89999,9.77955,"16,438.70",0.00732,0.00313,885.08606
293,9.78291,"16,438.17",0.0073,0.00312,885.05756
293.10001,9.78627,"16,438.32",0.00728,0.00319,885.06531
293.20001,9.78964,"16,438.23",0.00731,0.00319,885.06036
293.29999,9.79292,"16,437.58",0.00729,0.00321,885.02539
293.39999,9.79629,"16,438.10",0.00729,0.00324,885.05377
293.5,9.79965,"16,437.82",0.00729,0.00321,885.03833
293.60001,9.80272,"16,434.56",0.0073,0.00319,884.86279
293.70001,9.8063,"16,437.23",0.00729,0.00309,885.00696
293.79999,9.80967,"16,438.18",0.00728,0.00302,885.05768
293.89999,9.81281,"16,436.18",0.00729,0.00296,884.94995
294,9.81632,"16,436.71",0.00726,0.00284,884.97888
294.10001,9.81968,"16,436.95",0.00729,0.00262,884.99152
294.20001,9.82289,"16,435.68",0.00728,0.00272,884.92346
294.29999,9.82626,"16,435.06",0.00728,0.00311,884.89001
294.39999,9.82962,"16,435.87",0.00726,0.00317,884.93335
294.5,9.83291,"16,435.87",0.00731,0.00316,884.93323
294.60001,9.83627,"16,435.59",0.00732,0.0031,884.91864
294.70001,9.83971,"16,436.55",0.00731,0.00321,884.97003
294.79999,9.843,"16,436.91",0.0073,0.00326,884.98962
294.89999,9.84614,"16,433.92",0.0073,0.00326,884.82874
295,9.84965,"16,435.67",0.00726,0.00322,884.92273
295.10001,9.85294,"16,436.37",0.0073,0.00325,884.96027
295.20001,9.85615,"16,434.23",0.00731,0.00321,884.84521
295.29999,9.85974,"16,436.92",0.00729,0.0031,884.99023
295.39999,9.86303,"16,435.65",0.00728,0.00299,884.92145
295.5,9.86624,"16,434.85",0.00726,0.0029,884.87878
295.60001,9.8696,"16,435.48",0.0073,0.00289,884.91241
295.70001,9.87297,"16,434.79",0.00728,0.00256,884.87512
295.79999,9.87618,"16,434.23",0.00727,0.00282,884.84534
295.89999,9.87954,"16,433.23",0.00728,0.00312,884.79163
296,9.88306,"16,435.46",0.00727,0.00312,884.91125
296.10001,9.88627,"16,435.95",0.00729,0.0031,884.93768
296.20001,9.88956,"16,433.16",0.00728,0.00308,884.78784
296.29999,9.893,"16,433.78",0.00727,0.0032,884.82092
296.39999,9.89629,"16,434.15",0.00728,0.00325,884.84100
296.5,9.8995,"16,432.78",0.00727,0.00321,884.76733
296.60001,9.90301,"16,434.96",0.00728,0.00319,884.88434
296.70001,9.9063,"16,433.59",0.00728,0.00316,884.81073
296.79999,9.90959,"16,433.33",0.00728,0.00316,884.79663
296.89999,9.91303,"16,433.92",0.0073,0.003,884.82831
297,9.91639,"16,434.50",0.00727,0.00297,884.85962
297.10001,9.91953,"16,432.73",0.00724,0.00288,884.76459
297.20001,9.92289,"16,430.76",0.00727,0.00265,884.65857
297.29999,9.92626,"16,431.87",0.00725,0.00257,884.71802
297.39999,9.92954,"16,431.85",0.00726,0.00302,884.71686
297.5,9.93291,"16,430.30",0.00728,0.00314,884.63367
297.60001,9.93635,"16,430.63",0.00729,0.00315,884.65131
297.70001,9.93963,"16,430.17",0.00731,0.00309,884.62659
297.79999,9.94285,"16,428.48",0.0073,0.00316,884.53552
297.89999,9.94621,"16,428.98",0.00729,0.0032,884.56268
298,9.94965,"16,429.12",0.00729,0.00323,884.56995
298.10001,9.95286,"16,427.41",0.00729,0.00319,884.47791
298.20001,9.95622,"16,428.31",0.00729,0.00321,884.52637
298.29999,9.95966,"16,428.52",0.00728,0.00319,884.53766
298.39999,9.96288,"16,427.10",0.00728,0.0031,884.46106
298.5,9.96624,"16,426.03",0.00729,0.00301,884.40387
298.60001,9.96968,"16,427.01",0.00727,0.00293,884.45624
298.70001,9.97289,"16,425.97",0.00727,0.00286,884.40033
298.79999,9.97625,"16,425.30",0.00728,0.00258,884.36432
298.89999,9.97969,"16,426.63",0.00728,0.00261,884.43616
299,9.98298,"16,425.37",0.00729,0.00313,884.36804
299.10001,9.98627,"16,424.33",0.0073,0.00314,884.31226
299.20001,9.98963,"16,424.66",0.00731,0.00307,884.32996
299.29999,9.99299,"16,423.53",0.00729,0.00309,884.26898
299.39999,9.99613,"16,421.87",0.00731,0.00321,884.17969
299.5,9.9995,"16,420.92",0.0073,0.00326,884.12848
299.60001,10.00308,"16,422.11",0.00729,0.00322,884.19269
299.70001,10.00615,"16,419.44",0.00728,0.00318,884.04889
299.79999,10.00959,"16,418.96",0.00729,0.00316,884.02301
299.89999,10.01302,"16,418.37",0.00729,0.00308,883.99103
300,10.01609,"16,415.96",0.00727,0.00301,883.86176
300.10001,10.0196,"16,415.62",0.00727,0.00298,883.84338
300.20001,10.02304,"16,416.52",0.00729,0.00287,883.89154
300.29999,10.02625,"16,414.53",0.00727,0.00274,883.78461
300.39999,10.02969,"16,414.00",0.00729,0.00257,883.75623
300.5,10.03298,"16,414.28",0.00728,0.00297,883.77106
300.60001,10.03634,"16,414.72",0.00728,0.00314,883.79480
300.70001,10.03948,"16,410.54",0.0073,0.00309,883.56989
300.79999,10.04284,"16,410.36",0.00729,0.00307,883.55975
300.89999,10.04636,"16,412.05",0.0073,0.00316,883.65094
301,10.0495,"16,409.69",0.00729,0.00323,883.52380
301.10001,10.05301,"16,410.65",0.0073,0.00322,883.57562
301.20001,10.05645,"16,409.77",0.0073,0.00321,883.52844
301.29999,10.05951,"16,407.70",0.0073,0.0032,883.41693
301.39999,10.06295,"16,408.23",0.0073,0.00317,883.44513
301.5,10.06631,"16,409.25",0.00729,0.00316,883.50006
301.60001,10.06953,"16,408.77",0.00728,0.00308,883.47461
301.70001,10.07289,"16,407.35",0.00726,0.00294,883.39795
301.79999,10.07633,"16,408.87",0.00729,0.00281,883.47992
301.89999,10.07969,"16,410.83",0.0073,0.00261,883.58533
302,10.08283,"16,408.41",0.0073,0.00262,883.45502
302.10001,10.08619,"16,407.66",0.00728,0.00307,883.41486
302.20001,10.08963,"16,409.35",0.00729,0.00316,883.50574
302.29999,10.09269,"16,407.59",0.00727,0.0031,883.41064
302.39999,10.09636,"16,409.69",0.00728,0.00311,883.52411
302.5,10.09972,"16,410.65",0.0073,0.00313,883.57574
302.60001,10.10278,"16,408.59",0.0073,0.00325,883.46448
302.70001,10.10637,"16,410.07",0.00729,0.00325,883.54431
302.79999,10.10966,"16,411.39",0.00728,0.00318,883.61530
302.89999,10.11287,"16,411.40",0.00729,0.00317,883.61591
303,10.11624,"16,410.64",0.00729,0.00312,883.57513
303.10001,10.1196,"16,411.67",0.0073,0.00309,883.63074
303.20001,10.12296,"16,413.66",0.00728,0.00294,883.73761
303.29999,10.12625,"16,412.99",0.00729,0.00295,883.70142
303.39999,10.12969,"16,414.53",0.00727,0.0029,883.78436
303.5,10.13298,"16,415.93",0.00729,0.00261,883.85968
303.60001,10.13612,"16,413.21",0.00728,0.00261,883.71320
303.70001,10.13963,"16,416.77",0.0073,0.0029,883.90521
303.79999,10.14307,"16,416.92",0.00728,0.00316,883.91321
303.89999,10.14621,"16,414.95",0.0073,0.00308,883.80707
304,10.14972,"16,416.75",0.00729,0.00307,883.90393
304.10001,10.15301,"16,417.31",0.00729,0.00324,883.93427
304.20001,10.15615,"16,417.12",0.00729,0.00319,883.92413
304.29999,10.15958,"16,417.11",0.00729,0.00319,883.92358
304.39999,10.16287,"16,417.08",0.0073,0.00315,883.92169
304.5,10.16623,"16,419.43",0.0073,0.00322,884.04822
304.60001,10.16952,"16,419.21",0.0073,0.00308,884.03625
304.70001,10.17296,"16,422.82",0.00731,0.00308,884.23065
304.79999,10.17632,"16,423.19",0.00729,0.003,884.25098
304.89999,10.17954,"16,421.49",0.00729,0.00291,884.15906
305,10.18298,"16,425.45",0.0073,0.00274,884.37244
305.10001,10.18634,"16,426.10",0.00731,0.00255,884.40735
305.20001,10.18955,"16,425.67",0.00729,0.00263,884.38434
305.29999,10.19299,"16,427.05",0.00729,0.00318,884.45886
305.39999,10.19635,"16,429.47",0.00729,0.00316,884.58905
305.5,10.19957,"16,430.20",0.00729,0.00312,884.62799
305.60001,10.20301,"16,431.85",0.0073,0.00314,884.71692
305.70001,10.20629,"16,431.89",0.00733,0.0032,884.71906
305.79999,10.20958,"16,434.46",0.00731,0.00324,884.85767
305.89999,10.21287,"16,435.96",0.00732,0.00326,884.93817
306,10.21631,"16,438.57",0.0073,0.00322,885.07880
306.10001,10.2196,"16,439.71",0.00729,0.00323,885.14032
306.20001,10.22289,"16,438.94",0.0073,0.00319,885.09900
306.29999,10.22632,"16,442.98",0.00729,0.00308,885.31616
306.39999,10.22961,"16,445.32",0.00729,0.00299,885.44214
306.5,10.23283,"16,445.31",0.00729,0.00296,885.44202
306.60001,10.23619,"16,447.59",0.00728,0.00279,885.56451
306.70001,10.23963,"16,448.41",0.00731,0.00256,885.60870
306.79999,10.24284,"16,450.00",0.00731,0.00269,885.69415
306.89999,10.24628,"16,453.08",0.00731,0.00317,885.85992
307,10.24972,"16,454.60",0.00731,0.00319,885.94196
307.10001,10.25286,"16,456.37",0.00733,0.00316,886.03723
307.20001,10.25622,"16,457.57",0.00731,0.00306,886.10211
307.29999,10.25965,"16,461.71",0.00732,0.00326,886.32495
307.39999,10.26287,"16,463.92",0.00732,0.00326,886.44379
307.5,10.26623,"16,463.42",0.00733,0.00326,886.41705
307.60001,10.26967,"16,468.54",0.00734,0.00327,886.69275
307.70001,10.27296,"16,470.68",0.00734,0.00324,886.80762
307.79999,10.27625,"16,472.14",0.00734,0.00315,886.88617
307.89999,10.27954,"16,473.65",0.00732,0.00309,886.96753
308,10.28297,"16,476.01",0.00733,0.00299,887.09448
308.10001,10.28619,"16,479.18",0.00733,0.00297,887.26556
308.20001,10.28955,"16,480.90",0.00732,0.00287,887.35779
308.29999,10.29306,"16,484.16",0.00732,0.00262,887.53351
308.39999,10.2962,"16,485.50",0.00731,0.00261,887.60553
308.5,10.29957,"16,487.65",0.00732,0.00318,887.72144
308.60001,10.303,"16,491.75",0.00732,0.00321,887.94226
308.70001,10.30622,"16,494.04",0.00734,0.00313,888.06519
308.79999,10.30958,"16,494.87",0.00734,0.00306,888.10992
308.89999,10.31294,"16,497.78",0.00733,0.00323,888.26672
309,10.31631,"16,501.13",0.00733,0.00324,888.44745
309.10001,10.3196,"16,501.87",0.00735,0.00323,888.48688
309.20001,10.32296,"16,504.84",0.00735,0.00323,888.64673
309.29999,10.3264,"16,506.88",0.00733,0.0032,888.75653
309.39999,10.32954,"16,507.36",0.00734,0.0032,888.78259
309.5,10.3329,"16,509.71",0.00733,0.00308,888.90942
309.60001,10.33641,"16,512.61",0.00734,0.00308,889.06519
309.70001,10.33955,"16,513.87",0.00734,0.00295,889.13312
309.79999,10.34299,"16,515.33",0.00735,0.00275,889.21179
309.89999,10.34643,"16,519.69",0.00734,0.00263,889.44672
310,10.34949,"16,520.57",0.00734,0.00261,889.49377
310.10001,10.35293,"16,521.78",0.00732,0.00304,889.55902
310.20001,10.35629,"16,525.05",0.00735,0.00309,889.73523
310.29999,10.35958,"16,527.73",0.00733,0.00323,889.87952
310.39999,10.36287,"16,527.65",0.00735,0.00311,889.87524
310.5,10.36631,"16,530.38",0.00736,0.00316,890.02191
310.60001,10.36974,"16,532.43",0.00737,0.00326,890.13257
310.70001,10.37281,"16,530.70",0.00734,0.00324,890.03906
310.79999,10.37625,"16,533.30",0.00734,0.00327,890.17932
310.89999,10.37968,"16,535.99",0.00737,0.00325,890.32434
311,10.38282,"16,534.83",0.00734,0.00328,890.26166
311.10001,10.38626,"16,535.55",0.00736,0.00312,890.30048
311.20001,10.38977,"16,539.18",0.00735,0.00307,890.49585
311.29999,10.39284,"16,538.26",0.00733,0.00302,890.44623
311.39999,10.39628,"16,539.62",0.00733,0.00292,890.51953
311.5,10.39964,"16,540.80",0.00735,0.00265,890.58295
311.60001,10.40293,"16,542.99",0.00735,0.00265,890.70093
311.70001,10.40622,"16,542.20",0.00736,0.00311,890.65833
311.79999,10.40965,"16,545.79",0.00734,0.00317,890.85205
311.89999,10.41302,"16,547.00",0.00737,0.00312,890.91693
312,10.41623,"16,545.16",0.00735,0.00316,890.81805
312.10001,10.41967,"16,547.29",0.00735,0.00322,890.93262
312.20001,10.42303,"16,550.13",0.00734,0.00323,891.08539
312.29999,10.4261,"16,547.44",0.00736,0.00326,890.94067
312.39999,10.42961,"16,550.20",0.00735,0.00323,891.08936
312.5,10.43305,"16,551.70",0.00738,0.00327,891.17017
312.60001,10.43618,"16,550.79",0.00735,0.00325,891.12103
312.70001,10.4397,"16,552.49",0.00736,0.00311,891.21271
312.79999,10.44299,"16,553.11",0.00735,0.00309,891.24597
312.89999,10.4462,"16,552.53",0.00733,0.00298,891.21454
313,10.44956,"16,552.75",0.00735,0.0029,891.22675
313.10001,10.45293,"16,553.93",0.00736,0.00261,891.28992
313.20001,10.45629,"16,554.60",0.00736,0.00264,891.32587
313.29999,10.4595,"16,552.82",0.00738,0.00313,891.23053
313.39999,10.46301,"16,555.18",0.00738,0.00319,891.35754
313.5,10.46638,"16,556.43",0.00738,0.00316,891.42450
313.60001,10.46944,"16,553.90",0.00738,0.00314,891.28845
313.70001,10.47295,"16,555.14",0.00738,0.0032,891.35510
313.79999,10.47632,"16,555.33",0.00736,0.00327,891.36542
313.89999,10.47953,"16,554.35",0.00736,0.00326,891.31262
314,10.48305,"16,555.85",0.00737,0.00325,891.39331
314.10001,10.48633,"16,555.75",0.00737,0.00321,891.38824
314.20001,10.48955,"16,554.71",0.00736,0.00316,891.33228
314.29999,10.49298,"16,554.40",0.00738,0.00311,891.31555
314.39999,10.49627,"16,554.23",0.00736,0.00298,891.30621
314.5,10.49956,"16,554.28",0.00734,0.00299,891.30865
314.60001,10.50285,"16,553.25",0.00737,0.00287,891.25366
314.70001,10.50629,"16,554.44",0.00735,0.0026,891.31769
314.79999,10.50965,"16,555.29",0.00737,0.00276,891.36334
314.89999,10.51286,"16,553.65",0.00737,0.00319,891.27478
315,10.5163,"16,554.99",0.00736,0.00313,891.34723
315.10001,10.51959,"16,554.56",0.00737,0.00312,891.32422
315.20001,10.52281,"16,552.82",0.00737,0.00308,891.23016
315.29999,10.52632,"16,554.96",0.00737,0.00321,891.34534
315.39999,10.52961,"16,554.12",0.00738,0.00327,891.30011
315.5,10.53289,"16,554.57",0.00737,0.00321,891.32440
315.60001,10.53626,"16,553.89",0.00737,0.00327,891.28815
315.70001,10.53962,"16,553.79",0.00738,0.00326,891.28265
315.79999,10.54291,"16,553.46",0.00736,0.00315,891.26477
315.89999,10.5462,"16,552.23",0.00737,0.00312,891.19830
316,10.54964,"16,553.43",0.00736,0.00301,891.26288
316.10001,10.55292,"16,552.96",0.00736,0.00283,891.23785
316.20001,10.55621,"16,550.85",0.00737,0.00268,891.12421
316.29999,10.55965,"16,552.89",0.00736,0.00264,891.23395
316.39999,10.56301,"16,552.17",0.00738,0.003,891.19537
316.5,10.56615,"16,548.83",0.00735,0.00315,891.01569
316.60001,10.56959,"16,550.25",0.00737,0.00315,891.09167
316.70001,10.57295,"16,550.46",0.00737,0.00312,891.10303
316.79999,10.57624,"16,549.61",0.00738,0.0032,891.05719
316.89999,10.57961,"16,548.31",0.00738,0.00323,890.98749
317,10.58312,"16,548.33",0.00735,0.0033,890.98840
317.10001,10.58626,"16,548.34",0.00736,0.00325,890.98926
317.20001,10.58954,"16,545.86",0.00738,0.00324,890.85529
317.29999,10.59291,"16,545.99",0.00739,0.00322,890.86237
317.39999,10.5962,"16,545.00",0.00738,0.00312,890.80914
317.5,10.59956,"16,543.40",0.00735,0.00313,890.72321
317.60001,10.603,"16,545.87",0.00734,0.00298,890.85602
317.70001,10.60629,"16,544.84",0.00736,0.0029,890.80054
317.79999,10.6095,"16,542.21",0.00735,0.0027,890.65930
317.89999,10.61294,"16,543.65",0.00733,0.00262,890.73676
318,10.6163,"16,543.07",0.00737,0.00312,890.70544
318.10001,10.61951,"16,542.99",0.00737,0.00315,890.70111
318.20001,10.62295,"16,543.12",0.00737,0.00311,890.70776
318.29999,10.62646,"16,542.55",0.00738,0.00304,890.67725
318.39999,10.6296,"16,543.64",0.00737,0.00327,890.73602
318.5,10.63297,"16,542.64",0.00738,0.00325,890.68201
318.60001,10.6364,"16,543.80",0.00735,0.00323,890.74457
318.70001,10.63954,"16,542.35",0.00737,0.00329,890.66632
318.79999,10.64291,"16,541.02",0.00736,0.00322,890.59515
318.89999,10.64635,"16,543.88",0.00736,0.00311,890.74896
319,10.64963,"16,544.48",0.00735,0.0031,890.78149
319.10001,10.65292,"16,542.21",0.00736,0.00298,890.65930
319.20001,10.65629,"16,542.64",0.00735,0.00282,890.68213
319.29999,10.65972,"16,543.79",0.00733,0.00267,890.74402
319.39999,10.66279,"16,542.30",0.00732,0.00266,890.66400
319.5,10.66622,"16,541.98",0.00735,0.0028,890.64642
319.60001,10.66966,"16,542.10",0.00735,0.00322,890.65289
319.70001,10.6728,"16,540.72",0.00735,0.00319,890.57886
319.79999,10.67632,"16,541.37",0.00739,0.00313,890.61383
319.89999,10.67975,"16,542.85",0.00737,0.00315,890.69324
320,10.68289,"16,541.43",0.00739,0.00326,890.61725
320.10001,10.68626,"16,539.29",0.00735,0.00326,890.50195
320.20001,10.68962,"16,541.45",0.00735,0.00324,890.61786
320.29999,10.69291,"16,541.37",0.00737,0.00322,890.61383
320.39999,10.69627,"16,539.60",0.00736,0.00325,890.51837
320.5,10.69963,"16,539.74",0.00736,0.00314,890.52594
320.60001,10.70307,"16,540.78",0.00736,0.00309,890.58197
320.70001,10.70621,"16,538.98",0.00734,0.00299,890.48492
320.79999,10.70957,"16,539.38",0.00733,0.00289,890.50671
320.89999,10.71301,"16,539.94",0.00733,0.00261,890.53656
321,10.71615,"16,537.05",0.00734,0.00258,890.38147
321.10001,10.71966,"16,537.99",0.00736,0.00292,890.43182
321.20001,10.72303,"16,538.67",0.00733,0.00317,890.46832
321.29999,10.72616,"16,536.29",0.00737,0.00308,890.34021
321.39999,10.7296,"16,535.36",0.00735,0.00306,890.29016
321.5,10.73297,"16,536.69",0.00734,0.00316,890.36200
321.60001,10.73618,"16,535.57",0.00736,0.00323,890.30133
321.70001,10.73954,"16,534.38",0.00736,0.00319,890.23718
321.79999,10.7429,"16,534.12",0.00736,0.00321,890.22339
321.89999,10.74634,"16,534.71",0.00734,0.00321,890.25549
322,10.74956,"16,532.57",0.00735,0.0032,890.14001
322.10001,10.75299,"16,533.74",0.00734,0.00304,890.20288
322.20001,10.75636,"16,534.32",0.00735,0.00302,890.23425
322.29999,10.75942,"16,530.15",0.00734,0.00296,890.00958
322.39999,10.76293,"16,531.39",0.00732,0.00292,890.07648
322.5,10.76637,"16,532.08",0.00732,0.00253,890.11353
322.60001,10.76951,"16,530.72",0.00733,0.00259,890.04041
322.70001,10.7731,"16,530.86",0.00735,0.00317,890.04779
322.79999,10.77631,"16,529.41",0.00734,0.00317,889.96973
322.89999,10.77953,"16,529.66",0.00734,0.00309,889.98352
323,10.78289,"16,529.04",0.00735,0.00304,889.94965
323.10001,10.78625,"16,528.58",0.00735,0.00314,889.92493
323.20001,10.78961,"16,528.40",0.00738,0.00316,889.91528
323.29999,10.79283,"16,526.64",0.00736,0.0033,889.82086
323.39999,10.79634,"16,528.99",0.00735,0.00317,889.94714
323.5,10.79971,"16,528.18",0.00735,0.00321,889.90350
323.60001,10.80285,"16,525.31",0.00734,0.00315,889.74933
323.70001,10.80621,"16,525.95",0.00734,0.0031,889.78375
323.79999,10.80957,"16,525.42",0.00734,0.00296,889.75482
323.89999,10.81278,"16,524.15",0.00734,0.00282,889.68689
324,10.8163,"16,524.36",0.00733,0.00271,889.69781
324.10001,10.81958,"16,523.18",0.00733,0.00258,889.63422
324.20001,10.82295,"16,523.50",0.00731,0.00291,889.65155
324.29999,10.82624,"16,522.75",0.00733,0.00313,889.61139
324.39999,10.8296,"16,522.92",0.00733,0.00311,889.62054
324.5,10.83289,"16,522.58",0.00734,0.00304,889.60211
324.60001,10.83618,"16,520.85",0.00735,0.00306,889.50916
324.70001,10.83969,"16,523.23",0.00734,0.00316,889.63690
324.79999,10.84305,"16,524.40",0.00733,0.00326,889.70001
324.89999,10.84619,"16,521.76",0.00735,0.00321,889.55804
325,10.84963,"16,522.90",0.00735,0.00317,889.61926
325.10001,10.85299,"16,522.62",0.00733,0.00317,889.60413
325.20001,10.85621,"16,522.06",0.00734,0.00311,889.57422
325.29999,10.85957,"16,522.75",0.00732,0.00302,889.61115
325.39999,10.86301,"16,521.46",0.00733,0.00295,889.54156
325.5,10.8663,"16,521.59",0.00732,0.00291,889.54858
325.60001,10.86958,"16,521.49",0.00731,0.00272,889.54364
325.70001,10.87302,"16,521.64",0.00732,0.0026,889.55133
325.79999,10.87624,"16,521.63",0.00732,0.00302,889.55072
325.89999,10.87945,"16,519.34",0.00732,0.0031,889.42773
326,10.88296,"16,520.00",0.00733,0.00312,889.46332
326.10001,10.88632,"16,521.36",0.00733,0.00306,889.53625
326.20001,10.88954,"16,518.74",0.00734,0.0031,889.39539
326.29999,10.89298,"16,518.44",0.00734,0.0032,889.37927
326.39999,10.89634,"16,517.64",0.00735,0.00324,889.33594
326.5,10.89948,"16,515.86",0.00728,0.00321,889.24048
326.60001,10.90292,"16,517.29",0.00733,0.00317,889.31702
326.70001,10.90628,"16,516.04",0.00735,0.0032,889.24982
326.79999,10.90949,"16,515.47",0.00733,0.00308,889.21954
326.89999,10.91293,"16,515.95",0.00734,0.00299,889.24500
327,10.91644,"16,516.24",0.0073,0.00291,889.26056
327.10001,10.91958,"16,516.53",0.00732,0.00276,889.27612
327.20001,10.92287,"16,513.47",0.00732,0.00262,889.11188
327.29999,10.92631,"16,515.25",0.00732,0.00283,889.20764
327.39999,10.9296,"16,515.24",0.00729,0.00318,889.20673
327.5,10.93289,"16,512.25",0.00729,0.00316,889.04614
327.60001,10.93632,"16,515.06",0.00731,0.00307,889.19727
327.70001,10.93969,"16,513.47",0.00732,0.00306,889.11176
327.79999,10.9429,"16,512.04",0.0073,0.00326,889.03448
327.89999,10.94626,"16,512.47",0.00732,0.0032,889.05762
328,10.9497,"16,512.59",0.00734,0.00324,889.06445
328.10001,10.95284,"16,510.52",0.0073,0.00312,888.95264
328.20001,10.9562,"16,510.52",0.00731,0.00321,888.95264
328.29999,10.95972,"16,511.94",0.0073,0.00315,889.02942
328.39999,10.96286,"16,510.81",0.00732,0.00306,888.96844
328.5,10.96629,"16,509.76",0.00729,0.003,888.91193
328.60001,10.96966,"16,510.15",0.00729,0.00281,888.93268
328.70001,10.97287,"16,510.45",0.00731,0.00273,888.94897
328.79999,10.97623,"16,508.52",0.00731,0.00257,888.84497
328.89999,10.97967,"16,510.35",0.0073,0.00317,888.94348
329,10.98296,"16,511.10",0.0073,0.00319,888.98407
329.10001,10.98625,"16,509.82",0.00731,0.00312,888.91534
329.20001,10.98969,"16,511.10",0.00731,0.00308,888.98407
329.29999,10.99305,"16,512.52",0.00732,0.00305,889.06036
329.39999,10.99619,"16,508.68",0.00733,0.00321,888.85370
329.5,10.99955,"16,508.93",0.00731,0.0032,888.86694
329.60001,11.00299,"16,510.42",0.00731,0.00323,888.94720
329.70001,11.00613,"16,509.24",0.00732,0.00322,888.88367
329.79999,11.00964,"16,509.62",0.00733,0.0032,888.90448
329.89999,11.013,"16,510.03",0.0073,0.00312,888.92627
330,11.01622,"16,509.19",0.0073,0.00311,888.88092
330.10001,11.01958,"16,509.78",0.0073,0.00293,888.91290
330.20001,11.02294,"16,512.29",0.0073,0.00289,889.04834
330.29999,11.02623,"16,511.88",0.00731,0.00265,889.02625
330.39999,11.02952,"16,511.16",0.0073,0.0026,888.98749
330.5,11.03296,"16,513.37",0.00731,0.00315,889.10638
330.60001,11.03632,"16,515.36",0.00731,0.00307,889.21332
330.70001,11.03954,"16,513.37",0.00731,0.00313,889.10608
330.79999,11.0429,"16,514.37",0.00731,0.00309,889.15991
330.89999,11.04634,"16,515.78",0.00729,0.0031,889.23608
331,11.04948,"16,513.80",0.00732,0.00322,889.12921
331.10001,11.05299,"16,516.44",0.00731,0.00326,889.27148
331.20001,11.05635,"16,517.84",0.0073,0.00316,889.34698
331.29999,11.05949,"16,517.02",0.00731,0.0032,889.30273
331.39999,11.063,"16,517.85",0.0073,0.00319,889.34723
331.5,11.06629,"16,518.46",0.0073,0.00313,889.38043
331.60001,11.06958,"16,519.86",0.00732,0.00306,889.45563
331.70001,11.07287,"16,518.91",0.00728,0.00292,889.40430
331.79999,11.07623,"16,521.30",0.00729,0.00283,889.53333
331.89999,11.07967,"16,522.21",0.00728,0.00262,889.58191
332,11.08288,"16,521.13",0.0073,0.00261,889.52417
332.10001,11.08632,"16,522.93",0.0073,0.00317,889.62115
332.20001,11.08968,"16,524.33",0.00728,0.00314,889.69611
332.29999,11.09282,"16,523.70",0.00731,0.00317,889.66217
332.39999,11.09626,"16,526.30",0.0073,0.00312,889.80225
332.5,11.09962,"16,527.61",0.00732,0.00312,889.87280
332.60001,11.10284,"16,527.45",0.00733,0.00318,889.86407
332.70001,11.10635,"16,530.03",0.00733,0.00317,890.00330
332.79999,11.10964,"16,531.67",0.00732,0.00322,890.09161
332.89999,11.11293,"16,533.75",0.00731,0.0032,890.20374
333,11.11622,"16,533.56",0.00732,0.00324,890.19342
333.10001,11.1195,"16,534.41",0.00733,0.00312,890.23907
333.20001,11.12294,"16,537.86",0.00732,0.00306,890.42480
333.29999,11.12616,"16,538.33",0.00729,0.00293,890.45032
333.39999,11.12967,"16,540.63",0.00733,0.00284,890.57379
333.5,11.13303,"16,542.32",0.00726,0.0026,890.66486
333.60001,11.13617,"16,541.20",0.00729,0.0026,890.60437
333.70001,11.13961,"16,545.25",0.00729,0.00314,890.82281
333.79999,11.14297,"16,547.07",0.00732,0.00314,890.92047
333.89999,11.14619,"16,547.67",0.00732,0.00313,890.95276
334,11.14962,"16,548.81",0.00731,0.00307,891.01453
334.10001,11.15299,"16,551.57",0.00731,0.0031,891.16290
334.20001,11.15627,"16,553.85",0.0073,0.00319,891.28571
334.29999,11.15964,"16,554.10",0.00731,0.0032,891.29926
334.39999,11.16293,"16,554.55",0.00729,0.00321,891.32355
334.5,11.16629,"16,557.52",0.00729,0.0032,891.48322
334.60001,11.1695,"16,556.48",0.00731,0.00319,891.42737
334.70001,11.17294,"16,559.37",0.00731,0.00309,891.58313
334.79999,11.17638,"16,562.01",0.00731,0.00306,891.72528
334.89999,11.17952,"16,560.80",0.00732,0.00296,891.66010
335,11.18303,"16,564.78",0.00731,0.00292,891.87421
335.10001,11.18632,"16,567.32",0.00733,0.00261,892.01099
335.20001,11.18953,"16,567.22",0.00733,0.00261,892.00555
335.29999,11.1929,"16,569.29",0.00735,0.00321,892.11731
335.39999,11.19626,"16,570.44",0.00732,0.00314,892.17902
335.5,11.19955,"16,574.09",0.00734,0.00312,892.37524
335.60001,11.20291,"16,575.02",0.00735,0.00308,892.42572
335.70001,11.20635,"16,576.87",0.00735,0.00306,892.52490
335.79999,11.20956,"16,578.54",0.00735,0.00319,892.61523
335.89999,11.21285,"16,578.17",0.00735,0.00319,892.59528
336,11.21629,"16,581.67",0.00735,0.00319,892.78363
336.10001,11.21965,"16,583.72",0.00736,0.00323,892.89392
336.20001,11.22279,"16,582.38",0.00734,0.00321,892.82208
336.29999,11.22638,"16,587.36",0.00735,0.00314,893.08997
336.39999,11.22974,"16,589.05",0.00736,0.00307,893.18121
336.5,11.23288,"16,588.96",0.00733,0.00295,893.17596
336.60001,11.23624,"16,589.98",0.00735,0.00289,893.23083
336.70001,11.23961,"16,591.51",0.00733,0.00262,893.31329
336.79999,11.24282,"16,593.82",0.00734,0.00259,893.43793
336.89999,11.24626,"16,594.71",0.00733,0.00304,893.48553
337,11.2497,"16,597.57",0.00732,0.00312,893.63959
337.10001,11.25291,"16,597.69",0.00735,0.00312,893.64600
337.20001,11.2562,"16,597.55",0.00736,0.00305,893.63867
337.29999,11.25963,"16,601.02",0.00734,0.00314,893.82544
337.39999,11.26292,"16,602.92",0.00735,0.00318,893.92786
337.5,11.26621,"16,602.44",0.00736,0.0032,893.90186
337.60001,11.26965,"16,606.01",0.00738,0.00321,894.09399
337.70001,11.27301,"16,607.27",0.00736,0.00316,894.16180
337.79999,11.27623,"16,607.75",0.00736,0.00316,894.18781
337.89999,11.27967,"16,609.71",0.00735,0.0031,894.29340
338,11.28303,"16,610.08",0.00734,0.00306,894.31335
338.10001,11.28617,"16,609.77",0.00735,0.00298,894.29663
338.20001,11.28961,"16,611.31",0.00734,0.0028,894.37927
338.29999,11.29304,"16,613.29",0.00735,0.00267,894.48584
338.39999,11.29618,"16,612.54",0.00735,0.00262,894.44598
338.5,11.2997,"16,612.58",0.00735,0.00311,894.44794
338.60001,11.30306,"16,615.22",0.00736,0.00314,894.58990
338.70001,11.3062,"16,614.63",0.00737,0.0031,894.55817
338.79999,11.30956,"16,613.66",0.00736,0.0031,894.50598
338.89999,11.31292,"16,614.88",0.00733,0.00312,894.57141
339,11.31629,"16,616.17",0.00735,0.00315,894.64136
339.10001,11.3195,"16,615.26",0.00735,0.00323,894.59235
339.20001,11.32294,"16,616.21",0.00736,0.00323,894.64301
339.29999,11.32638,"16,617.25",0.00736,0.00324,894.69928
339.39999,11.32944,"16,615.24",0.00736,0.00319,894.59131
339.5,11.33295,"16,616.35",0.00735,0.00313,894.65094
339.60001,11.33632,"16,617.64",0.00736,0.00307,894.72034
339.70001,11.33945,"16,615.58",0.00735,0.00295,894.60925
339.79999,11.34297,"16,614.43",0.00733,0.00274,894.54755
339.89999,11.34641,"16,616.67",0.00734,0.0026,894.66809
340,11.34954,"16,615.84",0.00733,0.00285,894.62335
340.10001,11.35298,"16,616.94",0.00734,0.00318,894.68237
340.20001,11.35627,"16,617.04",0.00734,0.00315,894.68793
340.29999,11.35956,"16,616.82",0.00734,0.00313,894.67627
340.39999,11.36285,"16,616.49",0.00735,0.00306,894.65857
340.5,11.36629,"16,618.35",0.00735,0.00321,894.75848
340.60001,11.36965,"16,619.25",0.00734,0.00319,894.80701
340.70001,11.37286,"16,617.91",0.00737,0.00316,894.73505
340.79999,11.3763,"16,618.86",0.00734,0.00319,894.78595
340.89999,11.37966,"16,619.71",0.00733,0.0032,894.83191
341,11.3828,"16,618.26",0.00731,0.00316,894.75348
341.10001,11.38631,"16,618.29",0.00731,0.00308,894.75525
341.20001,11.38968,"16,618.21",0.00735,0.00302,894.75122
341.29999,11.39289,"16,618.98",0.00731,0.00297,894.79224
341.39999,11.3964,"16,620.25",0.00734,0.00262,894.86102
341.5,11.39962,"16,618.83",0.00732,0.00264,894.78424
341.60001,11.40291,"16,617.08",0.00731,0.00274,894.69025
341.70001,11.4062,"16,616.33",0.00732,0.00315,894.64978
341.79999,11.40956,"16,615.66",0.00733,0.0031,894.61359
341.89999,11.413,"16,617.23",0.00735,0.0031,894.69824
342,11.41613,"16,613.35",0.00735,0.00308,894.48938
342.10001,11.41965,"16,614.27",0.00734,0.00329,894.53882
342.20001,11.42309,"16,616.78",0.00734,0.00325,894.67395
342.29999,11.42615,"16,613.57",0.00735,0.00324,894.50140
342.39999,11.42966,"16,614.20",0.00735,0.00322,894.53503
342.5,11.43295,"16,613.95",0.00733,0.00323,894.52148
342.60001,11.43624,"16,613.29",0.00736,0.0031,894.48615
342.70001,11.43968,"16,613.58",0.00733,0.00308,894.50159
342.79999,11.44304,"16,614.19",0.00732,0.00301,894.53430
342.89999,11.44633,"16,614.04",0.00733,0.00294,894.52649
343,11.44954,"16,611.91",0.00734,0.00261,894.41168
343.10001,11.45291,"16,611.91",0.00733,0.00265,894.41168
343.20001,11.45634,"16,614.16",0.00732,0.00305,894.53302
343.29999,11.45948,"16,611.31",0.00731,0.00314,894.37939
343.39999,11.46292,"16,612.05",0.00734,0.00314,894.41937
343.5,11.46636,"16,613.49",0.00731,0.00311,894.49695
343.60001,11.4695,"16,611.45",0.00735,0.0031,894.38708
343.70001,11.47301,"16,613.17",0.00734,0.00318,894.47949
343.79999,11.4763,"16,612.10",0.00733,0.00318,894.42200
343.89999,11.47951,"16,610.27",0.00736,0.0032,894.32367
344,11.48295,"16,612.63",0.00732,0.00319,894.45062
344.10001,11.48631,"16,612.86",0.00734,0.00319,894.46301
344.20001,11.4896,"16,612.44",0.00733,0.00307,894.44049
344.29999,11.49296,"16,611.20",0.00732,0.00304,894.37354
344.39999,11.49633,"16,612.28",0.00732,0.00295,894.43176
344.5,11.49962,"16,613.69",0.0073,0.00275,894.50751
344.60001,11.50283,"16,611.13",0.0073,0.00259,894.36981
344.70001,11.50627,"16,612.42",0.0073,0.00263,894.43945
344.79999,11.50971,"16,613.51",0.00731,0.00312,894.49768
344.89999,11.51292,"16,611.18",0.00734,0.00313,894.37244
345,11.51643,"16,612.13",0.00731,0.00308,894.42334
345.10001,11.51972,"16,611.11",0.0073,0.00306,894.36865
345.20001,11.52279,"16,607.87",0.00733,0.00317,894.19403
345.29999,11.52622,"16,608.63",0.00732,0.00317,894.23535
345.39999,11.52966,"16,608.30",0.00734,0.0032,894.21765
345.5,11.53287,"16,607.71",0.00732,0.00323,894.18561
345.60001,11.53624,"16,606.47",0.00732,0.00326,894.11884
345.70001,11.53967,"16,606.98",0.00731,0.00322,894.14661
345.79999,11.54289,"16,607.42",0.00732,0.00305,894.16980
345.89999,11.54618,"16,605.54",0.00732,0.00305,894.06879
346,11.54961,"16,607.34",0.00732,0.00293,894.16559
346.10001,11.55298,"16,607.04",0.0073,0.00273,894.14941
346.20001,11.55619,"16,605.43",0.00733,0.00259,894.06268
346.29999,11.5597,"16,608.53",0.00733,0.00285,894.22986
346.39999,11.56307,"16,607.56",0.00731,0.00314,894.17780
346.5,11.56621,"16,605.69",0.00731,0.00314,894.07709
346.60001,11.56964,"16,607.80",0.00731,0.00303,894.19061
346.70001,11.57301,"16,607.95",0.00735,0.003,894.19830
346.79999,11.57622,"16,608.23",0.00733,0.00322,894.21356
346.89999,11.57959,"16,606.86",0.00733,0.0032,894.13995
347,11.58302,"16,608.26",0.00732,0.00323,894.21527
347.10001,11.58624,"16,608.67",0.00732,0.00319,894.23743
347.20001,11.5896,"16,607.73",0.00733,0.00321,894.18665
347.29999,11.59296,"16,608.98",0.0073,0.00312,894.25385
347.39999,11.59618,"16,607.72",0.00733,0.00306,894.18622
347.5,11.59954,"16,606.42",0.0073,0.00298,894.11609
347.60001,11.60298,"16,608.99",0.0073,0.0029,894.25458
347.70001,11.60634,"16,608.62",0.00728,0.0026,894.23438
347.79999,11.60955,"16,606.84",0.00731,0.0026,894.13879
347.89999,11.61292,"16,607.85",0.0073,0.00303,894.19324
348,11.61635,"16,608.74",0.0073,0.00312,894.24103
348.10001,11.61949,"16,607.25",0.00731,0.00315,894.16077
348.20001,11.62293,"16,607.60",0.0073,0.00305,894.17969
348.29999,11.62637,"16,608.34",0.00733,0.0031,894.21954
348.39999,11.62951,"16,607.12",0.00731,0.00319,894.15363
348.5,11.63302,"16,606.26",0.00732,0.00327,894.10754
348.60001,11.63638,"16,607.42",0.00731,0.00318,894.17023
348.70001,11.6396,"16,606.17",0.0073,0.00319,894.10297
348.79999,11.64289,"16,605.30",0.00733,0.00328,894.05585
348.89999,11.64625,"16,605.77",0.00732,0.00314,894.08105
349,11.64961,"16,606.26",0.00732,0.00308,894.10748
349.10001,11.6529,"16,604.71",0.00733,0.00294,894.02386
349.20001,11.65626,"16,605.66",0.00732,0.00274,894.07507
349.29999,11.6597,"16,606.54",0.00733,0.00261,894.12238
349.39999,11.66292,"16,604.62",0.00731,0.00261,894.01923
349.5,11.66628,"16,605.54",0.00731,0.00319,894.06879
349.60001,11.66964,"16,605.33",0.00731,0.00313,894.05774
349.70001,11.67278,"16,603.50",0.00732,0.00311,893.95874
349.79999,11.67629,"16,604.57",0.00731,0.00305,894.01648
349.89999,11.67966,"16,604.90",0.0073,0.00312,894.03461
350,11.68295,"16,604.57",0.00733,0.0032,894.01642
350.10001,11.68623,"16,603.44",0.00733,0.00315,893.95569
350.20001,11.6896,"16,604.80",0.0073,0.00317,894.02881
350.29999,11.69289,"16,605.14",0.00732,0.00321,894.04718
350.39999,11.69617,"16,603.37",0.00731,0.00311,893.95203
350.5,11.69954,"16,603.61",0.00731,0.00303,893.96478
350.60001,11.70305,"16,604.37",0.0073,0.00295,894.00555
350.70001,11.70619,"16,602.23",0.00729,0.00293,893.89081
350.79999,11.70963,"16,603.02",0.0073,0.00264,893.93329
350.89999,11.71307,"16,602.81",0.00728,0.00259,893.92163
351,11.71613,"16,599.77",0.00732,0.00282,893.75812
351.10001,11.71964,"16,599.79",0.0073,0.00313,893.75909
351.20001,11.723,"16,601.05",0.0073,0.00314,893.82690
351.29999,11.72622,"16,600.80",0.00732,0.00308,893.81354
351.39999,11.72966,"16,599.31",0.00732,0.00309,893.73340
351.5,11.73295,"16,598.20",0.00733,0.00321,893.67358
351.60001,11.73631,"16,599.14",0.00731,0.00323,893.72437
351.70001,11.73952,"16,596.21",0.00732,0.0032,893.56671
351.79999,11.74288,"16,595.46",0.00733,0.00324,893.52582
351.89999,11.7464,"16,596.03",0.00729,0.00322,893.55682
352,11.74946,"16,593.98",0.0073,0.00315,893.44641
352.10001,11.75297,"16,595.04",0.00731,0.00302,893.50323
352.20001,11.75641,"16,595.93",0.00732,0.00302,893.55115
352.29999,11.75948,"16,592.54",0.00731,0.00277,893.36914
352.39999,11.76291,"16,591.57",0.00729,0.0026,893.31665
352.5,11.76628,"16,592.70",0.0073,0.00257,893.37762
352.60001,11.76949,"16,591.77",0.0073,0.00308,893.32758
352.70001,11.773,"16,591.72",0.00731,0.00312,893.32489
352.79999,11.77629,"16,590.49",0.0073,0.00314,893.25848
352.89999,11.77966,"16,591.60",0.00731,0.00303,893.31842
353,11.78287,"16,589.36",0.00732,0.00302,893.19763
353.10001,11.78623,"16,590.21",0.0073,0.00317,893.24347
353.20001,11.78967,"16,590.63",0.00731,0.00318,893.26575
353.29999,11.79281,"16,587.88",0.0073,0.00314,893.11804
353.39999,11.79632,"16,589.80",0.00731,0.00311,893.22162
353.5,11.79968,"16,592.05",0.00731,0.00321,893.34253
353.60001,11.80282,"16,589.24",0.0073,0.00306,893.19128
353.70001,11.80634,"16,590.12",0.00729,0.00307,893.23871
353.79999,11.8097,"16,591.08",0.00732,0.00287,893.29028
353.89999,11.81284,"16,589.32",0.00729,0.00277,893.19543
354,11.81628,"16,589.27",0.00726,0.00263,893.19257
354.10001,11.81964,"16,588.74",0.00729,0.00262,893.16437
354.20001,11.82293,"16,589.82",0.00729,0.00314,893.22241
354.29999,11.82622,"16,588.83",0.00728,0.00311,893.16888
354.39999,11.82965,"16,590.03",0.0073,0.00313,893.23370
354.5,11.83294,"16,590.03",0.0073,0.00304,893.23358
354.60001,11.83608,"16,586.46",0.00729,0.00306,893.04156
354.70001,11.83967,"16,590.51",0.0073,0.00322,893.25958
354.79999,11.84303,"16,590.55",0.0073,0.00319,893.26196
354.89999,11.84617,"16,588.86",0.00731,0.00315,893.17078
355,11.84968,"16,589.54",0.0073,0.00318,893.20740
355.10001,11.85305,"16,589.59",0.0073,0.00309,893.21014
355.20001,11.85618,"16,588.78",0.00729,0.00309,893.16620
355.29999,11.85962,"16,589.73",0.00729,0.00305,893.21747
355.39999,11.86299,"16,589.12",0.0073,0.00292,893.18445
355.5,11.8662,"16,588.41",0.0073,0.00262,893.14673
355.60001,11.86964,"16,588.12",0.00731,0.00258,893.13074
355.70001,11.87308,"16,589.63",0.00728,0.00304,893.21222
355.79999,11.87629,"16,589.21",0.00728,0.00314,893.18964
355.89999,11.8795,"16,586.61",0.0073,0.0031,893.04968
356,11.88294,"16,587.87",0.00729,0.0031,893.11737
356.10001,11.88623,"16,588.83",0.00729,0.00306,893.16888
356.20001,11.88952,"16,587.90",0.0073,0.00317,893.11908
356.29999,11.89303,"16,590.97",0.0073,0.00319,893.28461
356.39999,11.89632,"16,589.03",0.00729,0.00323,893.17993
356.5,11.89953,"16,589.51",0.00732,0.00321,893.20563
356.60001,11.90297,"16,590.13",0.00732,0.00321,893.23938
356.70001,11.90633,"16,590.77",0.0073,0.00312,893.27374
356.79999,11.90947,"16,590.13",0.00729,0.00307,893.23914
356.89999,11.91291,"16,589.53",0.0073,0.00304,893.20667
357,11.91635,"16,591.29",0.00729,0.0028,893.30182
357.10001,11.91956,"16,591.88",0.00729,0.0026,893.33307
357.20001,11.92293,"16,589.92",0.0073,0.00259,893.22772
357.29999,11.92629,"16,590.92",0.0073,0.00318,893.28143
357.39999,11.92958,"16,592.00",0.00729,0.00316,893.33966
357.5,11.93287,"16,591.02",0.00729,0.00313,893.28693
357.60001,11.9363,"16,593.61",0.00729,0.00305,893.42664
357.70001,11.93967,"16,593.66",0.00728,0.00303,893.42938
357.79999,11.94288,"16,592.52",0.00731,0.00321,893.36755
357.89999,11.94632,"16,594.19",0.00731,0.00327,893.45789
358,11.94976,"16,595.85",0.0073,0.0032,893.54730
358.10001,11.95282,"16,594.30",0.00729,0.00319,893.46344
358.20001,11.95618,"16,594.96",0.00729,0.00321,893.49890
358.29999,11.95962,"16,596.67",0.0073,0.00312,893.59143
358.39999,11.96283,"16,598.19",0.00729,0.00308,893.67328
358.5,11.96635,"16,598.36",0.00731,0.00295,893.68219
358.60001,11.96964,"16,599.44",0.00731,0.00291,893.74048
358.70001,11.97292,"16,600.63",0.00731,0.00259,893.80469
358.79999,11.97621,"16,600.67",0.00727,0.00256,893.80658
358.89999,11.9795,"16,602.26",0.00729,0.00298,893.89209
359,11.98294,"16,603.25",0.0073,0.00317,893.94531
359.10001,11.98615,"16,603.35",0.00732,0.0031,893.95068
359.20001,11.98959,"16,606.08",0.0073,0.00307,894.09802
359.29999,11.9931,"16,610.17",0.0073,0.00307,894.31830
359.39999,11.99617,"16,608.85",0.0073,0.0032,894.24719
359.5,11.99961,"16,609.09",0.0073,0.0032,894.25995
359.60001,12.00304,"16,610.70",0.00731,0.00316,894.34680
359.70001,12.00611,"16,611.68",0.0073,0.00325,894.39960
359.79999,12.00962,"16,612.15",0.0073,0.00319,894.42480
359.89999,12.01298,"16,614.79",0.00732,0.0031,894.56671
360,12.01627,"16,615.27",0.0073,0.00309,894.59277
360.10001,12.01964,"16,615.71",0.00728,0.00293,894.61664
360.20001,12.023,"16,617.85",0.00731,0.00289,894.73145
360.29999,12.02636,"16,618.64",0.0073,0.00259,894.77435
360.39999,12.0295,"16,617.80",0.00729,0.00254,894.72919
360.5,12.03286,"16,619.45",0.00728,0.00321,894.81750
360.60001,12.03638,"16,621.35",0.0073,0.0031,894.91992
360.70001,12.03952,"16,621.62",0.00729,0.00309,894.93451
360.79999,12.04295,"16,622.91",0.00728,0.0031,895.00415
360.89999,12.04639,"16,624.26",0.00731,0.0031,895.07660
361,12.04946,"16,623.54",0.00732,0.00317,895.03772
361.10001,12.05289,"16,625.94",0.00732,0.00317,895.16718
361.20001,12.05633,"16,627.39",0.0073,0.00324,895.24548
361.29999,12.05955,"16,627.17",0.0073,0.00319,895.23322
361.39999,12.06298,"16,628.02",0.00733,0.00319,895.27936
361.5,12.06627,"16,630.03",0.0073,0.00309,895.38745
361.60001,12.06963,"16,631.14",0.00732,0.00308,895.44708
361.70001,12.07285,"16,630.15",0.0073,0.00292,895.39374
361.79999,12.07621,"16,631.67",0.00731,0.00285,895.47571
361.89999,12.07972,"16,634.91",0.00732,0.00262,895.65002
362,12.08279,"16,633.63",0.00729,0.0026,895.58118
362.10001,12.08637,"16,637.31",0.00731,0.00313,895.77948
362.20001,12.08974,"16,638.24",0.00732,0.00313,895.82965
362.29999,12.0928,"16,637.51",0.00731,0.00306,895.78992
362.39999,12.09632,"16,639.85",0.00732,0.00304,895.91632
362.5,12.09968,"16,641.44",0.00729,0.00298,896.00177
362.60001,12.10289,"16,642.50",0.00729,0.00319,896.05878
362.70001,12.10625,"16,642.48",0.0073,0.00321,896.05762
362.79999,12.10969,"16,645.16",0.00733,0.00313,896.20221
362.89999,12.11298,"16,646.51",0.00732,0.00312,896.27448
363,12.11627,"16,646.79",0.00731,0.00317,896.28949
363.10001,12.11956,"16,648.03",0.0073,0.00306,896.35663
363.20001,12.123,"16,650.78",0.00731,0.00304,896.50433
363.29999,12.12606,"16,649.38",0.00731,0.00293,896.42908
363.39999,12.12965,"16,653.13",0.0073,0.00272,896.63129
363.5,12.13301,"16,654.94",0.0073,0.0026,896.72845
363.60001,12.13615,"16,653.62",0.0073,0.00256,896.65759
363.70001,12.13974,"16,656.59",0.00731,0.00316,896.81732
363.79999,12.14303,"16,658.97",0.0073,0.00312,896.94580
363.89999,12.14616,"16,658.67",0.00731,0.00311,896.92950
364,12.1496,"16,659.29",0.00732,0.00306,896.96277
364.10001,12.15297,"16,661.14",0.00734,0.00301,897.06244
364.20001,12.15625,"16,662.74",0.00733,0.00317,897.14844
364.29999,12.15962,"16,663.28",0.00732,0.00324,897.17767
364.39999,12.16306,"16,664.61",0.00732,0.00318,897.24896
364.5,12.16627,"16,665.44",0.00732,0.00314,897.29370
364.60001,12.16948,"16,663.36",0.00734,0.00315,897.18201
364.70001,12.173,"16,665.64",0.00731,0.0031,897.30450
364.79999,12.17628,"16,666.74",0.00733,0.00304,897.36371
364.89999,12.1795,"16,664.51",0.00732,0.00295,897.24384
365,12.18309,"16,667.95",0.00729,0.00277,897.42902
365.10001,12.18637,"16,667.74",0.00729,0.00261,897.41754
365.20001,12.18951,"16,667.58",0.00732,0.0026,897.40924
365.29999,12.19295,"16,667.51",0.00731,0.00314,897.40533
365.39999,12.19624,"16,668.11",0.00732,0.00306,897.43756
365.5,12.19953,"16,668.56",0.00733,0.00309,897.46216
365.60001,12.20289,"16,669.22",0.00732,0.00309,897.49725
365.70001,12.20633,"16,670.20",0.00732,0.00309,897.55029
365.79999,12.20962,"16,669.38",0.00732,0.00321,897.50629
365.89999,12.21283,"16,668.00",0.00732,0.00319,897.43164
366,12.21627,"16,669.68",0.00732,0.00316,897.52240
366.10001,12.21956,"16,669.96",0.00729,0.00317,897.53735
366.20001,12.22285,"16,667.63",0.0073,0.00309,897.41180
366.29999,12.22628,"16,669.29",0.00731,0.00309,897.50098
366.39999,12.22972,"16,670.22",0.00731,0.00309,897.55109
366.5,12.23286,"16,668.85",0.00733,0.00294,897.47729
366.60001,12.2363,"16,669.75",0.00731,0.00277,897.52618
366.70001,12.23966,"16,669.64",0.00729,0.00262,897.51996
366.79999,12.24287,"16,669.45",0.00731,0.00262,897.51001
366.89999,12.24624,"16,669.99",0.00731,0.00316,897.53900
367,12.24968,"16,670.69",0.00729,0.00315,897.57666
367.10001,12.25289,"16,669.92",0.00731,0.00311,897.53534
367.20001,12.25625,"16,668.18",0.00732,0.00308,897.44122
367.29999,12.25961,"16,669.99",0.00731,0.00323,897.53894
367.39999,12.2629,"16,670.05",0.00731,0.00323,897.54218
367.5,12.26619,"16,668.45",0.0073,0.00322,897.45618
367.60001,12.26956,"16,668.60",0.00729,0.0032,897.46423
367.70001,12.27292,"16,668.55",0.0073,0.00321,897.46118
367.79999,12.27621,"16,667.70",0.0073,0.0031,897.41534
367.89999,12.27965,"16,669.18",0.00732,0.0031,897.49548
368,12.28308,"16,668.60",0.00729,0.00305,897.46405
368.10001,12.28622,"16,668.22",0.00729,0.00289,897.44373
368.20001,12.28958,"16,667.63",0.0073,0.00268,897.41168
368.29999,12.29302,"16,669.39",0.00729,0.00262,897.50641
368.39999,12.29624,"16,668.69",0.00728,0.00285,897.46869
368.5,12.29953,"16,667.01",0.00729,0.00316,897.37866
368.60001,12.30304,"16,669.48",0.00729,0.00313,897.51160
368.70001,12.30632,"16,669.76",0.0073,0.00307,897.52631
368.79999,12.30961,"16,669.01",0.0073,0.00301,897.48633
368.89999,12.3129,"16,667.62",0.00728,0.00321,897.41113
369,12.31627,"16,668.72",0.00727,0.00324,897.47076
369.10001,12.31955,"16,667.85",0.00728,0.00321,897.42377
369.20001,12.32284,"16,668.01",0.00731,0.00322,897.43250
369.29999,12.32643,"16,668.85",0.0073,0.00319,897.47742
369.39999,12.32949,"16,665.15",0.00729,0.00311,897.27844
369.5,12.33293,"16,665.25",0.00729,0.00309,897.28387
369.60001,12.33637,"16,666.16",0.00729,0.00297,897.33246
369.70001,12.33951,"16,663.98",0.00729,0.00277,897.21515
369.79999,12.34287,"16,661.70",0.00729,0.00264,897.09253
369.89999,12.34631,"16,663.41",0.00729,0.00262,897.18463
370,12.3496,"16,663.17",0.00727,0.00321,897.17181
370.10001,12.35296,"16,662.24",0.00729,0.00317,897.12146
370.20001,12.35632,"16,662.19",0.00728,0.00313,897.11902
370.29999,12.35961,"16,661.82",0.00729,0.00312,897.09894
370.39999,12.36283,"16,660.52",0.0073,0.00311,897.02899
370.5,12.36626,"16,660.20",0.00729,0.00321,897.01172
370.60001,12.3697,"16,661.54",0.00729,0.0032,897.08386
370.70001,12.37284,"16,658.01",0.00728,0.00325,896.89410
370.79999,12.37628,"16,658.01",0.00731,0.00319,896.89386
370.89999,12.37972,"16,659.20",0.00729,0.00315,896.95782
371,12.38278,"16,657.28",0.00729,0.00311,896.85474
371.10001,12.38629,"16,657.43",0.00729,0.00308,896.86261
371.20001,12.38966,"16,657.16",0.00731,0.00299,896.84802
371.29999,12.39295,"16,656.98",0.00729,0.00272,896.83844
371.39999,12.39623,"16,655.84",0.00727,0.00263,896.77722
371.5,12.39967,"16,656.45",0.00726,0.00299,896.81006
371.60001,12.40296,"16,655.59",0.00729,0.00315,896.76367
371.70001,12.40617,"16,653.42",0.0073,0.00314,896.64655
371.79999,12.40954,"16,654.44",0.00728,0.00312,896.70142
371.89999,12.41298,"16,656.14",0.00729,0.00303,896.79346
372,12.41611,"16,652.98",0.00728,0.00314,896.62299
372.10001,12.41963,"16,655.01",0.00728,0.00323,896.73212
372.20001,12.42307,"16,656.86",0.00728,0.00323,896.83173
372.29999,12.42613,"16,654.58",0.00729,0.00319,896.70923
372.39999,12.42964,"16,654.99",0.00726,0.00323,896.73151
372.5,12.43293,"16,653.92",0.00727,0.00317,896.67365
372.60001,12.43614,"16,652.69",0.00728,0.00312,896.60760
372.70001,12.43958,"16,653.66",0.00729,0.0031,896.65955
372.79999,12.44302,"16,653.92",0.00728,0.00296,896.67377
372.89999,12.44631,"16,653.16",0.0073,0.00274,896.63275
373,12.44952,"16,650.26",0.00727,0.00265,896.47668
373.10001,12.45296,"16,651.61",0.00729,0.00322,896.54944
373.20001,12.45632,"16,652.86",0.00726,0.00315,896.61633
373.29999,12.45946,"16,649.55",0.00727,0.00316,896.43866
373.39999,12.46298,"16,651.02",0.00729,0.00311,896.51752
373.5,12.46634,"16,652.28",0.00729,0.00303,896.58521
373.60001,12.46948,"16,649.89",0.00729,0.00319,896.45691
373.70001,12.47306,"16,652.29",0.00729,0.00322,896.58594
373.79999,12.47635,"16,651.80",0.00728,0.00319,896.55969
373.89999,12.47949,"16,649.62",0.00731,0.00321,896.44189
374,12.48293,"16,649.80",0.0073,0.00321,896.45178
374.10001,12.48622,"16,650.67",0.00729,0.00313,896.49847
374.20001,12.48958,"16,650.91",0.00729,0.00306,896.51172
374.29999,12.49287,"16,648.70",0.00729,0.00293,896.39276
374.39999,12.49638,"16,649.87",0.00728,0.00293,896.45557
374.5,12.4996,"16,650.99",0.00726,0.00275,896.51605
374.60001,12.50281,"16,647.86",0.00726,0.00263,896.34717
374.70001,12.50625,"16,648.62",0.00725,0.00317,896.38818
374.79999,12.50961,"16,647.98",0.00727,0.00313,896.35376
374.89999,12.51282,"16,647.72",0.00728,0.00316,896.33966
375,12.51634,"16,650.64",0.00727,0.00306,896.49707
375.10001,12.5197,"16,649.47",0.0073,0.00313,896.43420
375.20001,12.52291,"16,648.07",0.00729,0.0032,896.35858
375.29999,12.52628,"16,648.83",0.00726,0.00326,896.39984
375.39999,12.52964,"16,648.46",0.00725,0.00324,896.37982
375.5,12.53285,"16,649.18",0.00727,0.00323,896.41833
375.60001,12.53629,"16,648.05",0.00725,0.00314,896.35767
375.70001,12.53965,"16,648.85",0.00727,0.0031,896.40057
375.79999,12.54294,"16,649.99",0.00725,0.00308,896.46228
375.89999,12.54623,"16,647.84",0.00726,0.00297,896.34631
376,12.54959,"16,649.22",0.00727,0.00276,896.42084
376.10001,12.55296,"16,649.04",0.00727,0.00262,896.41107
376.20001,12.55617,"16,647.54",0.00726,0.00268,896.33002
376.29999,12.55961,"16,649.54",0.00726,0.0032,896.43811
376.39999,12.56305,"16,650.28",0.00725,0.00317,896.47742
376.5,12.56626,"16,649.80",0.00727,0.00315,896.45166
376.60001,12.56962,"16,648.98",0.00726,0.00309,896.40753
376.70001,12.57299,"16,649.97",0.00726,0.00316,896.46112
376.79999,12.5762,"16,650.16",0.00727,0.00322,896.47131
376.89999,12.57957,"16,648.57",0.00727,0.00326,896.38562
377,12.583,"16,649.19",0.00728,0.00319,896.41888
377.10001,12.58629,"16,651.07",0.00725,0.00325,896.52002
377.20001,12.58958,"16,649.48",0.00725,0.00318,896.43475
377.29999,12.59302,"16,651.88",0.00727,0.00314,896.56378
377.39999,12.59631,"16,651.22",0.00725,0.00303,896.52820
377.5,12.59952,"16,648.97",0.00729,0.00301,896.40698
377.60001,12.60288,"16,651.48",0.00727,0.00284,896.54224
377.70001,12.60632,"16,652.12",0.00726,0.00263,896.57678
377.79999,12.60953,"16,650.74",0.00723,0.00298,896.50244
377.89999,12.6129,"16,651.12",0.00725,0.00313,896.52295
378,12.61641,"16,652.21",0.00726,0.00315,896.58136
378.10001,12.61955,"16,652.33",0.00726,0.00313,896.58807
378.20001,12.62284,"16,651.31",0.00728,0.00311,896.53326
378.29999,12.62628,"16,652.30",0.00726,0.00324,896.58630
378.39999,12.62949,"16,651.01",0.00726,0.00328,896.51685
378.5,12.63285,"16,650.51",0.00725,0.00319,896.49005
378.60001,12.63636,"16,652.91",0.00726,0.00323,896.61908
378.70001,12.63965,"16,652.18",0.00725,0.0032,896.57996
378.79999,12.64294,"16,648.82",0.00726,0.0031,896.39886
378.89999,12.64623,"16,649.47",0.00725,0.00315,896.43402
379,12.64967,"16,649.86",0.00725,0.00304,896.45502
379.10001,12.65281,"16,647.31",0.00725,0.00293,896.31757
379.20001,12.65624,"16,646.73",0.00724,0.00281,896.28656
379.29999,12.65976,"16,647.56",0.00723,0.0027,896.33118
379.39999,12.6629,"16,646.36",0.00725,0.00327,896.26648
379.5,12.66626,"16,644.77",0.00727,0.00322,896.18121
379.60001,12.6697,"16,644.77",0.00726,0.00313,896.18121
379.70001,12.67276,"16,641.74",0.00723,0.00313,896.01788
379.79999,12.67627,"16,641.95",0.00726,0.00317,896.02893
379.89999,12.67964,"16,641.95",0.00726,0.00324,896.02924
380,12.683,"16,641.26",0.00726,0.00325,895.99213
380.10001,12.68629,"16,638.73",0.00725,0.00325,895.85602
380.20001,12.68965,"16,638.34",0.00725,0.00328,895.83459
380.29999,12.69301,"16,638.18",0.00725,0.00321,895.82617
380.39999,12.69615,"16,636.32",0.00725,0.00314,895.72620
380.5,12.69952,"16,636.41",0.00725,0.00308,895.73102
380.60001,12.70303,"16,635.69",0.00727,0.00298,895.69189
380.70001,12.70609,"16,632.82",0.00727,0.00287,895.53760
380.79999,12.70968,"16,633.04",0.00723,0.00269,895.54962
380.89999,12.71305,"16,633.50",0.00724,0.00303,895.57404
381,12.71611,"16,630.15",0.00724,0.0032,895.39386
381.10001,12.71962,"16,629.74",0.00725,0.00314,895.37177
381.20001,12.72298,"16,629.68",0.00727,0.0031,895.36841
381.29999,12.72627,"16,629.52",0.00724,0.00308,895.36011
381.39999,12.72964,"16,627.04",0.00723,0.00323,895.22638
381.5,12.733,"16,626.74",0.00723,0.00327,895.21045
381.60001,12.73636,"16,627.77",0.00725,0.00329,895.26550
381.70001,12.7395,"16,624.02",0.00722,0.00328,895.06354
381.79999,12.74294,"16,624.26",0.00722,0.00323,895.07660
381.89999,12.7463,"16,623.32",0.00722,0.00314,895.02637
382,12.74944,"16,621.18",0.00724,0.00311,894.91101
382.10001,12.75303,"16,623.54",0.00723,0.00305,895.03790
382.20001,12.75639,"16,624.09",0.00724,0.00298,895.06769
382.29999,12.75953,"16,621.20",0.00722,0.00282,894.91180
382.39999,12.76304,"16,621.84",0.00723,0.00266,894.94641
382.5,12.76633,"16,621.31",0.00723,0.00319,894.91815
382.60001,12.76955,"16,621.12",0.00724,0.00317,894.90759
382.70001,12.77291,"16,619.77",0.00724,0.00319,894.83508
382.79999,12.7762,"16,619.65",0.00724,0.00313,894.82861
382.89999,12.77964,"16,619.79",0.00723,0.00321,894.83630
383,12.78285,"16,619.03",0.00724,0.00321,894.79498
383.10001,12.78629,"16,620.15",0.00724,0.00322,894.85522
383.20001,12.78965,"16,620.47",0.00724,0.00325,894.87262
383.29999,12.79271,"16,617.34",0.00723,0.00323,894.70435
383.39999,12.7963,"16,619.87",0.00724,0.00321,894.84033
383.5,12.79966,"16,620.94",0.00722,0.00311,894.89795
383.60001,12.80288,"16,618.89",0.00723,0.00309,894.78754
383.70001,12.80639,"16,619.71",0.00724,0.00296,894.83203
383.79999,12.80968,"16,618.91",0.00725,0.00289,894.78857
383.89999,12.81289,"16,618.92",0.00723,0.00266,894.78931
384,12.81626,"16,619.51",0.00722,0.00284,894.82098
384.10001,12.81954,"16,618.36",0.00722,0.00316,894.75922
384.20001,12.82291,"16,619.99",0.00724,0.00316,894.84686
384.29999,12.8262,"16,619.29",0.00722,0.00306,894.80908
384.39999,12.82971,"16,620.68",0.0072,0.003,894.88416
384.5,12.833,"16,621.31",0.00722,0.0031,894.91779
384.60001,12.83614,"16,618.96",0.00722,0.00323,894.79150
384.70001,12.83957,"16,620.98",0.00722,0.00322,894.90002
384.79999,12.84294,"16,621.65",0.0072,0.00321,894.93640
384.89999,12.84615,"16,620.93",0.00721,0.0032,894.89722
385,12.84966,"16,622.79",0.00721,0.00319,894.99750
385.10001,12.85295,"16,622.04",0.00723,0.00315,894.95728
385.20001,12.85624,"16,622.64",0.00721,0.00307,894.98932
385.29999,12.8596,"16,622.56",0.00723,0.00298,894.98511
385.39999,12.86289,"16,622.90",0.00722,0.00293,895.00372
385.5,12.86618,"16,623.10",0.00723,0.00265,895.01404
385.60001,12.86954,"16,621.83",0.00721,0.00283,894.94611
385.70001,12.87298,"16,624.79",0.00721,0.0032,895.10529
385.79999,12.87634,"16,625.92",0.00722,0.00315,895.16589
385.89999,12.87963,"16,624.54",0.00721,0.00309,895.09198
386,12.883,"16,626.93",0.00721,0.00309,895.22058
386.10001,12.88636,"16,627.03",0.00724,0.00318,895.22583
386.20001,12.8895,"16,624.96",0.00721,0.00326,895.11426
386.29999,12.89294,"16,626.84",0.00721,0.00326,895.21582
386.39999,12.89637,"16,627.84",0.00724,0.00322,895.26947
386.5,12.89959,"16,627.72",0.00721,0.00321,895.26306
386.60001,12.90295,"16,628.34",0.00721,0.00313,895.29620
386.70001,12.90639,"16,628.76",0.00723,0.00315,895.31909
386.79999,12.90953,"16,629.54",0.00724,0.00303,895.36127
386.89999,12.91282,"16,627.86",0.00723,0.00296,895.27075
387,12.91633,"16,630.27",0.00723,0.00289,895.40009
387.10001,12.91954,"16,630.94",0.00722,0.00265,895.43658
387.20001,12.92291,"16,630.15",0.00722,0.00312,895.39398
387.29999,12.92634,"16,630.68",0.00722,0.00318,895.42218
387.39999,12.92963,"16,631.01",0.00723,0.00317,895.44037
387.5,12.93285,"16,629.74",0.00724,0.00317,895.37201
387.60001,12.93621,"16,630.62",0.00718,0.00306,895.41901
387.70001,12.93965,"16,631.16",0.00719,0.00323,895.44836
387.79999,12.94286,"16,630.28",0.0072,0.00324,895.40094
387.89999,12.9463,"16,631.49",0.0072,0.00321,895.46600
388,12.94974,"16,633.74",0.00719,0.00321,895.58728
388.10001,12.95288,"16,632.78",0.0072,0.00323,895.53564
388.20001,12.95624,"16,631.63",0.00721,0.0032,895.47345
388.29999,12.95968,"16,632.96",0.00722,0.0031,895.54529
388.39999,12.96281,"16,633.66",0.00723,0.00302,895.58264
388.5,12.96625,"16,633.33",0.00724,0.00293,895.56519
388.60001,12.96969,"16,635.55",0.0072,0.00281,895.68445
388.70001,12.97298,"16,634.97",0.00723,0.00267,895.65350
388.79999,12.97627,"16,634.22",0.00721,0.00318,895.61304
388.89999,12.97963,"16,635.58",0.00722,0.00313,895.68640
389,12.98299,"16,635.33",0.00722,0.00309,895.67297
389.10001,12.98613,"16,633.09",0.00721,0.0031,895.55212
389.20001,12.98957,"16,633.76",0.00723,0.00306,895.58832
389.29999,12.99308,"16,636.23",0.00723,0.00325,895.72125
389.39999,12.99615,"16,635.51",0.00722,0.00324,895.68231
389.5,12.99966,"16,635.46",0.00721,0.00323,895.67993
389.60001,13.00302,"16,636.21",0.00723,0.00322,895.72028
389.70001,13.00616,"16,635.56",0.00723,0.00325,895.68506
389.79999,13.0096,"16,635.62",0.00726,0.00312,895.68811
389.89999,13.01296,"16,636.41",0.00723,0.00307,895.73114
390,13.01625,"16,635.50",0.00723,0.00302,895.68213
390.10001,13.01962,"16,634.17",0.00724,0.00296,895.61017
390.20001,13.02298,"16,635.60",0.00724,0.00274,895.68750
390.29999,13.02634,"16,636.77",0.00723,0.00268,895.75006
390.39999,13.02948,"16,633.94",0.00721,0.00317,895.59766
390.5,13.03292,"16,634.73",0.00721,0.00317,895.64044
390.60001,13.03636,"16,635.24",0.00723,0.00314,895.66803
390.70001,13.03949,"16,634.43",0.00723,0.00306,895.62408
390.79999,13.04301,"16,635.25",0.00723,0.00306,895.66846
390.89999,13.04637,"16,635.58",0.00722,0.00322,895.68640
391,13.04951,"16,634.52",0.00725,0.00317,895.62909
391.10001,13.05295,"16,634.50",0.00723,0.00321,895.62787
391.20001,13.05631,"16,635.54",0.00724,0.00319,895.68402
391.29999,13.0596,"16,635.30",0.00723,0.00318,895.67096
391.39999,13.06289,"16,633.68",0.00726,0.00312,895.58368
391.5,13.06625,"16,636.09",0.00724,0.00304,895.71344
391.60001,13.06969,"16,637.18",0.00724,0.00294,895.77246
391.70001,13.0729,"16,634.66",0.00725,0.00287,895.63660
391.79999,13.07627,"16,635.13",0.00724,0.0027,895.66174
391.89999,13.07963,"16,635.45",0.00723,0.00308,895.67920
392,13.08277,"16,633.88",0.00723,0.00317,895.59442
392.10001,13.08635,"16,635.69",0.00724,0.00317,895.69189
392.20001,13.08972,"16,635.88",0.00724,0.0031,895.70251
392.29999,13.09286,"16,634.25",0.00722,0.00311,895.61438
392.39999,13.09637,"16,635.09",0.00723,0.00317,895.65973
392.5,13.09966,"16,635.27",0.00723,0.00324,895.66968
392.60001,13.10287,"16,634.95",0.00726,0.00322,895.65247
392.70001,13.10623,"16,633.05",0.00723,0.00323,895.54993
392.79999,13.1096,"16,633.05",0.00725,0.00322,895.55023
392.89999,13.11296,"16,634.39",0.00723,0.0031,895.62219
393,13.11625,"16,632.21",0.00726,0.00313,895.50500
393.10001,13.11969,"16,632.29",0.00723,0.00303,895.50922
393.20001,13.12298,"16,631.07",0.00725,0.00296,895.44318
393.29999,13.12611,"16,629.77",0.00723,0.00289,895.37360
393.39999,13.12963,"16,629.93",0.00724,0.00265,895.38177
393.5,13.13299,"16,629.95",0.00725,0.00314,895.38306
393.60001,13.1362,"16,627.28",0.00723,0.00316,895.23938
393.70001,13.13964,"16,626.53",0.00724,0.00316,895.19910
393.79999,13.14301,"16,626.66",0.00724,0.00306,895.20593
393.89999,13.14629,"16,626.22",0.00724,0.00313,895.18207
394,13.14958,"16,623.92",0.00723,0.0032,895.05823
394.10001,13.15287,"16,623.01",0.00724,0.00325,895.00964
394.20001,13.15623,"16,623.11",0.00723,0.00328,895.01495
394.29999,13.15952,"16,620.35",0.00725,0.00326,894.86639
394.39999,13.16303,"16,621.08",0.00724,0.00326,894.90527
394.5,13.16632,"16,620.19",0.00723,0.00314,894.85748
394.60001,13.16954,"16,616.76",0.00724,0.00307,894.67291
394.70001,13.17298,"16,618.31",0.00725,0.00294,894.75641
394.79999,13.17634,"16,617.05",0.00723,0.00295,894.68835
394.89999,13.17948,"16,614.87",0.00725,0.00275,894.57098
395,13.18292,"16,614.67",0.00726,0.00289,894.56049
395.10001,13.18635,"16,615.01",0.00723,0.00315,894.57849
395.20001,13.18957,"16,613.54",0.00724,0.00317,894.49939
395.29999,13.19293,"16,612.37",0.00723,0.00314,894.43671
395.39999,13.19629,"16,610.21",0.00724,0.00309,894.32031
395.5,13.19958,"16,612.12",0.00723,0.00318,894.42328
395.60001,13.20287,"16,608.98",0.00724,0.00321,894.25415
395.70001,13.20631,"16,610.13",0.00722,0.00324,894.31622
395.79999,13.2096,"16,609.00",0.00724,0.0032,894.25519
395.89999,13.21288,"16,606.94",0.00722,0.00327,894.14429
396,13.21632,"16,608.60",0.00722,0.00318,894.23376
396.10001,13.21961,"16,607.78",0.00721,0.00315,894.18958
396.20001,13.22283,"16,605.19",0.00725,0.00302,894.04974
396.29999,13.22626,"16,605.91",0.00723,0.00293,894.08887
396.39999,13.22963,"16,605.49",0.00724,0.00287,894.06622
396.5,13.23291,"16,604.94",0.00722,0.00266,894.03625
396.60001,13.23628,"16,604.46",0.00722,0.00322,894.01038
396.70001,13.23979,"16,604.57",0.00722,0.0032,894.01642
396.79999,13.24285,"16,602.69",0.00723,0.00311,893.91553
396.89999,13.24622,"16,601.00",0.00723,0.00308,893.82458
397,13.24966,"16,603.54",0.00724,0.00307,893.96106
397.10001,13.25287,"16,601.40",0.00725,0.00325,893.84583
397.20001,13.25616,"16,598.79",0.00725,0.00324,893.70544
397.29999,13.25967,"16,600.14",0.00722,0.00321,893.77802
397.39999,13.26303,"16,599.74",0.00723,0.00326,893.75653
397.5,13.26625,"16,596.86",0.00725,0.00317,893.60132
397.60001,13.26954,"16,595.70",0.00725,0.00312,893.53876
397.70001,13.27297,"16,595.87",0.00723,0.00315,893.54791
397.79999,13.27619,"16,593.84",0.00723,0.00297,893.43909
397.89999,13.27955,"16,593.59",0.00723,0.00286,893.42548
398,13.28306,"16,593.66",0.00722,0.00271,893.42908
398.10001,13.28613,"16,589.81",0.0072,0.00287,893.22192
398.20001,13.28956,"16,588.42",0.00721,0.00319,893.14703
398.29999,13.293,"16,589.18",0.00718,0.00321,893.18805
398.39999,13.29622,"16,587.29",0.00718,0.00309,893.08624
398.5,13.29965,"16,584.58",0.00722,0.00306,892.94006
398.60001,13.30302,"16,583.56",0.00723,0.00316,892.88550
398.70001,13.30631,"16,584.09",0.00724,0.00319,892.91412
398.79999,13.30959,"16,581.36",0.00721,0.00326,892.76709
398.89999,13.31296,"16,580.32",0.00723,0.00326,892.71082
399,13.31632,"16,579.90",0.00721,0.00321,892.68823
399.10001,13.31946,"16,577.28",0.00722,0.00312,892.54742
399.20001,13.3229,"16,577.58",0.00722,0.00316,892.56360
399.29999,13.32641,"16,577.71",0.00723,0.003,892.57037
399.39999,13.32947,"16,575.70",0.00723,0.00294,892.46234
399.5,13.33299,"16,575.63",0.00723,0.00292,892.45868
399.60001,13.33643,"16,576.61",0.00723,0.00268,892.51105
399.70001,13.33949,"16,574.02",0.00723,0.00321,892.37170
399.79999,13.34293,"16,572.07",0.00724,0.00314,892.26654
399.89999,13.34629,"16,572.23",0.00725,0.00309,892.27539
400,13.34958,"16,571.79",0.00722,0.00308,892.25189
400.10001,13.35294,"16,570.22",0.00723,0.00305,892.16693
400.20001,13.35631,"16,571.06",0.00724,0.00315,892.21228
400.29999,13.35974,"16,570.35",0.00724,0.00324,892.17432
400.39999,13.36281,"16,567.37",0.00721,0.00321,892.01361
400.5,13.36624,"16,567.47",0.00722,0.00322,892.01898
400.60001,13.36968,"16,567.79",0.00723,0.00313,892.03644
400.70001,13.37275,"16,565.27",0.00721,0.00312,891.90070
400.79999,13.37634,"16,565.79",0.00721,0.00307,891.92847
400.89999,13.3797,"16,566.02",0.00721,0.00293,891.94116
401,13.38291,"16,564.97",0.00724,0.00292,891.88470
401.10001,13.38635,"16,564.48",0.00722,0.00273,891.85797
401.20001,13.38956,"16,563.27",0.00722,0.00273,891.79291
401.29999,13.39293,"16,563.38",0.00721,0.00316,891.79858
401.39999,13.39621,"16,562.08",0.00722,0.00315,891.72906
401.5,13.39958,"16,561.48",0.00723,0.00311,891.69635
401.60001,13.40302,"16,561.21",0.00723,0.00309,891.68207
401.70001,13.40615,"16,558.12",0.00722,0.00309,891.51562
401.79999,13.40967,"16,559.37",0.00721,0.00317,891.58313
401.89999,13.41303,"16,559.41",0.00723,0.00315,891.58490
402,13.41617,"16,556.30",0.00723,0.00319,891.41766
402.10001,13.41961,"16,555.72",0.00721,0.0032,891.38654
402.20001,13.42305,"16,556.72",0.00725,0.0031,891.44043
402.29999,13.42618,"16,554.30",0.00722,0.00312,891.31012
402.39999,13.4297,"16,553.86",0.00724,0.00301,891.28638
402.5,13.43299,"16,552.08",0.00723,0.00295,891.19025
402.60001,13.43627,"16,552.30",0.00724,0.0029,891.20209
402.70001,13.43956,"16,550.44",0.00724,0.00273,891.10223
402.79999,13.44292,"16,550.60",0.00724,0.00307,891.11060
402.89999,13.44629,"16,550.70",0.00723,0.00314,891.11621
403,13.4495,"16,548.18",0.00725,0.00315,890.98035
403.10001,13.45302,"16,549.43",0.00722,0.00308,891.04785
403.20001,13.45638,"16,549.90",0.00721,0.00298,891.07300
403.29999,13.45944,"16,546.29",0.00723,0.00314,890.87872
403.39999,13.46296,"16,547.86",0.00725,0.00318,890.96332
403.5,13.46632,"16,548.09",0.00724,0.00313,890.97552
403.60001,13.46953,"16,546.28",0.00722,0.00314,890.87836
403.70001,13.47297,"16,547.78",0.00722,0.00316,890.95868
403.79999,13.47633,"16,547.31",0.00724,0.00308,890.93353
403.89999,13.47962,"16,547.55",0.00724,0.00307,890.94659
404,13.48291,"16,545.95",0.00723,0.00298,890.86035
404.10001,13.4862,"16,545.27",0.00724,0.0029,890.82373
404.20001,13.48963,"16,546.47",0.00721,0.0026,890.88818
404.29999,13.49285,"16,543.79",0.00724,0.00272,890.74426
404.39999,13.49629,"16,544.94",0.00725,0.00319,890.80597
404.5,13.49965,"16,545.95",0.00723,0.00314,890.86053
404.60001,13.50286,"16,543.28",0.00723,0.00308,890.71649
404.70001,13.5063,"16,544.53",0.00724,0.00299,890.78400
404.79999,13.50966,"16,542.71",0.00724,0.00301,890.68622
404.89999,13.5128,"16,540.77",0.00724,0.00316,890.58136
405,13.51632,"16,541.51",0.00726,0.0032,890.62134
405.10001,13.51968,"16,541.76",0.00724,0.00316,890.63458
405.20001,13.52289,"16,541.02",0.00724,0.0032,890.59503
405.29999,13.52626,"16,538.69",0.00726,0.00312,890.46960
405.39999,13.52969,"16,539.21",0.00725,0.00305,890.49774
405.5,13.53291,"16,539.17",0.00725,0.00301,890.49554
405.60001,13.5362,"16,537.07",0.00725,0.0029,890.38239
405.70001,13.53971,"16,536.08",0.00728,0.0029,890.32910
405.79999,13.54292,"16,536.18",0.00727,0.00266,890.33423
405.89999,13.54621,"16,533.41",0.00728,0.00278,890.18542
406,13.54965,"16,534.97",0.00725,0.00311,890.26923
406.10001,13.55301,"16,533.24",0.00726,0.00306,890.17596
406.20001,13.55615,"16,530.28",0.00725,0.00301,890.01666
406.29999,13.55959,"16,531.42",0.00727,0.00298,890.07825
406.39999,13.56303,"16,531.55",0.00727,0.00308,890.08533
406.5,13.56617,"16,530.55",0.00726,0.00315,890.03119
406.60001,13.5696,"16,528.22",0.00722,0.00315,889.90594
406.70001,13.57304,"16,529.10",0.00724,0.00316,889.95300
406.79999,13.57618,"16,527.79",0.00725,0.00313,889.88287
406.89999,13.57955,"16,524.40",0.00725,0.00306,889.70013
407,13.58298,"16,525.09",0.00725,0.00303,889.73737
407.10001,13.58619,"16,523.53",0.00727,0.00301,889.65314
407.20001,13.58956,"16,522.22",0.00725,0.00288,889.58276
407.29999,13.593,"16,523.19",0.00725,0.00265,889.63495
407.39999,13.59636,"16,521.90",0.00724,0.00269,889.56561
407.5,13.5995,"16,517.91",0.00726,0.00318,889.35077
407.60001,13.60294,"16,519.10",0.00724,0.0031,889.41449
407.70001,13.60637,"16,519.24",0.00725,0.0031,889.42218
407.79999,13.60951,"16,516.88",0.00726,0.00308,889.29529
407.89999,13.61295,"16,515.35",0.00728,0.00314,889.21289
408,13.61639,"16,515.20",0.00726,0.00318,889.20459
408.10001,13.61953,"16,514.47",0.00727,0.00317,889.16547
408.20001,13.62297,"16,513.09",0.00725,0.00317,889.09106
408.29999,13.62633,"16,512.80",0.00724,0.00316,889.07581
408.39999,13.62947,"16,510.22",0.00727,0.00308,888.93646
408.5,13.63283,"16,508.00",0.00726,0.00307,888.81720
408.60001,13.63634,"16,510.29",0.00726,0.00297,888.94037
408.70001,13.63963,"16,509.11",0.00725,0.00289,888.87671
408.79999,13.64285,"16,505.89",0.00726,0.00289,888.70343
408.89999,13.64628,"16,506.48",0.00726,0.00268,888.73505
409,13.64972,"16,506.39",0.00727,0.00283,888.73065
409.10001,13.65279,"16,504.22",0.00724,0.0031,888.61383
409.20001,13.6563,"16,503.91",0.00724,0.0031,888.59711
409.29999,13.65966,"16,502.99",0.00722,0.00304,888.54755
409.39999,13.66287,"16,501.63",0.00725,0.00299,888.47418
409.5,13.66631,"16,501.35",0.00726,0.00308,888.45923
409.60001,13.66968,"16,501.78",0.00725,0.00318,888.48236
409.70001,13.67289,"16,499.09",0.00725,0.00316,888.33734
409.79999,13.67625,"16,497.39",0.00723,0.00318,888.24579
409.89999,13.67962,"16,498.57",0.00725,0.00319,888.30939
410,13.68291,"16,498.88",0.00725,0.00302,888.32623
410.10001,13.68619,"16,495.89",0.00727,0.00304,888.16534
410.20001,13.68963,"16,495.80",0.00726,0.00304,888.16028
410.29999,13.69307,"16,497.48",0.00726,0.00288,888.25061
410.39999,13.69621,"16,493.72",0.00726,0.00283,888.04828
410.5,13.69965,"16,495.45",0.00725,0.00263,888.14136
410.60001,13.70301,"16,493.94",0.00724,0.00317,888.06006
410.70001,13.70615,"16,492.00",0.00726,0.00311,887.95587
410.79999,13.70966,"16,492.49",0.00726,0.00305,887.98193
410.89999,13.71302,"16,492.37",0.00724,0.00306,887.97552
411,13.71624,"16,491.03",0.00726,0.003,887.90338
411.10001,13.71968,"16,490.14",0.00725,0.00317,887.85529
411.20001,13.72296,"16,489.21",0.00725,0.00317,887.80554
411.29999,13.72625,"16,489.01",0.00724,0.00321,887.79443
411.39999,13.72954,"16,486.59",0.00724,0.00318,887.66455
411.5,13.7329,"16,486.17",0.00727,0.00312,887.64197
411.60001,13.73634,"16,486.89",0.00726,0.00309,887.68073
411.70001,13.73956,"16,484.51",0.00726,0.00304,887.55243
411.79999,13.74299,"16,484.88",0.00726,0.00292,887.57245
411.89999,13.74636,"16,485.52",0.00727,0.00289,887.60663
412,13.74942,"16,480.69",0.00726,0.00265,887.34656
412.10001,13.75301,"16,481.84",0.00727,0.00286,887.40869
412.20001,13.75637,"16,482.04",0.00726,0.00314,887.41943
412.29999,13.75959,"16,480.02",0.00725,0.00312,887.31049
412.39999,13.76302,"16,479.07",0.00726,0.00303,887.25970
412.5,13.76631,"16,478.07",0.00725,0.003,887.20587
412.60001,13.7696,"16,477.22",0.00724,0.00311,887.15991
412.70001,13.77289,"16,474.82",0.00725,0.00315,887.03064
412.79999,13.77625,"16,474.02",0.00726,0.00317,886.98773
412.89999,13.77962,"16,473.52",0.00723,0.00317,886.96082
413,13.78283,"16,470.76",0.00724,0.00318,886.81226
413.10001,13.78634,"16,471.50",0.00723,0.00306,886.85181
413.20001,13.7897,"16,471.47",0.00725,0.00306,886.85028
413.29999,13.79277,"16,467.80",0.00727,0.00302,886.65253
413.39999,13.79628,"16,467.60",0.00724,0.00291,886.64197
413.5,13.79964,"16,468.10",0.00726,0.00265,886.66882
413.60001,13.80286,"16,466.60",0.00727,0.00269,886.58826
413.70001,13.8063,"16,466.08",0.00726,0.00318,886.56018
413.79999,13.80966,"16,464.58",0.00725,0.00315,886.47919
413.89999,13.81295,"16,465.24",0.00724,0.0031,886.51508
414,13.81624,"16,464.21",0.00723,0.00305,886.45966
414.10001,13.8196,"16,464.20",0.00726,0.00307,886.45856
414.20001,13.82296,"16,464.21",0.00724,0.0032,886.45966
414.29999,13.82618,"16,461.38",0.00727,0.0032,886.30725
414.39999,13.82969,"16,463.40",0.00725,0.00316,886.41602
414.5,13.83305,"16,464.71",0.00726,0.00316,886.48627
414.60001,13.83619,"16,461.26",0.00727,0.00316,886.30029
414.70001,13.83963,"16,460.94",0.00727,0.00305,886.28320
414.79999,13.84299,"16,461.05",0.00728,0.00311,886.28937
414.89999,13.84621,"16,459.14",0.00726,0.00299,886.18646
415,13.84957,"16,458.74",0.00727,0.00293,886.16467
415.10001,13.85301,"16,458.70",0.00726,0.0027,886.16254
415.20001,13.8563,"16,457.28",0.00727,0.00268,886.08630
415.29999,13.85958,"16,456.88",0.00725,0.00314,886.06500
415.39999,13.86302,"16,457.39",0.00726,0.00313,886.09229
415.5,13.86623,"16,457.08",0.00725,0.00309,886.07526
415.60001,13.86945,"16,452.98",0.00724,0.00302,885.85498
415.70001,13.87296,"16,454.57",0.00725,0.003,885.94012
415.79999,13.87625,"16,456.35",0.00724,0.00316,886.03625
415.89999,13.87954,"16,454.23",0.00725,0.00315,885.92206
416,13.88297,"16,454.94",0.00723,0.00319,885.96002
416.10001,13.88634,"16,453.86",0.00724,0.0032,885.90216
416.20001,13.88955,"16,453.01",0.00722,0.00315,885.85626
416.29999,13.89292,"16,452.65",0.00728,0.00301,885.83698
416.39999,13.89635,"16,452.19",0.00726,0.00297,885.81238
416.5,13.89949,"16,450.30",0.00726,0.00292,885.71051
416.60001,13.90293,"16,450.85",0.00726,0.00291,885.73993
416.70001,13.90637,"16,451.77",0.00728,0.00266,885.78937
416.79999,13.90958,"16,451.10",0.00728,0.00313,885.75348
416.89999,13.91287,"16,447.55",0.00726,0.00312,885.56244
417,13.91631,"16,450.04",0.00726,0.0031,885.69629
417.10001,13.91952,"16,449.28",0.00725,0.00307,885.65546
417.20001,13.92289,"16,447.71",0.00727,0.00297,885.57074
417.29999,13.92632,"16,448.35",0.00727,0.0031,885.60541
417.39999,13.92969,"16,447.42",0.00725,0.00313,885.55524
417.5,13.9329,"16,446.28",0.00726,0.0032,885.49408
417.60001,13.93626,"16,447.16",0.00728,0.00319,885.54120
417.70001,13.93963,"16,446.82",0.00729,0.00317,885.52319
417.79999,13.94277,"16,445.51",0.00729,0.00311,885.45233
417.89999,13.94628,"16,445.52",0.00726,0.00304,885.45282
418,13.94972,"16,446.44",0.00725,0.00296,885.50250
418.10001,13.95286,"16,445.57",0.0073,0.00289,885.45557
418.20001,13.95629,"16,443.99",0.00728,0.00275,885.37061
418.29999,13.95966,"16,444.63",0.00729,0.00267,885.40497
418.39999,13.96287,"16,444.19",0.00728,0.00315,885.38165
418.5,13.96623,"16,442.50",0.00727,0.00314,885.29034
418.60001,13.9696,"16,443.31",0.00726,0.00303,885.33398
418.70001,13.97296,"16,443.07",0.00726,0.00301,885.32129
418.79999,13.97625,"16,441.79",0.00725,0.00303,885.25238
418.89999,13.97968,"16,443.09",0.00726,0.00318,885.32220
419,13.98305,"16,442.17",0.00726,0.00318,885.27271
419.10001,13.98619,"16,439.48",0.00725,0.00314,885.12787
419.20001,13.98955,"16,438.45",0.00725,0.00319,885.07239
419.29999,13.99291,"16,438.92",0.00726,0.00303,885.09784
419.39999,13.99613,"16,437.54",0.00727,0.00307,885.02325
419.5,13.99964,"16,437.52",0.00727,0.00301,885.02240
419.60001,14.003,"16,436.51",0.00727,0.00288,884.96814
419.70001,14.00622,"16,437.03",0.00727,0.0029,884.99615
419.79999,14.00965,"16,435.62",0.00728,0.00265,884.91992
419.89999,14.01287,"16,434.63",0.00729,0.00273,884.86688
420,14.01623,"16,435.49",0.00725,0.00311,884.91296
420.10001,14.01952,"16,433.66",0.00727,0.00311,884.81464
420.20001,14.02296,"16,433.75",0.00728,0.00302,884.81915
420.29999,14.0264,"16,434.58",0.00726,0.003,884.86395
420.39999,14.02954,"16,432.13",0.00726,0.00311,884.73242
420.5,14.0329,"16,431.31",0.00727,0.00312,884.68799
420.60001,14.03633,"16,431.02",0.00726,0.00315,884.67236
420.70001,14.03947,"16,428.64",0.00728,0.00316,884.54437
420.79999,14.04299,"16,428.25",0.00729,0.00311,884.52332
420.89999,14.04635,"16,428.24",0.00729,0.00304,884.52258
421,14.04956,"16,426.30",0.00729,0.00305,884.41840
421.10001,14.053,"16,424.41",0.00729,0.00302,884.31647
421.20001,14.05629,"16,423.39",0.00727,0.00288,884.26147
421.29999,14.05958,"16,422.60",0.00731,0.00267,884.21912
421.39999,14.06287,"16,419.65",0.00729,0.00266,884.06042
421.5,14.06623,"16,419.57",0.00731,0.00311,884.05603
421.60001,14.06974,"16,420.96",0.00728,0.00309,884.13043
421.70001,14.07288,"16,418.22",0.00727,0.00308,883.98346
421.79999,14.07632,"16,417.56",0.00728,0.00304,883.94769
421.89999,14.07968,"16,418.38",0.00727,0.00293,883.99207
422,14.08275,"16,416.00",0.00725,0.00314,883.86359
422.10001,14.08626,"16,415.40",0.00727,0.00315,883.83130
422.20001,14.08962,"16,415.79",0.00727,0.00316,883.85266
422.29999,14.09284,"16,412.38",0.00729,0.00309,883.66882
422.39999,14.09635,"16,412.79",0.00726,0.00313,883.69067
422.5,14.09964,"16,410.72",0.00726,0.00309,883.57922
422.60001,14.10293,"16,410.84",0.00727,0.00302,883.58594
422.70001,14.10621,"16,406.43",0.00728,0.00295,883.34863
422.79999,14.1095,"16,404.36",0.00728,0.00273,883.23700
422.89999,14.11302,"16,404.61",0.00729,0.0026,883.25061
423,14.11615,"16,399.89",0.00731,0.00266,882.99609
423.10001,14.11967,"16,400.09",0.00725,0.00316,883.00696
423.20001,14.12303,"16,399.00",0.00727,0.00307,882.94818
423.29999,14.12617,"16,395.28",0.00727,0.00303,882.74817
423.39999,14.12968,"16,395.07",0.0073,0.00298,882.73676
423.5,14.13304,"16,393.11",0.00727,0.00303,882.63110
423.60001,14.13618,"16,389.72",0.00726,0.00312,882.44873
423.70001,14.13962,"16,387.97",0.00724,0.0031,882.35474
423.79999,14.14299,"16,386.55",0.00727,0.00316,882.27832
423.89999,14.14627,"16,385.80",0.00727,0.00314,882.23792
424,14.14956,"16,382.80",0.00727,0.00301,882.07611
424.10001,14.15293,"16,380.46",0.00727,0.00302,881.94989
424.20001,14.15629,"16,380.40",0.00728,0.003,881.94684
424.29999,14.15943,"16,377.47",0.00729,0.0028,881.78925
424.39999,14.16301,"16,378.19",0.00728,0.00269,881.82806
424.5,14.1663,"16,376.98",0.00727,0.00268,881.76288
424.60001,14.16952,"16,372.63",0.00727,0.00315,881.52832
424.70001,14.17303,"16,372.39",0.00727,0.00312,881.51581
424.79999,14.17632,"16,371.07",0.00726,0.00303,881.44446
424.89999,14.17953,"16,368.06",0.00724,0.00304,881.28235
425,14.1829,"16,366.33",0.00722,0.00295,881.18921
425.10001,14.18633,"16,364.58",0.00724,0.00314,881.09509
425.20001,14.18955,"16,364.12",0.00726,0.00315,881.07043
425.29999,14.19291,"16,360.20",0.00723,0.00312,880.85907
425.39999,14.19635,"16,359.27",0.00725,0.00315,880.80920
425.5,14.19956,"16,357.71",0.00725,0.00311,880.72528
425.60001,14.20285,"16,355.05",0.00722,0.003,880.58221
425.70001,14.20636,"16,355.49",0.00727,0.00305,880.60553
425.79999,14.20965,"16,354.03",0.00727,0.00291,880.52728
425.89999,14.21279,"16,349.56",0.00727,0.0027,880.28650
426,14.21638,"16,351.69",0.00724,0.00263,880.40094
426.10001,14.21967,"16,349.64",0.00726,0.00319,880.29095
426.20001,14.22288,"16,347.60",0.00727,0.00317,880.18066
426.29999,14.22624,"16,345.74",0.00725,0.00306,880.08051
426.39999,14.2296,"16,344.67",0.00721,0.00303,880.02332
426.5,14.23282,"16,344.02",0.00721,0.00304,879.98822
426.60001,14.23626,"16,342.60",0.00726,0.0031,879.91187
426.70001,14.23969,"16,342.98",0.00725,0.00316,879.93237
426.79999,14.24291,"16,340.21",0.00727,0.00315,879.78320
426.89999,14.24627,"16,339.54",0.00722,0.00317,879.74677
427,14.24964,"16,339.88",0.00724,0.00311,879.76501
427.10001,14.25292,"16,338.84",0.00725,0.00301,879.70953
427.20001,14.25614,"16,335.04",0.00726,0.00304,879.50446
427.29999,14.25965,"16,335.49",0.00727,0.00306,879.52887
427.39999,14.26301,"16,335.43",0.00723,0.00284,879.52582
427.5,14.26623,"16,333.11",0.00725,0.00267,879.40057
427.60001,14.26959,"16,333.07",0.00723,0.00264,879.39874
427.70001,14.27295,"16,331.27",0.00723,0.0032,879.30188
427.79999,14.27617,"16,330.44",0.00726,0.00313,879.25708
427.89999,14.2796,"16,329.17",0.00724,0.00307,879.18848
428,14.28304,"16,329.11",0.00725,0.00297,879.18530
428.10001,14.28618,"16,327.73",0.00723,0.00294,879.11084
428.20001,14.28962,"16,326.09",0.00727,0.00319,879.02301
428.29999,14.29298,"16,326.55",0.00727,0.00316,879.04742
428.39999,14.2962,"16,325.67",0.00727,0.00313,879.00006
428.5,14.29956,"16,323.36",0.00724,0.00316,878.87592
428.60001,14.30285,"16,322.35",0.00728,0.00304,878.82135
428.70001,14.30629,"16,322.54",0.00725,0.00299,878.83179
428.79999,14.3095,"16,321.01",0.00724,0.00299,878.74908
428.89999,14.31294,"16,322.00",0.00723,0.00293,878.80255
429,14.31637,"16,321.15",0.00725,0.00263,878.75702
429.10001,14.31944,"16,317.94",0.00726,0.00268,878.58411
429.20001,14.32295,"16,317.83",0.00725,0.00317,878.57812
429.29999,14.32639,"16,318.15",0.00725,0.00313,878.59534
429.39999,14.32953,"16,315.92",0.00724,0.0031,878.47528
429.5,14.33297,"16,314.93",0.00725,0.00302,878.42212
429.60001,14.33641,"16,315.63",0.00723,0.00302,878.45972
429.70001,14.33962,"16,314.81",0.00725,0.0031,878.41553
429.79999,14.34298,"16,312.23",0.00727,0.00316,878.27667
429.89999,14.3462,"16,311.43",0.00725,0.00312,878.23346
430,14.34963,"16,311.27",0.00725,0.00316,878.22504
430.10001,14.35285,"16,310.41",0.00723,0.00313,878.17871
430.20001,14.35621,"16,310.08",0.00725,0.00307,878.16083
430.29999,14.35972,"16,310.47",0.00724,0.00307,878.18176
430.39999,14.36286,"16,307.48",0.00724,0.00303,878.02075
430.5,14.3663,"16,308.25",0.00726,0.00285,878.06213
430.60001,14.36966,"16,309.30",0.00724,0.00269,878.11902
430.70001,14.3728,"16,307.03",0.00726,0.0026,877.99640
430.79999,14.37631,"16,305.51",0.00728,0.00313,877.91461
430.89999,14.37968,"16,305.60",0.00726,0.0031,877.91980
431,14.38289,"16,305.81",0.00724,0.00309,877.93073
431.10001,14.38633,"16,304.80",0.00724,0.00304,877.87628
431.20001,14.38962,"16,304.06",0.00726,0.0031,877.83667
431.29999,14.39291,"16,302.64",0.00727,0.00312,877.76001
431.39999,14.39619,"16,301.37",0.00724,0.0032,877.69159
431.5,14.39963,"16,302.08",0.00726,0.00315,877.73016
431.60001,14.40307,"16,302.57",0.00726,0.00311,877.75653
431.70001,14.40613,"16,298.95",0.00725,0.00311,877.56128
431.79999,14.40965,"16,300.03",0.00726,0.00309,877.61981
431.89999,14.41308,"16,300.82",0.00726,0.00307,877.66217
432,14.41607,"16,299.03",0.00728,0.00296,877.56573
432.10001,14.41966,"16,298.16",0.00727,0.00278,877.51886
432.20001,14.42295,"16,298.77",0.00725,0.00268,877.55182
432.29999,14.42624,"16,299.24",0.00724,0.00287,877.57727
432.39999,14.42968,"16,298.40",0.00725,0.00312,877.53180
432.5,14.43304,"16,298.40",0.00724,0.00315,877.53210
432.60001,14.43633,"16,297.91",0.00723,0.00305,877.50543
432.70001,14.43947,"16,295.93",0.00723,0.003,877.39893
432.79999,14.4429,"16,297.07",0.00723,0.00316,877.46045
432.89999,14.44627,"16,297.46",0.00726,0.00319,877.48102
433,14.44941,"16,294.05",0.00722,0.00318,877.29755
433.10001,14.45299,"16,295.25",0.00724,0.00318,877.36230
433.20001,14.45636,"16,295.75",0.00727,0.00316,877.38904
433.29999,14.4595,"16,292.97",0.00728,0.00316,877.23969
433.39999,14.46301,"16,292.58",0.00727,0.00305,877.21844
433.5,14.4663,"16,291.04",0.00727,0.00302,877.13580
433.60001,14.46951,"16,289.47",0.00725,0.00292,877.05109
433.70001,14.47295,"16,289.44",0.00728,0.00271,877.04926
433.79999,14.47639,"16,289.31",0.00727,0.00271,877.04242
433.89999,14.4796,"16,287.78",0.00726,0.00313,876.95984
434,14.48289,"16,284.77",0.00724,0.0031,876.79779
434.10001,14.48633,"16,286.12",0.00723,0.00309,876.87091
434.20001,14.48961,"16,286.08",0.00724,0.00303,876.86853
434.29999,14.49283,"16,282.20",0.00723,0.00291,876.65979
434.39999,14.49634,"16,283.23",0.00725,0.0031,876.71515
434.5,14.49963,"16,282.80",0.00724,0.00315,876.69189
434.60001,14.50284,"16,280.33",0.00726,0.00318,876.55896
434.70001,14.50643,"16,282.24",0.00727,0.00322,876.66187
434.79999,14.50964,"16,279.10",0.00725,0.00315,876.49268
434.89999,14.51278,"16,276.96",0.00726,0.00308,876.37762
435,14.51622,"16,276.71",0.00725,0.00304,876.36426
435.10001,14.51958,"16,275.71",0.00726,0.00303,876.31042
435.20001,14.52287,"16,274.17",0.00725,0.00273,876.22736
435.29999,14.52624,"16,272.77",0.00725,0.00266,876.15204
435.39999,14.52967,"16,272.14",0.00726,0.00268,876.11786
435.5,14.53289,"16,271.55",0.00726,0.00313,876.08630
435.60001,14.53618,"16,269.10",0.00725,0.0031,875.95447
435.70001,14.53961,"16,268.82",0.00724,0.00309,875.93939
435.79999,14.54298,"16,267.92",0.00725,0.00302,875.89056
435.89999,14.54619,"16,265.97",0.00728,0.00315,875.78589
436,14.5497,"16,267.10",0.00727,0.00322,875.84674
436.10001,14.55299,"16,265.53",0.00728,0.00317,875.76208
436.20001,14.5562,"16,263.61",0.00722,0.00319,875.65851
436.29999,14.55957,"16,262.81",0.00725,0.00317,875.61566
436.39999,14.56293,"16,261.57",0.00727,0.00313,875.54901
436.5,14.56615,"16,260.31",0.00728,0.00307,875.48108
436.60001,14.56958,"16,258.86",0.00724,0.00307,875.40314
436.70001,14.57302,"16,260.42",0.00725,0.00293,875.48706
436.79999,14.57631,"16,258.82",0.00728,0.00264,875.40063
436.89999,14.5796,"16,256.78",0.00728,0.00277,875.29108
437,14.58296,"16,256.96",0.00727,0.00315,875.30042
437.10001,14.58617,"16,254.76",0.00726,0.00311,875.18213
437.20001,14.58954,"16,253.25",0.00724,0.00306,875.10089
437.29999,14.5929,"16,253.55",0.00725,0.00308,875.11707
437.39999,14.59634,"16,252.80",0.00723,0.003,875.07690
437.5,14.59955,"16,251.06",0.00721,0.00317,874.98297
437.60001,14.60292,"16,250.88",0.00724,0.00306,874.97345
437.70001,14.60635,"16,250.43",0.00725,0.00314,874.94934
437.79999,14.60949,"16,248.20",0.00723,0.00314,874.82928
437.89999,14.61293,"16,247.87",0.00723,0.00319,874.81146
438,14.61637,"16,246.66",0.00724,0.00305,874.74597
438.10001,14.61951,"16,245.45",0.00723,0.00305,874.68115
438.20001,14.62295,"16,243.85",0.00725,0.00302,874.59509
438.29999,14.62631,"16,243.46",0.00726,0.00282,874.57361
438.39999,14.6296,"16,241.51",0.00725,0.00275,874.46869
438.5,14.63288,"16,238.66",0.00725,0.00281,874.31537
438.60001,14.63625,"16,238.56",0.00727,0.00316,874.31000
438.70001,14.63961,"16,236.86",0.00727,0.00308,874.21869
438.79999,14.6429,"16,234.73",0.00724,0.00308,874.10406
438.89999,14.64626,"16,233.10",0.00725,0.00306,874.01611
439,14.64978,"16,232.61",0.00726,0.00308,873.98944
439.10001,14.65284,"16,230.38",0.00725,0.00316,873.86951
439.20001,14.6562,"16,228.90",0.00722,0.00321,873.78973
439.29999,14.65964,"16,227.55",0.00725,0.00314,873.71741
439.39999,14.66278,"16,225.03",0.00726,0.0032,873.58179
439.5,14.66629,"16,224.77",0.00725,0.00313,873.56744
439.60001,14.66966,"16,225.79",0.00726,0.00312,873.62225
439.70001,14.67295,"16,223.87",0.00724,0.00307,873.51923
439.79999,14.67623,"16,220.87",0.00726,0.0029,873.35754
439.89999,14.6796,"16,221.51",0.00726,0.00269,873.39209
440,14.68296,"16,221.09",0.00727,0.00276,873.36932
440.10001,14.68617,"16,219.19",0.00726,0.00313,873.26685
440.20001,14.68961,"16,218.54",0.00724,0.00318,873.23206
440.29999,14.69305,"16,217.91",0.00723,0.00311,873.19806
440.39999,14.69619,"16,214.86",0.00722,0.00305,873.03418
440.5,14.69963,"16,214.29",0.00722,0.00301,873.00342
440.60001,14.70306,"16,214.01",0.00722,0.00315,872.98822
440.70001,14.70613,"16,210.46",0.00722,0.00322,872.79712
440.79999,14.70964,"16,210.29",0.00725,0.00315,872.78766
440.89999,14.713,"16,209.78",0.00724,0.00322,872.76050
441,14.71629,"16,209.21",0.00725,0.00315,872.72986
441.10001,14.71966,"16,206.56",0.00723,0.00316,872.58691
441.20001,14.72302,"16,205.62",0.00727,0.00311,872.53656
441.29999,14.72631,"16,205.64",0.00726,0.00292,872.53760
441.39999,14.72952,"16,203.08",0.00726,0.00277,872.39990
441.5,14.73288,"16,202.66",0.00723,0.00271,872.37732
441.60001,14.7364,"16,202.50",0.00723,0.00284,872.36871
441.70001,14.73946,"16,199.54",0.00726,0.00315,872.20905
441.79999,14.74297,"16,200.55",0.00724,0.00317,872.26331
441.89999,14.74641,"16,200.86",0.00723,0.00308,872.28015
442,14.74948,"16,197.67",0.00724,0.00307,872.10864
442.10001,14.75299,"16,196.80",0.00724,0.00302,872.06140
442.20001,14.75628,"16,197.48",0.00724,0.00322,872.09821
442.29999,14.75956,"16,196.98",0.00725,0.00321,872.07141
442.39999,14.763,"16,195.90",0.00725,0.00321,872.01324
442.5,14.76637,"16,196.30",0.00723,0.00317,872.03442
442.60001,14.76965,"16,196.28",0.00724,0.00313,872.03357
442.70001,14.77287,"16,194.72",0.00724,0.00308,871.94983
442.79999,14.77631,"16,196.07",0.00724,0.0031,872.02246
442.89999,14.77967,"16,195.78",0.00726,0.00273,872.00653
443,14.78281,"16,193.71",0.00726,0.00271,871.89508
443.10001,14.7864,"16,195.78",0.00724,0.0027,872.00671
443.20001,14.78968,"16,196.54",0.00727,0.00308,872.04773
443.29999,14.79282,"16,193.81",0.00728,0.00315,871.90051
443.39999,14.79634,"16,195.51",0.00726,0.00315,871.99231
443.5,14.79962,"16,194.44",0.00725,0.00309,871.93469
443.60001,14.80284,"16,193.14",0.00724,0.00299,871.86469
443.70001,14.80628,"16,193.40",0.00726,0.00309,871.87830
443.79999,14.80964,"16,192.08",0.00725,0.00315,871.80719
443.89999,14.81293,"16,192.36",0.00724,0.00322,871.82263
444,14.81622,"16,191.40",0.00727,0.00317,871.77081
444.10001,14.81965,"16,191.73",0.00727,0.00315,871.78851
444.20001,14.82294,"16,191.60",0.00725,0.00309,871.78168
444.29999,14.82608,"16,188.43",0.00724,0.00306,871.61084
444.39999,14.82959,"16,191.56",0.00725,0.00306,871.77930
444.5,14.83296,"16,191.83",0.00725,0.00278,871.79382
444.60001,14.83624,"16,189.48",0.00726,0.00272,871.66754
444.70001,14.83968,"16,190.11",0.00727,0.00278,871.70142
444.79999,14.84305,"16,189.45",0.00727,0.00317,871.66559
444.89999,14.84619,"16,187.67",0.00727,0.00315,871.56976
445,14.84955,"16,187.90",0.00726,0.00314,871.58246
445.10001,14.85299,"16,187.25",0.00727,0.00309,871.54736
445.20001,14.8562,"16,185.18",0.00726,0.00304,871.43597
445.29999,14.85956,"16,184.06",0.00725,0.00322,871.37555
445.39999,14.863,"16,185.12",0.00725,0.00322,871.43280
445.5,14.86629,"16,185.56",0.00727,0.00317,871.45630
445.60001,14.8695,"16,182.92",0.00727,0.0032,871.31451
445.70001,14.87287,"16,182.72",0.00727,0.00316,871.30341
445.79999,14.87623,"16,183.36",0.00725,0.00303,871.33771
445.89999,14.87952,"16,181.32",0.00725,0.00309,871.22791
446,14.88295,"16,181.33",0.00727,0.00302,871.22870
446.10001,14.88632,"16,179.50",0.00724,0.00272,871.13007
446.20001,14.88961,"16,179.28",0.00725,0.00267,871.11816
446.29999,14.8929,"16,179.11",0.00725,0.00319,871.10919
446.39999,14.89633,"16,177.95",0.00725,0.0031,871.04675
446.5,14.89947,"16,176.52",0.00727,0.00316,870.96954
446.60001,14.90291,"16,174.88",0.00729,0.00313,870.88129
446.70001,14.90635,"16,175.73",0.00726,0.00302,870.92731
446.79999,14.90956,"16,175.04",0.00725,0.00309,870.88989
446.89999,14.91292,"16,171.35",0.00724,0.0032,870.69122
447,14.91629,"16,170.79",0.00722,0.00315,870.66144
447.10001,14.91958,"16,170.50",0.00726,0.00317,870.64551
447.20001,14.92287,"16,167.64",0.00726,0.00318,870.49170
447.29999,14.92623,"16,167.90",0.00724,0.00309,870.50580
447.39999,14.92967,"16,165.60",0.00723,0.00303,870.38159
447.5,14.93295,"16,164.33",0.00724,0.00308,870.31360
447.60001,14.93632,"16,164.20",0.00724,0.00287,870.30609
447.70001,14.93976,"16,163.30",0.00723,0.00273,870.25806
447.79999,14.94282,"16,160.89",0.00726,0.00269,870.12817
447.89999,14.94618,"16,158.72",0.00725,0.00321,870.01117
448,14.94962,"16,160.57",0.00727,0.00312,870.11090
448.10001,14.95284,"16,159.62",0.00722,0.00314,870.05988
448.20001,14.95627,"16,157.20",0.00726,0.00302,869.92938
448.29999,14.95963,"16,157.02",0.00724,0.00303,869.91962
448.39999,14.96292,"16,155.84",0.00727,0.00319,869.85651
448.5,14.96621,"16,153.93",0.00725,0.00318,869.75360
448.60001,14.96958,"16,154.41",0.00725,0.00315,869.77942
448.70001,14.97294,"16,152.63",0.00725,0.00321,869.68335
448.79999,14.97615,"16,149.11",0.00726,0.00306,869.49371
448.89999,14.97959,"16,150.93",0.00725,0.00314,869.59192
449,14.9831,"16,152.08",0.00725,0.00309,869.65369
449.10001,14.98617,"16,149.50",0.00727,0.00284,869.51514
449.20001,14.9896,"16,148.31",0.00726,0.00283,869.45062
449.29999,14.99304,"16,148.57",0.00726,0.0027,869.46466
449.39999,14.99618,"16,146.82",0.00726,0.00301,869.37079
449.5,14.99962,"16,146.73",0.00726,0.00312,869.36566
449.60001,15.00306,"16,146.92",0.00726,0.00308,869.37573
449.70001,15.00627,"16,145.58",0.00723,0.00307,869.30371
449.79999,15.00963,"16,144.44",0.00725,0.00297,869.24255
449.89999,15.01292,"16,144.90",0.00726,0.00295,869.26746
450,15.01629,"16,145.40",0.00722,0.00317,869.29431
450.10001,15.0195,"16,141.91",0.00725,0.00311,869.10632
450.20001,15.02294,"16,142.68",0.00725,0.00322,869.14764
450.29999,15.02645,"16,143.06",0.00726,0.00312,869.16809
450.39999,15.02944,"16,139.68",0.00723,0.00307,868.98633
450.5,15.03295,"16,139.61",0.00722,0.00303,868.98260
450.60001,15.03639,"16,138.61",0.00724,0.00304,868.92871
450.70001,15.03945,"16,137.73",0.00722,0.00286,868.88129
450.79999,15.04297,"16,137.05",0.00726,0.00268,868.84467
450.89999,15.04633,"16,136.42",0.00725,0.00282,868.81049
451,15.04954,"16,134.46",0.00724,0.00309,868.70490
451.10001,15.05298,"16,133.57",0.00726,0.00315,868.65704
451.20001,15.05635,"16,133.58",0.00725,0.00313,868.65790
451.29999,15.05963,"16,132.41",0.00724,0.00297,868.59460
451.39999,15.06285,"16,129.72",0.00723,0.00296,868.45001
451.5,15.06629,"16,129.15",0.00724,0.00317,868.41913
451.60001,15.06972,"16,129.48",0.00724,0.00313,868.43719
451.70001,15.07279,"16,126.45",0.00724,0.00313,868.27393
451.79999,15.0763,"16,127.64",0.00724,0.00317,868.33771
451.89999,15.07974,"16,125.74",0.00727,0.00313,868.23535
452,15.0828,"16,124.01",0.00726,0.00304,868.14270
452.10001,15.08639,"16,124.83",0.00724,0.00304,868.18665
452.20001,15.0896,"16,123.60",0.00724,0.00301,868.12048
452.29999,15.09282,"16,120.90",0.00724,0.00279,867.97485
452.39999,15.09625,"16,119.33",0.00724,0.00275,867.89026
452.5,15.09962,"16,120.03",0.00724,0.00268,867.92792
452.60001,15.10298,"16,119.38",0.00725,0.00312,867.89313
452.70001,15.10619,"16,117.29",0.00723,0.00316,867.78052
452.79999,15.10963,"16,115.91",0.00724,0.00303,867.70636
452.89999,15.113,"16,115.77",0.00724,0.00295,867.69861
453,15.11613,"16,112.59",0.00723,0.00299,867.52777
453.10001,15.11965,"16,113.55",0.00722,0.0031,867.57928
453.20001,15.12301,"16,112.37",0.00723,0.00312,867.51550
453.29999,15.12622,"16,110.25",0.00725,0.00318,867.40161
453.39999,15.12966,"16,110.88",0.00723,0.0032,867.43542
453.5,15.13303,"16,109.32",0.00721,0.003,867.35156
453.60001,15.13616,"16,106.87",0.00724,0.00299,867.21967
453.70001,15.1396,"16,105.46",0.00722,0.00304,867.14386
453.79999,15.14297,"16,105.30",0.00725,0.00293,867.13519
453.89999,15.14625,"16,104.83",0.00727,0.00269,867.10999
454,15.14962,"16,102.89",0.00725,0.00274,867.00519
454.10001,15.15298,"16,101.82",0.00725,0.00315,866.94769
454.20001,15.15627,"16,101.38",0.00726,0.0031,866.92389
454.29999,15.15948,"16,097.89",0.00723,0.00305,866.73639
454.39999,15.16292,"16,099.11",0.00725,0.00302,866.80170
454.5,15.16628,"16,097.54",0.00727,0.00295,866.71729
454.60001,15.1695,"16,094.33",0.00725,0.00314,866.54468
454.70001,15.17301,"16,095.85",0.00725,0.00315,866.62634
454.79999,15.17637,"16,094.86",0.00725,0.00314,866.57300
454.89999,15.17959,"16,092.44",0.00724,0.00315,866.44257
455,15.18287,"16,091.40",0.00725,0.00315,866.38660
455.10001,15.18631,"16,089.33",0.00727,0.00303,866.27509
455.20001,15.18953,"16,088.70",0.00725,0.00298,866.24146
455.29999,15.19289,"16,087.38",0.00725,0.00293,866.17035
455.39999,15.1964,"16,088.28",0.00727,0.00272,866.21844
455.5,15.19962,"16,086.18",0.00728,0.00269,866.10565
455.60001,15.2029,"16,083.29",0.00728,0.00317,865.95001
455.70001,15.20634,"16,084.80",0.00728,0.00306,866.03125
455.79999,15.20963,"16,084.21",0.00727,0.00309,865.99969
455.89999,15.21284,"16,081.20",0.00726,0.00303,865.83746
456,15.21628,"16,080.59",0.00726,0.00295,865.80481
456.10001,15.21972,"16,080.04",0.00723,0.00302,865.77521
456.20001,15.22293,"16,077.96",0.00726,0.00314,865.66321
456.29999,15.2263,"16,076.46",0.00725,0.00313,865.58240
456.39999,15.22966,"16,074.46",0.00723,0.00312,865.47485
456.5,15.23287,"16,072.73",0.00725,0.00316,865.38147
456.60001,15.23616,"16,070.75",0.00722,0.003,865.27515
456.70001,15.23967,"16,070.74",0.00723,0.00305,865.27454
456.79999,15.24289,"16,069.25",0.00724,0.00301,865.19434
456.89999,15.24618,"16,067.08",0.00724,0.00293,865.07703
457,15.24969,"16,068.32",0.00724,0.00269,865.14410
457.10001,15.25298,"16,066.96",0.00727,0.00283,865.07056
457.20001,15.25619,"16,064.31",0.00726,0.00311,864.92804
457.29999,15.25955,"16,064.77",0.00723,0.00316,864.95306
457.39999,15.26299,"16,064.42",0.00725,0.00306,864.93390
457.5,15.26621,"16,062.81",0.00723,0.00297,864.84741
457.60001,15.26964,"16,062.02",0.00724,0.00297,864.80475
457.70001,15.27308,"16,061.72",0.00724,0.00306,864.78845
457.79999,15.27622,"16,060.20",0.00724,0.00315,864.70679
457.89999,15.27958,"16,058.54",0.00726,0.0031,864.61731
458,15.28302,"16,059.86",0.00725,0.0031,864.68854
458.10001,15.28623,"16,058.26",0.00724,0.00312,864.60236
458.20001,15.2896,"16,055.34",0.00724,0.0031,864.44537
458.29999,15.29304,"16,056.60",0.00725,0.00307,864.51288
458.39999,15.29633,"16,056.04",0.00723,0.00293,864.48260
458.5,15.29954,"16,052.92",0.00725,0.0027,864.31488
458.60001,15.3029,"16,052.06",0.00725,0.00267,864.26831
458.70001,15.30634,"16,052.43",0.00724,0.00281,864.28851
458.79999,15.30948,"16,050.00",0.00729,0.00305,864.15771
458.89999,15.31292,"16,050.21",0.00727,0.00313,864.16901
459,15.31643,"16,050.74",0.00726,0.00303,864.19727
459.10001,15.31949,"16,047.60",0.00724,0.00294,864.02826
459.20001,15.32293,"16,047.46",0.00724,0.00292,864.02112
459.29999,15.32637,"16,047.85",0.00725,0.00311,864.04199
459.39999,15.32951,"16,046.40",0.00723,0.00315,863.96375
459.5,15.33295,"16,044.86",0.00723,0.00313,863.88086
459.60001,15.33631,"16,046.21",0.00725,0.00312,863.95380
459.70001,15.33967,"16,046.85",0.00724,0.00303,863.98810
459.79999,15.34296,"16,045.13",0.00724,0.00307,863.89532
459.89999,15.34632,"16,046.17",0.00724,0.003,863.95135
460,15.34969,"16,044.89",0.00725,0.003,863.88239
460.10001,15.35283,"16,043.10",0.00725,0.00273,863.78625
460.20001,15.35627,"16,043.96",0.00724,0.00268,863.83228
460.29999,15.3597,"16,044.66",0.00725,0.00316,863.87012
460.39999,15.36277,"16,041.79",0.00727,0.00306,863.71552
460.5,15.36635,"16,042.38",0.00725,0.00303,863.74750
460.60001,15.36972,"16,043.37",0.00725,0.00299,863.80090
460.70001,15.37278,"16,040.71",0.00724,0.00301,863.65759
460.79999,15.37629,"16,041.18",0.00722,0.00305,863.68256
460.89999,15.37966,"16,040.47",0.00723,0.00318,863.64441
461,15.38287,"16,040.85",0.00725,0.00309,863.66479
461.10001,15.38631,"16,039.67",0.00723,0.00317,863.60168
461.20001,15.3896,"16,041.35",0.00724,0.00319,863.69196
461.29999,15.39296,"16,040.66",0.00727,0.00303,863.65491
461.39999,15.39617,"16,038.22",0.00725,0.00302,863.52344
461.5,15.39954,"16,039.00",0.00724,0.003,863.56531
461.60001,15.40298,"16,039.75",0.00723,0.00295,863.60559
461.70001,15.40611,"16,037.05",0.00725,0.00267,863.46021
461.79999,15.4097,"16,037.55",0.00727,0.00281,863.48724
461.89999,15.41306,"16,039.25",0.00725,0.00308,863.57904
462,15.4162,"16,037.40",0.00724,0.00311,863.47949
462.10001,15.41964,"16,036.29",0.00725,0.00303,863.41968
462.20001,15.42293,"16,034.71",0.00722,0.00296,863.33459
462.29999,15.42614,"16,035.54",0.00722,0.00291,863.37891
462.39999,15.42958,"16,035.17",0.00723,0.00311,863.35895
462.5,15.43294,"16,035.55",0.00723,0.00308,863.37976
462.60001,15.43631,"16,036.01",0.00723,0.00313,863.40424
462.70001,15.43952,"16,032.81",0.0072,0.00314,863.23218
462.79999,15.44296,"16,034.54",0.00725,0.00311,863.32507
462.89999,15.44632,"16,034.73",0.00724,0.00307,863.33539
463,15.44946,"16,032.32",0.00723,0.00305,863.20557
463.10001,15.45297,"16,033.10",0.00724,0.00303,863.24762
463.20001,15.45634,"16,032.96",0.00722,0.00274,863.24036
463.29999,15.45955,"16,032.61",0.00724,0.00268,863.22137
463.39999,15.46299,"16,034.36",0.00725,0.00314,863.31561
463.5,15.46628,"16,033.32",0.00725,0.00311,863.25940
463.60001,15.46949,"16,033.20",0.00724,0.00306,863.25336
463.70001,15.47285,"16,033.50",0.00722,0.00307,863.26929
463.79999,15.47622,"16,034.73",0.00723,0.00301,863.33557
463.89999,15.47958,"16,035.77",0.00723,0.00296,863.39130
464,15.48287,"16,033.69",0.00723,0.00311,863.27960
464.10001,15.48631,"16,035.47",0.00722,0.00313,863.37555
464.20001,15.48967,"16,037.08",0.00721,0.00312,863.46204
464.29999,15.49281,"16,035.50",0.00721,0.00314,863.37689
464.39999,15.49632,"16,036.96",0.00722,0.00309,863.45532
464.5,15.49969,"16,036.71",0.00724,0.00307,863.44202
464.60001,15.5029,"16,035.65",0.00723,0.003,863.38519
464.70001,15.50634,"16,036.51",0.00721,0.00296,863.43127
464.79999,15.5097,"16,036.95",0.00723,0.00273,863.45490
464.89999,15.51291,"16,036.17",0.00725,0.00268,863.41309
465,15.5162,"16,035.08",0.00726,0.00296,863.35437
465.10001,15.51964,"16,036.38",0.00725,0.0031,863.42413
465.20001,15.52293,"16,037.71",0.00726,0.00308,863.49567
465.29999,15.52622,"16,036.21",0.00724,0.00306,863.41504
465.39999,15.52965,"16,036.20",0.00723,0.00299,863.41467
465.5,15.53294,"16,036.99",0.00722,0.00308,863.45691
465.60001,15.53616,"16,034.88",0.00723,0.00315,863.34381
465.70001,15.53967,"16,036.24",0.00722,0.00315,863.41656
465.79999,15.54296,"16,035.11",0.00725,0.00316,863.35620
465.89999,15.54617,"16,034.14",0.00724,0.00311,863.30396
466,15.54961,"16,036.24",0.00724,0.00306,863.41693
466.10001,15.55305,"16,036.34",0.00724,0.00308,863.42224
466.20001,15.55619,"16,035.09",0.00722,0.00303,863.35468
466.29999,15.55962,"16,035.52",0.00726,0.00299,863.37787
466.39999,15.56299,"16,035.56",0.00724,0.00264,863.38043
466.5,15.5662,"16,035.26",0.00724,0.0027,863.36383
466.60001,15.56956,"16,034.14",0.00723,0.00312,863.30396
466.70001,15.573,"16,033.81",0.00724,0.00309,863.28601
466.79999,15.57629,"16,035.70",0.00724,0.00306,863.38776
466.89999,15.57958,"16,034.22",0.00724,0.00301,863.30798
467,15.58302,"16,035.35",0.0072,0.00293,863.36914
467.10001,15.58631,"16,034.18",0.00721,0.00297,863.30566
467.20001,15.58944,"16,031.49",0.00723,0.00308,863.16113
467.29999,15.59288,"16,033.20",0.00724,0.00313,863.25323
467.39999,15.59632,"16,034.42",0.00723,0.00313,863.31854
467.5,15.59953,"16,033.14",0.00723,0.00311,863.25000
467.60001,15.6029,"16,032.63",0.00726,0.00304,863.22235
467.70001,15.60641,"16,034.38",0.00724,0.00307,863.31683
467.79999,15.60947,"16,033.93",0.00724,0.00306,863.29242
467.89999,15.61291,"16,033.34",0.00725,0.00284,863.26050
468,15.61635,"16,033.64",0.00726,0.00272,863.27698
468.10001,15.61949,"16,033.46",0.00724,0.00282,863.26727
468.20001,15.62285,"16,031.91",0.00725,0.0031,863.18365
468.29999,15.62636,"16,034.21",0.00724,0.0031,863.30762
468.39999,15.62965,"16,034.33",0.00727,0.00307,863.31409
468.5,15.63286,"16,031.05",0.00723,0.00302,863.13757
468.60001,15.63623,"16,032.35",0.00722,0.00296,863.20758
468.70001,15.63959,"16,033.60",0.00722,0.00304,863.27490
468.79999,15.64281,"16,032.23",0.00723,0.00309,863.20087
468.89999,15.64632,"16,032.68",0.00723,0.00317,863.22516
469,15.64975,"16,034.18",0.00722,0.00314,863.30573
469.10001,15.65289,"16,033.57",0.00722,0.00303,863.27319
469.20001,15.65633,"16,033.59",0.00724,0.00305,863.27411
469.29999,15.6597,"16,034.71",0.00722,0.00306,863.33466
469.39999,15.66276,"16,032.50",0.00723,0.00297,863.21564
469.5,15.66627,"16,033.17",0.00724,0.00268,863.25122
469.60001,15.66963,"16,035.18",0.00721,0.00269,863.35986
469.70001,15.67292,"16,034.42",0.00726,0.00276,863.31897
469.79999,15.67629,"16,033.41",0.00723,0.00311,863.26416
469.89999,15.67965,"16,033.60",0.00724,0.0031,863.27454
470,15.68301,"16,035.77",0.00725,0.00307,863.39148
470.10001,15.68615,"16,033.70",0.00724,0.00298,863.27991
470.20001,15.68959,"16,034.71",0.00723,0.003,863.33417
470.29999,15.69303,"16,034.68",0.00723,0.00306,863.33270
470.39999,15.69617,"16,033.93",0.00725,0.00312,863.29254
470.5,15.69968,"16,035.03",0.00723,0.00314,863.35162
470.60001,15.70304,"16,035.94",0.00724,0.00315,863.40088
470.70001,15.70618,"16,033.57",0.00725,0.00308,863.27301
470.79999,15.70962,"16,033.13",0.00722,0.00306,863.24908
470.89999,15.71291,"16,034.11",0.00722,0.00301,863.30188
471,15.71627,"16,033.95",0.00724,0.00276,863.29333
471.10001,15.71956,"16,032.33",0.00725,0.00269,863.20618
471.20001,15.72292,"16,032.45",0.00725,0.00273,863.21259
471.29999,15.72636,"16,033.37",0.00725,0.00276,863.26245
471.39999,15.7295,"16,030.93",0.00725,0.00312,863.13080
471.5,15.73294,"16,029.98",0.00724,0.00306,863.07959
471.60001,15.7363,"16,029.75",0.00722,0.00299,863.06708
471.70001,15.73944,"16,028.15",0.00725,0.00293,862.98126
471.79999,15.74295,"16,028.87",0.00721,0.00297,863.01978
471.89999,15.74639,"16,029.30",0.00724,0.00313,863.04340
472,15.7496,"16,026.18",0.00722,0.00314,862.87518
472.10001,15.75297,"16,025.26",0.00723,0.00316,862.82538
472.20001,15.75626,"16,024.64",0.00721,0.00306,862.79199
472.29999,15.75954,"16,023.65",0.00722,0.00308,862.73889
472.39999,15.76291,"16,021.84",0.00721,0.00305,862.64130
472.5,15.76627,"16,021.08",0.00722,0.00289,862.60065
472.60001,15.76963,"16,021.73",0.00721,0.00266,862.63580
472.70001,15.77285,"16,019.23",0.00723,0.00267,862.50073
472.79999,15.77628,"16,019.25",0.00722,0.00271,862.50226
472.89999,15.77965,"16,019.19",0.00725,0.00314,862.49884
473,15.78279,"16,015.45",0.00724,0.00306,862.29730
473.10001,15.7863,"16,016.94",0.00726,0.00309,862.37744
473.20001,15.78974,"16,016.61",0.00722,0.00299,862.36011
473.29999,15.79288,"16,014.63",0.00723,0.00296,862.25317
473.39999,15.79632,"16,014.15",0.00725,0.00314,862.22723
473.5,15.79968,"16,013.94",0.00725,0.00313,862.21637
473.60001,15.80289,"16,012.74",0.00725,0.00316,862.15143
473.70001,15.80618,"16,010.43",0.00723,0.0032,862.02692
473.79999,15.80954,"16,009.14",0.00725,0.00311,861.95764
473.89999,15.81298,"16,010.91",0.00725,0.00304,862.05292
474,15.81619,"16,008.09",0.00726,0.00304,861.90112
474.10001,15.81963,"16,008.58",0.00726,0.003,861.92773
474.20001,15.82307,"16,009.33",0.00724,0.00271,861.96771
474.29999,15.82613,"16,004.86",0.00723,0.00276,861.72711
474.39999,15.82965,"16,005.95",0.00723,0.00294,861.78601
474.5,15.83293,"16,005.92",0.00726,0.00313,861.78406
474.60001,15.83615,"16,003.33",0.00725,0.00303,861.64514
474.70001,15.83966,"16,003.12",0.00724,0.00301,861.63342
474.79999,15.84302,"16,002.16",0.00723,0.00293,861.58185
474.89999,15.84624,"16,001.89",0.00721,0.00303,861.56750
475,15.8496,"15,999.97",0.00722,0.00317,861.46375
475.10001,15.85297,"15,998.62",0.00724,0.00316,861.39111
475.20001,15.85625,"15,998.87",0.00722,0.00309,861.40460
475.29999,15.85954,"15,996.78",0.00723,0.00307,861.29193
475.39999,15.86298,"15,997.63",0.00724,0.00307,861.33777
475.5,15.86627,"15,995.95",0.00723,0.00304,861.24744
475.60001,15.86956,"15,991.81",0.00722,0.00302,861.02460
475.70001,15.87299,"15,993.32",0.0072,0.00268,861.10583
475.79999,15.87628,"15,992.75",0.00723,0.00272,861.07501
475.89999,15.8795,"15,989.54",0.00723,0.00274,860.90247
476,15.88293,"15,989.29",0.00724,0.00311,860.88873
476.10001,15.88637,"15,988.98",0.00722,0.00307,860.87201
476.20001,15.88959,"15,987.10",0.00723,0.00304,860.77081
476.29999,15.89287,"15,985.44",0.00724,0.00303,860.68176
476.39999,15.89631,"15,985.16",0.00725,0.00298,860.66663
476.5,15.89953,"15,983.39",0.00723,0.00308,860.57129
476.60001,15.90289,"15,979.97",0.00726,0.0031,860.38702
476.70001,15.90633,"15,981.41",0.00722,0.00314,860.46478
476.79999,15.90954,"15,980.41",0.00723,0.00317,860.41058
476.89999,15.9129,"15,977.81",0.00722,0.00302,860.27094
477,15.91634,"15,977.28",0.00721,0.00304,860.24237
477.10001,15.91963,"15,976.25",0.00723,0.00304,860.18665
477.20001,15.92284,"15,973.55",0.00724,0.0028,860.04156
477.29999,15.92621,"15,973.25",0.00723,0.00271,860.02551
477.39999,15.92964,"15,971.99",0.00724,0.00274,859.95770
477.5,15.93286,"15,969.89",0.00722,0.00285,859.84442
477.60001,15.9363,"15,968.84",0.00725,0.00309,859.78772
477.70001,15.93981,"15,968.55",0.00724,0.00307,859.77216
477.79999,15.94287,"15,965.19",0.00725,0.00295,859.59137
477.89999,15.94624,"15,962.37",0.00721,0.00295,859.43970
478,15.94967,"15,961.80",0.00723,0.00295,859.40906
478.10001,15.95281,"15,960.47",0.00722,0.00311,859.33704
478.20001,15.95625,"15,957.70",0.00723,0.00312,859.18811
478.29999,15.95961,"15,957.23",0.00723,0.00317,859.16266
478.39999,15.96298,"15,955.19",0.00721,0.00304,859.05280
478.5,15.96619,"15,952.32",0.00721,0.00303,858.89838
478.60001,15.96955,"15,951.89",0.00719,0.00302,858.87537
478.70001,15.97299,"15,950.92",0.00719,0.00262,858.82294
478.79999,15.97613,"15,947.38",0.00719,0.00263,858.63251
478.89999,15.97964,"15,947.87",0.00721,0.00269,858.65894
479,15.98308,"15,948.70",0.0072,0.00278,858.70343
479.10001,15.98615,"15,945.66",0.00722,0.00304,858.53961
479.20001,15.98966,"15,944.39",0.00723,0.00311,858.47150
479.29999,15.99302,"15,943.96",0.0072,0.00305,858.44849
479.39999,15.99616,"15,943.43",0.00722,0.00288,858.41986
479.5,15.9996,"15,941.81",0.0072,0.00289,858.33252
479.60001,16.00296,"15,941.03",0.00721,0.00314,858.29071
479.70001,16.00625,"15,940.38",0.00718,0.00316,858.25531
479.79999,16.00961,"15,938.20",0.00721,0.00313,858.13837
479.89999,16.01298,"15,938.78",0.0072,0.00312,858.16913
480,16.01634,"15,938.69",0.00722,0.00306,858.16431
480.10001,16.01948,"15,935.57",0.00722,0.00302,857.99640
480.20001,16.02292,"15,934.94",0.00722,0.00303,857.96252
480.29999,16.02636,"15,935.35",0.0072,0.00281,857.98474
480.39999,16.02949,"15,934.13",0.00722,0.00269,857.91882
480.5,16.03301,"15,934.74",0.00722,0.00276,857.95209
480.60001,16.03637,"15,933.06",0.00725,0.00279,857.86121
480.70001,16.03951,"15,931.65",0.00721,0.00305,857.78540
480.79999,16.04295,"15,931.75",0.00723,0.00305,857.79108
480.89999,16.04624,"15,931.91",0.0072,0.00302,857.79962
481,16.04952,"15,931.00",0.00722,0.003,857.75037
481.10001,16.05289,"15,929.48",0.00717,0.00304,857.66840
481.20001,16.05625,"15,929.86",0.00718,0.00313,857.68927
481.29999,16.05969,"15,931.63",0.00719,0.00311,857.78455
481.39999,16.06283,"15,927.82",0.0072,0.00315,857.57904
481.5,16.06627,"15,927.42",0.00718,0.00307,857.55756
481.60001,16.0697,"15,928.74",0.0072,0.00303,857.62903
481.70001,16.07277,"15,925.56",0.00721,0.00303,857.45764
481.79999,16.07635,"15,927.37",0.0072,0.00276,857.55493
481.89999,16.07972,"15,925.38",0.00721,0.0028,857.44769
482,16.08293,"15,923.42",0.00721,0.00267,857.34259
482.10001,16.08637,"15,924.13",0.00721,0.00277,857.38055
482.20001,16.08966,"15,923.31",0.00719,0.0031,857.33630
482.29999,16.09295,"15,922.67",0.0072,0.00305,857.30225
482.39999,16.09616,"15,920.25",0.00722,0.00296,857.17181
482.5,16.0996,"15,919.82",0.00719,0.00293,857.14862
482.60001,16.10303,"15,921.41",0.00719,0.00295,857.23425
482.70001,16.10617,"15,917.89",0.00717,0.0031,857.04480
482.79999,16.10961,"15,918.72",0.00718,0.00312,857.08960
482.89999,16.11297,"15,919.38",0.00717,0.00315,857.12457
483,16.11611,"15,916.08",0.00719,0.00309,856.94727
483.10001,16.11963,"15,918.20",0.00722,0.00299,857.06152
483.20001,16.12306,"15,916.54",0.0072,0.00299,856.97217
483.29999,16.1262,"15,913.39",0.00719,0.00286,856.80249
483.39999,16.12964,"15,913.58",0.00715,0.00267,856.81250
483.5,16.13301,"15,913.00",0.00717,0.00265,856.78107
483.60001,16.13622,"15,911.61",0.00718,0.00273,856.70648
483.70001,16.13951,"15,909.87",0.00718,0.0029,856.61304
483.79999,16.14294,"15,908.20",0.0072,0.00304,856.52264
483.89999,16.14631,"15,909.82",0.00719,0.00304,856.60999
484,16.14952,"15,906.86",0.00722,0.00298,856.45093
484.10001,16.15303,"15,907.39",0.00721,0.00293,856.47937
484.20001,16.15632,"15,906.44",0.00713,0.00295,856.42792
484.29999,16.15946,"15,902.88",0.0072,0.00308,856.23633
484.39999,16.16297,"15,904.38",0.00719,0.00306,856.31732
484.5,16.16634,"15,903.58",0.0072,0.0031,856.27441
484.60001,16.16948,"15,899.89",0.00718,0.00301,856.07544
484.70001,16.17299,"15,899.98",0.00718,0.00302,856.08008
484.79999,16.17643,"15,899.42",0.00717,0.003,856.05005
484.89999,16.17957,"15,898.99",0.00719,0.00269,856.02704
485,16.18293,"15,896.88",0.00719,0.0026,855.91364
485.10001,16.18629,"15,897.02",0.00719,0.00265,855.92084
485.20001,16.1895,"15,895.66",0.00721,0.00283,855.84790
485.29999,16.19287,"15,893.53",0.00721,0.00304,855.73309
485.39999,16.19638,"15,894.31",0.00715,0.00299,855.77521
485.5,16.19959,"15,892.91",0.00719,0.003,855.69989
485.60001,16.20288,"15,890.28",0.00718,0.00296,855.55780
485.70001,16.20632,"15,892.03",0.00718,0.00296,855.65240
485.79999,16.20961,"15,890.30",0.00714,0.00306,855.55896
485.89999,16.21282,"15,887.22",0.00717,0.00311,855.39349
486,16.21626,"15,886.18",0.00718,0.00312,855.33728
486.10001,16.2197,"15,886.95",0.00718,0.00309,855.37897
486.20001,16.22291,"15,885.16",0.00718,0.00296,855.28259
486.29999,16.22627,"15,883.97",0.00717,0.003,855.21826
486.39999,16.22971,"15,883.07",0.00718,0.003,855.16992
486.5,16.23285,"15,881.13",0.00717,0.00266,855.06525
486.60001,16.23622,"15,880.04",0.00717,0.00265,855.00696
486.70001,16.23965,"15,881.08",0.00719,0.0027,855.06293
486.79999,16.24287,"15,878.81",0.00717,0.00282,854.94061
486.89999,16.24623,"15,876.36",0.0072,0.00303,854.80859
487,16.24967,"15,877.63",0.00715,0.00296,854.87671
487.10001,16.25296,"15,877.47",0.00717,0.00294,854.86841
487.20001,16.25617,"15,873.98",0.00719,0.00287,854.68042
487.29999,16.25953,"15,874.00",0.00713,0.0029,854.68158
487.39999,16.26297,"15,873.39",0.00716,0.00314,854.64856
487.5,16.26619,"15,871.97",0.00717,0.00312,854.57214
487.60001,16.26962,"15,872.48",0.00714,0.00309,854.59979
487.70001,16.27306,"15,872.29",0.00711,0.0031,854.58954
487.79999,16.2762,"15,870.20",0.00718,0.003,854.47681
487.89999,16.27964,"15,869.81",0.00717,0.003,854.45575
488,16.283,"15,871.22",0.00717,0.00266,854.53204
488.10001,16.28621,"15,869.99",0.00717,0.00277,854.46582
488.20001,16.28958,"15,868.14",0.00715,0.00269,854.36615
488.29999,16.29294,"15,868.17",0.00718,0.0027,854.36786
488.39999,16.2963,"15,867.72",0.00718,0.00293,854.34326
488.5,16.29959,"15,866.55",0.00718,0.00303,854.28046
488.60001,16.30296,"15,866.05",0.00719,0.00301,854.25348
488.70001,16.30632,"15,864.83",0.0072,0.00297,854.18781
488.79999,16.30946,"15,863.47",0.00719,0.0029,854.11475
488.89999,16.31289,"15,863.46",0.00716,0.00305,854.11432
489,16.31633,"15,863.70",0.00717,0.00311,854.12708
489.10001,16.31955,"15,861.63",0.00713,0.00317,854.01532
489.20001,16.32298,"15,861.75",0.00713,0.00315,854.02216
489.29999,16.32635,"15,861.58",0.00712,0.00309,854.01282
489.39999,16.32949,"15,860.62",0.00714,0.00299,853.96124
489.5,16.33292,"15,859.01",0.00718,0.00279,853.87457
489.60001,16.33621,"15,856.87",0.00723,0.00277,853.75934
489.70001,16.33958,"15,857.92",0.00715,0.00273,853.81561
489.79999,16.34286,"15,855.64",0.00718,0.00273,853.69293
489.89999,16.34623,"15,855.34",0.00717,0.00274,853.67694
490,16.34967,"15,854.74",0.00724,0.00308,853.64478
490.10001,16.3528,"15,851.70",0.00721,0.00312,853.48083
490.20001,16.35624,"15,851.92",0.00722,0.00294,853.49274
490.29999,16.35968,"15,852.19",0.00716,0.00295,853.50708
490.39999,16.36282,"15,849.40",0.0072,0.00288,853.35712
490.5,16.36633,"15,849.29",0.00719,0.0031,853.35089
490.60001,16.3697,"15,849.56",0.00714,0.00319,853.36554
490.70001,16.37291,"15,848.05",0.00714,0.00307,853.28448
490.79999,16.37627,"15,846.36",0.00714,0.00311,853.19324
490.89999,16.37956,"15,845.88",0.00718,0.00302,853.16736
491,16.383,"15,846.33",0.00713,0.00283,853.19189
491.10001,16.38629,"15,844.10",0.00717,0.00276,853.07178
491.20001,16.38965,"15,843.28",0.00724,0.00274,853.02771
491.29999,16.39301,"15,844.09",0.0072,0.00268,853.07135
491.39999,16.39615,"15,840.03",0.00721,0.00274,852.85236
491.5,16.39959,"15,839.39",0.00719,0.00294,852.81830
491.60001,16.40295,"15,839.26",0.00723,0.00305,852.81085
491.70001,16.40609,"15,836.16",0.0072,0.00302,852.64441
491.79999,16.40961,"15,836.57",0.00722,0.00298,852.66602
491.89999,16.41304,"15,836.86",0.00719,0.00293,852.68158
492,16.41626,"15,835.04",0.0072,0.00312,852.58374
492.10001,16.41962,"15,834.30",0.00717,0.00314,852.54419
492.20001,16.42298,"15,833.65",0.00716,0.00314,852.50897
492.29999,16.42627,"15,834.36",0.00716,0.00313,852.54742
492.39999,16.42956,"15,832.22",0.00713,0.00306,852.43182
492.5,16.43292,"15,832.30",0.0072,0.00305,852.43622
492.60001,16.43636,"15,833.66",0.00716,0.00286,852.50977
492.70001,16.4395,"15,830.77",0.00713,0.00276,852.35388
492.79999,16.44301,"15,832.00",0.00725,0.00283,852.42010
492.89999,16.44638,"15,833.36",0.00724,0.00291,852.49341
493,16.44944,"15,829.50",0.00723,0.00288,852.28583
493.10001,16.45295,"15,831.15",0.00721,0.00311,852.37415
493.20001,16.45639,"15,830.48",0.00722,0.00316,852.33856
493.29999,16.45953,"15,829.60",0.0072,0.00307,852.29102
493.39999,16.46297,"15,829.66",0.00718,0.00302,852.29407
493.5,16.46641,"15,829.27",0.0072,0.00294,852.27301
493.60001,16.46954,"15,827.69",0.00717,0.00305,852.18799
493.70001,16.47283,"15,826.31",0.00719,0.00315,852.11407
493.79999,16.47627,"15,826.90",0.00711,0.00319,852.14581
493.89999,16.47956,"15,826.69",0.00711,0.00316,852.13403
494,16.48285,"15,823.39",0.00712,0.003,851.95648
494.10001,16.48636,"15,825.28",0.00712,0.00288,852.05835
494.20001,16.48965,"15,824.98",0.00716,0.00285,852.04242
494.29999,16.49286,"15,823.36",0.00715,0.00279,851.95477
494.39999,16.4963,"15,823.86",0.00719,0.00273,851.98206
494.5,16.49959,"15,822.00",0.00722,0.00297,851.88190
494.60001,16.5028,"15,819.75",0.0072,0.00309,851.76044
494.70001,16.50631,"15,820.08",0.00721,0.00318,851.77814
494.79999,16.50975,"15,820.42",0.00722,0.00313,851.79651
494.89999,16.51289,"15,817.96",0.00722,0.00304,851.66443
495,16.51625,"15,815.97",0.00715,0.00305,851.55737
495.10001,16.51969,"15,816.28",0.00712,0.00306,851.57385
495.20001,16.52291,"15,816.14",0.0071,0.00316,851.56628
495.29999,16.52619,"15,813.78",0.00716,0.00318,851.43896
495.39999,16.52963,"15,813.58",0.00715,0.00325,851.42822
495.5,16.53292,"15,813.01",0.00711,0.00319,851.39758
495.60001,16.53621,"15,812.12",0.00712,0.00287,851.34973
495.70001,16.53972,"15,813.15",0.00715,0.00287,851.40521
495.79999,16.54301,"15,811.68",0.00717,0.00286,851.32599
495.89999,16.54615,"15,809.84",0.00719,0.00284,851.22717
496,16.54959,"15,810.42",0.00715,0.00312,851.25830
496.10001,16.55295,"15,811.34",0.00723,0.00292,851.30762
496.20001,16.55616,"15,810.05",0.00717,0.00313,851.23853
496.29999,16.5596,"15,808.67",0.00718,0.00315,851.16400
496.39999,16.56304,"15,809.87",0.0072,0.00312,851.22870
496.5,16.56618,"15,809.99",0.00715,0.00305,851.23523
496.60001,16.56954,"15,808.63",0.00712,0.00302,851.16205
496.70001,16.57298,"15,808.86",0.00711,0.00306,851.17450
496.79999,16.57627,"15,808.73",0.00711,0.00313,851.16724
496.89999,16.57956,"15,808.58",0.00712,0.00323,851.15894
497,16.583,"15,810.07",0.00712,0.00322,851.23938
497.10001,16.58636,"15,809.33",0.00709,0.00307,851.19946
497.20001,16.58957,"15,806.60",0.00713,0.00285,851.05261
497.29999,16.59294,"15,807.52",0.00709,0.00286,851.10193
497.39999,16.5963,"15,807.75",0.00717,0.00289,851.11462
497.5,16.59951,"15,806.01",0.00721,0.00297,851.02094
497.60001,16.60295,"15,805.99",0.00716,0.00304,851.01996
497.70001,16.60639,"15,806.43",0.00723,0.00317,851.04333
497.79999,16.60953,"15,806.44",0.00721,0.00316,851.04425
497.89999,16.61296,"15,804.92",0.00715,0.00317,850.96234
498,16.61625,"15,805.34",0.00715,0.00313,850.98492
498.10001,16.61954,"15,803.35",0.00721,0.00309,850.87750
498.20001,16.6229,"15,803.06",0.00721,0.00296,850.86206
498.29999,16.62627,"15,803.57",0.00715,0.00314,850.88971
498.39999,16.62971,"15,804.04",0.00709,0.0032,850.91486
498.5,16.63292,"15,801.64",0.00707,0.00322,850.78534
498.60001,16.63628,"15,801.59",0.00709,0.00321,850.78296
498.70001,16.63972,"15,802.36",0.0071,0.00313,850.82422
498.79999,16.64278,"15,799.21",0.00712,0.00284,850.65448
498.89999,16.64622,"15,799.28",0.00712,0.00287,850.65845
499,16.64973,"15,799.10",0.00714,0.00283,850.64868
499.10001,16.65287,"15,798.17",0.00714,0.00306,850.59894
499.20001,16.65631,"15,797.76",0.0072,0.00303,850.57648
499.29999,16.65968,"15,797.57",0.00716,0.00317,850.56659
499.39999,16.66289,"15,794.89",0.00717,0.00313,850.42218
499.5,16.66625,"15,793.16",0.00709,0.00314,850.32892
499.60001,16.66954,"15,792.92",0.00715,0.00306,850.31592
499.70001,16.6729,"15,791.98",0.00718,0.00302,850.26526
499.79999,16.67619,"15,789.79",0.00712,0.00308,850.14746
499.89999,16.67956,"15,788.15",0.0071,0.00322,850.05902
500,16.68307,"15,789.61",0.00709,0.0032,850.13757
500.10001,16.68613,"15,786.11",0.00708,0.00318,849.94940
500.20001,16.68957,"15,785.40",0.0071,0.0031,849.91132
500.29999,16.69301,"15,785.09",0.00711,0.00284,849.89459
500.39999,16.69615,"15,781.84",0.00716,0.00292,849.71960
500.5,16.69966,"15,782.76",0.00725,0.00283,849.76898
500.60001,16.70302,"15,782.94",0.00721,0.00286,849.77875
500.70001,16.70624,"15,779.70",0.00716,0.00301,849.60431
500.79999,16.7096,"15,777.89",0.00718,0.00318,849.50659
500.89999,16.71289,"15,777.19",0.00717,0.00317,849.46936
501,16.71633,"15,776.42",0.00715,0.00313,849.42773
501.10001,16.71954,"15,773.13",0.00712,0.00311,849.25024
501.20001,16.7229,"15,771.30",0.00716,0.00307,849.15186
501.29999,16.72642,"15,771.53",0.00715,0.00308,849.16425
501.39999,16.72955,"15,768.31",0.00719,0.00318,848.99127
501.5,16.73299,"15,767.92",0.00704,0.00326,848.96979
501.60001,16.73635,"15,766.47",0.00706,0.00322,848.89209
501.70001,16.73942,"15,761.87",0.00718,0.00317,848.64441
501.79999,16.74301,"15,761.65",0.00715,0.00315,848.63239
501.89999,16.74637,"15,761.05",0.00721,0.00301,848.60022
502,16.74958,"15,757.78",0.00722,0.00289,848.42401
502.10001,16.75295,"15,755.34",0.00722,0.00284,848.29291
502.20001,16.75631,"15,753.84",0.00724,0.00312,848.21216
502.29999,16.75952,"15,753.50",0.00724,0.00302,848.19348
502.39999,16.76281,"15,750.05",0.00725,0.00319,848.00781
502.5,16.76625,"15,749.39",0.00722,0.00318,847.97235
502.60001,16.76961,"15,749.01",0.00722,0.00313,847.95197
502.70001,16.77283,"15,746.26",0.00715,0.00307,847.80383
502.79999,16.77634,"15,747.40",0.00713,0.00308,847.86530
502.89999,16.7797,"15,745.99",0.00705,0.00312,847.78900
503,16.78277,"15,741.84",0.00707,0.0032,847.56573
503.10001,16.78628,"15,742.26",0.00711,0.00323,847.58838
503.20001,16.78964,"15,741.56",0.00711,0.00322,847.55084
503.29999,16.79286,"15,739.53",0.00713,0.00312,847.44147
503.39999,16.7963,"15,737.84",0.00714,0.00299,847.35065
503.5,16.79973,"15,736.88",0.0071,0.00287,847.29852
503.60001,16.80295,"15,736.33",0.00719,0.00285,847.26923
503.70001,16.80623,"15,734.11",0.00719,0.00285,847.14941
503.79999,16.8096,"15,733.54",0.00724,0.00306,847.11908
503.89999,16.81296,"15,732.07",0.00724,0.00306,847.03986
504,16.81618,"15,729.36",0.00722,0.00314,846.89392
504.10001,16.81969,"15,731.65",0.00722,0.00311,847.01715
504.20001,16.82298,"15,730.64",0.00721,0.00309,846.96259
504.29999,16.82619,"15,726.19",0.0072,0.00304,846.72321
504.39999,16.82963,"15,727.20",0.00717,0.003,846.77753
504.5,16.83299,"15,725.90",0.00721,0.00317,846.70764
504.60001,16.83613,"15,724.42",0.00715,0.00321,846.62781
504.70001,16.83957,"15,723.12",0.00711,0.00324,846.55798
504.79999,16.843,"15,722.71",0.00714,0.00316,846.53564
504.89999,16.84622,"15,722.33",0.00722,0.00308,846.51514
505,16.84958,"15,721.02",0.00719,0.00302,846.44458
505.10001,16.85302,"15,721.48",0.0072,0.00282,846.46942
505.20001,16.85623,"15,720.08",0.00714,0.00292,846.39398
505.29999,16.85952,"15,715.94",0.00721,0.00307,846.17133
505.39999,16.86303,"15,718.11",0.00722,0.003,846.28833
505.5,16.86632,"15,717.50",0.00722,0.00314,846.25519
505.60001,16.86961,"15,714.93",0.0072,0.00311,846.11700
505.70001,16.87297,"15,713.88",0.00711,0.00307,846.06055
505.79999,16.87634,"15,711.26",0.00709,0.00306,845.91949
505.89999,16.87955,"15,709.41",0.00717,0.00304,845.81982
506,16.88291,"15,709.02",0.00715,0.00308,845.79852
506.10001,16.88628,"15,707.62",0.00714,0.00321,845.72314
506.20001,16.88949,"15,705.65",0.00716,0.00319,845.61707
506.29999,16.89293,"15,703.95",0.00715,0.00318,845.52570
506.39999,16.89637,"15,704.35",0.00719,0.0031,845.54730
506.5,16.89958,"15,701.79",0.00717,0.00313,845.40930
506.60001,16.90287,"15,697.46",0.00719,0.0028,845.17651
506.70001,16.90623,"15,698.58",0.00717,0.00293,845.23645
506.79999,16.90952,"15,696.54",0.00716,0.00287,845.12659
506.89999,16.91288,"15,694.02",0.00717,0.00303,844.99115
507,16.91625,"15,692.33",0.00718,0.00303,844.90039
507.10001,16.91969,"15,691.52",0.00719,0.00311,844.85626
507.20001,16.9229,"15,689.52",0.00717,0.0031,844.74884
507.29999,16.92626,"15,688.13",0.00717,0.00305,844.67383
507.39999,16.9297,"15,686.68",0.00717,0.00302,844.59583
507.5,16.93284,"15,683.31",0.00715,0.00309,844.41437
507.60001,16.93628,"15,681.93",0.00715,0.00317,844.34009
507.70001,16.93971,"15,682.37",0.00717,0.00327,844.36383
507.79999,16.94293,"15,680.69",0.00714,0.0032,844.27319
507.89999,16.94629,"15,677.73",0.00716,0.0031,844.11401
508,16.94965,"15,676.94",0.00714,0.00311,844.07129
508.10001,16.95287,"15,675.42",0.00715,0.00298,843.98987
508.20001,16.95623,"15,672.86",0.00715,0.00288,843.85193
508.29999,16.95959,"15,671.74",0.00715,0.00298,843.79150
508.39999,16.96303,"15,671.15",0.00714,0.00294,843.75989
508.5,16.96625,"15,668.70",0.00716,0.00308,843.62787
508.60001,16.96961,"15,667.23",0.00717,0.00311,843.54852
508.70001,16.97312,"15,666.79",0.00718,0.0031,843.52515
508.79999,16.97611,"15,662.52",0.00714,0.00308,843.29504
508.89999,16.97962,"15,660.81",0.00718,0.00309,843.20306
509,16.98306,"15,660.88",0.00717,0.00297,843.20654
509.10001,16.9862,"15,657.88",0.00715,0.00315,843.04498
509.20001,16.98964,"15,654.01",0.00711,0.00316,842.83710
509.29999,16.993,"15,653.83",0.00716,0.00316,842.82733
509.39999,16.99622,"15,651.86",0.00717,0.00318,842.72095
509.5,16.99958,"15,648.76",0.00716,0.00311,842.55438
509.60001,17.00287,"15,647.22",0.00714,0.00309,842.47125
509.70001,17.00623,"15,646.66",0.00716,0.00283,842.44116
509.79999,17.00952,"15,642.35",0.00714,0.00294,842.20929
509.89999,17.01295,"15,643.28",0.00717,0.003,842.25934
510,17.01647,"15,642.63",0.00715,0.003,842.22406
510.10001,17.01953,"15,638.70",0.00717,0.00317,842.01263
510.20001,17.0229,"15,635.95",0.00716,0.00309,841.86450
510.29999,17.02633,"15,635.14",0.00717,0.00308,841.82080
510.39999,17.02947,"15,633.10",0.00716,0.00306,841.71088
510.5,17.03299,"15,632.25",0.00716,0.00304,841.66510
510.60001,17.03635,"15,631.05",0.00716,0.00298,841.60071
510.70001,17.03964,"15,629.02",0.00716,0.00309,841.49115
510.79999,17.04292,"15,627.36",0.00714,0.00316,841.40222
510.89999,17.04629,"15,626.41",0.00715,0.00315,841.35107
511,17.04965,"15,625.24",0.00714,0.0031,841.28772
511.10001,17.05279,"15,621.25",0.00714,0.00308,841.07312
511.20001,17.0563,"15,621.59",0.00715,0.00285,841.09143
511.29999,17.05967,"15,620.85",0.00715,0.00283,841.05145
511.39999,17.06281,"15,617.61",0.00715,0.00293,840.87726
511.5,17.06632,"15,617.91",0.00715,0.00291,840.89325
511.60001,17.06968,"15,618.04",0.00714,0.00308,840.90045
511.70001,17.07282,"15,615.14",0.00716,0.00309,840.74420
511.79999,17.07633,"15,616.08",0.00714,0.00312,840.79468
511.89999,17.0797,"15,615.36",0.00716,0.00308,840.75604
512,17.08291,"15,613.17",0.00715,0.00301,840.63788
512.09998,17.08627,"15,612.91",0.00716,0.00295,840.62408
512.20001,17.08971,"15,613.02",0.00715,0.00311,840.62994
512.29999,17.09292,"15,613.05",0.00713,0.00315,840.63147
512.40002,17.09614,"15,608.78",0.00713,0.00312,840.40149
512.5,17.09958,"15,609.41",0.00715,0.0031,840.43542
512.59998,17.10301,"15,610.61",0.00714,0.00311,840.50006
512.70001,17.10615,"15,607.61",0.00712,0.00303,840.33844
512.79999,17.10967,"15,607.57",0.00712,0.00284,840.33636
512.90002,17.11303,"15,606.97",0.00715,0.00287,840.30438
513,17.11609,"15,603.56",0.00715,0.00299,840.12079
513.09998,17.11968,"15,605.01",0.00714,0.003,840.19843
513.20001,17.12297,"15,603.41",0.00715,0.00316,840.11230
513.29999,17.12618,"15,600.69",0.00714,0.00308,839.96613
513.40002,17.12962,"15,599.63",0.00715,0.00304,839.90906
513.5,17.13306,"15,600.15",0.00715,0.00304,839.93713
513.59998,17.13627,"15,598.63",0.00713,0.00298,839.85504
513.70001,17.13956,"15,595.48",0.00714,0.00289,839.68536
513.79999,17.14292,"15,594.66",0.00712,0.00309,839.64166
513.90002,17.14629,"15,594.51",0.00713,0.00314,839.63312
514,17.1495,"15,592.06",0.00712,0.00313,839.50140
514.09998,17.15301,"15,593.24",0.00714,0.00307,839.56476
514.20001,17.15638,"15,591.85",0.00712,0.00299,839.49023
514.29999,17.15952,"15,588.42",0.00713,0.00303,839.30518
514.40002,17.16303,"15,589.80",0.00714,0.0028,839.37976
514.5,17.16632,"15,587.96",0.00714,0.00276,839.28076
514.59998,17.16953,"15,585.29",0.00714,0.00304,839.13696
514.70001,17.17289,"15,583.77",0.00712,0.00303,839.05487
514.79999,17.17633,"15,583.81",0.00713,0.00309,839.05713
514.90002,17.17962,"15,583.01",0.00715,0.00301,839.01398
515,17.18298,"15,581.15",0.00714,0.00302,838.91394
515.09998,17.18635,"15,579.25",0.00713,0.00292,838.81195
515.20001,17.18963,"15,579.58",0.00713,0.0029,838.82935
515.29999,17.19285,"15,577.11",0.00712,0.00309,838.69647
515.40002,17.19629,"15,578.08",0.00712,0.00316,838.74896
515.5,17.19957,"15,576.78",0.00711,0.00313,838.67889
515.59998,17.20286,"15,575.00",0.00711,0.00307,838.58313
515.70001,17.2063,"15,576.94",0.00711,0.003,838.68738
515.79999,17.20966,"15,575.78",0.0071,0.00298,838.62506
515.90002,17.21288,"15,573.90",0.00711,0.00293,838.52380
516,17.21617,"15,572.56",0.00711,0.00284,838.45148
516.09998,17.2196,"15,572.82",0.00709,0.00279,838.46570
516.20001,17.22282,"15,572.81",0.0071,0.00299,838.46484
516.29999,17.22626,"15,572.54",0.00712,0.00304,838.45068
516.40002,17.22969,"15,572.73",0.00709,0.00302,838.46051
516.5,17.23291,"15,571.78",0.0071,0.00305,838.40967
516.59998,17.23619,"15,570.11",0.00709,0.00302,838.31976
516.70001,17.23963,"15,571.37",0.00713,0.00294,838.38739
516.79999,17.24292,"15,570.77",0.00711,0.00297,838.35504
516.90002,17.24621,"15,568.00",0.00711,0.00312,838.20618
517,17.24965,"15,568.06",0.00711,0.00307,838.20917
517.09998,17.25309,"15,568.29",0.0071,0.00307,838.22137
517.20001,17.25622,"15,566.28",0.00709,0.00306,838.11340
517.29999,17.25959,"15,565.68",0.00709,0.003,838.08093
517.40002,17.26295,"15,564.57",0.00709,0.00302,838.02112
517.5,17.26616,"15,563.60",0.00707,0.00281,837.96936
517.59998,17.2696,"15,563.29",0.0071,0.00286,837.95258
517.70001,17.27304,"15,563.94",0.00712,0.003,837.98730
517.79999,17.27618,"15,561.51",0.0071,0.00311,837.85645
517.90002,17.27962,"15,559.90",0.00707,0.00303,837.77002
518,17.28298,"15,560.79",0.0071,0.00302,837.81769
518.09998,17.28627,"15,559.80",0.00708,0.00301,837.76428
518.20001,17.28956,"15,557.21",0.0071,0.00298,837.62518
518.29999,17.29285,"15,557.58",0.00708,0.00298,837.64484
518.40002,17.29636,"15,558.26",0.00708,0.0031,837.68146
518.5,17.29957,"15,556.61",0.00708,0.00301,837.59265
518.59998,17.30294,"15,556.39",0.00709,0.00312,837.58075
518.70001,17.30645,"15,556.32",0.00709,0.00309,837.57697
518.79999,17.30951,"15,554.21",0.00706,0.00301,837.46362
518.90002,17.31295,"15,554.19",0.00709,0.00298,837.46228
519,17.31639,"15,555.17",0.00707,0.00299,837.51538
519.09998,17.31953,"15,552.24",0.00708,0.00284,837.35742
519.20001,17.32297,"15,550.26",0.00708,0.00284,837.25092
519.29999,17.32633,"15,552.12",0.00707,0.00281,837.35101
519.40002,17.32962,"15,551.32",0.00705,0.00308,837.30774
519.5,17.33291,"15,549.34",0.00707,0.00304,837.20111
519.59998,17.33619,"15,547.47",0.00708,0.00303,837.10052
519.70001,17.33963,"15,548.95",0.00705,0.00302,837.18042
519.79999,17.34285,"15,546.93",0.00708,0.00295,837.07153
519.90002,17.34628,"15,547.10",0.00709,0.00296,837.08069
520,17.34972,"15,547.66",0.00706,0.00308,837.11072
520.09998,17.35279,"15,544.17",0.00706,0.00305,836.92310
520.20001,17.3563,"15,545.68",0.00704,0.0031,837.00427
520.29999,17.35966,"15,545.64",0.00703,0.00304,837.00226
520.40002,17.3628,"15,544.13",0.00705,0.00298,836.92078
520.5,17.36631,"15,543.50",0.00705,0.00303,836.88708
520.59998,17.36968,"15,543.59",0.00704,0.00292,836.89160
520.70001,17.37296,"15,544.08",0.00706,0.00283,836.91803
520.79999,17.37633,"15,542.74",0.00706,0.00287,836.84619
520.90002,17.37969,"15,541.90",0.00704,0.0031,836.80090
521,17.38298,"15,540.54",0.00703,0.00308,836.72748
521.09998,17.38612,"15,539.13",0.00707,0.00309,836.65137
521.20001,17.38963,"15,540.04",0.00708,0.00301,836.70056
521.29999,17.39299,"15,540.90",0.00708,0.00297,836.74670
521.40002,17.39613,"15,536.76",0.00705,0.00291,836.52411
521.5,17.39972,"15,537.63",0.00706,0.0029,836.57098
521.59998,17.40301,"15,537.60",0.00702,0.00303,836.56927
521.70001,17.40607,"15,534.59",0.00706,0.00307,836.40692
521.79999,17.40966,"15,535.15",0.00704,0.00307,836.43732
521.90002,17.41295,"15,534.78",0.00705,0.00299,836.41736
522,17.41624,"15,534.43",0.00703,0.00302,836.39850
522.09998,17.4196,"15,534.41",0.00704,0.00304,836.39752
522.20001,17.42296,"15,533.85",0.00703,0.00285,836.36743
522.29999,17.42625,"15,533.57",0.00703,0.0028,836.35229
522.40002,17.42954,"15,532.19",0.00703,0.00281,836.27808
522.5,17.4329,"15,533.18",0.00703,0.00309,836.33130
522.59998,17.43627,"15,534.00",0.00704,0.00307,836.37549
522.70001,17.43948,"15,530.62",0.00704,0.00308,836.19324
522.79999,17.44299,"15,532.29",0.00703,0.00301,836.28326
522.90002,17.44636,"15,533.41",0.00703,0.00294,836.34381
523,17.44957,"15,531.24",0.00705,0.00289,836.22656
523.09998,17.45301,"15,531.43",0.00705,0.00314,836.23706
523.20001,17.4563,"15,529.61",0.00703,0.00306,836.13892
523.29999,17.45951,"15,529.64",0.00704,0.00315,836.14087
523.40002,17.46295,"15,529.27",0.00701,0.0031,836.12079
523.5,17.46631,"15,528.68",0.00705,0.00302,836.08875
523.59998,17.4696,"15,528.74",0.00703,0.00304,836.09235
523.70001,17.47296,"15,525.97",0.00702,0.00299,835.94287
523.79999,17.47625,"15,526.60",0.00701,0.00285,835.97705
523.90002,17.47961,"15,526.88",0.00702,0.00278,835.99225
524,17.48283,"15,523.67",0.00701,0.00303,835.81927
524.09998,17.48627,"15,524.49",0.00702,0.00312,835.86322
524.20001,17.48963,"15,525.37",0.00704,0.00311,835.91052
524.29999,17.49284,"15,523.01",0.00703,0.00305,835.78375
524.40002,17.49628,"15,524.33",0.00705,0.00302,835.85486
524.5,17.49964,"15,523.09",0.00704,0.00295,835.78802
524.59998,17.50286,"15,521.12",0.00705,0.00297,835.68188
524.70001,17.50622,"15,520.58",0.00703,0.00308,835.65265
524.79999,17.50958,"15,519.33",0.00704,0.00313,835.58545
524.90002,17.51287,"15,518.71",0.00703,0.0031,835.55231
525,17.51624,"15,515.36",0.00701,0.00308,835.37170
525.09998,17.51975,"15,516.03",0.00699,0.00302,835.40790
525.20001,17.52296,"15,515.24",0.00701,0.00308,835.36511
525.29999,17.52617,"15,510.86",0.00701,0.00296,835.12958
525.40002,17.52961,"15,511.78",0.00702,0.00285,835.17896
525.5,17.53298,"15,510.66",0.00701,0.00281,835.11871
525.59998,17.53619,"15,508.06",0.00701,0.00307,834.97894
525.70001,17.53963,"15,508.77",0.00702,0.00309,835.01697
525.79999,17.54306,"15,507.86",0.00703,0.00313,834.96777
525.90002,17.54621,"15,505.04",0.00701,0.00304,834.81635
526,17.54957,"15,503.97",0.00701,0.00298,834.75836
526.09998,17.55301,"15,502.84",0.00701,0.0029,834.69745
526.20001,17.55622,"15,501.75",0.00702,0.00297,834.63879
526.29999,17.55951,"15,499.05",0.00701,0.00308,834.49365
526.40002,17.56302,"15,498.85",0.00702,0.00313,834.48285
526.5,17.56623,"15,497.05",0.00701,0.00315,834.38611
526.59998,17.5696,"15,495.00",0.007,0.00306,834.27551
526.70001,17.57296,"15,494.31",0.00699,0.00308,834.23859
526.79999,17.57625,"15,492.20",0.00698,0.00305,834.12488
526.90002,17.57954,"15,490.27",0.00702,0.00285,834.02081
527,17.5829,"15,490.34",0.00701,0.00283,834.02454
527.09998,17.58634,"15,488.76",0.00701,0.00301,833.93951
527.20001,17.58955,"15,486.46",0.00701,0.00311,833.81567
527.29999,17.59291,"15,485.50",0.00701,0.00305,833.76410
527.40002,17.59635,"15,484.75",0.00699,0.00306,833.72394
527.5,17.59949,"15,482.10",0.00701,0.00301,833.58087
527.59998,17.60293,"15,479.62",0.00703,0.00292,833.44739
527.70001,17.60637,"15,479.88",0.00702,0.00293,833.46155
527.79999,17.60951,"15,478.15",0.007,0.00302,833.36816
527.90002,17.61294,"15,475.49",0.00699,0.0031,833.22534
528,17.61638,"15,476.38",0.007,0.00311,833.27301
528.09998,17.61959,"15,473.72",0.00699,0.00307,833.12988
528.20001,17.62288,"15,470.06",0.007,0.00307,832.93274
528.29999,17.62625,"15,470.71",0.007,0.00307,832.96777
528.40002,17.62968,"15,469.96",0.00699,0.003,832.92749
528.5,17.6329,"15,466.81",0.00699,0.00285,832.75757
528.59998,17.63626,"15,465.86",0.007,0.00294,832.70667
528.70001,17.63977,"15,465.79",0.00699,0.00307,832.70270
528.79999,17.64277,"15,462.16",0.00699,0.0031,832.50739
528.90002,17.64628,"15,461.35",0.00701,0.00302,832.46362
529,17.64964,"15,460.38",0.00697,0.00297,832.41174
529.09998,17.65285,"15,458.10",0.007,0.00299,832.28864
529.20001,17.65629,"15,457.47",0.007,0.00292,832.25482
529.29999,17.65965,"15,457.67",0.00702,0.00311,832.26587
529.40002,17.66294,"15,456.76",0.007,0.00307,832.21692
529.5,17.66623,"15,453.87",0.00699,0.0031,832.06104
529.59998,17.66959,"15,453.51",0.007,0.00315,832.04193
529.70001,17.67296,"15,453.57",0.00701,0.00308,832.04468
529.79999,17.67617,"15,451.06",0.00697,0.00307,831.90985
529.90002,17.67961,"15,450.26",0.00698,0.00306,831.86670
530,17.68312,"15,451.22",0.00699,0.00286,831.91821
530.09998,17.68619,"15,447.83",0.00698,0.00285,831.73590
530.20001,17.6897,"15,448.07",0.00699,0.00288,831.74884
530.29999,17.69299,"15,446.63",0.00699,0.00307,831.67151
530.40002,17.69613,"15,443.92",0.00699,0.00304,831.52515
530.5,17.69964,"15,445.02",0.00699,0.00302,831.58472
530.59998,17.703,"15,444.58",0.00699,0.00295,831.56079
530.70001,17.70621,"15,443.67",0.00698,0.00292,831.51160
530.79999,17.70958,"15,441.89",0.00699,0.00295,831.41626
530.90002,17.71294,"15,441.60",0.007,0.00309,831.40045
531,17.7163,"15,441.33",0.00697,0.00308,831.38611
531.09998,17.71952,"15,438.71",0.00699,0.00311,831.24506
531.20001,17.72288,"15,438.29",0.00697,0.00308,831.22223
531.29999,17.72632,"15,437.51",0.00699,0.00304,831.18011
531.40002,17.72946,"15,434.26",0.00699,0.003,831.00525
531.5,17.73305,"15,434.82",0.00699,0.0029,831.03552
531.59998,17.73641,"15,433.83",0.00697,0.0028,830.98181
531.70001,17.73947,"15,428.65",0.007,0.00282,830.70331
531.79999,17.74299,"15,428.75",0.00697,0.00294,830.70874
531.90002,17.74627,"15,427.17",0.00697,0.00301,830.62323
532,17.74956,"15,426.14",0.00697,0.00304,830.56787
532.09998,17.75293,"15,423.03",0.00697,0.003,830.40082
532.20001,17.75636,"15,421.61",0.00698,0.00302,830.32410
532.29999,17.75965,"15,421.16",0.007,0.00295,830.29999
532.40002,17.76287,"15,417.83",0.00699,0.00305,830.12054
532.5,17.76623,"15,416.34",0.00697,0.00303,830.04047
532.59998,17.76952,"15,415.23",0.00697,0.00304,829.98077
532.70001,17.77281,"15,411.34",0.00695,0.00307,829.77130
532.79999,17.77632,"15,412.40",0.00694,0.00304,829.82806
532.90002,17.77968,"15,410.57",0.00693,0.00303,829.72955
533,17.7829,"15,407.84",0.00696,0.00304,829.58289
533.09998,17.78626,"15,406.38",0.00696,0.00279,829.50403
533.20001,17.78962,"15,404.17",0.00695,0.00282,829.38507
533.29999,17.79284,"15,401.88",0.00696,0.0029,829.26190
533.40002,17.79627,"15,400.74",0.00695,0.0031,829.20032
533.5,17.79964,"15,398.54",0.00696,0.00304,829.08185
533.59998,17.80293,"15,397.88",0.00694,0.00302,829.04620
533.70001,17.80621,"15,395.82",0.00697,0.0029,828.93573
533.79999,17.80965,"15,395.36",0.00698,0.00287,828.91071
533.90002,17.81294,"15,394.46",0.00698,0.00287,828.86230
534,17.81615,"15,390.72",0.00697,0.00303,828.66101
534.09998,17.81967,"15,391.85",0.00695,0.00309,828.72205
534.20001,17.82303,"15,390.83",0.00696,0.00304,828.66693
534.29999,17.82624,"15,387.64",0.00694,0.00297,828.49524
534.40002,17.82961,"15,385.79",0.00697,0.00299,828.39563
534.5,17.83304,"15,384.64",0.00697,0.00304,828.33368
534.59998,17.83618,"15,383.61",0.00696,0.00285,828.27789
534.70001,17.83955,"15,382.48",0.00694,0.00288,828.21741
534.79999,17.84298,"15,380.15",0.00694,0.00289,828.09210
534.90002,17.8462,"15,378.63",0.00696,0.00301,828.00983
535,17.84956,"15,376.81",0.00695,0.00304,827.91217
535.09998,17.853,"15,377.74",0.00695,0.00304,827.96222
535.20001,17.85629,"15,376.20",0.00696,0.00302,827.87939
535.29999,17.8595,"15,371.81",0.00694,0.00289,827.64294
535.40002,17.86294,"15,372.10",0.00697,0.00286,827.65833
535.5,17.8663,"15,371.32",0.00696,0.00302,827.61664
535.59998,17.86951,"15,368.17",0.00695,0.00303,827.44666
535.70001,17.87295,"15,368.20",0.00695,0.00307,827.44843
535.79999,17.87639,"15,366.54",0.00693,0.00304,827.35925
535.90002,17.87953,"15,365.70",0.00693,0.00303,827.31366
536,17.88289,"15,365.27",0.00697,0.00299,827.29095
536.09998,17.88633,"15,364.04",0.00693,0.00309,827.22455
536.20001,17.88955,"15,362.34",0.00692,0.00282,827.13293
536.29999,17.89291,"15,359.89",0.00695,0.00279,827.00092
536.40002,17.89635,"15,360.38",0.00693,0.00291,827.02759
536.5,17.89956,"15,359.55",0.00695,0.00303,826.98267
536.59998,17.90292,"15,355.72",0.00694,0.00294,826.77667
536.70001,17.90629,"15,356.13",0.00696,0.00296,826.79834
536.79999,17.90965,"15,356.08",0.00693,0.00294,826.79590
536.90002,17.91286,"15,353.63",0.00695,0.00285,826.66394
537,17.91623,"15,353.26",0.00693,0.00282,826.64386
537.09998,17.91966,"15,351.94",0.00694,0.00296,826.57300
537.20001,17.92288,"15,350.44",0.00692,0.00302,826.49225
537.29999,17.92624,"15,350.32",0.00691,0.00309,826.48560
537.40002,17.92975,"15,350.75",0.00693,0.00299,826.50873
537.5,17.93274,"15,348.10",0.00694,0.00303,826.36603
537.59998,17.93618,"15,348.03",0.00695,0.00295,826.36261
537.70001,17.93969,"15,349.76",0.00693,0.00285,826.45538
537.79999,17.94291,"15,348.00",0.00692,0.00278,826.36090
537.90002,17.94627,"15,346.55",0.00692,0.0029,826.28259
538,17.94963,"15,345.11",0.00692,0.00291,826.20526
538.09998,17.95292,"15,345.04",0.00693,0.00298,826.20148
538.20001,17.95621,"15,341.92",0.00691,0.00301,826.03351
538.29999,17.95957,"15,342.23",0.00693,0.00295,826.05023
538.40002,17.96301,"15,341.33",0.00692,0.00292,826.00189
538.5,17.96615,"15,337.93",0.00694,0.00283,825.81885
538.59998,17.96966,"15,338.68",0.00694,0.00297,825.85913
538.70001,17.9731,"15,339.41",0.00693,0.00302,825.89819
538.79999,17.97617,"15,335.45",0.00693,0.00304,825.68536
538.90002,17.9796,"15,333.94",0.00689,0.00295,825.60400
539,17.98297,"15,333.82",0.00692,0.003,825.59717
539.09998,17.9861,"15,333.02",0.00692,0.003,825.55432
539.20001,17.98969,"15,332.13",0.00691,0.0029,825.50623
539.29999,17.99298,"15,331.82",0.00689,0.00283,825.48975
539.40002,17.99627,"15,330.22",0.0069,0.00284,825.40350
539.5,17.99956,"15,328.42",0.00691,0.00283,825.30688
539.59998,18.00292,"15,328.30",0.00692,0.00299,825.30017
539.70001,18.00628,"15,327.61",0.00691,0.00297,825.26276
539.79999,18.00942,"15,323.97",0.00692,0.00292,825.06689
539.90002,18.01294,"15,323.84",0.00691,0.00285,825.06000
540,18.01637,"15,325.35",0.00691,0.00287,825.14160
540.09998,18.01951,"15,321.93",0.00692,0.00279,824.95734
540.20001,18.02303,"15,321.50",0.0069,0.003,824.93384
540.29999,18.02631,"15,320.37",0.00691,0.00304,824.87341
540.40002,18.02953,"15,318.12",0.00692,0.00305,824.75183
540.5,18.03297,"15,317.18",0.0069,0.003,824.70160
540.59998,18.03633,"15,316.63",0.00689,0.00302,824.67206
540.70001,18.03962,"15,314.20",0.0069,0.00297,824.54102
540.79999,18.04298,"15,312.85",0.00688,0.00279,824.46820
540.90002,18.04634,"15,312.80",0.00689,0.00274,824.46576
541,18.04963,"15,311.41",0.00689,0.00291,824.39087
541.09998,18.05285,"15,307.47",0.00688,0.003,824.17871
541.20001,18.05628,"15,307.41",0.00688,0.00298,824.17529
541.29999,18.05965,"15,307.34",0.00688,0.00299,824.17145
541.40002,18.06286,"15,305.34",0.00689,0.00297,824.06378
541.5,18.0663,"15,305.08",0.00691,0.0029,824.05005
541.59998,18.06966,"15,302.76",0.00691,0.0029,823.92505
541.70001,18.07288,"15,300.32",0.0069,0.00301,823.79346
541.79999,18.07631,"15,299.45",0.0069,0.00307,823.74683
541.90002,18.0796,"15,297.63",0.00689,0.00307,823.64905
542,18.08289,"15,295.54",0.00689,0.00306,823.53607
542.09998,18.08625,"15,294.46",0.00689,0.00306,823.47809
542.20001,18.08962,"15,293.60",0.00689,0.00295,823.43213
542.29999,18.09298,"15,292.44",0.00689,0.00284,823.36926
542.40002,18.09619,"15,288.39",0.00687,0.00292,823.15137
542.5,18.09956,"15,287.82",0.00688,0.00284,823.12079
542.59998,18.10299,"15,287.96",0.00689,0.00293,823.12811
542.70001,18.10613,"15,283.86",0.00688,0.00301,822.90729
542.79999,18.10972,"15,285.10",0.00687,0.00299,822.97443
542.90002,18.11301,"15,283.33",0.00689,0.00297,822.87878
543,18.11622,"15,280.00",0.00688,0.00287,822.69940
543.09998,18.11966,"15,279.94",0.00689,0.00286,822.69629
543.20001,18.12295,"15,278.29",0.0069,0.0029,822.60748
543.29999,18.12624,"15,275.66",0.0069,0.003,822.46582
543.40002,18.12953,"15,273.48",0.00688,0.00305,822.34833
543.5,18.13289,"15,272.26",0.00687,0.00305,822.28290
543.59998,18.13633,"15,272.68",0.00686,0.00307,822.30566
543.70001,18.13962,"15,269.35",0.00688,0.003,822.12610
543.79999,18.14298,"15,267.93",0.00687,0.00279,822.04993
543.90002,18.14627,"15,267.74",0.00687,0.00281,822.03925
544,18.14948,"15,263.86",0.00687,0.00282,821.83038
544.09998,18.15299,"15,265.16",0.00687,0.00292,821.90033
544.20001,18.15636,"15,263.61",0.00688,0.00305,821.81714
544.29999,18.1595,"15,259.98",0.00688,0.00294,821.62195
544.40002,18.16301,"15,260.85",0.00687,0.00296,821.66840
544.5,18.16637,"15,259.48",0.00689,0.00296,821.59467
544.59998,18.16958,"15,257.43",0.00688,0.00291,821.48425
544.70001,18.17287,"15,254.92",0.00687,0.0029,821.34955
544.79999,18.17631,"15,252.54",0.00686,0.00303,821.22101
544.90002,18.1796,"15,247.55",0.00687,0.0031,820.95233
545,18.18289,"15,167.87",0.0067,0.00294,816.66223
545.03003,18.18408,"14,843.22",0.00668,0.00288,799.18250
545.03198,18.18416,"14,470.15",0.00668,0.00288,779.09589
545.034,18.18431,"13,929.85",0.00668,0.00288,750.00562
545.03601,18.18438,"13,274.65",0.00668,0.00288,714.72858
545.03802,18.18453,"12,539.24",0.00668,0.00288,675.13257
545.03998,18.18476,"11,739.33",0.00668,0.00288,632.06415
545.04199,18.18491,"10,894.21",0.00668,0.00288,586.56189
545.04401,18.18505,"10,027.40",0.00668,0.00288,539.89142
545.04602,18.18513,"9,156.40",0.00668,0.00288,492.99539
545.04797,18.18528,"8,292.84",0.00668,0.00288,446.49976
